=== RUN   TestAINativePrepareDedupMustNotReuseReadStaleness
[2026/07/13 10:33:25.764 +08:00] [INFO] [store_cache.go:572] ["change store resolve state"] [store=1] [addr=store1] [from=unresolved] [to=resolved] [liveness-state=reachable]
[2026/07/13 10:33:25.764 +08:00] [INFO] [session.go:4163] ["init DDL tables"] [currVer=0] [targetVer=1]
[2026/07/13 10:33:25.765 +08:00] [INFO] [add_column.go:1339] ["Automatically convert BLOB(65535) to MEDIUMBLOB"] [category=ddl]
[2026/07/13 10:33:25.765 +08:00] [INFO] [add_column.go:1339] ["Automatically convert BLOB(65535) to MEDIUMBLOB"] [category=ddl]
[2026/07/13 10:33:25.766 +08:00] [INFO] [add_column.go:1339] ["Automatically convert BLOB(65535) to MEDIUMBLOB"] [category=ddl]
[2026/07/13 10:33:25.766 +08:00] [INFO] [add_column.go:1339] ["Automatically convert BLOB(65535) to MEDIUMBLOB"] [category=ddl]
[2026/07/13 10:33:25.766 +08:00] [INFO] [session.go:4163] ["init DDL tables"] [currVer=0] [targetVer=2]
[2026/07/13 10:33:25.766 +08:00] [INFO] [add_column.go:1339] ["Automatically convert BLOB(65535) to MEDIUMBLOB"] [category=ddl]
[2026/07/13 10:33:25.766 +08:00] [INFO] [session.go:4163] ["init DDL tables"] [currVer=0] [targetVer=3]
[2026/07/13 10:33:25.766 +08:00] [INFO] [session.go:4163] ["init DDL tables"] [currVer=0] [targetVer=4]
[2026/07/13 10:33:25.767 +08:00] [INFO] [tidb.go:103] ["new domain"] [store=cae92ccc-28f9-4a36-992e-c4dd7d4fec32] ["ddl lease"=500ms] ["stats lease"=-1ns]
[2026/07/13 10:33:25.770 +08:00] [WARN] [global_controller.go:237] ["[resource group controller] server does not save config, load config failed"]
[2026/07/13 10:33:25.770 +08:00] [INFO] [global_controller.go:219] ["load resource controller config"] [config="{\"degraded-mode-wait-duration\":\"0s\",\"ltb-max-wait-duration\":\"30s\",\"ltb-token-rpc-max-delay\":\"1s\",\"request-unit\":{\"read-base-cost\":0.125,\"read-per-batch-base-cost\":0.5,\"read-cost-per-byte\":0.0000152587890625,\"write-base-cost\":1,\"write-per-batch-base-cost\":1,\"write-cost-per-byte\":0.0009765625,\"read-cpu-ms-cost\":0.3333333333333333},\"enable-controller-trace-log\":\"false\",\"token-rpc-params\":{\"wait-retry-interval\":\"50ms\",\"wait-retry-times\":20}}"] [ru-config="{\"ReadBaseCost\":0.125,\"ReadPerBatchBaseCost\":0.5,\"ReadBytesCost\":0.0000152587890625,\"WriteBaseCost\":1,\"WritePerBatchBaseCost\":1,\"WriteBytesCost\":0.0009765625,\"CPUMsCost\":0.3333333333333333,\"LTBMaxWaitDuration\":30000000000,\"WaitRetryInterval\":50000000,\"WaitRetryTimes\":20,\"DegradedModeWaitDuration\":0}"] [keyspace-id=4294967295]
[2026/07/13 10:33:25.774 +08:00] [INFO] [loader.go:281] ["full load InfoSchema success"] [mode=auto] [isV2=true] [currentSchemaVersion=0] [neededSchemaVersion=0] ["elapsed time"=4.338167ms]
[2026/07/13 10:33:25.774 +08:00] [INFO] [syncer.go:456] ["full load and reset schema validator"]
[2026/07/13 10:33:25.774 +08:00] [INFO] [ddl.go:883] ["start DDL"] [category=ddl] [ID=ef26fac2-c976-47f8-9f02-9387d0a379a0] [runWorker=true] [jobVersion=v2] [startMode=bootstrap]
[2026/07/13 10:33:25.775 +08:00] [INFO] [ddl.go:858] ["start delRangeManager OK"] [category=ddl] ["is a emulator"=true]
[2026/07/13 10:33:25.775 +08:00] [INFO] [env.go:123] ["the ingest sorted directory"] [category=ddl-ingest] ["data path"=/tmp/tidb/tmp_ddl-4000]
[2026/07/13 10:33:25.775 +08:00] [WARN] [env.go:61] ["initialize environment failed"] [category=ddl-ingest] ["storage limitation"="only support TiKV storage"] ["current storage"=unistore] ["lightning is initialized"=false]
[2026/07/13 10:33:25.775 +08:00] [INFO] [mock.go:88] ["owner manager gets owner"] [ownerKey=/tidb/ddl/fg/owner] [ID=ef26fac2-c976-47f8-9f02-9387d0a379a0]
[2026/07/13 10:33:25.775 +08:00] [INFO] [delete_range.go:172] ["start delRange emulator"] [category=ddl]
[2026/07/13 10:33:25.775 +08:00] [INFO] [wait_group_wrapper.go:141] ["background process started"] [source=domain] [process=loadSchemaInLoop]
[2026/07/13 10:33:25.775 +08:00] [INFO] [wait_group_wrapper.go:141] ["background process started"] [source=domain] [process=mdlCheckLoop]
[2026/07/13 10:33:25.775 +08:00] [INFO] [wait_group_wrapper.go:141] ["background process started"] [source=domain] [process=topNSlowQueryLoop]
[2026/07/13 10:33:25.775 +08:00] [INFO] [wait_group_wrapper.go:141] ["background process started"] [source=domain] [process=infoSyncerKeeper]
[2026/07/13 10:33:25.775 +08:00] [INFO] [wait_group_wrapper.go:141] ["background process started"] [source=domain] [process=globalConfigSyncerKeeper]
[2026/07/13 10:33:25.775 +08:00] [INFO] [wait_group_wrapper.go:141] ["background process started"] [source=domain] [process=runawayRecordFlushLoop]
[2026/07/13 10:33:25.775 +08:00] [INFO] [wait_group_wrapper.go:141] ["background process started"] [source=domain] [process=runawayWatchSyncLoop]
[2026/07/13 10:33:25.775 +08:00] [INFO] [wait_group_wrapper.go:141] ["background process started"] [source=domain] [process=requestUnitsWriterLoop]
[2026/07/13 10:33:25.775 +08:00] [INFO] [wait_group_wrapper.go:141] ["background process started"] [source=domain] [process=topologySyncerKeeper]
[2026/07/13 10:33:25.775 +08:00] [INFO] [wait_group_wrapper.go:141] ["background process started"] [source=domain] [process=closestReplicaReadCheckLoop]
[2026/07/13 10:33:25.775 +08:00] [WARN] [domain.go:942] ["pd / etcd client not provided, won't begin Advancer."]
[2026/07/13 10:33:25.775 +08:00] [INFO] [wait_group_wrapper.go:150] ["background process exited"] [source=domain] [process=requestUnitsWriterLoop]
[2026/07/13 10:33:25.775 +08:00] [INFO] [job_scheduler.go:362] ["get global state and global state change"] [category=ddl] [oldState=false] [currState=false]
[2026/07/13 10:33:25.775 +08:00] [INFO] [job_scheduler.go:374] ["the owner sets owner operator value"] [category=ddl] [ownerOp=none]
[2026/07/13 10:33:25.778 +08:00] [INFO] [session.go:5104] ["CRUCIAL OPERATION"] [conn=0] [schemaVersion=0] [cur_db=mysql] [sql="CREATE DATABASE IF NOT EXISTS `mysql`"] [user=]
[2026/07/13 10:33:25.782 +08:00] [WARN] [global_controller.go:819] ["[resource group controller] resource group name does not exist"] [name=default]
[2026/07/13 10:33:25.782 +08:00] [WARN] [global_controller.go:819] ["[resource group controller] resource group name does not exist"] [name=default]
[2026/07/13 10:33:25.783 +08:00] [WARN] [global_controller.go:819] ["[resource group controller] resource group name does not exist"] [name=default]
[2026/07/13 10:33:25.783 +08:00] [INFO] [job_submitter.go:118] ["add DDL jobs"] [category=ddl] ["batch count"=1] [jobs="ID:3, Type:create schema, State:queueing, SchemaState:none, SchemaID:2, TableID:0, RowCount:0, ArgLen:1, start time: 2026-07-13 10:33:25.782 +0800 CST, Err:<nil>, ErrCount:0, SnapshotVersion:0, Version: v2; "] [fast_create=true]
[2026/07/13 10:33:25.783 +08:00] [INFO] [executor.go:7260] ["DDL job submitted"] [category=ddl] [job="ID:3, Type:create schema, State:queueing, SchemaState:none, SchemaID:2, TableID:0, RowCount:0, ArgLen:1, start time: 2026-07-13 10:33:25.782 +0800 CST, Err:<nil>, ErrCount:0, SnapshotVersion:0, Version: v2"] [query="CREATE DATABASE IF NOT EXISTS `sys`"]
[2026/07/13 10:33:25.784 +08:00] [WARN] [global_controller.go:819] ["[resource group controller] resource group name does not exist"] [name=default]
[2026/07/13 10:33:25.784 +08:00] [WARN] [global_controller.go:819] ["[resource group controller] resource group name does not exist"] [name=default]
[2026/07/13 10:33:25.784 +08:00] [INFO] [job_worker.go:854] ["run one job step"] [category=ddl] [jobID=3] [job="ID:3, Type:create schema, State:queueing, SchemaState:none, SchemaID:2, TableID:0, RowCount:0, ArgLen:0, start time: 2026-07-13 10:33:25.782 +0800 CST, Err:<nil>, ErrCount:0, SnapshotVersion:0, Version: v2"]
[2026/07/13 10:33:25.784 +08:00] [WARN] [global_controller.go:819] ["[resource group controller] resource group name does not exist"] [name=default]
[2026/07/13 10:33:25.785 +08:00] [WARN] [global_controller.go:819] ["[resource group controller] resource group name does not exist"] [name=default]
[2026/07/13 10:33:25.785 +08:00] [WARN] [global_controller.go:819] ["[resource group controller] resource group name does not exist"] [name=default]
[2026/07/13 10:33:25.790 +08:00] [INFO] [loader.go:281] ["full load InfoSchema success"] [mode=auto] [isV2=true] [currentSchemaVersion=0] [neededSchemaVersion=1] ["elapsed time"=4.85075ms]
[2026/07/13 10:33:25.790 +08:00] [INFO] [syncer.go:456] ["full load and reset schema validator"]
[2026/07/13 10:33:25.791 +08:00] [INFO] [syncer.go:258] ["session manager is nil"]
[2026/07/13 10:33:25.791 +08:00] [INFO] [syncer.go:281] ["mdl gets lock, update self version to owner"] [jobID=3] [version=1]
[2026/07/13 10:33:25.792 +08:00] [INFO] [schema_version.go:397] ["wait schema version synced success"] [category=ddl] [ver=1] [checkAssumedSvr=false] ["take time"=6.403583ms] [job="ID:3, Type:create schema, State:done, SchemaState:public, SchemaID:2, TableID:0, RowCount:0, ArgLen:1, start time: 2026-07-13 10:33:25.782 +0800 CST, Err:<nil>, ErrCount:0, SnapshotVersion:0, Version: v2"] [summary="server count: 1"]
[2026/07/13 10:33:25.792 +08:00] [WARN] [global_controller.go:819] ["[resource group controller] resource group name does not exist"] [name=default]
[2026/07/13 10:33:25.792 +08:00] [WARN] [global_controller.go:819] ["[resource group controller] resource group name does not exist"] [name=default]
[2026/07/13 10:33:25.792 +08:00] [WARN] [global_controller.go:819] ["[resource group controller] resource group name does not exist"] [name=default]
[2026/07/13 10:33:25.792 +08:00] [WARN] [global_controller.go:819] ["[resource group controller] resource group name does not exist"] [name=default]
[2026/07/13 10:33:25.792 +08:00] [WARN] [global_controller.go:819] ["[resource group controller] resource group name does not exist"] [name=default]
[2026/07/13 10:33:25.792 +08:00] [INFO] [job_worker.go:447] ["finish DDL job"] [category=ddl] [jobID=3] [job="ID:3, Type:create schema, State:synced, SchemaState:public, SchemaID:2, TableID:0, RowCount:0, ArgLen:0, start time: 2026-07-13 10:33:25.782 +0800 CST, Err:<nil>, ErrCount:0, SnapshotVersion:0, Version: v2"]
[2026/07/13 10:33:25.792 +08:00] [WARN] [global_controller.go:819] ["[resource group controller] resource group name does not exist"] [name=default]
[2026/07/13 10:33:25.793 +08:00] [WARN] [global_controller.go:819] ["[resource group controller] resource group name does not exist"] [name=default]
[2026/07/13 10:33:25.793 +08:00] [WARN] [global_controller.go:819] ["[resource group controller] resource group name does not exist"] [name=default]
[2026/07/13 10:33:25.793 +08:00] [INFO] [executor.go:7380] ["DDL job is finished"] [category=ddl] [jobID=3]
[2026/07/13 10:33:25.793 +08:00] [INFO] [session.go:5104] ["CRUCIAL OPERATION"] [conn=0] [schemaVersion=1] [cur_db=mysql] [sql="CREATE DATABASE IF NOT EXISTS `sys`"] [user=]
[2026/07/13 10:33:25.793 +08:00] [WARN] [global_controller.go:819] ["[resource group controller] resource group name does not exist"] [name=default]
[2026/07/13 10:33:25.794 +08:00] [INFO] [helper.go:189] ["set random timezone for getStmtTimestamp"] [timezone=Local]
[2026/07/13 10:33:25.794 +08:00] [INFO] [executor.go:7545] ["system variable tidb_scatter_region not found, use default value"] [category=ddl]
[2026/07/13 10:33:25.794 +08:00] [WARN] [global_controller.go:819] ["[resource group controller] resource group name does not exist"] [name=default]
[2026/07/13 10:33:25.795 +08:00] [WARN] [global_controller.go:819] ["[resource group controller] resource group name does not exist"] [name=default]
[2026/07/13 10:33:25.795 +08:00] [INFO] [job_submitter.go:118] ["add DDL jobs"] [category=ddl] ["batch count"=1] [jobs="ID:5, Type:create table, State:queueing, SchemaState:none, SchemaID:1, TableID:4, RowCount:0, ArgLen:1, start time: 2026-07-13 10:33:25.794 +0800 CST, Err:<nil>, ErrCount:0, SnapshotVersion:0, Version: v2; "] [fast_create=true]
[2026/07/13 10:33:25.795 +08:00] [INFO] [executor.go:7260] ["DDL job submitted"] [category=ddl] [job="ID:5, Type:create table, State:queueing, SchemaState:none, SchemaID:1, TableID:4, RowCount:0, ArgLen:1, start time: 2026-07-13 10:33:25.794 +0800 CST, Err:<nil>, ErrCount:0, SnapshotVersion:0, Version: v2"] [query="CREATE TABLE IF NOT EXISTS mysql.user (\n\t\tHost\t\t\t\t\tCHAR(255),\n\t\tUser\t\t\t\t\tCHAR(32),\n\t\tauthentication_string\tTEXT,\n\t\tplugin\t\t\t\t\tCHAR(64),\n\t\tSelect_priv\t\t\t\tENUM('N','Y') NOT NULL DEFAULT 'N',\n\t\tInsert_priv\t\t\t\tENUM('N','Y') NOT NULL DEFAULT 'N',\n\t\tUpdate_priv\t\t\t\tENUM('N','Y') NOT NULL DEFAULT 'N',\n\t\tDelete_priv\t\t\t\tENUM('N','Y') NOT NULL DEFAULT 'N',\n\t\tCreate_priv\t\t\t\tENUM('N','Y') NOT NULL DEFAULT 'N',\n\t\tDrop_priv\t\t\t\tENUM('N','Y') NOT NULL DEFAULT 'N',\n\t\tProcess_priv\t\t\tENUM('N','Y') NOT NULL DEFAULT 'N',\n\t\tGrant_priv\t\t\t\tENUM('N','Y') NOT NULL DEFAULT 'N',\n\t\tReferences_priv\t\t\tENUM('N','Y') NOT NULL DEFAULT 'N',\n\t\tAlter_priv\t\t\t\tENUM('N','Y') NOT NULL DEFAULT 'N',\n\t\tShow_db_priv\t\t\tENUM('N','Y') NOT NULL DEFAULT 'N',\n\t\tSuper_priv\t\t\t\tENUM('N','Y') NOT NULL DEFAULT 'N',\n\t\tCreate_tmp_table_priv\tENUM('N','Y') NOT NULL DEFAULT 'N',\n\t\tLock_tables_priv\t\tENUM('N','Y') NOT NULL DEFAULT 'N',\n\t\tExecute_priv\t\t\tENUM('N','Y') NOT NULL DEFAULT 'N',\n\t\tCreate_view_priv\t\tENUM('N','Y') NOT NULL DEFAULT 'N',\n\t\tShow_view_priv\t\t\tENUM('N','Y') NOT NULL DEFAULT 'N',\n\t\tCreate_routine_priv\t\tENUM('N','Y') NOT NULL DEFAULT 'N',\n\t\tAlter_routine_priv\t\tENUM('N','Y') NOT NULL DEFAULT 'N',\n\t\tIndex_priv\t\t\t\tENUM('N','Y') NOT NULL DEFAULT 'N',\n\t\tCreate_user_priv\t\tENUM('N','Y') NOT NULL DEFAULT 'N',\n\t\tEvent_priv\t\t\t\tENUM('N','Y') NOT NULL DEFAULT 'N',\n\t\tRepl_slave_priv\t    \tENUM('N','Y') NOT NULL DEFAULT 'N',\n\t\tRepl_client_priv\t\tENUM('N','Y') NOT NULL DEFAULT 'N',\n\t\tTrigger_priv\t\t\tENUM('N','Y') NOT NULL DEFAULT 'N',\n\t\tCreate_role_priv\t\tENUM('N','Y') NOT NULL DEFAULT 'N',\n\t\tDrop_role_priv\t\t\tENUM('N','Y') NOT NULL DEFAULT 'N',\n\t\tAccount_locked\t\t\tENUM('N','Y') NOT NULL DEFAULT 'N',\n\t\tShutdown_priv\t\t\tENUM('N','Y') NOT NULL DEFAULT 'N',\n\t\tReload_priv\t\t\t\tENUM('N','Y') NOT NULL DEFAULT 'N',\n\t\tFILE_priv\t\t\t\tENUM('N','Y') NOT NULL DEFAULT 'N',\n\t\tConfig_priv\t\t\t\tENUM('N','Y') NOT NULL DEFAULT 'N',\n\t\tCreate_Tablespace_Priv  ENUM('N','Y') NOT NULL DEFAULT 'N',\n\t\tPassword_reuse_history  smallint unsigned DEFAULT NULL,\n\t\tPassword_reuse_time     smallint unsigned DEFAULT NULL,\n\t\tUser_attributes\t\t\tjson,\n\t\tToken_issuer\t\t\tVARCHAR(255),\n\t\tPassword_expired\t\tENUM('N','Y') NOT NULL DEFAULT 'N',\n\t\tPassword_last_changed\tTIMESTAMP DEFAULT CURRENT_TIMESTAMP(),\n\t\tPassword_lifetime\t\tSMALLINT UNSIGNED DEFAULT NULL,\n\t\tMax_user_connections \tINT UNSIGNED NOT NULL DEFAULT 0,\n\t\tPRIMARY KEY (Host, User),\n\t\tKEY i_user (User));"]
[2026/07/13 10:33:25.796 +08:00] [WARN] [global_controller.go:819] ["[resource group controller] resource group name does not exist"] [name=default]
[2026/07/13 10:33:25.796 +08:00] [WARN] [global_controller.go:819] ["[resource group controller] resource group name does not exist"] [name=default]
[2026/07/13 10:33:25.796 +08:00] [INFO] [job_worker.go:854] ["run one job step"] [category=ddl] [jobID=5] [job="ID:5, Type:create table, State:queueing, SchemaState:none, SchemaID:1, TableID:4, RowCount:0, ArgLen:0, start time: 2026-07-13 10:33:25.794 +0800 CST, Err:<nil>, ErrCount:0, SnapshotVersion:0, Version: v2"]
[2026/07/13 10:33:25.796 +08:00] [WARN] [global_controller.go:819] ["[resource group controller] resource group name does not exist"] [name=default]
[2026/07/13 10:33:25.796 +08:00] [WARN] [global_controller.go:819] ["[resource group controller] resource group name does not exist"] [name=default]
[2026/07/13 10:33:25.798 +08:00] [WARN] [global_controller.go:819] ["[resource group controller] resource group name does not exist"] [name=default]
[2026/07/13 10:33:25.798 +08:00] [INFO] [loader.go:216] ["diff load InfoSchema success"] [mode=auto] [isV2=true] [currVer=1] [neededVer=2] [gotVer=2] ["elapsed time"=336.625µs] [phyTblIDs="[4]"] [actionTypes="[3]"] [diffTypes="[\"create table\"]"]
[2026/07/13 10:33:25.798 +08:00] [INFO] [syncer.go:258] ["session manager is nil"]
[2026/07/13 10:33:25.798 +08:00] [INFO] [syncer.go:281] ["mdl gets lock, update self version to owner"] [jobID=5] [version=2]
[2026/07/13 10:33:25.800 +08:00] [INFO] [schema_version.go:397] ["wait schema version synced success"] [category=ddl] [ver=2] [checkAssumedSvr=false] ["take time"=2.072125ms] [job="ID:5, Type:create table, State:done, SchemaState:public, SchemaID:1, TableID:4, RowCount:0, ArgLen:1, start time: 2026-07-13 10:33:25.794 +0800 CST, Err:<nil>, ErrCount:0, SnapshotVersion:0, Version: v2"] [summary="server count: 1"]
[2026/07/13 10:33:25.800 +08:00] [WARN] [global_controller.go:819] ["[resource group controller] resource group name does not exist"] [name=default]
[2026/07/13 10:33:25.800 +08:00] [WARN] [global_controller.go:819] ["[resource group controller] resource group name does not exist"] [name=default]
[2026/07/13 10:33:25.801 +08:00] [WARN] [global_controller.go:819] ["[resource group controller] resource group name does not exist"] [name=default]
[2026/07/13 10:33:25.801 +08:00] [WARN] [global_controller.go:819] ["[resource group controller] resource group name does not exist"] [name=default]
[2026/07/13 10:33:25.801 +08:00] [WARN] [global_controller.go:819] ["[resource group controller] resource group name does not exist"] [name=default]
[2026/07/13 10:33:25.801 +08:00] [INFO] [job_worker.go:447] ["finish DDL job"] [category=ddl] [jobID=5] [job="ID:5, Type:create table, State:synced, SchemaState:public, SchemaID:1, TableID:4, RowCount:0, ArgLen:0, start time: 2026-07-13 10:33:25.794 +0800 CST, Err:<nil>, ErrCount:0, SnapshotVersion:0, Version: v2"]
[2026/07/13 10:33:25.802 +08:00] [WARN] [global_controller.go:819] ["[resource group controller] resource group name does not exist"] [name=default]
[2026/07/13 10:33:25.802 +08:00] [WARN] [global_controller.go:819] ["[resource group controller] resource group name does not exist"] [name=default]
[2026/07/13 10:33:25.802 +08:00] [WARN] [global_controller.go:819] ["[resource group controller] resource group name does not exist"] [name=default]
[2026/07/13 10:33:25.802 +08:00] [WARN] [global_controller.go:819] ["[resource group controller] resource group name does not exist"] [name=default]
[2026/07/13 10:33:25.802 +08:00] [INFO] [executor.go:7380] ["DDL job is finished"] [category=ddl] [jobID=5]
[2026/07/13 10:33:25.802 +08:00] [INFO] [session.go:5104] ["CRUCIAL OPERATION"] [conn=0] [schemaVersion=2] [cur_db=mysql] [sql="CREATE TABLE IF NOT EXISTS mysql.user (\n\t\tHost\t\t\t\t\tCHAR(255),\n\t\tUser\t\t\t\t\tCHAR(32),\n\t\tauthentication_string\tTEXT,\n\t\tplugin\t\t\t\t\tCHAR(64),\n\t\tSelect_priv\t\t\t\tENUM('N','Y') NOT NULL DEFAULT 'N',\n\t\tInsert_priv\t\t\t\tENUM('N','Y') NOT NULL DEFAULT 'N',\n\t\tUpdate_priv\t\t\t\tENUM('N','Y') NOT NULL DEFAULT 'N',\n\t\tDelete_priv\t\t\t\tENUM('N','Y') NOT NULL DEFAULT 'N',\n\t\tCreate_priv\t\t\t\tENUM('N','Y') NOT NULL DEFAULT 'N',\n\t\tDrop_priv\t\t\t\tENUM('N','Y') NOT NULL DEFAULT 'N',\n\t\tProcess_priv\t\t\tENUM('N','Y') NOT NULL DEFAULT 'N',\n\t\tGrant_priv\t\t\t\tENUM('N','Y') NOT NULL DEFAULT 'N',\n\t\tReferences_priv\t\t\tENUM('N','Y') NOT NULL DEFAULT 'N',\n\t\tAlter_priv\t\t\t\tENUM('N','Y') NOT NULL DEFAULT 'N',\n\t\tShow_db_priv\t\t\tENUM('N','Y') NOT NULL DEFAULT 'N',\n\t\tSuper_priv\t\t\t\tENUM('N','Y') NOT NULL DEFAULT 'N',\n\t\tCreate_tmp_table_priv\tENUM('N','Y') NOT NULL DEFAULT 'N',\n\t\tLock_tables_priv\t\tENUM('N','Y') NOT NULL DEFAULT 'N',\n\t\tExecute_priv\t\t\tENUM('N','Y') NOT NULL DEFAULT 'N',\n\t\tCreate_view_priv\t\tENUM('N','Y') NOT NULL DEFAULT 'N',\n\t\tShow_view_priv\t\t\tENUM('N','Y') NOT NULL DEFAULT 'N',\n\t\tCreate_routine_priv\t\tENUM('N','Y') NOT NULL DEFAULT 'N',\n\t\tAlter_routine_priv\t\tENUM('N','Y') NOT NULL DEFAULT 'N',\n\t\tIndex_priv\t\t\t\tENUM('N','Y') NOT NULL DEFAULT 'N',\n\t\tCreate_user_priv\t\tENUM('N','Y') NOT NULL DEFAULT 'N',\n\t\tEvent_priv\t\t\t\tENUM('N','Y') NOT NULL DEFAULT 'N',\n\t\tRepl_slave_priv\t    \tENUM('N','Y') NOT NULL DEFAULT 'N',\n\t\tRepl_client_priv\t\tENUM('N','Y') NOT NULL DEFAULT 'N',\n\t\tTrigger_priv\t\t\tENUM('N','Y') NOT NULL DEFAULT 'N',\n\t\tCreate_role_priv\t\tENUM('N','Y') NOT NULL DEFAULT 'N',\n\t\tDrop_role_priv\t\t\tENUM('N','Y') NOT NULL DEFAULT 'N',\n\t\tAccount_locked\t\t\tENUM('N','Y') NOT NULL DEFAULT 'N',\n\t\tShutdown_priv\t\t\tENUM('N','Y') NOT NULL DEFAULT 'N',\n\t\tReload_priv\t\t\t\tENUM('N','Y') NOT NULL DEFAULT 'N',\n\t\tFILE_priv\t\t\t\tENUM('N','Y') NOT NULL DEFAULT 'N',\n\t\tConfig_priv\t\t\t\tENUM('N','Y') NOT NULL DEFAULT 'N',\n\t\tCreate_Tablespace_Priv  ENUM('N','Y') NOT NULL DEFAULT 'N',\n\t\tPassword_reuse_history  smallint unsigned DEFAULT NULL,\n\t\tPassword_reuse_time     smallint unsigned DEFAULT NULL,\n\t\tUser_attributes\t\t\tjson,\n\t\tToken_issuer\t\t\tVARCHAR(255),\n\t\tPassword_expired\t\tENUM('N','Y') NOT NULL DEFAULT 'N',\n\t\tPassword_last_changed\tTIMESTAMP DEFAULT CURRENT_TIMESTAMP(),\n\t\tPassword_lifetime\t\tSMALLINT UNSIGNED DEFAULT NULL,\n\t\tMax_user_connections \tINT UNSIGNED NOT NULL DEFAULT 0,\n\t\tPRIMARY KEY (Host, User),\n\t\tKEY i_user (User));"] [user=]
[2026/07/13 10:33:25.803 +08:00] [INFO] [executor.go:7545] ["system variable tidb_scatter_region not found, use default value"] [category=ddl]
[2026/07/13 10:33:25.803 +08:00] [WARN] [global_controller.go:819] ["[resource group controller] resource group name does not exist"] [name=default]
[2026/07/13 10:33:25.803 +08:00] [WARN] [global_controller.go:819] ["[resource group controller] resource group name does not exist"] [name=default]
[2026/07/13 10:33:25.803 +08:00] [INFO] [job_submitter.go:118] ["add DDL jobs"] [category=ddl] ["batch count"=1] [jobs="ID:7, Type:create table, State:queueing, SchemaState:none, SchemaID:1, TableID:6, RowCount:0, ArgLen:1, start time: 2026-07-13 10:33:25.803 +0800 CST, Err:<nil>, ErrCount:0, SnapshotVersion:0, Version: v2; "] [fast_create=true]
[2026/07/13 10:33:25.803 +08:00] [INFO] [executor.go:7260] ["DDL job submitted"] [category=ddl] [job="ID:7, Type:create table, State:queueing, SchemaState:none, SchemaID:1, TableID:6, RowCount:0, ArgLen:1, start time: 2026-07-13 10:33:25.803 +0800 CST, Err:<nil>, ErrCount:0, SnapshotVersion:0, Version: v2"] [query="CREATE TABLE  IF NOT EXISTS mysql.password_history (\n         Host char(255)  NOT NULL DEFAULT '',\n         User char(32)  NOT NULL DEFAULT '',\n         Password_timestamp timestamp(6) NOT NULL DEFAULT CURRENT_TIMESTAMP(6),\n         Password text,\n         PRIMARY KEY (Host,User,Password_timestamp )\n        ) COMMENT='Password history for user accounts' "]
[2026/07/13 10:33:25.804 +08:00] [WARN] [global_controller.go:819] ["[resource group controller] resource group name does not exist"] [name=default]
[2026/07/13 10:33:25.804 +08:00] [WARN] [global_controller.go:819] ["[resource group controller] resource group name does not exist"] [name=default]
[2026/07/13 10:33:25.804 +08:00] [INFO] [job_worker.go:854] ["run one job step"] [category=ddl] [jobID=7] [job="ID:7, Type:create table, State:queueing, SchemaState:none, SchemaID:1, TableID:6, RowCount:0, ArgLen:0, start time: 2026-07-13 10:33:25.803 +0800 CST, Err:<nil>, ErrCount:0, SnapshotVersion:0, Version: v2"]
[2026/07/13 10:33:25.804 +08:00] [WARN] [global_controller.go:819] ["[resource group controller] resource group name does not exist"] [name=default]
[2026/07/13 10:33:25.804 +08:00] [WARN] [global_controller.go:819] ["[resource group controller] resource group name does not exist"] [name=default]
[2026/07/13 10:33:25.804 +08:00] [WARN] [global_controller.go:819] ["[resource group controller] resource group name does not exist"] [name=default]
[2026/07/13 10:33:25.805 +08:00] [INFO] [loader.go:216] ["diff load InfoSchema success"] [mode=auto] [isV2=true] [currVer=2] [neededVer=3] [gotVer=3] ["elapsed time"=74.25µs] [phyTblIDs="[6]"] [actionTypes="[3]"] [diffTypes="[\"create table\"]"]
[2026/07/13 10:33:25.805 +08:00] [INFO] [syncer.go:258] ["session manager is nil"]
[2026/07/13 10:33:25.805 +08:00] [INFO] [syncer.go:281] ["mdl gets lock, update self version to owner"] [jobID=7] [version=3]
[2026/07/13 10:33:25.807 +08:00] [INFO] [schema_version.go:397] ["wait schema version synced success"] [category=ddl] [ver=3] [checkAssumedSvr=false] ["take time"=2.215416ms] [job="ID:7, Type:create table, State:done, SchemaState:public, SchemaID:1, TableID:6, RowCount:0, ArgLen:1, start time: 2026-07-13 10:33:25.803 +0800 CST, Err:<nil>, ErrCount:0, SnapshotVersion:0, Version: v2"] [summary="server count: 1"]
[2026/07/13 10:33:25.807 +08:00] [WARN] [global_controller.go:819] ["[resource group controller] resource group name does not exist"] [name=default]
[2026/07/13 10:33:25.807 +08:00] [WARN] [global_controller.go:819] ["[resource group controller] resource group name does not exist"] [name=default]
[2026/07/13 10:33:25.807 +08:00] [WARN] [global_controller.go:819] ["[resource group controller] resource group name does not exist"] [name=default]
[2026/07/13 10:33:25.807 +08:00] [WARN] [global_controller.go:819] ["[resource group controller] resource group name does not exist"] [name=default]
[2026/07/13 10:33:25.807 +08:00] [WARN] [global_controller.go:819] ["[resource group controller] resource group name does not exist"] [name=default]
[2026/07/13 10:33:25.807 +08:00] [INFO] [job_worker.go:447] ["finish DDL job"] [category=ddl] [jobID=7] [job="ID:7, Type:create table, State:synced, SchemaState:public, SchemaID:1, TableID:6, RowCount:0, ArgLen:0, start time: 2026-07-13 10:33:25.803 +0800 CST, Err:<nil>, ErrCount:0, SnapshotVersion:0, Version: v2"]
[2026/07/13 10:33:25.807 +08:00] [WARN] [global_controller.go:819] ["[resource group controller] resource group name does not exist"] [name=default]
[2026/07/13 10:33:25.808 +08:00] [WARN] [global_controller.go:819] ["[resource group controller] resource group name does not exist"] [name=default]
[2026/07/13 10:33:25.808 +08:00] [WARN] [global_controller.go:819] ["[resource group controller] resource group name does not exist"] [name=default]
[2026/07/13 10:33:25.808 +08:00] [INFO] [executor.go:7380] ["DDL job is finished"] [category=ddl] [jobID=7]
[2026/07/13 10:33:25.808 +08:00] [INFO] [session.go:5104] ["CRUCIAL OPERATION"] [conn=0] [schemaVersion=3] [cur_db=mysql] [sql="CREATE TABLE  IF NOT EXISTS mysql.password_history (\n         Host char(255)  NOT NULL DEFAULT '',\n         User char(32)  NOT NULL DEFAULT '',\n         Password_timestamp timestamp(6) NOT NULL DEFAULT CURRENT_TIMESTAMP(6),\n         Password text,\n         PRIMARY KEY (Host,User,Password_timestamp )\n        ) COMMENT='Password history for user accounts' "] [user=]
[2026/07/13 10:33:25.808 +08:00] [INFO] [executor.go:7545] ["system variable tidb_scatter_region not found, use default value"] [category=ddl]
[2026/07/13 10:33:25.808 +08:00] [WARN] [global_controller.go:819] ["[resource group controller] resource group name does not exist"] [name=default]
[2026/07/13 10:33:25.808 +08:00] [WARN] [global_controller.go:819] ["[resource group controller] resource group name does not exist"] [name=default]
[2026/07/13 10:33:25.808 +08:00] [WARN] [global_controller.go:819] ["[resource group controller] resource group name does not exist"] [name=default]
[2026/07/13 10:33:25.808 +08:00] [INFO] [job_submitter.go:118] ["add DDL jobs"] [category=ddl] ["batch count"=1] [jobs="ID:9, Type:create table, State:queueing, SchemaState:none, SchemaID:1, TableID:8, RowCount:0, ArgLen:1, start time: 2026-07-13 10:33:25.808 +0800 CST, Err:<nil>, ErrCount:0, SnapshotVersion:0, Version: v2; "] [fast_create=true]
[2026/07/13 10:33:25.808 +08:00] [INFO] [executor.go:7260] ["DDL job submitted"] [category=ddl] [job="ID:9, Type:create table, State:queueing, SchemaState:none, SchemaID:1, TableID:8, RowCount:0, ArgLen:1, start time: 2026-07-13 10:33:25.808 +0800 CST, Err:<nil>, ErrCount:0, SnapshotVersion:0, Version: v2"] [query="CREATE TABLE IF NOT EXISTS mysql.global_priv (\n\t\tHost CHAR(255) NOT NULL DEFAULT '',\n\t\tUser CHAR(80) NOT NULL DEFAULT '',\n\t\tPriv LONGTEXT NOT NULL DEFAULT '',\n\t\tPRIMARY KEY (Host, User),\n\t\tKEY i_user (User))"]
[2026/07/13 10:33:25.809 +08:00] [WARN] [global_controller.go:819] ["[resource group controller] resource group name does not exist"] [name=default]
[2026/07/13 10:33:25.809 +08:00] [WARN] [global_controller.go:819] ["[resource group controller] resource group name does not exist"] [name=default]
[2026/07/13 10:33:25.809 +08:00] [INFO] [job_worker.go:854] ["run one job step"] [category=ddl] [jobID=9] [job="ID:9, Type:create table, State:queueing, SchemaState:none, SchemaID:1, TableID:8, RowCount:0, ArgLen:0, start time: 2026-07-13 10:33:25.808 +0800 CST, Err:<nil>, ErrCount:0, SnapshotVersion:0, Version: v2"]
[2026/07/13 10:33:25.809 +08:00] [WARN] [global_controller.go:819] ["[resource group controller] resource group name does not exist"] [name=default]
[2026/07/13 10:33:25.809 +08:00] [WARN] [global_controller.go:819] ["[resource group controller] resource group name does not exist"] [name=default]
[2026/07/13 10:33:25.809 +08:00] [WARN] [global_controller.go:819] ["[resource group controller] resource group name does not exist"] [name=default]
[2026/07/13 10:33:25.809 +08:00] [INFO] [loader.go:216] ["diff load InfoSchema success"] [mode=auto] [isV2=true] [currVer=3] [neededVer=4] [gotVer=4] ["elapsed time"=68.417µs] [phyTblIDs="[8]"] [actionTypes="[3]"] [diffTypes="[\"create table\"]"]
[2026/07/13 10:33:25.810 +08:00] [INFO] [syncer.go:258] ["session manager is nil"]
[2026/07/13 10:33:25.810 +08:00] [INFO] [syncer.go:281] ["mdl gets lock, update self version to owner"] [jobID=9] [version=4]
[2026/07/13 10:33:25.812 +08:00] [INFO] [schema_version.go:397] ["wait schema version synced success"] [category=ddl] [ver=4] [checkAssumedSvr=false] ["take time"=2.252792ms] [job="ID:9, Type:create table, State:done, SchemaState:public, SchemaID:1, TableID:8, RowCount:0, ArgLen:1, start time: 2026-07-13 10:33:25.808 +0800 CST, Err:<nil>, ErrCount:0, SnapshotVersion:0, Version: v2"] [summary="server count: 1"]
[2026/07/13 10:33:25.812 +08:00] [WARN] [global_controller.go:819] ["[resource group controller] resource group name does not exist"] [name=default]
[2026/07/13 10:33:25.812 +08:00] [WARN] [global_controller.go:819] ["[resource group controller] resource group name does not exist"] [name=default]
[2026/07/13 10:33:25.812 +08:00] [WARN] [global_controller.go:819] ["[resource group controller] resource group name does not exist"] [name=default]
[2026/07/13 10:33:25.812 +08:00] [WARN] [global_controller.go:819] ["[resource group controller] resource group name does not exist"] [name=default]
[2026/07/13 10:33:25.812 +08:00] [WARN] [global_controller.go:819] ["[resource group controller] resource group name does not exist"] [name=default]
[2026/07/13 10:33:25.812 +08:00] [INFO] [job_worker.go:447] ["finish DDL job"] [category=ddl] [jobID=9] [job="ID:9, Type:create table, State:synced, SchemaState:public, SchemaID:1, TableID:8, RowCount:0, ArgLen:0, start time: 2026-07-13 10:33:25.808 +0800 CST, Err:<nil>, ErrCount:0, SnapshotVersion:0, Version: v2"]
[2026/07/13 10:33:25.812 +08:00] [WARN] [global_controller.go:819] ["[resource group controller] resource group name does not exist"] [name=default]
[2026/07/13 10:33:25.812 +08:00] [WARN] [global_controller.go:819] ["[resource group controller] resource group name does not exist"] [name=default]
[2026/07/13 10:33:25.812 +08:00] [WARN] [global_controller.go:819] ["[resource group controller] resource group name does not exist"] [name=default]
[2026/07/13 10:33:25.813 +08:00] [INFO] [executor.go:7380] ["DDL job is finished"] [category=ddl] [jobID=9]
[2026/07/13 10:33:25.813 +08:00] [INFO] [session.go:5104] ["CRUCIAL OPERATION"] [conn=0] [schemaVersion=4] [cur_db=mysql] [sql="CREATE TABLE IF NOT EXISTS mysql.global_priv (\n\t\tHost CHAR(255) NOT NULL DEFAULT '',\n\t\tUser CHAR(80) NOT NULL DEFAULT '',\n\t\tPriv LONGTEXT NOT NULL DEFAULT '',\n\t\tPRIMARY KEY (Host, User),\n\t\tKEY i_user (User))"] [user=]
[2026/07/13 10:33:25.813 +08:00] [INFO] [executor.go:7545] ["system variable tidb_scatter_region not found, use default value"] [category=ddl]
[2026/07/13 10:33:25.813 +08:00] [WARN] [global_controller.go:819] ["[resource group controller] resource group name does not exist"] [name=default]
[2026/07/13 10:33:25.813 +08:00] [WARN] [global_controller.go:819] ["[resource group controller] resource group name does not exist"] [name=default]
[2026/07/13 10:33:25.814 +08:00] [WARN] [global_controller.go:819] ["[resource group controller] resource group name does not exist"] [name=default]
[2026/07/13 10:33:25.814 +08:00] [INFO] [job_submitter.go:118] ["add DDL jobs"] [category=ddl] ["batch count"=1] [jobs="ID:11, Type:create table, State:queueing, SchemaState:none, SchemaID:1, TableID:10, RowCount:0, ArgLen:1, start time: 2026-07-13 10:33:25.813 +0800 CST, Err:<nil>, ErrCount:0, SnapshotVersion:0, Version: v2; "] [fast_create=true]
[2026/07/13 10:33:25.814 +08:00] [INFO] [executor.go:7260] ["DDL job submitted"] [category=ddl] [job="ID:11, Type:create table, State:queueing, SchemaState:none, SchemaID:1, TableID:10, RowCount:0, ArgLen:1, start time: 2026-07-13 10:33:25.813 +0800 CST, Err:<nil>, ErrCount:0, SnapshotVersion:0, Version: v2"] [query="CREATE TABLE IF NOT EXISTS mysql.db (\n\t\tHost\t\t\t\t\tCHAR(255),\n\t\tDB\t\t\t\t\t\tCHAR(64) CHARSET utf8mb4 COLLATE utf8mb4_general_ci,\n\t\tUser\t\t\t\t\tCHAR(32),\n\t\tSelect_priv\t\t\t\tENUM('N','Y') NOT NULL DEFAULT 'N',\n\t\tInsert_priv\t\t\t\tENUM('N','Y') NOT NULL DEFAULT 'N',\n\t\tUpdate_priv\t\t\t\tENUM('N','Y') NOT NULL DEFAULT 'N',\n\t\tDelete_priv\t\t\t\tENUM('N','Y') NOT NULL DEFAULT 'N',\n\t\tCreate_priv\t\t\t\tENUM('N','Y') NOT NULL DEFAULT 'N',\n\t\tDrop_priv\t\t\t\tENUM('N','Y') NOT NULL DEFAULT 'N',\n\t\tGrant_priv\t\t\t\tENUM('N','Y') NOT NULL DEFAULT 'N',\n\t\tReferences_priv \t\tENUM('N','Y') NOT NULL DEFAULT 'N',\n\t\tIndex_priv\t\t\t\tENUM('N','Y') NOT NULL DEFAULT 'N',\n\t\tAlter_priv\t\t\t\tENUM('N','Y') NOT NULL DEFAULT 'N',\n\t\tCreate_tmp_table_priv\tENUM('N','Y') NOT NULL DEFAULT 'N',\n\t\tLock_tables_priv\t\tENUM('N','Y') NOT NULL DEFAULT 'N',\n\t\tCreate_view_priv\t\tENUM('N','Y') NOT NULL DEFAULT 'N',\n\t\tShow_view_priv\t\t\tENUM('N','Y') NOT NULL DEFAULT 'N',\n\t\tCreate_routine_priv\t\tENUM('N','Y') NOT NULL DEFAULT 'N',\n\t\tAlter_routine_priv\t\tENUM('N','Y') NOT NULL DEFAULT 'N',\n\t\tExecute_priv\t\t\tENUM('N','Y') NOT NULL DEFAULT 'N',\n\t\tEvent_priv\t\t\t\tENUM('N','Y') NOT NULL DEFAULT 'N',\n\t\tTrigger_priv\t\t\tENUM('N','Y') NOT NULL DEFAULT 'N',\n\t\tPRIMARY KEY (Host, DB, User),\n\t\tKEY i_user (User));"]
[2026/07/13 10:33:25.814 +08:00] [WARN] [global_controller.go:819] ["[resource group controller] resource group name does not exist"] [name=default]
[2026/07/13 10:33:25.814 +08:00] [WARN] [global_controller.go:819] ["[resource group controller] resource group name does not exist"] [name=default]
[2026/07/13 10:33:25.814 +08:00] [INFO] [job_worker.go:854] ["run one job step"] [category=ddl] [jobID=11] [job="ID:11, Type:create table, State:queueing, SchemaState:none, SchemaID:1, TableID:10, RowCount:0, ArgLen:0, start time: 2026-07-13 10:33:25.813 +0800 CST, Err:<nil>, ErrCount:0, SnapshotVersion:0, Version: v2"]
[2026/07/13 10:33:25.814 +08:00] [WARN] [global_controller.go:819] ["[resource group controller] resource group name does not exist"] [name=default]
[2026/07/13 10:33:25.815 +08:00] [WARN] [global_controller.go:819] ["[resource group controller] resource group name does not exist"] [name=default]
[2026/07/13 10:33:25.815 +08:00] [WARN] [global_controller.go:819] ["[resource group controller] resource group name does not exist"] [name=default]
[2026/07/13 10:33:25.815 +08:00] [INFO] [loader.go:216] ["diff load InfoSchema success"] [mode=auto] [isV2=true] [currVer=4] [neededVer=5] [gotVer=5] ["elapsed time"=166.083µs] [phyTblIDs="[10]"] [actionTypes="[3]"] [diffTypes="[\"create table\"]"]
[2026/07/13 10:33:25.816 +08:00] [INFO] [syncer.go:258] ["session manager is nil"]
[2026/07/13 10:33:25.816 +08:00] [INFO] [syncer.go:281] ["mdl gets lock, update self version to owner"] [jobID=11] [version=5]
[2026/07/13 10:33:25.818 +08:00] [INFO] [schema_version.go:397] ["wait schema version synced success"] [category=ddl] [ver=5] [checkAssumedSvr=false] ["take time"=2.394375ms] [job="ID:11, Type:create table, State:done, SchemaState:public, SchemaID:1, TableID:10, RowCount:0, ArgLen:1, start time: 2026-07-13 10:33:25.813 +0800 CST, Err:<nil>, ErrCount:0, SnapshotVersion:0, Version: v2"] [summary="server count: 1"]
[2026/07/13 10:33:25.818 +08:00] [WARN] [global_controller.go:819] ["[resource group controller] resource group name does not exist"] [name=default]
[2026/07/13 10:33:25.818 +08:00] [WARN] [global_controller.go:819] ["[resource group controller] resource group name does not exist"] [name=default]
[2026/07/13 10:33:25.818 +08:00] [WARN] [global_controller.go:819] ["[resource group controller] resource group name does not exist"] [name=default]
[2026/07/13 10:33:25.818 +08:00] [WARN] [global_controller.go:819] ["[resource group controller] resource group name does not exist"] [name=default]
[2026/07/13 10:33:25.818 +08:00] [WARN] [global_controller.go:819] ["[resource group controller] resource group name does not exist"] [name=default]
[2026/07/13 10:33:25.818 +08:00] [INFO] [job_worker.go:447] ["finish DDL job"] [category=ddl] [jobID=11] [job="ID:11, Type:create table, State:synced, SchemaState:public, SchemaID:1, TableID:10, RowCount:0, ArgLen:0, start time: 2026-07-13 10:33:25.813 +0800 CST, Err:<nil>, ErrCount:0, SnapshotVersion:0, Version: v2"]
[2026/07/13 10:33:25.819 +08:00] [WARN] [global_controller.go:819] ["[resource group controller] resource group name does not exist"] [name=default]
[2026/07/13 10:33:25.819 +08:00] [WARN] [global_controller.go:819] ["[resource group controller] resource group name does not exist"] [name=default]
[2026/07/13 10:33:25.819 +08:00] [WARN] [global_controller.go:819] ["[resource group controller] resource group name does not exist"] [name=default]
[2026/07/13 10:33:25.819 +08:00] [WARN] [global_controller.go:819] ["[resource group controller] resource group name does not exist"] [name=default]
[2026/07/13 10:33:25.819 +08:00] [INFO] [executor.go:7380] ["DDL job is finished"] [category=ddl] [jobID=11]
[2026/07/13 10:33:25.819 +08:00] [INFO] [session.go:5104] ["CRUCIAL OPERATION"] [conn=0] [schemaVersion=5] [cur_db=mysql] [sql="CREATE TABLE IF NOT EXISTS mysql.db (\n\t\tHost\t\t\t\t\tCHAR(255),\n\t\tDB\t\t\t\t\t\tCHAR(64) CHARSET utf8mb4 COLLATE utf8mb4_general_ci,\n\t\tUser\t\t\t\t\tCHAR(32),\n\t\tSelect_priv\t\t\t\tENUM('N','Y') NOT NULL DEFAULT 'N',\n\t\tInsert_priv\t\t\t\tENUM('N','Y') NOT NULL DEFAULT 'N',\n\t\tUpdate_priv\t\t\t\tENUM('N','Y') NOT NULL DEFAULT 'N',\n\t\tDelete_priv\t\t\t\tENUM('N','Y') NOT NULL DEFAULT 'N',\n\t\tCreate_priv\t\t\t\tENUM('N','Y') NOT NULL DEFAULT 'N',\n\t\tDrop_priv\t\t\t\tENUM('N','Y') NOT NULL DEFAULT 'N',\n\t\tGrant_priv\t\t\t\tENUM('N','Y') NOT NULL DEFAULT 'N',\n\t\tReferences_priv \t\tENUM('N','Y') NOT NULL DEFAULT 'N',\n\t\tIndex_priv\t\t\t\tENUM('N','Y') NOT NULL DEFAULT 'N',\n\t\tAlter_priv\t\t\t\tENUM('N','Y') NOT NULL DEFAULT 'N',\n\t\tCreate_tmp_table_priv\tENUM('N','Y') NOT NULL DEFAULT 'N',\n\t\tLock_tables_priv\t\tENUM('N','Y') NOT NULL DEFAULT 'N',\n\t\tCreate_view_priv\t\tENUM('N','Y') NOT NULL DEFAULT 'N',\n\t\tShow_view_priv\t\t\tENUM('N','Y') NOT NULL DEFAULT 'N',\n\t\tCreate_routine_priv\t\tENUM('N','Y') NOT NULL DEFAULT 'N',\n\t\tAlter_routine_priv\t\tENUM('N','Y') NOT NULL DEFAULT 'N',\n\t\tExecute_priv\t\t\tENUM('N','Y') NOT NULL DEFAULT 'N',\n\t\tEvent_priv\t\t\t\tENUM('N','Y') NOT NULL DEFAULT 'N',\n\t\tTrigger_priv\t\t\tENUM('N','Y') NOT NULL DEFAULT 'N',\n\t\tPRIMARY KEY (Host, DB, User),\n\t\tKEY i_user (User));"] [user=]
[2026/07/13 10:33:25.819 +08:00] [INFO] [executor.go:7545] ["system variable tidb_scatter_region not found, use default value"] [category=ddl]
[2026/07/13 10:33:25.820 +08:00] [WARN] [global_controller.go:819] ["[resource group controller] resource group name does not exist"] [name=default]
[2026/07/13 10:33:25.820 +08:00] [WARN] [global_controller.go:819] ["[resource group controller] resource group name does not exist"] [name=default]
[2026/07/13 10:33:25.820 +08:00] [INFO] [job_submitter.go:118] ["add DDL jobs"] [category=ddl] ["batch count"=1] [jobs="ID:13, Type:create table, State:queueing, SchemaState:none, SchemaID:1, TableID:12, RowCount:0, ArgLen:1, start time: 2026-07-13 10:33:25.82 +0800 CST, Err:<nil>, ErrCount:0, SnapshotVersion:0, Version: v2; "] [fast_create=true]
[2026/07/13 10:33:25.820 +08:00] [INFO] [executor.go:7260] ["DDL job submitted"] [category=ddl] [job="ID:13, Type:create table, State:queueing, SchemaState:none, SchemaID:1, TableID:12, RowCount:0, ArgLen:1, start time: 2026-07-13 10:33:25.82 +0800 CST, Err:<nil>, ErrCount:0, SnapshotVersion:0, Version: v2"] [query="CREATE TABLE IF NOT EXISTS mysql.tables_priv (\n\t\tHost\t\tCHAR(255),\n\t\tDB\t\t\tCHAR(64) CHARSET utf8mb4 COLLATE utf8mb4_general_ci,\n\t\tUser\t\tCHAR(32),\n\t\tTable_name\tCHAR(64) CHARSET utf8mb4 COLLATE utf8mb4_general_ci,\n\t\tGrantor\t\tCHAR(77),\n\t\tTimestamp\tTIMESTAMP DEFAULT CURRENT_TIMESTAMP,\n\t\tTable_priv\tSET('Select','Insert','Update','Delete','Create','Drop','Grant','Index','Alter','Create View','Show View','Trigger','References'),\n\t\tColumn_priv\tSET('Select','Insert','Update','References'),\n\t\tPRIMARY KEY (Host, DB, User, Table_name),\n\t\tKEY i_user (User));"]
[2026/07/13 10:33:25.820 +08:00] [WARN] [global_controller.go:819] ["[resource group controller] resource group name does not exist"] [name=default]
[2026/07/13 10:33:25.820 +08:00] [WARN] [global_controller.go:819] ["[resource group controller] resource group name does not exist"] [name=default]
[2026/07/13 10:33:25.820 +08:00] [INFO] [job_worker.go:854] ["run one job step"] [category=ddl] [jobID=13] [job="ID:13, Type:create table, State:queueing, SchemaState:none, SchemaID:1, TableID:12, RowCount:0, ArgLen:0, start time: 2026-07-13 10:33:25.82 +0800 CST, Err:<nil>, ErrCount:0, SnapshotVersion:0, Version: v2"]
[2026/07/13 10:33:25.821 +08:00] [WARN] [global_controller.go:819] ["[resource group controller] resource group name does not exist"] [name=default]
[2026/07/13 10:33:25.821 +08:00] [WARN] [global_controller.go:819] ["[resource group controller] resource group name does not exist"] [name=default]
[2026/07/13 10:33:25.821 +08:00] [WARN] [global_controller.go:819] ["[resource group controller] resource group name does not exist"] [name=default]
[2026/07/13 10:33:25.821 +08:00] [INFO] [loader.go:216] ["diff load InfoSchema success"] [mode=auto] [isV2=true] [currVer=5] [neededVer=6] [gotVer=6] ["elapsed time"=93µs] [phyTblIDs="[12]"] [actionTypes="[3]"] [diffTypes="[\"create table\"]"]
[2026/07/13 10:33:25.821 +08:00] [INFO] [syncer.go:258] ["session manager is nil"]
[2026/07/13 10:33:25.821 +08:00] [INFO] [syncer.go:281] ["mdl gets lock, update self version to owner"] [jobID=13] [version=6]
[2026/07/13 10:33:25.824 +08:00] [INFO] [schema_version.go:397] ["wait schema version synced success"] [category=ddl] [ver=6] [checkAssumedSvr=false] ["take time"=2.372667ms] [job="ID:13, Type:create table, State:done, SchemaState:public, SchemaID:1, TableID:12, RowCount:0, ArgLen:1, start time: 2026-07-13 10:33:25.82 +0800 CST, Err:<nil>, ErrCount:0, SnapshotVersion:0, Version: v2"] [summary="server count: 1"]
[2026/07/13 10:33:25.824 +08:00] [WARN] [global_controller.go:819] ["[resource group controller] resource group name does not exist"] [name=default]
[2026/07/13 10:33:25.824 +08:00] [WARN] [global_controller.go:819] ["[resource group controller] resource group name does not exist"] [name=default]
[2026/07/13 10:33:25.824 +08:00] [WARN] [global_controller.go:819] ["[resource group controller] resource group name does not exist"] [name=default]
[2026/07/13 10:33:25.824 +08:00] [WARN] [global_controller.go:819] ["[resource group controller] resource group name does not exist"] [name=default]
[2026/07/13 10:33:25.824 +08:00] [WARN] [global_controller.go:819] ["[resource group controller] resource group name does not exist"] [name=default]
[2026/07/13 10:33:25.824 +08:00] [INFO] [job_worker.go:447] ["finish DDL job"] [category=ddl] [jobID=13] [job="ID:13, Type:create table, State:synced, SchemaState:public, SchemaID:1, TableID:12, RowCount:0, ArgLen:0, start time: 2026-07-13 10:33:25.82 +0800 CST, Err:<nil>, ErrCount:0, SnapshotVersion:0, Version: v2"]
[2026/07/13 10:33:25.824 +08:00] [WARN] [global_controller.go:819] ["[resource group controller] resource group name does not exist"] [name=default]
[2026/07/13 10:33:25.825 +08:00] [WARN] [global_controller.go:819] ["[resource group controller] resource group name does not exist"] [name=default]
[2026/07/13 10:33:25.825 +08:00] [WARN] [global_controller.go:819] ["[resource group controller] resource group name does not exist"] [name=default]
[2026/07/13 10:33:25.825 +08:00] [INFO] [executor.go:7380] ["DDL job is finished"] [category=ddl] [jobID=13]
[2026/07/13 10:33:25.825 +08:00] [INFO] [session.go:5104] ["CRUCIAL OPERATION"] [conn=0] [schemaVersion=6] [cur_db=mysql] [sql="CREATE TABLE IF NOT EXISTS mysql.tables_priv (\n\t\tHost\t\tCHAR(255),\n\t\tDB\t\t\tCHAR(64) CHARSET utf8mb4 COLLATE utf8mb4_general_ci,\n\t\tUser\t\tCHAR(32),\n\t\tTable_name\tCHAR(64) CHARSET utf8mb4 COLLATE utf8mb4_general_ci,\n\t\tGrantor\t\tCHAR(77),\n\t\tTimestamp\tTIMESTAMP DEFAULT CURRENT_TIMESTAMP,\n\t\tTable_priv\tSET('Select','Insert','Update','Delete','Create','Drop','Grant','Index','Alter','Create View','Show View','Trigger','References'),\n\t\tColumn_priv\tSET('Select','Insert','Update','References'),\n\t\tPRIMARY KEY (Host, DB, User, Table_name),\n\t\tKEY i_user (User));"] [user=]
[2026/07/13 10:33:25.825 +08:00] [WARN] [global_controller.go:819] ["[resource group controller] resource group name does not exist"] [name=default]
[2026/07/13 10:33:25.825 +08:00] [INFO] [executor.go:7545] ["system variable tidb_scatter_region not found, use default value"] [category=ddl]
[2026/07/13 10:33:25.826 +08:00] [WARN] [global_controller.go:819] ["[resource group controller] resource group name does not exist"] [name=default]
[2026/07/13 10:33:25.826 +08:00] [WARN] [global_controller.go:819] ["[resource group controller] resource group name does not exist"] [name=default]
[2026/07/13 10:33:25.826 +08:00] [WARN] [global_controller.go:819] ["[resource group controller] resource group name does not exist"] [name=default]
[2026/07/13 10:33:25.827 +08:00] [INFO] [job_submitter.go:118] ["add DDL jobs"] [category=ddl] ["batch count"=1] [jobs="ID:15, Type:create table, State:queueing, SchemaState:none, SchemaID:1, TableID:14, RowCount:0, ArgLen:1, start time: 2026-07-13 10:33:25.826 +0800 CST, Err:<nil>, ErrCount:0, SnapshotVersion:0, Version: v2; "] [fast_create=true]
[2026/07/13 10:33:25.827 +08:00] [INFO] [executor.go:7260] ["DDL job submitted"] [category=ddl] [job="ID:15, Type:create table, State:queueing, SchemaState:none, SchemaID:1, TableID:14, RowCount:0, ArgLen:1, start time: 2026-07-13 10:33:25.826 +0800 CST, Err:<nil>, ErrCount:0, SnapshotVersion:0, Version: v2"] [query="CREATE TABLE IF NOT EXISTS mysql.columns_priv (\n\t\tHost\t\tCHAR(255),\n\t\tDB\t\t\tCHAR(64) CHARSET utf8mb4 COLLATE utf8mb4_general_ci,\n\t\tUser\t\tCHAR(32),\n\t\tTable_name\tCHAR(64) CHARSET utf8mb4 COLLATE utf8mb4_general_ci,\n\t\tColumn_name\tCHAR(64) CHARSET utf8mb4 COLLATE utf8mb4_general_ci,\n\t\tTimestamp\tTIMESTAMP DEFAULT CURRENT_TIMESTAMP,\n\t\tColumn_priv\tSET('Select','Insert','Update','References'),\n\t\tPRIMARY KEY (Host, DB, User, Table_name, Column_name),\n\t\tKEY i_user (User));"]
[2026/07/13 10:33:25.827 +08:00] [WARN] [global_controller.go:819] ["[resource group controller] resource group name does not exist"] [name=default]
[2026/07/13 10:33:25.827 +08:00] [WARN] [global_controller.go:819] ["[resource group controller] resource group name does not exist"] [name=default]
[2026/07/13 10:33:25.827 +08:00] [INFO] [job_worker.go:854] ["run one job step"] [category=ddl] [jobID=15] [job="ID:15, Type:create table, State:queueing, SchemaState:none, SchemaID:1, TableID:14, RowCount:0, ArgLen:0, start time: 2026-07-13 10:33:25.826 +0800 CST, Err:<nil>, ErrCount:0, SnapshotVersion:0, Version: v2"]
[2026/07/13 10:33:25.827 +08:00] [WARN] [global_controller.go:819] ["[resource group controller] resource group name does not exist"] [name=default]
[2026/07/13 10:33:25.827 +08:00] [WARN] [global_controller.go:819] ["[resource group controller] resource group name does not exist"] [name=default]
[2026/07/13 10:33:25.827 +08:00] [WARN] [global_controller.go:819] ["[resource group controller] resource group name does not exist"] [name=default]
[2026/07/13 10:33:25.827 +08:00] [INFO] [loader.go:216] ["diff load InfoSchema success"] [mode=auto] [isV2=true] [currVer=6] [neededVer=7] [gotVer=7] ["elapsed time"=74.375µs] [phyTblIDs="[14]"] [actionTypes="[3]"] [diffTypes="[\"create table\"]"]
[2026/07/13 10:33:25.828 +08:00] [INFO] [syncer.go:258] ["session manager is nil"]
[2026/07/13 10:33:25.828 +08:00] [INFO] [syncer.go:281] ["mdl gets lock, update self version to owner"] [jobID=15] [version=7]
[2026/07/13 10:33:25.830 +08:00] [INFO] [schema_version.go:397] ["wait schema version synced success"] [category=ddl] [ver=7] [checkAssumedSvr=false] ["take time"=2.156584ms] [job="ID:15, Type:create table, State:done, SchemaState:public, SchemaID:1, TableID:14, RowCount:0, ArgLen:1, start time: 2026-07-13 10:33:25.826 +0800 CST, Err:<nil>, ErrCount:0, SnapshotVersion:0, Version: v2"] [summary="server count: 1"]
[2026/07/13 10:33:25.830 +08:00] [WARN] [global_controller.go:819] ["[resource group controller] resource group name does not exist"] [name=default]
[2026/07/13 10:33:25.830 +08:00] [WARN] [global_controller.go:819] ["[resource group controller] resource group name does not exist"] [name=default]
[2026/07/13 10:33:25.830 +08:00] [WARN] [global_controller.go:819] ["[resource group controller] resource group name does not exist"] [name=default]
[2026/07/13 10:33:25.830 +08:00] [WARN] [global_controller.go:819] ["[resource group controller] resource group name does not exist"] [name=default]
[2026/07/13 10:33:25.830 +08:00] [WARN] [global_controller.go:819] ["[resource group controller] resource group name does not exist"] [name=default]
[2026/07/13 10:33:25.830 +08:00] [INFO] [job_worker.go:447] ["finish DDL job"] [category=ddl] [jobID=15] [job="ID:15, Type:create table, State:synced, SchemaState:public, SchemaID:1, TableID:14, RowCount:0, ArgLen:0, start time: 2026-07-13 10:33:25.826 +0800 CST, Err:<nil>, ErrCount:0, SnapshotVersion:0, Version: v2"]
[2026/07/13 10:33:25.830 +08:00] [WARN] [global_controller.go:819] ["[resource group controller] resource group name does not exist"] [name=default]
[2026/07/13 10:33:25.831 +08:00] [WARN] [global_controller.go:819] ["[resource group controller] resource group name does not exist"] [name=default]
[2026/07/13 10:33:25.831 +08:00] [WARN] [global_controller.go:819] ["[resource group controller] resource group name does not exist"] [name=default]
[2026/07/13 10:33:25.831 +08:00] [INFO] [executor.go:7380] ["DDL job is finished"] [category=ddl] [jobID=15]
[2026/07/13 10:33:25.831 +08:00] [WARN] [global_controller.go:819] ["[resource group controller] resource group name does not exist"] [name=default]
[2026/07/13 10:33:25.831 +08:00] [INFO] [session.go:5104] ["CRUCIAL OPERATION"] [conn=0] [schemaVersion=7] [cur_db=mysql] [sql="CREATE TABLE IF NOT EXISTS mysql.columns_priv (\n\t\tHost\t\tCHAR(255),\n\t\tDB\t\t\tCHAR(64) CHARSET utf8mb4 COLLATE utf8mb4_general_ci,\n\t\tUser\t\tCHAR(32),\n\t\tTable_name\tCHAR(64) CHARSET utf8mb4 COLLATE utf8mb4_general_ci,\n\t\tColumn_name\tCHAR(64) CHARSET utf8mb4 COLLATE utf8mb4_general_ci,\n\t\tTimestamp\tTIMESTAMP DEFAULT CURRENT_TIMESTAMP,\n\t\tColumn_priv\tSET('Select','Insert','Update','References'),\n\t\tPRIMARY KEY (Host, DB, User, Table_name, Column_name),\n\t\tKEY i_user (User));"] [user=]
[2026/07/13 10:33:25.831 +08:00] [INFO] [executor.go:7545] ["system variable tidb_scatter_region not found, use default value"] [category=ddl]
[2026/07/13 10:33:25.831 +08:00] [WARN] [global_controller.go:819] ["[resource group controller] resource group name does not exist"] [name=default]
[2026/07/13 10:33:25.831 +08:00] [WARN] [global_controller.go:819] ["[resource group controller] resource group name does not exist"] [name=default]
[2026/07/13 10:33:25.831 +08:00] [INFO] [job_submitter.go:118] ["add DDL jobs"] [category=ddl] ["batch count"=1] [jobs="ID:17, Type:create table, State:queueing, SchemaState:none, SchemaID:1, TableID:16, RowCount:0, ArgLen:1, start time: 2026-07-13 10:33:25.831 +0800 CST, Err:<nil>, ErrCount:0, SnapshotVersion:0, Version: v2; "] [fast_create=true]
[2026/07/13 10:33:25.831 +08:00] [INFO] [executor.go:7260] ["DDL job submitted"] [category=ddl] [job="ID:17, Type:create table, State:queueing, SchemaState:none, SchemaID:1, TableID:16, RowCount:0, ArgLen:1, start time: 2026-07-13 10:33:25.831 +0800 CST, Err:<nil>, ErrCount:0, SnapshotVersion:0, Version: v2"] [query="CREATE TABLE IF NOT EXISTS mysql.global_variables (\n\t\tVARIABLE_NAME  VARCHAR(64) NOT NULL PRIMARY KEY,\n\t\tVARIABLE_VALUE VARCHAR(16383) DEFAULT NULL);"]
[2026/07/13 10:33:25.832 +08:00] [WARN] [global_controller.go:819] ["[resource group controller] resource group name does not exist"] [name=default]
[2026/07/13 10:33:25.832 +08:00] [WARN] [global_controller.go:819] ["[resource group controller] resource group name does not exist"] [name=default]
[2026/07/13 10:33:25.832 +08:00] [INFO] [job_worker.go:854] ["run one job step"] [category=ddl] [jobID=17] [job="ID:17, Type:create table, State:queueing, SchemaState:none, SchemaID:1, TableID:16, RowCount:0, ArgLen:0, start time: 2026-07-13 10:33:25.831 +0800 CST, Err:<nil>, ErrCount:0, SnapshotVersion:0, Version: v2"]
[2026/07/13 10:33:25.832 +08:00] [WARN] [global_controller.go:819] ["[resource group controller] resource group name does not exist"] [name=default]
[2026/07/13 10:33:25.832 +08:00] [WARN] [global_controller.go:819] ["[resource group controller] resource group name does not exist"] [name=default]
[2026/07/13 10:33:25.832 +08:00] [WARN] [global_controller.go:819] ["[resource group controller] resource group name does not exist"] [name=default]
[2026/07/13 10:33:25.832 +08:00] [INFO] [loader.go:216] ["diff load InfoSchema success"] [mode=auto] [isV2=true] [currVer=7] [neededVer=8] [gotVer=8] ["elapsed time"=58.042µs] [phyTblIDs="[16]"] [actionTypes="[3]"] [diffTypes="[\"create table\"]"]
[2026/07/13 10:33:25.832 +08:00] [INFO] [syncer.go:258] ["session manager is nil"]
[2026/07/13 10:33:25.832 +08:00] [INFO] [syncer.go:281] ["mdl gets lock, update self version to owner"] [jobID=17] [version=8]
[2026/07/13 10:33:25.834 +08:00] [INFO] [schema_version.go:397] ["wait schema version synced success"] [category=ddl] [ver=8] [checkAssumedSvr=false] ["take time"=2.154ms] [job="ID:17, Type:create table, State:done, SchemaState:public, SchemaID:1, TableID:16, RowCount:0, ArgLen:1, start time: 2026-07-13 10:33:25.831 +0800 CST, Err:<nil>, ErrCount:0, SnapshotVersion:0, Version: v2"] [summary="server count: 1"]
[2026/07/13 10:33:25.835 +08:00] [WARN] [global_controller.go:819] ["[resource group controller] resource group name does not exist"] [name=default]
[2026/07/13 10:33:25.835 +08:00] [WARN] [global_controller.go:819] ["[resource group controller] resource group name does not exist"] [name=default]
[2026/07/13 10:33:25.835 +08:00] [WARN] [global_controller.go:819] ["[resource group controller] resource group name does not exist"] [name=default]
[2026/07/13 10:33:25.835 +08:00] [WARN] [global_controller.go:819] ["[resource group controller] resource group name does not exist"] [name=default]
[2026/07/13 10:33:25.835 +08:00] [WARN] [global_controller.go:819] ["[resource group controller] resource group name does not exist"] [name=default]
[2026/07/13 10:33:25.835 +08:00] [INFO] [job_worker.go:447] ["finish DDL job"] [category=ddl] [jobID=17] [job="ID:17, Type:create table, State:synced, SchemaState:public, SchemaID:1, TableID:16, RowCount:0, ArgLen:0, start time: 2026-07-13 10:33:25.831 +0800 CST, Err:<nil>, ErrCount:0, SnapshotVersion:0, Version: v2"]
[2026/07/13 10:33:25.835 +08:00] [WARN] [global_controller.go:819] ["[resource group controller] resource group name does not exist"] [name=default]
[2026/07/13 10:33:25.835 +08:00] [WARN] [global_controller.go:819] ["[resource group controller] resource group name does not exist"] [name=default]
[2026/07/13 10:33:25.835 +08:00] [WARN] [global_controller.go:819] ["[resource group controller] resource group name does not exist"] [name=default]
[2026/07/13 10:33:25.835 +08:00] [INFO] [executor.go:7380] ["DDL job is finished"] [category=ddl] [jobID=17]
[2026/07/13 10:33:25.835 +08:00] [INFO] [session.go:5104] ["CRUCIAL OPERATION"] [conn=0] [schemaVersion=8] [cur_db=mysql] [sql="CREATE TABLE IF NOT EXISTS mysql.global_variables (\n\t\tVARIABLE_NAME  VARCHAR(64) NOT NULL PRIMARY KEY,\n\t\tVARIABLE_VALUE VARCHAR(16383) DEFAULT NULL);"] [user=]
[2026/07/13 10:33:25.835 +08:00] [INFO] [executor.go:7545] ["system variable tidb_scatter_region not found, use default value"] [category=ddl]
[2026/07/13 10:33:25.835 +08:00] [WARN] [global_controller.go:819] ["[resource group controller] resource group name does not exist"] [name=default]
[2026/07/13 10:33:25.836 +08:00] [WARN] [global_controller.go:819] ["[resource group controller] resource group name does not exist"] [name=default]
[2026/07/13 10:33:25.836 +08:00] [WARN] [global_controller.go:819] ["[resource group controller] resource group name does not exist"] [name=default]
[2026/07/13 10:33:25.836 +08:00] [INFO] [job_submitter.go:118] ["add DDL jobs"] [category=ddl] ["batch count"=1] [jobs="ID:19, Type:create table, State:queueing, SchemaState:none, SchemaID:1, TableID:18, RowCount:0, ArgLen:1, start time: 2026-07-13 10:33:25.836 +0800 CST, Err:<nil>, ErrCount:0, SnapshotVersion:0, Version: v2; "] [fast_create=true]
[2026/07/13 10:33:25.836 +08:00] [INFO] [executor.go:7260] ["DDL job submitted"] [category=ddl] [job="ID:19, Type:create table, State:queueing, SchemaState:none, SchemaID:1, TableID:18, RowCount:0, ArgLen:1, start time: 2026-07-13 10:33:25.836 +0800 CST, Err:<nil>, ErrCount:0, SnapshotVersion:0, Version: v2"] [query="CREATE TABLE IF NOT EXISTS mysql.tidb (\n\t\tVARIABLE_NAME  \tVARCHAR(64) NOT NULL PRIMARY KEY,\n\t\tVARIABLE_VALUE \tVARCHAR(1024) DEFAULT NULL,\n\t\tCOMMENT \t\tVARCHAR(1024));"]
[2026/07/13 10:33:25.836 +08:00] [WARN] [global_controller.go:819] ["[resource group controller] resource group name does not exist"] [name=default]
[2026/07/13 10:33:25.836 +08:00] [WARN] [global_controller.go:819] ["[resource group controller] resource group name does not exist"] [name=default]
[2026/07/13 10:33:25.836 +08:00] [INFO] [job_worker.go:854] ["run one job step"] [category=ddl] [jobID=19] [job="ID:19, Type:create table, State:queueing, SchemaState:none, SchemaID:1, TableID:18, RowCount:0, ArgLen:0, start time: 2026-07-13 10:33:25.836 +0800 CST, Err:<nil>, ErrCount:0, SnapshotVersion:0, Version: v2"]
[2026/07/13 10:33:25.836 +08:00] [WARN] [global_controller.go:819] ["[resource group controller] resource group name does not exist"] [name=default]
[2026/07/13 10:33:25.837 +08:00] [WARN] [global_controller.go:819] ["[resource group controller] resource group name does not exist"] [name=default]
[2026/07/13 10:33:25.837 +08:00] [WARN] [global_controller.go:819] ["[resource group controller] resource group name does not exist"] [name=default]
[2026/07/13 10:33:25.837 +08:00] [INFO] [loader.go:216] ["diff load InfoSchema success"] [mode=auto] [isV2=true] [currVer=8] [neededVer=9] [gotVer=9] ["elapsed time"=64.041µs] [phyTblIDs="[18]"] [actionTypes="[3]"] [diffTypes="[\"create table\"]"]
[2026/07/13 10:33:25.837 +08:00] [INFO] [syncer.go:258] ["session manager is nil"]
[2026/07/13 10:33:25.837 +08:00] [INFO] [syncer.go:281] ["mdl gets lock, update self version to owner"] [jobID=19] [version=9]
[2026/07/13 10:33:25.839 +08:00] [INFO] [schema_version.go:397] ["wait schema version synced success"] [category=ddl] [ver=9] [checkAssumedSvr=false] ["take time"=2.433125ms] [job="ID:19, Type:create table, State:done, SchemaState:public, SchemaID:1, TableID:18, RowCount:0, ArgLen:1, start time: 2026-07-13 10:33:25.836 +0800 CST, Err:<nil>, ErrCount:0, SnapshotVersion:0, Version: v2"] [summary="server count: 1"]
[2026/07/13 10:33:25.839 +08:00] [WARN] [global_controller.go:819] ["[resource group controller] resource group name does not exist"] [name=default]
[2026/07/13 10:33:25.839 +08:00] [WARN] [global_controller.go:819] ["[resource group controller] resource group name does not exist"] [name=default]
[2026/07/13 10:33:25.840 +08:00] [WARN] [global_controller.go:819] ["[resource group controller] resource group name does not exist"] [name=default]
[2026/07/13 10:33:25.840 +08:00] [WARN] [global_controller.go:819] ["[resource group controller] resource group name does not exist"] [name=default]
[2026/07/13 10:33:25.840 +08:00] [WARN] [global_controller.go:819] ["[resource group controller] resource group name does not exist"] [name=default]
[2026/07/13 10:33:25.840 +08:00] [INFO] [job_worker.go:447] ["finish DDL job"] [category=ddl] [jobID=19] [job="ID:19, Type:create table, State:synced, SchemaState:public, SchemaID:1, TableID:18, RowCount:0, ArgLen:0, start time: 2026-07-13 10:33:25.836 +0800 CST, Err:<nil>, ErrCount:0, SnapshotVersion:0, Version: v2"]
[2026/07/13 10:33:25.840 +08:00] [WARN] [global_controller.go:819] ["[resource group controller] resource group name does not exist"] [name=default]
[2026/07/13 10:33:25.840 +08:00] [WARN] [global_controller.go:819] ["[resource group controller] resource group name does not exist"] [name=default]
[2026/07/13 10:33:25.840 +08:00] [WARN] [global_controller.go:819] ["[resource group controller] resource group name does not exist"] [name=default]
[2026/07/13 10:33:25.840 +08:00] [INFO] [executor.go:7380] ["DDL job is finished"] [category=ddl] [jobID=19]
[2026/07/13 10:33:25.840 +08:00] [INFO] [session.go:5104] ["CRUCIAL OPERATION"] [conn=0] [schemaVersion=9] [cur_db=mysql] [sql="CREATE TABLE IF NOT EXISTS mysql.tidb (\n\t\tVARIABLE_NAME  \tVARCHAR(64) NOT NULL PRIMARY KEY,\n\t\tVARIABLE_VALUE \tVARCHAR(1024) DEFAULT NULL,\n\t\tCOMMENT \t\tVARCHAR(1024));"] [user=]
[2026/07/13 10:33:25.840 +08:00] [WARN] [global_controller.go:819] ["[resource group controller] resource group name does not exist"] [name=default]
[2026/07/13 10:33:25.840 +08:00] [INFO] [executor.go:7545] ["system variable tidb_scatter_region not found, use default value"] [category=ddl]
[2026/07/13 10:33:25.841 +08:00] [WARN] [global_controller.go:819] ["[resource group controller] resource group name does not exist"] [name=default]
[2026/07/13 10:33:25.841 +08:00] [WARN] [global_controller.go:819] ["[resource group controller] resource group name does not exist"] [name=default]
[2026/07/13 10:33:25.841 +08:00] [INFO] [job_submitter.go:118] ["add DDL jobs"] [category=ddl] ["batch count"=1] [jobs="ID:21, Type:create table, State:queueing, SchemaState:none, SchemaID:1, TableID:20, RowCount:0, ArgLen:1, start time: 2026-07-13 10:33:25.841 +0800 CST, Err:<nil>, ErrCount:0, SnapshotVersion:0, Version: v2; "] [fast_create=true]
[2026/07/13 10:33:25.841 +08:00] [INFO] [executor.go:7260] ["DDL job submitted"] [category=ddl] [job="ID:21, Type:create table, State:queueing, SchemaState:none, SchemaID:1, TableID:20, RowCount:0, ArgLen:1, start time: 2026-07-13 10:33:25.841 +0800 CST, Err:<nil>, ErrCount:0, SnapshotVersion:0, Version: v2"] [query="CREATE TABLE IF NOT EXISTS mysql.help_topic (\n\t\thelp_topic_id \t\tINT(10) UNSIGNED NOT NULL,\n\t\tname \t\t\t\tCHAR(64) NOT NULL,\n\t\thelp_category_id \tSMALLINT(5) UNSIGNED NOT NULL,\n\t\tdescription \t\tTEXT NOT NULL,\n\t\texample \t\t\tTEXT NOT NULL,\n\t\turl \t\t\t\tTEXT NOT NULL,\n\t\tPRIMARY KEY (help_topic_id) clustered,\n\t\tUNIQUE KEY name (name)\n\t\t) ENGINE=InnoDB DEFAULT CHARSET=utf8 STATS_PERSISTENT=0 COMMENT='help topics';"]
[2026/07/13 10:33:25.841 +08:00] [WARN] [global_controller.go:819] ["[resource group controller] resource group name does not exist"] [name=default]
[2026/07/13 10:33:25.841 +08:00] [WARN] [global_controller.go:819] ["[resource group controller] resource group name does not exist"] [name=default]
[2026/07/13 10:33:25.841 +08:00] [INFO] [job_worker.go:854] ["run one job step"] [category=ddl] [jobID=21] [job="ID:21, Type:create table, State:queueing, SchemaState:none, SchemaID:1, TableID:20, RowCount:0, ArgLen:0, start time: 2026-07-13 10:33:25.841 +0800 CST, Err:<nil>, ErrCount:0, SnapshotVersion:0, Version: v2"]
[2026/07/13 10:33:25.842 +08:00] [WARN] [global_controller.go:819] ["[resource group controller] resource group name does not exist"] [name=default]
[2026/07/13 10:33:25.842 +08:00] [WARN] [global_controller.go:819] ["[resource group controller] resource group name does not exist"] [name=default]
[2026/07/13 10:33:25.842 +08:00] [WARN] [global_controller.go:819] ["[resource group controller] resource group name does not exist"] [name=default]
[2026/07/13 10:33:25.842 +08:00] [INFO] [loader.go:216] ["diff load InfoSchema success"] [mode=auto] [isV2=true] [currVer=9] [neededVer=10] [gotVer=10] ["elapsed time"=76.667µs] [phyTblIDs="[20]"] [actionTypes="[3]"] [diffTypes="[\"create table\"]"]
[2026/07/13 10:33:25.842 +08:00] [INFO] [syncer.go:258] ["session manager is nil"]
[2026/07/13 10:33:25.842 +08:00] [INFO] [syncer.go:281] ["mdl gets lock, update self version to owner"] [jobID=21] [version=10]
[2026/07/13 10:33:25.844 +08:00] [INFO] [schema_version.go:397] ["wait schema version synced success"] [category=ddl] [ver=10] [checkAssumedSvr=false] ["take time"=2.093083ms] [job="ID:21, Type:create table, State:done, SchemaState:public, SchemaID:1, TableID:20, RowCount:0, ArgLen:1, start time: 2026-07-13 10:33:25.841 +0800 CST, Err:<nil>, ErrCount:0, SnapshotVersion:0, Version: v2"] [summary="server count: 1"]
[2026/07/13 10:33:25.844 +08:00] [WARN] [global_controller.go:819] ["[resource group controller] resource group name does not exist"] [name=default]
[2026/07/13 10:33:25.844 +08:00] [WARN] [global_controller.go:819] ["[resource group controller] resource group name does not exist"] [name=default]
[2026/07/13 10:33:25.844 +08:00] [WARN] [global_controller.go:819] ["[resource group controller] resource group name does not exist"] [name=default]
[2026/07/13 10:33:25.844 +08:00] [WARN] [global_controller.go:819] ["[resource group controller] resource group name does not exist"] [name=default]
[2026/07/13 10:33:25.844 +08:00] [WARN] [global_controller.go:819] ["[resource group controller] resource group name does not exist"] [name=default]
[2026/07/13 10:33:25.844 +08:00] [INFO] [job_worker.go:447] ["finish DDL job"] [category=ddl] [jobID=21] [job="ID:21, Type:create table, State:synced, SchemaState:public, SchemaID:1, TableID:20, RowCount:0, ArgLen:0, start time: 2026-07-13 10:33:25.841 +0800 CST, Err:<nil>, ErrCount:0, SnapshotVersion:0, Version: v2"]
[2026/07/13 10:33:25.845 +08:00] [WARN] [global_controller.go:819] ["[resource group controller] resource group name does not exist"] [name=default]
[2026/07/13 10:33:25.845 +08:00] [WARN] [global_controller.go:819] ["[resource group controller] resource group name does not exist"] [name=default]
[2026/07/13 10:33:25.845 +08:00] [WARN] [global_controller.go:819] ["[resource group controller] resource group name does not exist"] [name=default]
[2026/07/13 10:33:25.845 +08:00] [INFO] [executor.go:7380] ["DDL job is finished"] [category=ddl] [jobID=21]
[2026/07/13 10:33:25.845 +08:00] [INFO] [session.go:5104] ["CRUCIAL OPERATION"] [conn=0] [schemaVersion=10] [cur_db=mysql] [sql="CREATE TABLE IF NOT EXISTS mysql.help_topic (\n\t\thelp_topic_id \t\tINT(10) UNSIGNED NOT NULL,\n\t\tname \t\t\t\tCHAR(64) NOT NULL,\n\t\thelp_category_id \tSMALLINT(5) UNSIGNED NOT NULL,\n\t\tdescription \t\tTEXT NOT NULL,\n\t\texample \t\t\tTEXT NOT NULL,\n\t\turl \t\t\t\tTEXT NOT NULL,\n\t\tPRIMARY KEY (help_topic_id) clustered,\n\t\tUNIQUE KEY name (name)\n\t\t) ENGINE=InnoDB DEFAULT CHARSET=utf8 STATS_PERSISTENT=0 COMMENT='help topics';"] [user=]
[2026/07/13 10:33:25.845 +08:00] [WARN] [global_controller.go:819] ["[resource group controller] resource group name does not exist"] [name=default]
[2026/07/13 10:33:25.845 +08:00] [INFO] [executor.go:7545] ["system variable tidb_scatter_region not found, use default value"] [category=ddl]
[2026/07/13 10:33:25.845 +08:00] [WARN] [global_controller.go:819] ["[resource group controller] resource group name does not exist"] [name=default]
[2026/07/13 10:33:25.846 +08:00] [WARN] [global_controller.go:819] ["[resource group controller] resource group name does not exist"] [name=default]
[2026/07/13 10:33:25.846 +08:00] [INFO] [job_submitter.go:118] ["add DDL jobs"] [category=ddl] ["batch count"=1] [jobs="ID:23, Type:create table, State:queueing, SchemaState:none, SchemaID:1, TableID:22, RowCount:0, ArgLen:1, start time: 2026-07-13 10:33:25.845 +0800 CST, Err:<nil>, ErrCount:0, SnapshotVersion:0, Version: v2; "] [fast_create=true]
[2026/07/13 10:33:25.846 +08:00] [INFO] [executor.go:7260] ["DDL job submitted"] [category=ddl] [job="ID:23, Type:create table, State:queueing, SchemaState:none, SchemaID:1, TableID:22, RowCount:0, ArgLen:1, start time: 2026-07-13 10:33:25.845 +0800 CST, Err:<nil>, ErrCount:0, SnapshotVersion:0, Version: v2"] [query="CREATE TABLE IF NOT EXISTS mysql.stats_meta (\n\t\tversion \t\t\t\t\tBIGINT(64) UNSIGNED NOT NULL,\n\t\ttable_id \t\t\t\t\tBIGINT(64) NOT NULL,\n\t\tmodify_count\t\t\t\tBIGINT(64) NOT NULL DEFAULT 0,\n\t\tcount \t\t\t\t\t\tBIGINT(64) UNSIGNED NOT NULL DEFAULT 0,\n\t\tsnapshot        \t\t\tBIGINT(64) UNSIGNED NOT NULL DEFAULT 0,\n\t\tlast_stats_histograms_version \tBIGINT(64) UNSIGNED DEFAULT NULL,\n\t\tPRIMARY KEY (table_id) CLUSTERED,\n\t\tINDEX idx_ver(version)\n\t);"]
[2026/07/13 10:33:25.846 +08:00] [WARN] [global_controller.go:819] ["[resource group controller] resource group name does not exist"] [name=default]
[2026/07/13 10:33:25.846 +08:00] [WARN] [global_controller.go:819] ["[resource group controller] resource group name does not exist"] [name=default]
[2026/07/13 10:33:25.846 +08:00] [INFO] [job_worker.go:854] ["run one job step"] [category=ddl] [jobID=23] [job="ID:23, Type:create table, State:queueing, SchemaState:none, SchemaID:1, TableID:22, RowCount:0, ArgLen:0, start time: 2026-07-13 10:33:25.845 +0800 CST, Err:<nil>, ErrCount:0, SnapshotVersion:0, Version: v2"]
[2026/07/13 10:33:25.846 +08:00] [WARN] [global_controller.go:819] ["[resource group controller] resource group name does not exist"] [name=default]
[2026/07/13 10:33:25.846 +08:00] [WARN] [global_controller.go:819] ["[resource group controller] resource group name does not exist"] [name=default]
[2026/07/13 10:33:25.847 +08:00] [WARN] [global_controller.go:819] ["[resource group controller] resource group name does not exist"] [name=default]
[2026/07/13 10:33:25.847 +08:00] [INFO] [loader.go:216] ["diff load InfoSchema success"] [mode=auto] [isV2=true] [currVer=10] [neededVer=11] [gotVer=11] ["elapsed time"=70.208µs] [phyTblIDs="[22]"] [actionTypes="[3]"] [diffTypes="[\"create table\"]"]
[2026/07/13 10:33:25.847 +08:00] [INFO] [syncer.go:258] ["session manager is nil"]
[2026/07/13 10:33:25.847 +08:00] [INFO] [syncer.go:281] ["mdl gets lock, update self version to owner"] [jobID=23] [version=11]
[2026/07/13 10:33:25.849 +08:00] [INFO] [schema_version.go:397] ["wait schema version synced success"] [category=ddl] [ver=11] [checkAssumedSvr=false] ["take time"=2.277916ms] [job="ID:23, Type:create table, State:done, SchemaState:public, SchemaID:1, TableID:22, RowCount:0, ArgLen:1, start time: 2026-07-13 10:33:25.845 +0800 CST, Err:<nil>, ErrCount:0, SnapshotVersion:0, Version: v2"] [summary="server count: 1"]
[2026/07/13 10:33:25.849 +08:00] [WARN] [global_controller.go:819] ["[resource group controller] resource group name does not exist"] [name=default]
[2026/07/13 10:33:25.849 +08:00] [WARN] [global_controller.go:819] ["[resource group controller] resource group name does not exist"] [name=default]
[2026/07/13 10:33:25.849 +08:00] [WARN] [global_controller.go:819] ["[resource group controller] resource group name does not exist"] [name=default]
[2026/07/13 10:33:25.849 +08:00] [WARN] [global_controller.go:819] ["[resource group controller] resource group name does not exist"] [name=default]
[2026/07/13 10:33:25.849 +08:00] [WARN] [global_controller.go:819] ["[resource group controller] resource group name does not exist"] [name=default]
[2026/07/13 10:33:25.849 +08:00] [INFO] [job_worker.go:447] ["finish DDL job"] [category=ddl] [jobID=23] [job="ID:23, Type:create table, State:synced, SchemaState:public, SchemaID:1, TableID:22, RowCount:0, ArgLen:0, start time: 2026-07-13 10:33:25.845 +0800 CST, Err:<nil>, ErrCount:0, SnapshotVersion:0, Version: v2"]
[2026/07/13 10:33:25.850 +08:00] [WARN] [global_controller.go:819] ["[resource group controller] resource group name does not exist"] [name=default]
[2026/07/13 10:33:25.850 +08:00] [WARN] [global_controller.go:819] ["[resource group controller] resource group name does not exist"] [name=default]
[2026/07/13 10:33:25.850 +08:00] [WARN] [global_controller.go:819] ["[resource group controller] resource group name does not exist"] [name=default]
[2026/07/13 10:33:25.850 +08:00] [INFO] [executor.go:7380] ["DDL job is finished"] [category=ddl] [jobID=23]
[2026/07/13 10:33:25.850 +08:00] [INFO] [session.go:5104] ["CRUCIAL OPERATION"] [conn=0] [schemaVersion=11] [cur_db=mysql] [sql="CREATE TABLE IF NOT EXISTS mysql.stats_meta (\n\t\tversion \t\t\t\t\tBIGINT(64) UNSIGNED NOT NULL,\n\t\ttable_id \t\t\t\t\tBIGINT(64) NOT NULL,\n\t\tmodify_count\t\t\t\tBIGINT(64) NOT NULL DEFAULT 0,\n\t\tcount \t\t\t\t\t\tBIGINT(64) UNSIGNED NOT NULL DEFAULT 0,\n\t\tsnapshot        \t\t\tBIGINT(64) UNSIGNED NOT NULL DEFAULT 0,\n\t\tlast_stats_histograms_version \tBIGINT(64) UNSIGNED DEFAULT NULL,\n\t\tPRIMARY KEY (table_id) CLUSTERED,\n\t\tINDEX idx_ver(version)\n\t);"] [user=]
[2026/07/13 10:33:25.850 +08:00] [WARN] [global_controller.go:819] ["[resource group controller] resource group name does not exist"] [name=default]
[2026/07/13 10:33:25.850 +08:00] [INFO] [add_column.go:1339] ["Automatically convert BLOB(6291456) to MEDIUMBLOB"] [category=ddl]
[2026/07/13 10:33:25.850 +08:00] [INFO] [executor.go:7545] ["system variable tidb_scatter_region not found, use default value"] [category=ddl]
[2026/07/13 10:33:25.850 +08:00] [WARN] [global_controller.go:819] ["[resource group controller] resource group name does not exist"] [name=default]
[2026/07/13 10:33:25.851 +08:00] [WARN] [global_controller.go:819] ["[resource group controller] resource group name does not exist"] [name=default]
[2026/07/13 10:33:25.851 +08:00] [INFO] [job_submitter.go:118] ["add DDL jobs"] [category=ddl] ["batch count"=1] [jobs="ID:25, Type:create table, State:queueing, SchemaState:none, SchemaID:1, TableID:24, RowCount:0, ArgLen:1, start time: 2026-07-13 10:33:25.85 +0800 CST, Err:<nil>, ErrCount:0, SnapshotVersion:0, Version: v2; "] [fast_create=true]
[2026/07/13 10:33:25.851 +08:00] [INFO] [executor.go:7260] ["DDL job submitted"] [category=ddl] [job="ID:25, Type:create table, State:queueing, SchemaState:none, SchemaID:1, TableID:24, RowCount:0, ArgLen:1, start time: 2026-07-13 10:33:25.85 +0800 CST, Err:<nil>, ErrCount:0, SnapshotVersion:0, Version: v2"] [query="CREATE TABLE IF NOT EXISTS mysql.stats_histograms (\n\t\ttable_id \t\t\tBIGINT(64) NOT NULL,\n\t\tis_index \t\t\tTINYINT(2) NOT NULL,\n\t\thist_id \t\t\tBIGINT(64) NOT NULL,\n\t\tdistinct_count \t\tBIGINT(64) NOT NULL,\n\t\tnull_count \t\t\tBIGINT(64) NOT NULL DEFAULT 0,\n\t\ttot_col_size \t\tBIGINT(64) NOT NULL DEFAULT 0,\n\t\tmodify_count \t\tBIGINT(64) NOT NULL DEFAULT 0,\n\t\tversion \t\t\tBIGINT(64) UNSIGNED NOT NULL DEFAULT 0,\n\t\tcm_sketch \t\t\tBLOB(6291456),\n\t\tstats_ver \t\t\tBIGINT(64) NOT NULL DEFAULT 0,\n\t\tflag \t\t\t\tBIGINT(64) NOT NULL DEFAULT 0,\n\t\tcorrelation \t\tDOUBLE NOT NULL DEFAULT 0,\n\t\tlast_analyze_pos \tLONGBLOB DEFAULT NULL,\n\t\tPRIMARY KEY (table_id, is_index, hist_id) CLUSTERED\n\t);"]
[2026/07/13 10:33:25.851 +08:00] [WARN] [global_controller.go:819] ["[resource group controller] resource group name does not exist"] [name=default]
[2026/07/13 10:33:25.851 +08:00] [WARN] [global_controller.go:819] ["[resource group controller] resource group name does not exist"] [name=default]
[2026/07/13 10:33:25.851 +08:00] [INFO] [job_worker.go:854] ["run one job step"] [category=ddl] [jobID=25] [job="ID:25, Type:create table, State:queueing, SchemaState:none, SchemaID:1, TableID:24, RowCount:0, ArgLen:0, start time: 2026-07-13 10:33:25.85 +0800 CST, Err:<nil>, ErrCount:0, SnapshotVersion:0, Version: v2"]
[2026/07/13 10:33:25.851 +08:00] [WARN] [global_controller.go:819] ["[resource group controller] resource group name does not exist"] [name=default]
[2026/07/13 10:33:25.851 +08:00] [WARN] [global_controller.go:819] ["[resource group controller] resource group name does not exist"] [name=default]
[2026/07/13 10:33:25.852 +08:00] [WARN] [global_controller.go:819] ["[resource group controller] resource group name does not exist"] [name=default]
[2026/07/13 10:33:25.852 +08:00] [INFO] [loader.go:216] ["diff load InfoSchema success"] [mode=auto] [isV2=true] [currVer=11] [neededVer=12] [gotVer=12] ["elapsed time"=118.5µs] [phyTblIDs="[24]"] [actionTypes="[3]"] [diffTypes="[\"create table\"]"]
[2026/07/13 10:33:25.852 +08:00] [INFO] [syncer.go:258] ["session manager is nil"]
[2026/07/13 10:33:25.852 +08:00] [INFO] [syncer.go:281] ["mdl gets lock, update self version to owner"] [jobID=25] [version=12]
[2026/07/13 10:33:25.854 +08:00] [INFO] [schema_version.go:397] ["wait schema version synced success"] [category=ddl] [ver=12] [checkAssumedSvr=false] ["take time"=2.044875ms] [job="ID:25, Type:create table, State:done, SchemaState:public, SchemaID:1, TableID:24, RowCount:0, ArgLen:1, start time: 2026-07-13 10:33:25.85 +0800 CST, Err:<nil>, ErrCount:0, SnapshotVersion:0, Version: v2"] [summary="server count: 1"]
[2026/07/13 10:33:25.854 +08:00] [WARN] [global_controller.go:819] ["[resource group controller] resource group name does not exist"] [name=default]
[2026/07/13 10:33:25.854 +08:00] [WARN] [global_controller.go:819] ["[resource group controller] resource group name does not exist"] [name=default]
[2026/07/13 10:33:25.854 +08:00] [WARN] [global_controller.go:819] ["[resource group controller] resource group name does not exist"] [name=default]
[2026/07/13 10:33:25.854 +08:00] [WARN] [global_controller.go:819] ["[resource group controller] resource group name does not exist"] [name=default]
[2026/07/13 10:33:25.854 +08:00] [WARN] [global_controller.go:819] ["[resource group controller] resource group name does not exist"] [name=default]
[2026/07/13 10:33:25.854 +08:00] [INFO] [job_worker.go:447] ["finish DDL job"] [category=ddl] [jobID=25] [job="ID:25, Type:create table, State:synced, SchemaState:public, SchemaID:1, TableID:24, RowCount:0, ArgLen:0, start time: 2026-07-13 10:33:25.85 +0800 CST, Err:<nil>, ErrCount:0, SnapshotVersion:0, Version: v2"]
[2026/07/13 10:33:25.855 +08:00] [WARN] [global_controller.go:819] ["[resource group controller] resource group name does not exist"] [name=default]
[2026/07/13 10:33:25.855 +08:00] [WARN] [global_controller.go:819] ["[resource group controller] resource group name does not exist"] [name=default]
[2026/07/13 10:33:25.855 +08:00] [WARN] [global_controller.go:819] ["[resource group controller] resource group name does not exist"] [name=default]
[2026/07/13 10:33:25.855 +08:00] [INFO] [executor.go:7380] ["DDL job is finished"] [category=ddl] [jobID=25]
[2026/07/13 10:33:25.855 +08:00] [WARN] [global_controller.go:819] ["[resource group controller] resource group name does not exist"] [name=default]
[2026/07/13 10:33:25.855 +08:00] [INFO] [session.go:5104] ["CRUCIAL OPERATION"] [conn=0] [schemaVersion=12] [cur_db=mysql] [sql="CREATE TABLE IF NOT EXISTS mysql.stats_histograms (\n\t\ttable_id \t\t\tBIGINT(64) NOT NULL,\n\t\tis_index \t\t\tTINYINT(2) NOT NULL,\n\t\thist_id \t\t\tBIGINT(64) NOT NULL,\n\t\tdistinct_count \t\tBIGINT(64) NOT NULL,\n\t\tnull_count \t\t\tBIGINT(64) NOT NULL DEFAULT 0,\n\t\ttot_col_size \t\tBIGINT(64) NOT NULL DEFAULT 0,\n\t\tmodify_count \t\tBIGINT(64) NOT NULL DEFAULT 0,\n\t\tversion \t\t\tBIGINT(64) UNSIGNED NOT NULL DEFAULT 0,\n\t\tcm_sketch \t\t\tBLOB(6291456),\n\t\tstats_ver \t\t\tBIGINT(64) NOT NULL DEFAULT 0,\n\t\tflag \t\t\t\tBIGINT(64) NOT NULL DEFAULT 0,\n\t\tcorrelation \t\tDOUBLE NOT NULL DEFAULT 0,\n\t\tlast_analyze_pos \tLONGBLOB DEFAULT NULL,\n\t\tPRIMARY KEY (table_id, is_index, hist_id) CLUSTERED\n\t);"] [user=]
[2026/07/13 10:33:25.855 +08:00] [INFO] [executor.go:7545] ["system variable tidb_scatter_region not found, use default value"] [category=ddl]
[2026/07/13 10:33:25.856 +08:00] [WARN] [global_controller.go:819] ["[resource group controller] resource group name does not exist"] [name=default]
[2026/07/13 10:33:25.856 +08:00] [WARN] [global_controller.go:819] ["[resource group controller] resource group name does not exist"] [name=default]
[2026/07/13 10:33:25.856 +08:00] [INFO] [job_submitter.go:118] ["add DDL jobs"] [category=ddl] ["batch count"=1] [jobs="ID:27, Type:create table, State:queueing, SchemaState:none, SchemaID:1, TableID:26, RowCount:0, ArgLen:1, start time: 2026-07-13 10:33:25.856 +0800 CST, Err:<nil>, ErrCount:0, SnapshotVersion:0, Version: v2; "] [fast_create=true]
[2026/07/13 10:33:25.856 +08:00] [INFO] [executor.go:7260] ["DDL job submitted"] [category=ddl] [job="ID:27, Type:create table, State:queueing, SchemaState:none, SchemaID:1, TableID:26, RowCount:0, ArgLen:1, start time: 2026-07-13 10:33:25.856 +0800 CST, Err:<nil>, ErrCount:0, SnapshotVersion:0, Version: v2"] [query="CREATE TABLE IF NOT EXISTS mysql.stats_buckets (\n\t\ttable_id \tBIGINT(64) NOT NULL,\n\t\tis_index \tTINYINT(2) NOT NULL,\n\t\thist_id \tBIGINT(64) NOT NULL,\n\t\tbucket_id \tBIGINT(64) NOT NULL,\n\t\tcount \t\tBIGINT(64) NOT NULL,\n\t\trepeats \tBIGINT(64) NOT NULL,\n\t\tupper_bound LONGBLOB NOT NULL,\n\t\tlower_bound LONGBLOB ,\n\t\tndv         BIGINT NOT NULL DEFAULT 0,\n\t\tPRIMARY KEY (table_id, is_index, hist_id, bucket_id) CLUSTERED\n\t);"]
[2026/07/13 10:33:25.856 +08:00] [WARN] [global_controller.go:819] ["[resource group controller] resource group name does not exist"] [name=default]
[2026/07/13 10:33:25.856 +08:00] [WARN] [global_controller.go:819] ["[resource group controller] resource group name does not exist"] [name=default]
[2026/07/13 10:33:25.856 +08:00] [INFO] [job_worker.go:854] ["run one job step"] [category=ddl] [jobID=27] [job="ID:27, Type:create table, State:queueing, SchemaState:none, SchemaID:1, TableID:26, RowCount:0, ArgLen:0, start time: 2026-07-13 10:33:25.856 +0800 CST, Err:<nil>, ErrCount:0, SnapshotVersion:0, Version: v2"]
[2026/07/13 10:33:25.856 +08:00] [WARN] [global_controller.go:819] ["[resource group controller] resource group name does not exist"] [name=default]
[2026/07/13 10:33:25.857 +08:00] [WARN] [global_controller.go:819] ["[resource group controller] resource group name does not exist"] [name=default]
[2026/07/13 10:33:25.857 +08:00] [WARN] [global_controller.go:819] ["[resource group controller] resource group name does not exist"] [name=default]
[2026/07/13 10:33:25.857 +08:00] [INFO] [loader.go:216] ["diff load InfoSchema success"] [mode=auto] [isV2=true] [currVer=12] [neededVer=13] [gotVer=13] ["elapsed time"=85.458µs] [phyTblIDs="[26]"] [actionTypes="[3]"] [diffTypes="[\"create table\"]"]
[2026/07/13 10:33:25.857 +08:00] [INFO] [syncer.go:258] ["session manager is nil"]
[2026/07/13 10:33:25.857 +08:00] [INFO] [syncer.go:281] ["mdl gets lock, update self version to owner"] [jobID=27] [version=13]
[2026/07/13 10:33:25.859 +08:00] [INFO] [schema_version.go:397] ["wait schema version synced success"] [category=ddl] [ver=13] [checkAssumedSvr=false] ["take time"=2.429459ms] [job="ID:27, Type:create table, State:done, SchemaState:public, SchemaID:1, TableID:26, RowCount:0, ArgLen:1, start time: 2026-07-13 10:33:25.856 +0800 CST, Err:<nil>, ErrCount:0, SnapshotVersion:0, Version: v2"] [summary="server count: 1"]
[2026/07/13 10:33:25.859 +08:00] [WARN] [global_controller.go:819] ["[resource group controller] resource group name does not exist"] [name=default]
[2026/07/13 10:33:25.860 +08:00] [WARN] [global_controller.go:819] ["[resource group controller] resource group name does not exist"] [name=default]
[2026/07/13 10:33:25.860 +08:00] [WARN] [global_controller.go:819] ["[resource group controller] resource group name does not exist"] [name=default]
[2026/07/13 10:33:25.860 +08:00] [WARN] [global_controller.go:819] ["[resource group controller] resource group name does not exist"] [name=default]
[2026/07/13 10:33:25.860 +08:00] [WARN] [global_controller.go:819] ["[resource group controller] resource group name does not exist"] [name=default]
[2026/07/13 10:33:25.860 +08:00] [INFO] [job_worker.go:447] ["finish DDL job"] [category=ddl] [jobID=27] [job="ID:27, Type:create table, State:synced, SchemaState:public, SchemaID:1, TableID:26, RowCount:0, ArgLen:0, start time: 2026-07-13 10:33:25.856 +0800 CST, Err:<nil>, ErrCount:0, SnapshotVersion:0, Version: v2"]
[2026/07/13 10:33:25.860 +08:00] [WARN] [global_controller.go:819] ["[resource group controller] resource group name does not exist"] [name=default]
[2026/07/13 10:33:25.860 +08:00] [WARN] [global_controller.go:819] ["[resource group controller] resource group name does not exist"] [name=default]
[2026/07/13 10:33:25.860 +08:00] [WARN] [global_controller.go:819] ["[resource group controller] resource group name does not exist"] [name=default]
[2026/07/13 10:33:25.860 +08:00] [INFO] [executor.go:7380] ["DDL job is finished"] [category=ddl] [jobID=27]
[2026/07/13 10:33:25.860 +08:00] [INFO] [session.go:5104] ["CRUCIAL OPERATION"] [conn=0] [schemaVersion=13] [cur_db=mysql] [sql="CREATE TABLE IF NOT EXISTS mysql.stats_buckets (\n\t\ttable_id \tBIGINT(64) NOT NULL,\n\t\tis_index \tTINYINT(2) NOT NULL,\n\t\thist_id \tBIGINT(64) NOT NULL,\n\t\tbucket_id \tBIGINT(64) NOT NULL,\n\t\tcount \t\tBIGINT(64) NOT NULL,\n\t\trepeats \tBIGINT(64) NOT NULL,\n\t\tupper_bound LONGBLOB NOT NULL,\n\t\tlower_bound LONGBLOB ,\n\t\tndv         BIGINT NOT NULL DEFAULT 0,\n\t\tPRIMARY KEY (table_id, is_index, hist_id, bucket_id) CLUSTERED\n\t);"] [user=]
[2026/07/13 10:33:25.861 +08:00] [WARN] [global_controller.go:819] ["[resource group controller] resource group name does not exist"] [name=default]
[2026/07/13 10:33:25.861 +08:00] [INFO] [executor.go:7545] ["system variable tidb_scatter_region not found, use default value"] [category=ddl]
[2026/07/13 10:33:25.861 +08:00] [WARN] [global_controller.go:819] ["[resource group controller] resource group name does not exist"] [name=default]
[2026/07/13 10:33:25.861 +08:00] [WARN] [global_controller.go:819] ["[resource group controller] resource group name does not exist"] [name=default]
[2026/07/13 10:33:25.861 +08:00] [INFO] [job_submitter.go:118] ["add DDL jobs"] [category=ddl] ["batch count"=1] [jobs="ID:29, Type:create table, State:queueing, SchemaState:none, SchemaID:1, TableID:28, RowCount:0, ArgLen:1, start time: 2026-07-13 10:33:25.861 +0800 CST, Err:<nil>, ErrCount:0, SnapshotVersion:0, Version: v2; "] [fast_create=true]
[2026/07/13 10:33:25.861 +08:00] [INFO] [executor.go:7260] ["DDL job submitted"] [category=ddl] [job="ID:29, Type:create table, State:queueing, SchemaState:none, SchemaID:1, TableID:28, RowCount:0, ArgLen:1, start time: 2026-07-13 10:33:25.861 +0800 CST, Err:<nil>, ErrCount:0, SnapshotVersion:0, Version: v2"] [query="CREATE TABLE IF NOT EXISTS mysql.gc_delete_range (\n\t\tjob_id \t\tBIGINT NOT NULL COMMENT \"the DDL job ID\",\n\t\telement_id \tBIGINT NOT NULL COMMENT \"the schema element ID\",\n\t\tstart_key \tVARCHAR(255) NOT NULL COMMENT \"encoded in hex\",\n\t\tend_key \tVARCHAR(255) NOT NULL COMMENT \"encoded in hex\",\n\t\tts \t\t\tBIGINT NOT NULL COMMENT \"timestamp in uint64\",\n\t\tUNIQUE KEY delete_range_index (job_id, element_id)\n\t);"]
[2026/07/13 10:33:25.861 +08:00] [WARN] [global_controller.go:819] ["[resource group controller] resource group name does not exist"] [name=default]
[2026/07/13 10:33:25.862 +08:00] [WARN] [global_controller.go:819] ["[resource group controller] resource group name does not exist"] [name=default]
[2026/07/13 10:33:25.862 +08:00] [INFO] [job_worker.go:854] ["run one job step"] [category=ddl] [jobID=29] [job="ID:29, Type:create table, State:queueing, SchemaState:none, SchemaID:1, TableID:28, RowCount:0, ArgLen:0, start time: 2026-07-13 10:33:25.861 +0800 CST, Err:<nil>, ErrCount:0, SnapshotVersion:0, Version: v2"]
[2026/07/13 10:33:25.862 +08:00] [WARN] [global_controller.go:819] ["[resource group controller] resource group name does not exist"] [name=default]
[2026/07/13 10:33:25.862 +08:00] [WARN] [global_controller.go:819] ["[resource group controller] resource group name does not exist"] [name=default]
[2026/07/13 10:33:25.862 +08:00] [WARN] [global_controller.go:819] ["[resource group controller] resource group name does not exist"] [name=default]
[2026/07/13 10:33:25.862 +08:00] [INFO] [loader.go:216] ["diff load InfoSchema success"] [mode=auto] [isV2=true] [currVer=13] [neededVer=14] [gotVer=14] ["elapsed time"=68.667µs] [phyTblIDs="[28]"] [actionTypes="[3]"] [diffTypes="[\"create table\"]"]
[2026/07/13 10:33:25.862 +08:00] [INFO] [syncer.go:258] ["session manager is nil"]
[2026/07/13 10:33:25.862 +08:00] [INFO] [syncer.go:281] ["mdl gets lock, update self version to owner"] [jobID=29] [version=14]
[2026/07/13 10:33:25.864 +08:00] [INFO] [schema_version.go:397] ["wait schema version synced success"] [category=ddl] [ver=14] [checkAssumedSvr=false] ["take time"=2.134333ms] [job="ID:29, Type:create table, State:done, SchemaState:public, SchemaID:1, TableID:28, RowCount:0, ArgLen:1, start time: 2026-07-13 10:33:25.861 +0800 CST, Err:<nil>, ErrCount:0, SnapshotVersion:0, Version: v2"] [summary="server count: 1"]
[2026/07/13 10:33:25.864 +08:00] [WARN] [global_controller.go:819] ["[resource group controller] resource group name does not exist"] [name=default]
[2026/07/13 10:33:25.864 +08:00] [WARN] [global_controller.go:819] ["[resource group controller] resource group name does not exist"] [name=default]
[2026/07/13 10:33:25.865 +08:00] [WARN] [global_controller.go:819] ["[resource group controller] resource group name does not exist"] [name=default]
[2026/07/13 10:33:25.865 +08:00] [WARN] [global_controller.go:819] ["[resource group controller] resource group name does not exist"] [name=default]
[2026/07/13 10:33:25.865 +08:00] [WARN] [global_controller.go:819] ["[resource group controller] resource group name does not exist"] [name=default]
[2026/07/13 10:33:25.865 +08:00] [INFO] [job_worker.go:447] ["finish DDL job"] [category=ddl] [jobID=29] [job="ID:29, Type:create table, State:synced, SchemaState:public, SchemaID:1, TableID:28, RowCount:0, ArgLen:0, start time: 2026-07-13 10:33:25.861 +0800 CST, Err:<nil>, ErrCount:0, SnapshotVersion:0, Version: v2"]
[2026/07/13 10:33:25.865 +08:00] [WARN] [global_controller.go:819] ["[resource group controller] resource group name does not exist"] [name=default]
[2026/07/13 10:33:25.865 +08:00] [WARN] [global_controller.go:819] ["[resource group controller] resource group name does not exist"] [name=default]
[2026/07/13 10:33:25.865 +08:00] [WARN] [global_controller.go:819] ["[resource group controller] resource group name does not exist"] [name=default]
[2026/07/13 10:33:25.865 +08:00] [INFO] [executor.go:7380] ["DDL job is finished"] [category=ddl] [jobID=29]
[2026/07/13 10:33:25.865 +08:00] [INFO] [session.go:5104] ["CRUCIAL OPERATION"] [conn=0] [schemaVersion=14] [cur_db=mysql] [sql="CREATE TABLE IF NOT EXISTS mysql.gc_delete_range (\n\t\tjob_id \t\tBIGINT NOT NULL COMMENT \"the DDL job ID\",\n\t\telement_id \tBIGINT NOT NULL COMMENT \"the schema element ID\",\n\t\tstart_key \tVARCHAR(255) NOT NULL COMMENT \"encoded in hex\",\n\t\tend_key \tVARCHAR(255) NOT NULL COMMENT \"encoded in hex\",\n\t\tts \t\t\tBIGINT NOT NULL COMMENT \"timestamp in uint64\",\n\t\tUNIQUE KEY delete_range_index (job_id, element_id)\n\t);"] [user=]
[2026/07/13 10:33:25.865 +08:00] [INFO] [executor.go:7545] ["system variable tidb_scatter_region not found, use default value"] [category=ddl]
[2026/07/13 10:33:25.865 +08:00] [WARN] [global_controller.go:819] ["[resource group controller] resource group name does not exist"] [name=default]
[2026/07/13 10:33:25.866 +08:00] [WARN] [global_controller.go:819] ["[resource group controller] resource group name does not exist"] [name=default]
[2026/07/13 10:33:25.866 +08:00] [WARN] [global_controller.go:819] ["[resource group controller] resource group name does not exist"] [name=default]
[2026/07/13 10:33:25.866 +08:00] [INFO] [job_submitter.go:118] ["add DDL jobs"] [category=ddl] ["batch count"=1] [jobs="ID:31, Type:create table, State:queueing, SchemaState:none, SchemaID:1, TableID:30, RowCount:0, ArgLen:1, start time: 2026-07-13 10:33:25.866 +0800 CST, Err:<nil>, ErrCount:0, SnapshotVersion:0, Version: v2; "] [fast_create=true]
[2026/07/13 10:33:25.866 +08:00] [INFO] [executor.go:7260] ["DDL job submitted"] [category=ddl] [job="ID:31, Type:create table, State:queueing, SchemaState:none, SchemaID:1, TableID:30, RowCount:0, ArgLen:1, start time: 2026-07-13 10:33:25.866 +0800 CST, Err:<nil>, ErrCount:0, SnapshotVersion:0, Version: v2"] [query="CREATE TABLE IF NOT EXISTS mysql.gc_delete_range_done (\n\t\tjob_id \t\tBIGINT NOT NULL COMMENT \"the DDL job ID\",\n\t\telement_id \tBIGINT NOT NULL COMMENT \"the schema element ID\",\n\t\tstart_key \tVARCHAR(255) NOT NULL COMMENT \"encoded in hex\",\n\t\tend_key \tVARCHAR(255) NOT NULL COMMENT \"encoded in hex\",\n\t\tts \t\t\tBIGINT NOT NULL COMMENT \"timestamp in uint64\",\n\t\tUNIQUE KEY delete_range_done_index (job_id, element_id)\n\t);"]
[2026/07/13 10:33:25.866 +08:00] [WARN] [global_controller.go:819] ["[resource group controller] resource group name does not exist"] [name=default]
[2026/07/13 10:33:25.866 +08:00] [WARN] [global_controller.go:819] ["[resource group controller] resource group name does not exist"] [name=default]
[2026/07/13 10:33:25.866 +08:00] [INFO] [job_worker.go:854] ["run one job step"] [category=ddl] [jobID=31] [job="ID:31, Type:create table, State:queueing, SchemaState:none, SchemaID:1, TableID:30, RowCount:0, ArgLen:0, start time: 2026-07-13 10:33:25.866 +0800 CST, Err:<nil>, ErrCount:0, SnapshotVersion:0, Version: v2"]
[2026/07/13 10:33:25.866 +08:00] [WARN] [global_controller.go:819] ["[resource group controller] resource group name does not exist"] [name=default]
[2026/07/13 10:33:25.866 +08:00] [WARN] [global_controller.go:819] ["[resource group controller] resource group name does not exist"] [name=default]
[2026/07/13 10:33:25.867 +08:00] [WARN] [global_controller.go:819] ["[resource group controller] resource group name does not exist"] [name=default]
[2026/07/13 10:33:25.867 +08:00] [INFO] [loader.go:216] ["diff load InfoSchema success"] [mode=auto] [isV2=true] [currVer=14] [neededVer=15] [gotVer=15] ["elapsed time"=73µs] [phyTblIDs="[30]"] [actionTypes="[3]"] [diffTypes="[\"create table\"]"]
[2026/07/13 10:33:25.867 +08:00] [INFO] [syncer.go:258] ["session manager is nil"]
[2026/07/13 10:33:25.867 +08:00] [INFO] [syncer.go:281] ["mdl gets lock, update self version to owner"] [jobID=31] [version=15]
[2026/07/13 10:33:25.869 +08:00] [INFO] [schema_version.go:397] ["wait schema version synced success"] [category=ddl] [ver=15] [checkAssumedSvr=false] ["take time"=2.329041ms] [job="ID:31, Type:create table, State:done, SchemaState:public, SchemaID:1, TableID:30, RowCount:0, ArgLen:1, start time: 2026-07-13 10:33:25.866 +0800 CST, Err:<nil>, ErrCount:0, SnapshotVersion:0, Version: v2"] [summary="server count: 1"]
[2026/07/13 10:33:25.869 +08:00] [WARN] [global_controller.go:819] ["[resource group controller] resource group name does not exist"] [name=default]
[2026/07/13 10:33:25.869 +08:00] [WARN] [global_controller.go:819] ["[resource group controller] resource group name does not exist"] [name=default]
[2026/07/13 10:33:25.869 +08:00] [WARN] [global_controller.go:819] ["[resource group controller] resource group name does not exist"] [name=default]
[2026/07/13 10:33:25.869 +08:00] [WARN] [global_controller.go:819] ["[resource group controller] resource group name does not exist"] [name=default]
[2026/07/13 10:33:25.869 +08:00] [WARN] [global_controller.go:819] ["[resource group controller] resource group name does not exist"] [name=default]
[2026/07/13 10:33:25.869 +08:00] [INFO] [job_worker.go:447] ["finish DDL job"] [category=ddl] [jobID=31] [job="ID:31, Type:create table, State:synced, SchemaState:public, SchemaID:1, TableID:30, RowCount:0, ArgLen:0, start time: 2026-07-13 10:33:25.866 +0800 CST, Err:<nil>, ErrCount:0, SnapshotVersion:0, Version: v2"]
[2026/07/13 10:33:25.870 +08:00] [WARN] [global_controller.go:819] ["[resource group controller] resource group name does not exist"] [name=default]
[2026/07/13 10:33:25.870 +08:00] [WARN] [global_controller.go:819] ["[resource group controller] resource group name does not exist"] [name=default]
[2026/07/13 10:33:25.870 +08:00] [WARN] [global_controller.go:819] ["[resource group controller] resource group name does not exist"] [name=default]
[2026/07/13 10:33:25.870 +08:00] [INFO] [executor.go:7380] ["DDL job is finished"] [category=ddl] [jobID=31]
[2026/07/13 10:33:25.870 +08:00] [INFO] [session.go:5104] ["CRUCIAL OPERATION"] [conn=0] [schemaVersion=15] [cur_db=mysql] [sql="CREATE TABLE IF NOT EXISTS mysql.gc_delete_range_done (\n\t\tjob_id \t\tBIGINT NOT NULL COMMENT \"the DDL job ID\",\n\t\telement_id \tBIGINT NOT NULL COMMENT \"the schema element ID\",\n\t\tstart_key \tVARCHAR(255) NOT NULL COMMENT \"encoded in hex\",\n\t\tend_key \tVARCHAR(255) NOT NULL COMMENT \"encoded in hex\",\n\t\tts \t\t\tBIGINT NOT NULL COMMENT \"timestamp in uint64\",\n\t\tUNIQUE KEY delete_range_done_index (job_id, element_id)\n\t);"] [user=]
[2026/07/13 10:33:25.870 +08:00] [INFO] [executor.go:7545] ["system variable tidb_scatter_region not found, use default value"] [category=ddl]
[2026/07/13 10:33:25.870 +08:00] [WARN] [global_controller.go:819] ["[resource group controller] resource group name does not exist"] [name=default]
[2026/07/13 10:33:25.870 +08:00] [WARN] [global_controller.go:819] ["[resource group controller] resource group name does not exist"] [name=default]
[2026/07/13 10:33:25.871 +08:00] [WARN] [global_controller.go:819] ["[resource group controller] resource group name does not exist"] [name=default]
[2026/07/13 10:33:25.871 +08:00] [INFO] [job_submitter.go:118] ["add DDL jobs"] [category=ddl] ["batch count"=1] [jobs="ID:33, Type:create table, State:queueing, SchemaState:none, SchemaID:1, TableID:32, RowCount:0, ArgLen:1, start time: 2026-07-13 10:33:25.87 +0800 CST, Err:<nil>, ErrCount:0, SnapshotVersion:0, Version: v2; "] [fast_create=true]
[2026/07/13 10:33:25.871 +08:00] [INFO] [executor.go:7260] ["DDL job submitted"] [category=ddl] [job="ID:33, Type:create table, State:queueing, SchemaState:none, SchemaID:1, TableID:32, RowCount:0, ArgLen:1, start time: 2026-07-13 10:33:25.87 +0800 CST, Err:<nil>, ErrCount:0, SnapshotVersion:0, Version: v2"] [query="CREATE TABLE IF NOT EXISTS mysql.stats_feedback (\n\t\ttable_id \tBIGINT(64) NOT NULL,\n\t\tis_index \tTINYINT(2) NOT NULL,\n\t\thist_id \tBIGINT(64) NOT NULL,\n\t\tfeedback \tBLOB NOT NULL,\n\t\tINDEX hist(table_id, is_index, hist_id)\n\t);"]
[2026/07/13 10:33:25.871 +08:00] [WARN] [global_controller.go:819] ["[resource group controller] resource group name does not exist"] [name=default]
[2026/07/13 10:33:25.871 +08:00] [WARN] [global_controller.go:819] ["[resource group controller] resource group name does not exist"] [name=default]
[2026/07/13 10:33:25.871 +08:00] [INFO] [job_worker.go:854] ["run one job step"] [category=ddl] [jobID=33] [job="ID:33, Type:create table, State:queueing, SchemaState:none, SchemaID:1, TableID:32, RowCount:0, ArgLen:0, start time: 2026-07-13 10:33:25.87 +0800 CST, Err:<nil>, ErrCount:0, SnapshotVersion:0, Version: v2"]
[2026/07/13 10:33:25.871 +08:00] [WARN] [global_controller.go:819] ["[resource group controller] resource group name does not exist"] [name=default]
[2026/07/13 10:33:25.871 +08:00] [WARN] [global_controller.go:819] ["[resource group controller] resource group name does not exist"] [name=default]
[2026/07/13 10:33:25.871 +08:00] [WARN] [global_controller.go:819] ["[resource group controller] resource group name does not exist"] [name=default]
[2026/07/13 10:33:25.871 +08:00] [INFO] [loader.go:216] ["diff load InfoSchema success"] [mode=auto] [isV2=true] [currVer=15] [neededVer=16] [gotVer=16] ["elapsed time"=74.542µs] [phyTblIDs="[32]"] [actionTypes="[3]"] [diffTypes="[\"create table\"]"]
[2026/07/13 10:33:25.872 +08:00] [INFO] [syncer.go:258] ["session manager is nil"]
[2026/07/13 10:33:25.872 +08:00] [INFO] [syncer.go:281] ["mdl gets lock, update self version to owner"] [jobID=33] [version=16]
[2026/07/13 10:33:25.873 +08:00] [INFO] [schema_version.go:397] ["wait schema version synced success"] [category=ddl] [ver=16] [checkAssumedSvr=false] ["take time"=2.092916ms] [job="ID:33, Type:create table, State:done, SchemaState:public, SchemaID:1, TableID:32, RowCount:0, ArgLen:1, start time: 2026-07-13 10:33:25.87 +0800 CST, Err:<nil>, ErrCount:0, SnapshotVersion:0, Version: v2"] [summary="server count: 1"]
[2026/07/13 10:33:25.874 +08:00] [WARN] [global_controller.go:819] ["[resource group controller] resource group name does not exist"] [name=default]
[2026/07/13 10:33:25.874 +08:00] [WARN] [global_controller.go:819] ["[resource group controller] resource group name does not exist"] [name=default]
[2026/07/13 10:33:25.874 +08:00] [WARN] [global_controller.go:819] ["[resource group controller] resource group name does not exist"] [name=default]
[2026/07/13 10:33:25.874 +08:00] [WARN] [global_controller.go:819] ["[resource group controller] resource group name does not exist"] [name=default]
[2026/07/13 10:33:25.874 +08:00] [WARN] [global_controller.go:819] ["[resource group controller] resource group name does not exist"] [name=default]
[2026/07/13 10:33:25.874 +08:00] [INFO] [job_worker.go:447] ["finish DDL job"] [category=ddl] [jobID=33] [job="ID:33, Type:create table, State:synced, SchemaState:public, SchemaID:1, TableID:32, RowCount:0, ArgLen:0, start time: 2026-07-13 10:33:25.87 +0800 CST, Err:<nil>, ErrCount:0, SnapshotVersion:0, Version: v2"]
[2026/07/13 10:33:25.874 +08:00] [WARN] [global_controller.go:819] ["[resource group controller] resource group name does not exist"] [name=default]
[2026/07/13 10:33:25.874 +08:00] [WARN] [global_controller.go:819] ["[resource group controller] resource group name does not exist"] [name=default]
[2026/07/13 10:33:25.874 +08:00] [WARN] [global_controller.go:819] ["[resource group controller] resource group name does not exist"] [name=default]
[2026/07/13 10:33:25.874 +08:00] [INFO] [executor.go:7380] ["DDL job is finished"] [category=ddl] [jobID=33]
[2026/07/13 10:33:25.874 +08:00] [INFO] [session.go:5104] ["CRUCIAL OPERATION"] [conn=0] [schemaVersion=16] [cur_db=mysql] [sql="CREATE TABLE IF NOT EXISTS mysql.stats_feedback (\n\t\ttable_id \tBIGINT(64) NOT NULL,\n\t\tis_index \tTINYINT(2) NOT NULL,\n\t\thist_id \tBIGINT(64) NOT NULL,\n\t\tfeedback \tBLOB NOT NULL,\n\t\tINDEX hist(table_id, is_index, hist_id)\n\t);"] [user=]
[2026/07/13 10:33:25.875 +08:00] [WARN] [global_controller.go:819] ["[resource group controller] resource group name does not exist"] [name=default]
[2026/07/13 10:33:25.875 +08:00] [INFO] [executor.go:7545] ["system variable tidb_scatter_region not found, use default value"] [category=ddl]
[2026/07/13 10:33:25.875 +08:00] [WARN] [global_controller.go:819] ["[resource group controller] resource group name does not exist"] [name=default]
[2026/07/13 10:33:25.875 +08:00] [WARN] [global_controller.go:819] ["[resource group controller] resource group name does not exist"] [name=default]
[2026/07/13 10:33:25.875 +08:00] [INFO] [job_submitter.go:118] ["add DDL jobs"] [category=ddl] ["batch count"=1] [jobs="ID:35, Type:create table, State:queueing, SchemaState:none, SchemaID:1, TableID:34, RowCount:0, ArgLen:1, start time: 2026-07-13 10:33:25.875 +0800 CST, Err:<nil>, ErrCount:0, SnapshotVersion:0, Version: v2; "] [fast_create=true]
[2026/07/13 10:33:25.875 +08:00] [INFO] [executor.go:7260] ["DDL job submitted"] [category=ddl] [job="ID:35, Type:create table, State:queueing, SchemaState:none, SchemaID:1, TableID:34, RowCount:0, ArgLen:1, start time: 2026-07-13 10:33:25.875 +0800 CST, Err:<nil>, ErrCount:0, SnapshotVersion:0, Version: v2"] [query="CREATE TABLE IF NOT EXISTS mysql.role_edges (\n\t\tFROM_HOST \t\t\tCHAR(60) COLLATE utf8_bin NOT NULL DEFAULT '',\n\t\tFROM_USER \t\t\tCHAR(32) COLLATE utf8_bin NOT NULL DEFAULT '',\n\t\tTO_HOST \t\t\tCHAR(60) COLLATE utf8_bin NOT NULL DEFAULT '',\n\t\tTO_USER \t\t\tCHAR(32) COLLATE utf8_bin NOT NULL DEFAULT '',\n\t\tWITH_ADMIN_OPTION \tENUM('N','Y') CHARACTER SET utf8 COLLATE utf8_general_ci NOT NULL DEFAULT 'N',\n\t\tPRIMARY KEY (FROM_HOST,FROM_USER,TO_HOST,TO_USER)\n\t);"]
[2026/07/13 10:33:25.875 +08:00] [WARN] [global_controller.go:819] ["[resource group controller] resource group name does not exist"] [name=default]
[2026/07/13 10:33:25.875 +08:00] [WARN] [global_controller.go:819] ["[resource group controller] resource group name does not exist"] [name=default]
[2026/07/13 10:33:25.875 +08:00] [INFO] [job_worker.go:854] ["run one job step"] [category=ddl] [jobID=35] [job="ID:35, Type:create table, State:queueing, SchemaState:none, SchemaID:1, TableID:34, RowCount:0, ArgLen:0, start time: 2026-07-13 10:33:25.875 +0800 CST, Err:<nil>, ErrCount:0, SnapshotVersion:0, Version: v2"]
[2026/07/13 10:33:25.876 +08:00] [WARN] [global_controller.go:819] ["[resource group controller] resource group name does not exist"] [name=default]
[2026/07/13 10:33:25.876 +08:00] [WARN] [global_controller.go:819] ["[resource group controller] resource group name does not exist"] [name=default]
[2026/07/13 10:33:25.876 +08:00] [WARN] [global_controller.go:819] ["[resource group controller] resource group name does not exist"] [name=default]
[2026/07/13 10:33:25.876 +08:00] [WARN] [global_controller.go:819] ["[resource group controller] resource group name does not exist"] [name=default]
[2026/07/13 10:33:25.876 +08:00] [INFO] [loader.go:216] ["diff load InfoSchema success"] [mode=auto] [isV2=true] [currVer=16] [neededVer=17] [gotVer=17] ["elapsed time"=67.209µs] [phyTblIDs="[34]"] [actionTypes="[3]"] [diffTypes="[\"create table\"]"]
[2026/07/13 10:33:25.876 +08:00] [INFO] [syncer.go:258] ["session manager is nil"]
[2026/07/13 10:33:25.876 +08:00] [INFO] [syncer.go:281] ["mdl gets lock, update self version to owner"] [jobID=35] [version=17]
[2026/07/13 10:33:25.878 +08:00] [INFO] [schema_version.go:397] ["wait schema version synced success"] [category=ddl] [ver=17] [checkAssumedSvr=false] ["take time"=2.089875ms] [job="ID:35, Type:create table, State:done, SchemaState:public, SchemaID:1, TableID:34, RowCount:0, ArgLen:1, start time: 2026-07-13 10:33:25.875 +0800 CST, Err:<nil>, ErrCount:0, SnapshotVersion:0, Version: v2"] [summary="server count: 1"]
[2026/07/13 10:33:25.878 +08:00] [WARN] [global_controller.go:819] ["[resource group controller] resource group name does not exist"] [name=default]
[2026/07/13 10:33:25.878 +08:00] [WARN] [global_controller.go:819] ["[resource group controller] resource group name does not exist"] [name=default]
[2026/07/13 10:33:25.878 +08:00] [WARN] [global_controller.go:819] ["[resource group controller] resource group name does not exist"] [name=default]
[2026/07/13 10:33:25.878 +08:00] [WARN] [global_controller.go:819] ["[resource group controller] resource group name does not exist"] [name=default]
[2026/07/13 10:33:25.878 +08:00] [WARN] [global_controller.go:819] ["[resource group controller] resource group name does not exist"] [name=default]
[2026/07/13 10:33:25.879 +08:00] [INFO] [job_worker.go:447] ["finish DDL job"] [category=ddl] [jobID=35] [job="ID:35, Type:create table, State:synced, SchemaState:public, SchemaID:1, TableID:34, RowCount:0, ArgLen:0, start time: 2026-07-13 10:33:25.875 +0800 CST, Err:<nil>, ErrCount:0, SnapshotVersion:0, Version: v2"]
[2026/07/13 10:33:25.879 +08:00] [WARN] [global_controller.go:819] ["[resource group controller] resource group name does not exist"] [name=default]
[2026/07/13 10:33:25.879 +08:00] [WARN] [global_controller.go:819] ["[resource group controller] resource group name does not exist"] [name=default]
[2026/07/13 10:33:25.879 +08:00] [WARN] [global_controller.go:819] ["[resource group controller] resource group name does not exist"] [name=default]
[2026/07/13 10:33:25.879 +08:00] [INFO] [executor.go:7380] ["DDL job is finished"] [category=ddl] [jobID=35]
[2026/07/13 10:33:25.879 +08:00] [INFO] [session.go:5104] ["CRUCIAL OPERATION"] [conn=0] [schemaVersion=17] [cur_db=mysql] [sql="CREATE TABLE IF NOT EXISTS mysql.role_edges (\n\t\tFROM_HOST \t\t\tCHAR(60) COLLATE utf8_bin NOT NULL DEFAULT '',\n\t\tFROM_USER \t\t\tCHAR(32) COLLATE utf8_bin NOT NULL DEFAULT '',\n\t\tTO_HOST \t\t\tCHAR(60) COLLATE utf8_bin NOT NULL DEFAULT '',\n\t\tTO_USER \t\t\tCHAR(32) COLLATE utf8_bin NOT NULL DEFAULT '',\n\t\tWITH_ADMIN_OPTION \tENUM('N','Y') CHARACTER SET utf8 COLLATE utf8_general_ci NOT NULL DEFAULT 'N',\n\t\tPRIMARY KEY (FROM_HOST,FROM_USER,TO_HOST,TO_USER)\n\t);"] [user=]
[2026/07/13 10:33:25.879 +08:00] [WARN] [global_controller.go:819] ["[resource group controller] resource group name does not exist"] [name=default]
[2026/07/13 10:33:25.879 +08:00] [INFO] [executor.go:7545] ["system variable tidb_scatter_region not found, use default value"] [category=ddl]
[2026/07/13 10:33:25.880 +08:00] [WARN] [global_controller.go:819] ["[resource group controller] resource group name does not exist"] [name=default]
[2026/07/13 10:33:25.880 +08:00] [WARN] [global_controller.go:819] ["[resource group controller] resource group name does not exist"] [name=default]
[2026/07/13 10:33:25.880 +08:00] [INFO] [job_submitter.go:118] ["add DDL jobs"] [category=ddl] ["batch count"=1] [jobs="ID:37, Type:create table, State:queueing, SchemaState:none, SchemaID:1, TableID:36, RowCount:0, ArgLen:1, start time: 2026-07-13 10:33:25.88 +0800 CST, Err:<nil>, ErrCount:0, SnapshotVersion:0, Version: v2; "] [fast_create=true]
[2026/07/13 10:33:25.880 +08:00] [INFO] [executor.go:7260] ["DDL job submitted"] [category=ddl] [job="ID:37, Type:create table, State:queueing, SchemaState:none, SchemaID:1, TableID:36, RowCount:0, ArgLen:1, start time: 2026-07-13 10:33:25.88 +0800 CST, Err:<nil>, ErrCount:0, SnapshotVersion:0, Version: v2"] [query="CREATE TABLE IF NOT EXISTS mysql.default_roles (\n\t\tHOST \t\t\t\tCHAR(60) COLLATE utf8_bin NOT NULL DEFAULT '',\n\t\tUSER \t\t\t\tCHAR(32) COLLATE utf8_bin NOT NULL DEFAULT '',\n\t\tDEFAULT_ROLE_HOST \tCHAR(60) COLLATE utf8_bin NOT NULL DEFAULT '%',\n\t\tDEFAULT_ROLE_USER \tCHAR(32) COLLATE utf8_bin NOT NULL DEFAULT '',\n\t\tPRIMARY KEY (HOST,USER,DEFAULT_ROLE_HOST,DEFAULT_ROLE_USER),\n\t\tKEY i_user (USER))"]
[2026/07/13 10:33:25.880 +08:00] [WARN] [global_controller.go:819] ["[resource group controller] resource group name does not exist"] [name=default]
[2026/07/13 10:33:25.880 +08:00] [WARN] [global_controller.go:819] ["[resource group controller] resource group name does not exist"] [name=default]
[2026/07/13 10:33:25.880 +08:00] [INFO] [job_worker.go:854] ["run one job step"] [category=ddl] [jobID=37] [job="ID:37, Type:create table, State:queueing, SchemaState:none, SchemaID:1, TableID:36, RowCount:0, ArgLen:0, start time: 2026-07-13 10:33:25.88 +0800 CST, Err:<nil>, ErrCount:0, SnapshotVersion:0, Version: v2"]
[2026/07/13 10:33:25.880 +08:00] [WARN] [global_controller.go:819] ["[resource group controller] resource group name does not exist"] [name=default]
[2026/07/13 10:33:25.880 +08:00] [WARN] [global_controller.go:819] ["[resource group controller] resource group name does not exist"] [name=default]
[2026/07/13 10:33:25.881 +08:00] [WARN] [global_controller.go:819] ["[resource group controller] resource group name does not exist"] [name=default]
[2026/07/13 10:33:25.881 +08:00] [INFO] [loader.go:216] ["diff load InfoSchema success"] [mode=auto] [isV2=true] [currVer=17] [neededVer=18] [gotVer=18] ["elapsed time"=72.417µs] [phyTblIDs="[36]"] [actionTypes="[3]"] [diffTypes="[\"create table\"]"]
[2026/07/13 10:33:25.881 +08:00] [INFO] [syncer.go:258] ["session manager is nil"]
[2026/07/13 10:33:25.881 +08:00] [INFO] [syncer.go:281] ["mdl gets lock, update self version to owner"] [jobID=37] [version=18]
[2026/07/13 10:33:25.883 +08:00] [INFO] [schema_version.go:397] ["wait schema version synced success"] [category=ddl] [ver=18] [checkAssumedSvr=false] ["take time"=2.287875ms] [job="ID:37, Type:create table, State:done, SchemaState:public, SchemaID:1, TableID:36, RowCount:0, ArgLen:1, start time: 2026-07-13 10:33:25.88 +0800 CST, Err:<nil>, ErrCount:0, SnapshotVersion:0, Version: v2"] [summary="server count: 1"]
[2026/07/13 10:33:25.883 +08:00] [WARN] [global_controller.go:819] ["[resource group controller] resource group name does not exist"] [name=default]
[2026/07/13 10:33:25.883 +08:00] [WARN] [global_controller.go:819] ["[resource group controller] resource group name does not exist"] [name=default]
[2026/07/13 10:33:25.883 +08:00] [WARN] [global_controller.go:819] ["[resource group controller] resource group name does not exist"] [name=default]
[2026/07/13 10:33:25.883 +08:00] [WARN] [global_controller.go:819] ["[resource group controller] resource group name does not exist"] [name=default]
[2026/07/13 10:33:25.883 +08:00] [WARN] [global_controller.go:819] ["[resource group controller] resource group name does not exist"] [name=default]
[2026/07/13 10:33:25.883 +08:00] [INFO] [job_worker.go:447] ["finish DDL job"] [category=ddl] [jobID=37] [job="ID:37, Type:create table, State:synced, SchemaState:public, SchemaID:1, TableID:36, RowCount:0, ArgLen:0, start time: 2026-07-13 10:33:25.88 +0800 CST, Err:<nil>, ErrCount:0, SnapshotVersion:0, Version: v2"]
[2026/07/13 10:33:25.884 +08:00] [WARN] [global_controller.go:819] ["[resource group controller] resource group name does not exist"] [name=default]
[2026/07/13 10:33:25.884 +08:00] [WARN] [global_controller.go:819] ["[resource group controller] resource group name does not exist"] [name=default]
[2026/07/13 10:33:25.884 +08:00] [WARN] [global_controller.go:819] ["[resource group controller] resource group name does not exist"] [name=default]
[2026/07/13 10:33:25.884 +08:00] [INFO] [executor.go:7380] ["DDL job is finished"] [category=ddl] [jobID=37]
[2026/07/13 10:33:25.884 +08:00] [INFO] [session.go:5104] ["CRUCIAL OPERATION"] [conn=0] [schemaVersion=18] [cur_db=mysql] [sql="CREATE TABLE IF NOT EXISTS mysql.default_roles (\n\t\tHOST \t\t\t\tCHAR(60) COLLATE utf8_bin NOT NULL DEFAULT '',\n\t\tUSER \t\t\t\tCHAR(32) COLLATE utf8_bin NOT NULL DEFAULT '',\n\t\tDEFAULT_ROLE_HOST \tCHAR(60) COLLATE utf8_bin NOT NULL DEFAULT '%',\n\t\tDEFAULT_ROLE_USER \tCHAR(32) COLLATE utf8_bin NOT NULL DEFAULT '',\n\t\tPRIMARY KEY (HOST,USER,DEFAULT_ROLE_HOST,DEFAULT_ROLE_USER),\n\t\tKEY i_user (USER))"] [user=]
[2026/07/13 10:33:25.884 +08:00] [WARN] [global_controller.go:819] ["[resource group controller] resource group name does not exist"] [name=default]
[2026/07/13 10:33:25.884 +08:00] [INFO] [executor.go:7545] ["system variable tidb_scatter_region not found, use default value"] [category=ddl]
[2026/07/13 10:33:25.884 +08:00] [WARN] [global_controller.go:819] ["[resource group controller] resource group name does not exist"] [name=default]
[2026/07/13 10:33:25.885 +08:00] [WARN] [global_controller.go:819] ["[resource group controller] resource group name does not exist"] [name=default]
[2026/07/13 10:33:25.885 +08:00] [INFO] [job_submitter.go:118] ["add DDL jobs"] [category=ddl] ["batch count"=1] [jobs="ID:39, Type:create table, State:queueing, SchemaState:none, SchemaID:1, TableID:38, RowCount:0, ArgLen:1, start time: 2026-07-13 10:33:25.884 +0800 CST, Err:<nil>, ErrCount:0, SnapshotVersion:0, Version: v2; "] [fast_create=true]
[2026/07/13 10:33:25.885 +08:00] [INFO] [executor.go:7260] ["DDL job submitted"] [category=ddl] [job="ID:39, Type:create table, State:queueing, SchemaState:none, SchemaID:1, TableID:38, RowCount:0, ArgLen:1, start time: 2026-07-13 10:33:25.884 +0800 CST, Err:<nil>, ErrCount:0, SnapshotVersion:0, Version: v2"] [query="CREATE TABLE IF NOT EXISTS mysql.bind_info (\n\t\toriginal_sql LONGTEXT NOT NULL,\n\t\tbind_sql LONGTEXT NOT NULL,\n\t\tdefault_db TEXT NOT NULL,\n\t\tstatus TEXT NOT NULL,\n\t\tcreate_time TIMESTAMP(6) NOT NULL,\n\t\tupdate_time TIMESTAMP(6) NOT NULL,\n\t\tcharset TEXT NOT NULL,\n\t\tcollation TEXT NOT NULL,\n\t\tsource VARCHAR(10) NOT NULL DEFAULT 'unknown',\n\t\tsql_digest varchar(64) DEFAULT NULL,\n\t\tplan_digest varchar(64) DEFAULT NULL,\n\t\tlast_used_date date DEFAULT NULL,\n\t\tINDEX sql_index(original_sql(700),default_db(68)) COMMENT \"accelerate the speed when add global binding query\",\n\t\tINDEX time_index(update_time) COMMENT \"accelerate the speed when querying with last update time\",\n\t\tUNIQUE INDEX digest_index(plan_digest, sql_digest) COMMENT \"avoid duplicated records\"\n\t) ENGINE=InnoDB DEFAULT CHARSET=utf8mb4 COLLATE=utf8mb4_bin;"]
[2026/07/13 10:33:25.885 +08:00] [WARN] [global_controller.go:819] ["[resource group controller] resource group name does not exist"] [name=default]
[2026/07/13 10:33:25.885 +08:00] [WARN] [global_controller.go:819] ["[resource group controller] resource group name does not exist"] [name=default]
[2026/07/13 10:33:25.885 +08:00] [INFO] [job_worker.go:854] ["run one job step"] [category=ddl] [jobID=39] [job="ID:39, Type:create table, State:queueing, SchemaState:none, SchemaID:1, TableID:38, RowCount:0, ArgLen:0, start time: 2026-07-13 10:33:25.884 +0800 CST, Err:<nil>, ErrCount:0, SnapshotVersion:0, Version: v2"]
[2026/07/13 10:33:25.885 +08:00] [WARN] [global_controller.go:819] ["[resource group controller] resource group name does not exist"] [name=default]
[2026/07/13 10:33:25.885 +08:00] [WARN] [global_controller.go:819] ["[resource group controller] resource group name does not exist"] [name=default]
[2026/07/13 10:33:25.886 +08:00] [WARN] [global_controller.go:819] ["[resource group controller] resource group name does not exist"] [name=default]
[2026/07/13 10:33:25.886 +08:00] [INFO] [loader.go:216] ["diff load InfoSchema success"] [mode=auto] [isV2=true] [currVer=18] [neededVer=19] [gotVer=19] ["elapsed time"=134.416µs] [phyTblIDs="[38]"] [actionTypes="[3]"] [diffTypes="[\"create table\"]"]
[2026/07/13 10:33:25.886 +08:00] [INFO] [syncer.go:258] ["session manager is nil"]
[2026/07/13 10:33:25.886 +08:00] [INFO] [syncer.go:281] ["mdl gets lock, update self version to owner"] [jobID=39] [version=19]
[2026/07/13 10:33:25.888 +08:00] [INFO] [schema_version.go:397] ["wait schema version synced success"] [category=ddl] [ver=19] [checkAssumedSvr=false] ["take time"=2.081666ms] [job="ID:39, Type:create table, State:done, SchemaState:public, SchemaID:1, TableID:38, RowCount:0, ArgLen:1, start time: 2026-07-13 10:33:25.884 +0800 CST, Err:<nil>, ErrCount:0, SnapshotVersion:0, Version: v2"] [summary="server count: 1"]
[2026/07/13 10:33:25.888 +08:00] [WARN] [global_controller.go:819] ["[resource group controller] resource group name does not exist"] [name=default]
[2026/07/13 10:33:25.888 +08:00] [WARN] [global_controller.go:819] ["[resource group controller] resource group name does not exist"] [name=default]
[2026/07/13 10:33:25.888 +08:00] [WARN] [global_controller.go:819] ["[resource group controller] resource group name does not exist"] [name=default]
[2026/07/13 10:33:25.889 +08:00] [WARN] [global_controller.go:819] ["[resource group controller] resource group name does not exist"] [name=default]
[2026/07/13 10:33:25.889 +08:00] [WARN] [global_controller.go:819] ["[resource group controller] resource group name does not exist"] [name=default]
[2026/07/13 10:33:25.889 +08:00] [INFO] [job_worker.go:447] ["finish DDL job"] [category=ddl] [jobID=39] [job="ID:39, Type:create table, State:synced, SchemaState:public, SchemaID:1, TableID:38, RowCount:0, ArgLen:0, start time: 2026-07-13 10:33:25.884 +0800 CST, Err:<nil>, ErrCount:0, SnapshotVersion:0, Version: v2"]
[2026/07/13 10:33:25.889 +08:00] [WARN] [global_controller.go:819] ["[resource group controller] resource group name does not exist"] [name=default]
[2026/07/13 10:33:25.889 +08:00] [WARN] [global_controller.go:819] ["[resource group controller] resource group name does not exist"] [name=default]
[2026/07/13 10:33:25.889 +08:00] [WARN] [global_controller.go:819] ["[resource group controller] resource group name does not exist"] [name=default]
[2026/07/13 10:33:25.889 +08:00] [INFO] [executor.go:7380] ["DDL job is finished"] [category=ddl] [jobID=39]
[2026/07/13 10:33:25.889 +08:00] [INFO] [session.go:5104] ["CRUCIAL OPERATION"] [conn=0] [schemaVersion=19] [cur_db=mysql] [sql="CREATE TABLE IF NOT EXISTS mysql.bind_info (\n\t\toriginal_sql LONGTEXT NOT NULL,\n\t\tbind_sql LONGTEXT NOT NULL,\n\t\tdefault_db TEXT NOT NULL,\n\t\tstatus TEXT NOT NULL,\n\t\tcreate_time TIMESTAMP(6) NOT NULL,\n\t\tupdate_time TIMESTAMP(6) NOT NULL,\n\t\tcharset TEXT NOT NULL,\n\t\tcollation TEXT NOT NULL,\n\t\tsource VARCHAR(10) NOT NULL DEFAULT 'unknown',\n\t\tsql_digest varchar(64) DEFAULT NULL,\n\t\tplan_digest varchar(64) DEFAULT NULL,\n\t\tlast_used_date date DEFAULT NULL,\n\t\tINDEX sql_index(original_sql(700),default_db(68)) COMMENT \"accelerate the speed when add global binding query\",\n\t\tINDEX time_index(update_time) COMMENT \"accelerate the speed when querying with last update time\",\n\t\tUNIQUE INDEX digest_index(plan_digest, sql_digest) COMMENT \"avoid duplicated records\"\n\t) ENGINE=InnoDB DEFAULT CHARSET=utf8mb4 COLLATE=utf8mb4_bin;"] [user=]
[2026/07/13 10:33:25.890 +08:00] [WARN] [global_controller.go:819] ["[resource group controller] resource group name does not exist"] [name=default]
[2026/07/13 10:33:25.890 +08:00] [INFO] [executor.go:7545] ["system variable tidb_scatter_region not found, use default value"] [category=ddl]
[2026/07/13 10:33:25.890 +08:00] [WARN] [global_controller.go:819] ["[resource group controller] resource group name does not exist"] [name=default]
[2026/07/13 10:33:25.890 +08:00] [WARN] [global_controller.go:819] ["[resource group controller] resource group name does not exist"] [name=default]
[2026/07/13 10:33:25.890 +08:00] [INFO] [job_submitter.go:118] ["add DDL jobs"] [category=ddl] ["batch count"=1] [jobs="ID:41, Type:create table, State:queueing, SchemaState:none, SchemaID:1, TableID:40, RowCount:0, ArgLen:1, start time: 2026-07-13 10:33:25.89 +0800 CST, Err:<nil>, ErrCount:0, SnapshotVersion:0, Version: v2; "] [fast_create=true]
[2026/07/13 10:33:25.890 +08:00] [INFO] [executor.go:7260] ["DDL job submitted"] [category=ddl] [job="ID:41, Type:create table, State:queueing, SchemaState:none, SchemaID:1, TableID:40, RowCount:0, ArgLen:1, start time: 2026-07-13 10:33:25.89 +0800 CST, Err:<nil>, ErrCount:0, SnapshotVersion:0, Version: v2"] [query="CREATE TABLE IF NOT EXISTS mysql.stats_top_n (\n\t\ttable_id \tBIGINT(64) NOT NULL,\n\t\tis_index \tTINYINT(2) NOT NULL,\n\t\thist_id \tBIGINT(64) NOT NULL,\n\t\tvalue \t\tLONGBLOB,\n\t\tcount \t\tBIGINT(64) UNSIGNED NOT NULL,\n\t\tINDEX tbl(table_id, is_index, hist_id)\n\t);"]
[2026/07/13 10:33:25.890 +08:00] [WARN] [global_controller.go:819] ["[resource group controller] resource group name does not exist"] [name=default]
[2026/07/13 10:33:25.891 +08:00] [WARN] [global_controller.go:819] ["[resource group controller] resource group name does not exist"] [name=default]
[2026/07/13 10:33:25.891 +08:00] [INFO] [job_worker.go:854] ["run one job step"] [category=ddl] [jobID=41] [job="ID:41, Type:create table, State:queueing, SchemaState:none, SchemaID:1, TableID:40, RowCount:0, ArgLen:0, start time: 2026-07-13 10:33:25.89 +0800 CST, Err:<nil>, ErrCount:0, SnapshotVersion:0, Version: v2"]
[2026/07/13 10:33:25.891 +08:00] [WARN] [global_controller.go:819] ["[resource group controller] resource group name does not exist"] [name=default]
[2026/07/13 10:33:25.891 +08:00] [WARN] [global_controller.go:819] ["[resource group controller] resource group name does not exist"] [name=default]
[2026/07/13 10:33:25.891 +08:00] [WARN] [global_controller.go:819] ["[resource group controller] resource group name does not exist"] [name=default]
[2026/07/13 10:33:25.891 +08:00] [INFO] [loader.go:216] ["diff load InfoSchema success"] [mode=auto] [isV2=true] [currVer=19] [neededVer=20] [gotVer=20] ["elapsed time"=69.083µs] [phyTblIDs="[40]"] [actionTypes="[3]"] [diffTypes="[\"create table\"]"]
[2026/07/13 10:33:25.891 +08:00] [INFO] [syncer.go:258] ["session manager is nil"]
[2026/07/13 10:33:25.891 +08:00] [INFO] [syncer.go:281] ["mdl gets lock, update self version to owner"] [jobID=41] [version=20]
[2026/07/13 10:33:25.893 +08:00] [INFO] [schema_version.go:397] ["wait schema version synced success"] [category=ddl] [ver=20] [checkAssumedSvr=false] ["take time"=2.418459ms] [job="ID:41, Type:create table, State:done, SchemaState:public, SchemaID:1, TableID:40, RowCount:0, ArgLen:1, start time: 2026-07-13 10:33:25.89 +0800 CST, Err:<nil>, ErrCount:0, SnapshotVersion:0, Version: v2"] [summary="server count: 1"]
[2026/07/13 10:33:25.894 +08:00] [WARN] [global_controller.go:819] ["[resource group controller] resource group name does not exist"] [name=default]
[2026/07/13 10:33:25.894 +08:00] [WARN] [global_controller.go:819] ["[resource group controller] resource group name does not exist"] [name=default]
[2026/07/13 10:33:25.894 +08:00] [WARN] [global_controller.go:819] ["[resource group controller] resource group name does not exist"] [name=default]
[2026/07/13 10:33:25.894 +08:00] [WARN] [global_controller.go:819] ["[resource group controller] resource group name does not exist"] [name=default]
[2026/07/13 10:33:25.894 +08:00] [WARN] [global_controller.go:819] ["[resource group controller] resource group name does not exist"] [name=default]
[2026/07/13 10:33:25.894 +08:00] [INFO] [job_worker.go:447] ["finish DDL job"] [category=ddl] [jobID=41] [job="ID:41, Type:create table, State:synced, SchemaState:public, SchemaID:1, TableID:40, RowCount:0, ArgLen:0, start time: 2026-07-13 10:33:25.89 +0800 CST, Err:<nil>, ErrCount:0, SnapshotVersion:0, Version: v2"]
[2026/07/13 10:33:25.894 +08:00] [WARN] [global_controller.go:819] ["[resource group controller] resource group name does not exist"] [name=default]
[2026/07/13 10:33:25.894 +08:00] [WARN] [global_controller.go:819] ["[resource group controller] resource group name does not exist"] [name=default]
[2026/07/13 10:33:25.894 +08:00] [WARN] [global_controller.go:819] ["[resource group controller] resource group name does not exist"] [name=default]
[2026/07/13 10:33:25.894 +08:00] [INFO] [executor.go:7380] ["DDL job is finished"] [category=ddl] [jobID=41]
[2026/07/13 10:33:25.894 +08:00] [INFO] [session.go:5104] ["CRUCIAL OPERATION"] [conn=0] [schemaVersion=20] [cur_db=mysql] [sql="CREATE TABLE IF NOT EXISTS mysql.stats_top_n (\n\t\ttable_id \tBIGINT(64) NOT NULL,\n\t\tis_index \tTINYINT(2) NOT NULL,\n\t\thist_id \tBIGINT(64) NOT NULL,\n\t\tvalue \t\tLONGBLOB,\n\t\tcount \t\tBIGINT(64) UNSIGNED NOT NULL,\n\t\tINDEX tbl(table_id, is_index, hist_id)\n\t);"] [user=]
[2026/07/13 10:33:25.895 +08:00] [INFO] [executor.go:7545] ["system variable tidb_scatter_region not found, use default value"] [category=ddl]
[2026/07/13 10:33:25.895 +08:00] [WARN] [global_controller.go:819] ["[resource group controller] resource group name does not exist"] [name=default]
[2026/07/13 10:33:25.895 +08:00] [WARN] [global_controller.go:819] ["[resource group controller] resource group name does not exist"] [name=default]
[2026/07/13 10:33:25.895 +08:00] [WARN] [global_controller.go:819] ["[resource group controller] resource group name does not exist"] [name=default]
[2026/07/13 10:33:25.895 +08:00] [INFO] [job_submitter.go:118] ["add DDL jobs"] [category=ddl] ["batch count"=1] [jobs="ID:43, Type:create table, State:queueing, SchemaState:none, SchemaID:1, TableID:42, RowCount:0, ArgLen:1, start time: 2026-07-13 10:33:25.895 +0800 CST, Err:<nil>, ErrCount:0, SnapshotVersion:0, Version: v2; "] [fast_create=true]
[2026/07/13 10:33:25.895 +08:00] [INFO] [executor.go:7260] ["DDL job submitted"] [category=ddl] [job="ID:43, Type:create table, State:queueing, SchemaState:none, SchemaID:1, TableID:42, RowCount:0, ArgLen:1, start time: 2026-07-13 10:33:25.895 +0800 CST, Err:<nil>, ErrCount:0, SnapshotVersion:0, Version: v2"] [query="CREATE TABLE IF NOT EXISTS mysql.expr_pushdown_blacklist (\n\t\tname \t\tCHAR(100) NOT NULL,\n\t\tstore_type \tCHAR(100) NOT NULL DEFAULT 'tikv,tiflash,tidb',\n\t\treason \t\tVARCHAR(200)\n\t);"]
[2026/07/13 10:33:25.895 +08:00] [WARN] [global_controller.go:819] ["[resource group controller] resource group name does not exist"] [name=default]
[2026/07/13 10:33:25.895 +08:00] [WARN] [global_controller.go:819] ["[resource group controller] resource group name does not exist"] [name=default]
[2026/07/13 10:33:25.895 +08:00] [INFO] [job_worker.go:854] ["run one job step"] [category=ddl] [jobID=43] [job="ID:43, Type:create table, State:queueing, SchemaState:none, SchemaID:1, TableID:42, RowCount:0, ArgLen:0, start time: 2026-07-13 10:33:25.895 +0800 CST, Err:<nil>, ErrCount:0, SnapshotVersion:0, Version: v2"]
[2026/07/13 10:33:25.896 +08:00] [WARN] [global_controller.go:819] ["[resource group controller] resource group name does not exist"] [name=default]
[2026/07/13 10:33:25.896 +08:00] [WARN] [global_controller.go:819] ["[resource group controller] resource group name does not exist"] [name=default]
[2026/07/13 10:33:25.896 +08:00] [WARN] [global_controller.go:819] ["[resource group controller] resource group name does not exist"] [name=default]
[2026/07/13 10:33:25.896 +08:00] [INFO] [loader.go:216] ["diff load InfoSchema success"] [mode=auto] [isV2=true] [currVer=20] [neededVer=21] [gotVer=21] ["elapsed time"=40.791µs] [phyTblIDs="[42]"] [actionTypes="[3]"] [diffTypes="[\"create table\"]"]
[2026/07/13 10:33:25.896 +08:00] [INFO] [syncer.go:258] ["session manager is nil"]
[2026/07/13 10:33:25.896 +08:00] [INFO] [syncer.go:281] ["mdl gets lock, update self version to owner"] [jobID=43] [version=21]
[2026/07/13 10:33:25.898 +08:00] [INFO] [schema_version.go:397] ["wait schema version synced success"] [category=ddl] [ver=21] [checkAssumedSvr=false] ["take time"=2.055083ms] [job="ID:43, Type:create table, State:done, SchemaState:public, SchemaID:1, TableID:42, RowCount:0, ArgLen:1, start time: 2026-07-13 10:33:25.895 +0800 CST, Err:<nil>, ErrCount:0, SnapshotVersion:0, Version: v2"] [summary="server count: 1"]
[2026/07/13 10:33:25.898 +08:00] [WARN] [global_controller.go:819] ["[resource group controller] resource group name does not exist"] [name=default]
[2026/07/13 10:33:25.898 +08:00] [WARN] [global_controller.go:819] ["[resource group controller] resource group name does not exist"] [name=default]
[2026/07/13 10:33:25.898 +08:00] [WARN] [global_controller.go:819] ["[resource group controller] resource group name does not exist"] [name=default]
[2026/07/13 10:33:25.898 +08:00] [WARN] [global_controller.go:819] ["[resource group controller] resource group name does not exist"] [name=default]
[2026/07/13 10:33:25.898 +08:00] [WARN] [global_controller.go:819] ["[resource group controller] resource group name does not exist"] [name=default]
[2026/07/13 10:33:25.898 +08:00] [INFO] [job_worker.go:447] ["finish DDL job"] [category=ddl] [jobID=43] [job="ID:43, Type:create table, State:synced, SchemaState:public, SchemaID:1, TableID:42, RowCount:0, ArgLen:0, start time: 2026-07-13 10:33:25.895 +0800 CST, Err:<nil>, ErrCount:0, SnapshotVersion:0, Version: v2"]
[2026/07/13 10:33:25.898 +08:00] [WARN] [global_controller.go:819] ["[resource group controller] resource group name does not exist"] [name=default]
[2026/07/13 10:33:25.899 +08:00] [WARN] [global_controller.go:819] ["[resource group controller] resource group name does not exist"] [name=default]
[2026/07/13 10:33:25.899 +08:00] [WARN] [global_controller.go:819] ["[resource group controller] resource group name does not exist"] [name=default]
[2026/07/13 10:33:25.899 +08:00] [INFO] [executor.go:7380] ["DDL job is finished"] [category=ddl] [jobID=43]
[2026/07/13 10:33:25.899 +08:00] [INFO] [session.go:5104] ["CRUCIAL OPERATION"] [conn=0] [schemaVersion=21] [cur_db=mysql] [sql="CREATE TABLE IF NOT EXISTS mysql.expr_pushdown_blacklist (\n\t\tname \t\tCHAR(100) NOT NULL,\n\t\tstore_type \tCHAR(100) NOT NULL DEFAULT 'tikv,tiflash,tidb',\n\t\treason \t\tVARCHAR(200)\n\t);"] [user=]
[2026/07/13 10:33:25.899 +08:00] [INFO] [executor.go:7545] ["system variable tidb_scatter_region not found, use default value"] [category=ddl]
[2026/07/13 10:33:25.899 +08:00] [WARN] [global_controller.go:819] ["[resource group controller] resource group name does not exist"] [name=default]
[2026/07/13 10:33:25.899 +08:00] [WARN] [global_controller.go:819] ["[resource group controller] resource group name does not exist"] [name=default]
[2026/07/13 10:33:25.899 +08:00] [WARN] [global_controller.go:819] ["[resource group controller] resource group name does not exist"] [name=default]
[2026/07/13 10:33:25.899 +08:00] [INFO] [job_submitter.go:118] ["add DDL jobs"] [category=ddl] ["batch count"=1] [jobs="ID:45, Type:create table, State:queueing, SchemaState:none, SchemaID:1, TableID:44, RowCount:0, ArgLen:1, start time: 2026-07-13 10:33:25.899 +0800 CST, Err:<nil>, ErrCount:0, SnapshotVersion:0, Version: v2; "] [fast_create=true]
[2026/07/13 10:33:25.899 +08:00] [INFO] [executor.go:7260] ["DDL job submitted"] [category=ddl] [job="ID:45, Type:create table, State:queueing, SchemaState:none, SchemaID:1, TableID:44, RowCount:0, ArgLen:1, start time: 2026-07-13 10:33:25.899 +0800 CST, Err:<nil>, ErrCount:0, SnapshotVersion:0, Version: v2"] [query="CREATE TABLE IF NOT EXISTS mysql.opt_rule_blacklist (\n\t\tname \tCHAR(100) NOT NULL\n\t);"]
[2026/07/13 10:33:25.899 +08:00] [WARN] [global_controller.go:819] ["[resource group controller] resource group name does not exist"] [name=default]
[2026/07/13 10:33:25.900 +08:00] [WARN] [global_controller.go:819] ["[resource group controller] resource group name does not exist"] [name=default]
[2026/07/13 10:33:25.900 +08:00] [INFO] [job_worker.go:854] ["run one job step"] [category=ddl] [jobID=45] [job="ID:45, Type:create table, State:queueing, SchemaState:none, SchemaID:1, TableID:44, RowCount:0, ArgLen:0, start time: 2026-07-13 10:33:25.899 +0800 CST, Err:<nil>, ErrCount:0, SnapshotVersion:0, Version: v2"]
[2026/07/13 10:33:25.900 +08:00] [WARN] [global_controller.go:819] ["[resource group controller] resource group name does not exist"] [name=default]
[2026/07/13 10:33:25.900 +08:00] [WARN] [global_controller.go:819] ["[resource group controller] resource group name does not exist"] [name=default]
[2026/07/13 10:33:25.900 +08:00] [WARN] [global_controller.go:819] ["[resource group controller] resource group name does not exist"] [name=default]
[2026/07/13 10:33:25.900 +08:00] [INFO] [loader.go:216] ["diff load InfoSchema success"] [mode=auto] [isV2=true] [currVer=21] [neededVer=22] [gotVer=22] ["elapsed time"=34.958µs] [phyTblIDs="[44]"] [actionTypes="[3]"] [diffTypes="[\"create table\"]"]
[2026/07/13 10:33:25.900 +08:00] [INFO] [syncer.go:258] ["session manager is nil"]
[2026/07/13 10:33:25.900 +08:00] [INFO] [syncer.go:281] ["mdl gets lock, update self version to owner"] [jobID=45] [version=22]
[2026/07/13 10:33:25.902 +08:00] [INFO] [schema_version.go:397] ["wait schema version synced success"] [category=ddl] [ver=22] [checkAssumedSvr=false] ["take time"=2.073292ms] [job="ID:45, Type:create table, State:done, SchemaState:public, SchemaID:1, TableID:44, RowCount:0, ArgLen:1, start time: 2026-07-13 10:33:25.899 +0800 CST, Err:<nil>, ErrCount:0, SnapshotVersion:0, Version: v2"] [summary="server count: 1"]
[2026/07/13 10:33:25.902 +08:00] [WARN] [global_controller.go:819] ["[resource group controller] resource group name does not exist"] [name=default]
[2026/07/13 10:33:25.902 +08:00] [WARN] [global_controller.go:819] ["[resource group controller] resource group name does not exist"] [name=default]
[2026/07/13 10:33:25.902 +08:00] [WARN] [global_controller.go:819] ["[resource group controller] resource group name does not exist"] [name=default]
[2026/07/13 10:33:25.902 +08:00] [WARN] [global_controller.go:819] ["[resource group controller] resource group name does not exist"] [name=default]
[2026/07/13 10:33:25.902 +08:00] [WARN] [global_controller.go:819] ["[resource group controller] resource group name does not exist"] [name=default]
[2026/07/13 10:33:25.902 +08:00] [INFO] [job_worker.go:447] ["finish DDL job"] [category=ddl] [jobID=45] [job="ID:45, Type:create table, State:synced, SchemaState:public, SchemaID:1, TableID:44, RowCount:0, ArgLen:0, start time: 2026-07-13 10:33:25.899 +0800 CST, Err:<nil>, ErrCount:0, SnapshotVersion:0, Version: v2"]
[2026/07/13 10:33:25.902 +08:00] [WARN] [global_controller.go:819] ["[resource group controller] resource group name does not exist"] [name=default]
[2026/07/13 10:33:25.903 +08:00] [WARN] [global_controller.go:819] ["[resource group controller] resource group name does not exist"] [name=default]
[2026/07/13 10:33:25.903 +08:00] [WARN] [global_controller.go:819] ["[resource group controller] resource group name does not exist"] [name=default]
[2026/07/13 10:33:25.903 +08:00] [INFO] [executor.go:7380] ["DDL job is finished"] [category=ddl] [jobID=45]
[2026/07/13 10:33:25.903 +08:00] [INFO] [session.go:5104] ["CRUCIAL OPERATION"] [conn=0] [schemaVersion=22] [cur_db=mysql] [sql="CREATE TABLE IF NOT EXISTS mysql.opt_rule_blacklist (\n\t\tname \tCHAR(100) NOT NULL\n\t);"] [user=]
[2026/07/13 10:33:25.903 +08:00] [INFO] [executor.go:7545] ["system variable tidb_scatter_region not found, use default value"] [category=ddl]
[2026/07/13 10:33:25.903 +08:00] [WARN] [global_controller.go:819] ["[resource group controller] resource group name does not exist"] [name=default]
[2026/07/13 10:33:25.903 +08:00] [WARN] [global_controller.go:819] ["[resource group controller] resource group name does not exist"] [name=default]
[2026/07/13 10:33:25.903 +08:00] [WARN] [global_controller.go:819] ["[resource group controller] resource group name does not exist"] [name=default]
[2026/07/13 10:33:25.904 +08:00] [INFO] [job_submitter.go:118] ["add DDL jobs"] [category=ddl] ["batch count"=1] [jobs="ID:47, Type:create table, State:queueing, SchemaState:none, SchemaID:1, TableID:46, RowCount:0, ArgLen:1, start time: 2026-07-13 10:33:25.903 +0800 CST, Err:<nil>, ErrCount:0, SnapshotVersion:0, Version: v2; "] [fast_create=true]
[2026/07/13 10:33:25.904 +08:00] [INFO] [executor.go:7260] ["DDL job submitted"] [category=ddl] [job="ID:47, Type:create table, State:queueing, SchemaState:none, SchemaID:1, TableID:46, RowCount:0, ArgLen:1, start time: 2026-07-13 10:33:25.903 +0800 CST, Err:<nil>, ErrCount:0, SnapshotVersion:0, Version: v2"] [query="CREATE TABLE IF NOT EXISTS mysql.stats_extended (\n\t\tname varchar(32) NOT NULL,\n\t\ttype tinyint(4) NOT NULL,\n\t\ttable_id bigint(64) NOT NULL,\n\t\tcolumn_ids varchar(32) NOT NULL,\n\t\tstats blob DEFAULT NULL,\n\t\tversion bigint(64) unsigned NOT NULL,\n\t\tstatus tinyint(4) NOT NULL,\n\t\tPRIMARY KEY(name, table_id),\n\t\tKEY idx_1 (table_id, status, version),\n\t\tKEY idx_2 (status, version)\n\t);"]
[2026/07/13 10:33:25.904 +08:00] [WARN] [global_controller.go:819] ["[resource group controller] resource group name does not exist"] [name=default]
[2026/07/13 10:33:25.904 +08:00] [WARN] [global_controller.go:819] ["[resource group controller] resource group name does not exist"] [name=default]
[2026/07/13 10:33:25.904 +08:00] [INFO] [job_worker.go:854] ["run one job step"] [category=ddl] [jobID=47] [job="ID:47, Type:create table, State:queueing, SchemaState:none, SchemaID:1, TableID:46, RowCount:0, ArgLen:0, start time: 2026-07-13 10:33:25.903 +0800 CST, Err:<nil>, ErrCount:0, SnapshotVersion:0, Version: v2"]
[2026/07/13 10:33:25.904 +08:00] [WARN] [global_controller.go:819] ["[resource group controller] resource group name does not exist"] [name=default]
[2026/07/13 10:33:25.904 +08:00] [WARN] [global_controller.go:819] ["[resource group controller] resource group name does not exist"] [name=default]
[2026/07/13 10:33:25.904 +08:00] [WARN] [global_controller.go:819] ["[resource group controller] resource group name does not exist"] [name=default]
[2026/07/13 10:33:25.905 +08:00] [INFO] [loader.go:216] ["diff load InfoSchema success"] [mode=auto] [isV2=true] [currVer=22] [neededVer=23] [gotVer=23] ["elapsed time"=114.625µs] [phyTblIDs="[46]"] [actionTypes="[3]"] [diffTypes="[\"create table\"]"]
[2026/07/13 10:33:25.905 +08:00] [INFO] [syncer.go:258] ["session manager is nil"]
[2026/07/13 10:33:25.905 +08:00] [INFO] [syncer.go:281] ["mdl gets lock, update self version to owner"] [jobID=47] [version=23]
[2026/07/13 10:33:25.907 +08:00] [INFO] [schema_version.go:397] ["wait schema version synced success"] [category=ddl] [ver=23] [checkAssumedSvr=false] ["take time"=2.232166ms] [job="ID:47, Type:create table, State:done, SchemaState:public, SchemaID:1, TableID:46, RowCount:0, ArgLen:1, start time: 2026-07-13 10:33:25.903 +0800 CST, Err:<nil>, ErrCount:0, SnapshotVersion:0, Version: v2"] [summary="server count: 1"]
[2026/07/13 10:33:25.907 +08:00] [WARN] [global_controller.go:819] ["[resource group controller] resource group name does not exist"] [name=default]
[2026/07/13 10:33:25.907 +08:00] [WARN] [global_controller.go:819] ["[resource group controller] resource group name does not exist"] [name=default]
[2026/07/13 10:33:25.907 +08:00] [WARN] [global_controller.go:819] ["[resource group controller] resource group name does not exist"] [name=default]
[2026/07/13 10:33:25.907 +08:00] [WARN] [global_controller.go:819] ["[resource group controller] resource group name does not exist"] [name=default]
[2026/07/13 10:33:25.907 +08:00] [WARN] [global_controller.go:819] ["[resource group controller] resource group name does not exist"] [name=default]
[2026/07/13 10:33:25.907 +08:00] [INFO] [job_worker.go:447] ["finish DDL job"] [category=ddl] [jobID=47] [job="ID:47, Type:create table, State:synced, SchemaState:public, SchemaID:1, TableID:46, RowCount:0, ArgLen:0, start time: 2026-07-13 10:33:25.903 +0800 CST, Err:<nil>, ErrCount:0, SnapshotVersion:0, Version: v2"]
[2026/07/13 10:33:25.907 +08:00] [WARN] [global_controller.go:819] ["[resource group controller] resource group name does not exist"] [name=default]
[2026/07/13 10:33:25.908 +08:00] [WARN] [global_controller.go:819] ["[resource group controller] resource group name does not exist"] [name=default]
[2026/07/13 10:33:25.908 +08:00] [WARN] [global_controller.go:819] ["[resource group controller] resource group name does not exist"] [name=default]
[2026/07/13 10:33:25.908 +08:00] [INFO] [executor.go:7380] ["DDL job is finished"] [category=ddl] [jobID=47]
[2026/07/13 10:33:25.908 +08:00] [INFO] [session.go:5104] ["CRUCIAL OPERATION"] [conn=0] [schemaVersion=23] [cur_db=mysql] [sql="CREATE TABLE IF NOT EXISTS mysql.stats_extended (\n\t\tname varchar(32) NOT NULL,\n\t\ttype tinyint(4) NOT NULL,\n\t\ttable_id bigint(64) NOT NULL,\n\t\tcolumn_ids varchar(32) NOT NULL,\n\t\tstats blob DEFAULT NULL,\n\t\tversion bigint(64) unsigned NOT NULL,\n\t\tstatus tinyint(4) NOT NULL,\n\t\tPRIMARY KEY(name, table_id),\n\t\tKEY idx_1 (table_id, status, version),\n\t\tKEY idx_2 (status, version)\n\t);"] [user=]
[2026/07/13 10:33:25.908 +08:00] [INFO] [executor.go:7545] ["system variable tidb_scatter_region not found, use default value"] [category=ddl]
[2026/07/13 10:33:25.908 +08:00] [WARN] [global_controller.go:819] ["[resource group controller] resource group name does not exist"] [name=default]
[2026/07/13 10:33:25.908 +08:00] [WARN] [global_controller.go:819] ["[resource group controller] resource group name does not exist"] [name=default]
[2026/07/13 10:33:25.908 +08:00] [WARN] [global_controller.go:819] ["[resource group controller] resource group name does not exist"] [name=default]
[2026/07/13 10:33:25.908 +08:00] [INFO] [job_submitter.go:118] ["add DDL jobs"] [category=ddl] ["batch count"=1] [jobs="ID:49, Type:create table, State:queueing, SchemaState:none, SchemaID:1, TableID:48, RowCount:0, ArgLen:1, start time: 2026-07-13 10:33:25.908 +0800 CST, Err:<nil>, ErrCount:0, SnapshotVersion:0, Version: v2; "] [fast_create=true]
[2026/07/13 10:33:25.908 +08:00] [INFO] [executor.go:7260] ["DDL job submitted"] [category=ddl] [job="ID:49, Type:create table, State:queueing, SchemaState:none, SchemaID:1, TableID:48, RowCount:0, ArgLen:1, start time: 2026-07-13 10:33:25.908 +0800 CST, Err:<nil>, ErrCount:0, SnapshotVersion:0, Version: v2"] [query="CREATE TABLE IF NOT EXISTS mysql.stats_fm_sketch (\n\t\ttable_id \tBIGINT(64) NOT NULL,\n\t\tis_index \tTINYINT(2) NOT NULL,\n\t\thist_id \tBIGINT(64) NOT NULL,\n\t\tvalue \t\tLONGBLOB,\n\t\tPRIMARY KEY (table_id, is_index, hist_id) CLUSTERED\n\t);"]
[2026/07/13 10:33:25.909 +08:00] [WARN] [global_controller.go:819] ["[resource group controller] resource group name does not exist"] [name=default]
[2026/07/13 10:33:25.909 +08:00] [WARN] [global_controller.go:819] ["[resource group controller] resource group name does not exist"] [name=default]
[2026/07/13 10:33:25.909 +08:00] [INFO] [job_worker.go:854] ["run one job step"] [category=ddl] [jobID=49] [job="ID:49, Type:create table, State:queueing, SchemaState:none, SchemaID:1, TableID:48, RowCount:0, ArgLen:0, start time: 2026-07-13 10:33:25.908 +0800 CST, Err:<nil>, ErrCount:0, SnapshotVersion:0, Version: v2"]
[2026/07/13 10:33:25.909 +08:00] [WARN] [global_controller.go:819] ["[resource group controller] resource group name does not exist"] [name=default]
[2026/07/13 10:33:25.909 +08:00] [WARN] [global_controller.go:819] ["[resource group controller] resource group name does not exist"] [name=default]
[2026/07/13 10:33:25.909 +08:00] [WARN] [global_controller.go:819] ["[resource group controller] resource group name does not exist"] [name=default]
[2026/07/13 10:33:25.909 +08:00] [INFO] [loader.go:216] ["diff load InfoSchema success"] [mode=auto] [isV2=true] [currVer=23] [neededVer=24] [gotVer=24] ["elapsed time"=62.125µs] [phyTblIDs="[48]"] [actionTypes="[3]"] [diffTypes="[\"create table\"]"]
[2026/07/13 10:33:25.909 +08:00] [INFO] [syncer.go:258] ["session manager is nil"]
[2026/07/13 10:33:25.909 +08:00] [INFO] [syncer.go:281] ["mdl gets lock, update self version to owner"] [jobID=49] [version=24]
[2026/07/13 10:33:25.912 +08:00] [INFO] [schema_version.go:397] ["wait schema version synced success"] [category=ddl] [ver=24] [checkAssumedSvr=false] ["take time"=2.478834ms] [job="ID:49, Type:create table, State:done, SchemaState:public, SchemaID:1, TableID:48, RowCount:0, ArgLen:1, start time: 2026-07-13 10:33:25.908 +0800 CST, Err:<nil>, ErrCount:0, SnapshotVersion:0, Version: v2"] [summary="server count: 1"]
[2026/07/13 10:33:25.912 +08:00] [WARN] [global_controller.go:819] ["[resource group controller] resource group name does not exist"] [name=default]
[2026/07/13 10:33:25.912 +08:00] [WARN] [global_controller.go:819] ["[resource group controller] resource group name does not exist"] [name=default]
[2026/07/13 10:33:25.912 +08:00] [WARN] [global_controller.go:819] ["[resource group controller] resource group name does not exist"] [name=default]
[2026/07/13 10:33:25.912 +08:00] [WARN] [global_controller.go:819] ["[resource group controller] resource group name does not exist"] [name=default]
[2026/07/13 10:33:25.912 +08:00] [WARN] [global_controller.go:819] ["[resource group controller] resource group name does not exist"] [name=default]
[2026/07/13 10:33:25.912 +08:00] [INFO] [job_worker.go:447] ["finish DDL job"] [category=ddl] [jobID=49] [job="ID:49, Type:create table, State:synced, SchemaState:public, SchemaID:1, TableID:48, RowCount:0, ArgLen:0, start time: 2026-07-13 10:33:25.908 +0800 CST, Err:<nil>, ErrCount:0, SnapshotVersion:0, Version: v2"]
[2026/07/13 10:33:25.912 +08:00] [WARN] [global_controller.go:819] ["[resource group controller] resource group name does not exist"] [name=default]
[2026/07/13 10:33:25.912 +08:00] [WARN] [global_controller.go:819] ["[resource group controller] resource group name does not exist"] [name=default]
[2026/07/13 10:33:25.912 +08:00] [WARN] [global_controller.go:819] ["[resource group controller] resource group name does not exist"] [name=default]
[2026/07/13 10:33:25.913 +08:00] [INFO] [executor.go:7380] ["DDL job is finished"] [category=ddl] [jobID=49]
[2026/07/13 10:33:25.913 +08:00] [INFO] [session.go:5104] ["CRUCIAL OPERATION"] [conn=0] [schemaVersion=24] [cur_db=mysql] [sql="CREATE TABLE IF NOT EXISTS mysql.stats_fm_sketch (\n\t\ttable_id \tBIGINT(64) NOT NULL,\n\t\tis_index \tTINYINT(2) NOT NULL,\n\t\thist_id \tBIGINT(64) NOT NULL,\n\t\tvalue \t\tLONGBLOB,\n\t\tPRIMARY KEY (table_id, is_index, hist_id) CLUSTERED\n\t);"] [user=]
[2026/07/13 10:33:25.913 +08:00] [INFO] [executor.go:7545] ["system variable tidb_scatter_region not found, use default value"] [category=ddl]
[2026/07/13 10:33:25.913 +08:00] [WARN] [global_controller.go:819] ["[resource group controller] resource group name does not exist"] [name=default]
[2026/07/13 10:33:25.913 +08:00] [WARN] [global_controller.go:819] ["[resource group controller] resource group name does not exist"] [name=default]
[2026/07/13 10:33:25.913 +08:00] [WARN] [global_controller.go:819] ["[resource group controller] resource group name does not exist"] [name=default]
[2026/07/13 10:33:25.913 +08:00] [INFO] [job_submitter.go:118] ["add DDL jobs"] [category=ddl] ["batch count"=1] [jobs="ID:51, Type:create table, State:queueing, SchemaState:none, SchemaID:1, TableID:50, RowCount:0, ArgLen:1, start time: 2026-07-13 10:33:25.913 +0800 CST, Err:<nil>, ErrCount:0, SnapshotVersion:0, Version: v2; "] [fast_create=true]
[2026/07/13 10:33:25.913 +08:00] [INFO] [executor.go:7260] ["DDL job submitted"] [category=ddl] [job="ID:51, Type:create table, State:queueing, SchemaState:none, SchemaID:1, TableID:50, RowCount:0, ArgLen:1, start time: 2026-07-13 10:33:25.913 +0800 CST, Err:<nil>, ErrCount:0, SnapshotVersion:0, Version: v2"] [query="CREATE TABLE IF NOT EXISTS mysql.global_grants (\n\t\tUSER char(32) NOT NULL DEFAULT '',\n\t\tHOST char(255) NOT NULL DEFAULT '',\n\t\tPRIV char(32) NOT NULL DEFAULT '',\n\t\tWITH_GRANT_OPTION enum('N','Y') NOT NULL DEFAULT 'N',\n\t\tPRIMARY KEY (USER,HOST,PRIV),\n\t\tKEY i_user (USER)\n\t);"]
[2026/07/13 10:33:25.913 +08:00] [WARN] [global_controller.go:819] ["[resource group controller] resource group name does not exist"] [name=default]
[2026/07/13 10:33:25.913 +08:00] [WARN] [global_controller.go:819] ["[resource group controller] resource group name does not exist"] [name=default]
[2026/07/13 10:33:25.914 +08:00] [INFO] [job_worker.go:854] ["run one job step"] [category=ddl] [jobID=51] [job="ID:51, Type:create table, State:queueing, SchemaState:none, SchemaID:1, TableID:50, RowCount:0, ArgLen:0, start time: 2026-07-13 10:33:25.913 +0800 CST, Err:<nil>, ErrCount:0, SnapshotVersion:0, Version: v2"]
[2026/07/13 10:33:25.914 +08:00] [WARN] [global_controller.go:819] ["[resource group controller] resource group name does not exist"] [name=default]
[2026/07/13 10:33:25.914 +08:00] [WARN] [global_controller.go:819] ["[resource group controller] resource group name does not exist"] [name=default]
[2026/07/13 10:33:25.914 +08:00] [WARN] [global_controller.go:819] ["[resource group controller] resource group name does not exist"] [name=default]
[2026/07/13 10:33:25.914 +08:00] [INFO] [loader.go:216] ["diff load InfoSchema success"] [mode=auto] [isV2=true] [currVer=24] [neededVer=25] [gotVer=25] ["elapsed time"=71.583µs] [phyTblIDs="[50]"] [actionTypes="[3]"] [diffTypes="[\"create table\"]"]
[2026/07/13 10:33:25.914 +08:00] [INFO] [syncer.go:258] ["session manager is nil"]
[2026/07/13 10:33:25.914 +08:00] [INFO] [syncer.go:281] ["mdl gets lock, update self version to owner"] [jobID=51] [version=25]
[2026/07/13 10:33:25.916 +08:00] [INFO] [schema_version.go:397] ["wait schema version synced success"] [category=ddl] [ver=25] [checkAssumedSvr=false] ["take time"=2.186541ms] [job="ID:51, Type:create table, State:done, SchemaState:public, SchemaID:1, TableID:50, RowCount:0, ArgLen:1, start time: 2026-07-13 10:33:25.913 +0800 CST, Err:<nil>, ErrCount:0, SnapshotVersion:0, Version: v2"] [summary="server count: 1"]
[2026/07/13 10:33:25.916 +08:00] [WARN] [global_controller.go:819] ["[resource group controller] resource group name does not exist"] [name=default]
[2026/07/13 10:33:25.916 +08:00] [WARN] [global_controller.go:819] ["[resource group controller] resource group name does not exist"] [name=default]
[2026/07/13 10:33:25.917 +08:00] [WARN] [global_controller.go:819] ["[resource group controller] resource group name does not exist"] [name=default]
[2026/07/13 10:33:25.917 +08:00] [WARN] [global_controller.go:819] ["[resource group controller] resource group name does not exist"] [name=default]
[2026/07/13 10:33:25.917 +08:00] [WARN] [global_controller.go:819] ["[resource group controller] resource group name does not exist"] [name=default]
[2026/07/13 10:33:25.917 +08:00] [INFO] [job_worker.go:447] ["finish DDL job"] [category=ddl] [jobID=51] [job="ID:51, Type:create table, State:synced, SchemaState:public, SchemaID:1, TableID:50, RowCount:0, ArgLen:0, start time: 2026-07-13 10:33:25.913 +0800 CST, Err:<nil>, ErrCount:0, SnapshotVersion:0, Version: v2"]
[2026/07/13 10:33:25.917 +08:00] [WARN] [global_controller.go:819] ["[resource group controller] resource group name does not exist"] [name=default]
[2026/07/13 10:33:25.917 +08:00] [WARN] [global_controller.go:819] ["[resource group controller] resource group name does not exist"] [name=default]
[2026/07/13 10:33:25.917 +08:00] [WARN] [global_controller.go:819] ["[resource group controller] resource group name does not exist"] [name=default]
[2026/07/13 10:33:25.917 +08:00] [INFO] [executor.go:7380] ["DDL job is finished"] [category=ddl] [jobID=51]
[2026/07/13 10:33:25.917 +08:00] [INFO] [session.go:5104] ["CRUCIAL OPERATION"] [conn=0] [schemaVersion=25] [cur_db=mysql] [sql="CREATE TABLE IF NOT EXISTS mysql.global_grants (\n\t\tUSER char(32) NOT NULL DEFAULT '',\n\t\tHOST char(255) NOT NULL DEFAULT '',\n\t\tPRIV char(32) NOT NULL DEFAULT '',\n\t\tWITH_GRANT_OPTION enum('N','Y') NOT NULL DEFAULT 'N',\n\t\tPRIMARY KEY (USER,HOST,PRIV),\n\t\tKEY i_user (USER)\n\t);"] [user=]
[2026/07/13 10:33:25.917 +08:00] [WARN] [global_controller.go:819] ["[resource group controller] resource group name does not exist"] [name=default]
[2026/07/13 10:33:25.917 +08:00] [INFO] [executor.go:7545] ["system variable tidb_scatter_region not found, use default value"] [category=ddl]
[2026/07/13 10:33:25.917 +08:00] [WARN] [global_controller.go:819] ["[resource group controller] resource group name does not exist"] [name=default]
[2026/07/13 10:33:25.918 +08:00] [WARN] [global_controller.go:819] ["[resource group controller] resource group name does not exist"] [name=default]
[2026/07/13 10:33:25.918 +08:00] [INFO] [job_submitter.go:118] ["add DDL jobs"] [category=ddl] ["batch count"=1] [jobs="ID:53, Type:create table, State:queueing, SchemaState:none, SchemaID:1, TableID:52, RowCount:0, ArgLen:1, start time: 2026-07-13 10:33:25.917 +0800 CST, Err:<nil>, ErrCount:0, SnapshotVersion:0, Version: v2; "] [fast_create=true]
[2026/07/13 10:33:25.918 +08:00] [INFO] [executor.go:7260] ["DDL job submitted"] [category=ddl] [job="ID:53, Type:create table, State:queueing, SchemaState:none, SchemaID:1, TableID:52, RowCount:0, ArgLen:1, start time: 2026-07-13 10:33:25.917 +0800 CST, Err:<nil>, ErrCount:0, SnapshotVersion:0, Version: v2"] [query="CREATE TABLE IF NOT EXISTS mysql.capture_plan_baselines_blacklist (\n\t\tid bigint(64) auto_increment,\n\t\tfilter_type varchar(32) NOT NULL COMMENT \"type of the filter, only db, table and frequency supported now\",\n\t\tfilter_value varchar(32) NOT NULL,\n\t\tkey idx(filter_type),\n\t\tprimary key(id)\n\t);"]
[2026/07/13 10:33:25.918 +08:00] [WARN] [global_controller.go:819] ["[resource group controller] resource group name does not exist"] [name=default]
[2026/07/13 10:33:25.918 +08:00] [WARN] [global_controller.go:819] ["[resource group controller] resource group name does not exist"] [name=default]
[2026/07/13 10:33:25.918 +08:00] [INFO] [job_worker.go:854] ["run one job step"] [category=ddl] [jobID=53] [job="ID:53, Type:create table, State:queueing, SchemaState:none, SchemaID:1, TableID:52, RowCount:0, ArgLen:0, start time: 2026-07-13 10:33:25.917 +0800 CST, Err:<nil>, ErrCount:0, SnapshotVersion:0, Version: v2"]
[2026/07/13 10:33:25.918 +08:00] [WARN] [global_controller.go:819] ["[resource group controller] resource group name does not exist"] [name=default]
[2026/07/13 10:33:25.918 +08:00] [WARN] [global_controller.go:819] ["[resource group controller] resource group name does not exist"] [name=default]
[2026/07/13 10:33:25.918 +08:00] [WARN] [global_controller.go:819] ["[resource group controller] resource group name does not exist"] [name=default]
[2026/07/13 10:33:25.919 +08:00] [INFO] [loader.go:216] ["diff load InfoSchema success"] [mode=auto] [isV2=true] [currVer=25] [neededVer=26] [gotVer=26] ["elapsed time"=60.291µs] [phyTblIDs="[52]"] [actionTypes="[3]"] [diffTypes="[\"create table\"]"]
[2026/07/13 10:33:25.919 +08:00] [INFO] [syncer.go:258] ["session manager is nil"]
[2026/07/13 10:33:25.919 +08:00] [INFO] [syncer.go:281] ["mdl gets lock, update self version to owner"] [jobID=53] [version=26]
[2026/07/13 10:33:25.921 +08:00] [INFO] [schema_version.go:397] ["wait schema version synced success"] [category=ddl] [ver=26] [checkAssumedSvr=false] ["take time"=2.221875ms] [job="ID:53, Type:create table, State:done, SchemaState:public, SchemaID:1, TableID:52, RowCount:0, ArgLen:1, start time: 2026-07-13 10:33:25.917 +0800 CST, Err:<nil>, ErrCount:0, SnapshotVersion:0, Version: v2"] [summary="server count: 1"]
[2026/07/13 10:33:25.921 +08:00] [WARN] [global_controller.go:819] ["[resource group controller] resource group name does not exist"] [name=default]
[2026/07/13 10:33:25.921 +08:00] [WARN] [global_controller.go:819] ["[resource group controller] resource group name does not exist"] [name=default]
[2026/07/13 10:33:25.921 +08:00] [WARN] [global_controller.go:819] ["[resource group controller] resource group name does not exist"] [name=default]
[2026/07/13 10:33:25.921 +08:00] [WARN] [global_controller.go:819] ["[resource group controller] resource group name does not exist"] [name=default]
[2026/07/13 10:33:25.921 +08:00] [WARN] [global_controller.go:819] ["[resource group controller] resource group name does not exist"] [name=default]
[2026/07/13 10:33:25.921 +08:00] [INFO] [job_worker.go:447] ["finish DDL job"] [category=ddl] [jobID=53] [job="ID:53, Type:create table, State:synced, SchemaState:public, SchemaID:1, TableID:52, RowCount:0, ArgLen:0, start time: 2026-07-13 10:33:25.917 +0800 CST, Err:<nil>, ErrCount:0, SnapshotVersion:0, Version: v2"]
[2026/07/13 10:33:25.921 +08:00] [WARN] [global_controller.go:819] ["[resource group controller] resource group name does not exist"] [name=default]
[2026/07/13 10:33:25.921 +08:00] [WARN] [global_controller.go:819] ["[resource group controller] resource group name does not exist"] [name=default]
[2026/07/13 10:33:25.922 +08:00] [WARN] [global_controller.go:819] ["[resource group controller] resource group name does not exist"] [name=default]
[2026/07/13 10:33:25.922 +08:00] [INFO] [executor.go:7380] ["DDL job is finished"] [category=ddl] [jobID=53]
[2026/07/13 10:33:25.922 +08:00] [INFO] [session.go:5104] ["CRUCIAL OPERATION"] [conn=0] [schemaVersion=26] [cur_db=mysql] [sql="CREATE TABLE IF NOT EXISTS mysql.capture_plan_baselines_blacklist (\n\t\tid bigint(64) auto_increment,\n\t\tfilter_type varchar(32) NOT NULL COMMENT \"type of the filter, only db, table and frequency supported now\",\n\t\tfilter_value varchar(32) NOT NULL,\n\t\tkey idx(filter_type),\n\t\tprimary key(id)\n\t);"] [user=]
[2026/07/13 10:33:25.922 +08:00] [INFO] [executor.go:7545] ["system variable tidb_scatter_region not found, use default value"] [category=ddl]
[2026/07/13 10:33:25.922 +08:00] [WARN] [global_controller.go:819] ["[resource group controller] resource group name does not exist"] [name=default]
[2026/07/13 10:33:25.922 +08:00] [WARN] [global_controller.go:819] ["[resource group controller] resource group name does not exist"] [name=default]
[2026/07/13 10:33:25.922 +08:00] [WARN] [global_controller.go:819] ["[resource group controller] resource group name does not exist"] [name=default]
[2026/07/13 10:33:25.922 +08:00] [INFO] [job_submitter.go:118] ["add DDL jobs"] [category=ddl] ["batch count"=1] [jobs="ID:55, Type:create table, State:queueing, SchemaState:none, SchemaID:1, TableID:54, RowCount:0, ArgLen:1, start time: 2026-07-13 10:33:25.922 +0800 CST, Err:<nil>, ErrCount:0, SnapshotVersion:0, Version: v2; "] [fast_create=true]
[2026/07/13 10:33:25.922 +08:00] [INFO] [executor.go:7260] ["DDL job submitted"] [category=ddl] [job="ID:55, Type:create table, State:queueing, SchemaState:none, SchemaID:1, TableID:54, RowCount:0, ArgLen:1, start time: 2026-07-13 10:33:25.922 +0800 CST, Err:<nil>, ErrCount:0, SnapshotVersion:0, Version: v2"] [query="CREATE TABLE IF NOT EXISTS mysql.column_stats_usage (\n\t\ttable_id BIGINT(64) NOT NULL,\n\t\tcolumn_id BIGINT(64) NOT NULL,\n\t\tlast_used_at TIMESTAMP,\n\t\tlast_analyzed_at TIMESTAMP,\n\t\tPRIMARY KEY (table_id, column_id) CLUSTERED\n\t);"]
[2026/07/13 10:33:25.922 +08:00] [WARN] [global_controller.go:819] ["[resource group controller] resource group name does not exist"] [name=default]
[2026/07/13 10:33:25.923 +08:00] [WARN] [global_controller.go:819] ["[resource group controller] resource group name does not exist"] [name=default]
[2026/07/13 10:33:25.923 +08:00] [INFO] [job_worker.go:854] ["run one job step"] [category=ddl] [jobID=55] [job="ID:55, Type:create table, State:queueing, SchemaState:none, SchemaID:1, TableID:54, RowCount:0, ArgLen:0, start time: 2026-07-13 10:33:25.922 +0800 CST, Err:<nil>, ErrCount:0, SnapshotVersion:0, Version: v2"]
[2026/07/13 10:33:25.923 +08:00] [WARN] [global_controller.go:819] ["[resource group controller] resource group name does not exist"] [name=default]
[2026/07/13 10:33:25.923 +08:00] [WARN] [global_controller.go:819] ["[resource group controller] resource group name does not exist"] [name=default]
[2026/07/13 10:33:25.923 +08:00] [WARN] [global_controller.go:819] ["[resource group controller] resource group name does not exist"] [name=default]
[2026/07/13 10:33:25.923 +08:00] [INFO] [loader.go:216] ["diff load InfoSchema success"] [mode=auto] [isV2=true] [currVer=26] [neededVer=27] [gotVer=27] ["elapsed time"=59.292µs] [phyTblIDs="[54]"] [actionTypes="[3]"] [diffTypes="[\"create table\"]"]
[2026/07/13 10:33:25.923 +08:00] [INFO] [syncer.go:258] ["session manager is nil"]
[2026/07/13 10:33:25.923 +08:00] [INFO] [syncer.go:281] ["mdl gets lock, update self version to owner"] [jobID=55] [version=27]
[2026/07/13 10:33:25.926 +08:00] [INFO] [schema_version.go:397] ["wait schema version synced success"] [category=ddl] [ver=27] [checkAssumedSvr=false] ["take time"=2.475333ms] [job="ID:55, Type:create table, State:done, SchemaState:public, SchemaID:1, TableID:54, RowCount:0, ArgLen:1, start time: 2026-07-13 10:33:25.922 +0800 CST, Err:<nil>, ErrCount:0, SnapshotVersion:0, Version: v2"] [summary="server count: 1"]
[2026/07/13 10:33:25.926 +08:00] [WARN] [global_controller.go:819] ["[resource group controller] resource group name does not exist"] [name=default]
[2026/07/13 10:33:25.926 +08:00] [WARN] [global_controller.go:819] ["[resource group controller] resource group name does not exist"] [name=default]
[2026/07/13 10:33:25.926 +08:00] [WARN] [global_controller.go:819] ["[resource group controller] resource group name does not exist"] [name=default]
[2026/07/13 10:33:25.926 +08:00] [WARN] [global_controller.go:819] ["[resource group controller] resource group name does not exist"] [name=default]
[2026/07/13 10:33:25.926 +08:00] [WARN] [global_controller.go:819] ["[resource group controller] resource group name does not exist"] [name=default]
[2026/07/13 10:33:25.926 +08:00] [WARN] [global_controller.go:819] ["[resource group controller] resource group name does not exist"] [name=default]
[2026/07/13 10:33:25.926 +08:00] [INFO] [job_worker.go:447] ["finish DDL job"] [category=ddl] [jobID=55] [job="ID:55, Type:create table, State:synced, SchemaState:public, SchemaID:1, TableID:54, RowCount:0, ArgLen:0, start time: 2026-07-13 10:33:25.922 +0800 CST, Err:<nil>, ErrCount:0, SnapshotVersion:0, Version: v2"]
[2026/07/13 10:33:25.926 +08:00] [WARN] [global_controller.go:819] ["[resource group controller] resource group name does not exist"] [name=default]
[2026/07/13 10:33:25.926 +08:00] [WARN] [global_controller.go:819] ["[resource group controller] resource group name does not exist"] [name=default]
[2026/07/13 10:33:25.926 +08:00] [WARN] [global_controller.go:819] ["[resource group controller] resource group name does not exist"] [name=default]
[2026/07/13 10:33:25.927 +08:00] [INFO] [executor.go:7380] ["DDL job is finished"] [category=ddl] [jobID=55]
[2026/07/13 10:33:25.927 +08:00] [INFO] [session.go:5104] ["CRUCIAL OPERATION"] [conn=0] [schemaVersion=27] [cur_db=mysql] [sql="CREATE TABLE IF NOT EXISTS mysql.column_stats_usage (\n\t\ttable_id BIGINT(64) NOT NULL,\n\t\tcolumn_id BIGINT(64) NOT NULL,\n\t\tlast_used_at TIMESTAMP,\n\t\tlast_analyzed_at TIMESTAMP,\n\t\tPRIMARY KEY (table_id, column_id) CLUSTERED\n\t);"] [user=]
[2026/07/13 10:33:25.927 +08:00] [INFO] [executor.go:7545] ["system variable tidb_scatter_region not found, use default value"] [category=ddl]
[2026/07/13 10:33:25.927 +08:00] [WARN] [global_controller.go:819] ["[resource group controller] resource group name does not exist"] [name=default]
[2026/07/13 10:33:25.927 +08:00] [WARN] [global_controller.go:819] ["[resource group controller] resource group name does not exist"] [name=default]
[2026/07/13 10:33:25.927 +08:00] [WARN] [global_controller.go:819] ["[resource group controller] resource group name does not exist"] [name=default]
[2026/07/13 10:33:25.927 +08:00] [INFO] [job_submitter.go:118] ["add DDL jobs"] [category=ddl] ["batch count"=1] [jobs="ID:57, Type:create table, State:queueing, SchemaState:none, SchemaID:1, TableID:56, RowCount:0, ArgLen:1, start time: 2026-07-13 10:33:25.927 +0800 CST, Err:<nil>, ErrCount:0, SnapshotVersion:0, Version: v2; "] [fast_create=true]
[2026/07/13 10:33:25.927 +08:00] [INFO] [executor.go:7260] ["DDL job submitted"] [category=ddl] [job="ID:57, Type:create table, State:queueing, SchemaState:none, SchemaID:1, TableID:56, RowCount:0, ArgLen:1, start time: 2026-07-13 10:33:25.927 +0800 CST, Err:<nil>, ErrCount:0, SnapshotVersion:0, Version: v2"] [query="CREATE TABLE IF NOT EXISTS mysql.table_cache_meta (\n\t\ttid bigint(11) NOT NULL DEFAULT 0,\n\t\tlock_type enum('NONE','READ', 'INTEND', 'WRITE') NOT NULL DEFAULT 'NONE',\n\t\tlease bigint(20) NOT NULL DEFAULT 0,\n\t\toldReadLease bigint(20) NOT NULL DEFAULT 0,\n\t\tPRIMARY KEY (tid)\n\t);"]
[2026/07/13 10:33:25.927 +08:00] [WARN] [global_controller.go:819] ["[resource group controller] resource group name does not exist"] [name=default]
[2026/07/13 10:33:25.927 +08:00] [WARN] [global_controller.go:819] ["[resource group controller] resource group name does not exist"] [name=default]
[2026/07/13 10:33:25.927 +08:00] [INFO] [job_worker.go:854] ["run one job step"] [category=ddl] [jobID=57] [job="ID:57, Type:create table, State:queueing, SchemaState:none, SchemaID:1, TableID:56, RowCount:0, ArgLen:0, start time: 2026-07-13 10:33:25.927 +0800 CST, Err:<nil>, ErrCount:0, SnapshotVersion:0, Version: v2"]
[2026/07/13 10:33:25.928 +08:00] [WARN] [global_controller.go:819] ["[resource group controller] resource group name does not exist"] [name=default]
[2026/07/13 10:33:25.928 +08:00] [WARN] [global_controller.go:819] ["[resource group controller] resource group name does not exist"] [name=default]
[2026/07/13 10:33:25.928 +08:00] [WARN] [global_controller.go:819] ["[resource group controller] resource group name does not exist"] [name=default]
[2026/07/13 10:33:25.928 +08:00] [INFO] [loader.go:216] ["diff load InfoSchema success"] [mode=auto] [isV2=true] [currVer=27] [neededVer=28] [gotVer=28] ["elapsed time"=55.625µs] [phyTblIDs="[56]"] [actionTypes="[3]"] [diffTypes="[\"create table\"]"]
[2026/07/13 10:33:25.928 +08:00] [INFO] [syncer.go:258] ["session manager is nil"]
[2026/07/13 10:33:25.928 +08:00] [INFO] [syncer.go:281] ["mdl gets lock, update self version to owner"] [jobID=57] [version=28]
[2026/07/13 10:33:25.930 +08:00] [INFO] [schema_version.go:397] ["wait schema version synced success"] [category=ddl] [ver=28] [checkAssumedSvr=false] ["take time"=2.065667ms] [job="ID:57, Type:create table, State:done, SchemaState:public, SchemaID:1, TableID:56, RowCount:0, ArgLen:1, start time: 2026-07-13 10:33:25.927 +0800 CST, Err:<nil>, ErrCount:0, SnapshotVersion:0, Version: v2"] [summary="server count: 1"]
[2026/07/13 10:33:25.930 +08:00] [WARN] [global_controller.go:819] ["[resource group controller] resource group name does not exist"] [name=default]
[2026/07/13 10:33:25.930 +08:00] [WARN] [global_controller.go:819] ["[resource group controller] resource group name does not exist"] [name=default]
[2026/07/13 10:33:25.930 +08:00] [WARN] [global_controller.go:819] ["[resource group controller] resource group name does not exist"] [name=default]
[2026/07/13 10:33:25.930 +08:00] [WARN] [global_controller.go:819] ["[resource group controller] resource group name does not exist"] [name=default]
[2026/07/13 10:33:25.930 +08:00] [WARN] [global_controller.go:819] ["[resource group controller] resource group name does not exist"] [name=default]
[2026/07/13 10:33:25.930 +08:00] [INFO] [job_worker.go:447] ["finish DDL job"] [category=ddl] [jobID=57] [job="ID:57, Type:create table, State:synced, SchemaState:public, SchemaID:1, TableID:56, RowCount:0, ArgLen:0, start time: 2026-07-13 10:33:25.927 +0800 CST, Err:<nil>, ErrCount:0, SnapshotVersion:0, Version: v2"]
[2026/07/13 10:33:25.930 +08:00] [WARN] [global_controller.go:819] ["[resource group controller] resource group name does not exist"] [name=default]
[2026/07/13 10:33:25.931 +08:00] [WARN] [global_controller.go:819] ["[resource group controller] resource group name does not exist"] [name=default]
[2026/07/13 10:33:25.931 +08:00] [WARN] [global_controller.go:819] ["[resource group controller] resource group name does not exist"] [name=default]
[2026/07/13 10:33:25.931 +08:00] [INFO] [executor.go:7380] ["DDL job is finished"] [category=ddl] [jobID=57]
[2026/07/13 10:33:25.931 +08:00] [INFO] [session.go:5104] ["CRUCIAL OPERATION"] [conn=0] [schemaVersion=28] [cur_db=mysql] [sql="CREATE TABLE IF NOT EXISTS mysql.table_cache_meta (\n\t\ttid bigint(11) NOT NULL DEFAULT 0,\n\t\tlock_type enum('NONE','READ', 'INTEND', 'WRITE') NOT NULL DEFAULT 'NONE',\n\t\tlease bigint(20) NOT NULL DEFAULT 0,\n\t\toldReadLease bigint(20) NOT NULL DEFAULT 0,\n\t\tPRIMARY KEY (tid)\n\t);"] [user=]
[2026/07/13 10:33:25.931 +08:00] [INFO] [add_column.go:1339] ["Automatically convert BLOB(19372) to MEDIUMBLOB"] [category=ddl]
[2026/07/13 10:33:25.931 +08:00] [WARN] [global_controller.go:819] ["[resource group controller] resource group name does not exist"] [name=default]
[2026/07/13 10:33:25.931 +08:00] [INFO] [executor.go:7545] ["system variable tidb_scatter_region not found, use default value"] [category=ddl]
[2026/07/13 10:33:25.931 +08:00] [WARN] [global_controller.go:819] ["[resource group controller] resource group name does not exist"] [name=default]
[2026/07/13 10:33:25.931 +08:00] [WARN] [global_controller.go:819] ["[resource group controller] resource group name does not exist"] [name=default]
[2026/07/13 10:33:25.931 +08:00] [INFO] [job_submitter.go:118] ["add DDL jobs"] [category=ddl] ["batch count"=1] [jobs="ID:59, Type:create table, State:queueing, SchemaState:none, SchemaID:1, TableID:58, RowCount:0, ArgLen:1, start time: 2026-07-13 10:33:25.931 +0800 CST, Err:<nil>, ErrCount:0, SnapshotVersion:0, Version: v2; "] [fast_create=true]
[2026/07/13 10:33:25.932 +08:00] [INFO] [executor.go:7260] ["DDL job submitted"] [category=ddl] [job="ID:59, Type:create table, State:queueing, SchemaState:none, SchemaID:1, TableID:58, RowCount:0, ArgLen:1, start time: 2026-07-13 10:33:25.931 +0800 CST, Err:<nil>, ErrCount:0, SnapshotVersion:0, Version: v2"] [query="CREATE TABLE IF NOT EXISTS mysql.analyze_options (\n\t\ttable_id BIGINT(64) NOT NULL,\n\t\tsample_num BIGINT(64) NOT NULL DEFAULT 0,\n\t\tsample_rate DOUBLE NOT NULL DEFAULT -1,\n\t\tbuckets BIGINT(64) NOT NULL DEFAULT 0,\n\t\ttopn BIGINT(64) NOT NULL DEFAULT -1,\n\t\tcolumn_choice enum('DEFAULT','ALL','PREDICATE','LIST') NOT NULL DEFAULT 'DEFAULT',\n\t\tcolumn_ids TEXT(19372),\n\t\tPRIMARY KEY (table_id) CLUSTERED\n\t);"]
[2026/07/13 10:33:25.932 +08:00] [WARN] [global_controller.go:819] ["[resource group controller] resource group name does not exist"] [name=default]
[2026/07/13 10:33:25.932 +08:00] [WARN] [global_controller.go:819] ["[resource group controller] resource group name does not exist"] [name=default]
[2026/07/13 10:33:25.932 +08:00] [INFO] [job_worker.go:854] ["run one job step"] [category=ddl] [jobID=59] [job="ID:59, Type:create table, State:queueing, SchemaState:none, SchemaID:1, TableID:58, RowCount:0, ArgLen:0, start time: 2026-07-13 10:33:25.931 +0800 CST, Err:<nil>, ErrCount:0, SnapshotVersion:0, Version: v2"]
[2026/07/13 10:33:25.932 +08:00] [WARN] [global_controller.go:819] ["[resource group controller] resource group name does not exist"] [name=default]
[2026/07/13 10:33:25.932 +08:00] [WARN] [global_controller.go:819] ["[resource group controller] resource group name does not exist"] [name=default]
[2026/07/13 10:33:25.932 +08:00] [WARN] [global_controller.go:819] ["[resource group controller] resource group name does not exist"] [name=default]
[2026/07/13 10:33:25.932 +08:00] [INFO] [loader.go:216] ["diff load InfoSchema success"] [mode=auto] [isV2=true] [currVer=28] [neededVer=29] [gotVer=29] ["elapsed time"=68.042µs] [phyTblIDs="[58]"] [actionTypes="[3]"] [diffTypes="[\"create table\"]"]
[2026/07/13 10:33:25.933 +08:00] [INFO] [syncer.go:258] ["session manager is nil"]
[2026/07/13 10:33:25.933 +08:00] [INFO] [syncer.go:281] ["mdl gets lock, update self version to owner"] [jobID=59] [version=29]
[2026/07/13 10:33:25.935 +08:00] [INFO] [schema_version.go:397] ["wait schema version synced success"] [category=ddl] [ver=29] [checkAssumedSvr=false] ["take time"=2.194875ms] [job="ID:59, Type:create table, State:done, SchemaState:public, SchemaID:1, TableID:58, RowCount:0, ArgLen:1, start time: 2026-07-13 10:33:25.931 +0800 CST, Err:<nil>, ErrCount:0, SnapshotVersion:0, Version: v2"] [summary="server count: 1"]
[2026/07/13 10:33:25.935 +08:00] [WARN] [global_controller.go:819] ["[resource group controller] resource group name does not exist"] [name=default]
[2026/07/13 10:33:25.935 +08:00] [WARN] [global_controller.go:819] ["[resource group controller] resource group name does not exist"] [name=default]
[2026/07/13 10:33:25.935 +08:00] [WARN] [global_controller.go:819] ["[resource group controller] resource group name does not exist"] [name=default]
[2026/07/13 10:33:25.935 +08:00] [WARN] [global_controller.go:819] ["[resource group controller] resource group name does not exist"] [name=default]
[2026/07/13 10:33:25.935 +08:00] [WARN] [global_controller.go:819] ["[resource group controller] resource group name does not exist"] [name=default]
[2026/07/13 10:33:25.935 +08:00] [INFO] [job_worker.go:447] ["finish DDL job"] [category=ddl] [jobID=59] [job="ID:59, Type:create table, State:synced, SchemaState:public, SchemaID:1, TableID:58, RowCount:0, ArgLen:0, start time: 2026-07-13 10:33:25.931 +0800 CST, Err:<nil>, ErrCount:0, SnapshotVersion:0, Version: v2"]
[2026/07/13 10:33:25.935 +08:00] [WARN] [global_controller.go:819] ["[resource group controller] resource group name does not exist"] [name=default]
[2026/07/13 10:33:25.935 +08:00] [WARN] [global_controller.go:819] ["[resource group controller] resource group name does not exist"] [name=default]
[2026/07/13 10:33:25.935 +08:00] [WARN] [global_controller.go:819] ["[resource group controller] resource group name does not exist"] [name=default]
[2026/07/13 10:33:25.935 +08:00] [INFO] [executor.go:7380] ["DDL job is finished"] [category=ddl] [jobID=59]
[2026/07/13 10:33:25.935 +08:00] [INFO] [session.go:5104] ["CRUCIAL OPERATION"] [conn=0] [schemaVersion=29] [cur_db=mysql] [sql="CREATE TABLE IF NOT EXISTS mysql.analyze_options (\n\t\ttable_id BIGINT(64) NOT NULL,\n\t\tsample_num BIGINT(64) NOT NULL DEFAULT 0,\n\t\tsample_rate DOUBLE NOT NULL DEFAULT -1,\n\t\tbuckets BIGINT(64) NOT NULL DEFAULT 0,\n\t\ttopn BIGINT(64) NOT NULL DEFAULT -1,\n\t\tcolumn_choice enum('DEFAULT','ALL','PREDICATE','LIST') NOT NULL DEFAULT 'DEFAULT',\n\t\tcolumn_ids TEXT(19372),\n\t\tPRIMARY KEY (table_id) CLUSTERED\n\t);"] [user=]
[2026/07/13 10:33:25.936 +08:00] [INFO] [executor.go:7545] ["system variable tidb_scatter_region not found, use default value"] [category=ddl]
[2026/07/13 10:33:25.936 +08:00] [WARN] [global_controller.go:819] ["[resource group controller] resource group name does not exist"] [name=default]
[2026/07/13 10:33:25.936 +08:00] [WARN] [global_controller.go:819] ["[resource group controller] resource group name does not exist"] [name=default]
[2026/07/13 10:33:25.936 +08:00] [WARN] [global_controller.go:819] ["[resource group controller] resource group name does not exist"] [name=default]
[2026/07/13 10:33:25.936 +08:00] [INFO] [job_submitter.go:118] ["add DDL jobs"] [category=ddl] ["batch count"=1] [jobs="ID:61, Type:create table, State:queueing, SchemaState:none, SchemaID:1, TableID:60, RowCount:0, ArgLen:1, start time: 2026-07-13 10:33:25.936 +0800 CST, Err:<nil>, ErrCount:0, SnapshotVersion:0, Version: v2; "] [fast_create=true]
[2026/07/13 10:33:25.936 +08:00] [INFO] [executor.go:7260] ["DDL job submitted"] [category=ddl] [job="ID:61, Type:create table, State:queueing, SchemaState:none, SchemaID:1, TableID:60, RowCount:0, ArgLen:1, start time: 2026-07-13 10:33:25.936 +0800 CST, Err:<nil>, ErrCount:0, SnapshotVersion:0, Version: v2"] [query="CREATE TABLE IF NOT EXISTS mysql.stats_history (\n\t\ttable_id bigint(64) NOT NULL,\n\t\tstats_data longblob NOT NULL,\n\t\tseq_no bigint(64) NOT NULL comment 'sequence number of the gzipped data slice',\n\t\tversion bigint(64) NOT NULL comment 'stats version which corresponding to stats:version in EXPLAIN',\n\t\tcreate_time datetime(6) NOT NULL,\n\t\tPRIMARY KEY (table_id, version, seq_no) CLUSTERED,\n\t\tKEY table_create_time (table_id, create_time, seq_no),\n    \tKEY idx_create_time (create_time)\n\t);"]
[2026/07/13 10:33:25.936 +08:00] [WARN] [global_controller.go:819] ["[resource group controller] resource group name does not exist"] [name=default]
[2026/07/13 10:33:25.936 +08:00] [WARN] [global_controller.go:819] ["[resource group controller] resource group name does not exist"] [name=default]
[2026/07/13 10:33:25.936 +08:00] [INFO] [job_worker.go:854] ["run one job step"] [category=ddl] [jobID=61] [job="ID:61, Type:create table, State:queueing, SchemaState:none, SchemaID:1, TableID:60, RowCount:0, ArgLen:0, start time: 2026-07-13 10:33:25.936 +0800 CST, Err:<nil>, ErrCount:0, SnapshotVersion:0, Version: v2"]
[2026/07/13 10:33:25.937 +08:00] [WARN] [global_controller.go:819] ["[resource group controller] resource group name does not exist"] [name=default]
[2026/07/13 10:33:25.937 +08:00] [WARN] [global_controller.go:819] ["[resource group controller] resource group name does not exist"] [name=default]
[2026/07/13 10:33:25.937 +08:00] [WARN] [global_controller.go:819] ["[resource group controller] resource group name does not exist"] [name=default]
[2026/07/13 10:33:25.937 +08:00] [INFO] [loader.go:216] ["diff load InfoSchema success"] [mode=auto] [isV2=true] [currVer=29] [neededVer=30] [gotVer=30] ["elapsed time"=79.667µs] [phyTblIDs="[60]"] [actionTypes="[3]"] [diffTypes="[\"create table\"]"]
[2026/07/13 10:33:25.937 +08:00] [INFO] [syncer.go:258] ["session manager is nil"]
[2026/07/13 10:33:25.937 +08:00] [INFO] [syncer.go:281] ["mdl gets lock, update self version to owner"] [jobID=61] [version=30]
[2026/07/13 10:33:25.939 +08:00] [INFO] [schema_version.go:397] ["wait schema version synced success"] [category=ddl] [ver=30] [checkAssumedSvr=false] ["take time"=2.437042ms] [job="ID:61, Type:create table, State:done, SchemaState:public, SchemaID:1, TableID:60, RowCount:0, ArgLen:1, start time: 2026-07-13 10:33:25.936 +0800 CST, Err:<nil>, ErrCount:0, SnapshotVersion:0, Version: v2"] [summary="server count: 1"]
[2026/07/13 10:33:25.940 +08:00] [WARN] [global_controller.go:819] ["[resource group controller] resource group name does not exist"] [name=default]
[2026/07/13 10:33:25.940 +08:00] [WARN] [global_controller.go:819] ["[resource group controller] resource group name does not exist"] [name=default]
[2026/07/13 10:33:25.940 +08:00] [WARN] [global_controller.go:819] ["[resource group controller] resource group name does not exist"] [name=default]
[2026/07/13 10:33:25.940 +08:00] [WARN] [global_controller.go:819] ["[resource group controller] resource group name does not exist"] [name=default]
[2026/07/13 10:33:25.940 +08:00] [WARN] [global_controller.go:819] ["[resource group controller] resource group name does not exist"] [name=default]
[2026/07/13 10:33:25.940 +08:00] [INFO] [job_worker.go:447] ["finish DDL job"] [category=ddl] [jobID=61] [job="ID:61, Type:create table, State:synced, SchemaState:public, SchemaID:1, TableID:60, RowCount:0, ArgLen:0, start time: 2026-07-13 10:33:25.936 +0800 CST, Err:<nil>, ErrCount:0, SnapshotVersion:0, Version: v2"]
[2026/07/13 10:33:25.940 +08:00] [WARN] [global_controller.go:819] ["[resource group controller] resource group name does not exist"] [name=default]
[2026/07/13 10:33:25.940 +08:00] [WARN] [global_controller.go:819] ["[resource group controller] resource group name does not exist"] [name=default]
[2026/07/13 10:33:25.940 +08:00] [WARN] [global_controller.go:819] ["[resource group controller] resource group name does not exist"] [name=default]
[2026/07/13 10:33:25.940 +08:00] [INFO] [executor.go:7380] ["DDL job is finished"] [category=ddl] [jobID=61]
[2026/07/13 10:33:25.940 +08:00] [INFO] [session.go:5104] ["CRUCIAL OPERATION"] [conn=0] [schemaVersion=30] [cur_db=mysql] [sql="CREATE TABLE IF NOT EXISTS mysql.stats_history (\n\t\ttable_id bigint(64) NOT NULL,\n\t\tstats_data longblob NOT NULL,\n\t\tseq_no bigint(64) NOT NULL comment 'sequence number of the gzipped data slice',\n\t\tversion bigint(64) NOT NULL comment 'stats version which corresponding to stats:version in EXPLAIN',\n\t\tcreate_time datetime(6) NOT NULL,\n\t\tPRIMARY KEY (table_id, version, seq_no) CLUSTERED,\n\t\tKEY table_create_time (table_id, create_time, seq_no),\n    \tKEY idx_create_time (create_time)\n\t);"] [user=]
[2026/07/13 10:33:25.940 +08:00] [INFO] [executor.go:7545] ["system variable tidb_scatter_region not found, use default value"] [category=ddl]
[2026/07/13 10:33:25.941 +08:00] [WARN] [global_controller.go:819] ["[resource group controller] resource group name does not exist"] [name=default]
[2026/07/13 10:33:25.941 +08:00] [WARN] [global_controller.go:819] ["[resource group controller] resource group name does not exist"] [name=default]
[2026/07/13 10:33:25.941 +08:00] [WARN] [global_controller.go:819] ["[resource group controller] resource group name does not exist"] [name=default]
[2026/07/13 10:33:25.941 +08:00] [INFO] [job_submitter.go:118] ["add DDL jobs"] [category=ddl] ["batch count"=1] [jobs="ID:63, Type:create table, State:queueing, SchemaState:none, SchemaID:1, TableID:62, RowCount:0, ArgLen:1, start time: 2026-07-13 10:33:25.941 +0800 CST, Err:<nil>, ErrCount:0, SnapshotVersion:0, Version: v2; "] [fast_create=true]
[2026/07/13 10:33:25.941 +08:00] [INFO] [executor.go:7260] ["DDL job submitted"] [category=ddl] [job="ID:63, Type:create table, State:queueing, SchemaState:none, SchemaID:1, TableID:62, RowCount:0, ArgLen:1, start time: 2026-07-13 10:33:25.941 +0800 CST, Err:<nil>, ErrCount:0, SnapshotVersion:0, Version: v2"] [query="CREATE TABLE IF NOT EXISTS mysql.stats_meta_history (\n\t\ttable_id bigint(64) NOT NULL,\n\t\tmodify_count bigint(64) NOT NULL,\n\t\tcount bigint(64) NOT NULL,\n\t\tversion bigint(64) NOT NULL comment 'stats version which corresponding to stats:version in EXPLAIN',\n    \tsource varchar(40) NOT NULL,\n\t\tcreate_time datetime(6) NOT NULL,\n\t\tPRIMARY KEY (table_id, version) CLUSTERED,\n\t\tKEY table_create_time (table_id, create_time),\n    \tKEY idx_create_time (create_time)\n\t);"]
[2026/07/13 10:33:25.941 +08:00] [WARN] [global_controller.go:819] ["[resource group controller] resource group name does not exist"] [name=default]
[2026/07/13 10:33:25.941 +08:00] [WARN] [global_controller.go:819] ["[resource group controller] resource group name does not exist"] [name=default]
[2026/07/13 10:33:25.941 +08:00] [INFO] [job_worker.go:854] ["run one job step"] [category=ddl] [jobID=63] [job="ID:63, Type:create table, State:queueing, SchemaState:none, SchemaID:1, TableID:62, RowCount:0, ArgLen:0, start time: 2026-07-13 10:33:25.941 +0800 CST, Err:<nil>, ErrCount:0, SnapshotVersion:0, Version: v2"]
[2026/07/13 10:33:25.942 +08:00] [WARN] [global_controller.go:819] ["[resource group controller] resource group name does not exist"] [name=default]
[2026/07/13 10:33:25.942 +08:00] [WARN] [global_controller.go:819] ["[resource group controller] resource group name does not exist"] [name=default]
[2026/07/13 10:33:25.942 +08:00] [WARN] [global_controller.go:819] ["[resource group controller] resource group name does not exist"] [name=default]
[2026/07/13 10:33:25.942 +08:00] [INFO] [loader.go:216] ["diff load InfoSchema success"] [mode=auto] [isV2=true] [currVer=30] [neededVer=31] [gotVer=31] ["elapsed time"=78.875µs] [phyTblIDs="[62]"] [actionTypes="[3]"] [diffTypes="[\"create table\"]"]
[2026/07/13 10:33:25.942 +08:00] [INFO] [syncer.go:258] ["session manager is nil"]
[2026/07/13 10:33:25.942 +08:00] [INFO] [syncer.go:281] ["mdl gets lock, update self version to owner"] [jobID=63] [version=31]
[2026/07/13 10:33:25.944 +08:00] [INFO] [schema_version.go:397] ["wait schema version synced success"] [category=ddl] [ver=31] [checkAssumedSvr=false] ["take time"=2.106708ms] [job="ID:63, Type:create table, State:done, SchemaState:public, SchemaID:1, TableID:62, RowCount:0, ArgLen:1, start time: 2026-07-13 10:33:25.941 +0800 CST, Err:<nil>, ErrCount:0, SnapshotVersion:0, Version: v2"] [summary="server count: 1"]
[2026/07/13 10:33:25.944 +08:00] [WARN] [global_controller.go:819] ["[resource group controller] resource group name does not exist"] [name=default]
[2026/07/13 10:33:25.944 +08:00] [WARN] [global_controller.go:819] ["[resource group controller] resource group name does not exist"] [name=default]
[2026/07/13 10:33:25.944 +08:00] [WARN] [global_controller.go:819] ["[resource group controller] resource group name does not exist"] [name=default]
[2026/07/13 10:33:25.945 +08:00] [WARN] [global_controller.go:819] ["[resource group controller] resource group name does not exist"] [name=default]
[2026/07/13 10:33:25.945 +08:00] [WARN] [global_controller.go:819] ["[resource group controller] resource group name does not exist"] [name=default]
[2026/07/13 10:33:25.945 +08:00] [INFO] [job_worker.go:447] ["finish DDL job"] [category=ddl] [jobID=63] [job="ID:63, Type:create table, State:synced, SchemaState:public, SchemaID:1, TableID:62, RowCount:0, ArgLen:0, start time: 2026-07-13 10:33:25.941 +0800 CST, Err:<nil>, ErrCount:0, SnapshotVersion:0, Version: v2"]
[2026/07/13 10:33:25.945 +08:00] [WARN] [global_controller.go:819] ["[resource group controller] resource group name does not exist"] [name=default]
[2026/07/13 10:33:25.945 +08:00] [WARN] [global_controller.go:819] ["[resource group controller] resource group name does not exist"] [name=default]
[2026/07/13 10:33:25.945 +08:00] [WARN] [global_controller.go:819] ["[resource group controller] resource group name does not exist"] [name=default]
[2026/07/13 10:33:25.945 +08:00] [INFO] [executor.go:7380] ["DDL job is finished"] [category=ddl] [jobID=63]
[2026/07/13 10:33:25.945 +08:00] [INFO] [session.go:5104] ["CRUCIAL OPERATION"] [conn=0] [schemaVersion=31] [cur_db=mysql] [sql="CREATE TABLE IF NOT EXISTS mysql.stats_meta_history (\n\t\ttable_id bigint(64) NOT NULL,\n\t\tmodify_count bigint(64) NOT NULL,\n\t\tcount bigint(64) NOT NULL,\n\t\tversion bigint(64) NOT NULL comment 'stats version which corresponding to stats:version in EXPLAIN',\n    \tsource varchar(40) NOT NULL,\n\t\tcreate_time datetime(6) NOT NULL,\n\t\tPRIMARY KEY (table_id, version) CLUSTERED,\n\t\tKEY table_create_time (table_id, create_time),\n    \tKEY idx_create_time (create_time)\n\t);"] [user=]
[2026/07/13 10:33:25.945 +08:00] [WARN] [global_controller.go:819] ["[resource group controller] resource group name does not exist"] [name=default]
[2026/07/13 10:33:25.945 +08:00] [INFO] [executor.go:7545] ["system variable tidb_scatter_region not found, use default value"] [category=ddl]
[2026/07/13 10:33:25.946 +08:00] [WARN] [global_controller.go:819] ["[resource group controller] resource group name does not exist"] [name=default]
[2026/07/13 10:33:25.946 +08:00] [WARN] [global_controller.go:819] ["[resource group controller] resource group name does not exist"] [name=default]
[2026/07/13 10:33:25.946 +08:00] [INFO] [job_submitter.go:118] ["add DDL jobs"] [category=ddl] ["batch count"=1] [jobs="ID:65, Type:create table, State:queueing, SchemaState:none, SchemaID:1, TableID:64, RowCount:0, ArgLen:1, start time: 2026-07-13 10:33:25.946 +0800 CST, Err:<nil>, ErrCount:0, SnapshotVersion:0, Version: v2; "] [fast_create=true]
[2026/07/13 10:33:25.946 +08:00] [INFO] [executor.go:7260] ["DDL job submitted"] [category=ddl] [job="ID:65, Type:create table, State:queueing, SchemaState:none, SchemaID:1, TableID:64, RowCount:0, ArgLen:1, start time: 2026-07-13 10:33:25.946 +0800 CST, Err:<nil>, ErrCount:0, SnapshotVersion:0, Version: v2"] [query="CREATE TABLE IF NOT EXISTS mysql.analyze_jobs (\n\t\tid BIGINT(64) UNSIGNED NOT NULL AUTO_INCREMENT,\n\t\tupdate_time TIMESTAMP NOT NULL DEFAULT CURRENT_TIMESTAMP ON UPDATE CURRENT_TIMESTAMP,\n\t\ttable_schema CHAR(64) NOT NULL DEFAULT '',\n\t\ttable_name CHAR(64) NOT NULL DEFAULT '',\n\t\tpartition_name CHAR(64) NOT NULL DEFAULT '',\n\t\tjob_info TEXT NOT NULL,\n\t\tprocessed_rows BIGINT(64) UNSIGNED NOT NULL DEFAULT 0,\n\t\tstart_time TIMESTAMP,\n\t\tend_time TIMESTAMP,\n\t\tstate ENUM('pending', 'running', 'finished', 'failed') NOT NULL,\n\t\tfail_reason TEXT,\n\t\tinstance VARCHAR(512) NOT NULL comment 'address of the TiDB instance executing the analyze job',\n\t\tprocess_id BIGINT(64) UNSIGNED comment 'ID of the process executing the analyze job',\n\t\tPRIMARY KEY (id),\n\t\tKEY (update_time),\n\t\tINDEX idx_schema_table_state (table_schema, table_name, state),\n\t\tINDEX idx_schema_table_partition_state (table_schema, table_name, partition_name, state)\n\t);"]
[2026/07/13 10:33:25.946 +08:00] [WARN] [global_controller.go:819] ["[resource group controller] resource group name does not exist"] [name=default]
[2026/07/13 10:33:25.947 +08:00] [WARN] [global_controller.go:819] ["[resource group controller] resource group name does not exist"] [name=default]
[2026/07/13 10:33:25.947 +08:00] [INFO] [job_worker.go:854] ["run one job step"] [category=ddl] [jobID=65] [job="ID:65, Type:create table, State:queueing, SchemaState:none, SchemaID:1, TableID:64, RowCount:0, ArgLen:0, start time: 2026-07-13 10:33:25.946 +0800 CST, Err:<nil>, ErrCount:0, SnapshotVersion:0, Version: v2"]
[2026/07/13 10:33:25.947 +08:00] [WARN] [global_controller.go:819] ["[resource group controller] resource group name does not exist"] [name=default]
[2026/07/13 10:33:25.947 +08:00] [WARN] [global_controller.go:819] ["[resource group controller] resource group name does not exist"] [name=default]
[2026/07/13 10:33:25.947 +08:00] [WARN] [global_controller.go:819] ["[resource group controller] resource group name does not exist"] [name=default]
[2026/07/13 10:33:25.947 +08:00] [INFO] [loader.go:216] ["diff load InfoSchema success"] [mode=auto] [isV2=true] [currVer=31] [neededVer=32] [gotVer=32] ["elapsed time"=123.75µs] [phyTblIDs="[64]"] [actionTypes="[3]"] [diffTypes="[\"create table\"]"]
[2026/07/13 10:33:25.948 +08:00] [INFO] [syncer.go:258] ["session manager is nil"]
[2026/07/13 10:33:25.948 +08:00] [INFO] [syncer.go:281] ["mdl gets lock, update self version to owner"] [jobID=65] [version=32]
[2026/07/13 10:33:25.950 +08:00] [INFO] [schema_version.go:397] ["wait schema version synced success"] [category=ddl] [ver=32] [checkAssumedSvr=false] ["take time"=2.280042ms] [job="ID:65, Type:create table, State:done, SchemaState:public, SchemaID:1, TableID:64, RowCount:0, ArgLen:1, start time: 2026-07-13 10:33:25.946 +0800 CST, Err:<nil>, ErrCount:0, SnapshotVersion:0, Version: v2"] [summary="server count: 1"]
[2026/07/13 10:33:25.950 +08:00] [WARN] [global_controller.go:819] ["[resource group controller] resource group name does not exist"] [name=default]
[2026/07/13 10:33:25.950 +08:00] [WARN] [global_controller.go:819] ["[resource group controller] resource group name does not exist"] [name=default]
[2026/07/13 10:33:25.950 +08:00] [WARN] [global_controller.go:819] ["[resource group controller] resource group name does not exist"] [name=default]
[2026/07/13 10:33:25.950 +08:00] [WARN] [global_controller.go:819] ["[resource group controller] resource group name does not exist"] [name=default]
[2026/07/13 10:33:25.950 +08:00] [WARN] [global_controller.go:819] ["[resource group controller] resource group name does not exist"] [name=default]
[2026/07/13 10:33:25.950 +08:00] [INFO] [job_worker.go:447] ["finish DDL job"] [category=ddl] [jobID=65] [job="ID:65, Type:create table, State:synced, SchemaState:public, SchemaID:1, TableID:64, RowCount:0, ArgLen:0, start time: 2026-07-13 10:33:25.946 +0800 CST, Err:<nil>, ErrCount:0, SnapshotVersion:0, Version: v2"]
[2026/07/13 10:33:25.950 +08:00] [WARN] [global_controller.go:819] ["[resource group controller] resource group name does not exist"] [name=default]
[2026/07/13 10:33:25.951 +08:00] [WARN] [global_controller.go:819] ["[resource group controller] resource group name does not exist"] [name=default]
[2026/07/13 10:33:25.951 +08:00] [WARN] [global_controller.go:819] ["[resource group controller] resource group name does not exist"] [name=default]
[2026/07/13 10:33:25.951 +08:00] [WARN] [global_controller.go:819] ["[resource group controller] resource group name does not exist"] [name=default]
[2026/07/13 10:33:25.951 +08:00] [INFO] [executor.go:7380] ["DDL job is finished"] [category=ddl] [jobID=65]
[2026/07/13 10:33:25.951 +08:00] [INFO] [session.go:5104] ["CRUCIAL OPERATION"] [conn=0] [schemaVersion=32] [cur_db=mysql] [sql="CREATE TABLE IF NOT EXISTS mysql.analyze_jobs (\n\t\tid BIGINT(64) UNSIGNED NOT NULL AUTO_INCREMENT,\n\t\tupdate_time TIMESTAMP NOT NULL DEFAULT CURRENT_TIMESTAMP ON UPDATE CURRENT_TIMESTAMP,\n\t\ttable_schema CHAR(64) NOT NULL DEFAULT '',\n\t\ttable_name CHAR(64) NOT NULL DEFAULT '',\n\t\tpartition_name CHAR(64) NOT NULL DEFAULT '',\n\t\tjob_info TEXT NOT NULL,\n\t\tprocessed_rows BIGINT(64) UNSIGNED NOT NULL DEFAULT 0,\n\t\tstart_time TIMESTAMP,\n\t\tend_time TIMESTAMP,\n\t\tstate ENUM('pending', 'running', 'finished', 'failed') NOT NULL,\n\t\tfail_reason TEXT,\n\t\tinstance VARCHAR(512) NOT NULL comment 'address of the TiDB instance executing the analyze job',\n\t\tprocess_id BIGINT(64) UNSIGNED comment 'ID of the process executing the analyze job',\n\t\tPRIMARY KEY (id),\n\t\tKEY (update_time),\n\t\tINDEX idx_schema_table_state (table_schema, table_name, state),\n\t\tINDEX idx_schema_table_partition_state (table_schema, table_name, partition_name, state)\n\t);"] [user=]
[2026/07/13 10:33:25.951 +08:00] [INFO] [executor.go:7545] ["system variable tidb_scatter_region not found, use default value"] [category=ddl]
[2026/07/13 10:33:25.951 +08:00] [WARN] [global_controller.go:819] ["[resource group controller] resource group name does not exist"] [name=default]
[2026/07/13 10:33:25.951 +08:00] [WARN] [global_controller.go:819] ["[resource group controller] resource group name does not exist"] [name=default]
[2026/07/13 10:33:25.951 +08:00] [INFO] [job_submitter.go:118] ["add DDL jobs"] [category=ddl] ["batch count"=1] [jobs="ID:67, Type:create table, State:queueing, SchemaState:none, SchemaID:1, TableID:66, RowCount:0, ArgLen:1, start time: 2026-07-13 10:33:25.951 +0800 CST, Err:<nil>, ErrCount:0, SnapshotVersion:0, Version: v2; "] [fast_create=true]
[2026/07/13 10:33:25.951 +08:00] [INFO] [executor.go:7260] ["DDL job submitted"] [category=ddl] [job="ID:67, Type:create table, State:queueing, SchemaState:none, SchemaID:1, TableID:66, RowCount:0, ArgLen:1, start time: 2026-07-13 10:33:25.951 +0800 CST, Err:<nil>, ErrCount:0, SnapshotVersion:0, Version: v2"] [query="CREATE TABLE IF NOT EXISTS mysql.advisory_locks (\n\t\tlock_name VARCHAR(64) NOT NULL PRIMARY KEY\n\t);"]
[2026/07/13 10:33:25.952 +08:00] [WARN] [global_controller.go:819] ["[resource group controller] resource group name does not exist"] [name=default]
[2026/07/13 10:33:25.952 +08:00] [WARN] [global_controller.go:819] ["[resource group controller] resource group name does not exist"] [name=default]
[2026/07/13 10:33:25.952 +08:00] [INFO] [job_worker.go:854] ["run one job step"] [category=ddl] [jobID=67] [job="ID:67, Type:create table, State:queueing, SchemaState:none, SchemaID:1, TableID:66, RowCount:0, ArgLen:0, start time: 2026-07-13 10:33:25.951 +0800 CST, Err:<nil>, ErrCount:0, SnapshotVersion:0, Version: v2"]
[2026/07/13 10:33:25.952 +08:00] [WARN] [global_controller.go:819] ["[resource group controller] resource group name does not exist"] [name=default]
[2026/07/13 10:33:25.952 +08:00] [WARN] [global_controller.go:819] ["[resource group controller] resource group name does not exist"] [name=default]
[2026/07/13 10:33:25.952 +08:00] [WARN] [global_controller.go:819] ["[resource group controller] resource group name does not exist"] [name=default]
[2026/07/13 10:33:25.952 +08:00] [INFO] [loader.go:216] ["diff load InfoSchema success"] [mode=auto] [isV2=true] [currVer=32] [neededVer=33] [gotVer=33] ["elapsed time"=41.083µs] [phyTblIDs="[66]"] [actionTypes="[3]"] [diffTypes="[\"create table\"]"]
[2026/07/13 10:33:25.952 +08:00] [INFO] [syncer.go:258] ["session manager is nil"]
[2026/07/13 10:33:25.952 +08:00] [INFO] [syncer.go:281] ["mdl gets lock, update self version to owner"] [jobID=67] [version=33]
[2026/07/13 10:33:25.954 +08:00] [INFO] [schema_version.go:397] ["wait schema version synced success"] [category=ddl] [ver=33] [checkAssumedSvr=false] ["take time"=2.190334ms] [job="ID:67, Type:create table, State:done, SchemaState:public, SchemaID:1, TableID:66, RowCount:0, ArgLen:1, start time: 2026-07-13 10:33:25.951 +0800 CST, Err:<nil>, ErrCount:0, SnapshotVersion:0, Version: v2"] [summary="server count: 1"]
[2026/07/13 10:33:25.955 +08:00] [WARN] [global_controller.go:819] ["[resource group controller] resource group name does not exist"] [name=default]
[2026/07/13 10:33:25.955 +08:00] [WARN] [global_controller.go:819] ["[resource group controller] resource group name does not exist"] [name=default]
[2026/07/13 10:33:25.955 +08:00] [WARN] [global_controller.go:819] ["[resource group controller] resource group name does not exist"] [name=default]
[2026/07/13 10:33:25.955 +08:00] [WARN] [global_controller.go:819] ["[resource group controller] resource group name does not exist"] [name=default]
[2026/07/13 10:33:25.955 +08:00] [WARN] [global_controller.go:819] ["[resource group controller] resource group name does not exist"] [name=default]
[2026/07/13 10:33:25.955 +08:00] [INFO] [job_worker.go:447] ["finish DDL job"] [category=ddl] [jobID=67] [job="ID:67, Type:create table, State:synced, SchemaState:public, SchemaID:1, TableID:66, RowCount:0, ArgLen:0, start time: 2026-07-13 10:33:25.951 +0800 CST, Err:<nil>, ErrCount:0, SnapshotVersion:0, Version: v2"]
[2026/07/13 10:33:25.955 +08:00] [WARN] [global_controller.go:819] ["[resource group controller] resource group name does not exist"] [name=default]
[2026/07/13 10:33:25.955 +08:00] [WARN] [global_controller.go:819] ["[resource group controller] resource group name does not exist"] [name=default]
[2026/07/13 10:33:25.955 +08:00] [WARN] [global_controller.go:819] ["[resource group controller] resource group name does not exist"] [name=default]
[2026/07/13 10:33:25.955 +08:00] [INFO] [executor.go:7380] ["DDL job is finished"] [category=ddl] [jobID=67]
[2026/07/13 10:33:25.955 +08:00] [INFO] [session.go:5104] ["CRUCIAL OPERATION"] [conn=0] [schemaVersion=33] [cur_db=mysql] [sql="CREATE TABLE IF NOT EXISTS mysql.advisory_locks (\n\t\tlock_name VARCHAR(64) NOT NULL PRIMARY KEY\n\t);"] [user=]
[2026/07/13 10:33:25.955 +08:00] [INFO] [executor.go:7545] ["system variable tidb_scatter_region not found, use default value"] [category=ddl]
[2026/07/13 10:33:25.955 +08:00] [WARN] [global_controller.go:819] ["[resource group controller] resource group name does not exist"] [name=default]
[2026/07/13 10:33:25.956 +08:00] [WARN] [global_controller.go:819] ["[resource group controller] resource group name does not exist"] [name=default]
[2026/07/13 10:33:25.956 +08:00] [WARN] [global_controller.go:819] ["[resource group controller] resource group name does not exist"] [name=default]
[2026/07/13 10:33:25.956 +08:00] [INFO] [job_submitter.go:118] ["add DDL jobs"] [category=ddl] ["batch count"=1] [jobs="ID:69, Type:create table, State:queueing, SchemaState:none, SchemaID:1, TableID:68, RowCount:0, ArgLen:1, start time: 2026-07-13 10:33:25.956 +0800 CST, Err:<nil>, ErrCount:0, SnapshotVersion:0, Version: v2; "] [fast_create=true]
[2026/07/13 10:33:25.956 +08:00] [INFO] [executor.go:7260] ["DDL job submitted"] [category=ddl] [job="ID:69, Type:create table, State:queueing, SchemaState:none, SchemaID:1, TableID:68, RowCount:0, ArgLen:1, start time: 2026-07-13 10:33:25.956 +0800 CST, Err:<nil>, ErrCount:0, SnapshotVersion:0, Version: v2"] [query="CREATE TABLE IF NOT EXISTS mysql.plan_replayer_status (\n\t\tsql_digest VARCHAR(128),\n\t\tplan_digest VARCHAR(128),\n\t\torigin_sql TEXT,\n\t\ttoken VARCHAR(128),\n\t\tupdate_time TIMESTAMP NOT NULL DEFAULT CURRENT_TIMESTAMP ON UPDATE CURRENT_TIMESTAMP,\n\t\tfail_reason TEXT,\n\t\tinstance VARCHAR(512) NOT NULL comment 'address of the TiDB instance executing the plan replayer job');"]
[2026/07/13 10:33:25.956 +08:00] [WARN] [global_controller.go:819] ["[resource group controller] resource group name does not exist"] [name=default]
[2026/07/13 10:33:25.956 +08:00] [WARN] [global_controller.go:819] ["[resource group controller] resource group name does not exist"] [name=default]
[2026/07/13 10:33:25.956 +08:00] [INFO] [job_worker.go:854] ["run one job step"] [category=ddl] [jobID=69] [job="ID:69, Type:create table, State:queueing, SchemaState:none, SchemaID:1, TableID:68, RowCount:0, ArgLen:0, start time: 2026-07-13 10:33:25.956 +0800 CST, Err:<nil>, ErrCount:0, SnapshotVersion:0, Version: v2"]
[2026/07/13 10:33:25.957 +08:00] [WARN] [global_controller.go:819] ["[resource group controller] resource group name does not exist"] [name=default]
[2026/07/13 10:33:25.957 +08:00] [WARN] [global_controller.go:819] ["[resource group controller] resource group name does not exist"] [name=default]
[2026/07/13 10:33:25.957 +08:00] [WARN] [global_controller.go:819] ["[resource group controller] resource group name does not exist"] [name=default]
[2026/07/13 10:33:25.957 +08:00] [INFO] [loader.go:216] ["diff load InfoSchema success"] [mode=auto] [isV2=true] [currVer=33] [neededVer=34] [gotVer=34] ["elapsed time"=77.75µs] [phyTblIDs="[68]"] [actionTypes="[3]"] [diffTypes="[\"create table\"]"]
[2026/07/13 10:33:25.957 +08:00] [INFO] [syncer.go:258] ["session manager is nil"]
[2026/07/13 10:33:25.957 +08:00] [INFO] [syncer.go:281] ["mdl gets lock, update self version to owner"] [jobID=69] [version=34]
[2026/07/13 10:33:25.959 +08:00] [INFO] [schema_version.go:397] ["wait schema version synced success"] [category=ddl] [ver=34] [checkAssumedSvr=false] ["take time"=2.406167ms] [job="ID:69, Type:create table, State:done, SchemaState:public, SchemaID:1, TableID:68, RowCount:0, ArgLen:1, start time: 2026-07-13 10:33:25.956 +0800 CST, Err:<nil>, ErrCount:0, SnapshotVersion:0, Version: v2"] [summary="server count: 1"]
[2026/07/13 10:33:25.959 +08:00] [WARN] [global_controller.go:819] ["[resource group controller] resource group name does not exist"] [name=default]
[2026/07/13 10:33:25.960 +08:00] [WARN] [global_controller.go:819] ["[resource group controller] resource group name does not exist"] [name=default]
[2026/07/13 10:33:25.960 +08:00] [WARN] [global_controller.go:819] ["[resource group controller] resource group name does not exist"] [name=default]
[2026/07/13 10:33:25.960 +08:00] [WARN] [global_controller.go:819] ["[resource group controller] resource group name does not exist"] [name=default]
[2026/07/13 10:33:25.960 +08:00] [WARN] [global_controller.go:819] ["[resource group controller] resource group name does not exist"] [name=default]
[2026/07/13 10:33:25.960 +08:00] [INFO] [job_worker.go:447] ["finish DDL job"] [category=ddl] [jobID=69] [job="ID:69, Type:create table, State:synced, SchemaState:public, SchemaID:1, TableID:68, RowCount:0, ArgLen:0, start time: 2026-07-13 10:33:25.956 +0800 CST, Err:<nil>, ErrCount:0, SnapshotVersion:0, Version: v2"]
[2026/07/13 10:33:25.960 +08:00] [WARN] [global_controller.go:819] ["[resource group controller] resource group name does not exist"] [name=default]
[2026/07/13 10:33:25.960 +08:00] [WARN] [global_controller.go:819] ["[resource group controller] resource group name does not exist"] [name=default]
[2026/07/13 10:33:25.960 +08:00] [WARN] [global_controller.go:819] ["[resource group controller] resource group name does not exist"] [name=default]
[2026/07/13 10:33:25.960 +08:00] [INFO] [executor.go:7380] ["DDL job is finished"] [category=ddl] [jobID=69]
[2026/07/13 10:33:25.960 +08:00] [INFO] [session.go:5104] ["CRUCIAL OPERATION"] [conn=0] [schemaVersion=34] [cur_db=mysql] [sql="CREATE TABLE IF NOT EXISTS mysql.plan_replayer_status (\n\t\tsql_digest VARCHAR(128),\n\t\tplan_digest VARCHAR(128),\n\t\torigin_sql TEXT,\n\t\ttoken VARCHAR(128),\n\t\tupdate_time TIMESTAMP NOT NULL DEFAULT CURRENT_TIMESTAMP ON UPDATE CURRENT_TIMESTAMP,\n\t\tfail_reason TEXT,\n\t\tinstance VARCHAR(512) NOT NULL comment 'address of the TiDB instance executing the plan replayer job');"] [user=]
[2026/07/13 10:33:25.960 +08:00] [WARN] [global_controller.go:819] ["[resource group controller] resource group name does not exist"] [name=default]
[2026/07/13 10:33:25.960 +08:00] [INFO] [executor.go:7545] ["system variable tidb_scatter_region not found, use default value"] [category=ddl]
[2026/07/13 10:33:25.961 +08:00] [WARN] [global_controller.go:819] ["[resource group controller] resource group name does not exist"] [name=default]
[2026/07/13 10:33:25.961 +08:00] [WARN] [global_controller.go:819] ["[resource group controller] resource group name does not exist"] [name=default]
[2026/07/13 10:33:25.961 +08:00] [INFO] [job_submitter.go:118] ["add DDL jobs"] [category=ddl] ["batch count"=1] [jobs="ID:71, Type:create table, State:queueing, SchemaState:none, SchemaID:1, TableID:70, RowCount:0, ArgLen:1, start time: 2026-07-13 10:33:25.961 +0800 CST, Err:<nil>, ErrCount:0, SnapshotVersion:0, Version: v2; "] [fast_create=true]
[2026/07/13 10:33:25.961 +08:00] [INFO] [executor.go:7260] ["DDL job submitted"] [category=ddl] [job="ID:71, Type:create table, State:queueing, SchemaState:none, SchemaID:1, TableID:70, RowCount:0, ArgLen:1, start time: 2026-07-13 10:33:25.961 +0800 CST, Err:<nil>, ErrCount:0, SnapshotVersion:0, Version: v2"] [query="CREATE TABLE IF NOT EXISTS mysql.plan_replayer_task (\n\t\tsql_digest VARCHAR(128) NOT NULL,\n\t\tplan_digest VARCHAR(128) NOT NULL,\n\t\tupdate_time TIMESTAMP NOT NULL DEFAULT CURRENT_TIMESTAMP ON UPDATE CURRENT_TIMESTAMP,\n\t\tPRIMARY KEY (sql_digest,plan_digest));"]
[2026/07/13 10:33:25.961 +08:00] [WARN] [global_controller.go:819] ["[resource group controller] resource group name does not exist"] [name=default]
[2026/07/13 10:33:25.961 +08:00] [WARN] [global_controller.go:819] ["[resource group controller] resource group name does not exist"] [name=default]
[2026/07/13 10:33:25.961 +08:00] [INFO] [job_worker.go:854] ["run one job step"] [category=ddl] [jobID=71] [job="ID:71, Type:create table, State:queueing, SchemaState:none, SchemaID:1, TableID:70, RowCount:0, ArgLen:0, start time: 2026-07-13 10:33:25.961 +0800 CST, Err:<nil>, ErrCount:0, SnapshotVersion:0, Version: v2"]
[2026/07/13 10:33:25.961 +08:00] [WARN] [global_controller.go:819] ["[resource group controller] resource group name does not exist"] [name=default]
[2026/07/13 10:33:25.961 +08:00] [WARN] [global_controller.go:819] ["[resource group controller] resource group name does not exist"] [name=default]
[2026/07/13 10:33:25.962 +08:00] [WARN] [global_controller.go:819] ["[resource group controller] resource group name does not exist"] [name=default]
[2026/07/13 10:33:25.962 +08:00] [INFO] [loader.go:216] ["diff load InfoSchema success"] [mode=auto] [isV2=true] [currVer=34] [neededVer=35] [gotVer=35] ["elapsed time"=62µs] [phyTblIDs="[70]"] [actionTypes="[3]"] [diffTypes="[\"create table\"]"]
[2026/07/13 10:33:25.962 +08:00] [INFO] [syncer.go:258] ["session manager is nil"]
[2026/07/13 10:33:25.962 +08:00] [INFO] [syncer.go:281] ["mdl gets lock, update self version to owner"] [jobID=71] [version=35]
[2026/07/13 10:33:25.964 +08:00] [INFO] [schema_version.go:397] ["wait schema version synced success"] [category=ddl] [ver=35] [checkAssumedSvr=false] ["take time"=2.012542ms] [job="ID:71, Type:create table, State:done, SchemaState:public, SchemaID:1, TableID:70, RowCount:0, ArgLen:1, start time: 2026-07-13 10:33:25.961 +0800 CST, Err:<nil>, ErrCount:0, SnapshotVersion:0, Version: v2"] [summary="server count: 1"]
[2026/07/13 10:33:25.964 +08:00] [WARN] [global_controller.go:819] ["[resource group controller] resource group name does not exist"] [name=default]
[2026/07/13 10:33:25.964 +08:00] [WARN] [global_controller.go:819] ["[resource group controller] resource group name does not exist"] [name=default]
[2026/07/13 10:33:25.964 +08:00] [WARN] [global_controller.go:819] ["[resource group controller] resource group name does not exist"] [name=default]
[2026/07/13 10:33:25.964 +08:00] [WARN] [global_controller.go:819] ["[resource group controller] resource group name does not exist"] [name=default]
[2026/07/13 10:33:25.964 +08:00] [WARN] [global_controller.go:819] ["[resource group controller] resource group name does not exist"] [name=default]
[2026/07/13 10:33:25.964 +08:00] [INFO] [job_worker.go:447] ["finish DDL job"] [category=ddl] [jobID=71] [job="ID:71, Type:create table, State:synced, SchemaState:public, SchemaID:1, TableID:70, RowCount:0, ArgLen:0, start time: 2026-07-13 10:33:25.961 +0800 CST, Err:<nil>, ErrCount:0, SnapshotVersion:0, Version: v2"]
[2026/07/13 10:33:25.964 +08:00] [WARN] [global_controller.go:819] ["[resource group controller] resource group name does not exist"] [name=default]
[2026/07/13 10:33:25.964 +08:00] [WARN] [global_controller.go:819] ["[resource group controller] resource group name does not exist"] [name=default]
[2026/07/13 10:33:25.964 +08:00] [WARN] [global_controller.go:819] ["[resource group controller] resource group name does not exist"] [name=default]
[2026/07/13 10:33:25.965 +08:00] [INFO] [executor.go:7380] ["DDL job is finished"] [category=ddl] [jobID=71]
[2026/07/13 10:33:25.965 +08:00] [INFO] [session.go:5104] ["CRUCIAL OPERATION"] [conn=0] [schemaVersion=35] [cur_db=mysql] [sql="CREATE TABLE IF NOT EXISTS mysql.plan_replayer_task (\n\t\tsql_digest VARCHAR(128) NOT NULL,\n\t\tplan_digest VARCHAR(128) NOT NULL,\n\t\tupdate_time TIMESTAMP NOT NULL DEFAULT CURRENT_TIMESTAMP ON UPDATE CURRENT_TIMESTAMP,\n\t\tPRIMARY KEY (sql_digest,plan_digest));"] [user=]
[2026/07/13 10:33:25.965 +08:00] [INFO] [executor.go:7545] ["system variable tidb_scatter_region not found, use default value"] [category=ddl]
[2026/07/13 10:33:25.965 +08:00] [WARN] [global_controller.go:819] ["[resource group controller] resource group name does not exist"] [name=default]
[2026/07/13 10:33:25.965 +08:00] [WARN] [global_controller.go:819] ["[resource group controller] resource group name does not exist"] [name=default]
[2026/07/13 10:33:25.965 +08:00] [WARN] [global_controller.go:819] ["[resource group controller] resource group name does not exist"] [name=default]
[2026/07/13 10:33:25.965 +08:00] [INFO] [job_submitter.go:118] ["add DDL jobs"] [category=ddl] ["batch count"=1] [jobs="ID:73, Type:create table, State:queueing, SchemaState:none, SchemaID:1, TableID:72, RowCount:0, ArgLen:1, start time: 2026-07-13 10:33:25.965 +0800 CST, Err:<nil>, ErrCount:0, SnapshotVersion:0, Version: v2; "] [fast_create=true]
[2026/07/13 10:33:25.965 +08:00] [INFO] [executor.go:7260] ["DDL job submitted"] [category=ddl] [job="ID:73, Type:create table, State:queueing, SchemaState:none, SchemaID:1, TableID:72, RowCount:0, ArgLen:1, start time: 2026-07-13 10:33:25.965 +0800 CST, Err:<nil>, ErrCount:0, SnapshotVersion:0, Version: v2"] [query="CREATE TABLE IF NOT EXISTS mysql.stats_table_locked (\n\t\ttable_id bigint(64) NOT NULL,\n\t\tmodify_count bigint(64) NOT NULL DEFAULT 0,\n\t\tcount bigint(64) NOT NULL DEFAULT 0,\n\t\tversion bigint(64) UNSIGNED NOT NULL DEFAULT 0,\n\t\tPRIMARY KEY (table_id) CLUSTERED);"]
[2026/07/13 10:33:25.965 +08:00] [WARN] [global_controller.go:819] ["[resource group controller] resource group name does not exist"] [name=default]
[2026/07/13 10:33:25.965 +08:00] [WARN] [global_controller.go:819] ["[resource group controller] resource group name does not exist"] [name=default]
[2026/07/13 10:33:25.965 +08:00] [INFO] [job_worker.go:854] ["run one job step"] [category=ddl] [jobID=73] [job="ID:73, Type:create table, State:queueing, SchemaState:none, SchemaID:1, TableID:72, RowCount:0, ArgLen:0, start time: 2026-07-13 10:33:25.965 +0800 CST, Err:<nil>, ErrCount:0, SnapshotVersion:0, Version: v2"]
[2026/07/13 10:33:25.965 +08:00] [WARN] [global_controller.go:819] ["[resource group controller] resource group name does not exist"] [name=default]
[2026/07/13 10:33:25.966 +08:00] [WARN] [global_controller.go:819] ["[resource group controller] resource group name does not exist"] [name=default]
[2026/07/13 10:33:25.966 +08:00] [WARN] [global_controller.go:819] ["[resource group controller] resource group name does not exist"] [name=default]
[2026/07/13 10:33:25.966 +08:00] [INFO] [loader.go:216] ["diff load InfoSchema success"] [mode=auto] [isV2=true] [currVer=35] [neededVer=36] [gotVer=36] ["elapsed time"=85.5µs] [phyTblIDs="[72]"] [actionTypes="[3]"] [diffTypes="[\"create table\"]"]
[2026/07/13 10:33:25.966 +08:00] [INFO] [syncer.go:258] ["session manager is nil"]
[2026/07/13 10:33:25.966 +08:00] [INFO] [syncer.go:281] ["mdl gets lock, update self version to owner"] [jobID=73] [version=36]
[2026/07/13 10:33:25.968 +08:00] [INFO] [schema_version.go:397] ["wait schema version synced success"] [category=ddl] [ver=36] [checkAssumedSvr=false] ["take time"=2.055208ms] [job="ID:73, Type:create table, State:done, SchemaState:public, SchemaID:1, TableID:72, RowCount:0, ArgLen:1, start time: 2026-07-13 10:33:25.965 +0800 CST, Err:<nil>, ErrCount:0, SnapshotVersion:0, Version: v2"] [summary="server count: 1"]
[2026/07/13 10:33:25.968 +08:00] [WARN] [global_controller.go:819] ["[resource group controller] resource group name does not exist"] [name=default]
[2026/07/13 10:33:25.968 +08:00] [WARN] [global_controller.go:819] ["[resource group controller] resource group name does not exist"] [name=default]
[2026/07/13 10:33:25.968 +08:00] [WARN] [global_controller.go:819] ["[resource group controller] resource group name does not exist"] [name=default]
[2026/07/13 10:33:25.968 +08:00] [WARN] [global_controller.go:819] ["[resource group controller] resource group name does not exist"] [name=default]
[2026/07/13 10:33:25.968 +08:00] [WARN] [global_controller.go:819] ["[resource group controller] resource group name does not exist"] [name=default]
[2026/07/13 10:33:25.968 +08:00] [INFO] [job_worker.go:447] ["finish DDL job"] [category=ddl] [jobID=73] [job="ID:73, Type:create table, State:synced, SchemaState:public, SchemaID:1, TableID:72, RowCount:0, ArgLen:0, start time: 2026-07-13 10:33:25.965 +0800 CST, Err:<nil>, ErrCount:0, SnapshotVersion:0, Version: v2"]
[2026/07/13 10:33:25.968 +08:00] [WARN] [global_controller.go:819] ["[resource group controller] resource group name does not exist"] [name=default]
[2026/07/13 10:33:25.969 +08:00] [WARN] [global_controller.go:819] ["[resource group controller] resource group name does not exist"] [name=default]
[2026/07/13 10:33:25.969 +08:00] [WARN] [global_controller.go:819] ["[resource group controller] resource group name does not exist"] [name=default]
[2026/07/13 10:33:25.969 +08:00] [INFO] [executor.go:7380] ["DDL job is finished"] [category=ddl] [jobID=73]
[2026/07/13 10:33:25.969 +08:00] [INFO] [session.go:5104] ["CRUCIAL OPERATION"] [conn=0] [schemaVersion=36] [cur_db=mysql] [sql="CREATE TABLE IF NOT EXISTS mysql.stats_table_locked (\n\t\ttable_id bigint(64) NOT NULL,\n\t\tmodify_count bigint(64) NOT NULL DEFAULT 0,\n\t\tcount bigint(64) NOT NULL DEFAULT 0,\n\t\tversion bigint(64) UNSIGNED NOT NULL DEFAULT 0,\n\t\tPRIMARY KEY (table_id) CLUSTERED);"] [user=]
[2026/07/13 10:33:25.969 +08:00] [WARN] [global_controller.go:819] ["[resource group controller] resource group name does not exist"] [name=default]
[2026/07/13 10:33:25.969 +08:00] [INFO] [executor.go:7545] ["system variable tidb_scatter_region not found, use default value"] [category=ddl]
[2026/07/13 10:33:25.969 +08:00] [WARN] [global_controller.go:819] ["[resource group controller] resource group name does not exist"] [name=default]
[2026/07/13 10:33:25.969 +08:00] [WARN] [global_controller.go:819] ["[resource group controller] resource group name does not exist"] [name=default]
[2026/07/13 10:33:25.970 +08:00] [INFO] [job_submitter.go:118] ["add DDL jobs"] [category=ddl] ["batch count"=1] [jobs="ID:75, Type:create table, State:queueing, SchemaState:none, SchemaID:1, TableID:74, RowCount:0, ArgLen:1, start time: 2026-07-13 10:33:25.969 +0800 CST, Err:<nil>, ErrCount:0, SnapshotVersion:0, Version: v2; "] [fast_create=true]
[2026/07/13 10:33:25.970 +08:00] [INFO] [executor.go:7260] ["DDL job submitted"] [category=ddl] [job="ID:75, Type:create table, State:queueing, SchemaState:none, SchemaID:1, TableID:74, RowCount:0, ArgLen:1, start time: 2026-07-13 10:33:25.969 +0800 CST, Err:<nil>, ErrCount:0, SnapshotVersion:0, Version: v2"] [query="CREATE TABLE IF NOT EXISTS mysql.tidb_ttl_table_status (\n\t\ttable_id bigint(64) PRIMARY KEY,\n        parent_table_id bigint(64),\n        table_statistics text DEFAULT NULL,\n\t\tlast_job_id varchar(64) DEFAULT NULL,\n\t\tlast_job_start_time timestamp NULL DEFAULT NULL,\n\t\tlast_job_finish_time timestamp NULL DEFAULT NULL,\n\t\tlast_job_ttl_expire timestamp NULL DEFAULT NULL,\n        last_job_summary text DEFAULT NULL,\n\t\tcurrent_job_id varchar(64) DEFAULT NULL,\n\t\tcurrent_job_owner_id varchar(64) DEFAULT NULL,\n\t\tcurrent_job_owner_addr varchar(256) DEFAULT NULL,\n\t\tcurrent_job_owner_hb_time timestamp,\n\t\tcurrent_job_start_time timestamp NULL DEFAULT NULL,\n\t\tcurrent_job_ttl_expire timestamp NULL DEFAULT NULL,\n\t\tcurrent_job_state text DEFAULT NULL,\n\t\tcurrent_job_status varchar(64) DEFAULT NULL,\n  \t\tcurrent_job_status_update_time timestamp NULL DEFAULT NULL);"]
[2026/07/13 10:33:25.970 +08:00] [WARN] [global_controller.go:819] ["[resource group controller] resource group name does not exist"] [name=default]
[2026/07/13 10:33:25.970 +08:00] [WARN] [global_controller.go:819] ["[resource group controller] resource group name does not exist"] [name=default]
[2026/07/13 10:33:25.970 +08:00] [INFO] [job_worker.go:854] ["run one job step"] [category=ddl] [jobID=75] [job="ID:75, Type:create table, State:queueing, SchemaState:none, SchemaID:1, TableID:74, RowCount:0, ArgLen:0, start time: 2026-07-13 10:33:25.969 +0800 CST, Err:<nil>, ErrCount:0, SnapshotVersion:0, Version: v2"]
[2026/07/13 10:33:25.970 +08:00] [WARN] [global_controller.go:819] ["[resource group controller] resource group name does not exist"] [name=default]
[2026/07/13 10:33:25.970 +08:00] [WARN] [global_controller.go:819] ["[resource group controller] resource group name does not exist"] [name=default]
[2026/07/13 10:33:25.971 +08:00] [WARN] [global_controller.go:819] ["[resource group controller] resource group name does not exist"] [name=default]
[2026/07/13 10:33:25.971 +08:00] [INFO] [loader.go:216] ["diff load InfoSchema success"] [mode=auto] [isV2=true] [currVer=36] [neededVer=37] [gotVer=37] ["elapsed time"=116.541µs] [phyTblIDs="[74]"] [actionTypes="[3]"] [diffTypes="[\"create table\"]"]
[2026/07/13 10:33:25.971 +08:00] [INFO] [syncer.go:258] ["session manager is nil"]
[2026/07/13 10:33:25.971 +08:00] [INFO] [syncer.go:281] ["mdl gets lock, update self version to owner"] [jobID=75] [version=37]
[2026/07/13 10:33:25.973 +08:00] [INFO] [schema_version.go:397] ["wait schema version synced success"] [category=ddl] [ver=37] [checkAssumedSvr=false] ["take time"=2.288334ms] [job="ID:75, Type:create table, State:done, SchemaState:public, SchemaID:1, TableID:74, RowCount:0, ArgLen:1, start time: 2026-07-13 10:33:25.969 +0800 CST, Err:<nil>, ErrCount:0, SnapshotVersion:0, Version: v2"] [summary="server count: 1"]
[2026/07/13 10:33:25.973 +08:00] [WARN] [global_controller.go:819] ["[resource group controller] resource group name does not exist"] [name=default]
[2026/07/13 10:33:25.973 +08:00] [WARN] [global_controller.go:819] ["[resource group controller] resource group name does not exist"] [name=default]
[2026/07/13 10:33:25.973 +08:00] [WARN] [global_controller.go:819] ["[resource group controller] resource group name does not exist"] [name=default]
[2026/07/13 10:33:25.973 +08:00] [WARN] [global_controller.go:819] ["[resource group controller] resource group name does not exist"] [name=default]
[2026/07/13 10:33:25.973 +08:00] [WARN] [global_controller.go:819] ["[resource group controller] resource group name does not exist"] [name=default]
[2026/07/13 10:33:25.973 +08:00] [INFO] [job_worker.go:447] ["finish DDL job"] [category=ddl] [jobID=75] [job="ID:75, Type:create table, State:synced, SchemaState:public, SchemaID:1, TableID:74, RowCount:0, ArgLen:0, start time: 2026-07-13 10:33:25.969 +0800 CST, Err:<nil>, ErrCount:0, SnapshotVersion:0, Version: v2"]
[2026/07/13 10:33:25.974 +08:00] [WARN] [global_controller.go:819] ["[resource group controller] resource group name does not exist"] [name=default]
[2026/07/13 10:33:25.974 +08:00] [WARN] [global_controller.go:819] ["[resource group controller] resource group name does not exist"] [name=default]
[2026/07/13 10:33:25.974 +08:00] [WARN] [global_controller.go:819] ["[resource group controller] resource group name does not exist"] [name=default]
[2026/07/13 10:33:25.974 +08:00] [INFO] [executor.go:7380] ["DDL job is finished"] [category=ddl] [jobID=75]
[2026/07/13 10:33:25.974 +08:00] [INFO] [session.go:5104] ["CRUCIAL OPERATION"] [conn=0] [schemaVersion=37] [cur_db=mysql] [sql="CREATE TABLE IF NOT EXISTS mysql.tidb_ttl_table_status (\n\t\ttable_id bigint(64) PRIMARY KEY,\n        parent_table_id bigint(64),\n        table_statistics text DEFAULT NULL,\n\t\tlast_job_id varchar(64) DEFAULT NULL,\n\t\tlast_job_start_time timestamp NULL DEFAULT NULL,\n\t\tlast_job_finish_time timestamp NULL DEFAULT NULL,\n\t\tlast_job_ttl_expire timestamp NULL DEFAULT NULL,\n        last_job_summary text DEFAULT NULL,\n\t\tcurrent_job_id varchar(64) DEFAULT NULL,\n\t\tcurrent_job_owner_id varchar(64) DEFAULT NULL,\n\t\tcurrent_job_owner_addr varchar(256) DEFAULT NULL,\n\t\tcurrent_job_owner_hb_time timestamp,\n\t\tcurrent_job_start_time timestamp NULL DEFAULT NULL,\n\t\tcurrent_job_ttl_expire timestamp NULL DEFAULT NULL,\n\t\tcurrent_job_state text DEFAULT NULL,\n\t\tcurrent_job_status varchar(64) DEFAULT NULL,\n  \t\tcurrent_job_status_update_time timestamp NULL DEFAULT NULL);"] [user=]
[2026/07/13 10:33:25.974 +08:00] [WARN] [global_controller.go:819] ["[resource group controller] resource group name does not exist"] [name=default]
[2026/07/13 10:33:25.974 +08:00] [INFO] [executor.go:7545] ["system variable tidb_scatter_region not found, use default value"] [category=ddl]
[2026/07/13 10:33:25.975 +08:00] [WARN] [global_controller.go:819] ["[resource group controller] resource group name does not exist"] [name=default]
[2026/07/13 10:33:25.975 +08:00] [WARN] [global_controller.go:819] ["[resource group controller] resource group name does not exist"] [name=default]
[2026/07/13 10:33:25.975 +08:00] [INFO] [job_submitter.go:118] ["add DDL jobs"] [category=ddl] ["batch count"=1] [jobs="ID:77, Type:create table, State:queueing, SchemaState:none, SchemaID:1, TableID:76, RowCount:0, ArgLen:1, start time: 2026-07-13 10:33:25.975 +0800 CST, Err:<nil>, ErrCount:0, SnapshotVersion:0, Version: v2; "] [fast_create=true]
[2026/07/13 10:33:25.975 +08:00] [INFO] [executor.go:7260] ["DDL job submitted"] [category=ddl] [job="ID:77, Type:create table, State:queueing, SchemaState:none, SchemaID:1, TableID:76, RowCount:0, ArgLen:1, start time: 2026-07-13 10:33:25.975 +0800 CST, Err:<nil>, ErrCount:0, SnapshotVersion:0, Version: v2"] [query="CREATE TABLE IF NOT EXISTS mysql.tidb_ttl_task (\n\t\tjob_id varchar(64) NOT NULL,\n\t\ttable_id bigint(64) NOT NULL,\n\t\tscan_id int NOT NULL,\n\t\tscan_range_start BLOB,\n\t\tscan_range_end BLOB,\n\t\texpire_time timestamp NOT NULL,\n\t\towner_id varchar(64) DEFAULT NULL,\n\t\towner_addr varchar(64) DEFAULT NULL,\n\t\towner_hb_time timestamp DEFAULT NULL,\n\t\tstatus varchar(64) DEFAULT 'waiting',\n\t\tstatus_update_time timestamp NULL DEFAULT NULL,\n\t\tstate text,\n\t\tcreated_time timestamp NOT NULL,\n\t\tprimary key(job_id, scan_id),\n\t\tkey(created_time));"]
[2026/07/13 10:33:25.975 +08:00] [WARN] [global_controller.go:819] ["[resource group controller] resource group name does not exist"] [name=default]
[2026/07/13 10:33:25.975 +08:00] [WARN] [global_controller.go:819] ["[resource group controller] resource group name does not exist"] [name=default]
[2026/07/13 10:33:25.975 +08:00] [INFO] [job_worker.go:854] ["run one job step"] [category=ddl] [jobID=77] [job="ID:77, Type:create table, State:queueing, SchemaState:none, SchemaID:1, TableID:76, RowCount:0, ArgLen:0, start time: 2026-07-13 10:33:25.975 +0800 CST, Err:<nil>, ErrCount:0, SnapshotVersion:0, Version: v2"]
[2026/07/13 10:33:25.976 +08:00] [WARN] [global_controller.go:819] ["[resource group controller] resource group name does not exist"] [name=default]
[2026/07/13 10:33:25.976 +08:00] [WARN] [global_controller.go:819] ["[resource group controller] resource group name does not exist"] [name=default]
[2026/07/13 10:33:25.976 +08:00] [WARN] [global_controller.go:819] ["[resource group controller] resource group name does not exist"] [name=default]
[2026/07/13 10:33:25.976 +08:00] [WARN] [global_controller.go:819] ["[resource group controller] resource group name does not exist"] [name=default]
[2026/07/13 10:33:25.976 +08:00] [INFO] [loader.go:216] ["diff load InfoSchema success"] [mode=auto] [isV2=true] [currVer=37] [neededVer=38] [gotVer=38] ["elapsed time"=122.583µs] [phyTblIDs="[76]"] [actionTypes="[3]"] [diffTypes="[\"create table\"]"]
[2026/07/13 10:33:25.976 +08:00] [INFO] [syncer.go:258] ["session manager is nil"]
[2026/07/13 10:33:25.976 +08:00] [INFO] [syncer.go:281] ["mdl gets lock, update self version to owner"] [jobID=77] [version=38]
[2026/07/13 10:33:25.978 +08:00] [INFO] [schema_version.go:397] ["wait schema version synced success"] [category=ddl] [ver=38] [checkAssumedSvr=false] ["take time"=2.145375ms] [job="ID:77, Type:create table, State:done, SchemaState:public, SchemaID:1, TableID:76, RowCount:0, ArgLen:1, start time: 2026-07-13 10:33:25.975 +0800 CST, Err:<nil>, ErrCount:0, SnapshotVersion:0, Version: v2"] [summary="server count: 1"]
[2026/07/13 10:33:25.978 +08:00] [WARN] [global_controller.go:819] ["[resource group controller] resource group name does not exist"] [name=default]
[2026/07/13 10:33:25.978 +08:00] [WARN] [global_controller.go:819] ["[resource group controller] resource group name does not exist"] [name=default]
[2026/07/13 10:33:25.979 +08:00] [WARN] [global_controller.go:819] ["[resource group controller] resource group name does not exist"] [name=default]
[2026/07/13 10:33:25.979 +08:00] [WARN] [global_controller.go:819] ["[resource group controller] resource group name does not exist"] [name=default]
[2026/07/13 10:33:25.979 +08:00] [WARN] [global_controller.go:819] ["[resource group controller] resource group name does not exist"] [name=default]
[2026/07/13 10:33:25.979 +08:00] [INFO] [job_worker.go:447] ["finish DDL job"] [category=ddl] [jobID=77] [job="ID:77, Type:create table, State:synced, SchemaState:public, SchemaID:1, TableID:76, RowCount:0, ArgLen:0, start time: 2026-07-13 10:33:25.975 +0800 CST, Err:<nil>, ErrCount:0, SnapshotVersion:0, Version: v2"]
[2026/07/13 10:33:25.979 +08:00] [WARN] [global_controller.go:819] ["[resource group controller] resource group name does not exist"] [name=default]
[2026/07/13 10:33:25.979 +08:00] [WARN] [global_controller.go:819] ["[resource group controller] resource group name does not exist"] [name=default]
[2026/07/13 10:33:25.979 +08:00] [WARN] [global_controller.go:819] ["[resource group controller] resource group name does not exist"] [name=default]
[2026/07/13 10:33:25.980 +08:00] [INFO] [executor.go:7380] ["DDL job is finished"] [category=ddl] [jobID=77]
[2026/07/13 10:33:25.980 +08:00] [INFO] [session.go:5104] ["CRUCIAL OPERATION"] [conn=0] [schemaVersion=38] [cur_db=mysql] [sql="CREATE TABLE IF NOT EXISTS mysql.tidb_ttl_task (\n\t\tjob_id varchar(64) NOT NULL,\n\t\ttable_id bigint(64) NOT NULL,\n\t\tscan_id int NOT NULL,\n\t\tscan_range_start BLOB,\n\t\tscan_range_end BLOB,\n\t\texpire_time timestamp NOT NULL,\n\t\towner_id varchar(64) DEFAULT NULL,\n\t\towner_addr varchar(64) DEFAULT NULL,\n\t\towner_hb_time timestamp DEFAULT NULL,\n\t\tstatus varchar(64) DEFAULT 'waiting',\n\t\tstatus_update_time timestamp NULL DEFAULT NULL,\n\t\tstate text,\n\t\tcreated_time timestamp NOT NULL,\n\t\tprimary key(job_id, scan_id),\n\t\tkey(created_time));"] [user=]
[2026/07/13 10:33:25.980 +08:00] [WARN] [global_controller.go:819] ["[resource group controller] resource group name does not exist"] [name=default]
[2026/07/13 10:33:25.980 +08:00] [INFO] [executor.go:7545] ["system variable tidb_scatter_region not found, use default value"] [category=ddl]
[2026/07/13 10:33:25.980 +08:00] [WARN] [global_controller.go:819] ["[resource group controller] resource group name does not exist"] [name=default]
[2026/07/13 10:33:25.980 +08:00] [WARN] [global_controller.go:819] ["[resource group controller] resource group name does not exist"] [name=default]
[2026/07/13 10:33:25.980 +08:00] [INFO] [job_submitter.go:118] ["add DDL jobs"] [category=ddl] ["batch count"=1] [jobs="ID:79, Type:create table, State:queueing, SchemaState:none, SchemaID:1, TableID:78, RowCount:0, ArgLen:1, start time: 2026-07-13 10:33:25.98 +0800 CST, Err:<nil>, ErrCount:0, SnapshotVersion:0, Version: v2; "] [fast_create=true]
[2026/07/13 10:33:25.980 +08:00] [INFO] [executor.go:7260] ["DDL job submitted"] [category=ddl] [job="ID:79, Type:create table, State:queueing, SchemaState:none, SchemaID:1, TableID:78, RowCount:0, ArgLen:1, start time: 2026-07-13 10:33:25.98 +0800 CST, Err:<nil>, ErrCount:0, SnapshotVersion:0, Version: v2"] [query="CREATE TABLE IF NOT EXISTS mysql.tidb_ttl_job_history (\n\t\tjob_id varchar(64) PRIMARY KEY,\n\t\ttable_id bigint(64) NOT NULL,\n        parent_table_id bigint(64) NOT NULL,\n    \ttable_schema varchar(64) NOT NULL,\n\t\ttable_name varchar(64) NOT NULL,\n    \tpartition_name varchar(64) DEFAULT NULL,\n\t\tcreate_time timestamp NOT NULL,\n\t\tfinish_time timestamp NOT NULL,\n\t\tttl_expire timestamp NOT NULL,\n        summary_text text,\n\t\texpired_rows bigint(64) DEFAULT NULL,\n    \tdeleted_rows bigint(64) DEFAULT NULL,\n    \terror_delete_rows bigint(64) DEFAULT NULL,\n    \tstatus varchar(64) NOT NULL,\n    \tkey(table_schema, table_name, create_time),\n    \tkey(parent_table_id, create_time),\n    \tkey(create_time)\n\t);"]
[2026/07/13 10:33:25.981 +08:00] [WARN] [global_controller.go:819] ["[resource group controller] resource group name does not exist"] [name=default]
[2026/07/13 10:33:25.981 +08:00] [WARN] [global_controller.go:819] ["[resource group controller] resource group name does not exist"] [name=default]
[2026/07/13 10:33:25.981 +08:00] [INFO] [job_worker.go:854] ["run one job step"] [category=ddl] [jobID=79] [job="ID:79, Type:create table, State:queueing, SchemaState:none, SchemaID:1, TableID:78, RowCount:0, ArgLen:0, start time: 2026-07-13 10:33:25.98 +0800 CST, Err:<nil>, ErrCount:0, SnapshotVersion:0, Version: v2"]
[2026/07/13 10:33:25.981 +08:00] [WARN] [global_controller.go:819] ["[resource group controller] resource group name does not exist"] [name=default]
[2026/07/13 10:33:25.981 +08:00] [WARN] [global_controller.go:819] ["[resource group controller] resource group name does not exist"] [name=default]
[2026/07/13 10:33:25.982 +08:00] [WARN] [global_controller.go:819] ["[resource group controller] resource group name does not exist"] [name=default]
[2026/07/13 10:33:25.982 +08:00] [INFO] [loader.go:216] ["diff load InfoSchema success"] [mode=auto] [isV2=true] [currVer=38] [neededVer=39] [gotVer=39] ["elapsed time"=130.083µs] [phyTblIDs="[78]"] [actionTypes="[3]"] [diffTypes="[\"create table\"]"]
[2026/07/13 10:33:25.982 +08:00] [INFO] [syncer.go:258] ["session manager is nil"]
[2026/07/13 10:33:25.982 +08:00] [INFO] [syncer.go:281] ["mdl gets lock, update self version to owner"] [jobID=79] [version=39]
[2026/07/13 10:33:25.984 +08:00] [INFO] [schema_version.go:397] ["wait schema version synced success"] [category=ddl] [ver=39] [checkAssumedSvr=false] ["take time"=2.009333ms] [job="ID:79, Type:create table, State:done, SchemaState:public, SchemaID:1, TableID:78, RowCount:0, ArgLen:1, start time: 2026-07-13 10:33:25.98 +0800 CST, Err:<nil>, ErrCount:0, SnapshotVersion:0, Version: v2"] [summary="server count: 1"]
[2026/07/13 10:33:25.984 +08:00] [WARN] [global_controller.go:819] ["[resource group controller] resource group name does not exist"] [name=default]
[2026/07/13 10:33:25.984 +08:00] [WARN] [global_controller.go:819] ["[resource group controller] resource group name does not exist"] [name=default]
[2026/07/13 10:33:25.984 +08:00] [WARN] [global_controller.go:819] ["[resource group controller] resource group name does not exist"] [name=default]
[2026/07/13 10:33:25.984 +08:00] [WARN] [global_controller.go:819] ["[resource group controller] resource group name does not exist"] [name=default]
[2026/07/13 10:33:25.984 +08:00] [WARN] [global_controller.go:819] ["[resource group controller] resource group name does not exist"] [name=default]
[2026/07/13 10:33:25.984 +08:00] [INFO] [job_worker.go:447] ["finish DDL job"] [category=ddl] [jobID=79] [job="ID:79, Type:create table, State:synced, SchemaState:public, SchemaID:1, TableID:78, RowCount:0, ArgLen:0, start time: 2026-07-13 10:33:25.98 +0800 CST, Err:<nil>, ErrCount:0, SnapshotVersion:0, Version: v2"]
[2026/07/13 10:33:25.985 +08:00] [WARN] [global_controller.go:819] ["[resource group controller] resource group name does not exist"] [name=default]
[2026/07/13 10:33:25.985 +08:00] [WARN] [global_controller.go:819] ["[resource group controller] resource group name does not exist"] [name=default]
[2026/07/13 10:33:25.985 +08:00] [WARN] [global_controller.go:819] ["[resource group controller] resource group name does not exist"] [name=default]
[2026/07/13 10:33:25.985 +08:00] [WARN] [global_controller.go:819] ["[resource group controller] resource group name does not exist"] [name=default]
[2026/07/13 10:33:25.985 +08:00] [INFO] [executor.go:7380] ["DDL job is finished"] [category=ddl] [jobID=79]
[2026/07/13 10:33:25.985 +08:00] [INFO] [session.go:5104] ["CRUCIAL OPERATION"] [conn=0] [schemaVersion=39] [cur_db=mysql] [sql="CREATE TABLE IF NOT EXISTS mysql.tidb_ttl_job_history (\n\t\tjob_id varchar(64) PRIMARY KEY,\n\t\ttable_id bigint(64) NOT NULL,\n        parent_table_id bigint(64) NOT NULL,\n    \ttable_schema varchar(64) NOT NULL,\n\t\ttable_name varchar(64) NOT NULL,\n    \tpartition_name varchar(64) DEFAULT NULL,\n\t\tcreate_time timestamp NOT NULL,\n\t\tfinish_time timestamp NOT NULL,\n\t\tttl_expire timestamp NOT NULL,\n        summary_text text,\n\t\texpired_rows bigint(64) DEFAULT NULL,\n    \tdeleted_rows bigint(64) DEFAULT NULL,\n    \terror_delete_rows bigint(64) DEFAULT NULL,\n    \tstatus varchar(64) NOT NULL,\n    \tkey(table_schema, table_name, create_time),\n    \tkey(parent_table_id, create_time),\n    \tkey(create_time)\n\t);"] [user=]
[2026/07/13 10:33:25.985 +08:00] [INFO] [executor.go:7545] ["system variable tidb_scatter_region not found, use default value"] [category=ddl]
[2026/07/13 10:33:25.985 +08:00] [WARN] [global_controller.go:819] ["[resource group controller] resource group name does not exist"] [name=default]
[2026/07/13 10:33:25.986 +08:00] [WARN] [global_controller.go:819] ["[resource group controller] resource group name does not exist"] [name=default]
[2026/07/13 10:33:25.986 +08:00] [INFO] [job_submitter.go:118] ["add DDL jobs"] [category=ddl] ["batch count"=1] [jobs="ID:81, Type:create table, State:queueing, SchemaState:none, SchemaID:1, TableID:80, RowCount:0, ArgLen:1, start time: 2026-07-13 10:33:25.985 +0800 CST, Err:<nil>, ErrCount:0, SnapshotVersion:0, Version: v2; "] [fast_create=true]
[2026/07/13 10:33:25.986 +08:00] [INFO] [executor.go:7260] ["DDL job submitted"] [category=ddl] [job="ID:81, Type:create table, State:queueing, SchemaState:none, SchemaID:1, TableID:80, RowCount:0, ArgLen:1, start time: 2026-07-13 10:33:25.985 +0800 CST, Err:<nil>, ErrCount:0, SnapshotVersion:0, Version: v2"] [query="CREATE TABLE IF NOT EXISTS mysql.tidb_global_task (\n\t\tid BIGINT(20) NOT NULL AUTO_INCREMENT PRIMARY KEY,\n    \ttask_key VARCHAR(256) NOT NULL,\n\t\ttype VARCHAR(256) NOT NULL,\n\t\tdispatcher_id VARCHAR(261),\n\t\tstate VARCHAR(64) NOT NULL,\n\t\tpriority INT DEFAULT 1,\n\t\tcreate_time TIMESTAMP,\n\t\tstart_time TIMESTAMP,\n\t\tstate_update_time TIMESTAMP,\n\t\tend_time TIMESTAMP,\n\t\tmeta LONGBLOB,\n\t\tconcurrency INT(11),\n\t\tstep INT(11),\n\t\ttarget_scope VARCHAR(256) DEFAULT \"\",\n\t\terror BLOB,\n\t\tmodify_params json,\n\t\tmax_node_count INT DEFAULT 0,\n\t\textra_params json,\n\t\tkeyspace varchar(64) default '',\n\t\tkey(state),\n\t\tkey idx_keyspace(keyspace),\n\t\tUNIQUE KEY task_key(task_key)\n\t);"]
[2026/07/13 10:33:25.986 +08:00] [WARN] [global_controller.go:819] ["[resource group controller] resource group name does not exist"] [name=default]
[2026/07/13 10:33:25.986 +08:00] [WARN] [global_controller.go:819] ["[resource group controller] resource group name does not exist"] [name=default]
[2026/07/13 10:33:25.986 +08:00] [INFO] [job_worker.go:854] ["run one job step"] [category=ddl] [jobID=81] [job="ID:81, Type:create table, State:queueing, SchemaState:none, SchemaID:1, TableID:80, RowCount:0, ArgLen:0, start time: 2026-07-13 10:33:25.985 +0800 CST, Err:<nil>, ErrCount:0, SnapshotVersion:0, Version: v2"]
[2026/07/13 10:33:25.986 +08:00] [WARN] [global_controller.go:819] ["[resource group controller] resource group name does not exist"] [name=default]
[2026/07/13 10:33:25.986 +08:00] [WARN] [global_controller.go:819] ["[resource group controller] resource group name does not exist"] [name=default]
[2026/07/13 10:33:25.987 +08:00] [WARN] [global_controller.go:819] ["[resource group controller] resource group name does not exist"] [name=default]
[2026/07/13 10:33:25.987 +08:00] [INFO] [loader.go:216] ["diff load InfoSchema success"] [mode=auto] [isV2=true] [currVer=39] [neededVer=40] [gotVer=40] ["elapsed time"=126.5µs] [phyTblIDs="[80]"] [actionTypes="[3]"] [diffTypes="[\"create table\"]"]
[2026/07/13 10:33:25.987 +08:00] [INFO] [syncer.go:258] ["session manager is nil"]
[2026/07/13 10:33:25.987 +08:00] [INFO] [syncer.go:281] ["mdl gets lock, update self version to owner"] [jobID=81] [version=40]
[2026/07/13 10:33:25.990 +08:00] [INFO] [schema_version.go:397] ["wait schema version synced success"] [category=ddl] [ver=40] [checkAssumedSvr=false] ["take time"=2.459958ms] [job="ID:81, Type:create table, State:done, SchemaState:public, SchemaID:1, TableID:80, RowCount:0, ArgLen:1, start time: 2026-07-13 10:33:25.985 +0800 CST, Err:<nil>, ErrCount:0, SnapshotVersion:0, Version: v2"] [summary="server count: 1"]
[2026/07/13 10:33:25.990 +08:00] [WARN] [global_controller.go:819] ["[resource group controller] resource group name does not exist"] [name=default]
[2026/07/13 10:33:25.990 +08:00] [WARN] [global_controller.go:819] ["[resource group controller] resource group name does not exist"] [name=default]
[2026/07/13 10:33:25.990 +08:00] [WARN] [global_controller.go:819] ["[resource group controller] resource group name does not exist"] [name=default]
[2026/07/13 10:33:25.990 +08:00] [WARN] [global_controller.go:819] ["[resource group controller] resource group name does not exist"] [name=default]
[2026/07/13 10:33:25.990 +08:00] [WARN] [global_controller.go:819] ["[resource group controller] resource group name does not exist"] [name=default]
[2026/07/13 10:33:25.990 +08:00] [INFO] [job_worker.go:447] ["finish DDL job"] [category=ddl] [jobID=81] [job="ID:81, Type:create table, State:synced, SchemaState:public, SchemaID:1, TableID:80, RowCount:0, ArgLen:0, start time: 2026-07-13 10:33:25.985 +0800 CST, Err:<nil>, ErrCount:0, SnapshotVersion:0, Version: v2"]
[2026/07/13 10:33:25.990 +08:00] [WARN] [global_controller.go:819] ["[resource group controller] resource group name does not exist"] [name=default]
[2026/07/13 10:33:25.991 +08:00] [WARN] [global_controller.go:819] ["[resource group controller] resource group name does not exist"] [name=default]
[2026/07/13 10:33:25.991 +08:00] [WARN] [global_controller.go:819] ["[resource group controller] resource group name does not exist"] [name=default]
[2026/07/13 10:33:25.991 +08:00] [WARN] [global_controller.go:819] ["[resource group controller] resource group name does not exist"] [name=default]
[2026/07/13 10:33:25.991 +08:00] [INFO] [executor.go:7380] ["DDL job is finished"] [category=ddl] [jobID=81]
[2026/07/13 10:33:25.991 +08:00] [INFO] [session.go:5104] ["CRUCIAL OPERATION"] [conn=0] [schemaVersion=40] [cur_db=mysql] [sql="CREATE TABLE IF NOT EXISTS mysql.tidb_global_task (\n\t\tid BIGINT(20) NOT NULL AUTO_INCREMENT PRIMARY KEY,\n    \ttask_key VARCHAR(256) NOT NULL,\n\t\ttype VARCHAR(256) NOT NULL,\n\t\tdispatcher_id VARCHAR(261),\n\t\tstate VARCHAR(64) NOT NULL,\n\t\tpriority INT DEFAULT 1,\n\t\tcreate_time TIMESTAMP,\n\t\tstart_time TIMESTAMP,\n\t\tstate_update_time TIMESTAMP,\n\t\tend_time TIMESTAMP,\n\t\tmeta LONGBLOB,\n\t\tconcurrency INT(11),\n\t\tstep INT(11),\n\t\ttarget_scope VARCHAR(256) DEFAULT \"\",\n\t\terror BLOB,\n\t\tmodify_params json,\n\t\tmax_node_count INT DEFAULT 0,\n\t\textra_params json,\n\t\tkeyspace varchar(64) default '',\n\t\tkey(state),\n\t\tkey idx_keyspace(keyspace),\n\t\tUNIQUE KEY task_key(task_key)\n\t);"] [user=]
[2026/07/13 10:33:25.991 +08:00] [INFO] [executor.go:7545] ["system variable tidb_scatter_region not found, use default value"] [category=ddl]
[2026/07/13 10:33:25.991 +08:00] [WARN] [global_controller.go:819] ["[resource group controller] resource group name does not exist"] [name=default]
[2026/07/13 10:33:25.992 +08:00] [WARN] [global_controller.go:819] ["[resource group controller] resource group name does not exist"] [name=default]
[2026/07/13 10:33:25.992 +08:00] [INFO] [job_submitter.go:118] ["add DDL jobs"] [category=ddl] ["batch count"=1] [jobs="ID:83, Type:create table, State:queueing, SchemaState:none, SchemaID:1, TableID:82, RowCount:0, ArgLen:1, start time: 2026-07-13 10:33:25.991 +0800 CST, Err:<nil>, ErrCount:0, SnapshotVersion:0, Version: v2; "] [fast_create=true]
[2026/07/13 10:33:25.992 +08:00] [INFO] [executor.go:7260] ["DDL job submitted"] [category=ddl] [job="ID:83, Type:create table, State:queueing, SchemaState:none, SchemaID:1, TableID:82, RowCount:0, ArgLen:1, start time: 2026-07-13 10:33:25.991 +0800 CST, Err:<nil>, ErrCount:0, SnapshotVersion:0, Version: v2"] [query="CREATE TABLE IF NOT EXISTS mysql.tidb_global_task_history (\n\t\tid BIGINT(20) NOT NULL AUTO_INCREMENT PRIMARY KEY,\n    \ttask_key VARCHAR(256) NOT NULL,\n\t\ttype VARCHAR(256) NOT NULL,\n\t\tdispatcher_id VARCHAR(261),\n\t\tstate VARCHAR(64) NOT NULL,\n\t\tpriority INT DEFAULT 1,\n\t\tcreate_time TIMESTAMP,\n\t\tstart_time TIMESTAMP,\n\t\tstate_update_time TIMESTAMP,\n\t\tend_time TIMESTAMP,\n\t\tmeta LONGBLOB,\n\t\tconcurrency INT(11),\n\t\tstep INT(11),\n\t\ttarget_scope VARCHAR(256) DEFAULT \"\",\n\t\terror BLOB,\n\t\tmodify_params json,\n\t\tmax_node_count INT DEFAULT 0,\n\t\textra_params json,\n\t\tkeyspace varchar(64) default '',\n\t\tkey(state),\n\t\tkey idx_keyspace(keyspace),\n\t\tUNIQUE KEY task_key(task_key)\n\t);"]
[2026/07/13 10:33:25.992 +08:00] [WARN] [global_controller.go:819] ["[resource group controller] resource group name does not exist"] [name=default]
[2026/07/13 10:33:25.992 +08:00] [WARN] [global_controller.go:819] ["[resource group controller] resource group name does not exist"] [name=default]
[2026/07/13 10:33:25.992 +08:00] [INFO] [job_worker.go:854] ["run one job step"] [category=ddl] [jobID=83] [job="ID:83, Type:create table, State:queueing, SchemaState:none, SchemaID:1, TableID:82, RowCount:0, ArgLen:0, start time: 2026-07-13 10:33:25.991 +0800 CST, Err:<nil>, ErrCount:0, SnapshotVersion:0, Version: v2"]
[2026/07/13 10:33:25.993 +08:00] [WARN] [global_controller.go:819] ["[resource group controller] resource group name does not exist"] [name=default]
[2026/07/13 10:33:25.993 +08:00] [WARN] [global_controller.go:819] ["[resource group controller] resource group name does not exist"] [name=default]
[2026/07/13 10:33:25.993 +08:00] [WARN] [global_controller.go:819] ["[resource group controller] resource group name does not exist"] [name=default]
[2026/07/13 10:33:25.993 +08:00] [INFO] [loader.go:216] ["diff load InfoSchema success"] [mode=auto] [isV2=true] [currVer=40] [neededVer=41] [gotVer=41] ["elapsed time"=146.125µs] [phyTblIDs="[82]"] [actionTypes="[3]"] [diffTypes="[\"create table\"]"]
[2026/07/13 10:33:25.993 +08:00] [INFO] [syncer.go:258] ["session manager is nil"]
[2026/07/13 10:33:25.993 +08:00] [INFO] [syncer.go:281] ["mdl gets lock, update self version to owner"] [jobID=83] [version=41]
[2026/07/13 10:33:25.995 +08:00] [INFO] [schema_version.go:397] ["wait schema version synced success"] [category=ddl] [ver=41] [checkAssumedSvr=false] ["take time"=2.391584ms] [job="ID:83, Type:create table, State:done, SchemaState:public, SchemaID:1, TableID:82, RowCount:0, ArgLen:1, start time: 2026-07-13 10:33:25.991 +0800 CST, Err:<nil>, ErrCount:0, SnapshotVersion:0, Version: v2"] [summary="server count: 1"]
[2026/07/13 10:33:25.996 +08:00] [WARN] [global_controller.go:819] ["[resource group controller] resource group name does not exist"] [name=default]
[2026/07/13 10:33:25.996 +08:00] [WARN] [global_controller.go:819] ["[resource group controller] resource group name does not exist"] [name=default]
[2026/07/13 10:33:25.996 +08:00] [WARN] [global_controller.go:819] ["[resource group controller] resource group name does not exist"] [name=default]
[2026/07/13 10:33:25.996 +08:00] [WARN] [global_controller.go:819] ["[resource group controller] resource group name does not exist"] [name=default]
[2026/07/13 10:33:25.996 +08:00] [WARN] [global_controller.go:819] ["[resource group controller] resource group name does not exist"] [name=default]
[2026/07/13 10:33:25.996 +08:00] [INFO] [job_worker.go:447] ["finish DDL job"] [category=ddl] [jobID=83] [job="ID:83, Type:create table, State:synced, SchemaState:public, SchemaID:1, TableID:82, RowCount:0, ArgLen:0, start time: 2026-07-13 10:33:25.991 +0800 CST, Err:<nil>, ErrCount:0, SnapshotVersion:0, Version: v2"]
[2026/07/13 10:33:25.996 +08:00] [WARN] [global_controller.go:819] ["[resource group controller] resource group name does not exist"] [name=default]
[2026/07/13 10:33:25.997 +08:00] [WARN] [global_controller.go:819] ["[resource group controller] resource group name does not exist"] [name=default]
[2026/07/13 10:33:25.997 +08:00] [WARN] [global_controller.go:819] ["[resource group controller] resource group name does not exist"] [name=default]
[2026/07/13 10:33:25.997 +08:00] [INFO] [executor.go:7380] ["DDL job is finished"] [category=ddl] [jobID=83]
[2026/07/13 10:33:25.997 +08:00] [INFO] [session.go:5104] ["CRUCIAL OPERATION"] [conn=0] [schemaVersion=41] [cur_db=mysql] [sql="CREATE TABLE IF NOT EXISTS mysql.tidb_global_task_history (\n\t\tid BIGINT(20) NOT NULL AUTO_INCREMENT PRIMARY KEY,\n    \ttask_key VARCHAR(256) NOT NULL,\n\t\ttype VARCHAR(256) NOT NULL,\n\t\tdispatcher_id VARCHAR(261),\n\t\tstate VARCHAR(64) NOT NULL,\n\t\tpriority INT DEFAULT 1,\n\t\tcreate_time TIMESTAMP,\n\t\tstart_time TIMESTAMP,\n\t\tstate_update_time TIMESTAMP,\n\t\tend_time TIMESTAMP,\n\t\tmeta LONGBLOB,\n\t\tconcurrency INT(11),\n\t\tstep INT(11),\n\t\ttarget_scope VARCHAR(256) DEFAULT \"\",\n\t\terror BLOB,\n\t\tmodify_params json,\n\t\tmax_node_count INT DEFAULT 0,\n\t\textra_params json,\n\t\tkeyspace varchar(64) default '',\n\t\tkey(state),\n\t\tkey idx_keyspace(keyspace),\n\t\tUNIQUE KEY task_key(task_key)\n\t);"] [user=]
[2026/07/13 10:33:25.997 +08:00] [WARN] [global_controller.go:819] ["[resource group controller] resource group name does not exist"] [name=default]
[2026/07/13 10:33:25.997 +08:00] [INFO] [executor.go:7545] ["system variable tidb_scatter_region not found, use default value"] [category=ddl]
[2026/07/13 10:33:25.997 +08:00] [WARN] [global_controller.go:819] ["[resource group controller] resource group name does not exist"] [name=default]
[2026/07/13 10:33:25.998 +08:00] [WARN] [global_controller.go:819] ["[resource group controller] resource group name does not exist"] [name=default]
[2026/07/13 10:33:25.998 +08:00] [INFO] [job_submitter.go:118] ["add DDL jobs"] [category=ddl] ["batch count"=1] [jobs="ID:85, Type:create table, State:queueing, SchemaState:none, SchemaID:1, TableID:84, RowCount:0, ArgLen:1, start time: 2026-07-13 10:33:25.997 +0800 CST, Err:<nil>, ErrCount:0, SnapshotVersion:0, Version: v2; "] [fast_create=true]
[2026/07/13 10:33:25.998 +08:00] [INFO] [executor.go:7260] ["DDL job submitted"] [category=ddl] [job="ID:85, Type:create table, State:queueing, SchemaState:none, SchemaID:1, TableID:84, RowCount:0, ArgLen:1, start time: 2026-07-13 10:33:25.997 +0800 CST, Err:<nil>, ErrCount:0, SnapshotVersion:0, Version: v2"] [query="CREATE TABLE IF NOT EXISTS mysql.tidb_import_jobs (\n\t\tid bigint(64) NOT NULL AUTO_INCREMENT,\n\t\tcreate_time TIMESTAMP(6) NOT NULL DEFAULT CURRENT_TIMESTAMP(6),\n\t\tstart_time TIMESTAMP(6) NULL DEFAULT NULL,\n\t\tupdate_time TIMESTAMP(6) NULL DEFAULT NULL,\n\t\tend_time TIMESTAMP(6) NULL DEFAULT NULL,\n\t\ttable_schema VARCHAR(64) NOT NULL,\n\t\ttable_name VARCHAR(64) NOT NULL,\n\t\ttable_id bigint(64) NOT NULL,\n\t\tcreated_by VARCHAR(300) NOT NULL,\n\t\tgroup_key VARCHAR(256) NOT NULL DEFAULT \"\",\n\t\tparameters text NOT NULL,\n\t\tsource_file_size bigint(64) NOT NULL,\n\t\tstatus VARCHAR(64) NOT NULL,\n\t\tstep VARCHAR(64) NOT NULL,\n\t\tsummary text DEFAULT NULL,\n\t\terror_message TEXT DEFAULT NULL,\n\t\tPRIMARY KEY (id),\n\t\tKEY (created_by),\n\t\tKEY idx_group_key(group_key),\n\t\tKEY (status));"]
[2026/07/13 10:33:25.998 +08:00] [WARN] [global_controller.go:819] ["[resource group controller] resource group name does not exist"] [name=default]
[2026/07/13 10:33:25.998 +08:00] [WARN] [global_controller.go:819] ["[resource group controller] resource group name does not exist"] [name=default]
[2026/07/13 10:33:25.998 +08:00] [INFO] [job_worker.go:854] ["run one job step"] [category=ddl] [jobID=85] [job="ID:85, Type:create table, State:queueing, SchemaState:none, SchemaID:1, TableID:84, RowCount:0, ArgLen:0, start time: 2026-07-13 10:33:25.997 +0800 CST, Err:<nil>, ErrCount:0, SnapshotVersion:0, Version: v2"]
[2026/07/13 10:33:25.998 +08:00] [WARN] [global_controller.go:819] ["[resource group controller] resource group name does not exist"] [name=default]
[2026/07/13 10:33:25.998 +08:00] [WARN] [global_controller.go:819] ["[resource group controller] resource group name does not exist"] [name=default]
[2026/07/13 10:33:25.999 +08:00] [WARN] [global_controller.go:819] ["[resource group controller] resource group name does not exist"] [name=default]
[2026/07/13 10:33:25.999 +08:00] [INFO] [loader.go:216] ["diff load InfoSchema success"] [mode=auto] [isV2=true] [currVer=41] [neededVer=42] [gotVer=42] ["elapsed time"=131.875µs] [phyTblIDs="[84]"] [actionTypes="[3]"] [diffTypes="[\"create table\"]"]
[2026/07/13 10:33:25.999 +08:00] [INFO] [syncer.go:258] ["session manager is nil"]
[2026/07/13 10:33:25.999 +08:00] [INFO] [syncer.go:281] ["mdl gets lock, update self version to owner"] [jobID=85] [version=42]
[2026/07/13 10:33:26.001 +08:00] [INFO] [schema_version.go:397] ["wait schema version synced success"] [category=ddl] [ver=42] [checkAssumedSvr=false] ["take time"=2.355625ms] [job="ID:85, Type:create table, State:done, SchemaState:public, SchemaID:1, TableID:84, RowCount:0, ArgLen:1, start time: 2026-07-13 10:33:25.997 +0800 CST, Err:<nil>, ErrCount:0, SnapshotVersion:0, Version: v2"] [summary="server count: 1"]
[2026/07/13 10:33:26.001 +08:00] [WARN] [global_controller.go:819] ["[resource group controller] resource group name does not exist"] [name=default]
[2026/07/13 10:33:26.002 +08:00] [WARN] [global_controller.go:819] ["[resource group controller] resource group name does not exist"] [name=default]
[2026/07/13 10:33:26.002 +08:00] [WARN] [global_controller.go:819] ["[resource group controller] resource group name does not exist"] [name=default]
[2026/07/13 10:33:26.002 +08:00] [WARN] [global_controller.go:819] ["[resource group controller] resource group name does not exist"] [name=default]
[2026/07/13 10:33:26.002 +08:00] [WARN] [global_controller.go:819] ["[resource group controller] resource group name does not exist"] [name=default]
[2026/07/13 10:33:26.002 +08:00] [INFO] [job_worker.go:447] ["finish DDL job"] [category=ddl] [jobID=85] [job="ID:85, Type:create table, State:synced, SchemaState:public, SchemaID:1, TableID:84, RowCount:0, ArgLen:0, start time: 2026-07-13 10:33:25.997 +0800 CST, Err:<nil>, ErrCount:0, SnapshotVersion:0, Version: v2"]
[2026/07/13 10:33:26.002 +08:00] [WARN] [global_controller.go:819] ["[resource group controller] resource group name does not exist"] [name=default]
[2026/07/13 10:33:26.002 +08:00] [WARN] [global_controller.go:819] ["[resource group controller] resource group name does not exist"] [name=default]
[2026/07/13 10:33:26.003 +08:00] [WARN] [global_controller.go:819] ["[resource group controller] resource group name does not exist"] [name=default]
[2026/07/13 10:33:26.003 +08:00] [WARN] [global_controller.go:819] ["[resource group controller] resource group name does not exist"] [name=default]
[2026/07/13 10:33:26.003 +08:00] [INFO] [executor.go:7380] ["DDL job is finished"] [category=ddl] [jobID=85]
[2026/07/13 10:33:26.003 +08:00] [INFO] [session.go:5104] ["CRUCIAL OPERATION"] [conn=0] [schemaVersion=42] [cur_db=mysql] [sql="CREATE TABLE IF NOT EXISTS mysql.tidb_import_jobs (\n\t\tid bigint(64) NOT NULL AUTO_INCREMENT,\n\t\tcreate_time TIMESTAMP(6) NOT NULL DEFAULT CURRENT_TIMESTAMP(6),\n\t\tstart_time TIMESTAMP(6) NULL DEFAULT NULL,\n\t\tupdate_time TIMESTAMP(6) NULL DEFAULT NULL,\n\t\tend_time TIMESTAMP(6) NULL DEFAULT NULL,\n\t\ttable_schema VARCHAR(64) NOT NULL,\n\t\ttable_name VARCHAR(64) NOT NULL,\n\t\ttable_id bigint(64) NOT NULL,\n\t\tcreated_by VARCHAR(300) NOT NULL,\n\t\tgroup_key VARCHAR(256) NOT NULL DEFAULT \"\",\n\t\tparameters text NOT NULL,\n\t\tsource_file_size bigint(64) NOT NULL,\n\t\tstatus VARCHAR(64) NOT NULL,\n\t\tstep VARCHAR(64) NOT NULL,\n\t\tsummary text DEFAULT NULL,\n\t\terror_message TEXT DEFAULT NULL,\n\t\tPRIMARY KEY (id),\n\t\tKEY (created_by),\n\t\tKEY idx_group_key(group_key),\n\t\tKEY (status));"] [user=]
[2026/07/13 10:33:26.003 +08:00] [INFO] [executor.go:7545] ["system variable tidb_scatter_region not found, use default value"] [category=ddl]
[2026/07/13 10:33:26.003 +08:00] [WARN] [global_controller.go:819] ["[resource group controller] resource group name does not exist"] [name=default]
[2026/07/13 10:33:26.003 +08:00] [WARN] [global_controller.go:819] ["[resource group controller] resource group name does not exist"] [name=default]
[2026/07/13 10:33:26.003 +08:00] [INFO] [job_submitter.go:118] ["add DDL jobs"] [category=ddl] ["batch count"=1] [jobs="ID:87, Type:create table, State:queueing, SchemaState:none, SchemaID:1, TableID:86, RowCount:0, ArgLen:1, start time: 2026-07-13 10:33:26.003 +0800 CST, Err:<nil>, ErrCount:0, SnapshotVersion:0, Version: v2; "] [fast_create=true]
[2026/07/13 10:33:26.003 +08:00] [INFO] [executor.go:7260] ["DDL job submitted"] [category=ddl] [job="ID:87, Type:create table, State:queueing, SchemaState:none, SchemaID:1, TableID:86, RowCount:0, ArgLen:1, start time: 2026-07-13 10:33:26.003 +0800 CST, Err:<nil>, ErrCount:0, SnapshotVersion:0, Version: v2"] [query="CREATE TABLE IF NOT EXISTS mysql.tidb_runaway_watch (\n\t\tid BIGINT(20) NOT NULL AUTO_INCREMENT PRIMARY KEY,\n\t\tresource_group_name varchar(32) not null,\n\t\tstart_time datetime(6) NOT NULL,\n\t\tend_time datetime(6),\n\t\twatch bigint(10) NOT NULL,\n\t\twatch_text TEXT NOT NULL,\n\t\tsource varchar(512) NOT NULL,\n\t\taction bigint(10),\n\t\tswitch_group_name VARCHAR(32) DEFAULT '',\n\t\trule VARCHAR(512) DEFAULT '',\n\t\tINDEX sql_index(resource_group_name,watch_text(700)) COMMENT \"accelerate the speed when select quarantined query\",\n\t\tINDEX time_index(end_time) COMMENT \"accelerate the speed when querying with active watch\",\n\t\tINDEX idx_start_time(start_time) COMMENT \"accelerate the speed when syncing new watch records\"\n\t) ENGINE=InnoDB DEFAULT CHARSET=utf8mb4 COLLATE=utf8mb4_bin;"]
[2026/07/13 10:33:26.004 +08:00] [WARN] [global_controller.go:819] ["[resource group controller] resource group name does not exist"] [name=default]
[2026/07/13 10:33:26.004 +08:00] [WARN] [global_controller.go:819] ["[resource group controller] resource group name does not exist"] [name=default]
[2026/07/13 10:33:26.004 +08:00] [INFO] [job_worker.go:854] ["run one job step"] [category=ddl] [jobID=87] [job="ID:87, Type:create table, State:queueing, SchemaState:none, SchemaID:1, TableID:86, RowCount:0, ArgLen:0, start time: 2026-07-13 10:33:26.003 +0800 CST, Err:<nil>, ErrCount:0, SnapshotVersion:0, Version: v2"]
[2026/07/13 10:33:26.004 +08:00] [WARN] [global_controller.go:819] ["[resource group controller] resource group name does not exist"] [name=default]
[2026/07/13 10:33:26.004 +08:00] [WARN] [global_controller.go:819] ["[resource group controller] resource group name does not exist"] [name=default]
[2026/07/13 10:33:26.004 +08:00] [WARN] [global_controller.go:819] ["[resource group controller] resource group name does not exist"] [name=default]
[2026/07/13 10:33:26.005 +08:00] [INFO] [loader.go:216] ["diff load InfoSchema success"] [mode=auto] [isV2=true] [currVer=42] [neededVer=43] [gotVer=43] ["elapsed time"=118.542µs] [phyTblIDs="[86]"] [actionTypes="[3]"] [diffTypes="[\"create table\"]"]
[2026/07/13 10:33:26.005 +08:00] [INFO] [syncer.go:258] ["session manager is nil"]
[2026/07/13 10:33:26.005 +08:00] [INFO] [syncer.go:281] ["mdl gets lock, update self version to owner"] [jobID=87] [version=43]
[2026/07/13 10:33:26.007 +08:00] [INFO] [schema_version.go:397] ["wait schema version synced success"] [category=ddl] [ver=43] [checkAssumedSvr=false] ["take time"=2.250791ms] [job="ID:87, Type:create table, State:done, SchemaState:public, SchemaID:1, TableID:86, RowCount:0, ArgLen:1, start time: 2026-07-13 10:33:26.003 +0800 CST, Err:<nil>, ErrCount:0, SnapshotVersion:0, Version: v2"] [summary="server count: 1"]
[2026/07/13 10:33:26.007 +08:00] [WARN] [global_controller.go:819] ["[resource group controller] resource group name does not exist"] [name=default]
[2026/07/13 10:33:26.007 +08:00] [WARN] [global_controller.go:819] ["[resource group controller] resource group name does not exist"] [name=default]
[2026/07/13 10:33:26.007 +08:00] [WARN] [global_controller.go:819] ["[resource group controller] resource group name does not exist"] [name=default]
[2026/07/13 10:33:26.007 +08:00] [WARN] [global_controller.go:819] ["[resource group controller] resource group name does not exist"] [name=default]
[2026/07/13 10:33:26.007 +08:00] [WARN] [global_controller.go:819] ["[resource group controller] resource group name does not exist"] [name=default]
[2026/07/13 10:33:26.007 +08:00] [INFO] [job_worker.go:447] ["finish DDL job"] [category=ddl] [jobID=87] [job="ID:87, Type:create table, State:synced, SchemaState:public, SchemaID:1, TableID:86, RowCount:0, ArgLen:0, start time: 2026-07-13 10:33:26.003 +0800 CST, Err:<nil>, ErrCount:0, SnapshotVersion:0, Version: v2"]
[2026/07/13 10:33:26.008 +08:00] [WARN] [global_controller.go:819] ["[resource group controller] resource group name does not exist"] [name=default]
[2026/07/13 10:33:26.008 +08:00] [WARN] [global_controller.go:819] ["[resource group controller] resource group name does not exist"] [name=default]
[2026/07/13 10:33:26.008 +08:00] [WARN] [global_controller.go:819] ["[resource group controller] resource group name does not exist"] [name=default]
[2026/07/13 10:33:26.008 +08:00] [INFO] [executor.go:7380] ["DDL job is finished"] [category=ddl] [jobID=87]
[2026/07/13 10:33:26.008 +08:00] [INFO] [session.go:5104] ["CRUCIAL OPERATION"] [conn=0] [schemaVersion=43] [cur_db=mysql] [sql="CREATE TABLE IF NOT EXISTS mysql.tidb_runaway_watch (\n\t\tid BIGINT(20) NOT NULL AUTO_INCREMENT PRIMARY KEY,\n\t\tresource_group_name varchar(32) not null,\n\t\tstart_time datetime(6) NOT NULL,\n\t\tend_time datetime(6),\n\t\twatch bigint(10) NOT NULL,\n\t\twatch_text TEXT NOT NULL,\n\t\tsource varchar(512) NOT NULL,\n\t\taction bigint(10),\n\t\tswitch_group_name VARCHAR(32) DEFAULT '',\n\t\trule VARCHAR(512) DEFAULT '',\n\t\tINDEX sql_index(resource_group_name,watch_text(700)) COMMENT \"accelerate the speed when select quarantined query\",\n\t\tINDEX time_index(end_time) COMMENT \"accelerate the speed when querying with active watch\",\n\t\tINDEX idx_start_time(start_time) COMMENT \"accelerate the speed when syncing new watch records\"\n\t) ENGINE=InnoDB DEFAULT CHARSET=utf8mb4 COLLATE=utf8mb4_bin;"] [user=]
[2026/07/13 10:33:26.008 +08:00] [WARN] [global_controller.go:819] ["[resource group controller] resource group name does not exist"] [name=default]
[2026/07/13 10:33:26.008 +08:00] [INFO] [executor.go:7545] ["system variable tidb_scatter_region not found, use default value"] [category=ddl]
[2026/07/13 10:33:26.008 +08:00] [WARN] [global_controller.go:819] ["[resource group controller] resource group name does not exist"] [name=default]
[2026/07/13 10:33:26.009 +08:00] [WARN] [global_controller.go:819] ["[resource group controller] resource group name does not exist"] [name=default]
[2026/07/13 10:33:26.009 +08:00] [INFO] [job_submitter.go:118] ["add DDL jobs"] [category=ddl] ["batch count"=1] [jobs="ID:89, Type:create table, State:queueing, SchemaState:none, SchemaID:1, TableID:88, RowCount:0, ArgLen:1, start time: 2026-07-13 10:33:26.008 +0800 CST, Err:<nil>, ErrCount:0, SnapshotVersion:0, Version: v2; "] [fast_create=true]
[2026/07/13 10:33:26.009 +08:00] [INFO] [executor.go:7260] ["DDL job submitted"] [category=ddl] [job="ID:89, Type:create table, State:queueing, SchemaState:none, SchemaID:1, TableID:88, RowCount:0, ArgLen:1, start time: 2026-07-13 10:33:26.008 +0800 CST, Err:<nil>, ErrCount:0, SnapshotVersion:0, Version: v2"] [query="CREATE TABLE IF NOT EXISTS mysql.tidb_runaway_queries (\n\t\tresource_group_name varchar(32) not null,\n\t\tstart_time TIMESTAMP NOT NULL,\n\t\trepeats int default 1,\n\t\tmatch_type varchar(12) NOT NULL,\n\t\taction varchar(64) NOT NULL,\n\t\tsample_sql TEXT NOT NULL,\n\t\tsql_digest varchar(64) NOT NULL,\n\t\tplan_digest varchar(64) NOT NULL,\n\t\ttidb_server varchar(512),\n\t\trule VARCHAR(512) DEFAULT '',\n\t\tINDEX plan_index(plan_digest(64)) COMMENT \"accelerate the speed when select runaway query\",\n\t\tINDEX time_index(start_time) COMMENT \"accelerate the speed when querying with active watch\"\n\t) ENGINE=InnoDB DEFAULT CHARSET=utf8mb4 COLLATE=utf8mb4_bin;"]
[2026/07/13 10:33:26.009 +08:00] [WARN] [global_controller.go:819] ["[resource group controller] resource group name does not exist"] [name=default]
[2026/07/13 10:33:26.009 +08:00] [WARN] [global_controller.go:819] ["[resource group controller] resource group name does not exist"] [name=default]
[2026/07/13 10:33:26.009 +08:00] [INFO] [job_worker.go:854] ["run one job step"] [category=ddl] [jobID=89] [job="ID:89, Type:create table, State:queueing, SchemaState:none, SchemaID:1, TableID:88, RowCount:0, ArgLen:0, start time: 2026-07-13 10:33:26.008 +0800 CST, Err:<nil>, ErrCount:0, SnapshotVersion:0, Version: v2"]
[2026/07/13 10:33:26.009 +08:00] [WARN] [global_controller.go:819] ["[resource group controller] resource group name does not exist"] [name=default]
[2026/07/13 10:33:26.009 +08:00] [WARN] [global_controller.go:819] ["[resource group controller] resource group name does not exist"] [name=default]
[2026/07/13 10:33:26.010 +08:00] [WARN] [global_controller.go:819] ["[resource group controller] resource group name does not exist"] [name=default]
[2026/07/13 10:33:26.011 +08:00] [INFO] [loader.go:216] ["diff load InfoSchema success"] [mode=auto] [isV2=true] [currVer=43] [neededVer=44] [gotVer=44] ["elapsed time"=280.417µs] [phyTblIDs="[88]"] [actionTypes="[3]"] [diffTypes="[\"create table\"]"]
[2026/07/13 10:33:26.012 +08:00] [INFO] [syncer.go:258] ["session manager is nil"]
[2026/07/13 10:33:26.012 +08:00] [INFO] [syncer.go:281] ["mdl gets lock, update self version to owner"] [jobID=89] [version=44]
[2026/07/13 10:33:26.013 +08:00] [INFO] [schema_version.go:397] ["wait schema version synced success"] [category=ddl] [ver=44] [checkAssumedSvr=false] ["take time"=2.442958ms] [job="ID:89, Type:create table, State:done, SchemaState:public, SchemaID:1, TableID:88, RowCount:0, ArgLen:1, start time: 2026-07-13 10:33:26.008 +0800 CST, Err:<nil>, ErrCount:0, SnapshotVersion:0, Version: v2"] [summary="server count: 1"]
[2026/07/13 10:33:26.014 +08:00] [WARN] [global_controller.go:819] ["[resource group controller] resource group name does not exist"] [name=default]
[2026/07/13 10:33:26.014 +08:00] [WARN] [global_controller.go:819] ["[resource group controller] resource group name does not exist"] [name=default]
[2026/07/13 10:33:26.014 +08:00] [WARN] [global_controller.go:819] ["[resource group controller] resource group name does not exist"] [name=default]
[2026/07/13 10:33:26.014 +08:00] [WARN] [global_controller.go:819] ["[resource group controller] resource group name does not exist"] [name=default]
[2026/07/13 10:33:26.014 +08:00] [WARN] [global_controller.go:819] ["[resource group controller] resource group name does not exist"] [name=default]
[2026/07/13 10:33:26.014 +08:00] [INFO] [job_worker.go:447] ["finish DDL job"] [category=ddl] [jobID=89] [job="ID:89, Type:create table, State:synced, SchemaState:public, SchemaID:1, TableID:88, RowCount:0, ArgLen:0, start time: 2026-07-13 10:33:26.008 +0800 CST, Err:<nil>, ErrCount:0, SnapshotVersion:0, Version: v2"]
[2026/07/13 10:33:26.014 +08:00] [WARN] [global_controller.go:819] ["[resource group controller] resource group name does not exist"] [name=default]
[2026/07/13 10:33:26.014 +08:00] [WARN] [global_controller.go:819] ["[resource group controller] resource group name does not exist"] [name=default]
[2026/07/13 10:33:26.015 +08:00] [WARN] [global_controller.go:819] ["[resource group controller] resource group name does not exist"] [name=default]
[2026/07/13 10:33:26.015 +08:00] [INFO] [executor.go:7380] ["DDL job is finished"] [category=ddl] [jobID=89]
[2026/07/13 10:33:26.015 +08:00] [INFO] [session.go:5104] ["CRUCIAL OPERATION"] [conn=0] [schemaVersion=44] [cur_db=mysql] [sql="CREATE TABLE IF NOT EXISTS mysql.tidb_runaway_queries (\n\t\tresource_group_name varchar(32) not null,\n\t\tstart_time TIMESTAMP NOT NULL,\n\t\trepeats int default 1,\n\t\tmatch_type varchar(12) NOT NULL,\n\t\taction varchar(64) NOT NULL,\n\t\tsample_sql TEXT NOT NULL,\n\t\tsql_digest varchar(64) NOT NULL,\n\t\tplan_digest varchar(64) NOT NULL,\n\t\ttidb_server varchar(512),\n\t\trule VARCHAR(512) DEFAULT '',\n\t\tINDEX plan_index(plan_digest(64)) COMMENT \"accelerate the speed when select runaway query\",\n\t\tINDEX time_index(start_time) COMMENT \"accelerate the speed when querying with active watch\"\n\t) ENGINE=InnoDB DEFAULT CHARSET=utf8mb4 COLLATE=utf8mb4_bin;"] [user=]
[2026/07/13 10:33:26.015 +08:00] [WARN] [global_controller.go:819] ["[resource group controller] resource group name does not exist"] [name=default]
[2026/07/13 10:33:26.015 +08:00] [INFO] [executor.go:7545] ["system variable tidb_scatter_region not found, use default value"] [category=ddl]
[2026/07/13 10:33:26.015 +08:00] [WARN] [global_controller.go:819] ["[resource group controller] resource group name does not exist"] [name=default]
[2026/07/13 10:33:26.016 +08:00] [WARN] [global_controller.go:819] ["[resource group controller] resource group name does not exist"] [name=default]
[2026/07/13 10:33:26.016 +08:00] [INFO] [job_submitter.go:118] ["add DDL jobs"] [category=ddl] ["batch count"=1] [jobs="ID:91, Type:create table, State:queueing, SchemaState:none, SchemaID:1, TableID:90, RowCount:0, ArgLen:1, start time: 2026-07-13 10:33:26.015 +0800 CST, Err:<nil>, ErrCount:0, SnapshotVersion:0, Version: v2; "] [fast_create=true]
[2026/07/13 10:33:26.016 +08:00] [INFO] [executor.go:7260] ["DDL job submitted"] [category=ddl] [job="ID:91, Type:create table, State:queueing, SchemaState:none, SchemaID:1, TableID:90, RowCount:0, ArgLen:1, start time: 2026-07-13 10:33:26.015 +0800 CST, Err:<nil>, ErrCount:0, SnapshotVersion:0, Version: v2"] [query="CREATE TABLE IF NOT EXISTS mysql.tidb_timers (\n\t\tID BIGINT(64) UNSIGNED NOT NULL AUTO_INCREMENT,\n\t\tNAMESPACE VARCHAR(256) NOT NULL,\n\t\tTIMER_KEY VARCHAR(256) NOT NULL,\n\t\tTIMER_DATA BLOB,\n\t\tTIMEZONE VARCHAR(64) NOT NULL,\n\t\tSCHED_POLICY_TYPE VARCHAR(32) NOT NULL,\n\t\tSCHED_POLICY_EXPR VARCHAR(256) NOT NULL,\n\t\tHOOK_CLASS VARCHAR(64) NOT NULL,\n\t\tWATERMARK TIMESTAMP DEFAULT NULL,\n\t\tENABLE TINYINT(2) NOT NULL,\n\t\tTIMER_EXT JSON NOT NULL,\n\t\tEVENT_STATUS VARCHAR(32) NOT NULL,\n\t\tEVENT_ID VARCHAR(64) NOT NULL,\n\t\tEVENT_DATA BLOB,\n\t\tEVENT_START TIMESTAMP DEFAULT NULL,\n\t\tSUMMARY_DATA BLOB,\n\t\tCREATE_TIME TIMESTAMP NOT NULL DEFAULT CURRENT_TIMESTAMP,\n\t\tUPDATE_TIME TIMESTAMP NOT NULL DEFAULT CURRENT_TIMESTAMP ON UPDATE CURRENT_TIMESTAMP,\n\t\tVERSION BIGINT(64) UNSIGNED NOT NULL,\n\t\tPRIMARY KEY (ID),\n\t\tUNIQUE KEY timer_key(NAMESPACE, TIMER_KEY),\n\t\tKEY hook_class(HOOK_CLASS)\n\t)"]
[2026/07/13 10:33:26.016 +08:00] [WARN] [global_controller.go:819] ["[resource group controller] resource group name does not exist"] [name=default]
[2026/07/13 10:33:26.016 +08:00] [WARN] [global_controller.go:819] ["[resource group controller] resource group name does not exist"] [name=default]
[2026/07/13 10:33:26.016 +08:00] [INFO] [job_worker.go:854] ["run one job step"] [category=ddl] [jobID=91] [job="ID:91, Type:create table, State:queueing, SchemaState:none, SchemaID:1, TableID:90, RowCount:0, ArgLen:0, start time: 2026-07-13 10:33:26.015 +0800 CST, Err:<nil>, ErrCount:0, SnapshotVersion:0, Version: v2"]
[2026/07/13 10:33:26.016 +08:00] [WARN] [global_controller.go:819] ["[resource group controller] resource group name does not exist"] [name=default]
[2026/07/13 10:33:26.016 +08:00] [WARN] [global_controller.go:819] ["[resource group controller] resource group name does not exist"] [name=default]
[2026/07/13 10:33:26.017 +08:00] [WARN] [global_controller.go:819] ["[resource group controller] resource group name does not exist"] [name=default]
[2026/07/13 10:33:26.017 +08:00] [INFO] [loader.go:216] ["diff load InfoSchema success"] [mode=auto] [isV2=true] [currVer=44] [neededVer=45] [gotVer=45] ["elapsed time"=145.791µs] [phyTblIDs="[90]"] [actionTypes="[3]"] [diffTypes="[\"create table\"]"]
[2026/07/13 10:33:26.017 +08:00] [INFO] [syncer.go:258] ["session manager is nil"]
[2026/07/13 10:33:26.017 +08:00] [INFO] [syncer.go:281] ["mdl gets lock, update self version to owner"] [jobID=91] [version=45]
[2026/07/13 10:33:26.019 +08:00] [INFO] [schema_version.go:397] ["wait schema version synced success"] [category=ddl] [ver=45] [checkAssumedSvr=false] ["take time"=2.413583ms] [job="ID:91, Type:create table, State:done, SchemaState:public, SchemaID:1, TableID:90, RowCount:0, ArgLen:1, start time: 2026-07-13 10:33:26.015 +0800 CST, Err:<nil>, ErrCount:0, SnapshotVersion:0, Version: v2"] [summary="server count: 1"]
[2026/07/13 10:33:26.019 +08:00] [WARN] [global_controller.go:819] ["[resource group controller] resource group name does not exist"] [name=default]
[2026/07/13 10:33:26.019 +08:00] [WARN] [global_controller.go:819] ["[resource group controller] resource group name does not exist"] [name=default]
[2026/07/13 10:33:26.020 +08:00] [WARN] [global_controller.go:819] ["[resource group controller] resource group name does not exist"] [name=default]
[2026/07/13 10:33:26.020 +08:00] [WARN] [global_controller.go:819] ["[resource group controller] resource group name does not exist"] [name=default]
[2026/07/13 10:33:26.020 +08:00] [WARN] [global_controller.go:819] ["[resource group controller] resource group name does not exist"] [name=default]
[2026/07/13 10:33:26.020 +08:00] [INFO] [job_worker.go:447] ["finish DDL job"] [category=ddl] [jobID=91] [job="ID:91, Type:create table, State:synced, SchemaState:public, SchemaID:1, TableID:90, RowCount:0, ArgLen:0, start time: 2026-07-13 10:33:26.015 +0800 CST, Err:<nil>, ErrCount:0, SnapshotVersion:0, Version: v2"]
[2026/07/13 10:33:26.020 +08:00] [WARN] [global_controller.go:819] ["[resource group controller] resource group name does not exist"] [name=default]
[2026/07/13 10:33:26.021 +08:00] [WARN] [global_controller.go:819] ["[resource group controller] resource group name does not exist"] [name=default]
[2026/07/13 10:33:26.021 +08:00] [WARN] [global_controller.go:819] ["[resource group controller] resource group name does not exist"] [name=default]
[2026/07/13 10:33:26.021 +08:00] [WARN] [global_controller.go:819] ["[resource group controller] resource group name does not exist"] [name=default]
[2026/07/13 10:33:26.021 +08:00] [INFO] [executor.go:7380] ["DDL job is finished"] [category=ddl] [jobID=91]
[2026/07/13 10:33:26.021 +08:00] [INFO] [session.go:5104] ["CRUCIAL OPERATION"] [conn=0] [schemaVersion=45] [cur_db=mysql] [sql="CREATE TABLE IF NOT EXISTS mysql.tidb_timers (\n\t\tID BIGINT(64) UNSIGNED NOT NULL AUTO_INCREMENT,\n\t\tNAMESPACE VARCHAR(256) NOT NULL,\n\t\tTIMER_KEY VARCHAR(256) NOT NULL,\n\t\tTIMER_DATA BLOB,\n\t\tTIMEZONE VARCHAR(64) NOT NULL,\n\t\tSCHED_POLICY_TYPE VARCHAR(32) NOT NULL,\n\t\tSCHED_POLICY_EXPR VARCHAR(256) NOT NULL,\n\t\tHOOK_CLASS VARCHAR(64) NOT NULL,\n\t\tWATERMARK TIMESTAMP DEFAULT NULL,\n\t\tENABLE TINYINT(2) NOT NULL,\n\t\tTIMER_EXT JSON NOT NULL,\n\t\tEVENT_STATUS VARCHAR(32) NOT NULL,\n\t\tEVENT_ID VARCHAR(64) NOT NULL,\n\t\tEVENT_DATA BLOB,\n\t\tEVENT_START TIMESTAMP DEFAULT NULL,\n\t\tSUMMARY_DATA BLOB,\n\t\tCREATE_TIME TIMESTAMP NOT NULL DEFAULT CURRENT_TIMESTAMP,\n\t\tUPDATE_TIME TIMESTAMP NOT NULL DEFAULT CURRENT_TIMESTAMP ON UPDATE CURRENT_TIMESTAMP,\n\t\tVERSION BIGINT(64) UNSIGNED NOT NULL,\n\t\tPRIMARY KEY (ID),\n\t\tUNIQUE KEY timer_key(NAMESPACE, TIMER_KEY),\n\t\tKEY hook_class(HOOK_CLASS)\n\t)"] [user=]
[2026/07/13 10:33:26.021 +08:00] [INFO] [executor.go:7545] ["system variable tidb_scatter_region not found, use default value"] [category=ddl]
[2026/07/13 10:33:26.021 +08:00] [WARN] [global_controller.go:819] ["[resource group controller] resource group name does not exist"] [name=default]
[2026/07/13 10:33:26.021 +08:00] [WARN] [global_controller.go:819] ["[resource group controller] resource group name does not exist"] [name=default]
[2026/07/13 10:33:26.022 +08:00] [INFO] [job_submitter.go:118] ["add DDL jobs"] [category=ddl] ["batch count"=1] [jobs="ID:93, Type:create table, State:queueing, SchemaState:none, SchemaID:1, TableID:92, RowCount:0, ArgLen:1, start time: 2026-07-13 10:33:26.021 +0800 CST, Err:<nil>, ErrCount:0, SnapshotVersion:0, Version: v2; "] [fast_create=true]
[2026/07/13 10:33:26.022 +08:00] [INFO] [executor.go:7260] ["DDL job submitted"] [category=ddl] [job="ID:93, Type:create table, State:queueing, SchemaState:none, SchemaID:1, TableID:92, RowCount:0, ArgLen:1, start time: 2026-07-13 10:33:26.021 +0800 CST, Err:<nil>, ErrCount:0, SnapshotVersion:0, Version: v2"] [query="CREATE TABLE IF NOT EXISTS mysql.tidb_runaway_watch_done (\n\t\tid BIGINT(20) NOT NULL AUTO_INCREMENT PRIMARY KEY,\n\t\trecord_id BIGINT(20) not null,\n\t\tresource_group_name varchar(32) not null,\n\t\tstart_time datetime(6) NOT NULL,\n\t\tend_time datetime(6),\n\t\twatch bigint(10) NOT NULL,\n\t\twatch_text TEXT NOT NULL,\n\t\tsource varchar(512) NOT NULL,\n\t\taction bigint(10),\n\t\tswitch_group_name VARCHAR(32) DEFAULT '',\n\t\trule VARCHAR(512) DEFAULT '',\n\t\tdone_time TIMESTAMP(6) NOT NULL,\n\t\tINDEX idx_done_time(done_time) COMMENT \"accelerate the speed when syncing done watch records\"\n\t) ENGINE=InnoDB DEFAULT CHARSET=utf8mb4 COLLATE=utf8mb4_bin;"]
[2026/07/13 10:33:26.022 +08:00] [WARN] [global_controller.go:819] ["[resource group controller] resource group name does not exist"] [name=default]
[2026/07/13 10:33:26.022 +08:00] [WARN] [global_controller.go:819] ["[resource group controller] resource group name does not exist"] [name=default]
[2026/07/13 10:33:26.022 +08:00] [INFO] [job_worker.go:854] ["run one job step"] [category=ddl] [jobID=93] [job="ID:93, Type:create table, State:queueing, SchemaState:none, SchemaID:1, TableID:92, RowCount:0, ArgLen:0, start time: 2026-07-13 10:33:26.021 +0800 CST, Err:<nil>, ErrCount:0, SnapshotVersion:0, Version: v2"]
[2026/07/13 10:33:26.022 +08:00] [WARN] [global_controller.go:819] ["[resource group controller] resource group name does not exist"] [name=default]
[2026/07/13 10:33:26.022 +08:00] [WARN] [global_controller.go:819] ["[resource group controller] resource group name does not exist"] [name=default]
[2026/07/13 10:33:26.022 +08:00] [WARN] [global_controller.go:819] ["[resource group controller] resource group name does not exist"] [name=default]
[2026/07/13 10:33:26.023 +08:00] [INFO] [loader.go:216] ["diff load InfoSchema success"] [mode=auto] [isV2=true] [currVer=45] [neededVer=46] [gotVer=46] ["elapsed time"=120.083µs] [phyTblIDs="[92]"] [actionTypes="[3]"] [diffTypes="[\"create table\"]"]
[2026/07/13 10:33:26.023 +08:00] [INFO] [syncer.go:258] ["session manager is nil"]
[2026/07/13 10:33:26.023 +08:00] [INFO] [syncer.go:281] ["mdl gets lock, update self version to owner"] [jobID=93] [version=46]
[2026/07/13 10:33:26.025 +08:00] [INFO] [schema_version.go:397] ["wait schema version synced success"] [category=ddl] [ver=46] [checkAssumedSvr=false] ["take time"=2.215042ms] [job="ID:93, Type:create table, State:done, SchemaState:public, SchemaID:1, TableID:92, RowCount:0, ArgLen:1, start time: 2026-07-13 10:33:26.021 +0800 CST, Err:<nil>, ErrCount:0, SnapshotVersion:0, Version: v2"] [summary="server count: 1"]
[2026/07/13 10:33:26.025 +08:00] [WARN] [global_controller.go:819] ["[resource group controller] resource group name does not exist"] [name=default]
[2026/07/13 10:33:26.025 +08:00] [WARN] [global_controller.go:819] ["[resource group controller] resource group name does not exist"] [name=default]
[2026/07/13 10:33:26.025 +08:00] [WARN] [global_controller.go:819] ["[resource group controller] resource group name does not exist"] [name=default]
[2026/07/13 10:33:26.025 +08:00] [WARN] [global_controller.go:819] ["[resource group controller] resource group name does not exist"] [name=default]
[2026/07/13 10:33:26.025 +08:00] [WARN] [global_controller.go:819] ["[resource group controller] resource group name does not exist"] [name=default]
[2026/07/13 10:33:26.025 +08:00] [INFO] [job_worker.go:447] ["finish DDL job"] [category=ddl] [jobID=93] [job="ID:93, Type:create table, State:synced, SchemaState:public, SchemaID:1, TableID:92, RowCount:0, ArgLen:0, start time: 2026-07-13 10:33:26.021 +0800 CST, Err:<nil>, ErrCount:0, SnapshotVersion:0, Version: v2"]
[2026/07/13 10:33:26.025 +08:00] [WARN] [global_controller.go:819] ["[resource group controller] resource group name does not exist"] [name=default]
[2026/07/13 10:33:26.026 +08:00] [WARN] [global_controller.go:819] ["[resource group controller] resource group name does not exist"] [name=default]
[2026/07/13 10:33:26.026 +08:00] [WARN] [global_controller.go:819] ["[resource group controller] resource group name does not exist"] [name=default]
[2026/07/13 10:33:26.026 +08:00] [WARN] [global_controller.go:819] ["[resource group controller] resource group name does not exist"] [name=default]
[2026/07/13 10:33:26.026 +08:00] [INFO] [executor.go:7380] ["DDL job is finished"] [category=ddl] [jobID=93]
[2026/07/13 10:33:26.026 +08:00] [INFO] [session.go:5104] ["CRUCIAL OPERATION"] [conn=0] [schemaVersion=46] [cur_db=mysql] [sql="CREATE TABLE IF NOT EXISTS mysql.tidb_runaway_watch_done (\n\t\tid BIGINT(20) NOT NULL AUTO_INCREMENT PRIMARY KEY,\n\t\trecord_id BIGINT(20) not null,\n\t\tresource_group_name varchar(32) not null,\n\t\tstart_time datetime(6) NOT NULL,\n\t\tend_time datetime(6),\n\t\twatch bigint(10) NOT NULL,\n\t\twatch_text TEXT NOT NULL,\n\t\tsource varchar(512) NOT NULL,\n\t\taction bigint(10),\n\t\tswitch_group_name VARCHAR(32) DEFAULT '',\n\t\trule VARCHAR(512) DEFAULT '',\n\t\tdone_time TIMESTAMP(6) NOT NULL,\n\t\tINDEX idx_done_time(done_time) COMMENT \"accelerate the speed when syncing done watch records\"\n\t) ENGINE=InnoDB DEFAULT CHARSET=utf8mb4 COLLATE=utf8mb4_bin;"] [user=]
[2026/07/13 10:33:26.026 +08:00] [INFO] [executor.go:7545] ["system variable tidb_scatter_region not found, use default value"] [category=ddl]
[2026/07/13 10:33:26.026 +08:00] [WARN] [global_controller.go:819] ["[resource group controller] resource group name does not exist"] [name=default]
[2026/07/13 10:33:26.026 +08:00] [WARN] [global_controller.go:819] ["[resource group controller] resource group name does not exist"] [name=default]
[2026/07/13 10:33:26.026 +08:00] [WARN] [global_controller.go:819] ["[resource group controller] resource group name does not exist"] [name=default]
[2026/07/13 10:33:26.026 +08:00] [INFO] [job_submitter.go:118] ["add DDL jobs"] [category=ddl] ["batch count"=1] [jobs="ID:95, Type:create table, State:queueing, SchemaState:none, SchemaID:1, TableID:94, RowCount:0, ArgLen:1, start time: 2026-07-13 10:33:26.026 +0800 CST, Err:<nil>, ErrCount:0, SnapshotVersion:0, Version: v2; "] [fast_create=true]
[2026/07/13 10:33:26.026 +08:00] [INFO] [executor.go:7260] ["DDL job submitted"] [category=ddl] [job="ID:95, Type:create table, State:queueing, SchemaState:none, SchemaID:1, TableID:94, RowCount:0, ArgLen:1, start time: 2026-07-13 10:33:26.026 +0800 CST, Err:<nil>, ErrCount:0, SnapshotVersion:0, Version: v2"] [query="CREATE TABLE IF NOT EXISTS mysql.dist_framework_meta (\n        host VARCHAR(261) NOT NULL PRIMARY KEY,\n        role VARCHAR(64),\n        cpu_count int default 0,\n        keyspace_id bigint(8) NOT NULL DEFAULT -1\n    );"]
[2026/07/13 10:33:26.027 +08:00] [WARN] [global_controller.go:819] ["[resource group controller] resource group name does not exist"] [name=default]
[2026/07/13 10:33:26.027 +08:00] [WARN] [global_controller.go:819] ["[resource group controller] resource group name does not exist"] [name=default]
[2026/07/13 10:33:26.027 +08:00] [INFO] [job_worker.go:854] ["run one job step"] [category=ddl] [jobID=95] [job="ID:95, Type:create table, State:queueing, SchemaState:none, SchemaID:1, TableID:94, RowCount:0, ArgLen:0, start time: 2026-07-13 10:33:26.026 +0800 CST, Err:<nil>, ErrCount:0, SnapshotVersion:0, Version: v2"]
[2026/07/13 10:33:26.027 +08:00] [WARN] [global_controller.go:819] ["[resource group controller] resource group name does not exist"] [name=default]
[2026/07/13 10:33:26.027 +08:00] [WARN] [global_controller.go:819] ["[resource group controller] resource group name does not exist"] [name=default]
[2026/07/13 10:33:26.027 +08:00] [WARN] [global_controller.go:819] ["[resource group controller] resource group name does not exist"] [name=default]
[2026/07/13 10:33:26.027 +08:00] [INFO] [loader.go:216] ["diff load InfoSchema success"] [mode=auto] [isV2=true] [currVer=46] [neededVer=47] [gotVer=47] ["elapsed time"=60.291µs] [phyTblIDs="[94]"] [actionTypes="[3]"] [diffTypes="[\"create table\"]"]
[2026/07/13 10:33:26.027 +08:00] [INFO] [syncer.go:258] ["session manager is nil"]
[2026/07/13 10:33:26.027 +08:00] [INFO] [syncer.go:281] ["mdl gets lock, update self version to owner"] [jobID=95] [version=47]
[2026/07/13 10:33:26.030 +08:00] [INFO] [schema_version.go:397] ["wait schema version synced success"] [category=ddl] [ver=47] [checkAssumedSvr=false] ["take time"=2.469791ms] [job="ID:95, Type:create table, State:done, SchemaState:public, SchemaID:1, TableID:94, RowCount:0, ArgLen:1, start time: 2026-07-13 10:33:26.026 +0800 CST, Err:<nil>, ErrCount:0, SnapshotVersion:0, Version: v2"] [summary="server count: 1"]
[2026/07/13 10:33:26.030 +08:00] [WARN] [global_controller.go:819] ["[resource group controller] resource group name does not exist"] [name=default]
[2026/07/13 10:33:26.030 +08:00] [WARN] [global_controller.go:819] ["[resource group controller] resource group name does not exist"] [name=default]
[2026/07/13 10:33:26.030 +08:00] [WARN] [global_controller.go:819] ["[resource group controller] resource group name does not exist"] [name=default]
[2026/07/13 10:33:26.030 +08:00] [WARN] [global_controller.go:819] ["[resource group controller] resource group name does not exist"] [name=default]
[2026/07/13 10:33:26.030 +08:00] [WARN] [global_controller.go:819] ["[resource group controller] resource group name does not exist"] [name=default]
[2026/07/13 10:33:26.030 +08:00] [INFO] [job_worker.go:447] ["finish DDL job"] [category=ddl] [jobID=95] [job="ID:95, Type:create table, State:synced, SchemaState:public, SchemaID:1, TableID:94, RowCount:0, ArgLen:0, start time: 2026-07-13 10:33:26.026 +0800 CST, Err:<nil>, ErrCount:0, SnapshotVersion:0, Version: v2"]
[2026/07/13 10:33:26.030 +08:00] [WARN] [global_controller.go:819] ["[resource group controller] resource group name does not exist"] [name=default]
[2026/07/13 10:33:26.030 +08:00] [WARN] [global_controller.go:819] ["[resource group controller] resource group name does not exist"] [name=default]
[2026/07/13 10:33:26.030 +08:00] [WARN] [global_controller.go:819] ["[resource group controller] resource group name does not exist"] [name=default]
[2026/07/13 10:33:26.031 +08:00] [INFO] [executor.go:7380] ["DDL job is finished"] [category=ddl] [jobID=95]
[2026/07/13 10:33:26.031 +08:00] [INFO] [session.go:5104] ["CRUCIAL OPERATION"] [conn=0] [schemaVersion=47] [cur_db=mysql] [sql="CREATE TABLE IF NOT EXISTS mysql.dist_framework_meta (\n        host VARCHAR(261) NOT NULL PRIMARY KEY,\n        role VARCHAR(64),\n        cpu_count int default 0,\n        keyspace_id bigint(8) NOT NULL DEFAULT -1\n    );"] [user=]
[2026/07/13 10:33:26.031 +08:00] [INFO] [executor.go:7545] ["system variable tidb_scatter_region not found, use default value"] [category=ddl]
[2026/07/13 10:33:26.031 +08:00] [WARN] [global_controller.go:819] ["[resource group controller] resource group name does not exist"] [name=default]
[2026/07/13 10:33:26.031 +08:00] [WARN] [global_controller.go:819] ["[resource group controller] resource group name does not exist"] [name=default]
[2026/07/13 10:33:26.031 +08:00] [WARN] [global_controller.go:819] ["[resource group controller] resource group name does not exist"] [name=default]
[2026/07/13 10:33:26.031 +08:00] [INFO] [job_submitter.go:118] ["add DDL jobs"] [category=ddl] ["batch count"=1] [jobs="ID:97, Type:create table, State:queueing, SchemaState:none, SchemaID:1, TableID:96, RowCount:0, ArgLen:1, start time: 2026-07-13 10:33:26.031 +0800 CST, Err:<nil>, ErrCount:0, SnapshotVersion:0, Version: v2; "] [fast_create=true]
[2026/07/13 10:33:26.031 +08:00] [INFO] [executor.go:7260] ["DDL job submitted"] [category=ddl] [job="ID:97, Type:create table, State:queueing, SchemaState:none, SchemaID:1, TableID:96, RowCount:0, ArgLen:1, start time: 2026-07-13 10:33:26.031 +0800 CST, Err:<nil>, ErrCount:0, SnapshotVersion:0, Version: v2"] [query="CREATE TABLE IF NOT EXISTS mysql.request_unit_by_group (\n\t\tstart_time TIMESTAMP(6) NOT NULL,\n\t\tend_time TIMESTAMP(6) NOT NULL,\n\t\tresource_group VARCHAR(32) NOT null,\n\t\ttotal_ru bigint(64) UNSIGNED NOT NULL,\n\t\tPRIMARY KEY (start_time, end_time, resource_group),\n\t\tKEY (resource_group)\n\t);"]
[2026/07/13 10:33:26.031 +08:00] [WARN] [global_controller.go:819] ["[resource group controller] resource group name does not exist"] [name=default]
[2026/07/13 10:33:26.031 +08:00] [WARN] [global_controller.go:819] ["[resource group controller] resource group name does not exist"] [name=default]
[2026/07/13 10:33:26.031 +08:00] [INFO] [job_worker.go:854] ["run one job step"] [category=ddl] [jobID=97] [job="ID:97, Type:create table, State:queueing, SchemaState:none, SchemaID:1, TableID:96, RowCount:0, ArgLen:0, start time: 2026-07-13 10:33:26.031 +0800 CST, Err:<nil>, ErrCount:0, SnapshotVersion:0, Version: v2"]
[2026/07/13 10:33:26.032 +08:00] [WARN] [global_controller.go:819] ["[resource group controller] resource group name does not exist"] [name=default]
[2026/07/13 10:33:26.032 +08:00] [WARN] [global_controller.go:819] ["[resource group controller] resource group name does not exist"] [name=default]
[2026/07/13 10:33:26.032 +08:00] [WARN] [global_controller.go:819] ["[resource group controller] resource group name does not exist"] [name=default]
[2026/07/13 10:33:26.032 +08:00] [INFO] [loader.go:216] ["diff load InfoSchema success"] [mode=auto] [isV2=true] [currVer=47] [neededVer=48] [gotVer=48] ["elapsed time"=74.833µs] [phyTblIDs="[96]"] [actionTypes="[3]"] [diffTypes="[\"create table\"]"]
[2026/07/13 10:33:26.032 +08:00] [INFO] [syncer.go:258] ["session manager is nil"]
[2026/07/13 10:33:26.032 +08:00] [INFO] [syncer.go:281] ["mdl gets lock, update self version to owner"] [jobID=97] [version=48]
[2026/07/13 10:33:26.034 +08:00] [INFO] [schema_version.go:397] ["wait schema version synced success"] [category=ddl] [ver=48] [checkAssumedSvr=false] ["take time"=2.088541ms] [job="ID:97, Type:create table, State:done, SchemaState:public, SchemaID:1, TableID:96, RowCount:0, ArgLen:1, start time: 2026-07-13 10:33:26.031 +0800 CST, Err:<nil>, ErrCount:0, SnapshotVersion:0, Version: v2"] [summary="server count: 1"]
[2026/07/13 10:33:26.034 +08:00] [WARN] [global_controller.go:819] ["[resource group controller] resource group name does not exist"] [name=default]
[2026/07/13 10:33:26.034 +08:00] [WARN] [global_controller.go:819] ["[resource group controller] resource group name does not exist"] [name=default]
[2026/07/13 10:33:26.034 +08:00] [WARN] [global_controller.go:819] ["[resource group controller] resource group name does not exist"] [name=default]
[2026/07/13 10:33:26.034 +08:00] [WARN] [global_controller.go:819] ["[resource group controller] resource group name does not exist"] [name=default]
[2026/07/13 10:33:26.034 +08:00] [WARN] [global_controller.go:819] ["[resource group controller] resource group name does not exist"] [name=default]
[2026/07/13 10:33:26.034 +08:00] [INFO] [job_worker.go:447] ["finish DDL job"] [category=ddl] [jobID=97] [job="ID:97, Type:create table, State:synced, SchemaState:public, SchemaID:1, TableID:96, RowCount:0, ArgLen:0, start time: 2026-07-13 10:33:26.031 +0800 CST, Err:<nil>, ErrCount:0, SnapshotVersion:0, Version: v2"]
[2026/07/13 10:33:26.035 +08:00] [WARN] [global_controller.go:819] ["[resource group controller] resource group name does not exist"] [name=default]
[2026/07/13 10:33:26.035 +08:00] [WARN] [global_controller.go:819] ["[resource group controller] resource group name does not exist"] [name=default]
[2026/07/13 10:33:26.035 +08:00] [WARN] [global_controller.go:819] ["[resource group controller] resource group name does not exist"] [name=default]
[2026/07/13 10:33:26.035 +08:00] [INFO] [executor.go:7380] ["DDL job is finished"] [category=ddl] [jobID=97]
[2026/07/13 10:33:26.035 +08:00] [INFO] [session.go:5104] ["CRUCIAL OPERATION"] [conn=0] [schemaVersion=48] [cur_db=mysql] [sql="CREATE TABLE IF NOT EXISTS mysql.request_unit_by_group (\n\t\tstart_time TIMESTAMP(6) NOT NULL,\n\t\tend_time TIMESTAMP(6) NOT NULL,\n\t\tresource_group VARCHAR(32) NOT null,\n\t\ttotal_ru bigint(64) UNSIGNED NOT NULL,\n\t\tPRIMARY KEY (start_time, end_time, resource_group),\n\t\tKEY (resource_group)\n\t);"] [user=]
[2026/07/13 10:33:26.035 +08:00] [INFO] [add_column.go:1339] ["Automatically convert BLOB(524288) to MEDIUMBLOB"] [category=ddl]
[2026/07/13 10:33:26.035 +08:00] [WARN] [global_controller.go:819] ["[resource group controller] resource group name does not exist"] [name=default]
[2026/07/13 10:33:26.035 +08:00] [INFO] [executor.go:7545] ["system variable tidb_scatter_region not found, use default value"] [category=ddl]
[2026/07/13 10:33:26.035 +08:00] [WARN] [global_controller.go:819] ["[resource group controller] resource group name does not exist"] [name=default]
[2026/07/13 10:33:26.036 +08:00] [WARN] [global_controller.go:819] ["[resource group controller] resource group name does not exist"] [name=default]
[2026/07/13 10:33:26.036 +08:00] [INFO] [job_submitter.go:118] ["add DDL jobs"] [category=ddl] ["batch count"=1] [jobs="ID:99, Type:create table, State:queueing, SchemaState:none, SchemaID:1, TableID:98, RowCount:0, ArgLen:1, start time: 2026-07-13 10:33:26.035 +0800 CST, Err:<nil>, ErrCount:0, SnapshotVersion:0, Version: v2; "] [fast_create=true]
[2026/07/13 10:33:26.036 +08:00] [INFO] [executor.go:7260] ["DDL job submitted"] [category=ddl] [job="ID:99, Type:create table, State:queueing, SchemaState:none, SchemaID:1, TableID:98, RowCount:0, ArgLen:1, start time: 2026-07-13 10:33:26.035 +0800 CST, Err:<nil>, ErrCount:0, SnapshotVersion:0, Version: v2"] [query="CREATE TABLE IF NOT EXISTS mysql.tidb_pitr_id_map (\n\t\trestore_id BIGINT NOT NULL DEFAULT 0,\n\t\trestored_ts BIGINT NOT NULL,\n\t\tupstream_cluster_id BIGINT NOT NULL,\n\t\tsegment_id BIGINT NOT NULL,\n\t\tid_map BLOB(524288) NOT NULL,\n\t\tupdate_time TIMESTAMP DEFAULT CURRENT_TIMESTAMP,\n\t\tPRIMARY KEY (restore_id, restored_ts, upstream_cluster_id, segment_id));"]
[2026/07/13 10:33:26.036 +08:00] [WARN] [global_controller.go:819] ["[resource group controller] resource group name does not exist"] [name=default]
[2026/07/13 10:33:26.036 +08:00] [WARN] [global_controller.go:819] ["[resource group controller] resource group name does not exist"] [name=default]
[2026/07/13 10:33:26.036 +08:00] [INFO] [job_worker.go:854] ["run one job step"] [category=ddl] [jobID=99] [job="ID:99, Type:create table, State:queueing, SchemaState:none, SchemaID:1, TableID:98, RowCount:0, ArgLen:0, start time: 2026-07-13 10:33:26.035 +0800 CST, Err:<nil>, ErrCount:0, SnapshotVersion:0, Version: v2"]
[2026/07/13 10:33:26.036 +08:00] [WARN] [global_controller.go:819] ["[resource group controller] resource group name does not exist"] [name=default]
[2026/07/13 10:33:26.036 +08:00] [WARN] [global_controller.go:819] ["[resource group controller] resource group name does not exist"] [name=default]
[2026/07/13 10:33:26.036 +08:00] [WARN] [global_controller.go:819] ["[resource group controller] resource group name does not exist"] [name=default]
[2026/07/13 10:33:26.037 +08:00] [INFO] [loader.go:216] ["diff load InfoSchema success"] [mode=auto] [isV2=true] [currVer=48] [neededVer=49] [gotVer=49] ["elapsed time"=73µs] [phyTblIDs="[98]"] [actionTypes="[3]"] [diffTypes="[\"create table\"]"]
[2026/07/13 10:33:26.037 +08:00] [INFO] [syncer.go:258] ["session manager is nil"]
[2026/07/13 10:33:26.037 +08:00] [INFO] [syncer.go:281] ["mdl gets lock, update self version to owner"] [jobID=99] [version=49]
[2026/07/13 10:33:26.039 +08:00] [INFO] [schema_version.go:397] ["wait schema version synced success"] [category=ddl] [ver=49] [checkAssumedSvr=false] ["take time"=2.24525ms] [job="ID:99, Type:create table, State:done, SchemaState:public, SchemaID:1, TableID:98, RowCount:0, ArgLen:1, start time: 2026-07-13 10:33:26.035 +0800 CST, Err:<nil>, ErrCount:0, SnapshotVersion:0, Version: v2"] [summary="server count: 1"]
[2026/07/13 10:33:26.039 +08:00] [WARN] [global_controller.go:819] ["[resource group controller] resource group name does not exist"] [name=default]
[2026/07/13 10:33:26.039 +08:00] [WARN] [global_controller.go:819] ["[resource group controller] resource group name does not exist"] [name=default]
[2026/07/13 10:33:26.039 +08:00] [WARN] [global_controller.go:819] ["[resource group controller] resource group name does not exist"] [name=default]
[2026/07/13 10:33:26.039 +08:00] [WARN] [global_controller.go:819] ["[resource group controller] resource group name does not exist"] [name=default]
[2026/07/13 10:33:26.039 +08:00] [WARN] [global_controller.go:819] ["[resource group controller] resource group name does not exist"] [name=default]
[2026/07/13 10:33:26.039 +08:00] [INFO] [job_worker.go:447] ["finish DDL job"] [category=ddl] [jobID=99] [job="ID:99, Type:create table, State:synced, SchemaState:public, SchemaID:1, TableID:98, RowCount:0, ArgLen:0, start time: 2026-07-13 10:33:26.035 +0800 CST, Err:<nil>, ErrCount:0, SnapshotVersion:0, Version: v2"]
[2026/07/13 10:33:26.039 +08:00] [WARN] [global_controller.go:819] ["[resource group controller] resource group name does not exist"] [name=default]
[2026/07/13 10:33:26.040 +08:00] [WARN] [global_controller.go:819] ["[resource group controller] resource group name does not exist"] [name=default]
[2026/07/13 10:33:26.040 +08:00] [WARN] [global_controller.go:819] ["[resource group controller] resource group name does not exist"] [name=default]
[2026/07/13 10:33:26.040 +08:00] [INFO] [executor.go:7380] ["DDL job is finished"] [category=ddl] [jobID=99]
[2026/07/13 10:33:26.040 +08:00] [INFO] [session.go:5104] ["CRUCIAL OPERATION"] [conn=0] [schemaVersion=49] [cur_db=mysql] [sql="CREATE TABLE IF NOT EXISTS mysql.tidb_pitr_id_map (\n\t\trestore_id BIGINT NOT NULL DEFAULT 0,\n\t\trestored_ts BIGINT NOT NULL,\n\t\tupstream_cluster_id BIGINT NOT NULL,\n\t\tsegment_id BIGINT NOT NULL,\n\t\tid_map BLOB(524288) NOT NULL,\n\t\tupdate_time TIMESTAMP DEFAULT CURRENT_TIMESTAMP,\n\t\tPRIMARY KEY (restore_id, restored_ts, upstream_cluster_id, segment_id));"] [user=]
[2026/07/13 10:33:26.040 +08:00] [WARN] [global_controller.go:819] ["[resource group controller] resource group name does not exist"] [name=default]
[2026/07/13 10:33:26.040 +08:00] [INFO] [executor.go:7545] ["system variable tidb_scatter_region not found, use default value"] [category=ddl]
[2026/07/13 10:33:26.040 +08:00] [WARN] [global_controller.go:819] ["[resource group controller] resource group name does not exist"] [name=default]
[2026/07/13 10:33:26.040 +08:00] [WARN] [global_controller.go:819] ["[resource group controller] resource group name does not exist"] [name=default]
[2026/07/13 10:33:26.041 +08:00] [INFO] [job_submitter.go:118] ["add DDL jobs"] [category=ddl] ["batch count"=1] [jobs="ID:101, Type:create table, State:queueing, SchemaState:none, SchemaID:1, TableID:100, RowCount:0, ArgLen:1, start time: 2026-07-13 10:33:26.04 +0800 CST, Err:<nil>, ErrCount:0, SnapshotVersion:0, Version: v2; "] [fast_create=true]
[2026/07/13 10:33:26.041 +08:00] [INFO] [executor.go:7260] ["DDL job submitted"] [category=ddl] [job="ID:101, Type:create table, State:queueing, SchemaState:none, SchemaID:1, TableID:100, RowCount:0, ArgLen:1, start time: 2026-07-13 10:33:26.04 +0800 CST, Err:<nil>, ErrCount:0, SnapshotVersion:0, Version: v2"] [query="CREATE TABLE IF NOT EXISTS mysql.tidb_restore_registry (\n\t\tid BIGINT UNSIGNED NOT NULL AUTO_INCREMENT PRIMARY KEY,\n\t\tfilter_strings TEXT NOT NULL,\n\t\tfilter_hash VARCHAR(64) NOT NULL,\n\t\tstart_ts BIGINT UNSIGNED NOT NULL,\n\t\trestored_ts BIGINT UNSIGNED NOT NULL,\n\t\tupstream_cluster_id BIGINT UNSIGNED,\n\t\twith_sys_table BOOLEAN NOT NULL DEFAULT TRUE,\n\t\tstatus VARCHAR(20) NOT NULL DEFAULT 'running',\n\t\tcmd TEXT,\n\t\ttask_start_time TIMESTAMP(6) DEFAULT CURRENT_TIMESTAMP(6),\n\t\tlast_heartbeat_time TIMESTAMP(6) DEFAULT CURRENT_TIMESTAMP(6),\n\t\tUNIQUE KEY unique_registration_params (\n\t\t\tfilter_hash,\n\t\t\tstart_ts,\n\t\t\trestored_ts,\n\t\t\tupstream_cluster_id,\n\t\t\twith_sys_table,\n\t\t\tcmd(256)\n\t\t)\n\t) AUTO_INCREMENT = 1;"]
[2026/07/13 10:33:26.041 +08:00] [WARN] [global_controller.go:819] ["[resource group controller] resource group name does not exist"] [name=default]
[2026/07/13 10:33:26.041 +08:00] [WARN] [global_controller.go:819] ["[resource group controller] resource group name does not exist"] [name=default]
[2026/07/13 10:33:26.041 +08:00] [INFO] [job_worker.go:854] ["run one job step"] [category=ddl] [jobID=101] [job="ID:101, Type:create table, State:queueing, SchemaState:none, SchemaID:1, TableID:100, RowCount:0, ArgLen:0, start time: 2026-07-13 10:33:26.04 +0800 CST, Err:<nil>, ErrCount:0, SnapshotVersion:0, Version: v2"]
[2026/07/13 10:33:26.041 +08:00] [WARN] [global_controller.go:819] ["[resource group controller] resource group name does not exist"] [name=default]
[2026/07/13 10:33:26.041 +08:00] [WARN] [global_controller.go:819] ["[resource group controller] resource group name does not exist"] [name=default]
[2026/07/13 10:33:26.041 +08:00] [WARN] [global_controller.go:819] ["[resource group controller] resource group name does not exist"] [name=default]
[2026/07/13 10:33:26.042 +08:00] [INFO] [loader.go:216] ["diff load InfoSchema success"] [mode=auto] [isV2=true] [currVer=49] [neededVer=50] [gotVer=50] ["elapsed time"=112.416µs] [phyTblIDs="[100]"] [actionTypes="[3]"] [diffTypes="[\"create table\"]"]
[2026/07/13 10:33:26.042 +08:00] [INFO] [syncer.go:258] ["session manager is nil"]
[2026/07/13 10:33:26.042 +08:00] [INFO] [syncer.go:281] ["mdl gets lock, update self version to owner"] [jobID=101] [version=50]
[2026/07/13 10:33:26.044 +08:00] [INFO] [schema_version.go:397] ["wait schema version synced success"] [category=ddl] [ver=50] [checkAssumedSvr=false] ["take time"=2.180125ms] [job="ID:101, Type:create table, State:done, SchemaState:public, SchemaID:1, TableID:100, RowCount:0, ArgLen:1, start time: 2026-07-13 10:33:26.04 +0800 CST, Err:<nil>, ErrCount:0, SnapshotVersion:0, Version: v2"] [summary="server count: 1"]
[2026/07/13 10:33:26.044 +08:00] [WARN] [global_controller.go:819] ["[resource group controller] resource group name does not exist"] [name=default]
[2026/07/13 10:33:26.044 +08:00] [WARN] [global_controller.go:819] ["[resource group controller] resource group name does not exist"] [name=default]
[2026/07/13 10:33:26.044 +08:00] [WARN] [global_controller.go:819] ["[resource group controller] resource group name does not exist"] [name=default]
[2026/07/13 10:33:26.044 +08:00] [WARN] [global_controller.go:819] ["[resource group controller] resource group name does not exist"] [name=default]
[2026/07/13 10:33:26.044 +08:00] [WARN] [global_controller.go:819] ["[resource group controller] resource group name does not exist"] [name=default]
[2026/07/13 10:33:26.044 +08:00] [INFO] [job_worker.go:447] ["finish DDL job"] [category=ddl] [jobID=101] [job="ID:101, Type:create table, State:synced, SchemaState:public, SchemaID:1, TableID:100, RowCount:0, ArgLen:0, start time: 2026-07-13 10:33:26.04 +0800 CST, Err:<nil>, ErrCount:0, SnapshotVersion:0, Version: v2"]
[2026/07/13 10:33:26.044 +08:00] [WARN] [global_controller.go:819] ["[resource group controller] resource group name does not exist"] [name=default]
[2026/07/13 10:33:26.045 +08:00] [WARN] [global_controller.go:819] ["[resource group controller] resource group name does not exist"] [name=default]
[2026/07/13 10:33:26.045 +08:00] [WARN] [global_controller.go:819] ["[resource group controller] resource group name does not exist"] [name=default]
[2026/07/13 10:33:26.045 +08:00] [INFO] [executor.go:7380] ["DDL job is finished"] [category=ddl] [jobID=101]
[2026/07/13 10:33:26.045 +08:00] [INFO] [session.go:5104] ["CRUCIAL OPERATION"] [conn=0] [schemaVersion=50] [cur_db=mysql] [sql="CREATE TABLE IF NOT EXISTS mysql.tidb_restore_registry (\n\t\tid BIGINT UNSIGNED NOT NULL AUTO_INCREMENT PRIMARY KEY,\n\t\tfilter_strings TEXT NOT NULL,\n\t\tfilter_hash VARCHAR(64) NOT NULL,\n\t\tstart_ts BIGINT UNSIGNED NOT NULL,\n\t\trestored_ts BIGINT UNSIGNED NOT NULL,\n\t\tupstream_cluster_id BIGINT UNSIGNED,\n\t\twith_sys_table BOOLEAN NOT NULL DEFAULT TRUE,\n\t\tstatus VARCHAR(20) NOT NULL DEFAULT 'running',\n\t\tcmd TEXT,\n\t\ttask_start_time TIMESTAMP(6) DEFAULT CURRENT_TIMESTAMP(6),\n\t\tlast_heartbeat_time TIMESTAMP(6) DEFAULT CURRENT_TIMESTAMP(6),\n\t\tUNIQUE KEY unique_registration_params (\n\t\t\tfilter_hash,\n\t\t\tstart_ts,\n\t\t\trestored_ts,\n\t\t\tupstream_cluster_id,\n\t\t\twith_sys_table,\n\t\t\tcmd(256)\n\t\t)\n\t) AUTO_INCREMENT = 1;"] [user=]
[2026/07/13 10:33:26.045 +08:00] [WARN] [global_controller.go:819] ["[resource group controller] resource group name does not exist"] [name=default]
[2026/07/13 10:33:26.045 +08:00] [INFO] [executor.go:7545] ["system variable tidb_scatter_region not found, use default value"] [category=ddl]
[2026/07/13 10:33:26.045 +08:00] [WARN] [global_controller.go:819] ["[resource group controller] resource group name does not exist"] [name=default]
[2026/07/13 10:33:26.045 +08:00] [WARN] [global_controller.go:819] ["[resource group controller] resource group name does not exist"] [name=default]
[2026/07/13 10:33:26.046 +08:00] [INFO] [job_submitter.go:118] ["add DDL jobs"] [category=ddl] ["batch count"=1] [jobs="ID:103, Type:create table, State:queueing, SchemaState:none, SchemaID:1, TableID:102, RowCount:0, ArgLen:1, start time: 2026-07-13 10:33:26.045 +0800 CST, Err:<nil>, ErrCount:0, SnapshotVersion:0, Version: v2; "] [fast_create=true]
[2026/07/13 10:33:26.046 +08:00] [INFO] [executor.go:7260] ["DDL job submitted"] [category=ddl] [job="ID:103, Type:create table, State:queueing, SchemaState:none, SchemaID:1, TableID:102, RowCount:0, ArgLen:1, start time: 2026-07-13 10:33:26.045 +0800 CST, Err:<nil>, ErrCount:0, SnapshotVersion:0, Version: v2"] [query="CREATE TABLE IF NOT EXISTS mysql.index_advisor_results (\n       id bigint primary key not null auto_increment,\n       created_at datetime not null,\n       updated_at datetime not null,\n\n       schema_name varchar(64) not null,\n       table_name varchar(64) not null,\n       index_name varchar(127) not null,\n       index_columns varchar(500) not null COMMENT 'split by \",\", e.g. \"c1\", \"c1,c2\", \"c1,c2,c3,c4,c5\"',\n\n       index_details json,        -- est_index_size, reason, DDL to create this index, ...\n       top_impacted_queries json, -- improvement, plan before and after this index, ...\n       workload_impact json,      -- improvement and more details, ...\n       extra json,                -- for the cloud env to save more info like RU, cost_saving, ...\n       index idx_create(created_at),\n       index idx_update(updated_at),\n       unique index idx(schema_name, table_name, index_columns));"]
[2026/07/13 10:33:26.046 +08:00] [WARN] [global_controller.go:819] ["[resource group controller] resource group name does not exist"] [name=default]
[2026/07/13 10:33:26.046 +08:00] [WARN] [global_controller.go:819] ["[resource group controller] resource group name does not exist"] [name=default]
[2026/07/13 10:33:26.046 +08:00] [INFO] [job_worker.go:854] ["run one job step"] [category=ddl] [jobID=103] [job="ID:103, Type:create table, State:queueing, SchemaState:none, SchemaID:1, TableID:102, RowCount:0, ArgLen:0, start time: 2026-07-13 10:33:26.045 +0800 CST, Err:<nil>, ErrCount:0, SnapshotVersion:0, Version: v2"]
[2026/07/13 10:33:26.046 +08:00] [WARN] [global_controller.go:819] ["[resource group controller] resource group name does not exist"] [name=default]
[2026/07/13 10:33:26.046 +08:00] [WARN] [global_controller.go:819] ["[resource group controller] resource group name does not exist"] [name=default]
[2026/07/13 10:33:26.046 +08:00] [WARN] [global_controller.go:819] ["[resource group controller] resource group name does not exist"] [name=default]
[2026/07/13 10:33:26.047 +08:00] [INFO] [loader.go:216] ["diff load InfoSchema success"] [mode=auto] [isV2=true] [currVer=50] [neededVer=51] [gotVer=51] ["elapsed time"=101.25µs] [phyTblIDs="[102]"] [actionTypes="[3]"] [diffTypes="[\"create table\"]"]
[2026/07/13 10:33:26.047 +08:00] [INFO] [syncer.go:258] ["session manager is nil"]
[2026/07/13 10:33:26.047 +08:00] [INFO] [syncer.go:281] ["mdl gets lock, update self version to owner"] [jobID=103] [version=51]
[2026/07/13 10:33:26.049 +08:00] [INFO] [schema_version.go:397] ["wait schema version synced success"] [category=ddl] [ver=51] [checkAssumedSvr=false] ["take time"=2.25225ms] [job="ID:103, Type:create table, State:done, SchemaState:public, SchemaID:1, TableID:102, RowCount:0, ArgLen:1, start time: 2026-07-13 10:33:26.045 +0800 CST, Err:<nil>, ErrCount:0, SnapshotVersion:0, Version: v2"] [summary="server count: 1"]
[2026/07/13 10:33:26.049 +08:00] [WARN] [global_controller.go:819] ["[resource group controller] resource group name does not exist"] [name=default]
[2026/07/13 10:33:26.049 +08:00] [WARN] [global_controller.go:819] ["[resource group controller] resource group name does not exist"] [name=default]
[2026/07/13 10:33:26.049 +08:00] [WARN] [global_controller.go:819] ["[resource group controller] resource group name does not exist"] [name=default]
[2026/07/13 10:33:26.049 +08:00] [WARN] [global_controller.go:819] ["[resource group controller] resource group name does not exist"] [name=default]
[2026/07/13 10:33:26.049 +08:00] [WARN] [global_controller.go:819] ["[resource group controller] resource group name does not exist"] [name=default]
[2026/07/13 10:33:26.049 +08:00] [INFO] [job_worker.go:447] ["finish DDL job"] [category=ddl] [jobID=103] [job="ID:103, Type:create table, State:synced, SchemaState:public, SchemaID:1, TableID:102, RowCount:0, ArgLen:0, start time: 2026-07-13 10:33:26.045 +0800 CST, Err:<nil>, ErrCount:0, SnapshotVersion:0, Version: v2"]
[2026/07/13 10:33:26.050 +08:00] [WARN] [global_controller.go:819] ["[resource group controller] resource group name does not exist"] [name=default]
[2026/07/13 10:33:26.050 +08:00] [WARN] [global_controller.go:819] ["[resource group controller] resource group name does not exist"] [name=default]
[2026/07/13 10:33:26.050 +08:00] [WARN] [global_controller.go:819] ["[resource group controller] resource group name does not exist"] [name=default]
[2026/07/13 10:33:26.050 +08:00] [INFO] [executor.go:7380] ["DDL job is finished"] [category=ddl] [jobID=103]
[2026/07/13 10:33:26.050 +08:00] [WARN] [global_controller.go:819] ["[resource group controller] resource group name does not exist"] [name=default]
[2026/07/13 10:33:26.050 +08:00] [INFO] [session.go:5104] ["CRUCIAL OPERATION"] [conn=0] [schemaVersion=51] [cur_db=mysql] [sql="CREATE TABLE IF NOT EXISTS mysql.index_advisor_results (\n       id bigint primary key not null auto_increment,\n       created_at datetime not null,\n       updated_at datetime not null,\n\n       schema_name varchar(64) not null,\n       table_name varchar(64) not null,\n       index_name varchar(127) not null,\n       index_columns varchar(500) not null COMMENT 'split by \",\", e.g. \"c1\", \"c1,c2\", \"c1,c2,c3,c4,c5\"',\n\n       index_details json,        -- est_index_size, reason, DDL to create this index, ...\n       top_impacted_queries json, -- improvement, plan before and after this index, ...\n       workload_impact json,      -- improvement and more details, ...\n       extra json,                -- for the cloud env to save more info like RU, cost_saving, ...\n       index idx_create(created_at),\n       index idx_update(updated_at),\n       unique index idx(schema_name, table_name, index_columns));"] [user=]
[2026/07/13 10:33:26.050 +08:00] [INFO] [executor.go:7545] ["system variable tidb_scatter_region not found, use default value"] [category=ddl]
[2026/07/13 10:33:26.050 +08:00] [WARN] [global_controller.go:819] ["[resource group controller] resource group name does not exist"] [name=default]
[2026/07/13 10:33:26.050 +08:00] [WARN] [global_controller.go:819] ["[resource group controller] resource group name does not exist"] [name=default]
[2026/07/13 10:33:26.051 +08:00] [INFO] [job_submitter.go:118] ["add DDL jobs"] [category=ddl] ["batch count"=1] [jobs="ID:105, Type:create table, State:queueing, SchemaState:none, SchemaID:1, TableID:104, RowCount:0, ArgLen:1, start time: 2026-07-13 10:33:26.05 +0800 CST, Err:<nil>, ErrCount:0, SnapshotVersion:0, Version: v2; "] [fast_create=true]
[2026/07/13 10:33:26.051 +08:00] [INFO] [executor.go:7260] ["DDL job submitted"] [category=ddl] [job="ID:105, Type:create table, State:queueing, SchemaState:none, SchemaID:1, TableID:104, RowCount:0, ArgLen:1, start time: 2026-07-13 10:33:26.05 +0800 CST, Err:<nil>, ErrCount:0, SnapshotVersion:0, Version: v2"] [query="CREATE TABLE IF NOT EXISTS mysql.tidb_kernel_options (\n        module varchar(128),\n        name varchar(128),\n        value varchar(128),\n        updated_at datetime,\n        status varchar(128),\n        description text,\n        primary key(module, name));"]
[2026/07/13 10:33:26.051 +08:00] [WARN] [global_controller.go:819] ["[resource group controller] resource group name does not exist"] [name=default]
[2026/07/13 10:33:26.051 +08:00] [WARN] [global_controller.go:819] ["[resource group controller] resource group name does not exist"] [name=default]
[2026/07/13 10:33:26.051 +08:00] [INFO] [job_worker.go:854] ["run one job step"] [category=ddl] [jobID=105] [job="ID:105, Type:create table, State:queueing, SchemaState:none, SchemaID:1, TableID:104, RowCount:0, ArgLen:0, start time: 2026-07-13 10:33:26.05 +0800 CST, Err:<nil>, ErrCount:0, SnapshotVersion:0, Version: v2"]
[2026/07/13 10:33:26.051 +08:00] [WARN] [global_controller.go:819] ["[resource group controller] resource group name does not exist"] [name=default]
[2026/07/13 10:33:26.051 +08:00] [WARN] [global_controller.go:819] ["[resource group controller] resource group name does not exist"] [name=default]
[2026/07/13 10:33:26.051 +08:00] [WARN] [global_controller.go:819] ["[resource group controller] resource group name does not exist"] [name=default]
[2026/07/13 10:33:26.051 +08:00] [INFO] [loader.go:216] ["diff load InfoSchema success"] [mode=auto] [isV2=true] [currVer=51] [neededVer=52] [gotVer=52] ["elapsed time"=80.875µs] [phyTblIDs="[104]"] [actionTypes="[3]"] [diffTypes="[\"create table\"]"]
[2026/07/13 10:33:26.052 +08:00] [INFO] [syncer.go:258] ["session manager is nil"]
[2026/07/13 10:33:26.052 +08:00] [INFO] [syncer.go:281] ["mdl gets lock, update self version to owner"] [jobID=105] [version=52]
[2026/07/13 10:33:26.054 +08:00] [INFO] [schema_version.go:397] ["wait schema version synced success"] [category=ddl] [ver=52] [checkAssumedSvr=false] ["take time"=2.334375ms] [job="ID:105, Type:create table, State:done, SchemaState:public, SchemaID:1, TableID:104, RowCount:0, ArgLen:1, start time: 2026-07-13 10:33:26.05 +0800 CST, Err:<nil>, ErrCount:0, SnapshotVersion:0, Version: v2"] [summary="server count: 1"]
[2026/07/13 10:33:26.054 +08:00] [WARN] [global_controller.go:819] ["[resource group controller] resource group name does not exist"] [name=default]
[2026/07/13 10:33:26.054 +08:00] [WARN] [global_controller.go:819] ["[resource group controller] resource group name does not exist"] [name=default]
[2026/07/13 10:33:26.054 +08:00] [WARN] [global_controller.go:819] ["[resource group controller] resource group name does not exist"] [name=default]
[2026/07/13 10:33:26.054 +08:00] [WARN] [global_controller.go:819] ["[resource group controller] resource group name does not exist"] [name=default]
[2026/07/13 10:33:26.054 +08:00] [WARN] [global_controller.go:819] ["[resource group controller] resource group name does not exist"] [name=default]
[2026/07/13 10:33:26.054 +08:00] [INFO] [job_worker.go:447] ["finish DDL job"] [category=ddl] [jobID=105] [job="ID:105, Type:create table, State:synced, SchemaState:public, SchemaID:1, TableID:104, RowCount:0, ArgLen:0, start time: 2026-07-13 10:33:26.05 +0800 CST, Err:<nil>, ErrCount:0, SnapshotVersion:0, Version: v2"]
[2026/07/13 10:33:26.054 +08:00] [WARN] [global_controller.go:819] ["[resource group controller] resource group name does not exist"] [name=default]
[2026/07/13 10:33:26.055 +08:00] [WARN] [global_controller.go:819] ["[resource group controller] resource group name does not exist"] [name=default]
[2026/07/13 10:33:26.055 +08:00] [WARN] [global_controller.go:819] ["[resource group controller] resource group name does not exist"] [name=default]
[2026/07/13 10:33:26.055 +08:00] [INFO] [executor.go:7380] ["DDL job is finished"] [category=ddl] [jobID=105]
[2026/07/13 10:33:26.055 +08:00] [INFO] [session.go:5104] ["CRUCIAL OPERATION"] [conn=0] [schemaVersion=52] [cur_db=mysql] [sql="CREATE TABLE IF NOT EXISTS mysql.tidb_kernel_options (\n        module varchar(128),\n        name varchar(128),\n        value varchar(128),\n        updated_at datetime,\n        status varchar(128),\n        description text,\n        primary key(module, name));"] [user=]
[2026/07/13 10:33:26.055 +08:00] [INFO] [executor.go:7545] ["system variable tidb_scatter_region not found, use default value"] [category=ddl]
[2026/07/13 10:33:26.055 +08:00] [WARN] [global_controller.go:819] ["[resource group controller] resource group name does not exist"] [name=default]
[2026/07/13 10:33:26.055 +08:00] [WARN] [global_controller.go:819] ["[resource group controller] resource group name does not exist"] [name=default]
[2026/07/13 10:33:26.055 +08:00] [WARN] [global_controller.go:819] ["[resource group controller] resource group name does not exist"] [name=default]
[2026/07/13 10:33:26.055 +08:00] [INFO] [job_submitter.go:118] ["add DDL jobs"] [category=ddl] ["batch count"=1] [jobs="ID:107, Type:create table, State:queueing, SchemaState:none, SchemaID:1, TableID:106, RowCount:0, ArgLen:1, start time: 2026-07-13 10:33:26.055 +0800 CST, Err:<nil>, ErrCount:0, SnapshotVersion:0, Version: v2; "] [fast_create=true]
[2026/07/13 10:33:26.055 +08:00] [INFO] [executor.go:7260] ["DDL job submitted"] [category=ddl] [job="ID:107, Type:create table, State:queueing, SchemaState:none, SchemaID:1, TableID:106, RowCount:0, ArgLen:1, start time: 2026-07-13 10:33:26.055 +0800 CST, Err:<nil>, ErrCount:0, SnapshotVersion:0, Version: v2"] [query="CREATE TABLE IF NOT EXISTS mysql.tidb_workload_values (\n\t\tid bigint(20) NOT NULL AUTO_INCREMENT PRIMARY KEY,\n\t\tversion bigint(20) NOT NULL,\n\t\tcategory varchar(64) NOT NULL,\n\t\ttype varchar(64) NOT NULL,\n\t\ttable_id bigint(20) NOT NULL,\n\t\tvalue json NOT NULL,\n\t\tindex idx_version_category_type (version, category, type),\n\t\tindex idx_table_id (table_id));"]
[2026/07/13 10:33:26.056 +08:00] [WARN] [global_controller.go:819] ["[resource group controller] resource group name does not exist"] [name=default]
[2026/07/13 10:33:26.056 +08:00] [WARN] [global_controller.go:819] ["[resource group controller] resource group name does not exist"] [name=default]
[2026/07/13 10:33:26.056 +08:00] [INFO] [job_worker.go:854] ["run one job step"] [category=ddl] [jobID=107] [job="ID:107, Type:create table, State:queueing, SchemaState:none, SchemaID:1, TableID:106, RowCount:0, ArgLen:0, start time: 2026-07-13 10:33:26.055 +0800 CST, Err:<nil>, ErrCount:0, SnapshotVersion:0, Version: v2"]
[2026/07/13 10:33:26.056 +08:00] [WARN] [global_controller.go:819] ["[resource group controller] resource group name does not exist"] [name=default]
[2026/07/13 10:33:26.056 +08:00] [WARN] [global_controller.go:819] ["[resource group controller] resource group name does not exist"] [name=default]
[2026/07/13 10:33:26.056 +08:00] [WARN] [global_controller.go:819] ["[resource group controller] resource group name does not exist"] [name=default]
[2026/07/13 10:33:26.056 +08:00] [INFO] [loader.go:216] ["diff load InfoSchema success"] [mode=auto] [isV2=true] [currVer=52] [neededVer=53] [gotVer=53] ["elapsed time"=75.708µs] [phyTblIDs="[106]"] [actionTypes="[3]"] [diffTypes="[\"create table\"]"]
[2026/07/13 10:33:26.056 +08:00] [INFO] [syncer.go:258] ["session manager is nil"]
[2026/07/13 10:33:26.056 +08:00] [INFO] [syncer.go:281] ["mdl gets lock, update self version to owner"] [jobID=107] [version=53]
[2026/07/13 10:33:26.058 +08:00] [INFO] [schema_version.go:397] ["wait schema version synced success"] [category=ddl] [ver=53] [checkAssumedSvr=false] ["take time"=2.141833ms] [job="ID:107, Type:create table, State:done, SchemaState:public, SchemaID:1, TableID:106, RowCount:0, ArgLen:1, start time: 2026-07-13 10:33:26.055 +0800 CST, Err:<nil>, ErrCount:0, SnapshotVersion:0, Version: v2"] [summary="server count: 1"]
[2026/07/13 10:33:26.058 +08:00] [WARN] [global_controller.go:819] ["[resource group controller] resource group name does not exist"] [name=default]
[2026/07/13 10:33:26.058 +08:00] [WARN] [global_controller.go:819] ["[resource group controller] resource group name does not exist"] [name=default]
[2026/07/13 10:33:26.059 +08:00] [WARN] [global_controller.go:819] ["[resource group controller] resource group name does not exist"] [name=default]
[2026/07/13 10:33:26.059 +08:00] [WARN] [global_controller.go:819] ["[resource group controller] resource group name does not exist"] [name=default]
[2026/07/13 10:33:26.059 +08:00] [WARN] [global_controller.go:819] ["[resource group controller] resource group name does not exist"] [name=default]
[2026/07/13 10:33:26.059 +08:00] [INFO] [job_worker.go:447] ["finish DDL job"] [category=ddl] [jobID=107] [job="ID:107, Type:create table, State:synced, SchemaState:public, SchemaID:1, TableID:106, RowCount:0, ArgLen:0, start time: 2026-07-13 10:33:26.055 +0800 CST, Err:<nil>, ErrCount:0, SnapshotVersion:0, Version: v2"]
[2026/07/13 10:33:26.059 +08:00] [WARN] [global_controller.go:819] ["[resource group controller] resource group name does not exist"] [name=default]
[2026/07/13 10:33:26.059 +08:00] [WARN] [global_controller.go:819] ["[resource group controller] resource group name does not exist"] [name=default]
[2026/07/13 10:33:26.059 +08:00] [WARN] [global_controller.go:819] ["[resource group controller] resource group name does not exist"] [name=default]
[2026/07/13 10:33:26.059 +08:00] [INFO] [executor.go:7380] ["DDL job is finished"] [category=ddl] [jobID=107]
[2026/07/13 10:33:26.059 +08:00] [INFO] [session.go:5104] ["CRUCIAL OPERATION"] [conn=0] [schemaVersion=53] [cur_db=mysql] [sql="CREATE TABLE IF NOT EXISTS mysql.tidb_workload_values (\n\t\tid bigint(20) NOT NULL AUTO_INCREMENT PRIMARY KEY,\n\t\tversion bigint(20) NOT NULL,\n\t\tcategory varchar(64) NOT NULL,\n\t\ttype varchar(64) NOT NULL,\n\t\ttable_id bigint(20) NOT NULL,\n\t\tvalue json NOT NULL,\n\t\tindex idx_version_category_type (version, category, type),\n\t\tindex idx_table_id (table_id));"] [user=]
[2026/07/13 10:33:26.059 +08:00] [WARN] [global_controller.go:819] ["[resource group controller] resource group name does not exist"] [name=default]
[2026/07/13 10:33:26.059 +08:00] [INFO] [executor.go:7545] ["system variable tidb_scatter_region not found, use default value"] [category=ddl]
[2026/07/13 10:33:26.060 +08:00] [WARN] [global_controller.go:819] ["[resource group controller] resource group name does not exist"] [name=default]
[2026/07/13 10:33:26.060 +08:00] [WARN] [global_controller.go:819] ["[resource group controller] resource group name does not exist"] [name=default]
[2026/07/13 10:33:26.060 +08:00] [INFO] [job_submitter.go:118] ["add DDL jobs"] [category=ddl] ["batch count"=1] [jobs="ID:109, Type:create table, State:queueing, SchemaState:none, SchemaID:1, TableID:108, RowCount:0, ArgLen:1, start time: 2026-07-13 10:33:26.06 +0800 CST, Err:<nil>, ErrCount:0, SnapshotVersion:0, Version: v2; "] [fast_create=true]
[2026/07/13 10:33:26.060 +08:00] [INFO] [executor.go:7260] ["DDL job submitted"] [category=ddl] [job="ID:109, Type:create table, State:queueing, SchemaState:none, SchemaID:1, TableID:108, RowCount:0, ArgLen:1, start time: 2026-07-13 10:33:26.06 +0800 CST, Err:<nil>, ErrCount:0, SnapshotVersion:0, Version: v2"] [query="CREATE TABLE IF NOT EXISTS mysql.tidb_masking_policy (\n\t\tpolicy_id BIGINT(64) NOT NULL AUTO_INCREMENT,\n\t\tpolicy_name VARCHAR(64) NOT NULL,\n\t\tdb_name VARCHAR(64) NOT NULL,\n\t\ttable_name VARCHAR(64) NOT NULL,\n\t\ttable_id BIGINT(64) NOT NULL,\n\t\tcolumn_name VARCHAR(64) NOT NULL,\n\t\tcolumn_id BIGINT(64) NOT NULL,\n\t\texpression TEXT NOT NULL,\n\t\tstatus VARCHAR(16) NOT NULL,\n\t\tmasking_type VARCHAR(32) NOT NULL,\n\t\trestrict_on VARCHAR(256) NOT NULL DEFAULT 'NONE',\n\t\tcreated_at DATETIME(6) NOT NULL,\n\t\tupdated_at DATETIME(6) NOT NULL,\n\t\tcreated_by VARCHAR(288) NOT NULL DEFAULT '',\n\t\tPRIMARY KEY(policy_id),\n\t\tUNIQUE KEY uk_table_policy(table_id, policy_name),\n\t\tUNIQUE KEY uk_table_column(table_id, column_id)\n\t\t);"]
[2026/07/13 10:33:26.060 +08:00] [WARN] [global_controller.go:819] ["[resource group controller] resource group name does not exist"] [name=default]
[2026/07/13 10:33:26.060 +08:00] [WARN] [global_controller.go:819] ["[resource group controller] resource group name does not exist"] [name=default]
[2026/07/13 10:33:26.060 +08:00] [INFO] [job_worker.go:854] ["run one job step"] [category=ddl] [jobID=109] [job="ID:109, Type:create table, State:queueing, SchemaState:none, SchemaID:1, TableID:108, RowCount:0, ArgLen:0, start time: 2026-07-13 10:33:26.06 +0800 CST, Err:<nil>, ErrCount:0, SnapshotVersion:0, Version: v2"]
[2026/07/13 10:33:26.061 +08:00] [WARN] [global_controller.go:819] ["[resource group controller] resource group name does not exist"] [name=default]
[2026/07/13 10:33:26.061 +08:00] [WARN] [global_controller.go:819] ["[resource group controller] resource group name does not exist"] [name=default]
[2026/07/13 10:33:26.061 +08:00] [WARN] [global_controller.go:819] ["[resource group controller] resource group name does not exist"] [name=default]
[2026/07/13 10:33:26.061 +08:00] [INFO] [loader.go:216] ["diff load InfoSchema success"] [mode=auto] [isV2=true] [currVer=53] [neededVer=54] [gotVer=54] ["elapsed time"=117.916µs] [phyTblIDs="[108]"] [actionTypes="[3]"] [diffTypes="[\"create table\"]"]
[2026/07/13 10:33:26.061 +08:00] [INFO] [syncer.go:258] ["session manager is nil"]
[2026/07/13 10:33:26.061 +08:00] [INFO] [syncer.go:281] ["mdl gets lock, update self version to owner"] [jobID=109] [version=54]
[2026/07/13 10:33:26.063 +08:00] [INFO] [schema_version.go:397] ["wait schema version synced success"] [category=ddl] [ver=54] [checkAssumedSvr=false] ["take time"=2.369334ms] [job="ID:109, Type:create table, State:done, SchemaState:public, SchemaID:1, TableID:108, RowCount:0, ArgLen:1, start time: 2026-07-13 10:33:26.06 +0800 CST, Err:<nil>, ErrCount:0, SnapshotVersion:0, Version: v2"] [summary="server count: 1"]
[2026/07/13 10:33:26.064 +08:00] [WARN] [global_controller.go:819] ["[resource group controller] resource group name does not exist"] [name=default]
[2026/07/13 10:33:26.064 +08:00] [WARN] [global_controller.go:819] ["[resource group controller] resource group name does not exist"] [name=default]
[2026/07/13 10:33:26.064 +08:00] [WARN] [global_controller.go:819] ["[resource group controller] resource group name does not exist"] [name=default]
[2026/07/13 10:33:26.064 +08:00] [WARN] [global_controller.go:819] ["[resource group controller] resource group name does not exist"] [name=default]
[2026/07/13 10:33:26.064 +08:00] [WARN] [global_controller.go:819] ["[resource group controller] resource group name does not exist"] [name=default]
[2026/07/13 10:33:26.064 +08:00] [INFO] [job_worker.go:447] ["finish DDL job"] [category=ddl] [jobID=109] [job="ID:109, Type:create table, State:synced, SchemaState:public, SchemaID:1, TableID:108, RowCount:0, ArgLen:0, start time: 2026-07-13 10:33:26.06 +0800 CST, Err:<nil>, ErrCount:0, SnapshotVersion:0, Version: v2"]
[2026/07/13 10:33:26.064 +08:00] [WARN] [global_controller.go:819] ["[resource group controller] resource group name does not exist"] [name=default]
[2026/07/13 10:33:26.064 +08:00] [WARN] [global_controller.go:819] ["[resource group controller] resource group name does not exist"] [name=default]
[2026/07/13 10:33:26.065 +08:00] [WARN] [global_controller.go:819] ["[resource group controller] resource group name does not exist"] [name=default]
[2026/07/13 10:33:26.065 +08:00] [WARN] [global_controller.go:819] ["[resource group controller] resource group name does not exist"] [name=default]
[2026/07/13 10:33:26.065 +08:00] [INFO] [executor.go:7380] ["DDL job is finished"] [category=ddl] [jobID=109]
[2026/07/13 10:33:26.065 +08:00] [INFO] [session.go:5104] ["CRUCIAL OPERATION"] [conn=0] [schemaVersion=54] [cur_db=mysql] [sql="CREATE TABLE IF NOT EXISTS mysql.tidb_masking_policy (\n\t\tpolicy_id BIGINT(64) NOT NULL AUTO_INCREMENT,\n\t\tpolicy_name VARCHAR(64) NOT NULL,\n\t\tdb_name VARCHAR(64) NOT NULL,\n\t\ttable_name VARCHAR(64) NOT NULL,\n\t\ttable_id BIGINT(64) NOT NULL,\n\t\tcolumn_name VARCHAR(64) NOT NULL,\n\t\tcolumn_id BIGINT(64) NOT NULL,\n\t\texpression TEXT NOT NULL,\n\t\tstatus VARCHAR(16) NOT NULL,\n\t\tmasking_type VARCHAR(32) NOT NULL,\n\t\trestrict_on VARCHAR(256) NOT NULL DEFAULT 'NONE',\n\t\tcreated_at DATETIME(6) NOT NULL,\n\t\tupdated_at DATETIME(6) NOT NULL,\n\t\tcreated_by VARCHAR(288) NOT NULL DEFAULT '',\n\t\tPRIMARY KEY(policy_id),\n\t\tUNIQUE KEY uk_table_policy(table_id, policy_name),\n\t\tUNIQUE KEY uk_table_column(table_id, column_id)\n\t\t);"] [user=]
[2026/07/13 10:33:26.066 +08:00] [INFO] [executor.go:7545] ["system variable tidb_scatter_region not found, use default value"] [category=ddl]
[2026/07/13 10:33:26.066 +08:00] [WARN] [global_controller.go:819] ["[resource group controller] resource group name does not exist"] [name=default]
[2026/07/13 10:33:26.066 +08:00] [WARN] [global_controller.go:819] ["[resource group controller] resource group name does not exist"] [name=default]
[2026/07/13 10:33:26.066 +08:00] [INFO] [job_submitter.go:118] ["add DDL jobs"] [category=ddl] ["batch count"=1] [jobs="ID:111, Type:create view, State:queueing, SchemaState:none, SchemaID:1, TableID:110, RowCount:0, ArgLen:1, start time: 2026-07-13 10:33:26.066 +0800 CST, Err:<nil>, ErrCount:0, SnapshotVersion:0, Version: v2; "] [fast_create=true]
[2026/07/13 10:33:26.066 +08:00] [INFO] [executor.go:7260] ["DDL job submitted"] [category=ddl] [job="ID:111, Type:create view, State:queueing, SchemaState:none, SchemaID:1, TableID:110, RowCount:0, ArgLen:1, start time: 2026-07-13 10:33:26.066 +0800 CST, Err:<nil>, ErrCount:0, SnapshotVersion:0, Version: v2"] [query="CREATE OR REPLACE SQL SECURITY INVOKER VIEW mysql.tidb_mdl_view as (\n\t\tSELECT tidb_mdl_info.job_id,\n\t\t\tJSON_UNQUOTE(JSON_EXTRACT(cast(cast(job_meta as char) as json), \"$.schema_name\")) as db_name,\n\t\t\tJSON_UNQUOTE(JSON_EXTRACT(cast(cast(job_meta as char) as json), \"$.table_name\")) as table_name,\n\t\t\tJSON_UNQUOTE(JSON_EXTRACT(cast(cast(job_meta as char) as json), \"$.query\")) as query,\n\t\t\tsession_id,\n\t\t\tcluster_tidb_trx.start_time,\n\t\t\ttidb_decode_sql_digests(all_sql_digests, 4096) AS SQL_DIGESTS\n\t\tFROM mysql.tidb_ddl_job,\n\t\t\tmysql.tidb_mdl_info,\n\t\t\tinformation_schema.cluster_tidb_trx\n\t\tWHERE tidb_ddl_job.job_id=tidb_mdl_info.job_id\n\t\t\tAND CONCAT(',', tidb_mdl_info.table_ids, ',') REGEXP CONCAT(',(', REPLACE(cluster_tidb_trx.related_table_ids, ',', '|'), '),') != 0\n\t);"]
[2026/07/13 10:33:26.067 +08:00] [WARN] [global_controller.go:819] ["[resource group controller] resource group name does not exist"] [name=default]
[2026/07/13 10:33:26.067 +08:00] [WARN] [global_controller.go:819] ["[resource group controller] resource group name does not exist"] [name=default]
[2026/07/13 10:33:26.067 +08:00] [INFO] [job_worker.go:854] ["run one job step"] [category=ddl] [jobID=111] [job="ID:111, Type:create view, State:queueing, SchemaState:none, SchemaID:1, TableID:110, RowCount:0, ArgLen:0, start time: 2026-07-13 10:33:26.066 +0800 CST, Err:<nil>, ErrCount:0, SnapshotVersion:0, Version: v2"]
[2026/07/13 10:33:26.067 +08:00] [WARN] [global_controller.go:819] ["[resource group controller] resource group name does not exist"] [name=default]
[2026/07/13 10:33:26.067 +08:00] [WARN] [global_controller.go:819] ["[resource group controller] resource group name does not exist"] [name=default]
[2026/07/13 10:33:26.067 +08:00] [WARN] [global_controller.go:819] ["[resource group controller] resource group name does not exist"] [name=default]
[2026/07/13 10:33:26.067 +08:00] [INFO] [loader.go:216] ["diff load InfoSchema success"] [mode=auto] [isV2=true] [currVer=54] [neededVer=55] [gotVer=55] ["elapsed time"=67µs] [phyTblIDs="[110]"] [actionTypes="[21]"] [diffTypes="[\"create view\"]"]
[2026/07/13 10:33:26.067 +08:00] [INFO] [syncer.go:258] ["session manager is nil"]
[2026/07/13 10:33:26.067 +08:00] [INFO] [syncer.go:281] ["mdl gets lock, update self version to owner"] [jobID=111] [version=55]
[2026/07/13 10:33:26.070 +08:00] [INFO] [schema_version.go:397] ["wait schema version synced success"] [category=ddl] [ver=55] [checkAssumedSvr=false] ["take time"=2.414584ms] [job="ID:111, Type:create view, State:done, SchemaState:public, SchemaID:1, TableID:110, RowCount:0, ArgLen:1, start time: 2026-07-13 10:33:26.066 +0800 CST, Err:<nil>, ErrCount:0, SnapshotVersion:0, Version: v2"] [summary="server count: 1"]
[2026/07/13 10:33:26.070 +08:00] [WARN] [global_controller.go:819] ["[resource group controller] resource group name does not exist"] [name=default]
[2026/07/13 10:33:26.070 +08:00] [WARN] [global_controller.go:819] ["[resource group controller] resource group name does not exist"] [name=default]
[2026/07/13 10:33:26.070 +08:00] [WARN] [global_controller.go:819] ["[resource group controller] resource group name does not exist"] [name=default]
[2026/07/13 10:33:26.070 +08:00] [WARN] [global_controller.go:819] ["[resource group controller] resource group name does not exist"] [name=default]
[2026/07/13 10:33:26.070 +08:00] [WARN] [global_controller.go:819] ["[resource group controller] resource group name does not exist"] [name=default]
[2026/07/13 10:33:26.070 +08:00] [INFO] [job_worker.go:447] ["finish DDL job"] [category=ddl] [jobID=111] [job="ID:111, Type:create view, State:synced, SchemaState:public, SchemaID:1, TableID:110, RowCount:0, ArgLen:0, start time: 2026-07-13 10:33:26.066 +0800 CST, Err:<nil>, ErrCount:0, SnapshotVersion:0, Version: v2"]
[2026/07/13 10:33:26.070 +08:00] [WARN] [global_controller.go:819] ["[resource group controller] resource group name does not exist"] [name=default]
[2026/07/13 10:33:26.071 +08:00] [WARN] [global_controller.go:819] ["[resource group controller] resource group name does not exist"] [name=default]
[2026/07/13 10:33:26.071 +08:00] [WARN] [global_controller.go:819] ["[resource group controller] resource group name does not exist"] [name=default]
[2026/07/13 10:33:26.071 +08:00] [INFO] [executor.go:7380] ["DDL job is finished"] [category=ddl] [jobID=111]
[2026/07/13 10:33:26.071 +08:00] [WARN] [global_controller.go:819] ["[resource group controller] resource group name does not exist"] [name=default]
[2026/07/13 10:33:26.071 +08:00] [INFO] [executor.go:7545] ["system variable tidb_scatter_region not found, use default value"] [category=ddl]
[2026/07/13 10:33:26.071 +08:00] [WARN] [global_controller.go:819] ["[resource group controller] resource group name does not exist"] [name=default]
[2026/07/13 10:33:26.071 +08:00] [WARN] [global_controller.go:819] ["[resource group controller] resource group name does not exist"] [name=default]
[2026/07/13 10:33:26.071 +08:00] [INFO] [job_submitter.go:118] ["add DDL jobs"] [category=ddl] ["batch count"=1] [jobs="ID:113, Type:create view, State:queueing, SchemaState:none, SchemaID:2, TableID:112, RowCount:0, ArgLen:1, start time: 2026-07-13 10:33:26.071 +0800 CST, Err:<nil>, ErrCount:0, SnapshotVersion:0, Version: v2; "] [fast_create=true]
[2026/07/13 10:33:26.071 +08:00] [INFO] [executor.go:7260] ["DDL job submitted"] [category=ddl] [job="ID:113, Type:create view, State:queueing, SchemaState:none, SchemaID:2, TableID:112, RowCount:0, ArgLen:1, start time: 2026-07-13 10:33:26.071 +0800 CST, Err:<nil>, ErrCount:0, SnapshotVersion:0, Version: v2"] [query="CREATE OR REPLACE VIEW sys.schema_unused_indexes AS\n\t\tSELECT\n\t\t\ttable_schema as object_schema,\n\t\t\ttable_name as object_name,\n\t\t\tindex_name\n\t\tFROM information_schema.cluster_tidb_index_usage\n\t\tWHERE\n\t\t\ttable_schema not in ('sys', 'mysql', 'INFORMATION_SCHEMA', 'PERFORMANCE_SCHEMA') and\n\t\t\tindex_name != 'PRIMARY'\n\t\tGROUP BY table_schema, table_name, index_name\n\t\tHAVING\n\t\t\tsum(last_access_time) is null;"]
[2026/07/13 10:33:26.072 +08:00] [WARN] [global_controller.go:819] ["[resource group controller] resource group name does not exist"] [name=default]
[2026/07/13 10:33:26.072 +08:00] [WARN] [global_controller.go:819] ["[resource group controller] resource group name does not exist"] [name=default]
[2026/07/13 10:33:26.072 +08:00] [INFO] [job_worker.go:854] ["run one job step"] [category=ddl] [jobID=113] [job="ID:113, Type:create view, State:queueing, SchemaState:none, SchemaID:2, TableID:112, RowCount:0, ArgLen:0, start time: 2026-07-13 10:33:26.071 +0800 CST, Err:<nil>, ErrCount:0, SnapshotVersion:0, Version: v2"]
[2026/07/13 10:33:26.072 +08:00] [WARN] [global_controller.go:819] ["[resource group controller] resource group name does not exist"] [name=default]
[2026/07/13 10:33:26.072 +08:00] [WARN] [global_controller.go:819] ["[resource group controller] resource group name does not exist"] [name=default]
[2026/07/13 10:33:26.072 +08:00] [WARN] [global_controller.go:819] ["[resource group controller] resource group name does not exist"] [name=default]
[2026/07/13 10:33:26.072 +08:00] [INFO] [loader.go:216] ["diff load InfoSchema success"] [mode=auto] [isV2=true] [currVer=55] [neededVer=56] [gotVer=56] ["elapsed time"=56.75µs] [phyTblIDs="[112]"] [actionTypes="[21]"] [diffTypes="[\"create view\"]"]
[2026/07/13 10:33:26.072 +08:00] [INFO] [syncer.go:258] ["session manager is nil"]
[2026/07/13 10:33:26.072 +08:00] [INFO] [syncer.go:281] ["mdl gets lock, update self version to owner"] [jobID=113] [version=56]
[2026/07/13 10:33:26.074 +08:00] [INFO] [schema_version.go:397] ["wait schema version synced success"] [category=ddl] [ver=56] [checkAssumedSvr=false] ["take time"=2.157125ms] [job="ID:113, Type:create view, State:done, SchemaState:public, SchemaID:2, TableID:112, RowCount:0, ArgLen:1, start time: 2026-07-13 10:33:26.071 +0800 CST, Err:<nil>, ErrCount:0, SnapshotVersion:0, Version: v2"] [summary="server count: 1"]
[2026/07/13 10:33:26.074 +08:00] [WARN] [global_controller.go:819] ["[resource group controller] resource group name does not exist"] [name=default]
[2026/07/13 10:33:26.075 +08:00] [WARN] [global_controller.go:819] ["[resource group controller] resource group name does not exist"] [name=default]
[2026/07/13 10:33:26.075 +08:00] [WARN] [global_controller.go:819] ["[resource group controller] resource group name does not exist"] [name=default]
[2026/07/13 10:33:26.075 +08:00] [WARN] [global_controller.go:819] ["[resource group controller] resource group name does not exist"] [name=default]
[2026/07/13 10:33:26.075 +08:00] [WARN] [global_controller.go:819] ["[resource group controller] resource group name does not exist"] [name=default]
[2026/07/13 10:33:26.075 +08:00] [INFO] [job_worker.go:447] ["finish DDL job"] [category=ddl] [jobID=113] [job="ID:113, Type:create view, State:synced, SchemaState:public, SchemaID:2, TableID:112, RowCount:0, ArgLen:0, start time: 2026-07-13 10:33:26.071 +0800 CST, Err:<nil>, ErrCount:0, SnapshotVersion:0, Version: v2"]
[2026/07/13 10:33:26.075 +08:00] [WARN] [global_controller.go:819] ["[resource group controller] resource group name does not exist"] [name=default]
[2026/07/13 10:33:26.075 +08:00] [WARN] [global_controller.go:819] ["[resource group controller] resource group name does not exist"] [name=default]
[2026/07/13 10:33:26.075 +08:00] [WARN] [global_controller.go:819] ["[resource group controller] resource group name does not exist"] [name=default]
[2026/07/13 10:33:26.075 +08:00] [INFO] [executor.go:7380] ["DDL job is finished"] [category=ddl] [jobID=113]
[2026/07/13 10:33:26.075 +08:00] [WARN] [global_controller.go:819] ["[resource group controller] resource group name does not exist"] [name=default]
[2026/07/13 10:33:26.075 +08:00] [WARN] [global_controller.go:819] ["[resource group controller] resource group name does not exist"] [name=default]
[2026/07/13 10:33:26.076 +08:00] [WARN] [global_controller.go:819] ["[resource group controller] resource group name does not exist"] [name=default]
[2026/07/13 10:33:26.076 +08:00] [WARN] [global_controller.go:819] ["[resource group controller] resource group name does not exist"] [name=default]
[2026/07/13 10:33:26.076 +08:00] [INFO] [job_submitter.go:118] ["add DDL jobs"] [category=ddl] ["batch count"=1] [jobs="ID:115, Type:create schema, State:queueing, SchemaState:none, SchemaID:114, TableID:0, RowCount:0, ArgLen:1, start time: 2026-07-13 10:33:26.075 +0800 CST, Err:<nil>, ErrCount:0, SnapshotVersion:0, Version: v2; "] [fast_create=true]
[2026/07/13 10:33:26.076 +08:00] [INFO] [executor.go:7260] ["DDL job submitted"] [category=ddl] [job="ID:115, Type:create schema, State:queueing, SchemaState:none, SchemaID:114, TableID:0, RowCount:0, ArgLen:1, start time: 2026-07-13 10:33:26.075 +0800 CST, Err:<nil>, ErrCount:0, SnapshotVersion:0, Version: v2"] [query="CREATE DATABASE IF NOT EXISTS test"]
[2026/07/13 10:33:26.076 +08:00] [WARN] [global_controller.go:819] ["[resource group controller] resource group name does not exist"] [name=default]
[2026/07/13 10:33:26.076 +08:00] [WARN] [global_controller.go:819] ["[resource group controller] resource group name does not exist"] [name=default]
[2026/07/13 10:33:26.076 +08:00] [INFO] [job_worker.go:854] ["run one job step"] [category=ddl] [jobID=115] [job="ID:115, Type:create schema, State:queueing, SchemaState:none, SchemaID:114, TableID:0, RowCount:0, ArgLen:0, start time: 2026-07-13 10:33:26.075 +0800 CST, Err:<nil>, ErrCount:0, SnapshotVersion:0, Version: v2"]
[2026/07/13 10:33:26.076 +08:00] [WARN] [global_controller.go:819] ["[resource group controller] resource group name does not exist"] [name=default]
[2026/07/13 10:33:26.076 +08:00] [WARN] [global_controller.go:819] ["[resource group controller] resource group name does not exist"] [name=default]
[2026/07/13 10:33:26.076 +08:00] [WARN] [global_controller.go:819] ["[resource group controller] resource group name does not exist"] [name=default]
[2026/07/13 10:33:26.076 +08:00] [INFO] [loader.go:216] ["diff load InfoSchema success"] [mode=auto] [isV2=true] [currVer=56] [neededVer=57] [gotVer=57] ["elapsed time"=13.958µs] [phyTblIDs="[]"] [actionTypes="[]"] [diffTypes="[\"create schema\"]"]
[2026/07/13 10:33:26.076 +08:00] [INFO] [syncer.go:258] ["session manager is nil"]
[2026/07/13 10:33:26.076 +08:00] [INFO] [syncer.go:281] ["mdl gets lock, update self version to owner"] [jobID=115] [version=57]
[2026/07/13 10:33:26.078 +08:00] [INFO] [schema_version.go:397] ["wait schema version synced success"] [category=ddl] [ver=57] [checkAssumedSvr=false] ["take time"=2.170167ms] [job="ID:115, Type:create schema, State:done, SchemaState:public, SchemaID:114, TableID:0, RowCount:0, ArgLen:1, start time: 2026-07-13 10:33:26.075 +0800 CST, Err:<nil>, ErrCount:0, SnapshotVersion:0, Version: v2"] [summary="server count: 1"]
[2026/07/13 10:33:26.079 +08:00] [WARN] [global_controller.go:819] ["[resource group controller] resource group name does not exist"] [name=default]
[2026/07/13 10:33:26.079 +08:00] [WARN] [global_controller.go:819] ["[resource group controller] resource group name does not exist"] [name=default]
[2026/07/13 10:33:26.079 +08:00] [WARN] [global_controller.go:819] ["[resource group controller] resource group name does not exist"] [name=default]
[2026/07/13 10:33:26.079 +08:00] [WARN] [global_controller.go:819] ["[resource group controller] resource group name does not exist"] [name=default]
[2026/07/13 10:33:26.079 +08:00] [WARN] [global_controller.go:819] ["[resource group controller] resource group name does not exist"] [name=default]
[2026/07/13 10:33:26.079 +08:00] [INFO] [job_worker.go:447] ["finish DDL job"] [category=ddl] [jobID=115] [job="ID:115, Type:create schema, State:synced, SchemaState:public, SchemaID:114, TableID:0, RowCount:0, ArgLen:0, start time: 2026-07-13 10:33:26.075 +0800 CST, Err:<nil>, ErrCount:0, SnapshotVersion:0, Version: v2"]
[2026/07/13 10:33:26.079 +08:00] [WARN] [global_controller.go:819] ["[resource group controller] resource group name does not exist"] [name=default]
[2026/07/13 10:33:26.079 +08:00] [WARN] [global_controller.go:819] ["[resource group controller] resource group name does not exist"] [name=default]
[2026/07/13 10:33:26.079 +08:00] [INFO] [executor.go:7380] ["DDL job is finished"] [category=ddl] [jobID=115]
[2026/07/13 10:33:26.079 +08:00] [INFO] [session.go:5104] ["CRUCIAL OPERATION"] [conn=0] [schemaVersion=57] [cur_db=mysql] [sql="CREATE DATABASE IF NOT EXISTS test"] [user=]
[2026/07/13 10:33:26.079 +08:00] [WARN] [global_controller.go:819] ["[resource group controller] resource group name does not exist"] [name=default]
[2026/07/13 10:33:26.080 +08:00] [WARN] [global_controller.go:819] ["[resource group controller] resource group name does not exist"] [name=default]
[2026/07/13 10:33:26.084 +08:00] [INFO] [bootstrap.go:90] ["bootstrap successful"] ["take time"=309.16975ms]
[2026/07/13 10:33:26.084 +08:00] [INFO] [job_scheduler.go:268] ["scheduleLoop quit due to context canceled"] [category=ddl]
[2026/07/13 10:33:26.084 +08:00] [INFO] [mock.go:100] ["owner manager retire owner"] [ownerKey=/tidb/ddl/fg/owner] [ID=ef26fac2-c976-47f8-9f02-9387d0a379a0]
[2026/07/13 10:33:26.084 +08:00] [INFO] [ddl_workerpool.go:78] ["closing workerPool"] [category=ddl]
[2026/07/13 10:33:26.084 +08:00] [INFO] [ddl_workerpool.go:78] ["closing workerPool"] [category=ddl]
[2026/07/13 10:33:26.084 +08:00] [INFO] [job_worker.go:267] ["DDL worker closed"] [category=ddl] [worker="worker 8, tp general"] ["take time"=3.084µs]
[2026/07/13 10:33:26.084 +08:00] [INFO] [job_worker.go:267] ["DDL worker closed"] [category=ddl] [worker="worker 9, tp general"] ["take time"=1.166µs]
[2026/07/13 10:33:26.084 +08:00] [INFO] [job_worker.go:267] ["DDL worker closed"] [category=ddl] [worker="worker 10, tp general"] ["take time"=1.208µs]
[2026/07/13 10:33:26.084 +08:00] [INFO] [job_worker.go:267] ["DDL worker closed"] [category=ddl] [worker="worker 1, tp general"] ["take time"=1.458µs]
[2026/07/13 10:33:26.084 +08:00] [INFO] [job_worker.go:267] ["DDL worker closed"] [category=ddl] [worker="worker 2, tp general"] ["take time"=1.333µs]
[2026/07/13 10:33:26.084 +08:00] [INFO] [job_worker.go:267] ["DDL worker closed"] [category=ddl] [worker="worker 3, tp general"] ["take time"=1.25µs]
[2026/07/13 10:33:26.084 +08:00] [INFO] [job_worker.go:267] ["DDL worker closed"] [category=ddl] [worker="worker 4, tp general"] ["take time"=1.042µs]
[2026/07/13 10:33:26.084 +08:00] [INFO] [job_worker.go:267] ["DDL worker closed"] [category=ddl] [worker="worker 5, tp general"] ["take time"=875ns]
[2026/07/13 10:33:26.084 +08:00] [INFO] [job_worker.go:267] ["DDL worker closed"] [category=ddl] [worker="worker 6, tp general"] ["take time"=833ns]
[2026/07/13 10:33:26.084 +08:00] [INFO] [job_worker.go:267] ["DDL worker closed"] [category=ddl] [worker="worker 7, tp general"] ["take time"=792ns]
[2026/07/13 10:33:26.085 +08:00] [INFO] [mock.go:112] ["owner manager is canceled"] [ownerKey=/tidb/ddl/fg/owner] [ID=ef26fac2-c976-47f8-9f02-9387d0a379a0]
[2026/07/13 10:33:26.085 +08:00] [INFO] [delete_range.go:162] ["closing delRange"] [category=ddl]
[2026/07/13 10:33:26.085 +08:00] [INFO] [session_pool.go:133] ["closing session pool"] [category=ddl]
[2026/07/13 10:33:26.085 +08:00] [INFO] [ddl.go:1159] ["DDL closed"] [category=ddl] [ID=ef26fac2-c976-47f8-9f02-9387d0a379a0] ["take time"=593.291µs]
[2026/07/13 10:33:26.085 +08:00] [INFO] [ddl.go:850] ["stop DDL"] [category=ddl] [ID=ef26fac2-c976-47f8-9f02-9387d0a379a0]
[2026/07/13 10:33:26.085 +08:00] [INFO] [wait_group_wrapper.go:150] ["background process exited"] [source=domain] [process=mdlCheckLoop]
[2026/07/13 10:33:26.085 +08:00] [INFO] [domain.go:390] ["topNSlowQueryLoop exited."]
[2026/07/13 10:33:26.085 +08:00] [INFO] [wait_group_wrapper.go:150] ["background process exited"] [source=domain] [process=topNSlowQueryLoop]
[2026/07/13 10:33:26.085 +08:00] [INFO] [domain.go:978] ["closestReplicaReadCheckLoop exited."]
[2026/07/13 10:33:26.085 +08:00] [INFO] [wait_group_wrapper.go:150] ["background process exited"] [source=domain] [process=closestReplicaReadCheckLoop]
[2026/07/13 10:33:26.085 +08:00] [INFO] [domain.go:418] ["globalConfigSyncerKeeper exited."]
[2026/07/13 10:33:26.085 +08:00] [INFO] [wait_group_wrapper.go:150] ["background process exited"] [source=domain] [process=globalConfigSyncerKeeper]
[2026/07/13 10:33:26.085 +08:00] [INFO] [manager.go:241] ["runaway watch sync loop exit"]
[2026/07/13 10:33:26.085 +08:00] [INFO] [wait_group_wrapper.go:150] ["background process exited"] [source=domain] [process=runawayWatchSyncLoop]
[2026/07/13 10:33:26.085 +08:00] [INFO] [syncer.go:304] ["info schema sync loop exited."]
[2026/07/13 10:33:26.085 +08:00] [INFO] [wait_group_wrapper.go:150] ["background process exited"] [source=domain] [process=loadSchemaInLoop]
[2026/07/13 10:33:26.085 +08:00] [INFO] [syncer.go:245] ["server info sync loop exited."]
[2026/07/13 10:33:26.085 +08:00] [INFO] [flusher.go:89] ["flushing remaining records before stop"] [name=runaway-record]
[2026/07/13 10:33:26.085 +08:00] [INFO] [flusher.go:91] ["stopped flusher"] [name=runaway-record]
[2026/07/13 10:33:26.085 +08:00] [INFO] [flusher.go:89] ["flushing remaining records before stop"] [name=quarantine-record]
[2026/07/13 10:33:26.085 +08:00] [INFO] [flusher.go:91] ["stopped flusher"] [name=quarantine-record]
[2026/07/13 10:33:26.085 +08:00] [INFO] [flusher.go:89] ["flushing remaining records before stop"] [name=stale-quarantine-record]
[2026/07/13 10:33:26.085 +08:00] [INFO] [flusher.go:91] ["stopped flusher"] [name=stale-quarantine-record]
[2026/07/13 10:33:26.085 +08:00] [INFO] [manager.go:205] ["runaway record flush loop exit"]
[2026/07/13 10:33:26.085 +08:00] [INFO] [wait_group_wrapper.go:150] ["background process exited"] [source=domain] [process=runawayRecordFlushLoop]
[2026/07/13 10:33:26.085 +08:00] [INFO] [syncer.go:379] ["topology sync loop exited."]
[2026/07/13 10:33:26.085 +08:00] [INFO] [wait_group_wrapper.go:150] ["background process exited"] [source=domain] [process=topologySyncerKeeper]
[2026/07/13 10:33:26.085 +08:00] [INFO] [wait_group_wrapper.go:150] ["background process exited"] [source=domain] [process=infoSyncerKeeper]
[2026/07/13 10:33:26.085 +08:00] [INFO] [domain.go:549] ["domain closed"] ["take time"=757.541µs]
[2026/07/13 10:33:26.085 +08:00] [INFO] [session.go:4595] ["bootstrap cluster finished"] [bootMode=bootstrap] [cost=317.934125ms]
[2026/07/13 10:33:26.085 +08:00] [INFO] [tidb.go:103] ["new domain"] [store=cae92ccc-28f9-4a36-992e-c4dd7d4fec32] ["ddl lease"=500ms] ["stats lease"=-1ns]
[2026/07/13 10:33:26.086 +08:00] [WARN] [global_controller.go:237] ["[resource group controller] server does not save config, load config failed"]
[2026/07/13 10:33:26.086 +08:00] [INFO] [global_controller.go:219] ["load resource controller config"] [config="{\"degraded-mode-wait-duration\":\"0s\",\"ltb-max-wait-duration\":\"30s\",\"ltb-token-rpc-max-delay\":\"1s\",\"request-unit\":{\"read-base-cost\":0.125,\"read-per-batch-base-cost\":0.5,\"read-cost-per-byte\":0.0000152587890625,\"write-base-cost\":1,\"write-per-batch-base-cost\":1,\"write-cost-per-byte\":0.0009765625,\"read-cpu-ms-cost\":0.3333333333333333},\"enable-controller-trace-log\":\"false\",\"token-rpc-params\":{\"wait-retry-interval\":\"50ms\",\"wait-retry-times\":20}}"] [ru-config="{\"ReadBaseCost\":0.125,\"ReadPerBatchBaseCost\":0.5,\"ReadBytesCost\":0.0000152587890625,\"WriteBaseCost\":1,\"WritePerBatchBaseCost\":1,\"WriteBytesCost\":0.0009765625,\"CPUMsCost\":0.3333333333333333,\"LTBMaxWaitDuration\":30000000000,\"WaitRetryInterval\":50000000,\"WaitRetryTimes\":20,\"DegradedModeWaitDuration\":0}"] [keyspace-id=4294967295]
[2026/07/13 10:33:26.089 +08:00] [INFO] [loader.go:281] ["full load InfoSchema success"] [mode=auto] [isV2=true] [currentSchemaVersion=0] [neededSchemaVersion=57] ["elapsed time"=3.382167ms]
[2026/07/13 10:33:26.089 +08:00] [INFO] [syncer.go:456] ["full load and reset schema validator"]
[2026/07/13 10:33:26.090 +08:00] [INFO] [ddl.go:883] ["start DDL"] [category=ddl] [ID=878e70e0-2d61-4930-b51a-033e625358e8] [runWorker=true] [jobVersion=v2] [startMode=normal]
[2026/07/13 10:33:26.090 +08:00] [INFO] [ddl.go:858] ["start delRangeManager OK"] [category=ddl] ["is a emulator"=true]
[2026/07/13 10:33:26.090 +08:00] [INFO] [env.go:123] ["the ingest sorted directory"] [category=ddl-ingest] ["data path"=/tmp/tidb/tmp_ddl-4000]
[2026/07/13 10:33:26.090 +08:00] [INFO] [mock.go:88] ["owner manager gets owner"] [ownerKey=/tidb/ddl/fg/owner] [ID=878e70e0-2d61-4930-b51a-033e625358e8]
[2026/07/13 10:33:26.090 +08:00] [WARN] [env.go:61] ["initialize environment failed"] [category=ddl-ingest] ["storage limitation"="only support TiKV storage"] ["current storage"=unistore] ["lightning is initialized"=false]
[2026/07/13 10:33:26.090 +08:00] [INFO] [wait_group_wrapper.go:141] ["background process started"] [source=domain] [process=loadSchemaInLoop]
[2026/07/13 10:33:26.090 +08:00] [INFO] [delete_range.go:172] ["start delRange emulator"] [category=ddl]
[2026/07/13 10:33:26.090 +08:00] [INFO] [wait_group_wrapper.go:141] ["background process started"] [source=domain] [process=mdlCheckLoop]
[2026/07/13 10:33:26.090 +08:00] [INFO] [wait_group_wrapper.go:141] ["background process started"] [source=domain] [process=topNSlowQueryLoop]
[2026/07/13 10:33:26.090 +08:00] [INFO] [wait_group_wrapper.go:141] ["background process started"] [source=domain] [process=infoSyncerKeeper]
[2026/07/13 10:33:26.090 +08:00] [INFO] [wait_group_wrapper.go:141] ["background process started"] [source=domain] [process=globalConfigSyncerKeeper]
[2026/07/13 10:33:26.090 +08:00] [INFO] [wait_group_wrapper.go:141] ["background process started"] [source=domain] [process=runawayRecordFlushLoop]
[2026/07/13 10:33:26.090 +08:00] [INFO] [wait_group_wrapper.go:141] ["background process started"] [source=domain] [process=runawayWatchSyncLoop]
[2026/07/13 10:33:26.090 +08:00] [INFO] [job_scheduler.go:362] ["get global state and global state change"] [category=ddl] [oldState=false] [currState=false]
[2026/07/13 10:33:26.090 +08:00] [INFO] [job_scheduler.go:374] ["the owner sets owner operator value"] [category=ddl] [ownerOp=none]
[2026/07/13 10:33:26.090 +08:00] [INFO] [wait_group_wrapper.go:141] ["background process started"] [source=domain] [process=requestUnitsWriterLoop]
[2026/07/13 10:33:26.090 +08:00] [INFO] [wait_group_wrapper.go:141] ["background process started"] [source=domain] [process=topologySyncerKeeper]
[2026/07/13 10:33:26.090 +08:00] [INFO] [wait_group_wrapper.go:141] ["background process started"] [source=domain] [process=closestReplicaReadCheckLoop]
[2026/07/13 10:33:26.090 +08:00] [WARN] [domain.go:942] ["pd / etcd client not provided, won't begin Advancer."]
[2026/07/13 10:33:26.090 +08:00] [INFO] [wait_group_wrapper.go:150] ["background process exited"] [source=domain] [process=requestUnitsWriterLoop]
[2026/07/13 10:33:26.090 +08:00] [WARN] [sysvar_cache.go:53] ["sysvar cache is empty, triggering rebuild"]
[2026/07/13 10:33:26.090 +08:00] [WARN] [global_controller.go:819] ["[resource group controller] resource group name does not exist"] [name=default]
[2026/07/13 10:33:26.091 +08:00] [INFO] [sysvar.go:3362] ["set resource control"] [enable=true]
[2026/07/13 10:33:26.091 +08:00] [INFO] [global_controller.go:577] ["[resource group controller] create resource group cost controller"] [name=default]
[2026/07/13 10:33:26.091 +08:00] [INFO] [wait_group_wrapper.go:141] ["background process started"] [source=domain] [process=loadPrivilegeInLoop]
[2026/07/13 10:33:26.092 +08:00] [INFO] [wait_group_wrapper.go:141] ["background process started"] [source=domain] [process=LoadSysVarCacheLoop]
[2026/07/13 10:33:26.092 +08:00] [INFO] [binding_cache.go:75] ["load bindings"] [category=sql-bind] [fullLoad=true] [fromRemote=false] [cacheSizeChange=false] [hasNewBinding=false] [cacheCapacity=67108864] [cacheUsage=0] [cachedBindingNum=0] [duration=462.459µs] []
[2026/07/13 10:33:26.092 +08:00] [INFO] [wait_group_wrapper.go:141] ["background process started"] [source=domain] [process=globalBindHandleWorkerLoop]
[2026/07/13 10:33:26.092 +08:00] [INFO] [mock.go:88] ["owner manager gets owner"] [ownerKey=/tidb/bindinfo/owner] [ID=878e70e0-2d61-4930-b51a-033e625358e8]
[2026/07/13 10:33:26.092 +08:00] [INFO] [wait_group_wrapper.go:141] ["background process started"] [source=domain] [process=dumpFileGcChecker]
[2026/07/13 10:33:26.092 +08:00] [INFO] [domain.go:1846] ["dumpFileGcChecker started"]
[2026/07/13 10:33:26.093 +08:00] [INFO] [wait_group_wrapper.go:141] ["background process started"] [source=domain] [process=indexUsageWorker]
[2026/07/13 10:33:26.093 +08:00] [INFO] [wait_group_wrapper.go:141] ["background process started"] [source=domain] [process=quitStatsOwner]
[2026/07/13 10:33:26.093 +08:00] [INFO] [domain.go:2047] ["start load stats sub workers"] [workerCount=6]
[2026/07/13 10:33:26.093 +08:00] [INFO] [wait_group_wrapper.go:141] ["background process started"] [source=domain] [process=planCacheEvictTrigger]
[2026/07/13 10:33:26.093 +08:00] [INFO] [wait_group_wrapper.go:141] ["background process started"] [source=domain] [process=planCacheMetricsAndVars]
[2026/07/13 10:33:26.093 +08:00] [INFO] [wait_group_wrapper.go:141] ["background process started"] [source=domain] [process=readTableCostWorker]
[2026/07/13 10:33:26.093 +08:00] [INFO] [mock.go:88] ["owner manager gets owner"] [ownerKey=/tidb/stats/owner] [ID=878e70e0-2d61-4930-b51a-033e625358e8]
[2026/07/13 10:33:26.093 +08:00] [INFO] [wait_group_wrapper.go:141] ["background process started"] [source=domain] [process=loadSigningCertLoop]
[2026/07/13 10:33:26.093 +08:00] [INFO] [domain.go:1203] ["initialize node resource"] [total-cpu=14] [total-mem=36GiB] [dxf-resource-limit=100] [dxf-usable-cpu=14] [dxf-usable-mem=36GiB] [total-disk=926.4GiB]
[2026/07/13 10:33:26.093 +08:00] [INFO] [task_manager.go:248] ["scale ttl worker"] [ttl-worker=job-manager] [ttl-worker=878e70e0-2d61-4930-b51a-033e625358e8] [ttl-worker=task-manager] [ttl-worker=878e70e0-2d61-4930-b51a-033e625358e8] [originalCount=0] [newCount=4]
[2026/07/13 10:33:26.093 +08:00] [INFO] [task_manager.go:248] ["scale ttl worker"] [ttl-worker=job-manager] [ttl-worker=878e70e0-2d61-4930-b51a-033e625358e8] [ttl-worker=task-manager] [ttl-worker=878e70e0-2d61-4930-b51a-033e625358e8] [originalCount=0] [newCount=4]
[2026/07/13 10:33:26.093 +08:00] [INFO] [job_manager.go:519] ["TTL leader to collect delay metrics"] [ttl-worker=job-manager] [ttl-worker=878e70e0-2d61-4930-b51a-033e625358e8]
[2026/07/13 10:33:26.093 +08:00] [INFO] [wait_group_wrapper.go:141] ["background process started"] [source=domain] [process=distTaskFrameworkLoop]
[2026/07/13 10:33:26.093 +08:00] [INFO] [manager.go:124] ["task executor manager start"] [server-id=:4000]
[2026/07/13 10:33:26.093 +08:00] [INFO] [domain.go:1219] ["dist task executor manager started"]
[2026/07/13 10:33:26.093 +08:00] [INFO] [rate_limiter_param.go:98] ["meta kv not found in meta store, initialized to default and persisted"] [key=maxBatchSplitRanges] [value=2048]
[2026/07/13 10:33:26.093 +08:00] [INFO] [rate_limiter_param.go:98] ["meta kv not found in meta store, initialized to default and persisted"] [key=maxSplitRangesPerSec] [value=0]
[2026/07/13 10:33:26.093 +08:00] [INFO] [rate_limiter_param.go:98] ["meta kv not found in meta store, initialized to default and persisted"] [key=maxIngestInflight] [value=0]
[2026/07/13 10:33:26.093 +08:00] [INFO] [rate_limiter_param.go:98] ["meta kv not found in meta store, initialized to default and persisted"] [key=maxIngestPerSec] [value=0]
[2026/07/13 10:33:26.094 +08:00] [INFO] [job_submitter.go:118] ["add DDL jobs"] [category=ddl] ["batch count"=1] [jobs="ID:117, Type:create table, State:queueing, SchemaState:none, SchemaID:114, TableID:116, RowCount:0, ArgLen:1, start time: 2026-07-13 10:33:26.094 +0800 CST, Err:<nil>, ErrCount:0, SnapshotVersion:0, Version: v2; "] [fast_create=true]
[2026/07/13 10:33:26.094 +08:00] [INFO] [executor.go:7260] ["DDL job submitted"] [category=ddl] [job="ID:117, Type:create table, State:queueing, SchemaState:none, SchemaID:114, TableID:116, RowCount:0, ArgLen:1, start time: 2026-07-13 10:33:26.094 +0800 CST, Err:<nil>, ErrCount:0, SnapshotVersion:0, Version: v2"] [query="create table ai_prepare_stale (id int primary key, v int)"]
[2026/07/13 10:33:26.095 +08:00] [INFO] [job_manager.go:1096] ["TTL leader to DoGC"] [ttl-worker=job-manager] [ttl-worker=878e70e0-2d61-4930-b51a-033e625358e8]
[2026/07/13 10:33:26.095 +08:00] [INFO] [job_worker.go:854] ["run one job step"] [category=ddl] [jobID=117] [conn=1] [job="ID:117, Type:create table, State:queueing, SchemaState:none, SchemaID:114, TableID:116, RowCount:0, ArgLen:0, start time: 2026-07-13 10:33:26.094 +0800 CST, Err:<nil>, ErrCount:0, SnapshotVersion:0, Version: v2"]
[2026/07/13 10:33:26.095 +08:00] [WARN] [ddl.go:702] ["fail to notify DDL event"] [category=ddl] [event="(Event Type: create table, Table ID: 116, Table Name: ai_prepare_stale)"]
[2026/07/13 10:33:26.096 +08:00] [INFO] [loader.go:216] ["diff load InfoSchema success"] [mode=auto] [isV2=true] [currVer=57] [neededVer=58] [gotVer=58] ["elapsed time"=56.667µs] [phyTblIDs="[116]"] [actionTypes="[3]"] [diffTypes="[\"create table\"]"]
[2026/07/13 10:33:26.096 +08:00] [INFO] [syncer.go:281] ["mdl gets lock, update self version to owner"] [jobID=117] [version=58]
[2026/07/13 10:33:26.098 +08:00] [INFO] [schema_version.go:397] ["wait schema version synced success"] [category=ddl] [ver=58] [checkAssumedSvr=false] ["take time"=2.31425ms] [job="ID:117, Type:create table, State:done, SchemaState:public, SchemaID:114, TableID:116, RowCount:0, ArgLen:1, start time: 2026-07-13 10:33:26.094 +0800 CST, Err:<nil>, ErrCount:0, SnapshotVersion:0, Version: v2"] [summary="server count: 1"]
[2026/07/13 10:33:26.098 +08:00] [INFO] [job_worker.go:447] ["finish DDL job"] [category=ddl] [jobID=117] [conn=1] [job="ID:117, Type:create table, State:synced, SchemaState:public, SchemaID:114, TableID:116, RowCount:0, ArgLen:0, start time: 2026-07-13 10:33:26.094 +0800 CST, Err:<nil>, ErrCount:0, SnapshotVersion:0, Version: v2"]
[2026/07/13 10:33:26.099 +08:00] [INFO] [executor.go:7380] ["DDL job is finished"] [category=ddl] [jobID=117]
[2026/07/13 10:33:26.099 +08:00] [INFO] [session.go:5104] ["CRUCIAL OPERATION"] [conn=1] [schemaVersion=58] [cur_db=test] [sql="create table ai_prepare_stale (id int primary key, v int)"] [user=]
[2026/07/13 10:33:27.093 +08:00] [INFO] [runtime.go:172] ["TimerGroupRuntime loop started"] [groupID=ttl]
[2026/07/13 10:33:27.094 +08:00] [INFO] [runtime.go:444] ["create watch chan if possible for timer runtime"] [groupID=ttl] [storeSupportWatch=true]
[2026/07/13 10:33:27.094 +08:00] [INFO] [slots.go:220] ["initialize slot capacity"] [capacity=14]
[2026/07/13 10:33:27.094 +08:00] [INFO] [scheduler_manager.go:214] ["schedule task loop start"] [server-id=:4000]
[2026/07/13 10:33:27.094 +08:00] [INFO] [scheduler_manager.go:327] ["subtask table gc loop start"] [server-id=:4000]
[2026/07/13 10:33:27.094 +08:00] [INFO] [scheduler_manager.go:403] ["cleanup loop start"] [server-id=:4000]
[2026/07/13 10:33:27.094 +08:00] [INFO] [scheduler_manager.go:483] ["collect loop start"] [server-id=:4000]
[2026/07/13 10:33:27.600 +08:00] [INFO] [pd.go:434] ["adaptive update ts interval state transition"] [configuredInterval=2s] [prevAdaptiveUpdateInterval=2s] [newAdaptiveUpdateInterval=899ms] [requiredStaleness=999ms] [prevState=unknown(0)] [newState=adapting]
[2026/07/13 10:33:27.603 +08:00] [INFO] [job_scheduler.go:268] ["scheduleLoop quit due to context canceled"] [category=ddl]
[2026/07/13 10:33:27.603 +08:00] [INFO] [mock.go:100] ["owner manager retire owner"] [ownerKey=/tidb/ddl/fg/owner] [ID=878e70e0-2d61-4930-b51a-033e625358e8]
[2026/07/13 10:33:27.603 +08:00] [INFO] [ddl_workerpool.go:78] ["closing workerPool"] [category=ddl]
[2026/07/13 10:33:27.603 +08:00] [INFO] [ddl_workerpool.go:78] ["closing workerPool"] [category=ddl]
[2026/07/13 10:33:27.603 +08:00] [INFO] [job_worker.go:267] ["DDL worker closed"] [category=ddl] [worker="worker 11, tp general"] ["take time"=21.125µs]
[2026/07/13 10:33:27.603 +08:00] [INFO] [mock.go:112] ["owner manager is canceled"] [ownerKey=/tidb/ddl/fg/owner] [ID=878e70e0-2d61-4930-b51a-033e625358e8]
[2026/07/13 10:33:27.603 +08:00] [INFO] [delete_range.go:162] ["closing delRange"] [category=ddl]
[2026/07/13 10:33:27.603 +08:00] [INFO] [session_pool.go:133] ["closing session pool"] [category=ddl]
[2026/07/13 10:33:27.603 +08:00] [INFO] [ddl.go:1159] ["DDL closed"] [category=ddl] [ID=878e70e0-2d61-4930-b51a-033e625358e8] ["take time"=403.709µs]
[2026/07/13 10:33:27.603 +08:00] [INFO] [ddl.go:850] ["stop DDL"] [category=ddl] [ID=878e70e0-2d61-4930-b51a-033e625358e8]
[2026/07/13 10:33:27.603 +08:00] [INFO] [domain.go:483] ["stopping ttlJobManager"]
[2026/07/13 10:33:27.603 +08:00] [INFO] [runtime.go:202] ["TimerGroupRuntime loop exit"] [groupID=ttl]
[2026/07/13 10:33:27.603 +08:00] [INFO] [task_manager.go:225] ["shrink ttl worker"] [ttl-worker=job-manager] [ttl-worker=878e70e0-2d61-4930-b51a-033e625358e8] [ttl-worker=task-manager] [ttl-worker=878e70e0-2d61-4930-b51a-033e625358e8] [originalCount=4] [newCount=0]
[2026/07/13 10:33:27.603 +08:00] [INFO] [scan.go:379] ["ttlScanWorker loop exited."]
[2026/07/13 10:33:27.603 +08:00] [INFO] [scan.go:379] ["ttlScanWorker loop exited."]
[2026/07/13 10:33:27.603 +08:00] [INFO] [scan.go:379] ["ttlScanWorker loop exited."]
[2026/07/13 10:33:27.603 +08:00] [INFO] [scan.go:379] ["ttlScanWorker loop exited."]
[2026/07/13 10:33:27.603 +08:00] [INFO] [task_manager.go:225] ["shrink ttl worker"] [ttl-worker=job-manager] [ttl-worker=878e70e0-2d61-4930-b51a-033e625358e8] [ttl-worker=task-manager] [ttl-worker=878e70e0-2d61-4930-b51a-033e625358e8] [originalCount=4] [newCount=0]
[2026/07/13 10:33:27.604 +08:00] [INFO] [del.go:344] ["ttlDeleteWorker loop exited."]
[2026/07/13 10:33:27.604 +08:00] [INFO] [del.go:344] ["ttlDeleteWorker loop exited."]
[2026/07/13 10:33:27.604 +08:00] [INFO] [del.go:344] ["ttlDeleteWorker loop exited."]
[2026/07/13 10:33:27.604 +08:00] [INFO] [del.go:344] ["ttlDeleteWorker loop exited."]
[2026/07/13 10:33:27.604 +08:00] [INFO] [job_manager.go:183] ["ttlJobManager loop exited."] [ttl-worker=job-manager] [ttl-worker=878e70e0-2d61-4930-b51a-033e625358e8]
[2026/07/13 10:33:27.605 +08:00] [INFO] [job_manager.go:168] ["ttlJobManager loop exited."] [ttl-worker=job-manager] [ttl-worker=878e70e0-2d61-4930-b51a-033e625358e8]
[2026/07/13 10:33:27.605 +08:00] [INFO] [domain.go:494] ["ttlJobManager exited."]
[2026/07/13 10:33:27.605 +08:00] [INFO] [manager.go:285] ["recoverMetaLoop done"] [server-id=:4000]
[2026/07/13 10:33:27.605 +08:00] [INFO] [domain.go:1236] ["stopping dist task scheduler manager because the current node is not DDL owner anymore"] [id=878e70e0-2d61-4930-b51a-033e625358e8]
[2026/07/13 10:33:27.605 +08:00] [INFO] [manager.go:241] ["runaway watch sync loop exit"]
[2026/07/13 10:33:27.605 +08:00] [INFO] [wait_group_wrapper.go:150] ["background process exited"] [source=domain] [process=runawayWatchSyncLoop]
[2026/07/13 10:33:27.605 +08:00] [INFO] [flusher.go:89] ["flushing remaining records before stop"] [name=runaway-record]
[2026/07/13 10:33:27.605 +08:00] [INFO] [flusher.go:91] ["stopped flusher"] [name=runaway-record]
[2026/07/13 10:33:27.605 +08:00] [INFO] [flusher.go:89] ["flushing remaining records before stop"] [name=quarantine-record]
[2026/07/13 10:33:27.605 +08:00] [INFO] [flusher.go:91] ["stopped flusher"] [name=quarantine-record]
[2026/07/13 10:33:27.605 +08:00] [INFO] [flusher.go:89] ["flushing remaining records before stop"] [name=stale-quarantine-record]
[2026/07/13 10:33:27.605 +08:00] [INFO] [flusher.go:91] ["stopped flusher"] [name=stale-quarantine-record]
[2026/07/13 10:33:27.605 +08:00] [INFO] [manager.go:205] ["runaway record flush loop exit"]
[2026/07/13 10:33:27.605 +08:00] [INFO] [wait_group_wrapper.go:150] ["background process exited"] [source=domain] [process=runawayRecordFlushLoop]
[2026/07/13 10:33:27.605 +08:00] [INFO] [syncer.go:379] ["topology sync loop exited."]
[2026/07/13 10:33:27.605 +08:00] [INFO] [wait_group_wrapper.go:150] ["background process exited"] [source=domain] [process=topologySyncerKeeper]
[2026/07/13 10:33:27.605 +08:00] [INFO] [domain.go:418] ["globalConfigSyncerKeeper exited."]
[2026/07/13 10:33:27.605 +08:00] [INFO] [wait_group_wrapper.go:150] ["background process exited"] [source=domain] [process=globalConfigSyncerKeeper]
[2026/07/13 10:33:27.605 +08:00] [INFO] [syncer.go:245] ["server info sync loop exited."]
[2026/07/13 10:33:27.605 +08:00] [INFO] [domain.go:390] ["topNSlowQueryLoop exited."]
[2026/07/13 10:33:27.605 +08:00] [INFO] [wait_group_wrapper.go:150] ["background process exited"] [source=domain] [process=infoSyncerKeeper]
[2026/07/13 10:33:27.605 +08:00] [INFO] [wait_group_wrapper.go:150] ["background process exited"] [source=domain] [process=topNSlowQueryLoop]
[2026/07/13 10:33:27.605 +08:00] [INFO] [wait_group_wrapper.go:150] ["background process exited"] [source=domain] [process=mdlCheckLoop]
[2026/07/13 10:33:27.605 +08:00] [INFO] [syncer.go:304] ["info schema sync loop exited."]
[2026/07/13 10:33:27.605 +08:00] [INFO] [wait_group_wrapper.go:150] ["background process exited"] [source=domain] [process=loadSchemaInLoop]
[2026/07/13 10:33:27.605 +08:00] [INFO] [domain.go:978] ["closestReplicaReadCheckLoop exited."]
[2026/07/13 10:33:27.605 +08:00] [INFO] [wait_group_wrapper.go:150] ["background process exited"] [source=domain] [process=closestReplicaReadCheckLoop]
[2026/07/13 10:33:27.605 +08:00] [INFO] [mock.go:100] ["owner manager retire owner"] [ownerKey=/tidb/bindinfo/owner] [ID=878e70e0-2d61-4930-b51a-033e625358e8]
[2026/07/13 10:33:27.605 +08:00] [INFO] [mock.go:100] ["owner manager retire owner"] [ownerKey=/tidb/stats/owner] [ID=878e70e0-2d61-4930-b51a-033e625358e8]
[2026/07/13 10:33:27.605 +08:00] [INFO] [scheduler_manager.go:409] ["cleanup loop exits"] [server-id=:4000]
[2026/07/13 10:33:27.605 +08:00] [INFO] [scheduler_manager.go:496] ["collect loop exits"] [server-id=:4000]
[2026/07/13 10:33:27.605 +08:00] [INFO] [manager.go:157] ["handle tasks loop done"] [server-id=:4000]
[2026/07/13 10:33:27.605 +08:00] [INFO] [scheduler_manager.go:333] ["subtask history table gc loop exits"] [server-id=:4000]
[2026/07/13 10:33:27.605 +08:00] [INFO] [scheduler_manager.go:222] ["schedule task loop exits"] [server-id=:4000]
[2026/07/13 10:33:27.605 +08:00] [INFO] [wait_group_wrapper.go:150] ["background process exited"] [source=domain] [process=loadSigningCertLoop]
[2026/07/13 10:33:27.605 +08:00] [INFO] [domain.go:1238] ["dist task scheduler manager stopped"] [id=878e70e0-2d61-4930-b51a-033e625358e8]
[2026/07/13 10:33:27.605 +08:00] [INFO] [domain.go:1221] ["stopping dist task executor manager"]
[2026/07/13 10:33:27.605 +08:00] [INFO] [domain.go:1223] ["dist task executor manager stopped"]
[2026/07/13 10:33:27.605 +08:00] [INFO] [wait_group_wrapper.go:150] ["background process exited"] [source=domain] [process=distTaskFrameworkLoop]
[2026/07/13 10:33:27.605 +08:00] [INFO] [stats_syncload.go:255] ["SubLoadWorker: exits now because the domain is closed."] [category=stats]
[2026/07/13 10:33:27.605 +08:00] [INFO] [stats_syncload.go:245] ["SubLoadWorker: exited."] [category=stats]
[2026/07/13 10:33:27.605 +08:00] [INFO] [domain.go:1850] ["dumpFileGcChecker exited."]
[2026/07/13 10:33:27.605 +08:00] [INFO] [wait_group_wrapper.go:150] ["background process exited"] [source=domain] [process=dumpFileGcChecker]
[2026/07/13 10:33:27.605 +08:00] [INFO] [stats_syncload.go:255] ["SubLoadWorker: exits now because the domain is closed."] [category=stats]
[2026/07/13 10:33:27.605 +08:00] [INFO] [stats_syncload.go:245] ["SubLoadWorker: exited."] [category=stats]
[2026/07/13 10:33:27.605 +08:00] [INFO] [stats_syncload.go:255] ["SubLoadWorker: exits now because the domain is closed."] [category=stats]
[2026/07/13 10:33:27.605 +08:00] [INFO] [stats_syncload.go:245] ["SubLoadWorker: exited."] [category=stats]
[2026/07/13 10:33:27.605 +08:00] [INFO] [stats_syncload.go:255] ["SubLoadWorker: exits now because the domain is closed."] [category=stats]
[2026/07/13 10:33:27.605 +08:00] [INFO] [stats_syncload.go:245] ["SubLoadWorker: exited."] [category=stats]
[2026/07/13 10:33:27.605 +08:00] [INFO] [domain.go:2978] ["readTableCostWorker exited."]
[2026/07/13 10:33:27.606 +08:00] [INFO] [wait_group_wrapper.go:150] ["background process exited"] [source=domain] [process=readTableCostWorker]
[2026/07/13 10:33:27.605 +08:00] [INFO] [domain.go:1466] ["LoadSysVarCacheLoop exited."]
[2026/07/13 10:33:27.606 +08:00] [INFO] [wait_group_wrapper.go:150] ["background process exited"] [source=domain] [process=LoadSysVarCacheLoop]
[2026/07/13 10:33:27.605 +08:00] [INFO] [stats_syncload.go:255] ["SubLoadWorker: exits now because the domain is closed."] [category=stats]
[2026/07/13 10:33:27.606 +08:00] [INFO] [stats_syncload.go:245] ["SubLoadWorker: exited."] [category=stats]
[2026/07/13 10:33:27.605 +08:00] [INFO] [domain.go:2934] ["planCacheEvictTrigger exited."]
[2026/07/13 10:33:27.606 +08:00] [INFO] [wait_group_wrapper.go:150] ["background process exited"] [source=domain] [process=planCacheEvictTrigger]
[2026/07/13 10:33:27.605 +08:00] [INFO] [domain.go:2903] ["planCacheMetricsAndVars exited."]
[2026/07/13 10:33:27.606 +08:00] [INFO] [wait_group_wrapper.go:150] ["background process exited"] [source=domain] [process=planCacheMetricsAndVars]
[2026/07/13 10:33:27.605 +08:00] [INFO] [mock.go:112] ["owner manager is canceled"] [ownerKey=/tidb/stats/owner] [ID=878e70e0-2d61-4930-b51a-033e625358e8]
[2026/07/13 10:33:27.606 +08:00] [INFO] [wait_group_wrapper.go:150] ["background process exited"] [source=domain] [process=quitStatsOwner]
[2026/07/13 10:33:27.605 +08:00] [INFO] [domain.go:2163] ["indexUsageWorker exited."]
[2026/07/13 10:33:27.606 +08:00] [INFO] [wait_group_wrapper.go:150] ["background process exited"] [source=domain] [process=indexUsageWorker]
[2026/07/13 10:33:27.605 +08:00] [INFO] [domain.go:1392] ["loadPrivilegeInLoop exited."]
[2026/07/13 10:33:27.606 +08:00] [INFO] [wait_group_wrapper.go:150] ["background process exited"] [source=domain] [process=loadPrivilegeInLoop]
[2026/07/13 10:33:27.605 +08:00] [INFO] [stats_syncload.go:255] ["SubLoadWorker: exits now because the domain is closed."] [category=stats]
[2026/07/13 10:33:27.606 +08:00] [INFO] [stats_syncload.go:245] ["SubLoadWorker: exited."] [category=stats]
[2026/07/13 10:33:27.606 +08:00] [INFO] [mock.go:112] ["owner manager is canceled"] [ownerKey=/tidb/bindinfo/owner] [ID=878e70e0-2d61-4930-b51a-033e625358e8]
[2026/07/13 10:33:27.606 +08:00] [INFO] [domain.go:1605] ["globalBindHandleWorkerLoop exited."]
[2026/07/13 10:33:27.606 +08:00] [INFO] [wait_group_wrapper.go:150] ["background process exited"] [source=domain] [process=globalBindHandleWorkerLoop]
[2026/07/13 10:33:27.607 +08:00] [INFO] [domain.go:549] ["domain closed"] ["take time"=4.217125ms]
[2026/07/13 10:33:27.622 +08:00] [INFO] [db.go:567] ["Closing database"]
[2026/07/13 10:33:27.622 +08:00] [INFO] [db.go:592] ["Memtable flushed"]
[2026/07/13 10:33:27.622 +08:00] [INFO] [db.go:596] ["Compaction finished"]
[2026/07/13 10:33:27.622 +08:00] [INFO] [db.go:615] ["BlobManager finished"]
[2026/07/13 10:33:27.622 +08:00] [INFO] [db.go:619] ["ResourceManager finished"]
[2026/07/13 10:33:27.622 +08:00] [INFO] [db.go:625] ["Waiting for closer"]
--- PASS: TestAINativePrepareDedupMustNotReuseReadStaleness (2.01s)
PASS
ok  	github.com/pingcap/tidb/pkg/session/test/common	4.346s
