=== RUN   TestAINativeFailedStatementCannotPoisonPriorMutation
[2026/07/17 08:19:05.734 +08:00] [INFO] [service_discovery.go:1030] ["[pd] switch leader"] [new-leader=http://127.0.0.1:2379] [old-leader=]
[2026/07/17 08:19:05.734 +08:00] [INFO] [service_discovery.go:509] ["[pd] init cluster id"] [cluster-id=7663260337933155013]
[2026/07/17 08:19:05.734 +08:00] [INFO] [client.go:214] ["[tso] switch the tso leader serving url"] [new-url=http://127.0.0.1:2379]
[2026/07/17 08:19:05.735 +08:00] [INFO] [watcher.go:56] ["[pd] start the deadline watcher"] [source=tso]
[2026/07/17 08:19:05.735 +08:00] [INFO] [inner_client.go:173] ["[pd] tso provider changed to pd"]
[2026/07/17 08:19:05.735 +08:00] [INFO] [client.go:251] ["[tso] start tso connection contexts updater"]
[2026/07/17 08:19:05.735 +08:00] [INFO] [dispatcher.go:146] ["[tso] tso dispatcher created"]
[2026/07/17 08:19:05.735 +08:00] [INFO] [dispatcher.go:598] ["[tso] switching tso rpc concurrency"] [old=0] [new=1]
[2026/07/17 08:19:05.735 +08:00] [INFO] [inner_client.go:154] ["[pd] service mode changed"] [new-mode=PD_SVC_MODE]
[2026/07/17 08:19:05.735 +08:00] [INFO] [router_service_discovery.go:162] ["[router service] created router service discovery"] [cluster-id=7663260337933155013] [keyspace-id=4294967295] [default-discovery-key=/ms/7663260337933155013/router/registry/]
[2026/07/17 08:19:05.735 +08:00] [INFO] [router_service_discovery.go:174] ["[router service] initializing router service discovery"] [max-retry-times=100] [retry-interval=1s]
[2026/07/17 08:19:05.735 +08:00] [INFO] [router_service_discovery.go:260] ["[router service] update member sorted urls"] [new-sorted-urls="[]"]
[2026/07/17 08:19:05.735 +08:00] [INFO] [router_service_discovery.go:245] ["[router service] updating nodes succeeded"] [urls="[]"] [clients-length=0]
[2026/07/17 08:19:05.735 +08:00] [INFO] [client.go:424] ["[router] connection daemon is started"]
[2026/07/17 08:19:05.735 +08:00] [INFO] [client.go:585] ["[router] dispatcher is started"]
[2026/07/17 08:19:05.735 +08:00] [INFO] [tikv_driver.go:194] ["using API V1."]
[2026/07/17 08:19:05.735 +08:00] [INFO] [inner_client.go:91] ["[pd] start router client initializer"]
[2026/07/17 08:19:05.736 +08:00] [INFO] [client.go:509] ["[router] successfully established the leader router stream connection"] [url=http://127.0.0.1:2379]
[2026/07/17 08:19:05.736 +08:00] [INFO] [metamanager.go:146] ["return meta service group info"] [meta-service-info="{\"PDAddrs\":[\"127.0.0.1:2379\"],\"Group\":{\"GroupID\":\"0\",\"Addrs\":[\"127.0.0.1:2379\"]}}"]
[2026/07/17 08:19:05.739 +08:00] [INFO] [store_cache.go:572] ["change store resolve state"] [store=1] [addr=127.0.0.1:20160] [from=unresolved] [to=resolved] [liveness-state=reachable]
[2026/07/17 08:19:05.742 +08:00] [INFO] [session.go:4425] ["cluster already bootstrapped"] [version=263]
[2026/07/17 08:19:05.742 +08:00] [INFO] [tidb.go:103] ["new domain"] [store=tikv-7663260337933155013/] ["ddl lease"=500ms] ["stats lease"=3s]
[2026/07/17 08:19:05.774 +08:00] [INFO] [info.go:279] ["init TiFlashReplicaManager"]
[2026/07/17 08:19:05.795 +08:00] [INFO] [domain.go:2708] [acquireServerID] [serverID=228] ["lease id"=22319f6d19c6ba28]
[2026/07/17 08:19:05.799 +08:00] [INFO] [global_controller.go:219] ["load resource controller config"] [config="{\"degraded-mode-wait-duration\":\"0s\",\"ltb-max-wait-duration\":\"30s\",\"ltb-token-rpc-max-delay\":\"1s\",\"request-unit\":{\"read-base-cost\":0.125,\"read-per-batch-base-cost\":0.5,\"read-cost-per-byte\":0.0000152587890625,\"write-base-cost\":1,\"write-per-batch-base-cost\":1,\"write-cost-per-byte\":0.0009765625,\"read-cpu-ms-cost\":0.3333333333333333},\"enable-controller-trace-log\":\"false\",\"token-rpc-params\":{\"wait-retry-interval\":\"50ms\",\"wait-retry-times\":20}}"] [ru-config="{\"ReadBaseCost\":0.125,\"ReadPerBatchBaseCost\":0.5,\"ReadBytesCost\":0.0000152587890625,\"WriteBaseCost\":1,\"WritePerBatchBaseCost\":1,\"WriteBytesCost\":0.0009765625,\"CPUMsCost\":0.3333333333333333,\"LTBMaxWaitDuration\":30000000000,\"WaitRetryInterval\":50000000,\"WaitRetryTimes\":20,\"DegradedModeWaitDuration\":0}"] [keyspace-id=4294967295]
[2026/07/17 08:19:05.807 +08:00] [INFO] [loader.go:281] ["full load InfoSchema success"] [mode=auto] [isV2=true] [currentSchemaVersion=0] [neededSchemaVersion=119] ["elapsed time"=6.306667ms]
[2026/07/17 08:19:05.807 +08:00] [INFO] [syncer.go:456] ["full load and reset schema validator"]
[2026/07/17 08:19:05.815 +08:00] [INFO] [ddl.go:1157] ["DDL closed"] [category=ddl] [ID=b19648c6-c657-4a41-a754-52ed3ac5a71d] ["take time"=4.575167ms]
[2026/07/17 08:19:05.815 +08:00] [INFO] [ddl.go:848] ["stop DDL"] [category=ddl] [ID=b19648c6-c657-4a41-a754-52ed3ac5a71d]
[2026/07/17 08:19:05.827 +08:00] [INFO] [domain.go:2733] ["releaseServerID succeed"] [serverID=228] [leaseID=2463925762081077800]
[2026/07/17 08:19:05.827 +08:00] [WARN] [meta_storage_client.go:165] ["watch stream closed"] [error="rpc error: code = Canceled desc = context canceled"]
[2026/07/17 08:19:05.827 +08:00] [WARN] [meta_storage_client.go:165] ["watch stream closed"] [error="rpc error: code = Canceled desc = context canceled"]
[2026/07/17 08:19:05.847 +08:00] [INFO] [domain.go:550] ["domain closed"] ["take time"=36.840041ms]
[2026/07/17 08:19:05.847 +08:00] [INFO] [tidb.go:103] ["new domain"] [store=tikv-7663260337933155013/] ["ddl lease"=500ms] ["stats lease"=3s]
[2026/07/17 08:19:05.869 +08:00] [INFO] [info.go:279] ["init TiFlashReplicaManager"]
[2026/07/17 08:19:05.892 +08:00] [INFO] [domain.go:2708] [acquireServerID] [serverID=1856] ["lease id"=22319f6d19c6ba42]
[2026/07/17 08:19:05.897 +08:00] [INFO] [global_controller.go:219] ["load resource controller config"] [config="{\"degraded-mode-wait-duration\":\"0s\",\"ltb-max-wait-duration\":\"30s\",\"ltb-token-rpc-max-delay\":\"1s\",\"request-unit\":{\"read-base-cost\":0.125,\"read-per-batch-base-cost\":0.5,\"read-cost-per-byte\":0.0000152587890625,\"write-base-cost\":1,\"write-per-batch-base-cost\":1,\"write-cost-per-byte\":0.0009765625,\"read-cpu-ms-cost\":0.3333333333333333},\"enable-controller-trace-log\":\"false\",\"token-rpc-params\":{\"wait-retry-interval\":\"50ms\",\"wait-retry-times\":20}}"] [ru-config="{\"ReadBaseCost\":0.125,\"ReadPerBatchBaseCost\":0.5,\"ReadBytesCost\":0.0000152587890625,\"WriteBaseCost\":1,\"WritePerBatchBaseCost\":1,\"WriteBytesCost\":0.0009765625,\"CPUMsCost\":0.3333333333333333,\"LTBMaxWaitDuration\":30000000000,\"WaitRetryInterval\":50000000,\"WaitRetryTimes\":20,\"DegradedModeWaitDuration\":0}"] [keyspace-id=4294967295]
[2026/07/17 08:19:05.905 +08:00] [INFO] [loader.go:281] ["full load InfoSchema success"] [mode=auto] [isV2=true] [currentSchemaVersion=0] [neededSchemaVersion=119] ["elapsed time"=7.838792ms]
[2026/07/17 08:19:05.905 +08:00] [INFO] [syncer.go:456] ["full load and reset schema validator"]
[2026/07/17 08:19:05.906 +08:00] [INFO] [ddl.go:1068] ["change job version in use"] [category=ddl] [old=v1] [new=v2]
[2026/07/17 08:19:05.906 +08:00] [INFO] [ddl.go:992] ["job version in use is not v2 or global index v1 not supported, maybe in upgrade, start detecting"] [category=ddl] [current=v2] [globalIndexV1Supported=false]
[2026/07/17 08:19:05.906 +08:00] [INFO] [ddl.go:881] ["start DDL"] [category=ddl] [ID=b19648c6-c657-4a41-a754-52ed3ac5a71d] [runWorker=true] [jobVersion=v2] [startMode=normal]
[2026/07/17 08:19:05.906 +08:00] [INFO] [ddl.go:856] ["start delRangeManager OK"] [category=ddl] ["is a emulator"=false]
[2026/07/17 08:19:05.910 +08:00] [INFO] [manager.go:289] ["start campaign owner"] [key=/tidb/ddl/fg/owner] [id=b19648c6-c657-4a41-a754-52ed3ac5a71d]
[2026/07/17 08:19:05.911 +08:00] [WARN] [global_controller.go:850] ["[resource group controller] resource group name does not exist"] [name=default]
[2026/07/17 08:19:05.914 +08:00] [INFO] [env.go:123] ["the ingest sorted directory"] [category=ddl-ingest] ["data path"=/tmp/tidb/tmp_ddl-4000]
[2026/07/17 08:19:05.914 +08:00] [WARN] [env.go:84] ["ingest backfill may not be available"] [category=ddl-ingest] [error="the available disk space(44932915200) in /tmp/tidb/tmp_ddl-4000 should be greater than @@tidb_ddl_disk_quota(107374182400)"] [errorVerbose="the available disk space(44932915200) in /tmp/tidb/tmp_ddl-4000 should be greater than @@tidb_ddl_disk_quota(107374182400)\ngithub.com/pingcap/tidb/pkg/ddl/ingest.(*diskRootImpl).StartupCheck\n\t/Users/bba/pc/tidb-ai-master/pkg/ddl/ingest/disk_root.go:191\ngithub.com/pingcap/tidb/pkg/ddl/ingest.InitGlobalLightningEnv\n\t/Users/bba/pc/tidb-ai-master/pkg/ddl/ingest/env.go:82\ngithub.com/pingcap/tidb/pkg/ddl.(*ddl).Start\n\t/Users/bba/pc/tidb-ai-master/pkg/ddl/ddl.go:942\ngithub.com/pingcap/tidb/pkg/domain.(*Domain).Start\n\t/Users/bba/pc/tidb-ai-master/pkg/domain/domain.go:809\ngithub.com/pingcap/tidb/pkg/session.bootstrapSessionImpl\n\t/Users/bba/pc/tidb-ai-master/pkg/session/session.go:4483\ngithub.com/pingcap/tidb/pkg/session.BootstrapSession\n\t/Users/bba/pc/tidb-ai-master/pkg/session/session.go:4360\ngithub.com/pingcap/tidb/tests/realtikvtest.CreateMockStoreAndDomainAndSetup\n\t/Users/bba/pc/tidb-ai-master/tests/realtikvtest/testkit.go:297\ngithub.com/pingcap/tidb/tests/realtikvtest.CreateMockStoreAndSetup\n\t/Users/bba/pc/tidb-ai-master/tests/realtikvtest/testkit.go:225\ngithub.com/pingcap/tidb/tests/realtikvtest/txntest.TestAINativeFailedStatementCannotPoisonPriorMutation\n\t/Users/bba/pc/tidb-ai-master/tests/realtikvtest/txntest/ai_native_unique_owner_fuzz_test.go:875\ntesting.tRunner\n\t/Users/bba/.gvm/pkgsets/go1.25.1/global/pkg/mod/golang.org/toolchain@v0.0.1-go1.25.10.darwin-arm64/src/testing/testing.go:1934\nruntime.goexit\n\t/Users/bba/.gvm/pkgsets/go1.25.1/global/pkg/mod/golang.org/toolchain@v0.0.1-go1.25.10.darwin-arm64/src/runtime/asm_arm64.s:1268"]
[2026/07/17 08:19:05.914 +08:00] [INFO] [env.go:88] ["init global ingest backend environment finished"] [category=ddl-ingest] ["memory limitation"=19327352832] ["disk usage info"="disk usage: 949729669120/994662584320, backend usage: 0"] ["max open file number"=138240] ["lightning is initialized"=true]
[2026/07/17 08:19:05.914 +08:00] [INFO] [wait_group_wrapper.go:141] ["background process started"] [source=domain] [process=loadSchemaInLoop]
[2026/07/17 08:19:05.914 +08:00] [INFO] [wait_group_wrapper.go:141] ["background process started"] [source=domain] [process=mdlCheckLoop]
[2026/07/17 08:19:05.914 +08:00] [INFO] [wait_group_wrapper.go:141] ["background process started"] [source=domain] [process=topNSlowQueryLoop]
[2026/07/17 08:19:05.914 +08:00] [INFO] [wait_group_wrapper.go:141] ["background process started"] [source=domain] [process=infoSyncerKeeper]
[2026/07/17 08:19:05.914 +08:00] [INFO] [wait_group_wrapper.go:141] ["background process started"] [source=domain] [process=globalConfigSyncerKeeper]
[2026/07/17 08:19:05.914 +08:00] [INFO] [wait_group_wrapper.go:141] ["background process started"] [source=domain] [process=runawayRecordFlushLoop]
[2026/07/17 08:19:05.914 +08:00] [INFO] [wait_group_wrapper.go:141] ["background process started"] [source=domain] [process=runawayWatchSyncLoop]
[2026/07/17 08:19:05.914 +08:00] [INFO] [wait_group_wrapper.go:141] ["background process started"] [source=domain] [process=requestUnitsWriterLoop]
[2026/07/17 08:19:05.914 +08:00] [INFO] [wait_group_wrapper.go:141] ["background process started"] [source=domain] [process=topologySyncerKeeper]
[2026/07/17 08:19:05.914 +08:00] [INFO] [wait_group_wrapper.go:141] ["background process started"] [source=domain] [process=closestReplicaReadCheckLoop]
[2026/07/17 08:19:05.914 +08:00] [INFO] [wait_group_wrapper.go:150] ["background process exited"] [source=domain] [process=requestUnitsWriterLoop]
[2026/07/17 08:19:05.915 +08:00] [INFO] [owner_daemon.go:70] ["begin advancer daemon"] [daemon-id=LogBackup::Advancer]
[2026/07/17 08:19:05.915 +08:00] [INFO] [manager.go:289] ["start campaign owner"] [key=/tidb/br-stream/owner] [id=828942e5-2e1f-46ce-badb-8fa1701af6f8]
[2026/07/17 08:19:05.922 +08:00] [INFO] [manager.go:527] ["get owner"] [key=/tidb/ddl/fg/owner] ["owner key"=/tidb/ddl/fg/owner/22319f6d19c6ba4d] [ownerID=b19648c6-c657-4a41-a754-52ed3ac5a71d]
[2026/07/17 08:19:05.922 +08:00] [INFO] [manager.go:324] ["become owner"] [key=/tidb/ddl/fg/owner] [id=b19648c6-c657-4a41-a754-52ed3ac5a71d]
[2026/07/17 08:19:05.922 +08:00] [INFO] [manager.go:616] ["watching owner key"] [key=/tidb/ddl/fg/owner] [id=b19648c6-c657-4a41-a754-52ed3ac5a71d] [ownerKey=/tidb/ddl/fg/owner/22319f6d19c6ba4d] [currRev=3808]
[2026/07/17 08:19:05.926 +08:00] [INFO] [job_scheduler.go:363] ["get global state and global state change"] [category=ddl] [oldState=false] [currState=false]
[2026/07/17 08:19:05.926 +08:00] [INFO] [manager.go:561] ["set owner op is the same as the original, so do nothing."] [key=/tidb/ddl/fg/owner] [id=b19648c6-c657-4a41-a754-52ed3ac5a71d] [op=none]
[2026/07/17 08:19:05.926 +08:00] [INFO] [job_scheduler.go:375] ["the owner sets owner operator value"] [category=ddl] [ownerOp=none]
[2026/07/17 08:19:05.926 +08:00] [INFO] [manager.go:527] ["get owner"] [key=/tidb/br-stream/owner] ["owner key"=/tidb/br-stream/owner/22319f6d19c6ba51] [ownerID=828942e5-2e1f-46ce-badb-8fa1701af6f8]
[2026/07/17 08:19:05.926 +08:00] [INFO] [manager.go:324] ["become owner"] [key=/tidb/br-stream/owner] [id=828942e5-2e1f-46ce-badb-8fa1701af6f8]
[2026/07/17 08:19:05.926 +08:00] [INFO] [manager.go:616] ["watching owner key"] [key=/tidb/br-stream/owner] [id=828942e5-2e1f-46ce-badb-8fa1701af6f8] [ownerKey=/tidb/br-stream/owner/22319f6d19c6ba51] [currRev=3809]
[2026/07/17 08:19:05.926 +08:00] [INFO] [wait_group_wrapper.go:141] ["background process started"] [source=domain] [process=logBackupAdvancer]
[2026/07/17 08:19:05.926 +08:00] [INFO] [owner_daemon.go:81] ["begin running daemon"] [id=828942e5-2e1f-46ce-badb-8fa1701af6f8] [daemon-id=LogBackup::Advancer]
[2026/07/17 08:19:05.927 +08:00] [WARN] [sysvar_cache.go:53] ["sysvar cache is empty, triggering rebuild"]
[2026/07/17 08:19:05.930 +08:00] [INFO] [client.go:434] ["[router] follower handle status changed"] [enable=true]
[2026/07/17 08:19:05.930 +08:00] [INFO] [inner_client.go:103] ["[pd] notified to disable the router client"]
[2026/07/17 08:19:05.930 +08:00] [INFO] [client.go:325] ["[router] closing router client"]
[2026/07/17 08:19:05.930 +08:00] [INFO] [client.go:606] ["[router] stop fetching the pending router requests due to context canceled"]
[2026/07/17 08:19:05.930 +08:00] [INFO] [client.go:430] ["[router] connection daemon is exiting"]
[2026/07/17 08:19:05.930 +08:00] [INFO] [client.go:587] ["[router] dispatcher is exiting"]
[2026/07/17 08:19:05.930 +08:00] [INFO] [client.go:592] ["[router] dispatcher exited"]
[2026/07/17 08:19:05.930 +08:00] [INFO] [client.go:330] ["[router] router client is closed"]
[2026/07/17 08:19:05.930 +08:00] [INFO] [sysvar.go:3400] ["set resource control"] [enable=true]
[2026/07/17 08:19:05.931 +08:00] [INFO] [global_controller.go:586] ["[resource group controller] create resource group cost controller"] [name=default]
[2026/07/17 08:19:05.931 +08:00] [INFO] [wait_group_wrapper.go:141] ["background process started"] [source=domain] [process=loadPrivilegeInLoop]
[2026/07/17 08:19:05.933 +08:00] [INFO] [wait_group_wrapper.go:141] ["background process started"] [source=domain] [process=LoadSysVarCacheLoop]
[2026/07/17 08:19:05.936 +08:00] [INFO] [binding_cache.go:75] ["load bindings"] [category=sql-bind] [fullLoad=true] [fromRemote=false] [cacheSizeChange=false] [hasNewBinding=false] [cacheCapacity=67108864] [cacheUsage=0] [cachedBindingNum=0] [duration=1.412834ms] []
[2026/07/17 08:19:05.936 +08:00] [INFO] [manager.go:289] ["start campaign owner"] [key=/tidb/bindinfo/owner] [id=b19648c6-c657-4a41-a754-52ed3ac5a71d]
[2026/07/17 08:19:05.940 +08:00] [INFO] [wait_group_wrapper.go:141] ["background process started"] [source=domain] [process=globalBindHandleWorkerLoop]
[2026/07/17 08:19:05.942 +08:00] [INFO] [wait_group_wrapper.go:141] ["background process started"] [source=domain] [process=PlanReplayerTaskCollectHandle]
[2026/07/17 08:19:05.942 +08:00] [INFO] [wait_group_wrapper.go:141] ["background process started"] [source=domain] [process=PlanReplayerTaskDumpHandle]
[2026/07/17 08:19:05.942 +08:00] [INFO] [wait_group_wrapper.go:141] ["background process started"] [source=domain] [process=dumpFileGcChecker]
[2026/07/17 08:19:05.942 +08:00] [INFO] [wait_group_wrapper.go:141] ["background process started"] [source=domain] [process=HistoricalStatsWorker]
[2026/07/17 08:19:05.942 +08:00] [INFO] [domain.go:1825] ["PlanReplayerTaskDumpHandle started"]
[2026/07/17 08:19:05.942 +08:00] [INFO] [domain.go:1803] ["PlanReplayerTaskCollectHandle started"]
[2026/07/17 08:19:05.942 +08:00] [INFO] [domain.go:1890] ["HistoricalStatsWorker started"]
[2026/07/17 08:19:05.942 +08:00] [INFO] [domain.go:1857] ["dumpFileGcChecker started"]
[2026/07/17 08:19:05.942 +08:00] [INFO] [plan_replayer.go:407] ["planReplayerTaskDumpWorker started."]
[2026/07/17 08:19:05.942 +08:00] [INFO] [wait_group_wrapper.go:141] ["background process started"] [source=domain] [process=loadStatsWorker]
[2026/07/17 08:19:05.942 +08:00] [INFO] [manager.go:289] ["start campaign owner"] [key=/tidb/stats/owner] [id=b19648c6-c657-4a41-a754-52ed3ac5a71d]
[2026/07/17 08:19:05.943 +08:00] [INFO] [bootstrap.go:872] ["Complete loading the stats meta in the lite mode"] [category=stats] [duration=839.042µs]
[2026/07/17 08:19:05.944 +08:00] [INFO] [bootstrap.go:879] ["Complete loading the histogram in the lite mode"] [category=stats] [duration=909.916µs]
[2026/07/17 08:19:05.944 +08:00] [INFO] [domain.go:2101] ["Init stats succeed"] [category=stats] [isLiteInitStats=true] [duration=2.173375ms]
[2026/07/17 08:19:05.956 +08:00] [INFO] [wait_group_wrapper.go:141] ["background process started"] [source=domain] [process=indexUsageWorker]
[2026/07/17 08:19:05.956 +08:00] [INFO] [wait_group_wrapper.go:141] ["background process started"] [source=domain] [process=asyncLoadHistogram]
[2026/07/17 08:19:05.956 +08:00] [INFO] [wait_group_wrapper.go:141] ["background process started"] [source=domain] [process=deltaUpdateTickerWorker]
[2026/07/17 08:19:05.956 +08:00] [INFO] [wait_group_wrapper.go:141] ["background process started"] [source=domain] [process=dumpColStatsUsageWorker]
[2026/07/17 08:19:05.956 +08:00] [INFO] [wait_group_wrapper.go:141] ["background process started"] [source=domain] [process=gcStatsWorker]
[2026/07/17 08:19:05.956 +08:00] [INFO] [wait_group_wrapper.go:141] ["background process started"] [source=domain] [process=autoAnalyzeWorker]
[2026/07/17 08:19:05.956 +08:00] [INFO] [wait_group_wrapper.go:141] ["background process started"] [source=domain] [process=analyzeJobsCleanupWorker]
[2026/07/17 08:19:05.956 +08:00] [INFO] [domain.go:2058] ["start load stats sub workers"] [workerCount=6]
[2026/07/17 08:19:05.956 +08:00] [INFO] [wait_group_wrapper.go:141] ["background process started"] [source=domain] [process=planCacheEvictTrigger]
[2026/07/17 08:19:05.956 +08:00] [INFO] [wait_group_wrapper.go:141] ["background process started"] [source=domain] [process=planCacheMetricsAndVars]
[2026/07/17 08:19:05.956 +08:00] [INFO] [wait_group_wrapper.go:141] ["background process started"] [source=domain] [process=readTableCostWorker]
[2026/07/17 08:19:05.956 +08:00] [INFO] [domain.go:2301] ["deltaUpdateTickerWorker started."]
[2026/07/17 08:19:05.956 +08:00] [INFO] [domain.go:2235] ["gcStatsWorker started."]
[2026/07/17 08:19:05.956 +08:00] [INFO] [domain.go:2274] ["dumpColStatsUsageWorker started."]
[2026/07/17 08:19:05.956 +08:00] [INFO] [wait_group_wrapper.go:141] ["background process started"] [source=domain] [process=loadSigningCertLoop]
[2026/07/17 08:19:05.956 +08:00] [INFO] [manager.go:527] ["get owner"] [key=/tidb/bindinfo/owner] ["owner key"=/tidb/bindinfo/owner/22319f6d19c6ba5b] [ownerID=b19648c6-c657-4a41-a754-52ed3ac5a71d]
[2026/07/17 08:19:05.956 +08:00] [INFO] [domain.go:1204] ["initialize node resource"] [total-cpu=14] [total-mem=36GiB] [dxf-resource-limit=100] [dxf-usable-cpu=14] [dxf-usable-mem=36GiB] [total-disk=926.4GiB]
[2026/07/17 08:19:05.956 +08:00] [INFO] [manager.go:324] ["become owner"] [key=/tidb/bindinfo/owner] [id=b19648c6-c657-4a41-a754-52ed3ac5a71d]
[2026/07/17 08:19:05.956 +08:00] [INFO] [manager.go:616] ["watching owner key"] [key=/tidb/bindinfo/owner] [id=b19648c6-c657-4a41-a754-52ed3ac5a71d] [ownerKey=/tidb/bindinfo/owner/22319f6d19c6ba5b] [currRev=3810]
[2026/07/17 08:19:05.957 +08:00] [INFO] [notifier.go:225] ["etcd notify loop to watch timer events started"] [EtcdKey=/tidb/timer/cluster/1/notify/3d302db5-dc00-4f78-8c80-e6a408c824e9]
[2026/07/17 08:19:05.957 +08:00] [INFO] [task_manager.go:248] ["scale ttl worker"] [ttl-worker=job-manager] [ttl-worker=b19648c6-c657-4a41-a754-52ed3ac5a71d] [ttl-worker=task-manager] [ttl-worker=b19648c6-c657-4a41-a754-52ed3ac5a71d] [originalCount=0] [newCount=4]
[2026/07/17 08:19:05.957 +08:00] [INFO] [task_manager.go:248] ["scale ttl worker"] [ttl-worker=job-manager] [ttl-worker=b19648c6-c657-4a41-a754-52ed3ac5a71d] [ttl-worker=task-manager] [ttl-worker=b19648c6-c657-4a41-a754-52ed3ac5a71d] [originalCount=0] [newCount=4]
[2026/07/17 08:19:05.957 +08:00] [INFO] [job_manager.go:519] ["TTL leader to collect delay metrics"] [ttl-worker=job-manager] [ttl-worker=b19648c6-c657-4a41-a754-52ed3ac5a71d]
[2026/07/17 08:19:05.958 +08:00] [INFO] [helper.go:189] ["set random timezone for getStmtTimestamp"] [timezone=Local]
[2026/07/17 08:19:05.959 +08:00] [INFO] [wait_group_wrapper.go:141] ["background process started"] [source=domain] [process=distTaskFrameworkLoop]
[2026/07/17 08:19:05.959 +08:00] [INFO] [manager.go:124] ["task executor manager start"] [server-id=:4000]
[2026/07/17 08:19:05.959 +08:00] [INFO] [domain.go:1220] ["dist task executor manager started"]
[2026/07/17 08:19:05.959 +08:00] [INFO] [rate_limiter_param.go:104] ["loaded value from meta store"] [key=maxBatchSplitRanges] [value=2048]
[2026/07/17 08:19:05.960 +08:00] [INFO] [job_manager.go:1096] ["TTL leader to DoGC"] [ttl-worker=job-manager] [ttl-worker=b19648c6-c657-4a41-a754-52ed3ac5a71d]
[2026/07/17 08:19:05.960 +08:00] [INFO] [manager.go:527] ["get owner"] [key=/tidb/stats/owner] ["owner key"=/tidb/stats/owner/22319f6d19c6ba5e] [ownerID=b19648c6-c657-4a41-a754-52ed3ac5a71d]
[2026/07/17 08:19:05.960 +08:00] [INFO] [manager.go:324] ["become owner"] [key=/tidb/stats/owner] [id=b19648c6-c657-4a41-a754-52ed3ac5a71d]
[2026/07/17 08:19:05.960 +08:00] [INFO] [manager.go:616] ["watching owner key"] [key=/tidb/stats/owner] [id=b19648c6-c657-4a41-a754-52ed3ac5a71d] [ownerKey=/tidb/stats/owner/22319f6d19c6ba5e] [currRev=3811]
[2026/07/17 08:19:05.971 +08:00] [INFO] [set.go:194] ["set global var"] [conn=1] [name=innodb_lock_wait_timeout] [val=50]
[2026/07/17 08:19:05.974 +08:00] [INFO] [session.go:5195] ["CRUCIAL OPERATION"] [conn=1] [schemaVersion=119] [cur_db=test] [sql="alter table `ai_stmt_control` nocache"] [user=]
[2026/07/17 08:19:05.975 +08:00] [INFO] [session.go:5195] ["CRUCIAL OPERATION"] [conn=1] [schemaVersion=119] [cur_db=test] [sql="alter table `ai_stmt_probe` nocache"] [user=]
[2026/07/17 08:19:05.978 +08:00] [INFO] [job_submitter.go:118] ["add DDL jobs"] [category=ddl] ["batch count"=1] [jobs="ID:160, Type:drop table, State:queueing, SchemaState:public, SchemaID:114, TableID:156, RowCount:0, ArgLen:1, start time: 2026-07-17 08:19:05.927 +0800 CST, Err:<nil>, ErrCount:0, SnapshotVersion:0, Version: v2; "] [fast_create=true]
[2026/07/17 08:19:05.978 +08:00] [INFO] [executor.go:7285] ["DDL job submitted"] [category=ddl] [job="ID:160, Type:drop table, State:queueing, SchemaState:public, SchemaID:114, TableID:156, RowCount:0, ArgLen:1, start time: 2026-07-17 08:19:05.927 +0800 CST, Err:<nil>, ErrCount:0, SnapshotVersion:0, Version: v2"] [query="drop table `ai_stmt_control`,`ai_stmt_probe`"]
[2026/07/17 08:19:05.979 +08:00] [INFO] [job_worker.go:854] ["run one job step"] [category=ddl] [jobID=160] [conn=1] [job="ID:160, Type:drop table, State:queueing, SchemaState:public, SchemaID:114, TableID:156, RowCount:0, ArgLen:0, start time: 2026-07-17 08:19:05.927 +0800 CST, Err:<nil>, ErrCount:0, SnapshotVersion:0, Version: v2"]
[2026/07/17 08:19:05.987 +08:00] [INFO] [loader.go:216] ["diff load InfoSchema success"] [mode=auto] [isV2=true] [currVer=119] [neededVer=120] [gotVer=120] ["elapsed time"=565.042µs] [phyTblIDs="[156]"] [actionTypes="[4]"] [diffTypes="[\"drop table\"]"]
[2026/07/17 08:19:05.988 +08:00] [INFO] [syncer.go:281] ["mdl gets lock, update self version to owner"] [jobID=160] [version=120]
[2026/07/17 08:19:05.992 +08:00] [INFO] [schema_version.go:397] ["wait schema version synced success"] [category=ddl] [ver=120] [checkAssumedSvr=false] ["take time"=6.077334ms] [job="ID:160, Type:drop table, State:running, SchemaState:write only, SchemaID:114, TableID:156, RowCount:0, ArgLen:1, start time: 2026-07-17 08:19:05.927 +0800 CST, Err:<nil>, ErrCount:0, SnapshotVersion:0, Version: v2"] [summary="server count: 1"]
[2026/07/17 08:19:05.994 +08:00] [INFO] [job_worker.go:854] ["run one job step"] [category=ddl] [jobID=160] [conn=1] [job="ID:160, Type:drop table, State:running, SchemaState:write only, SchemaID:114, TableID:156, RowCount:0, ArgLen:0, start time: 2026-07-17 08:19:05.927 +0800 CST, Err:<nil>, ErrCount:0, SnapshotVersion:0, Version: v2"]
[2026/07/17 08:19:06.001 +08:00] [INFO] [loader.go:216] ["diff load InfoSchema success"] [mode=auto] [isV2=true] [currVer=120] [neededVer=121] [gotVer=121] ["elapsed time"=315.292µs] [phyTblIDs="[156]"] [actionTypes="[4]"] [diffTypes="[\"drop table\"]"]
[2026/07/17 08:19:06.001 +08:00] [INFO] [syncer.go:281] ["mdl gets lock, update self version to owner"] [jobID=160] [version=121]
[2026/07/17 08:19:06.005 +08:00] [INFO] [schema_version.go:397] ["wait schema version synced success"] [category=ddl] [ver=121] [checkAssumedSvr=false] ["take time"=5.149875ms] [job="ID:160, Type:drop table, State:running, SchemaState:delete only, SchemaID:114, TableID:156, RowCount:0, ArgLen:1, start time: 2026-07-17 08:19:05.927 +0800 CST, Err:<nil>, ErrCount:0, SnapshotVersion:0, Version: v2"] [summary="server count: 1"]
[2026/07/17 08:19:06.006 +08:00] [INFO] [job_worker.go:854] ["run one job step"] [category=ddl] [jobID=160] [conn=1] [job="ID:160, Type:drop table, State:running, SchemaState:delete only, SchemaID:114, TableID:156, RowCount:0, ArgLen:0, start time: 2026-07-17 08:19:05.927 +0800 CST, Err:<nil>, ErrCount:0, SnapshotVersion:0, Version: v2"]
[2026/07/17 08:19:06.008 +08:00] [WARN] [ddl.go:700] ["fail to notify DDL event"] [category=ddl] [event="(Event Type: drop table, Old Table ID: 156, Old Table Name: ai_stmt_control)"]
[2026/07/17 08:19:06.015 +08:00] [INFO] [loader.go:216] ["diff load InfoSchema success"] [mode=auto] [isV2=true] [currVer=121] [neededVer=122] [gotVer=122] ["elapsed time"=183.958µs] [phyTblIDs="[156]"] [actionTypes="[4]"] [diffTypes="[\"drop table\"]"]
[2026/07/17 08:19:06.015 +08:00] [INFO] [syncer.go:281] ["mdl gets lock, update self version to owner"] [jobID=160] [version=122]
[2026/07/17 08:19:06.019 +08:00] [INFO] [schema_version.go:397] ["wait schema version synced success"] [category=ddl] [ver=122] [checkAssumedSvr=false] ["take time"=5.015958ms] [job="ID:160, Type:drop table, State:done, SchemaState:none, SchemaID:114, TableID:156, RowCount:0, ArgLen:1, start time: 2026-07-17 08:19:05.927 +0800 CST, Err:<nil>, ErrCount:0, SnapshotVersion:0, Version: v2"] [summary="server count: 1"]
[2026/07/17 08:19:06.021 +08:00] [INFO] [delete_range.go:470] ["insert into delete-range table"] [category=ddl] [jobID=160] [tableIDs="[156]"] [comment="drop table: table ID"]
[2026/07/17 08:19:06.023 +08:00] [INFO] [delete_range.go:112] ["add job into delete-range table"] [category=ddl] [jobID=160] [jobType="drop table"]
[2026/07/17 08:19:06.023 +08:00] [INFO] [job_worker.go:447] ["finish DDL job"] [category=ddl] [jobID=160] [conn=1] [job="ID:160, Type:drop table, State:synced, SchemaState:none, SchemaID:114, TableID:156, RowCount:0, ArgLen:1, start time: 2026-07-17 08:19:05.927 +0800 CST, Err:<nil>, ErrCount:0, SnapshotVersion:0, Version: v2"]
[2026/07/17 08:19:06.026 +08:00] [INFO] [executor.go:7423] ["DDL job is finished"] [category=ddl] [jobID=160]
[2026/07/17 08:19:06.029 +08:00] [INFO] [job_submitter.go:118] ["add DDL jobs"] [category=ddl] ["batch count"=1] [jobs="ID:161, Type:drop table, State:queueing, SchemaState:public, SchemaID:114, TableID:158, RowCount:0, ArgLen:1, start time: 2026-07-17 08:19:05.977 +0800 CST, Err:<nil>, ErrCount:0, SnapshotVersion:0, Version: v2; "] [fast_create=true]
[2026/07/17 08:19:06.029 +08:00] [INFO] [executor.go:7285] ["DDL job submitted"] [category=ddl] [job="ID:161, Type:drop table, State:queueing, SchemaState:public, SchemaID:114, TableID:158, RowCount:0, ArgLen:1, start time: 2026-07-17 08:19:05.977 +0800 CST, Err:<nil>, ErrCount:0, SnapshotVersion:0, Version: v2"] [query="drop table `ai_stmt_control`,`ai_stmt_probe`"]
[2026/07/17 08:19:06.030 +08:00] [INFO] [lock_resolver.go:1631] ["txn lock cleanup resolve-lock rpc finished"] [action=commit] [txnStartTS=467729788705701889] [commitTS=467729788705701891] [regionID=8] [resolveLite=true] [resolvedByCheckTxnStatus=false]
[2026/07/17 08:19:06.031 +08:00] [INFO] [job_worker.go:854] ["run one job step"] [category=ddl] [jobID=161] [conn=1] [job="ID:161, Type:drop table, State:queueing, SchemaState:public, SchemaID:114, TableID:158, RowCount:0, ArgLen:0, start time: 2026-07-17 08:19:05.977 +0800 CST, Err:<nil>, ErrCount:0, SnapshotVersion:0, Version: v2"]
[2026/07/17 08:19:06.038 +08:00] [INFO] [loader.go:216] ["diff load InfoSchema success"] [mode=auto] [isV2=true] [currVer=122] [neededVer=123] [gotVer=123] ["elapsed time"=315.625µs] [phyTblIDs="[158]"] [actionTypes="[4]"] [diffTypes="[\"drop table\"]"]
[2026/07/17 08:19:06.038 +08:00] [INFO] [syncer.go:281] ["mdl gets lock, update self version to owner"] [jobID=161] [version=123]
[2026/07/17 08:19:06.043 +08:00] [INFO] [schema_version.go:397] ["wait schema version synced success"] [category=ddl] [ver=123] [checkAssumedSvr=false] ["take time"=5.940042ms] [job="ID:161, Type:drop table, State:running, SchemaState:write only, SchemaID:114, TableID:158, RowCount:0, ArgLen:1, start time: 2026-07-17 08:19:05.977 +0800 CST, Err:<nil>, ErrCount:0, SnapshotVersion:0, Version: v2"] [summary="server count: 1"]
[2026/07/17 08:19:06.044 +08:00] [INFO] [job_worker.go:854] ["run one job step"] [category=ddl] [jobID=161] [conn=1] [job="ID:161, Type:drop table, State:running, SchemaState:write only, SchemaID:114, TableID:158, RowCount:0, ArgLen:0, start time: 2026-07-17 08:19:05.977 +0800 CST, Err:<nil>, ErrCount:0, SnapshotVersion:0, Version: v2"]
[2026/07/17 08:19:06.051 +08:00] [INFO] [loader.go:216] ["diff load InfoSchema success"] [mode=auto] [isV2=true] [currVer=123] [neededVer=124] [gotVer=124] ["elapsed time"=298.917µs] [phyTblIDs="[158]"] [actionTypes="[4]"] [diffTypes="[\"drop table\"]"]
[2026/07/17 08:19:06.051 +08:00] [INFO] [syncer.go:281] ["mdl gets lock, update self version to owner"] [jobID=161] [version=124]
[2026/07/17 08:19:06.055 +08:00] [INFO] [schema_version.go:397] ["wait schema version synced success"] [category=ddl] [ver=124] [checkAssumedSvr=false] ["take time"=4.996125ms] [job="ID:161, Type:drop table, State:running, SchemaState:delete only, SchemaID:114, TableID:158, RowCount:0, ArgLen:1, start time: 2026-07-17 08:19:05.977 +0800 CST, Err:<nil>, ErrCount:0, SnapshotVersion:0, Version: v2"] [summary="server count: 1"]
[2026/07/17 08:19:06.056 +08:00] [INFO] [job_worker.go:854] ["run one job step"] [category=ddl] [jobID=161] [conn=1] [job="ID:161, Type:drop table, State:running, SchemaState:delete only, SchemaID:114, TableID:158, RowCount:0, ArgLen:0, start time: 2026-07-17 08:19:05.977 +0800 CST, Err:<nil>, ErrCount:0, SnapshotVersion:0, Version: v2"]
[2026/07/17 08:19:06.064 +08:00] [WARN] [ddl.go:700] ["fail to notify DDL event"] [category=ddl] [event="(Event Type: drop table, Old Table ID: 158, Old Table Name: ai_stmt_probe)"]
[2026/07/17 08:19:06.071 +08:00] [INFO] [loader.go:216] ["diff load InfoSchema success"] [mode=auto] [isV2=true] [currVer=124] [neededVer=125] [gotVer=125] ["elapsed time"=199.666µs] [phyTblIDs="[158]"] [actionTypes="[4]"] [diffTypes="[\"drop table\"]"]
[2026/07/17 08:19:06.071 +08:00] [INFO] [syncer.go:281] ["mdl gets lock, update self version to owner"] [jobID=161] [version=125]
[2026/07/17 08:19:06.075 +08:00] [INFO] [schema_version.go:397] ["wait schema version synced success"] [category=ddl] [ver=125] [checkAssumedSvr=false] ["take time"=4.911208ms] [job="ID:161, Type:drop table, State:done, SchemaState:none, SchemaID:114, TableID:158, RowCount:0, ArgLen:1, start time: 2026-07-17 08:19:05.977 +0800 CST, Err:<nil>, ErrCount:0, SnapshotVersion:0, Version: v2"] [summary="server count: 1"]
[2026/07/17 08:19:06.077 +08:00] [INFO] [delete_range.go:470] ["insert into delete-range table"] [category=ddl] [jobID=161] [tableIDs="[158]"] [comment="drop table: table ID"]
[2026/07/17 08:19:06.077 +08:00] [INFO] [delete_range.go:112] ["add job into delete-range table"] [category=ddl] [jobID=161] [jobType="drop table"]
[2026/07/17 08:19:06.077 +08:00] [INFO] [job_worker.go:447] ["finish DDL job"] [category=ddl] [jobID=161] [conn=1] [job="ID:161, Type:drop table, State:synced, SchemaState:none, SchemaID:114, TableID:158, RowCount:0, ArgLen:1, start time: 2026-07-17 08:19:05.977 +0800 CST, Err:<nil>, ErrCount:0, SnapshotVersion:0, Version: v2"]
[2026/07/17 08:19:06.079 +08:00] [INFO] [executor.go:7423] ["DDL job is finished"] [category=ddl] [jobID=161]
[2026/07/17 08:19:06.079 +08:00] [INFO] [session.go:5195] ["CRUCIAL OPERATION"] [conn=1] [schemaVersion=125] [cur_db=test] [sql="drop table `ai_stmt_control`,`ai_stmt_probe`"] [user=]
    testkit.go:325: cleaned up ddl and tables
=== RUN   TestAINativeFailedStatementCannotPoisonPriorMutation/optimistic/delete_then_failed_multirow_reinsert
[2026/07/17 08:19:06.080 +08:00] [INFO] [session.go:5195] ["CRUCIAL OPERATION"] [conn=2] [schemaVersion=125] [cur_db=test] [sql="drop table if exists ai_stmt_control, ai_stmt_probe"] [user=]
[2026/07/17 08:19:06.084 +08:00] [INFO] [job_submitter.go:118] ["add DDL jobs"] [category=ddl] ["batch count"=1] [jobs="ID:163, Type:create table, State:queueing, SchemaState:none, SchemaID:114, TableID:162, RowCount:0, ArgLen:1, start time: 2026-07-17 08:19:06.077 +0800 CST, Err:<nil>, ErrCount:0, SnapshotVersion:0, Version: v2; "] [fast_create=true]
[2026/07/17 08:19:06.084 +08:00] [INFO] [executor.go:7285] ["DDL job submitted"] [category=ddl] [job="ID:163, Type:create table, State:queueing, SchemaState:none, SchemaID:114, TableID:162, RowCount:0, ArgLen:1, start time: 2026-07-17 08:19:06.077 +0800 CST, Err:<nil>, ErrCount:0, SnapshotVersion:0, Version: v2"] [query="create table ai_stmt_control (\n\t\t\tid int primary key clustered,\n\t\t\tu1 int not null,\n\t\t\tu2 int not null,\n\t\t\tbase int not null,\n\t\t\tg int as (base + 1) stored,\n\t\t\tunique key u1_idx(u1),\n\t\t\tunique key u2_idx(u2),\n\t\t\tkey base_idx(base),\n\t\t\tkey g_idx(g),\n\t\t\tconstraint base_positive check (base > 0)\n\t\t)"]
[2026/07/17 08:19:06.084 +08:00] [INFO] [lock_resolver.go:1631] ["txn lock cleanup resolve-lock rpc finished"] [action=commit] [txnStartTS=467729788718809106] [commitTS=467729788718809108] [regionID=8] [resolveLite=true] [resolvedByCheckTxnStatus=false]
[2026/07/17 08:19:06.085 +08:00] [INFO] [job_worker.go:854] ["run one job step"] [category=ddl] [jobID=163] [conn=2] [job="ID:163, Type:create table, State:queueing, SchemaState:none, SchemaID:114, TableID:162, RowCount:0, ArgLen:0, start time: 2026-07-17 08:19:06.077 +0800 CST, Err:<nil>, ErrCount:0, SnapshotVersion:0, Version: v2"]
[2026/07/17 08:19:06.086 +08:00] [WARN] [ddl.go:700] ["fail to notify DDL event"] [category=ddl] [event="(Event Type: create table, Table ID: 162, Table Name: ai_stmt_control)"]
[2026/07/17 08:19:06.093 +08:00] [INFO] [loader.go:216] ["diff load InfoSchema success"] [mode=auto] [isV2=true] [currVer=125] [neededVer=126] [gotVer=126] ["elapsed time"=273.208µs] [phyTblIDs="[162]"] [actionTypes="[3]"] [diffTypes="[\"create table\"]"]
[2026/07/17 08:19:06.093 +08:00] [INFO] [syncer.go:281] ["mdl gets lock, update self version to owner"] [jobID=163] [version=126]
[2026/07/17 08:19:06.097 +08:00] [INFO] [schema_version.go:397] ["wait schema version synced success"] [category=ddl] [ver=126] [checkAssumedSvr=false] ["take time"=5.073542ms] [job="ID:163, Type:create table, State:done, SchemaState:public, SchemaID:114, TableID:162, RowCount:0, ArgLen:1, start time: 2026-07-17 08:19:06.077 +0800 CST, Err:<nil>, ErrCount:0, SnapshotVersion:0, Version: v2"] [summary="server count: 1"]
[2026/07/17 08:19:06.098 +08:00] [INFO] [job_worker.go:447] ["finish DDL job"] [category=ddl] [jobID=163] [conn=2] [job="ID:163, Type:create table, State:synced, SchemaState:public, SchemaID:114, TableID:162, RowCount:0, ArgLen:0, start time: 2026-07-17 08:19:06.077 +0800 CST, Err:<nil>, ErrCount:0, SnapshotVersion:0, Version: v2"]
[2026/07/17 08:19:06.100 +08:00] [INFO] [executor.go:7423] ["DDL job is finished"] [category=ddl] [jobID=163]
[2026/07/17 08:19:06.100 +08:00] [INFO] [session.go:5195] ["CRUCIAL OPERATION"] [conn=2] [schemaVersion=126] [cur_db=test] [sql="create table ai_stmt_control (\n\t\t\tid int primary key clustered,\n\t\t\tu1 int not null,\n\t\t\tu2 int not null,\n\t\t\tbase int not null,\n\t\t\tg int as (base + 1) stored,\n\t\t\tunique key u1_idx(u1),\n\t\t\tunique key u2_idx(u2),\n\t\t\tkey base_idx(base),\n\t\t\tkey g_idx(g),\n\t\t\tconstraint base_positive check (base > 0)\n\t\t)"] [user=]
[2026/07/17 08:19:06.104 +08:00] [WARN] [prewrite.go:619] ["1pc failed and fallbacks to normal commit procedure"] [startTS=467729788718809125]
[2026/07/17 08:19:06.106 +08:00] [INFO] [job_submitter.go:118] ["add DDL jobs"] [category=ddl] ["batch count"=1] [jobs="ID:165, Type:create table, State:queueing, SchemaState:none, SchemaID:114, TableID:164, RowCount:0, ArgLen:1, start time: 2026-07-17 08:19:06.077 +0800 CST, Err:<nil>, ErrCount:0, SnapshotVersion:0, Version: v2; "] [fast_create=true]
[2026/07/17 08:19:06.107 +08:00] [INFO] [executor.go:7285] ["DDL job submitted"] [category=ddl] [job="ID:165, Type:create table, State:queueing, SchemaState:none, SchemaID:114, TableID:164, RowCount:0, ArgLen:1, start time: 2026-07-17 08:19:06.077 +0800 CST, Err:<nil>, ErrCount:0, SnapshotVersion:0, Version: v2"] [query="create table ai_stmt_probe (\n\t\t\tid int primary key clustered,\n\t\t\tu1 int not null,\n\t\t\tu2 int not null,\n\t\t\tbase int not null,\n\t\t\tg int as (base + 1) stored,\n\t\t\tunique key u1_idx(u1),\n\t\t\tunique key u2_idx(u2),\n\t\t\tkey base_idx(base),\n\t\t\tkey g_idx(g),\n\t\t\tconstraint base_positive check (base > 0)\n\t\t)"]
[2026/07/17 08:19:06.107 +08:00] [INFO] [job_worker.go:854] ["run one job step"] [category=ddl] [jobID=165] [conn=2] [job="ID:165, Type:create table, State:queueing, SchemaState:none, SchemaID:114, TableID:164, RowCount:0, ArgLen:0, start time: 2026-07-17 08:19:06.077 +0800 CST, Err:<nil>, ErrCount:0, SnapshotVersion:0, Version: v2"]
[2026/07/17 08:19:06.108 +08:00] [WARN] [ddl.go:700] ["fail to notify DDL event"] [category=ddl] [event="(Event Type: create table, Table ID: 164, Table Name: ai_stmt_probe)"]
[2026/07/17 08:19:06.115 +08:00] [INFO] [loader.go:216] ["diff load InfoSchema success"] [mode=auto] [isV2=true] [currVer=126] [neededVer=127] [gotVer=127] ["elapsed time"=294.958µs] [phyTblIDs="[164]"] [actionTypes="[3]"] [diffTypes="[\"create table\"]"]
[2026/07/17 08:19:06.115 +08:00] [INFO] [syncer.go:281] ["mdl gets lock, update self version to owner"] [jobID=165] [version=127]
[2026/07/17 08:19:06.119 +08:00] [INFO] [schema_version.go:397] ["wait schema version synced success"] [category=ddl] [ver=127] [checkAssumedSvr=false] ["take time"=4.892583ms] [job="ID:165, Type:create table, State:done, SchemaState:public, SchemaID:114, TableID:164, RowCount:0, ArgLen:1, start time: 2026-07-17 08:19:06.077 +0800 CST, Err:<nil>, ErrCount:0, SnapshotVersion:0, Version: v2"] [summary="server count: 1"]
[2026/07/17 08:19:06.121 +08:00] [INFO] [job_worker.go:447] ["finish DDL job"] [category=ddl] [jobID=165] [conn=2] [job="ID:165, Type:create table, State:synced, SchemaState:public, SchemaID:114, TableID:164, RowCount:0, ArgLen:0, start time: 2026-07-17 08:19:06.077 +0800 CST, Err:<nil>, ErrCount:0, SnapshotVersion:0, Version: v2"]
[2026/07/17 08:19:06.123 +08:00] [INFO] [executor.go:7423] ["DDL job is finished"] [category=ddl] [jobID=165]
[2026/07/17 08:19:06.123 +08:00] [INFO] [session.go:5195] ["CRUCIAL OPERATION"] [conn=2] [schemaVersion=127] [cur_db=test] [sql="create table ai_stmt_probe (\n\t\t\tid int primary key clustered,\n\t\t\tu1 int not null,\n\t\t\tu2 int not null,\n\t\t\tbase int not null,\n\t\t\tg int as (base + 1) stored,\n\t\t\tunique key u1_idx(u1),\n\t\t\tunique key u2_idx(u2),\n\t\t\tkey base_idx(base),\n\t\t\tkey g_idx(g),\n\t\t\tconstraint base_positive check (base > 0)\n\t\t)"] [user=]
[2026/07/17 08:19:06.127 +08:00] [WARN] [prewrite.go:619] ["1pc failed and fallbacks to normal commit procedure"] [startTS=467729788718809149]
[2026/07/17 08:19:06.128 +08:00] [WARN] [prewrite.go:619] ["1pc failed and fallbacks to normal commit procedure"] [startTS=467729788731916291]
    ai_native_unique_owner_fuzz_test.go:926: 
        	Error Trace:	/Users/bba/pc/tidb-ai-master/tests/realtikvtest/txntest/ai_native_unique_owner_fuzz_test.go:926
        	Error:      	An error is expected but got nil.
        	Test:       	TestAINativeFailedStatementCannotPoisonPriorMutation/optimistic/delete_then_failed_multirow_reinsert
        	Messages:   	the poison statement must reach statement rollback
=== RUN   TestAINativeFailedStatementCannotPoisonPriorMutation/optimistic/update_then_failed_multirow_update
[2026/07/17 08:19:06.130 +08:00] [WARN] [prewrite.go:619] ["1pc failed and fallbacks to normal commit procedure"] [startTS=467729788731916294]
[2026/07/17 08:19:06.130 +08:00] [INFO] [txn.go:55] ["Try to create a new txn inside a transaction auto commit"] [schemaVersion=127] [txnStartTS=467729788731916294] [txnScope=global]
[2026/07/17 08:19:06.132 +08:00] [INFO] [job_submitter.go:118] ["add DDL jobs"] [category=ddl] ["batch count"=1] [jobs="ID:166, Type:drop table, State:queueing, SchemaState:public, SchemaID:114, TableID:162, RowCount:0, ArgLen:1, start time: 2026-07-17 08:19:06.127 +0800 CST, Err:<nil>, ErrCount:0, SnapshotVersion:0, Version: v2; "] [fast_create=true]
[2026/07/17 08:19:06.132 +08:00] [INFO] [executor.go:7285] ["DDL job submitted"] [category=ddl] [job="ID:166, Type:drop table, State:queueing, SchemaState:public, SchemaID:114, TableID:162, RowCount:0, ArgLen:1, start time: 2026-07-17 08:19:06.127 +0800 CST, Err:<nil>, ErrCount:0, SnapshotVersion:0, Version: v2"] [query="drop table if exists ai_stmt_control, ai_stmt_probe"]
[2026/07/17 08:19:06.132 +08:00] [INFO] [lock_resolver.go:1631] ["txn lock cleanup resolve-lock rpc finished"] [action=commit] [txnStartTS=467729788731916300] [commitTS=467729788731916301] [regionID=8] [resolveLite=true] [resolvedByCheckTxnStatus=false]
[2026/07/17 08:19:06.133 +08:00] [INFO] [job_worker.go:854] ["run one job step"] [category=ddl] [jobID=166] [conn=2] [job="ID:166, Type:drop table, State:queueing, SchemaState:public, SchemaID:114, TableID:162, RowCount:0, ArgLen:0, start time: 2026-07-17 08:19:06.127 +0800 CST, Err:<nil>, ErrCount:0, SnapshotVersion:0, Version: v2"]
[2026/07/17 08:19:06.139 +08:00] [INFO] [loader.go:216] ["diff load InfoSchema success"] [mode=auto] [isV2=true] [currVer=127] [neededVer=128] [gotVer=128] ["elapsed time"=319.167µs] [phyTblIDs="[162]"] [actionTypes="[4]"] [diffTypes="[\"drop table\"]"]
[2026/07/17 08:19:06.139 +08:00] [INFO] [syncer.go:281] ["mdl gets lock, update self version to owner"] [jobID=166] [version=128]
[2026/07/17 08:19:06.143 +08:00] [INFO] [schema_version.go:397] ["wait schema version synced success"] [category=ddl] [ver=128] [checkAssumedSvr=false] ["take time"=4.9315ms] [job="ID:166, Type:drop table, State:running, SchemaState:write only, SchemaID:114, TableID:162, RowCount:0, ArgLen:1, start time: 2026-07-17 08:19:06.127 +0800 CST, Err:<nil>, ErrCount:0, SnapshotVersion:0, Version: v2"] [summary="server count: 1"]
[2026/07/17 08:19:06.144 +08:00] [INFO] [job_worker.go:854] ["run one job step"] [category=ddl] [jobID=166] [conn=2] [job="ID:166, Type:drop table, State:running, SchemaState:write only, SchemaID:114, TableID:162, RowCount:0, ArgLen:0, start time: 2026-07-17 08:19:06.127 +0800 CST, Err:<nil>, ErrCount:0, SnapshotVersion:0, Version: v2"]
[2026/07/17 08:19:06.151 +08:00] [INFO] [loader.go:216] ["diff load InfoSchema success"] [mode=auto] [isV2=true] [currVer=128] [neededVer=129] [gotVer=129] ["elapsed time"=317.708µs] [phyTblIDs="[162]"] [actionTypes="[4]"] [diffTypes="[\"drop table\"]"]
[2026/07/17 08:19:06.151 +08:00] [INFO] [syncer.go:281] ["mdl gets lock, update self version to owner"] [jobID=166] [version=129]
[2026/07/17 08:19:06.155 +08:00] [INFO] [schema_version.go:397] ["wait schema version synced success"] [category=ddl] [ver=129] [checkAssumedSvr=false] ["take time"=5.115ms] [job="ID:166, Type:drop table, State:running, SchemaState:delete only, SchemaID:114, TableID:162, RowCount:0, ArgLen:1, start time: 2026-07-17 08:19:06.127 +0800 CST, Err:<nil>, ErrCount:0, SnapshotVersion:0, Version: v2"] [summary="server count: 1"]
[2026/07/17 08:19:06.156 +08:00] [INFO] [job_worker.go:854] ["run one job step"] [category=ddl] [jobID=166] [conn=2] [job="ID:166, Type:drop table, State:running, SchemaState:delete only, SchemaID:114, TableID:162, RowCount:0, ArgLen:0, start time: 2026-07-17 08:19:06.127 +0800 CST, Err:<nil>, ErrCount:0, SnapshotVersion:0, Version: v2"]
[2026/07/17 08:19:06.157 +08:00] [WARN] [ddl.go:700] ["fail to notify DDL event"] [category=ddl] [event="(Event Type: drop table, Old Table ID: 162, Old Table Name: ai_stmt_control)"]
[2026/07/17 08:19:06.164 +08:00] [INFO] [loader.go:216] ["diff load InfoSchema success"] [mode=auto] [isV2=true] [currVer=129] [neededVer=130] [gotVer=130] ["elapsed time"=200.625µs] [phyTblIDs="[162]"] [actionTypes="[4]"] [diffTypes="[\"drop table\"]"]
[2026/07/17 08:19:06.164 +08:00] [INFO] [syncer.go:281] ["mdl gets lock, update self version to owner"] [jobID=166] [version=130]
[2026/07/17 08:19:06.176 +08:00] [INFO] [schema_version.go:397] ["wait schema version synced success"] [category=ddl] [ver=130] [checkAssumedSvr=false] ["take time"=13.202458ms] [job="ID:166, Type:drop table, State:done, SchemaState:none, SchemaID:114, TableID:162, RowCount:0, ArgLen:1, start time: 2026-07-17 08:19:06.127 +0800 CST, Err:<nil>, ErrCount:0, SnapshotVersion:0, Version: v2"] [summary="server count: 1"]
[2026/07/17 08:19:06.178 +08:00] [INFO] [delete_range.go:470] ["insert into delete-range table"] [category=ddl] [jobID=166] [tableIDs="[162]"] [comment="drop table: table ID"]
[2026/07/17 08:19:06.178 +08:00] [INFO] [delete_range.go:112] ["add job into delete-range table"] [category=ddl] [jobID=166] [jobType="drop table"]
[2026/07/17 08:19:06.179 +08:00] [INFO] [job_worker.go:447] ["finish DDL job"] [category=ddl] [jobID=166] [conn=2] [job="ID:166, Type:drop table, State:synced, SchemaState:none, SchemaID:114, TableID:162, RowCount:0, ArgLen:1, start time: 2026-07-17 08:19:06.127 +0800 CST, Err:<nil>, ErrCount:0, SnapshotVersion:0, Version: v2"]
[2026/07/17 08:19:06.181 +08:00] [INFO] [executor.go:7423] ["DDL job is finished"] [category=ddl] [jobID=166]
[2026/07/17 08:19:06.185 +08:00] [INFO] [job_submitter.go:118] ["add DDL jobs"] [category=ddl] ["batch count"=1] [jobs="ID:167, Type:drop table, State:queueing, SchemaState:public, SchemaID:114, TableID:164, RowCount:0, ArgLen:1, start time: 2026-07-17 08:19:06.177 +0800 CST, Err:<nil>, ErrCount:0, SnapshotVersion:0, Version: v2; "] [fast_create=true]
[2026/07/17 08:19:06.185 +08:00] [INFO] [executor.go:7285] ["DDL job submitted"] [category=ddl] [job="ID:167, Type:drop table, State:queueing, SchemaState:public, SchemaID:114, TableID:164, RowCount:0, ArgLen:1, start time: 2026-07-17 08:19:06.177 +0800 CST, Err:<nil>, ErrCount:0, SnapshotVersion:0, Version: v2"] [query="drop table if exists ai_stmt_control, ai_stmt_probe"]
[2026/07/17 08:19:06.185 +08:00] [INFO] [lock_resolver.go:1631] ["txn lock cleanup resolve-lock rpc finished"] [action=commit] [txnStartTS=467729788745023500] [commitTS=467729788745023502] [regionID=8] [resolveLite=true] [resolvedByCheckTxnStatus=false]
[2026/07/17 08:19:06.186 +08:00] [INFO] [job_worker.go:854] ["run one job step"] [category=ddl] [jobID=167] [conn=2] [job="ID:167, Type:drop table, State:queueing, SchemaState:public, SchemaID:114, TableID:164, RowCount:0, ArgLen:0, start time: 2026-07-17 08:19:06.177 +0800 CST, Err:<nil>, ErrCount:0, SnapshotVersion:0, Version: v2"]
[2026/07/17 08:19:06.193 +08:00] [INFO] [loader.go:216] ["diff load InfoSchema success"] [mode=auto] [isV2=true] [currVer=130] [neededVer=131] [gotVer=131] ["elapsed time"=346.042µs] [phyTblIDs="[164]"] [actionTypes="[4]"] [diffTypes="[\"drop table\"]"]
[2026/07/17 08:19:06.193 +08:00] [INFO] [syncer.go:281] ["mdl gets lock, update self version to owner"] [jobID=167] [version=131]
[2026/07/17 08:19:06.197 +08:00] [INFO] [schema_version.go:397] ["wait schema version synced success"] [category=ddl] [ver=131] [checkAssumedSvr=false] ["take time"=4.993459ms] [job="ID:167, Type:drop table, State:running, SchemaState:write only, SchemaID:114, TableID:164, RowCount:0, ArgLen:1, start time: 2026-07-17 08:19:06.177 +0800 CST, Err:<nil>, ErrCount:0, SnapshotVersion:0, Version: v2"] [summary="server count: 1"]
[2026/07/17 08:19:06.198 +08:00] [INFO] [job_worker.go:854] ["run one job step"] [category=ddl] [jobID=167] [conn=2] [job="ID:167, Type:drop table, State:running, SchemaState:write only, SchemaID:114, TableID:164, RowCount:0, ArgLen:0, start time: 2026-07-17 08:19:06.177 +0800 CST, Err:<nil>, ErrCount:0, SnapshotVersion:0, Version: v2"]
[2026/07/17 08:19:06.205 +08:00] [INFO] [loader.go:216] ["diff load InfoSchema success"] [mode=auto] [isV2=true] [currVer=131] [neededVer=132] [gotVer=132] ["elapsed time"=356.583µs] [phyTblIDs="[164]"] [actionTypes="[4]"] [diffTypes="[\"drop table\"]"]
[2026/07/17 08:19:06.206 +08:00] [INFO] [syncer.go:281] ["mdl gets lock, update self version to owner"] [jobID=167] [version=132]
[2026/07/17 08:19:06.210 +08:00] [INFO] [schema_version.go:397] ["wait schema version synced success"] [category=ddl] [ver=132] [checkAssumedSvr=false] ["take time"=5.935416ms] [job="ID:167, Type:drop table, State:running, SchemaState:delete only, SchemaID:114, TableID:164, RowCount:0, ArgLen:1, start time: 2026-07-17 08:19:06.177 +0800 CST, Err:<nil>, ErrCount:0, SnapshotVersion:0, Version: v2"] [summary="server count: 1"]
[2026/07/17 08:19:06.212 +08:00] [INFO] [job_worker.go:854] ["run one job step"] [category=ddl] [jobID=167] [conn=2] [job="ID:167, Type:drop table, State:running, SchemaState:delete only, SchemaID:114, TableID:164, RowCount:0, ArgLen:0, start time: 2026-07-17 08:19:06.177 +0800 CST, Err:<nil>, ErrCount:0, SnapshotVersion:0, Version: v2"]
[2026/07/17 08:19:06.213 +08:00] [WARN] [ddl.go:700] ["fail to notify DDL event"] [category=ddl] [event="(Event Type: drop table, Old Table ID: 164, Old Table Name: ai_stmt_probe)"]
[2026/07/17 08:19:06.220 +08:00] [INFO] [loader.go:216] ["diff load InfoSchema success"] [mode=auto] [isV2=true] [currVer=132] [neededVer=133] [gotVer=133] ["elapsed time"=208.125µs] [phyTblIDs="[164]"] [actionTypes="[4]"] [diffTypes="[\"drop table\"]"]
[2026/07/17 08:19:06.220 +08:00] [INFO] [syncer.go:281] ["mdl gets lock, update self version to owner"] [jobID=167] [version=133]
[2026/07/17 08:19:06.225 +08:00] [INFO] [schema_version.go:397] ["wait schema version synced success"] [category=ddl] [ver=133] [checkAssumedSvr=false] ["take time"=5.900833ms] [job="ID:167, Type:drop table, State:done, SchemaState:none, SchemaID:114, TableID:164, RowCount:0, ArgLen:1, start time: 2026-07-17 08:19:06.177 +0800 CST, Err:<nil>, ErrCount:0, SnapshotVersion:0, Version: v2"] [summary="server count: 1"]
[2026/07/17 08:19:06.227 +08:00] [INFO] [delete_range.go:470] ["insert into delete-range table"] [category=ddl] [jobID=167] [tableIDs="[164]"] [comment="drop table: table ID"]
[2026/07/17 08:19:06.227 +08:00] [INFO] [delete_range.go:112] ["add job into delete-range table"] [category=ddl] [jobID=167] [jobType="drop table"]
[2026/07/17 08:19:06.227 +08:00] [INFO] [job_worker.go:447] ["finish DDL job"] [category=ddl] [jobID=167] [conn=2] [job="ID:167, Type:drop table, State:synced, SchemaState:none, SchemaID:114, TableID:164, RowCount:0, ArgLen:1, start time: 2026-07-17 08:19:06.177 +0800 CST, Err:<nil>, ErrCount:0, SnapshotVersion:0, Version: v2"]
[2026/07/17 08:19:06.230 +08:00] [INFO] [executor.go:7423] ["DDL job is finished"] [category=ddl] [jobID=167]
[2026/07/17 08:19:06.230 +08:00] [INFO] [session.go:5195] ["CRUCIAL OPERATION"] [conn=2] [schemaVersion=133] [cur_db=test] [sql="drop table if exists ai_stmt_control, ai_stmt_probe"] [user=]
[2026/07/17 08:19:06.234 +08:00] [INFO] [job_submitter.go:118] ["add DDL jobs"] [category=ddl] ["batch count"=1] [jobs="ID:169, Type:create table, State:queueing, SchemaState:none, SchemaID:114, TableID:168, RowCount:0, ArgLen:1, start time: 2026-07-17 08:19:06.227 +0800 CST, Err:<nil>, ErrCount:0, SnapshotVersion:0, Version: v2; "] [fast_create=true]
[2026/07/17 08:19:06.234 +08:00] [INFO] [executor.go:7285] ["DDL job submitted"] [category=ddl] [job="ID:169, Type:create table, State:queueing, SchemaState:none, SchemaID:114, TableID:168, RowCount:0, ArgLen:1, start time: 2026-07-17 08:19:06.227 +0800 CST, Err:<nil>, ErrCount:0, SnapshotVersion:0, Version: v2"] [query="create table ai_stmt_control (\n\t\t\tid int primary key clustered,\n\t\t\tu1 int not null,\n\t\t\tu2 int not null,\n\t\t\tbase int not null,\n\t\t\tg int as (base + 1) stored,\n\t\t\tunique key u1_idx(u1),\n\t\t\tunique key u2_idx(u2),\n\t\t\tkey base_idx(base),\n\t\t\tkey g_idx(g),\n\t\t\tconstraint base_positive check (base > 0)\n\t\t)"]
[2026/07/17 08:19:06.234 +08:00] [INFO] [lock_resolver.go:1631] ["txn lock cleanup resolve-lock rpc finished"] [action=commit] [txnStartTS=467729788758130699] [commitTS=467729788758130701] [regionID=8] [resolveLite=true] [resolvedByCheckTxnStatus=false]
[2026/07/17 08:19:06.235 +08:00] [INFO] [job_worker.go:854] ["run one job step"] [category=ddl] [jobID=169] [conn=2] [job="ID:169, Type:create table, State:queueing, SchemaState:none, SchemaID:114, TableID:168, RowCount:0, ArgLen:0, start time: 2026-07-17 08:19:06.227 +0800 CST, Err:<nil>, ErrCount:0, SnapshotVersion:0, Version: v2"]
[2026/07/17 08:19:06.236 +08:00] [WARN] [ddl.go:700] ["fail to notify DDL event"] [category=ddl] [event="(Event Type: create table, Table ID: 168, Table Name: ai_stmt_control)"]
[2026/07/17 08:19:06.242 +08:00] [INFO] [loader.go:216] ["diff load InfoSchema success"] [mode=auto] [isV2=true] [currVer=133] [neededVer=134] [gotVer=134] ["elapsed time"=288.625µs] [phyTblIDs="[168]"] [actionTypes="[3]"] [diffTypes="[\"create table\"]"]
[2026/07/17 08:19:06.242 +08:00] [INFO] [syncer.go:281] ["mdl gets lock, update self version to owner"] [jobID=169] [version=134]
[2026/07/17 08:19:06.247 +08:00] [INFO] [schema_version.go:397] ["wait schema version synced success"] [category=ddl] [ver=134] [checkAssumedSvr=false] ["take time"=6.190667ms] [job="ID:169, Type:create table, State:done, SchemaState:public, SchemaID:114, TableID:168, RowCount:0, ArgLen:1, start time: 2026-07-17 08:19:06.227 +0800 CST, Err:<nil>, ErrCount:0, SnapshotVersion:0, Version: v2"] [summary="server count: 1"]
[2026/07/17 08:19:06.249 +08:00] [INFO] [job_worker.go:447] ["finish DDL job"] [category=ddl] [jobID=169] [conn=2] [job="ID:169, Type:create table, State:synced, SchemaState:public, SchemaID:114, TableID:168, RowCount:0, ArgLen:0, start time: 2026-07-17 08:19:06.227 +0800 CST, Err:<nil>, ErrCount:0, SnapshotVersion:0, Version: v2"]
[2026/07/17 08:19:06.250 +08:00] [INFO] [executor.go:7423] ["DDL job is finished"] [category=ddl] [jobID=169]
[2026/07/17 08:19:06.250 +08:00] [INFO] [session.go:5195] ["CRUCIAL OPERATION"] [conn=2] [schemaVersion=134] [cur_db=test] [sql="create table ai_stmt_control (\n\t\t\tid int primary key clustered,\n\t\t\tu1 int not null,\n\t\t\tu2 int not null,\n\t\t\tbase int not null,\n\t\t\tg int as (base + 1) stored,\n\t\t\tunique key u1_idx(u1),\n\t\t\tunique key u2_idx(u2),\n\t\t\tkey base_idx(base),\n\t\t\tkey g_idx(g),\n\t\t\tconstraint base_positive check (base > 0)\n\t\t)"] [user=]
[2026/07/17 08:19:06.254 +08:00] [WARN] [prewrite.go:619] ["1pc failed and fallbacks to normal commit procedure"] [startTS=467729788758130718]
[2026/07/17 08:19:06.257 +08:00] [INFO] [job_submitter.go:118] ["add DDL jobs"] [category=ddl] ["batch count"=1] [jobs="ID:171, Type:create table, State:queueing, SchemaState:none, SchemaID:114, TableID:170, RowCount:0, ArgLen:1, start time: 2026-07-17 08:19:06.227 +0800 CST, Err:<nil>, ErrCount:0, SnapshotVersion:0, Version: v2; "] [fast_create=true]
[2026/07/17 08:19:06.257 +08:00] [INFO] [executor.go:7285] ["DDL job submitted"] [category=ddl] [job="ID:171, Type:create table, State:queueing, SchemaState:none, SchemaID:114, TableID:170, RowCount:0, ArgLen:1, start time: 2026-07-17 08:19:06.227 +0800 CST, Err:<nil>, ErrCount:0, SnapshotVersion:0, Version: v2"] [query="create table ai_stmt_probe (\n\t\t\tid int primary key clustered,\n\t\t\tu1 int not null,\n\t\t\tu2 int not null,\n\t\t\tbase int not null,\n\t\t\tg int as (base + 1) stored,\n\t\t\tunique key u1_idx(u1),\n\t\t\tunique key u2_idx(u2),\n\t\t\tkey base_idx(base),\n\t\t\tkey g_idx(g),\n\t\t\tconstraint base_positive check (base > 0)\n\t\t)"]
[2026/07/17 08:19:06.258 +08:00] [INFO] [job_worker.go:854] ["run one job step"] [category=ddl] [jobID=171] [conn=2] [job="ID:171, Type:create table, State:queueing, SchemaState:none, SchemaID:114, TableID:170, RowCount:0, ArgLen:0, start time: 2026-07-17 08:19:06.227 +0800 CST, Err:<nil>, ErrCount:0, SnapshotVersion:0, Version: v2"]
[2026/07/17 08:19:06.259 +08:00] [WARN] [ddl.go:700] ["fail to notify DDL event"] [category=ddl] [event="(Event Type: create table, Table ID: 170, Table Name: ai_stmt_probe)"]
[2026/07/17 08:19:06.265 +08:00] [INFO] [loader.go:216] ["diff load InfoSchema success"] [mode=auto] [isV2=true] [currVer=134] [neededVer=135] [gotVer=135] ["elapsed time"=334.542µs] [phyTblIDs="[170]"] [actionTypes="[3]"] [diffTypes="[\"create table\"]"]
[2026/07/17 08:19:06.266 +08:00] [INFO] [syncer.go:281] ["mdl gets lock, update self version to owner"] [jobID=171] [version=135]
[2026/07/17 08:19:06.270 +08:00] [INFO] [schema_version.go:397] ["wait schema version synced success"] [category=ddl] [ver=135] [checkAssumedSvr=false] ["take time"=5.883625ms] [job="ID:171, Type:create table, State:done, SchemaState:public, SchemaID:114, TableID:170, RowCount:0, ArgLen:1, start time: 2026-07-17 08:19:06.227 +0800 CST, Err:<nil>, ErrCount:0, SnapshotVersion:0, Version: v2"] [summary="server count: 1"]
[2026/07/17 08:19:06.272 +08:00] [INFO] [job_worker.go:447] ["finish DDL job"] [category=ddl] [jobID=171] [conn=2] [job="ID:171, Type:create table, State:synced, SchemaState:public, SchemaID:114, TableID:170, RowCount:0, ArgLen:0, start time: 2026-07-17 08:19:06.227 +0800 CST, Err:<nil>, ErrCount:0, SnapshotVersion:0, Version: v2"]
[2026/07/17 08:19:06.281 +08:00] [INFO] [executor.go:7423] ["DDL job is finished"] [category=ddl] [jobID=171]
[2026/07/17 08:19:06.281 +08:00] [INFO] [session.go:5195] ["CRUCIAL OPERATION"] [conn=2] [schemaVersion=135] [cur_db=test] [sql="create table ai_stmt_probe (\n\t\t\tid int primary key clustered,\n\t\t\tu1 int not null,\n\t\t\tu2 int not null,\n\t\t\tbase int not null,\n\t\t\tg int as (base + 1) stored,\n\t\t\tunique key u1_idx(u1),\n\t\t\tunique key u2_idx(u2),\n\t\t\tkey base_idx(base),\n\t\t\tkey g_idx(g),\n\t\t\tconstraint base_positive check (base > 0)\n\t\t)"] [user=]
[2026/07/17 08:19:06.285 +08:00] [WARN] [prewrite.go:619] ["1pc failed and fallbacks to normal commit procedure"] [startTS=467729788771237892]
[2026/07/17 08:19:06.287 +08:00] [WARN] [prewrite.go:619] ["1pc failed and fallbacks to normal commit procedure"] [startTS=467729788771237895]
    ai_native_unique_owner_fuzz_test.go:926: 
        	Error Trace:	/Users/bba/pc/tidb-ai-master/tests/realtikvtest/txntest/ai_native_unique_owner_fuzz_test.go:926
        	Error:      	An error is expected but got nil.
        	Test:       	TestAINativeFailedStatementCannotPoisonPriorMutation/optimistic/update_then_failed_multirow_update
        	Messages:   	the poison statement must reach statement rollback
=== RUN   TestAINativeFailedStatementCannotPoisonPriorMutation/optimistic/insert_then_failed_reverse_multirow_update
[2026/07/17 08:19:06.289 +08:00] [INFO] [txn.go:55] ["Try to create a new txn inside a transaction auto commit"] [schemaVersion=135] [txnStartTS=467729788771237898] [txnScope=global]
[2026/07/17 08:19:06.291 +08:00] [INFO] [job_submitter.go:118] ["add DDL jobs"] [category=ddl] ["batch count"=1] [jobs="ID:172, Type:drop table, State:queueing, SchemaState:public, SchemaID:114, TableID:168, RowCount:0, ArgLen:1, start time: 2026-07-17 08:19:06.277 +0800 CST, Err:<nil>, ErrCount:0, SnapshotVersion:0, Version: v2; "] [fast_create=true]
[2026/07/17 08:19:06.291 +08:00] [INFO] [executor.go:7285] ["DDL job submitted"] [category=ddl] [job="ID:172, Type:drop table, State:queueing, SchemaState:public, SchemaID:114, TableID:168, RowCount:0, ArgLen:1, start time: 2026-07-17 08:19:06.277 +0800 CST, Err:<nil>, ErrCount:0, SnapshotVersion:0, Version: v2"] [query="drop table if exists ai_stmt_control, ai_stmt_probe"]
[2026/07/17 08:19:06.292 +08:00] [INFO] [job_worker.go:854] ["run one job step"] [category=ddl] [jobID=172] [conn=2] [job="ID:172, Type:drop table, State:queueing, SchemaState:public, SchemaID:114, TableID:168, RowCount:0, ArgLen:0, start time: 2026-07-17 08:19:06.277 +0800 CST, Err:<nil>, ErrCount:0, SnapshotVersion:0, Version: v2"]
[2026/07/17 08:19:06.299 +08:00] [INFO] [loader.go:216] ["diff load InfoSchema success"] [mode=auto] [isV2=true] [currVer=135] [neededVer=136] [gotVer=136] ["elapsed time"=334.208µs] [phyTblIDs="[168]"] [actionTypes="[4]"] [diffTypes="[\"drop table\"]"]
[2026/07/17 08:19:06.299 +08:00] [INFO] [syncer.go:281] ["mdl gets lock, update self version to owner"] [jobID=172] [version=136]
[2026/07/17 08:19:06.303 +08:00] [INFO] [schema_version.go:397] ["wait schema version synced success"] [category=ddl] [ver=136] [checkAssumedSvr=false] ["take time"=5.070042ms] [job="ID:172, Type:drop table, State:running, SchemaState:write only, SchemaID:114, TableID:168, RowCount:0, ArgLen:1, start time: 2026-07-17 08:19:06.277 +0800 CST, Err:<nil>, ErrCount:0, SnapshotVersion:0, Version: v2"] [summary="server count: 1"]
[2026/07/17 08:19:06.304 +08:00] [INFO] [job_worker.go:854] ["run one job step"] [category=ddl] [jobID=172] [conn=2] [job="ID:172, Type:drop table, State:running, SchemaState:write only, SchemaID:114, TableID:168, RowCount:0, ArgLen:0, start time: 2026-07-17 08:19:06.277 +0800 CST, Err:<nil>, ErrCount:0, SnapshotVersion:0, Version: v2"]
[2026/07/17 08:19:06.311 +08:00] [INFO] [loader.go:216] ["diff load InfoSchema success"] [mode=auto] [isV2=true] [currVer=136] [neededVer=137] [gotVer=137] ["elapsed time"=336.042µs] [phyTblIDs="[168]"] [actionTypes="[4]"] [diffTypes="[\"drop table\"]"]
[2026/07/17 08:19:06.311 +08:00] [INFO] [syncer.go:281] ["mdl gets lock, update self version to owner"] [jobID=172] [version=137]
[2026/07/17 08:19:06.315 +08:00] [INFO] [schema_version.go:397] ["wait schema version synced success"] [category=ddl] [ver=137] [checkAssumedSvr=false] ["take time"=5.13225ms] [job="ID:172, Type:drop table, State:running, SchemaState:delete only, SchemaID:114, TableID:168, RowCount:0, ArgLen:1, start time: 2026-07-17 08:19:06.277 +0800 CST, Err:<nil>, ErrCount:0, SnapshotVersion:0, Version: v2"] [summary="server count: 1"]
[2026/07/17 08:19:06.316 +08:00] [INFO] [job_worker.go:854] ["run one job step"] [category=ddl] [jobID=172] [conn=2] [job="ID:172, Type:drop table, State:running, SchemaState:delete only, SchemaID:114, TableID:168, RowCount:0, ArgLen:0, start time: 2026-07-17 08:19:06.277 +0800 CST, Err:<nil>, ErrCount:0, SnapshotVersion:0, Version: v2"]
[2026/07/17 08:19:06.317 +08:00] [WARN] [ddl.go:700] ["fail to notify DDL event"] [category=ddl] [event="(Event Type: drop table, Old Table ID: 168, Old Table Name: ai_stmt_control)"]
[2026/07/17 08:19:06.324 +08:00] [INFO] [loader.go:216] ["diff load InfoSchema success"] [mode=auto] [isV2=true] [currVer=137] [neededVer=138] [gotVer=138] ["elapsed time"=210.917µs] [phyTblIDs="[168]"] [actionTypes="[4]"] [diffTypes="[\"drop table\"]"]
[2026/07/17 08:19:06.324 +08:00] [INFO] [syncer.go:281] ["mdl gets lock, update self version to owner"] [jobID=172] [version=138]
[2026/07/17 08:19:06.328 +08:00] [INFO] [schema_version.go:397] ["wait schema version synced success"] [category=ddl] [ver=138] [checkAssumedSvr=false] ["take time"=5.157125ms] [job="ID:172, Type:drop table, State:done, SchemaState:none, SchemaID:114, TableID:168, RowCount:0, ArgLen:1, start time: 2026-07-17 08:19:06.277 +0800 CST, Err:<nil>, ErrCount:0, SnapshotVersion:0, Version: v2"] [summary="server count: 1"]
[2026/07/17 08:19:06.329 +08:00] [INFO] [delete_range.go:470] ["insert into delete-range table"] [category=ddl] [jobID=172] [tableIDs="[168]"] [comment="drop table: table ID"]
[2026/07/17 08:19:06.330 +08:00] [INFO] [delete_range.go:112] ["add job into delete-range table"] [category=ddl] [jobID=172] [jobType="drop table"]
[2026/07/17 08:19:06.330 +08:00] [INFO] [job_worker.go:447] ["finish DDL job"] [category=ddl] [jobID=172] [conn=2] [job="ID:172, Type:drop table, State:synced, SchemaState:none, SchemaID:114, TableID:168, RowCount:0, ArgLen:1, start time: 2026-07-17 08:19:06.277 +0800 CST, Err:<nil>, ErrCount:0, SnapshotVersion:0, Version: v2"]
[2026/07/17 08:19:06.332 +08:00] [INFO] [executor.go:7423] ["DDL job is finished"] [category=ddl] [jobID=172]
[2026/07/17 08:19:06.337 +08:00] [INFO] [job_submitter.go:118] ["add DDL jobs"] [category=ddl] ["batch count"=1] [jobs="ID:173, Type:drop table, State:queueing, SchemaState:public, SchemaID:114, TableID:170, RowCount:0, ArgLen:1, start time: 2026-07-17 08:19:06.327 +0800 CST, Err:<nil>, ErrCount:0, SnapshotVersion:0, Version: v2; "] [fast_create=true]
[2026/07/17 08:19:06.337 +08:00] [INFO] [executor.go:7285] ["DDL job submitted"] [category=ddl] [job="ID:173, Type:drop table, State:queueing, SchemaState:public, SchemaID:114, TableID:170, RowCount:0, ArgLen:1, start time: 2026-07-17 08:19:06.327 +0800 CST, Err:<nil>, ErrCount:0, SnapshotVersion:0, Version: v2"] [query="drop table if exists ai_stmt_control, ai_stmt_probe"]
[2026/07/17 08:19:06.337 +08:00] [INFO] [lock_resolver.go:1631] ["txn lock cleanup resolve-lock rpc finished"] [action=commit] [txnStartTS=467729788784345102] [commitTS=467729788784345104] [regionID=8] [resolveLite=true] [resolvedByCheckTxnStatus=false]
[2026/07/17 08:19:06.338 +08:00] [INFO] [job_worker.go:854] ["run one job step"] [category=ddl] [jobID=173] [conn=2] [job="ID:173, Type:drop table, State:queueing, SchemaState:public, SchemaID:114, TableID:170, RowCount:0, ArgLen:0, start time: 2026-07-17 08:19:06.327 +0800 CST, Err:<nil>, ErrCount:0, SnapshotVersion:0, Version: v2"]
[2026/07/17 08:19:06.345 +08:00] [INFO] [loader.go:216] ["diff load InfoSchema success"] [mode=auto] [isV2=true] [currVer=138] [neededVer=139] [gotVer=139] ["elapsed time"=351µs] [phyTblIDs="[170]"] [actionTypes="[4]"] [diffTypes="[\"drop table\"]"]
[2026/07/17 08:19:06.346 +08:00] [INFO] [syncer.go:281] ["mdl gets lock, update self version to owner"] [jobID=173] [version=139]
[2026/07/17 08:19:06.350 +08:00] [INFO] [schema_version.go:397] ["wait schema version synced success"] [category=ddl] [ver=139] [checkAssumedSvr=false] ["take time"=5.812459ms] [job="ID:173, Type:drop table, State:running, SchemaState:write only, SchemaID:114, TableID:170, RowCount:0, ArgLen:1, start time: 2026-07-17 08:19:06.327 +0800 CST, Err:<nil>, ErrCount:0, SnapshotVersion:0, Version: v2"] [summary="server count: 1"]
[2026/07/17 08:19:06.351 +08:00] [INFO] [job_worker.go:854] ["run one job step"] [category=ddl] [jobID=173] [conn=2] [job="ID:173, Type:drop table, State:running, SchemaState:write only, SchemaID:114, TableID:170, RowCount:0, ArgLen:0, start time: 2026-07-17 08:19:06.327 +0800 CST, Err:<nil>, ErrCount:0, SnapshotVersion:0, Version: v2"]
[2026/07/17 08:19:06.358 +08:00] [INFO] [loader.go:216] ["diff load InfoSchema success"] [mode=auto] [isV2=true] [currVer=139] [neededVer=140] [gotVer=140] ["elapsed time"=350.167µs] [phyTblIDs="[170]"] [actionTypes="[4]"] [diffTypes="[\"drop table\"]"]
[2026/07/17 08:19:06.358 +08:00] [INFO] [syncer.go:281] ["mdl gets lock, update self version to owner"] [jobID=173] [version=140]
[2026/07/17 08:19:06.362 +08:00] [INFO] [schema_version.go:397] ["wait schema version synced success"] [category=ddl] [ver=140] [checkAssumedSvr=false] ["take time"=4.995292ms] [job="ID:173, Type:drop table, State:running, SchemaState:delete only, SchemaID:114, TableID:170, RowCount:0, ArgLen:1, start time: 2026-07-17 08:19:06.327 +0800 CST, Err:<nil>, ErrCount:0, SnapshotVersion:0, Version: v2"] [summary="server count: 1"]
[2026/07/17 08:19:06.363 +08:00] [INFO] [job_worker.go:854] ["run one job step"] [category=ddl] [jobID=173] [conn=2] [job="ID:173, Type:drop table, State:running, SchemaState:delete only, SchemaID:114, TableID:170, RowCount:0, ArgLen:0, start time: 2026-07-17 08:19:06.327 +0800 CST, Err:<nil>, ErrCount:0, SnapshotVersion:0, Version: v2"]
[2026/07/17 08:19:06.364 +08:00] [WARN] [ddl.go:700] ["fail to notify DDL event"] [category=ddl] [event="(Event Type: drop table, Old Table ID: 170, Old Table Name: ai_stmt_probe)"]
[2026/07/17 08:19:06.371 +08:00] [INFO] [loader.go:216] ["diff load InfoSchema success"] [mode=auto] [isV2=true] [currVer=140] [neededVer=141] [gotVer=141] ["elapsed time"=208.542µs] [phyTblIDs="[170]"] [actionTypes="[4]"] [diffTypes="[\"drop table\"]"]
[2026/07/17 08:19:06.371 +08:00] [INFO] [syncer.go:281] ["mdl gets lock, update self version to owner"] [jobID=173] [version=141]
[2026/07/17 08:19:06.375 +08:00] [INFO] [schema_version.go:397] ["wait schema version synced success"] [category=ddl] [ver=141] [checkAssumedSvr=false] ["take time"=5.02775ms] [job="ID:173, Type:drop table, State:done, SchemaState:none, SchemaID:114, TableID:170, RowCount:0, ArgLen:1, start time: 2026-07-17 08:19:06.327 +0800 CST, Err:<nil>, ErrCount:0, SnapshotVersion:0, Version: v2"] [summary="server count: 1"]
[2026/07/17 08:19:06.376 +08:00] [INFO] [delete_range.go:470] ["insert into delete-range table"] [category=ddl] [jobID=173] [tableIDs="[170]"] [comment="drop table: table ID"]
[2026/07/17 08:19:06.377 +08:00] [INFO] [delete_range.go:112] ["add job into delete-range table"] [category=ddl] [jobID=173] [jobType="drop table"]
[2026/07/17 08:19:06.377 +08:00] [INFO] [job_worker.go:447] ["finish DDL job"] [category=ddl] [jobID=173] [conn=2] [job="ID:173, Type:drop table, State:synced, SchemaState:none, SchemaID:114, TableID:170, RowCount:0, ArgLen:1, start time: 2026-07-17 08:19:06.327 +0800 CST, Err:<nil>, ErrCount:0, SnapshotVersion:0, Version: v2"]
[2026/07/17 08:19:06.379 +08:00] [INFO] [executor.go:7423] ["DDL job is finished"] [category=ddl] [jobID=173]
[2026/07/17 08:19:06.379 +08:00] [INFO] [session.go:5195] ["CRUCIAL OPERATION"] [conn=2] [schemaVersion=141] [cur_db=test] [sql="drop table if exists ai_stmt_control, ai_stmt_probe"] [user=]
[2026/07/17 08:19:06.389 +08:00] [INFO] [job_submitter.go:118] ["add DDL jobs"] [category=ddl] ["batch count"=1] [jobs="ID:175, Type:create table, State:queueing, SchemaState:none, SchemaID:114, TableID:174, RowCount:0, ArgLen:1, start time: 2026-07-17 08:19:06.377 +0800 CST, Err:<nil>, ErrCount:0, SnapshotVersion:0, Version: v2; "] [fast_create=true]
[2026/07/17 08:19:06.389 +08:00] [INFO] [executor.go:7285] ["DDL job submitted"] [category=ddl] [job="ID:175, Type:create table, State:queueing, SchemaState:none, SchemaID:114, TableID:174, RowCount:0, ArgLen:1, start time: 2026-07-17 08:19:06.377 +0800 CST, Err:<nil>, ErrCount:0, SnapshotVersion:0, Version: v2"] [query="create table ai_stmt_control (\n\t\t\tid int primary key clustered,\n\t\t\tu1 int not null,\n\t\t\tu2 int not null,\n\t\t\tbase int not null,\n\t\t\tg int as (base + 1) stored,\n\t\t\tunique key u1_idx(u1),\n\t\t\tunique key u2_idx(u2),\n\t\t\tkey base_idx(base),\n\t\t\tkey g_idx(g),\n\t\t\tconstraint base_positive check (base > 0)\n\t\t)"]
[2026/07/17 08:19:06.391 +08:00] [INFO] [job_worker.go:854] ["run one job step"] [category=ddl] [jobID=175] [conn=2] [job="ID:175, Type:create table, State:queueing, SchemaState:none, SchemaID:114, TableID:174, RowCount:0, ArgLen:0, start time: 2026-07-17 08:19:06.377 +0800 CST, Err:<nil>, ErrCount:0, SnapshotVersion:0, Version: v2"]
[2026/07/17 08:19:06.393 +08:00] [INFO] [lock_resolver.go:1631] ["txn lock cleanup resolve-lock rpc finished"] [action=commit] [txnStartTS=467729788797452298] [commitTS=467729788797452299] [regionID=8] [resolveLite=true] [resolvedByCheckTxnStatus=false]
[2026/07/17 08:19:06.393 +08:00] [INFO] [lock_resolver.go:1631] ["txn lock cleanup resolve-lock rpc finished"] [action=commit] [txnStartTS=467729788797452298] [commitTS=467729788797452299] [regionID=8] [resolveLite=true] [resolvedByCheckTxnStatus=false]
[2026/07/17 08:19:06.394 +08:00] [WARN] [ddl.go:700] ["fail to notify DDL event"] [category=ddl] [event="(Event Type: create table, Table ID: 174, Table Name: ai_stmt_control)"]
[2026/07/17 08:19:06.400 +08:00] [INFO] [loader.go:216] ["diff load InfoSchema success"] [mode=auto] [isV2=true] [currVer=141] [neededVer=142] [gotVer=142] ["elapsed time"=280.209µs] [phyTblIDs="[174]"] [actionTypes="[3]"] [diffTypes="[\"create table\"]"]
[2026/07/17 08:19:06.400 +08:00] [INFO] [syncer.go:281] ["mdl gets lock, update self version to owner"] [jobID=175] [version=142]
[2026/07/17 08:19:06.404 +08:00] [INFO] [schema_version.go:397] ["wait schema version synced success"] [category=ddl] [ver=142] [checkAssumedSvr=false] ["take time"=5.139959ms] [job="ID:175, Type:create table, State:done, SchemaState:public, SchemaID:114, TableID:174, RowCount:0, ArgLen:1, start time: 2026-07-17 08:19:06.377 +0800 CST, Err:<nil>, ErrCount:0, SnapshotVersion:0, Version: v2"] [summary="server count: 1"]
[2026/07/17 08:19:06.406 +08:00] [INFO] [job_worker.go:447] ["finish DDL job"] [category=ddl] [jobID=175] [conn=2] [job="ID:175, Type:create table, State:synced, SchemaState:public, SchemaID:114, TableID:174, RowCount:0, ArgLen:0, start time: 2026-07-17 08:19:06.377 +0800 CST, Err:<nil>, ErrCount:0, SnapshotVersion:0, Version: v2"]
[2026/07/17 08:19:06.407 +08:00] [INFO] [executor.go:7423] ["DDL job is finished"] [category=ddl] [jobID=175]
[2026/07/17 08:19:06.407 +08:00] [INFO] [session.go:5195] ["CRUCIAL OPERATION"] [conn=2] [schemaVersion=142] [cur_db=test] [sql="create table ai_stmt_control (\n\t\t\tid int primary key clustered,\n\t\t\tu1 int not null,\n\t\t\tu2 int not null,\n\t\t\tbase int not null,\n\t\t\tg int as (base + 1) stored,\n\t\t\tunique key u1_idx(u1),\n\t\t\tunique key u2_idx(u2),\n\t\t\tkey base_idx(base),\n\t\t\tkey g_idx(g),\n\t\t\tconstraint base_positive check (base > 0)\n\t\t)"] [user=]
[2026/07/17 08:19:06.411 +08:00] [WARN] [prewrite.go:619] ["1pc failed and fallbacks to normal commit procedure"] [startTS=467729788797452317]
[2026/07/17 08:19:06.414 +08:00] [INFO] [job_submitter.go:118] ["add DDL jobs"] [category=ddl] ["batch count"=1] [jobs="ID:177, Type:create table, State:queueing, SchemaState:none, SchemaID:114, TableID:176, RowCount:0, ArgLen:1, start time: 2026-07-17 08:19:06.377 +0800 CST, Err:<nil>, ErrCount:0, SnapshotVersion:0, Version: v2; "] [fast_create=true]
[2026/07/17 08:19:06.414 +08:00] [INFO] [executor.go:7285] ["DDL job submitted"] [category=ddl] [job="ID:177, Type:create table, State:queueing, SchemaState:none, SchemaID:114, TableID:176, RowCount:0, ArgLen:1, start time: 2026-07-17 08:19:06.377 +0800 CST, Err:<nil>, ErrCount:0, SnapshotVersion:0, Version: v2"] [query="create table ai_stmt_probe (\n\t\t\tid int primary key clustered,\n\t\t\tu1 int not null,\n\t\t\tu2 int not null,\n\t\t\tbase int not null,\n\t\t\tg int as (base + 1) stored,\n\t\t\tunique key u1_idx(u1),\n\t\t\tunique key u2_idx(u2),\n\t\t\tkey base_idx(base),\n\t\t\tkey g_idx(g),\n\t\t\tconstraint base_positive check (base > 0)\n\t\t)"]
[2026/07/17 08:19:06.415 +08:00] [INFO] [job_worker.go:854] ["run one job step"] [category=ddl] [jobID=177] [conn=2] [job="ID:177, Type:create table, State:queueing, SchemaState:none, SchemaID:114, TableID:176, RowCount:0, ArgLen:0, start time: 2026-07-17 08:19:06.377 +0800 CST, Err:<nil>, ErrCount:0, SnapshotVersion:0, Version: v2"]
[2026/07/17 08:19:06.416 +08:00] [WARN] [ddl.go:700] ["fail to notify DDL event"] [category=ddl] [event="(Event Type: create table, Table ID: 176, Table Name: ai_stmt_probe)"]
[2026/07/17 08:19:06.422 +08:00] [INFO] [loader.go:216] ["diff load InfoSchema success"] [mode=auto] [isV2=true] [currVer=142] [neededVer=143] [gotVer=143] ["elapsed time"=304.792µs] [phyTblIDs="[176]"] [actionTypes="[3]"] [diffTypes="[\"create table\"]"]
[2026/07/17 08:19:06.423 +08:00] [INFO] [syncer.go:281] ["mdl gets lock, update self version to owner"] [jobID=177] [version=143]
[2026/07/17 08:19:06.427 +08:00] [INFO] [schema_version.go:397] ["wait schema version synced success"] [category=ddl] [ver=143] [checkAssumedSvr=false] ["take time"=5.773375ms] [job="ID:177, Type:create table, State:done, SchemaState:public, SchemaID:114, TableID:176, RowCount:0, ArgLen:1, start time: 2026-07-17 08:19:06.377 +0800 CST, Err:<nil>, ErrCount:0, SnapshotVersion:0, Version: v2"] [summary="server count: 1"]
[2026/07/17 08:19:06.428 +08:00] [INFO] [job_worker.go:447] ["finish DDL job"] [category=ddl] [jobID=177] [conn=2] [job="ID:177, Type:create table, State:synced, SchemaState:public, SchemaID:114, TableID:176, RowCount:0, ArgLen:0, start time: 2026-07-17 08:19:06.377 +0800 CST, Err:<nil>, ErrCount:0, SnapshotVersion:0, Version: v2"]
[2026/07/17 08:19:06.430 +08:00] [INFO] [executor.go:7423] ["DDL job is finished"] [category=ddl] [jobID=177]
[2026/07/17 08:19:06.430 +08:00] [INFO] [session.go:5195] ["CRUCIAL OPERATION"] [conn=2] [schemaVersion=143] [cur_db=test] [sql="create table ai_stmt_probe (\n\t\t\tid int primary key clustered,\n\t\t\tu1 int not null,\n\t\t\tu2 int not null,\n\t\t\tbase int not null,\n\t\t\tg int as (base + 1) stored,\n\t\t\tunique key u1_idx(u1),\n\t\t\tunique key u2_idx(u2),\n\t\t\tkey base_idx(base),\n\t\t\tkey g_idx(g),\n\t\t\tconstraint base_positive check (base > 0)\n\t\t)"] [user=]
[2026/07/17 08:19:06.434 +08:00] [WARN] [prewrite.go:619] ["1pc failed and fallbacks to normal commit procedure"] [startTS=467729788810559496]
[2026/07/17 08:19:06.435 +08:00] [WARN] [prewrite.go:619] ["1pc failed and fallbacks to normal commit procedure"] [startTS=467729788810559499]
    ai_native_unique_owner_fuzz_test.go:926: 
        	Error Trace:	/Users/bba/pc/tidb-ai-master/tests/realtikvtest/txntest/ai_native_unique_owner_fuzz_test.go:926
        	Error:      	An error is expected but got nil.
        	Test:       	TestAINativeFailedStatementCannotPoisonPriorMutation/optimistic/insert_then_failed_reverse_multirow_update
        	Messages:   	the poison statement must reach statement rollback
=== RUN   TestAINativeFailedStatementCannotPoisonPriorMutation/optimistic/delete_then_failed_multirow_insert_with_new_owner
[2026/07/17 08:19:06.437 +08:00] [INFO] [txn.go:55] ["Try to create a new txn inside a transaction auto commit"] [schemaVersion=143] [txnStartTS=467729788810559502] [txnScope=global]
[2026/07/17 08:19:06.439 +08:00] [INFO] [job_submitter.go:118] ["add DDL jobs"] [category=ddl] ["batch count"=1] [jobs="ID:178, Type:drop table, State:queueing, SchemaState:public, SchemaID:114, TableID:174, RowCount:0, ArgLen:1, start time: 2026-07-17 08:19:06.427 +0800 CST, Err:<nil>, ErrCount:0, SnapshotVersion:0, Version: v2; "] [fast_create=true]
[2026/07/17 08:19:06.439 +08:00] [INFO] [executor.go:7285] ["DDL job submitted"] [category=ddl] [job="ID:178, Type:drop table, State:queueing, SchemaState:public, SchemaID:114, TableID:174, RowCount:0, ArgLen:1, start time: 2026-07-17 08:19:06.427 +0800 CST, Err:<nil>, ErrCount:0, SnapshotVersion:0, Version: v2"] [query="drop table if exists ai_stmt_control, ai_stmt_probe"]
[2026/07/17 08:19:06.440 +08:00] [INFO] [job_worker.go:854] ["run one job step"] [category=ddl] [jobID=178] [conn=2] [job="ID:178, Type:drop table, State:queueing, SchemaState:public, SchemaID:114, TableID:174, RowCount:0, ArgLen:0, start time: 2026-07-17 08:19:06.427 +0800 CST, Err:<nil>, ErrCount:0, SnapshotVersion:0, Version: v2"]
[2026/07/17 08:19:06.447 +08:00] [INFO] [loader.go:216] ["diff load InfoSchema success"] [mode=auto] [isV2=true] [currVer=143] [neededVer=144] [gotVer=144] ["elapsed time"=317.708µs] [phyTblIDs="[174]"] [actionTypes="[4]"] [diffTypes="[\"drop table\"]"]
[2026/07/17 08:19:06.447 +08:00] [INFO] [syncer.go:281] ["mdl gets lock, update self version to owner"] [jobID=178] [version=144]
[2026/07/17 08:19:06.451 +08:00] [INFO] [schema_version.go:397] ["wait schema version synced success"] [category=ddl] [ver=144] [checkAssumedSvr=false] ["take time"=5.107208ms] [job="ID:178, Type:drop table, State:running, SchemaState:write only, SchemaID:114, TableID:174, RowCount:0, ArgLen:1, start time: 2026-07-17 08:19:06.427 +0800 CST, Err:<nil>, ErrCount:0, SnapshotVersion:0, Version: v2"] [summary="server count: 1"]
[2026/07/17 08:19:06.452 +08:00] [INFO] [job_worker.go:854] ["run one job step"] [category=ddl] [jobID=178] [conn=2] [job="ID:178, Type:drop table, State:running, SchemaState:write only, SchemaID:114, TableID:174, RowCount:0, ArgLen:0, start time: 2026-07-17 08:19:06.427 +0800 CST, Err:<nil>, ErrCount:0, SnapshotVersion:0, Version: v2"]
[2026/07/17 08:19:06.459 +08:00] [INFO] [loader.go:216] ["diff load InfoSchema success"] [mode=auto] [isV2=true] [currVer=144] [neededVer=145] [gotVer=145] ["elapsed time"=314.125µs] [phyTblIDs="[174]"] [actionTypes="[4]"] [diffTypes="[\"drop table\"]"]
[2026/07/17 08:19:06.459 +08:00] [INFO] [syncer.go:281] ["mdl gets lock, update self version to owner"] [jobID=178] [version=145]
[2026/07/17 08:19:06.463 +08:00] [INFO] [schema_version.go:397] ["wait schema version synced success"] [category=ddl] [ver=145] [checkAssumedSvr=false] ["take time"=5.122083ms] [job="ID:178, Type:drop table, State:running, SchemaState:delete only, SchemaID:114, TableID:174, RowCount:0, ArgLen:1, start time: 2026-07-17 08:19:06.427 +0800 CST, Err:<nil>, ErrCount:0, SnapshotVersion:0, Version: v2"] [summary="server count: 1"]
[2026/07/17 08:19:06.464 +08:00] [INFO] [job_worker.go:854] ["run one job step"] [category=ddl] [jobID=178] [conn=2] [job="ID:178, Type:drop table, State:running, SchemaState:delete only, SchemaID:114, TableID:174, RowCount:0, ArgLen:0, start time: 2026-07-17 08:19:06.427 +0800 CST, Err:<nil>, ErrCount:0, SnapshotVersion:0, Version: v2"]
[2026/07/17 08:19:06.465 +08:00] [WARN] [ddl.go:700] ["fail to notify DDL event"] [category=ddl] [event="(Event Type: drop table, Old Table ID: 174, Old Table Name: ai_stmt_control)"]
[2026/07/17 08:19:06.472 +08:00] [INFO] [loader.go:216] ["diff load InfoSchema success"] [mode=auto] [isV2=true] [currVer=145] [neededVer=146] [gotVer=146] ["elapsed time"=200.166µs] [phyTblIDs="[174]"] [actionTypes="[4]"] [diffTypes="[\"drop table\"]"]
[2026/07/17 08:19:06.472 +08:00] [INFO] [syncer.go:281] ["mdl gets lock, update self version to owner"] [jobID=178] [version=146]
[2026/07/17 08:19:06.476 +08:00] [INFO] [schema_version.go:397] ["wait schema version synced success"] [category=ddl] [ver=146] [checkAssumedSvr=false] ["take time"=5.055292ms] [job="ID:178, Type:drop table, State:done, SchemaState:none, SchemaID:114, TableID:174, RowCount:0, ArgLen:1, start time: 2026-07-17 08:19:06.427 +0800 CST, Err:<nil>, ErrCount:0, SnapshotVersion:0, Version: v2"] [summary="server count: 1"]
[2026/07/17 08:19:06.477 +08:00] [INFO] [delete_range.go:470] ["insert into delete-range table"] [category=ddl] [jobID=178] [tableIDs="[174]"] [comment="drop table: table ID"]
[2026/07/17 08:19:06.478 +08:00] [INFO] [delete_range.go:112] ["add job into delete-range table"] [category=ddl] [jobID=178] [jobType="drop table"]
[2026/07/17 08:19:06.478 +08:00] [INFO] [job_worker.go:447] ["finish DDL job"] [category=ddl] [jobID=178] [conn=2] [job="ID:178, Type:drop table, State:synced, SchemaState:none, SchemaID:114, TableID:174, RowCount:0, ArgLen:1, start time: 2026-07-17 08:19:06.427 +0800 CST, Err:<nil>, ErrCount:0, SnapshotVersion:0, Version: v2"]
[2026/07/17 08:19:06.481 +08:00] [INFO] [executor.go:7423] ["DDL job is finished"] [category=ddl] [jobID=178]
[2026/07/17 08:19:06.484 +08:00] [INFO] [job_submitter.go:118] ["add DDL jobs"] [category=ddl] ["batch count"=1] [jobs="ID:179, Type:drop table, State:queueing, SchemaState:public, SchemaID:114, TableID:176, RowCount:0, ArgLen:1, start time: 2026-07-17 08:19:06.477 +0800 CST, Err:<nil>, ErrCount:0, SnapshotVersion:0, Version: v2; "] [fast_create=true]
[2026/07/17 08:19:06.484 +08:00] [INFO] [executor.go:7285] ["DDL job submitted"] [category=ddl] [job="ID:179, Type:drop table, State:queueing, SchemaState:public, SchemaID:114, TableID:176, RowCount:0, ArgLen:1, start time: 2026-07-17 08:19:06.477 +0800 CST, Err:<nil>, ErrCount:0, SnapshotVersion:0, Version: v2"] [query="drop table if exists ai_stmt_control, ai_stmt_probe"]
[2026/07/17 08:19:06.485 +08:00] [INFO] [lock_resolver.go:1631] ["txn lock cleanup resolve-lock rpc finished"] [action=commit] [txnStartTS=467729788823666700] [commitTS=467729788823666702] [regionID=8] [resolveLite=true] [resolvedByCheckTxnStatus=false]
[2026/07/17 08:19:06.486 +08:00] [INFO] [job_worker.go:854] ["run one job step"] [category=ddl] [jobID=179] [conn=2] [job="ID:179, Type:drop table, State:queueing, SchemaState:public, SchemaID:114, TableID:176, RowCount:0, ArgLen:0, start time: 2026-07-17 08:19:06.477 +0800 CST, Err:<nil>, ErrCount:0, SnapshotVersion:0, Version: v2"]
[2026/07/17 08:19:06.493 +08:00] [INFO] [loader.go:216] ["diff load InfoSchema success"] [mode=auto] [isV2=true] [currVer=146] [neededVer=147] [gotVer=147] ["elapsed time"=319.709µs] [phyTblIDs="[176]"] [actionTypes="[4]"] [diffTypes="[\"drop table\"]"]
[2026/07/17 08:19:06.494 +08:00] [INFO] [syncer.go:281] ["mdl gets lock, update self version to owner"] [jobID=179] [version=147]
[2026/07/17 08:19:06.505 +08:00] [INFO] [schema_version.go:397] ["wait schema version synced success"] [category=ddl] [ver=147] [checkAssumedSvr=false] ["take time"=12.7415ms] [job="ID:179, Type:drop table, State:running, SchemaState:write only, SchemaID:114, TableID:176, RowCount:0, ArgLen:1, start time: 2026-07-17 08:19:06.477 +0800 CST, Err:<nil>, ErrCount:0, SnapshotVersion:0, Version: v2"] [summary="server count: 1"]
[2026/07/17 08:19:06.506 +08:00] [INFO] [job_worker.go:854] ["run one job step"] [category=ddl] [jobID=179] [conn=2] [job="ID:179, Type:drop table, State:running, SchemaState:write only, SchemaID:114, TableID:176, RowCount:0, ArgLen:0, start time: 2026-07-17 08:19:06.477 +0800 CST, Err:<nil>, ErrCount:0, SnapshotVersion:0, Version: v2"]
[2026/07/17 08:19:06.513 +08:00] [INFO] [loader.go:216] ["diff load InfoSchema success"] [mode=auto] [isV2=true] [currVer=147] [neededVer=148] [gotVer=148] ["elapsed time"=321.75µs] [phyTblIDs="[176]"] [actionTypes="[4]"] [diffTypes="[\"drop table\"]"]
[2026/07/17 08:19:06.513 +08:00] [INFO] [syncer.go:281] ["mdl gets lock, update self version to owner"] [jobID=179] [version=148]
[2026/07/17 08:19:06.517 +08:00] [INFO] [schema_version.go:397] ["wait schema version synced success"] [category=ddl] [ver=148] [checkAssumedSvr=false] ["take time"=5.076208ms] [job="ID:179, Type:drop table, State:running, SchemaState:delete only, SchemaID:114, TableID:176, RowCount:0, ArgLen:1, start time: 2026-07-17 08:19:06.477 +0800 CST, Err:<nil>, ErrCount:0, SnapshotVersion:0, Version: v2"] [summary="server count: 1"]
[2026/07/17 08:19:06.518 +08:00] [INFO] [job_worker.go:854] ["run one job step"] [category=ddl] [jobID=179] [conn=2] [job="ID:179, Type:drop table, State:running, SchemaState:delete only, SchemaID:114, TableID:176, RowCount:0, ArgLen:0, start time: 2026-07-17 08:19:06.477 +0800 CST, Err:<nil>, ErrCount:0, SnapshotVersion:0, Version: v2"]
[2026/07/17 08:19:06.519 +08:00] [WARN] [ddl.go:700] ["fail to notify DDL event"] [category=ddl] [event="(Event Type: drop table, Old Table ID: 176, Old Table Name: ai_stmt_probe)"]
[2026/07/17 08:19:06.526 +08:00] [INFO] [loader.go:216] ["diff load InfoSchema success"] [mode=auto] [isV2=true] [currVer=148] [neededVer=149] [gotVer=149] ["elapsed time"=190.334µs] [phyTblIDs="[176]"] [actionTypes="[4]"] [diffTypes="[\"drop table\"]"]
[2026/07/17 08:19:06.526 +08:00] [INFO] [syncer.go:281] ["mdl gets lock, update self version to owner"] [jobID=179] [version=149]
[2026/07/17 08:19:06.530 +08:00] [INFO] [schema_version.go:397] ["wait schema version synced success"] [category=ddl] [ver=149] [checkAssumedSvr=false] ["take time"=5.15325ms] [job="ID:179, Type:drop table, State:done, SchemaState:none, SchemaID:114, TableID:176, RowCount:0, ArgLen:1, start time: 2026-07-17 08:19:06.477 +0800 CST, Err:<nil>, ErrCount:0, SnapshotVersion:0, Version: v2"] [summary="server count: 1"]
[2026/07/17 08:19:06.532 +08:00] [INFO] [delete_range.go:470] ["insert into delete-range table"] [category=ddl] [jobID=179] [tableIDs="[176]"] [comment="drop table: table ID"]
[2026/07/17 08:19:06.532 +08:00] [INFO] [delete_range.go:112] ["add job into delete-range table"] [category=ddl] [jobID=179] [jobType="drop table"]
[2026/07/17 08:19:06.533 +08:00] [INFO] [job_worker.go:447] ["finish DDL job"] [category=ddl] [jobID=179] [conn=2] [job="ID:179, Type:drop table, State:synced, SchemaState:none, SchemaID:114, TableID:176, RowCount:0, ArgLen:1, start time: 2026-07-17 08:19:06.477 +0800 CST, Err:<nil>, ErrCount:0, SnapshotVersion:0, Version: v2"]
[2026/07/17 08:19:06.535 +08:00] [INFO] [executor.go:7423] ["DDL job is finished"] [category=ddl] [jobID=179]
[2026/07/17 08:19:06.535 +08:00] [INFO] [session.go:5195] ["CRUCIAL OPERATION"] [conn=2] [schemaVersion=149] [cur_db=test] [sql="drop table if exists ai_stmt_control, ai_stmt_probe"] [user=]
[2026/07/17 08:19:06.539 +08:00] [INFO] [job_submitter.go:118] ["add DDL jobs"] [category=ddl] ["batch count"=1] [jobs="ID:181, Type:create table, State:queueing, SchemaState:none, SchemaID:114, TableID:180, RowCount:0, ArgLen:1, start time: 2026-07-17 08:19:06.527 +0800 CST, Err:<nil>, ErrCount:0, SnapshotVersion:0, Version: v2; "] [fast_create=true]
[2026/07/17 08:19:06.539 +08:00] [INFO] [executor.go:7285] ["DDL job submitted"] [category=ddl] [job="ID:181, Type:create table, State:queueing, SchemaState:none, SchemaID:114, TableID:180, RowCount:0, ArgLen:1, start time: 2026-07-17 08:19:06.527 +0800 CST, Err:<nil>, ErrCount:0, SnapshotVersion:0, Version: v2"] [query="create table ai_stmt_control (\n\t\t\tid int primary key clustered,\n\t\t\tu1 int not null,\n\t\t\tu2 int not null,\n\t\t\tbase int not null,\n\t\t\tg int as (base + 1) stored,\n\t\t\tunique key u1_idx(u1),\n\t\t\tunique key u2_idx(u2),\n\t\t\tkey base_idx(base),\n\t\t\tkey g_idx(g),\n\t\t\tconstraint base_positive check (base > 0)\n\t\t)"]
[2026/07/17 08:19:06.539 +08:00] [INFO] [lock_resolver.go:1631] ["txn lock cleanup resolve-lock rpc finished"] [action=commit] [txnStartTS=467729788836773904] [commitTS=467729788836773906] [regionID=8] [resolveLite=true] [resolvedByCheckTxnStatus=false]
[2026/07/17 08:19:06.540 +08:00] [INFO] [job_worker.go:854] ["run one job step"] [category=ddl] [jobID=181] [conn=2] [job="ID:181, Type:create table, State:queueing, SchemaState:none, SchemaID:114, TableID:180, RowCount:0, ArgLen:0, start time: 2026-07-17 08:19:06.527 +0800 CST, Err:<nil>, ErrCount:0, SnapshotVersion:0, Version: v2"]
[2026/07/17 08:19:06.541 +08:00] [WARN] [ddl.go:700] ["fail to notify DDL event"] [category=ddl] [event="(Event Type: create table, Table ID: 180, Table Name: ai_stmt_control)"]
[2026/07/17 08:19:06.547 +08:00] [INFO] [loader.go:216] ["diff load InfoSchema success"] [mode=auto] [isV2=true] [currVer=149] [neededVer=150] [gotVer=150] ["elapsed time"=295.958µs] [phyTblIDs="[180]"] [actionTypes="[3]"] [diffTypes="[\"create table\"]"]
[2026/07/17 08:19:06.547 +08:00] [INFO] [syncer.go:281] ["mdl gets lock, update self version to owner"] [jobID=181] [version=150]
[2026/07/17 08:19:06.551 +08:00] [INFO] [schema_version.go:397] ["wait schema version synced success"] [category=ddl] [ver=150] [checkAssumedSvr=false] ["take time"=4.9185ms] [job="ID:181, Type:create table, State:done, SchemaState:public, SchemaID:114, TableID:180, RowCount:0, ArgLen:1, start time: 2026-07-17 08:19:06.527 +0800 CST, Err:<nil>, ErrCount:0, SnapshotVersion:0, Version: v2"] [summary="server count: 1"]
[2026/07/17 08:19:06.553 +08:00] [INFO] [job_worker.go:447] ["finish DDL job"] [category=ddl] [jobID=181] [conn=2] [job="ID:181, Type:create table, State:synced, SchemaState:public, SchemaID:114, TableID:180, RowCount:0, ArgLen:0, start time: 2026-07-17 08:19:06.527 +0800 CST, Err:<nil>, ErrCount:0, SnapshotVersion:0, Version: v2"]
[2026/07/17 08:19:06.554 +08:00] [INFO] [executor.go:7423] ["DDL job is finished"] [category=ddl] [jobID=181]
[2026/07/17 08:19:06.554 +08:00] [INFO] [session.go:5195] ["CRUCIAL OPERATION"] [conn=2] [schemaVersion=150] [cur_db=test] [sql="create table ai_stmt_control (\n\t\t\tid int primary key clustered,\n\t\t\tu1 int not null,\n\t\t\tu2 int not null,\n\t\t\tbase int not null,\n\t\t\tg int as (base + 1) stored,\n\t\t\tunique key u1_idx(u1),\n\t\t\tunique key u2_idx(u2),\n\t\t\tkey base_idx(base),\n\t\t\tkey g_idx(g),\n\t\t\tconstraint base_positive check (base > 0)\n\t\t)"] [user=]
[2026/07/17 08:19:06.558 +08:00] [WARN] [prewrite.go:619] ["1pc failed and fallbacks to normal commit procedure"] [startTS=467729788836773923]
[2026/07/17 08:19:06.561 +08:00] [INFO] [job_submitter.go:118] ["add DDL jobs"] [category=ddl] ["batch count"=1] [jobs="ID:183, Type:create table, State:queueing, SchemaState:none, SchemaID:114, TableID:182, RowCount:0, ArgLen:1, start time: 2026-07-17 08:19:06.527 +0800 CST, Err:<nil>, ErrCount:0, SnapshotVersion:0, Version: v2; "] [fast_create=true]
[2026/07/17 08:19:06.561 +08:00] [INFO] [executor.go:7285] ["DDL job submitted"] [category=ddl] [job="ID:183, Type:create table, State:queueing, SchemaState:none, SchemaID:114, TableID:182, RowCount:0, ArgLen:1, start time: 2026-07-17 08:19:06.527 +0800 CST, Err:<nil>, ErrCount:0, SnapshotVersion:0, Version: v2"] [query="create table ai_stmt_probe (\n\t\t\tid int primary key clustered,\n\t\t\tu1 int not null,\n\t\t\tu2 int not null,\n\t\t\tbase int not null,\n\t\t\tg int as (base + 1) stored,\n\t\t\tunique key u1_idx(u1),\n\t\t\tunique key u2_idx(u2),\n\t\t\tkey base_idx(base),\n\t\t\tkey g_idx(g),\n\t\t\tconstraint base_positive check (base > 0)\n\t\t)"]
[2026/07/17 08:19:06.562 +08:00] [INFO] [job_worker.go:854] ["run one job step"] [category=ddl] [jobID=183] [conn=2] [job="ID:183, Type:create table, State:queueing, SchemaState:none, SchemaID:114, TableID:182, RowCount:0, ArgLen:0, start time: 2026-07-17 08:19:06.527 +0800 CST, Err:<nil>, ErrCount:0, SnapshotVersion:0, Version: v2"]
[2026/07/17 08:19:06.563 +08:00] [WARN] [ddl.go:700] ["fail to notify DDL event"] [category=ddl] [event="(Event Type: create table, Table ID: 182, Table Name: ai_stmt_probe)"]
[2026/07/17 08:19:06.569 +08:00] [INFO] [loader.go:216] ["diff load InfoSchema success"] [mode=auto] [isV2=true] [currVer=150] [neededVer=151] [gotVer=151] ["elapsed time"=268.875µs] [phyTblIDs="[182]"] [actionTypes="[3]"] [diffTypes="[\"create table\"]"]
[2026/07/17 08:19:06.569 +08:00] [INFO] [syncer.go:281] ["mdl gets lock, update self version to owner"] [jobID=183] [version=151]
[2026/07/17 08:19:06.573 +08:00] [INFO] [schema_version.go:397] ["wait schema version synced success"] [category=ddl] [ver=151] [checkAssumedSvr=false] ["take time"=5.097833ms] [job="ID:183, Type:create table, State:done, SchemaState:public, SchemaID:114, TableID:182, RowCount:0, ArgLen:1, start time: 2026-07-17 08:19:06.527 +0800 CST, Err:<nil>, ErrCount:0, SnapshotVersion:0, Version: v2"] [summary="server count: 1"]
[2026/07/17 08:19:06.578 +08:00] [INFO] [job_worker.go:447] ["finish DDL job"] [category=ddl] [jobID=183] [conn=2] [job="ID:183, Type:create table, State:synced, SchemaState:public, SchemaID:114, TableID:182, RowCount:0, ArgLen:0, start time: 2026-07-17 08:19:06.527 +0800 CST, Err:<nil>, ErrCount:0, SnapshotVersion:0, Version: v2"]
[2026/07/17 08:19:06.580 +08:00] [INFO] [executor.go:7423] ["DDL job is finished"] [category=ddl] [jobID=183]
[2026/07/17 08:19:06.580 +08:00] [INFO] [session.go:5195] ["CRUCIAL OPERATION"] [conn=2] [schemaVersion=151] [cur_db=test] [sql="create table ai_stmt_probe (\n\t\t\tid int primary key clustered,\n\t\t\tu1 int not null,\n\t\t\tu2 int not null,\n\t\t\tbase int not null,\n\t\t\tg int as (base + 1) stored,\n\t\t\tunique key u1_idx(u1),\n\t\t\tunique key u2_idx(u2),\n\t\t\tkey base_idx(base),\n\t\t\tkey g_idx(g),\n\t\t\tconstraint base_positive check (base > 0)\n\t\t)"] [user=]
[2026/07/17 08:19:06.583 +08:00] [WARN] [prewrite.go:619] ["1pc failed and fallbacks to normal commit procedure"] [startTS=467729788849881095]
[2026/07/17 08:19:06.584 +08:00] [WARN] [prewrite.go:619] ["1pc failed and fallbacks to normal commit procedure"] [startTS=467729788849881098]
    ai_native_unique_owner_fuzz_test.go:926: 
        	Error Trace:	/Users/bba/pc/tidb-ai-master/tests/realtikvtest/txntest/ai_native_unique_owner_fuzz_test.go:926
        	Error:      	An error is expected but got nil.
        	Test:       	TestAINativeFailedStatementCannotPoisonPriorMutation/optimistic/delete_then_failed_multirow_insert_with_new_owner
        	Messages:   	the poison statement must reach statement rollback
=== RUN   TestAINativeFailedStatementCannotPoisonPriorMutation/optimistic/update_then_failed_multirow_update_after_index_rewrite
[2026/07/17 08:19:06.585 +08:00] [WARN] [prewrite.go:619] ["1pc failed and fallbacks to normal commit procedure"] [startTS=467729788849881101]
[2026/07/17 08:19:06.586 +08:00] [INFO] [txn.go:55] ["Try to create a new txn inside a transaction auto commit"] [schemaVersion=151] [txnStartTS=467729788849881101] [txnScope=global]
[2026/07/17 08:19:06.587 +08:00] [INFO] [job_submitter.go:118] ["add DDL jobs"] [category=ddl] ["batch count"=1] [jobs="ID:184, Type:drop table, State:queueing, SchemaState:public, SchemaID:114, TableID:180, RowCount:0, ArgLen:1, start time: 2026-07-17 08:19:06.577 +0800 CST, Err:<nil>, ErrCount:0, SnapshotVersion:0, Version: v2; "] [fast_create=true]
[2026/07/17 08:19:06.587 +08:00] [INFO] [executor.go:7285] ["DDL job submitted"] [category=ddl] [job="ID:184, Type:drop table, State:queueing, SchemaState:public, SchemaID:114, TableID:180, RowCount:0, ArgLen:1, start time: 2026-07-17 08:19:06.577 +0800 CST, Err:<nil>, ErrCount:0, SnapshotVersion:0, Version: v2"] [query="drop table if exists ai_stmt_control, ai_stmt_probe"]
[2026/07/17 08:19:06.588 +08:00] [INFO] [job_worker.go:854] ["run one job step"] [category=ddl] [jobID=184] [conn=2] [job="ID:184, Type:drop table, State:queueing, SchemaState:public, SchemaID:114, TableID:180, RowCount:0, ArgLen:0, start time: 2026-07-17 08:19:06.577 +0800 CST, Err:<nil>, ErrCount:0, SnapshotVersion:0, Version: v2"]
[2026/07/17 08:19:06.595 +08:00] [INFO] [loader.go:216] ["diff load InfoSchema success"] [mode=auto] [isV2=true] [currVer=151] [neededVer=152] [gotVer=152] ["elapsed time"=317.291µs] [phyTblIDs="[180]"] [actionTypes="[4]"] [diffTypes="[\"drop table\"]"]
[2026/07/17 08:19:06.595 +08:00] [INFO] [syncer.go:281] ["mdl gets lock, update self version to owner"] [jobID=184] [version=152]
[2026/07/17 08:19:06.599 +08:00] [INFO] [schema_version.go:397] ["wait schema version synced success"] [category=ddl] [ver=152] [checkAssumedSvr=false] ["take time"=5.078875ms] [job="ID:184, Type:drop table, State:running, SchemaState:write only, SchemaID:114, TableID:180, RowCount:0, ArgLen:1, start time: 2026-07-17 08:19:06.577 +0800 CST, Err:<nil>, ErrCount:0, SnapshotVersion:0, Version: v2"] [summary="server count: 1"]
[2026/07/17 08:19:06.600 +08:00] [INFO] [job_worker.go:854] ["run one job step"] [category=ddl] [jobID=184] [conn=2] [job="ID:184, Type:drop table, State:running, SchemaState:write only, SchemaID:114, TableID:180, RowCount:0, ArgLen:0, start time: 2026-07-17 08:19:06.577 +0800 CST, Err:<nil>, ErrCount:0, SnapshotVersion:0, Version: v2"]
[2026/07/17 08:19:06.614 +08:00] [INFO] [loader.go:216] ["diff load InfoSchema success"] [mode=auto] [isV2=true] [currVer=152] [neededVer=153] [gotVer=153] ["elapsed time"=307.167µs] [phyTblIDs="[180]"] [actionTypes="[4]"] [diffTypes="[\"drop table\"]"]
[2026/07/17 08:19:06.614 +08:00] [INFO] [syncer.go:281] ["mdl gets lock, update self version to owner"] [jobID=184] [version=153]
[2026/07/17 08:19:06.618 +08:00] [INFO] [schema_version.go:397] ["wait schema version synced success"] [category=ddl] [ver=153] [checkAssumedSvr=false] ["take time"=5.05875ms] [job="ID:184, Type:drop table, State:running, SchemaState:delete only, SchemaID:114, TableID:180, RowCount:0, ArgLen:1, start time: 2026-07-17 08:19:06.577 +0800 CST, Err:<nil>, ErrCount:0, SnapshotVersion:0, Version: v2"] [summary="server count: 1"]
[2026/07/17 08:19:06.619 +08:00] [INFO] [job_worker.go:854] ["run one job step"] [category=ddl] [jobID=184] [conn=2] [job="ID:184, Type:drop table, State:running, SchemaState:delete only, SchemaID:114, TableID:180, RowCount:0, ArgLen:0, start time: 2026-07-17 08:19:06.577 +0800 CST, Err:<nil>, ErrCount:0, SnapshotVersion:0, Version: v2"]
[2026/07/17 08:19:06.621 +08:00] [WARN] [ddl.go:700] ["fail to notify DDL event"] [category=ddl] [event="(Event Type: drop table, Old Table ID: 180, Old Table Name: ai_stmt_control)"]
[2026/07/17 08:19:06.627 +08:00] [INFO] [loader.go:216] ["diff load InfoSchema success"] [mode=auto] [isV2=true] [currVer=153] [neededVer=154] [gotVer=154] ["elapsed time"=200.5µs] [phyTblIDs="[180]"] [actionTypes="[4]"] [diffTypes="[\"drop table\"]"]
[2026/07/17 08:19:06.627 +08:00] [INFO] [syncer.go:281] ["mdl gets lock, update self version to owner"] [jobID=184] [version=154]
[2026/07/17 08:19:06.631 +08:00] [INFO] [schema_version.go:397] ["wait schema version synced success"] [category=ddl] [ver=154] [checkAssumedSvr=false] ["take time"=5.153542ms] [job="ID:184, Type:drop table, State:done, SchemaState:none, SchemaID:114, TableID:180, RowCount:0, ArgLen:1, start time: 2026-07-17 08:19:06.577 +0800 CST, Err:<nil>, ErrCount:0, SnapshotVersion:0, Version: v2"] [summary="server count: 1"]
[2026/07/17 08:19:06.632 +08:00] [INFO] [delete_range.go:470] ["insert into delete-range table"] [category=ddl] [jobID=184] [tableIDs="[180]"] [comment="drop table: table ID"]
[2026/07/17 08:19:06.633 +08:00] [INFO] [delete_range.go:112] ["add job into delete-range table"] [category=ddl] [jobID=184] [jobType="drop table"]
[2026/07/17 08:19:06.633 +08:00] [INFO] [job_worker.go:447] ["finish DDL job"] [category=ddl] [jobID=184] [conn=2] [job="ID:184, Type:drop table, State:synced, SchemaState:none, SchemaID:114, TableID:180, RowCount:0, ArgLen:1, start time: 2026-07-17 08:19:06.577 +0800 CST, Err:<nil>, ErrCount:0, SnapshotVersion:0, Version: v2"]
[2026/07/17 08:19:06.635 +08:00] [INFO] [executor.go:7423] ["DDL job is finished"] [category=ddl] [jobID=184]
[2026/07/17 08:19:06.639 +08:00] [INFO] [job_submitter.go:118] ["add DDL jobs"] [category=ddl] ["batch count"=1] [jobs="ID:185, Type:drop table, State:queueing, SchemaState:public, SchemaID:114, TableID:182, RowCount:0, ArgLen:1, start time: 2026-07-17 08:19:06.627 +0800 CST, Err:<nil>, ErrCount:0, SnapshotVersion:0, Version: v2; "] [fast_create=true]
[2026/07/17 08:19:06.639 +08:00] [INFO] [executor.go:7285] ["DDL job submitted"] [category=ddl] [job="ID:185, Type:drop table, State:queueing, SchemaState:public, SchemaID:114, TableID:182, RowCount:0, ArgLen:1, start time: 2026-07-17 08:19:06.627 +0800 CST, Err:<nil>, ErrCount:0, SnapshotVersion:0, Version: v2"] [query="drop table if exists ai_stmt_control, ai_stmt_probe"]
[2026/07/17 08:19:06.640 +08:00] [INFO] [lock_resolver.go:1631] ["txn lock cleanup resolve-lock rpc finished"] [action=commit] [txnStartTS=467729788862988302] [commitTS=467729788862988304] [regionID=8] [resolveLite=true] [resolvedByCheckTxnStatus=false]
[2026/07/17 08:19:06.641 +08:00] [INFO] [job_worker.go:854] ["run one job step"] [category=ddl] [jobID=185] [conn=2] [job="ID:185, Type:drop table, State:queueing, SchemaState:public, SchemaID:114, TableID:182, RowCount:0, ArgLen:0, start time: 2026-07-17 08:19:06.627 +0800 CST, Err:<nil>, ErrCount:0, SnapshotVersion:0, Version: v2"]
[2026/07/17 08:19:06.647 +08:00] [INFO] [loader.go:216] ["diff load InfoSchema success"] [mode=auto] [isV2=true] [currVer=154] [neededVer=155] [gotVer=155] ["elapsed time"=322.792µs] [phyTblIDs="[182]"] [actionTypes="[4]"] [diffTypes="[\"drop table\"]"]
[2026/07/17 08:19:06.647 +08:00] [INFO] [syncer.go:281] ["mdl gets lock, update self version to owner"] [jobID=185] [version=155]
[2026/07/17 08:19:06.651 +08:00] [INFO] [schema_version.go:397] ["wait schema version synced success"] [category=ddl] [ver=155] [checkAssumedSvr=false] ["take time"=4.922834ms] [job="ID:185, Type:drop table, State:running, SchemaState:write only, SchemaID:114, TableID:182, RowCount:0, ArgLen:1, start time: 2026-07-17 08:19:06.627 +0800 CST, Err:<nil>, ErrCount:0, SnapshotVersion:0, Version: v2"] [summary="server count: 1"]
[2026/07/17 08:19:06.652 +08:00] [INFO] [job_worker.go:854] ["run one job step"] [category=ddl] [jobID=185] [conn=2] [job="ID:185, Type:drop table, State:running, SchemaState:write only, SchemaID:114, TableID:182, RowCount:0, ArgLen:0, start time: 2026-07-17 08:19:06.627 +0800 CST, Err:<nil>, ErrCount:0, SnapshotVersion:0, Version: v2"]
[2026/07/17 08:19:06.659 +08:00] [INFO] [loader.go:216] ["diff load InfoSchema success"] [mode=auto] [isV2=true] [currVer=155] [neededVer=156] [gotVer=156] ["elapsed time"=317.334µs] [phyTblIDs="[182]"] [actionTypes="[4]"] [diffTypes="[\"drop table\"]"]
[2026/07/17 08:19:06.659 +08:00] [INFO] [syncer.go:281] ["mdl gets lock, update self version to owner"] [jobID=185] [version=156]
[2026/07/17 08:19:06.663 +08:00] [INFO] [schema_version.go:397] ["wait schema version synced success"] [category=ddl] [ver=156] [checkAssumedSvr=false] ["take time"=5.024458ms] [job="ID:185, Type:drop table, State:running, SchemaState:delete only, SchemaID:114, TableID:182, RowCount:0, ArgLen:1, start time: 2026-07-17 08:19:06.627 +0800 CST, Err:<nil>, ErrCount:0, SnapshotVersion:0, Version: v2"] [summary="server count: 1"]
[2026/07/17 08:19:06.664 +08:00] [INFO] [job_worker.go:854] ["run one job step"] [category=ddl] [jobID=185] [conn=2] [job="ID:185, Type:drop table, State:running, SchemaState:delete only, SchemaID:114, TableID:182, RowCount:0, ArgLen:0, start time: 2026-07-17 08:19:06.627 +0800 CST, Err:<nil>, ErrCount:0, SnapshotVersion:0, Version: v2"]
[2026/07/17 08:19:06.666 +08:00] [WARN] [ddl.go:700] ["fail to notify DDL event"] [category=ddl] [event="(Event Type: drop table, Old Table ID: 182, Old Table Name: ai_stmt_probe)"]
[2026/07/17 08:19:06.672 +08:00] [INFO] [loader.go:216] ["diff load InfoSchema success"] [mode=auto] [isV2=true] [currVer=156] [neededVer=157] [gotVer=157] ["elapsed time"=188.166µs] [phyTblIDs="[182]"] [actionTypes="[4]"] [diffTypes="[\"drop table\"]"]
[2026/07/17 08:19:06.672 +08:00] [INFO] [syncer.go:281] ["mdl gets lock, update self version to owner"] [jobID=185] [version=157]
[2026/07/17 08:19:06.676 +08:00] [INFO] [schema_version.go:397] ["wait schema version synced success"] [category=ddl] [ver=157] [checkAssumedSvr=false] ["take time"=4.895209ms] [job="ID:185, Type:drop table, State:done, SchemaState:none, SchemaID:114, TableID:182, RowCount:0, ArgLen:1, start time: 2026-07-17 08:19:06.627 +0800 CST, Err:<nil>, ErrCount:0, SnapshotVersion:0, Version: v2"] [summary="server count: 1"]
[2026/07/17 08:19:06.677 +08:00] [INFO] [delete_range.go:470] ["insert into delete-range table"] [category=ddl] [jobID=185] [tableIDs="[182]"] [comment="drop table: table ID"]
[2026/07/17 08:19:06.678 +08:00] [INFO] [delete_range.go:112] ["add job into delete-range table"] [category=ddl] [jobID=185] [jobType="drop table"]
[2026/07/17 08:19:06.678 +08:00] [INFO] [job_worker.go:447] ["finish DDL job"] [category=ddl] [jobID=185] [conn=2] [job="ID:185, Type:drop table, State:synced, SchemaState:none, SchemaID:114, TableID:182, RowCount:0, ArgLen:1, start time: 2026-07-17 08:19:06.627 +0800 CST, Err:<nil>, ErrCount:0, SnapshotVersion:0, Version: v2"]
[2026/07/17 08:19:06.680 +08:00] [INFO] [executor.go:7423] ["DDL job is finished"] [category=ddl] [jobID=185]
[2026/07/17 08:19:06.680 +08:00] [INFO] [session.go:5195] ["CRUCIAL OPERATION"] [conn=2] [schemaVersion=157] [cur_db=test] [sql="drop table if exists ai_stmt_control, ai_stmt_probe"] [user=]
[2026/07/17 08:19:06.684 +08:00] [INFO] [job_submitter.go:118] ["add DDL jobs"] [category=ddl] ["batch count"=1] [jobs="ID:187, Type:create table, State:queueing, SchemaState:none, SchemaID:114, TableID:186, RowCount:0, ArgLen:1, start time: 2026-07-17 08:19:06.677 +0800 CST, Err:<nil>, ErrCount:0, SnapshotVersion:0, Version: v2; "] [fast_create=true]
[2026/07/17 08:19:06.684 +08:00] [INFO] [executor.go:7285] ["DDL job submitted"] [category=ddl] [job="ID:187, Type:create table, State:queueing, SchemaState:none, SchemaID:114, TableID:186, RowCount:0, ArgLen:1, start time: 2026-07-17 08:19:06.677 +0800 CST, Err:<nil>, ErrCount:0, SnapshotVersion:0, Version: v2"] [query="create table ai_stmt_control (\n\t\t\tid int primary key clustered,\n\t\t\tu1 int not null,\n\t\t\tu2 int not null,\n\t\t\tbase int not null,\n\t\t\tg int as (base + 1) stored,\n\t\t\tunique key u1_idx(u1),\n\t\t\tunique key u2_idx(u2),\n\t\t\tkey base_idx(base),\n\t\t\tkey g_idx(g),\n\t\t\tconstraint base_positive check (base > 0)\n\t\t)"]
[2026/07/17 08:19:06.685 +08:00] [INFO] [lock_resolver.go:1631] ["txn lock cleanup resolve-lock rpc finished"] [action=commit] [txnStartTS=467729788876095501] [commitTS=467729788876095503] [regionID=8] [resolveLite=true] [resolvedByCheckTxnStatus=false]
[2026/07/17 08:19:06.686 +08:00] [INFO] [job_worker.go:854] ["run one job step"] [category=ddl] [jobID=187] [conn=2] [job="ID:187, Type:create table, State:queueing, SchemaState:none, SchemaID:114, TableID:186, RowCount:0, ArgLen:0, start time: 2026-07-17 08:19:06.677 +0800 CST, Err:<nil>, ErrCount:0, SnapshotVersion:0, Version: v2"]
[2026/07/17 08:19:06.687 +08:00] [WARN] [ddl.go:700] ["fail to notify DDL event"] [category=ddl] [event="(Event Type: create table, Table ID: 186, Table Name: ai_stmt_control)"]
[2026/07/17 08:19:06.694 +08:00] [INFO] [loader.go:216] ["diff load InfoSchema success"] [mode=auto] [isV2=true] [currVer=157] [neededVer=158] [gotVer=158] ["elapsed time"=268.209µs] [phyTblIDs="[186]"] [actionTypes="[3]"] [diffTypes="[\"create table\"]"]
[2026/07/17 08:19:06.694 +08:00] [INFO] [syncer.go:281] ["mdl gets lock, update self version to owner"] [jobID=187] [version=158]
[2026/07/17 08:19:06.698 +08:00] [INFO] [schema_version.go:397] ["wait schema version synced success"] [category=ddl] [ver=158] [checkAssumedSvr=false] ["take time"=5.226291ms] [job="ID:187, Type:create table, State:done, SchemaState:public, SchemaID:114, TableID:186, RowCount:0, ArgLen:1, start time: 2026-07-17 08:19:06.677 +0800 CST, Err:<nil>, ErrCount:0, SnapshotVersion:0, Version: v2"] [summary="server count: 1"]
[2026/07/17 08:19:06.700 +08:00] [INFO] [job_worker.go:447] ["finish DDL job"] [category=ddl] [jobID=187] [conn=2] [job="ID:187, Type:create table, State:synced, SchemaState:public, SchemaID:114, TableID:186, RowCount:0, ArgLen:0, start time: 2026-07-17 08:19:06.677 +0800 CST, Err:<nil>, ErrCount:0, SnapshotVersion:0, Version: v2"]
[2026/07/17 08:19:06.701 +08:00] [INFO] [executor.go:7423] ["DDL job is finished"] [category=ddl] [jobID=187]
[2026/07/17 08:19:06.701 +08:00] [INFO] [session.go:5195] ["CRUCIAL OPERATION"] [conn=2] [schemaVersion=158] [cur_db=test] [sql="create table ai_stmt_control (\n\t\t\tid int primary key clustered,\n\t\t\tu1 int not null,\n\t\t\tu2 int not null,\n\t\t\tbase int not null,\n\t\t\tg int as (base + 1) stored,\n\t\t\tunique key u1_idx(u1),\n\t\t\tunique key u2_idx(u2),\n\t\t\tkey base_idx(base),\n\t\t\tkey g_idx(g),\n\t\t\tconstraint base_positive check (base > 0)\n\t\t)"] [user=]
[2026/07/17 08:19:06.705 +08:00] [WARN] [prewrite.go:619] ["1pc failed and fallbacks to normal commit procedure"] [startTS=467729788876095520]
[2026/07/17 08:19:06.707 +08:00] [INFO] [job_submitter.go:118] ["add DDL jobs"] [category=ddl] ["batch count"=1] [jobs="ID:189, Type:create table, State:queueing, SchemaState:none, SchemaID:114, TableID:188, RowCount:0, ArgLen:1, start time: 2026-07-17 08:19:06.677 +0800 CST, Err:<nil>, ErrCount:0, SnapshotVersion:0, Version: v2; "] [fast_create=true]
[2026/07/17 08:19:06.707 +08:00] [INFO] [executor.go:7285] ["DDL job submitted"] [category=ddl] [job="ID:189, Type:create table, State:queueing, SchemaState:none, SchemaID:114, TableID:188, RowCount:0, ArgLen:1, start time: 2026-07-17 08:19:06.677 +0800 CST, Err:<nil>, ErrCount:0, SnapshotVersion:0, Version: v2"] [query="create table ai_stmt_probe (\n\t\t\tid int primary key clustered,\n\t\t\tu1 int not null,\n\t\t\tu2 int not null,\n\t\t\tbase int not null,\n\t\t\tg int as (base + 1) stored,\n\t\t\tunique key u1_idx(u1),\n\t\t\tunique key u2_idx(u2),\n\t\t\tkey base_idx(base),\n\t\t\tkey g_idx(g),\n\t\t\tconstraint base_positive check (base > 0)\n\t\t)"]
[2026/07/17 08:19:06.708 +08:00] [INFO] [job_worker.go:854] ["run one job step"] [category=ddl] [jobID=189] [conn=2] [job="ID:189, Type:create table, State:queueing, SchemaState:none, SchemaID:114, TableID:188, RowCount:0, ArgLen:0, start time: 2026-07-17 08:19:06.677 +0800 CST, Err:<nil>, ErrCount:0, SnapshotVersion:0, Version: v2"]
[2026/07/17 08:19:06.709 +08:00] [WARN] [ddl.go:700] ["fail to notify DDL event"] [category=ddl] [event="(Event Type: create table, Table ID: 188, Table Name: ai_stmt_probe)"]
[2026/07/17 08:19:06.722 +08:00] [INFO] [loader.go:216] ["diff load InfoSchema success"] [mode=auto] [isV2=true] [currVer=158] [neededVer=159] [gotVer=159] ["elapsed time"=294.542µs] [phyTblIDs="[188]"] [actionTypes="[3]"] [diffTypes="[\"create table\"]"]
[2026/07/17 08:19:06.723 +08:00] [INFO] [syncer.go:281] ["mdl gets lock, update self version to owner"] [jobID=189] [version=159]
[2026/07/17 08:19:06.727 +08:00] [INFO] [schema_version.go:397] ["wait schema version synced success"] [category=ddl] [ver=159] [checkAssumedSvr=false] ["take time"=5.960125ms] [job="ID:189, Type:create table, State:done, SchemaState:public, SchemaID:114, TableID:188, RowCount:0, ArgLen:1, start time: 2026-07-17 08:19:06.677 +0800 CST, Err:<nil>, ErrCount:0, SnapshotVersion:0, Version: v2"] [summary="server count: 1"]
[2026/07/17 08:19:06.729 +08:00] [INFO] [job_worker.go:447] ["finish DDL job"] [category=ddl] [jobID=189] [conn=2] [job="ID:189, Type:create table, State:synced, SchemaState:public, SchemaID:114, TableID:188, RowCount:0, ArgLen:0, start time: 2026-07-17 08:19:06.677 +0800 CST, Err:<nil>, ErrCount:0, SnapshotVersion:0, Version: v2"]
[2026/07/17 08:19:06.731 +08:00] [INFO] [executor.go:7423] ["DDL job is finished"] [category=ddl] [jobID=189]
[2026/07/17 08:19:06.731 +08:00] [INFO] [session.go:5195] ["CRUCIAL OPERATION"] [conn=2] [schemaVersion=159] [cur_db=test] [sql="create table ai_stmt_probe (\n\t\t\tid int primary key clustered,\n\t\t\tu1 int not null,\n\t\t\tu2 int not null,\n\t\t\tbase int not null,\n\t\t\tg int as (base + 1) stored,\n\t\t\tunique key u1_idx(u1),\n\t\t\tunique key u2_idx(u2),\n\t\t\tkey base_idx(base),\n\t\t\tkey g_idx(g),\n\t\t\tconstraint base_positive check (base > 0)\n\t\t)"] [user=]
[2026/07/17 08:19:06.731 +08:00] [WARN] [prewrite.go:619] ["1pc failed and fallbacks to normal commit procedure"] [startTS=467729788889202697]
[2026/07/17 08:19:06.736 +08:00] [WARN] [prewrite.go:619] ["1pc failed and fallbacks to normal commit procedure"] [startTS=467729788889202700]
    ai_native_unique_owner_fuzz_test.go:926: 
        	Error Trace:	/Users/bba/pc/tidb-ai-master/tests/realtikvtest/txntest/ai_native_unique_owner_fuzz_test.go:926
        	Error:      	An error is expected but got nil.
        	Test:       	TestAINativeFailedStatementCannotPoisonPriorMutation/optimistic/update_then_failed_multirow_update_after_index_rewrite
        	Messages:   	the poison statement must reach statement rollback
=== RUN   TestAINativeFailedStatementCannotPoisonPriorMutation/pessimistic/delete_then_failed_multirow_reinsert
[2026/07/17 08:19:06.739 +08:00] [INFO] [txn.go:55] ["Try to create a new txn inside a transaction auto commit"] [schemaVersion=159] [txnStartTS=467729788889202703] [txnScope=global]
[2026/07/17 08:19:06.741 +08:00] [INFO] [job_submitter.go:118] ["add DDL jobs"] [category=ddl] ["batch count"=1] [jobs="ID:190, Type:drop table, State:queueing, SchemaState:public, SchemaID:114, TableID:186, RowCount:0, ArgLen:1, start time: 2026-07-17 08:19:06.727 +0800 CST, Err:<nil>, ErrCount:0, SnapshotVersion:0, Version: v2; "] [fast_create=true]
[2026/07/17 08:19:06.741 +08:00] [INFO] [executor.go:7285] ["DDL job submitted"] [category=ddl] [job="ID:190, Type:drop table, State:queueing, SchemaState:public, SchemaID:114, TableID:186, RowCount:0, ArgLen:1, start time: 2026-07-17 08:19:06.727 +0800 CST, Err:<nil>, ErrCount:0, SnapshotVersion:0, Version: v2"] [query="drop table if exists ai_stmt_control, ai_stmt_probe"]
[2026/07/17 08:19:06.741 +08:00] [INFO] [lock_resolver.go:1631] ["txn lock cleanup resolve-lock rpc finished"] [action=commit] [txnStartTS=467729788889202708] [commitTS=467729788889202709] [regionID=8] [resolveLite=true] [resolvedByCheckTxnStatus=false]
[2026/07/17 08:19:06.742 +08:00] [INFO] [job_worker.go:854] ["run one job step"] [category=ddl] [jobID=190] [conn=2] [job="ID:190, Type:drop table, State:queueing, SchemaState:public, SchemaID:114, TableID:186, RowCount:0, ArgLen:0, start time: 2026-07-17 08:19:06.727 +0800 CST, Err:<nil>, ErrCount:0, SnapshotVersion:0, Version: v2"]
[2026/07/17 08:19:06.749 +08:00] [INFO] [loader.go:216] ["diff load InfoSchema success"] [mode=auto] [isV2=true] [currVer=159] [neededVer=160] [gotVer=160] ["elapsed time"=360.375µs] [phyTblIDs="[186]"] [actionTypes="[4]"] [diffTypes="[\"drop table\"]"]
[2026/07/17 08:19:06.750 +08:00] [INFO] [syncer.go:281] ["mdl gets lock, update self version to owner"] [jobID=190] [version=160]
[2026/07/17 08:19:06.754 +08:00] [INFO] [schema_version.go:397] ["wait schema version synced success"] [category=ddl] [ver=160] [checkAssumedSvr=false] ["take time"=5.995333ms] [job="ID:190, Type:drop table, State:running, SchemaState:write only, SchemaID:114, TableID:186, RowCount:0, ArgLen:1, start time: 2026-07-17 08:19:06.727 +0800 CST, Err:<nil>, ErrCount:0, SnapshotVersion:0, Version: v2"] [summary="server count: 1"]
[2026/07/17 08:19:06.755 +08:00] [INFO] [job_worker.go:854] ["run one job step"] [category=ddl] [jobID=190] [conn=2] [job="ID:190, Type:drop table, State:running, SchemaState:write only, SchemaID:114, TableID:186, RowCount:0, ArgLen:0, start time: 2026-07-17 08:19:06.727 +0800 CST, Err:<nil>, ErrCount:0, SnapshotVersion:0, Version: v2"]
[2026/07/17 08:19:06.762 +08:00] [INFO] [loader.go:216] ["diff load InfoSchema success"] [mode=auto] [isV2=true] [currVer=160] [neededVer=161] [gotVer=161] ["elapsed time"=313.083µs] [phyTblIDs="[186]"] [actionTypes="[4]"] [diffTypes="[\"drop table\"]"]
[2026/07/17 08:19:06.762 +08:00] [INFO] [syncer.go:281] ["mdl gets lock, update self version to owner"] [jobID=190] [version=161]
[2026/07/17 08:19:06.766 +08:00] [INFO] [schema_version.go:397] ["wait schema version synced success"] [category=ddl] [ver=161] [checkAssumedSvr=false] ["take time"=5.231792ms] [job="ID:190, Type:drop table, State:running, SchemaState:delete only, SchemaID:114, TableID:186, RowCount:0, ArgLen:1, start time: 2026-07-17 08:19:06.727 +0800 CST, Err:<nil>, ErrCount:0, SnapshotVersion:0, Version: v2"] [summary="server count: 1"]
[2026/07/17 08:19:06.767 +08:00] [INFO] [job_worker.go:854] ["run one job step"] [category=ddl] [jobID=190] [conn=2] [job="ID:190, Type:drop table, State:running, SchemaState:delete only, SchemaID:114, TableID:186, RowCount:0, ArgLen:0, start time: 2026-07-17 08:19:06.727 +0800 CST, Err:<nil>, ErrCount:0, SnapshotVersion:0, Version: v2"]
[2026/07/17 08:19:06.768 +08:00] [WARN] [ddl.go:700] ["fail to notify DDL event"] [category=ddl] [event="(Event Type: drop table, Old Table ID: 186, Old Table Name: ai_stmt_control)"]
[2026/07/17 08:19:06.775 +08:00] [INFO] [loader.go:216] ["diff load InfoSchema success"] [mode=auto] [isV2=true] [currVer=161] [neededVer=162] [gotVer=162] ["elapsed time"=201.208µs] [phyTblIDs="[186]"] [actionTypes="[4]"] [diffTypes="[\"drop table\"]"]
[2026/07/17 08:19:06.775 +08:00] [INFO] [syncer.go:281] ["mdl gets lock, update self version to owner"] [jobID=190] [version=162]
[2026/07/17 08:19:06.779 +08:00] [INFO] [schema_version.go:397] ["wait schema version synced success"] [category=ddl] [ver=162] [checkAssumedSvr=false] ["take time"=5.130791ms] [job="ID:190, Type:drop table, State:done, SchemaState:none, SchemaID:114, TableID:186, RowCount:0, ArgLen:1, start time: 2026-07-17 08:19:06.727 +0800 CST, Err:<nil>, ErrCount:0, SnapshotVersion:0, Version: v2"] [summary="server count: 1"]
[2026/07/17 08:19:06.780 +08:00] [INFO] [delete_range.go:470] ["insert into delete-range table"] [category=ddl] [jobID=190] [tableIDs="[186]"] [comment="drop table: table ID"]
[2026/07/17 08:19:06.781 +08:00] [INFO] [delete_range.go:112] ["add job into delete-range table"] [category=ddl] [jobID=190] [jobType="drop table"]
[2026/07/17 08:19:06.781 +08:00] [INFO] [job_worker.go:447] ["finish DDL job"] [category=ddl] [jobID=190] [conn=2] [job="ID:190, Type:drop table, State:synced, SchemaState:none, SchemaID:114, TableID:186, RowCount:0, ArgLen:1, start time: 2026-07-17 08:19:06.727 +0800 CST, Err:<nil>, ErrCount:0, SnapshotVersion:0, Version: v2"]
[2026/07/17 08:19:06.783 +08:00] [INFO] [executor.go:7423] ["DDL job is finished"] [category=ddl] [jobID=190]
[2026/07/17 08:19:06.787 +08:00] [INFO] [job_submitter.go:118] ["add DDL jobs"] [category=ddl] ["batch count"=1] [jobs="ID:191, Type:drop table, State:queueing, SchemaState:public, SchemaID:114, TableID:188, RowCount:0, ArgLen:1, start time: 2026-07-17 08:19:06.777 +0800 CST, Err:<nil>, ErrCount:0, SnapshotVersion:0, Version: v2; "] [fast_create=true]
[2026/07/17 08:19:06.787 +08:00] [INFO] [executor.go:7285] ["DDL job submitted"] [category=ddl] [job="ID:191, Type:drop table, State:queueing, SchemaState:public, SchemaID:114, TableID:188, RowCount:0, ArgLen:1, start time: 2026-07-17 08:19:06.777 +0800 CST, Err:<nil>, ErrCount:0, SnapshotVersion:0, Version: v2"] [query="drop table if exists ai_stmt_control, ai_stmt_probe"]
[2026/07/17 08:19:06.788 +08:00] [INFO] [lock_resolver.go:1631] ["txn lock cleanup resolve-lock rpc finished"] [action=commit] [txnStartTS=467729788902309902] [commitTS=467729788902309904] [regionID=8] [resolveLite=true] [resolvedByCheckTxnStatus=false]
[2026/07/17 08:19:06.789 +08:00] [INFO] [job_worker.go:854] ["run one job step"] [category=ddl] [jobID=191] [conn=2] [job="ID:191, Type:drop table, State:queueing, SchemaState:public, SchemaID:114, TableID:188, RowCount:0, ArgLen:0, start time: 2026-07-17 08:19:06.777 +0800 CST, Err:<nil>, ErrCount:0, SnapshotVersion:0, Version: v2"]
[2026/07/17 08:19:06.796 +08:00] [INFO] [loader.go:216] ["diff load InfoSchema success"] [mode=auto] [isV2=true] [currVer=162] [neededVer=163] [gotVer=163] ["elapsed time"=335.542µs] [phyTblIDs="[188]"] [actionTypes="[4]"] [diffTypes="[\"drop table\"]"]
[2026/07/17 08:19:06.797 +08:00] [INFO] [syncer.go:281] ["mdl gets lock, update self version to owner"] [jobID=191] [version=163]
[2026/07/17 08:19:06.801 +08:00] [INFO] [schema_version.go:397] ["wait schema version synced success"] [category=ddl] [ver=163] [checkAssumedSvr=false] ["take time"=5.992834ms] [job="ID:191, Type:drop table, State:running, SchemaState:write only, SchemaID:114, TableID:188, RowCount:0, ArgLen:1, start time: 2026-07-17 08:19:06.777 +0800 CST, Err:<nil>, ErrCount:0, SnapshotVersion:0, Version: v2"] [summary="server count: 1"]
[2026/07/17 08:19:06.802 +08:00] [INFO] [job_worker.go:854] ["run one job step"] [category=ddl] [jobID=191] [conn=2] [job="ID:191, Type:drop table, State:running, SchemaState:write only, SchemaID:114, TableID:188, RowCount:0, ArgLen:0, start time: 2026-07-17 08:19:06.777 +0800 CST, Err:<nil>, ErrCount:0, SnapshotVersion:0, Version: v2"]
[2026/07/17 08:19:06.809 +08:00] [INFO] [loader.go:216] ["diff load InfoSchema success"] [mode=auto] [isV2=true] [currVer=163] [neededVer=164] [gotVer=164] ["elapsed time"=332.5µs] [phyTblIDs="[188]"] [actionTypes="[4]"] [diffTypes="[\"drop table\"]"]
[2026/07/17 08:19:06.810 +08:00] [INFO] [syncer.go:281] ["mdl gets lock, update self version to owner"] [jobID=191] [version=164]
[2026/07/17 08:19:06.814 +08:00] [INFO] [schema_version.go:397] ["wait schema version synced success"] [category=ddl] [ver=164] [checkAssumedSvr=false] ["take time"=5.850042ms] [job="ID:191, Type:drop table, State:running, SchemaState:delete only, SchemaID:114, TableID:188, RowCount:0, ArgLen:1, start time: 2026-07-17 08:19:06.777 +0800 CST, Err:<nil>, ErrCount:0, SnapshotVersion:0, Version: v2"] [summary="server count: 1"]
[2026/07/17 08:19:06.815 +08:00] [INFO] [job_worker.go:854] ["run one job step"] [category=ddl] [jobID=191] [conn=2] [job="ID:191, Type:drop table, State:running, SchemaState:delete only, SchemaID:114, TableID:188, RowCount:0, ArgLen:0, start time: 2026-07-17 08:19:06.777 +0800 CST, Err:<nil>, ErrCount:0, SnapshotVersion:0, Version: v2"]
[2026/07/17 08:19:06.816 +08:00] [WARN] [ddl.go:700] ["fail to notify DDL event"] [category=ddl] [event="(Event Type: drop table, Old Table ID: 188, Old Table Name: ai_stmt_probe)"]
[2026/07/17 08:19:06.830 +08:00] [INFO] [loader.go:216] ["diff load InfoSchema success"] [mode=auto] [isV2=true] [currVer=164] [neededVer=165] [gotVer=165] ["elapsed time"=277.125µs] [phyTblIDs="[188]"] [actionTypes="[4]"] [diffTypes="[\"drop table\"]"]
[2026/07/17 08:19:06.830 +08:00] [INFO] [syncer.go:281] ["mdl gets lock, update self version to owner"] [jobID=191] [version=165]
[2026/07/17 08:19:06.834 +08:00] [INFO] [schema_version.go:397] ["wait schema version synced success"] [category=ddl] [ver=165] [checkAssumedSvr=false] ["take time"=4.981875ms] [job="ID:191, Type:drop table, State:done, SchemaState:none, SchemaID:114, TableID:188, RowCount:0, ArgLen:1, start time: 2026-07-17 08:19:06.777 +0800 CST, Err:<nil>, ErrCount:0, SnapshotVersion:0, Version: v2"] [summary="server count: 1"]
[2026/07/17 08:19:06.835 +08:00] [INFO] [delete_range.go:470] ["insert into delete-range table"] [category=ddl] [jobID=191] [tableIDs="[188]"] [comment="drop table: table ID"]
[2026/07/17 08:19:06.836 +08:00] [INFO] [delete_range.go:112] ["add job into delete-range table"] [category=ddl] [jobID=191] [jobType="drop table"]
[2026/07/17 08:19:06.836 +08:00] [INFO] [job_worker.go:447] ["finish DDL job"] [category=ddl] [jobID=191] [conn=2] [job="ID:191, Type:drop table, State:synced, SchemaState:none, SchemaID:114, TableID:188, RowCount:0, ArgLen:1, start time: 2026-07-17 08:19:06.777 +0800 CST, Err:<nil>, ErrCount:0, SnapshotVersion:0, Version: v2"]
[2026/07/17 08:19:06.838 +08:00] [INFO] [executor.go:7423] ["DDL job is finished"] [category=ddl] [jobID=191]
[2026/07/17 08:19:06.838 +08:00] [INFO] [session.go:5195] ["CRUCIAL OPERATION"] [conn=2] [schemaVersion=165] [cur_db=test] [sql="drop table if exists ai_stmt_control, ai_stmt_probe"] [user=]
[2026/07/17 08:19:06.843 +08:00] [INFO] [job_submitter.go:118] ["add DDL jobs"] [category=ddl] ["batch count"=1] [jobs="ID:193, Type:create table, State:queueing, SchemaState:none, SchemaID:114, TableID:192, RowCount:0, ArgLen:1, start time: 2026-07-17 08:19:06.827 +0800 CST, Err:<nil>, ErrCount:0, SnapshotVersion:0, Version: v2; "] [fast_create=true]
[2026/07/17 08:19:06.843 +08:00] [INFO] [executor.go:7285] ["DDL job submitted"] [category=ddl] [job="ID:193, Type:create table, State:queueing, SchemaState:none, SchemaID:114, TableID:192, RowCount:0, ArgLen:1, start time: 2026-07-17 08:19:06.827 +0800 CST, Err:<nil>, ErrCount:0, SnapshotVersion:0, Version: v2"] [query="create table ai_stmt_control (\n\t\t\tid int primary key clustered,\n\t\t\tu1 int not null,\n\t\t\tu2 int not null,\n\t\t\tbase int not null,\n\t\t\tg int as (base + 1) stored,\n\t\t\tunique key u1_idx(u1),\n\t\t\tunique key u2_idx(u2),\n\t\t\tkey base_idx(base),\n\t\t\tkey g_idx(g),\n\t\t\tconstraint base_positive check (base > 0)\n\t\t)"]
[2026/07/17 08:19:06.843 +08:00] [INFO] [lock_resolver.go:1631] ["txn lock cleanup resolve-lock rpc finished"] [action=commit] [txnStartTS=467729788915417107] [commitTS=467729788915417109] [regionID=8] [resolveLite=true] [resolvedByCheckTxnStatus=false]
[2026/07/17 08:19:06.844 +08:00] [INFO] [job_worker.go:854] ["run one job step"] [category=ddl] [jobID=193] [conn=2] [job="ID:193, Type:create table, State:queueing, SchemaState:none, SchemaID:114, TableID:192, RowCount:0, ArgLen:0, start time: 2026-07-17 08:19:06.827 +0800 CST, Err:<nil>, ErrCount:0, SnapshotVersion:0, Version: v2"]
[2026/07/17 08:19:06.845 +08:00] [WARN] [ddl.go:700] ["fail to notify DDL event"] [category=ddl] [event="(Event Type: create table, Table ID: 192, Table Name: ai_stmt_control)"]
[2026/07/17 08:19:06.851 +08:00] [INFO] [loader.go:216] ["diff load InfoSchema success"] [mode=auto] [isV2=true] [currVer=165] [neededVer=166] [gotVer=166] ["elapsed time"=274.584µs] [phyTblIDs="[192]"] [actionTypes="[3]"] [diffTypes="[\"create table\"]"]
[2026/07/17 08:19:06.851 +08:00] [INFO] [syncer.go:281] ["mdl gets lock, update self version to owner"] [jobID=193] [version=166]
[2026/07/17 08:19:06.855 +08:00] [INFO] [schema_version.go:397] ["wait schema version synced success"] [category=ddl] [ver=166] [checkAssumedSvr=false] ["take time"=5.070875ms] [job="ID:193, Type:create table, State:done, SchemaState:public, SchemaID:114, TableID:192, RowCount:0, ArgLen:1, start time: 2026-07-17 08:19:06.827 +0800 CST, Err:<nil>, ErrCount:0, SnapshotVersion:0, Version: v2"] [summary="server count: 1"]
[2026/07/17 08:19:06.857 +08:00] [INFO] [job_worker.go:447] ["finish DDL job"] [category=ddl] [jobID=193] [conn=2] [job="ID:193, Type:create table, State:synced, SchemaState:public, SchemaID:114, TableID:192, RowCount:0, ArgLen:0, start time: 2026-07-17 08:19:06.827 +0800 CST, Err:<nil>, ErrCount:0, SnapshotVersion:0, Version: v2"]
[2026/07/17 08:19:06.858 +08:00] [INFO] [executor.go:7423] ["DDL job is finished"] [category=ddl] [jobID=193]
[2026/07/17 08:19:06.858 +08:00] [INFO] [session.go:5195] ["CRUCIAL OPERATION"] [conn=2] [schemaVersion=166] [cur_db=test] [sql="create table ai_stmt_control (\n\t\t\tid int primary key clustered,\n\t\t\tu1 int not null,\n\t\t\tu2 int not null,\n\t\t\tbase int not null,\n\t\t\tg int as (base + 1) stored,\n\t\t\tunique key u1_idx(u1),\n\t\t\tunique key u2_idx(u2),\n\t\t\tkey base_idx(base),\n\t\t\tkey g_idx(g),\n\t\t\tconstraint base_positive check (base > 0)\n\t\t)"] [user=]
[2026/07/17 08:19:06.862 +08:00] [WARN] [prewrite.go:619] ["1pc failed and fallbacks to normal commit procedure"] [startTS=467729788915417126]
[2026/07/17 08:19:06.865 +08:00] [INFO] [job_submitter.go:118] ["add DDL jobs"] [category=ddl] ["batch count"=1] [jobs="ID:195, Type:create table, State:queueing, SchemaState:none, SchemaID:114, TableID:194, RowCount:0, ArgLen:1, start time: 2026-07-17 08:19:06.827 +0800 CST, Err:<nil>, ErrCount:0, SnapshotVersion:0, Version: v2; "] [fast_create=true]
[2026/07/17 08:19:06.865 +08:00] [INFO] [executor.go:7285] ["DDL job submitted"] [category=ddl] [job="ID:195, Type:create table, State:queueing, SchemaState:none, SchemaID:114, TableID:194, RowCount:0, ArgLen:1, start time: 2026-07-17 08:19:06.827 +0800 CST, Err:<nil>, ErrCount:0, SnapshotVersion:0, Version: v2"] [query="create table ai_stmt_probe (\n\t\t\tid int primary key clustered,\n\t\t\tu1 int not null,\n\t\t\tu2 int not null,\n\t\t\tbase int not null,\n\t\t\tg int as (base + 1) stored,\n\t\t\tunique key u1_idx(u1),\n\t\t\tunique key u2_idx(u2),\n\t\t\tkey base_idx(base),\n\t\t\tkey g_idx(g),\n\t\t\tconstraint base_positive check (base > 0)\n\t\t)"]
[2026/07/17 08:19:06.865 +08:00] [INFO] [job_worker.go:854] ["run one job step"] [category=ddl] [jobID=195] [conn=2] [job="ID:195, Type:create table, State:queueing, SchemaState:none, SchemaID:114, TableID:194, RowCount:0, ArgLen:0, start time: 2026-07-17 08:19:06.827 +0800 CST, Err:<nil>, ErrCount:0, SnapshotVersion:0, Version: v2"]
[2026/07/17 08:19:06.866 +08:00] [WARN] [ddl.go:700] ["fail to notify DDL event"] [category=ddl] [event="(Event Type: create table, Table ID: 194, Table Name: ai_stmt_probe)"]
[2026/07/17 08:19:06.872 +08:00] [INFO] [loader.go:216] ["diff load InfoSchema success"] [mode=auto] [isV2=true] [currVer=166] [neededVer=167] [gotVer=167] ["elapsed time"=268.709µs] [phyTblIDs="[194]"] [actionTypes="[3]"] [diffTypes="[\"create table\"]"]
[2026/07/17 08:19:06.872 +08:00] [INFO] [syncer.go:281] ["mdl gets lock, update self version to owner"] [jobID=195] [version=167]
[2026/07/17 08:19:06.876 +08:00] [INFO] [schema_version.go:397] ["wait schema version synced success"] [category=ddl] [ver=167] [checkAssumedSvr=false] ["take time"=5.008125ms] [job="ID:195, Type:create table, State:done, SchemaState:public, SchemaID:114, TableID:194, RowCount:0, ArgLen:1, start time: 2026-07-17 08:19:06.827 +0800 CST, Err:<nil>, ErrCount:0, SnapshotVersion:0, Version: v2"] [summary="server count: 1"]
[2026/07/17 08:19:06.878 +08:00] [INFO] [job_worker.go:447] ["finish DDL job"] [category=ddl] [jobID=195] [conn=2] [job="ID:195, Type:create table, State:synced, SchemaState:public, SchemaID:114, TableID:194, RowCount:0, ArgLen:0, start time: 2026-07-17 08:19:06.827 +0800 CST, Err:<nil>, ErrCount:0, SnapshotVersion:0, Version: v2"]
[2026/07/17 08:19:06.879 +08:00] [INFO] [executor.go:7423] ["DDL job is finished"] [category=ddl] [jobID=195]
[2026/07/17 08:19:06.879 +08:00] [INFO] [session.go:5195] ["CRUCIAL OPERATION"] [conn=2] [schemaVersion=167] [cur_db=test] [sql="create table ai_stmt_probe (\n\t\t\tid int primary key clustered,\n\t\t\tu1 int not null,\n\t\t\tu2 int not null,\n\t\t\tbase int not null,\n\t\t\tg int as (base + 1) stored,\n\t\t\tunique key u1_idx(u1),\n\t\t\tunique key u2_idx(u2),\n\t\t\tkey base_idx(base),\n\t\t\tkey g_idx(g),\n\t\t\tconstraint base_positive check (base > 0)\n\t\t)"] [user=]
[2026/07/17 08:19:06.883 +08:00] [WARN] [prewrite.go:619] ["1pc failed and fallbacks to normal commit procedure"] [startTS=467729788928524294]
[2026/07/17 08:19:06.884 +08:00] [WARN] [prewrite.go:619] ["1pc failed and fallbacks to normal commit procedure"] [startTS=467729788928524297]
    ai_native_unique_owner_fuzz_test.go:926: 
        	Error Trace:	/Users/bba/pc/tidb-ai-master/tests/realtikvtest/txntest/ai_native_unique_owner_fuzz_test.go:926
        	Error:      	An error is expected but got nil.
        	Test:       	TestAINativeFailedStatementCannotPoisonPriorMutation/pessimistic/delete_then_failed_multirow_reinsert
        	Messages:   	the poison statement must reach statement rollback
=== RUN   TestAINativeFailedStatementCannotPoisonPriorMutation/pessimistic/update_then_failed_multirow_update
[2026/07/17 08:19:06.886 +08:00] [WARN] [prewrite.go:619] ["1pc failed and fallbacks to normal commit procedure"] [startTS=467729788928524300]
[2026/07/17 08:19:06.886 +08:00] [INFO] [txn.go:55] ["Try to create a new txn inside a transaction auto commit"] [schemaVersion=167] [txnStartTS=467729788928524300] [txnScope=global]
[2026/07/17 08:19:06.888 +08:00] [INFO] [job_submitter.go:118] ["add DDL jobs"] [category=ddl] ["batch count"=1] [jobs="ID:196, Type:drop table, State:queueing, SchemaState:public, SchemaID:114, TableID:192, RowCount:0, ArgLen:1, start time: 2026-07-17 08:19:06.877 +0800 CST, Err:<nil>, ErrCount:0, SnapshotVersion:0, Version: v2; "] [fast_create=true]
[2026/07/17 08:19:06.888 +08:00] [INFO] [executor.go:7285] ["DDL job submitted"] [category=ddl] [job="ID:196, Type:drop table, State:queueing, SchemaState:public, SchemaID:114, TableID:192, RowCount:0, ArgLen:1, start time: 2026-07-17 08:19:06.877 +0800 CST, Err:<nil>, ErrCount:0, SnapshotVersion:0, Version: v2"] [query="drop table if exists ai_stmt_control, ai_stmt_probe"]
[2026/07/17 08:19:06.889 +08:00] [INFO] [job_worker.go:854] ["run one job step"] [category=ddl] [jobID=196] [conn=2] [job="ID:196, Type:drop table, State:queueing, SchemaState:public, SchemaID:114, TableID:192, RowCount:0, ArgLen:0, start time: 2026-07-17 08:19:06.877 +0800 CST, Err:<nil>, ErrCount:0, SnapshotVersion:0, Version: v2"]
[2026/07/17 08:19:06.895 +08:00] [INFO] [loader.go:216] ["diff load InfoSchema success"] [mode=auto] [isV2=true] [currVer=167] [neededVer=168] [gotVer=168] ["elapsed time"=337.084µs] [phyTblIDs="[192]"] [actionTypes="[4]"] [diffTypes="[\"drop table\"]"]
[2026/07/17 08:19:06.895 +08:00] [INFO] [syncer.go:281] ["mdl gets lock, update self version to owner"] [jobID=196] [version=168]
[2026/07/17 08:19:06.899 +08:00] [INFO] [schema_version.go:397] ["wait schema version synced success"] [category=ddl] [ver=168] [checkAssumedSvr=false] ["take time"=5.22425ms] [job="ID:196, Type:drop table, State:running, SchemaState:write only, SchemaID:114, TableID:192, RowCount:0, ArgLen:1, start time: 2026-07-17 08:19:06.877 +0800 CST, Err:<nil>, ErrCount:0, SnapshotVersion:0, Version: v2"] [summary="server count: 1"]
[2026/07/17 08:19:06.901 +08:00] [INFO] [job_worker.go:854] ["run one job step"] [category=ddl] [jobID=196] [conn=2] [job="ID:196, Type:drop table, State:running, SchemaState:write only, SchemaID:114, TableID:192, RowCount:0, ArgLen:0, start time: 2026-07-17 08:19:06.877 +0800 CST, Err:<nil>, ErrCount:0, SnapshotVersion:0, Version: v2"]
[2026/07/17 08:19:06.907 +08:00] [INFO] [loader.go:216] ["diff load InfoSchema success"] [mode=auto] [isV2=true] [currVer=168] [neededVer=169] [gotVer=169] ["elapsed time"=316.667µs] [phyTblIDs="[192]"] [actionTypes="[4]"] [diffTypes="[\"drop table\"]"]
[2026/07/17 08:19:06.907 +08:00] [INFO] [syncer.go:281] ["mdl gets lock, update self version to owner"] [jobID=196] [version=169]
[2026/07/17 08:19:06.911 +08:00] [INFO] [schema_version.go:397] ["wait schema version synced success"] [category=ddl] [ver=169] [checkAssumedSvr=false] ["take time"=4.960083ms] [job="ID:196, Type:drop table, State:running, SchemaState:delete only, SchemaID:114, TableID:192, RowCount:0, ArgLen:1, start time: 2026-07-17 08:19:06.877 +0800 CST, Err:<nil>, ErrCount:0, SnapshotVersion:0, Version: v2"] [summary="server count: 1"]
[2026/07/17 08:19:06.912 +08:00] [INFO] [job_worker.go:854] ["run one job step"] [category=ddl] [jobID=196] [conn=2] [job="ID:196, Type:drop table, State:running, SchemaState:delete only, SchemaID:114, TableID:192, RowCount:0, ArgLen:0, start time: 2026-07-17 08:19:06.877 +0800 CST, Err:<nil>, ErrCount:0, SnapshotVersion:0, Version: v2"]
[2026/07/17 08:19:06.913 +08:00] [WARN] [ddl.go:700] ["fail to notify DDL event"] [category=ddl] [event="(Event Type: drop table, Old Table ID: 192, Old Table Name: ai_stmt_control)"]
[2026/07/17 08:19:06.915 +08:00] [INFO] [lock_resolver.go:1631] ["txn lock cleanup resolve-lock rpc finished"] [action=commit] [txnStartTS=467729788928524328] [commitTS=467729788928524332] [regionID=4] [resolveLite=true] [resolvedByCheckTxnStatus=false]
[2026/07/17 08:19:06.920 +08:00] [INFO] [loader.go:216] ["diff load InfoSchema success"] [mode=auto] [isV2=true] [currVer=169] [neededVer=170] [gotVer=170] ["elapsed time"=337.917µs] [phyTblIDs="[192]"] [actionTypes="[4]"] [diffTypes="[\"drop table\"]"]
[2026/07/17 08:19:06.920 +08:00] [INFO] [syncer.go:281] ["mdl gets lock, update self version to owner"] [jobID=196] [version=170]
[2026/07/17 08:19:06.924 +08:00] [INFO] [schema_version.go:397] ["wait schema version synced success"] [category=ddl] [ver=170] [checkAssumedSvr=false] ["take time"=5.058541ms] [job="ID:196, Type:drop table, State:done, SchemaState:none, SchemaID:114, TableID:192, RowCount:0, ArgLen:1, start time: 2026-07-17 08:19:06.877 +0800 CST, Err:<nil>, ErrCount:0, SnapshotVersion:0, Version: v2"] [summary="server count: 1"]
[2026/07/17 08:19:06.925 +08:00] [INFO] [delete_range.go:470] ["insert into delete-range table"] [category=ddl] [jobID=196] [tableIDs="[192]"] [comment="drop table: table ID"]
[2026/07/17 08:19:06.933 +08:00] [INFO] [delete_range.go:112] ["add job into delete-range table"] [category=ddl] [jobID=196] [jobType="drop table"]
[2026/07/17 08:19:06.933 +08:00] [INFO] [job_worker.go:447] ["finish DDL job"] [category=ddl] [jobID=196] [conn=2] [job="ID:196, Type:drop table, State:synced, SchemaState:none, SchemaID:114, TableID:192, RowCount:0, ArgLen:1, start time: 2026-07-17 08:19:06.877 +0800 CST, Err:<nil>, ErrCount:0, SnapshotVersion:0, Version: v2"]
[2026/07/17 08:19:06.935 +08:00] [INFO] [executor.go:7423] ["DDL job is finished"] [category=ddl] [jobID=196]
[2026/07/17 08:19:06.940 +08:00] [INFO] [job_submitter.go:118] ["add DDL jobs"] [category=ddl] ["batch count"=1] [jobs="ID:197, Type:drop table, State:queueing, SchemaState:public, SchemaID:114, TableID:194, RowCount:0, ArgLen:1, start time: 2026-07-17 08:19:06.927 +0800 CST, Err:<nil>, ErrCount:0, SnapshotVersion:0, Version: v2; "] [fast_create=true]
[2026/07/17 08:19:06.940 +08:00] [INFO] [executor.go:7285] ["DDL job submitted"] [category=ddl] [job="ID:197, Type:drop table, State:queueing, SchemaState:public, SchemaID:114, TableID:194, RowCount:0, ArgLen:1, start time: 2026-07-17 08:19:06.927 +0800 CST, Err:<nil>, ErrCount:0, SnapshotVersion:0, Version: v2"] [query="drop table if exists ai_stmt_control, ai_stmt_probe"]
[2026/07/17 08:19:06.940 +08:00] [INFO] [lock_resolver.go:1631] ["txn lock cleanup resolve-lock rpc finished"] [action=commit] [txnStartTS=467729788941631497] [commitTS=467729788941631499] [regionID=8] [resolveLite=true] [resolvedByCheckTxnStatus=false]
[2026/07/17 08:19:06.941 +08:00] [INFO] [job_worker.go:854] ["run one job step"] [category=ddl] [jobID=197] [conn=2] [job="ID:197, Type:drop table, State:queueing, SchemaState:public, SchemaID:114, TableID:194, RowCount:0, ArgLen:0, start time: 2026-07-17 08:19:06.927 +0800 CST, Err:<nil>, ErrCount:0, SnapshotVersion:0, Version: v2"]
[2026/07/17 08:19:06.948 +08:00] [INFO] [loader.go:216] ["diff load InfoSchema success"] [mode=auto] [isV2=true] [currVer=170] [neededVer=171] [gotVer=171] ["elapsed time"=311.75µs] [phyTblIDs="[194]"] [actionTypes="[4]"] [diffTypes="[\"drop table\"]"]
[2026/07/17 08:19:06.948 +08:00] [INFO] [syncer.go:281] ["mdl gets lock, update self version to owner"] [jobID=197] [version=171]
[2026/07/17 08:19:06.952 +08:00] [INFO] [schema_version.go:397] ["wait schema version synced success"] [category=ddl] [ver=171] [checkAssumedSvr=false] ["take time"=4.893917ms] [job="ID:197, Type:drop table, State:running, SchemaState:write only, SchemaID:114, TableID:194, RowCount:0, ArgLen:1, start time: 2026-07-17 08:19:06.927 +0800 CST, Err:<nil>, ErrCount:0, SnapshotVersion:0, Version: v2"] [summary="server count: 1"]
[2026/07/17 08:19:06.953 +08:00] [INFO] [job_worker.go:854] ["run one job step"] [category=ddl] [jobID=197] [conn=2] [job="ID:197, Type:drop table, State:running, SchemaState:write only, SchemaID:114, TableID:194, RowCount:0, ArgLen:0, start time: 2026-07-17 08:19:06.927 +0800 CST, Err:<nil>, ErrCount:0, SnapshotVersion:0, Version: v2"]
[2026/07/17 08:19:06.957 +08:00] [INFO] [runtime.go:172] ["TimerGroupRuntime loop started"] [groupID=ttl]
[2026/07/17 08:19:06.957 +08:00] [INFO] [runtime.go:444] ["create watch chan if possible for timer runtime"] [groupID=ttl] [storeSupportWatch=true]
[2026/07/17 08:19:06.957 +08:00] [INFO] [notifier.go:140] ["new etcd watcher created to watch timer events"] [EtcdKey=/tidb/timer/cluster/1/notify/3d302db5-dc00-4f78-8c80-e6a408c824e9] [watcherID=8957cc51-3b81-40a6-8b25-1e33d8d7ff72]
[2026/07/17 08:19:06.959 +08:00] [INFO] [slots.go:220] ["initialize slot capacity"] [capacity=14]
[2026/07/17 08:19:06.960 +08:00] [INFO] [scheduler_manager.go:331] ["subtask table gc loop start"] [server-id=:4000]
[2026/07/17 08:19:06.960 +08:00] [INFO] [scheduler_manager.go:407] ["cleanup loop start"] [server-id=:4000]
[2026/07/17 08:19:06.960 +08:00] [INFO] [scheduler_manager.go:217] ["schedule task loop start"] [server-id=:4000]
[2026/07/17 08:19:06.960 +08:00] [INFO] [scheduler_manager.go:482] ["collect loop start"] [server-id=:4000]
[2026/07/17 08:19:06.960 +08:00] [INFO] [loader.go:216] ["diff load InfoSchema success"] [mode=auto] [isV2=true] [currVer=171] [neededVer=172] [gotVer=172] ["elapsed time"=316.458µs] [phyTblIDs="[194]"] [actionTypes="[4]"] [diffTypes="[\"drop table\"]"]
[2026/07/17 08:19:06.961 +08:00] [INFO] [syncer.go:281] ["mdl gets lock, update self version to owner"] [jobID=197] [version=172]
[2026/07/17 08:19:06.965 +08:00] [INFO] [schema_version.go:397] ["wait schema version synced success"] [category=ddl] [ver=172] [checkAssumedSvr=false] ["take time"=5.742834ms] [job="ID:197, Type:drop table, State:running, SchemaState:delete only, SchemaID:114, TableID:194, RowCount:0, ArgLen:1, start time: 2026-07-17 08:19:06.927 +0800 CST, Err:<nil>, ErrCount:0, SnapshotVersion:0, Version: v2"] [summary="server count: 1"]
[2026/07/17 08:19:06.966 +08:00] [INFO] [job_worker.go:854] ["run one job step"] [category=ddl] [jobID=197] [conn=2] [job="ID:197, Type:drop table, State:running, SchemaState:delete only, SchemaID:114, TableID:194, RowCount:0, ArgLen:0, start time: 2026-07-17 08:19:06.927 +0800 CST, Err:<nil>, ErrCount:0, SnapshotVersion:0, Version: v2"]
[2026/07/17 08:19:06.967 +08:00] [WARN] [ddl.go:700] ["fail to notify DDL event"] [category=ddl] [event="(Event Type: drop table, Old Table ID: 194, Old Table Name: ai_stmt_probe)"]
[2026/07/17 08:19:06.974 +08:00] [INFO] [loader.go:216] ["diff load InfoSchema success"] [mode=auto] [isV2=true] [currVer=172] [neededVer=173] [gotVer=173] ["elapsed time"=188.334µs] [phyTblIDs="[194]"] [actionTypes="[4]"] [diffTypes="[\"drop table\"]"]
[2026/07/17 08:19:06.974 +08:00] [INFO] [syncer.go:281] ["mdl gets lock, update self version to owner"] [jobID=197] [version=173]
[2026/07/17 08:19:06.978 +08:00] [INFO] [schema_version.go:397] ["wait schema version synced success"] [category=ddl] [ver=173] [checkAssumedSvr=false] ["take time"=4.926375ms] [job="ID:197, Type:drop table, State:done, SchemaState:none, SchemaID:114, TableID:194, RowCount:0, ArgLen:1, start time: 2026-07-17 08:19:06.927 +0800 CST, Err:<nil>, ErrCount:0, SnapshotVersion:0, Version: v2"] [summary="server count: 1"]
[2026/07/17 08:19:06.979 +08:00] [INFO] [delete_range.go:470] ["insert into delete-range table"] [category=ddl] [jobID=197] [tableIDs="[194]"] [comment="drop table: table ID"]
[2026/07/17 08:19:06.980 +08:00] [INFO] [delete_range.go:112] ["add job into delete-range table"] [category=ddl] [jobID=197] [jobType="drop table"]
[2026/07/17 08:19:06.980 +08:00] [INFO] [job_worker.go:447] ["finish DDL job"] [category=ddl] [jobID=197] [conn=2] [job="ID:197, Type:drop table, State:synced, SchemaState:none, SchemaID:114, TableID:194, RowCount:0, ArgLen:1, start time: 2026-07-17 08:19:06.927 +0800 CST, Err:<nil>, ErrCount:0, SnapshotVersion:0, Version: v2"]
[2026/07/17 08:19:06.982 +08:00] [INFO] [executor.go:7423] ["DDL job is finished"] [category=ddl] [jobID=197]
[2026/07/17 08:19:06.982 +08:00] [INFO] [session.go:5195] ["CRUCIAL OPERATION"] [conn=2] [schemaVersion=173] [cur_db=test] [sql="drop table if exists ai_stmt_control, ai_stmt_probe"] [user=]
[2026/07/17 08:19:06.986 +08:00] [INFO] [job_submitter.go:118] ["add DDL jobs"] [category=ddl] ["batch count"=1] [jobs="ID:199, Type:create table, State:queueing, SchemaState:none, SchemaID:114, TableID:198, RowCount:0, ArgLen:1, start time: 2026-07-17 08:19:06.977 +0800 CST, Err:<nil>, ErrCount:0, SnapshotVersion:0, Version: v2; "] [fast_create=true]
[2026/07/17 08:19:06.986 +08:00] [INFO] [executor.go:7285] ["DDL job submitted"] [category=ddl] [job="ID:199, Type:create table, State:queueing, SchemaState:none, SchemaID:114, TableID:198, RowCount:0, ArgLen:1, start time: 2026-07-17 08:19:06.977 +0800 CST, Err:<nil>, ErrCount:0, SnapshotVersion:0, Version: v2"] [query="create table ai_stmt_control (\n\t\t\tid int primary key clustered,\n\t\t\tu1 int not null,\n\t\t\tu2 int not null,\n\t\t\tbase int not null,\n\t\t\tg int as (base + 1) stored,\n\t\t\tunique key u1_idx(u1),\n\t\t\tunique key u2_idx(u2),\n\t\t\tkey base_idx(base),\n\t\t\tkey g_idx(g),\n\t\t\tconstraint base_positive check (base > 0)\n\t\t)"]
[2026/07/17 08:19:06.986 +08:00] [INFO] [lock_resolver.go:1631] ["txn lock cleanup resolve-lock rpc finished"] [action=commit] [txnStartTS=467729788954738704] [commitTS=467729788954738706] [regionID=8] [resolveLite=true] [resolvedByCheckTxnStatus=false]
[2026/07/17 08:19:06.987 +08:00] [INFO] [job_worker.go:854] ["run one job step"] [category=ddl] [jobID=199] [conn=2] [job="ID:199, Type:create table, State:queueing, SchemaState:none, SchemaID:114, TableID:198, RowCount:0, ArgLen:0, start time: 2026-07-17 08:19:06.977 +0800 CST, Err:<nil>, ErrCount:0, SnapshotVersion:0, Version: v2"]
[2026/07/17 08:19:06.988 +08:00] [WARN] [ddl.go:700] ["fail to notify DDL event"] [category=ddl] [event="(Event Type: create table, Table ID: 198, Table Name: ai_stmt_control)"]
[2026/07/17 08:19:06.994 +08:00] [INFO] [loader.go:216] ["diff load InfoSchema success"] [mode=auto] [isV2=true] [currVer=173] [neededVer=174] [gotVer=174] ["elapsed time"=272.292µs] [phyTblIDs="[198]"] [actionTypes="[3]"] [diffTypes="[\"create table\"]"]
[2026/07/17 08:19:06.994 +08:00] [INFO] [syncer.go:281] ["mdl gets lock, update self version to owner"] [jobID=199] [version=174]
[2026/07/17 08:19:06.998 +08:00] [INFO] [schema_version.go:397] ["wait schema version synced success"] [category=ddl] [ver=174] [checkAssumedSvr=false] ["take time"=4.987083ms] [job="ID:199, Type:create table, State:done, SchemaState:public, SchemaID:114, TableID:198, RowCount:0, ArgLen:1, start time: 2026-07-17 08:19:06.977 +0800 CST, Err:<nil>, ErrCount:0, SnapshotVersion:0, Version: v2"] [summary="server count: 1"]
[2026/07/17 08:19:06.999 +08:00] [INFO] [job_worker.go:447] ["finish DDL job"] [category=ddl] [jobID=199] [conn=2] [job="ID:199, Type:create table, State:synced, SchemaState:public, SchemaID:114, TableID:198, RowCount:0, ArgLen:0, start time: 2026-07-17 08:19:06.977 +0800 CST, Err:<nil>, ErrCount:0, SnapshotVersion:0, Version: v2"]
[2026/07/17 08:19:07.001 +08:00] [INFO] [executor.go:7423] ["DDL job is finished"] [category=ddl] [jobID=199]
[2026/07/17 08:19:07.001 +08:00] [INFO] [session.go:5195] ["CRUCIAL OPERATION"] [conn=2] [schemaVersion=174] [cur_db=test] [sql="create table ai_stmt_control (\n\t\t\tid int primary key clustered,\n\t\t\tu1 int not null,\n\t\t\tu2 int not null,\n\t\t\tbase int not null,\n\t\t\tg int as (base + 1) stored,\n\t\t\tunique key u1_idx(u1),\n\t\t\tunique key u2_idx(u2),\n\t\t\tkey base_idx(base),\n\t\t\tkey g_idx(g),\n\t\t\tconstraint base_positive check (base > 0)\n\t\t)"] [user=]
[2026/07/17 08:19:07.005 +08:00] [WARN] [prewrite.go:619] ["1pc failed and fallbacks to normal commit procedure"] [startTS=467729788954738723]
[2026/07/17 08:19:07.007 +08:00] [INFO] [job_submitter.go:118] ["add DDL jobs"] [category=ddl] ["batch count"=1] [jobs="ID:201, Type:create table, State:queueing, SchemaState:none, SchemaID:114, TableID:200, RowCount:0, ArgLen:1, start time: 2026-07-17 08:19:06.977 +0800 CST, Err:<nil>, ErrCount:0, SnapshotVersion:0, Version: v2; "] [fast_create=true]
[2026/07/17 08:19:07.007 +08:00] [INFO] [executor.go:7285] ["DDL job submitted"] [category=ddl] [job="ID:201, Type:create table, State:queueing, SchemaState:none, SchemaID:114, TableID:200, RowCount:0, ArgLen:1, start time: 2026-07-17 08:19:06.977 +0800 CST, Err:<nil>, ErrCount:0, SnapshotVersion:0, Version: v2"] [query="create table ai_stmt_probe (\n\t\t\tid int primary key clustered,\n\t\t\tu1 int not null,\n\t\t\tu2 int not null,\n\t\t\tbase int not null,\n\t\t\tg int as (base + 1) stored,\n\t\t\tunique key u1_idx(u1),\n\t\t\tunique key u2_idx(u2),\n\t\t\tkey base_idx(base),\n\t\t\tkey g_idx(g),\n\t\t\tconstraint base_positive check (base > 0)\n\t\t)"]
[2026/07/17 08:19:07.008 +08:00] [INFO] [lock_resolver.go:1631] ["txn lock cleanup resolve-lock rpc finished"] [action=commit] [txnStartTS=467729788954738730] [commitTS=467729788954738731] [regionID=8] [resolveLite=true] [resolvedByCheckTxnStatus=false]
[2026/07/17 08:19:07.009 +08:00] [INFO] [job_worker.go:854] ["run one job step"] [category=ddl] [jobID=201] [conn=2] [job="ID:201, Type:create table, State:queueing, SchemaState:none, SchemaID:114, TableID:200, RowCount:0, ArgLen:0, start time: 2026-07-17 08:19:06.977 +0800 CST, Err:<nil>, ErrCount:0, SnapshotVersion:0, Version: v2"]
[2026/07/17 08:19:07.010 +08:00] [WARN] [ddl.go:700] ["fail to notify DDL event"] [category=ddl] [event="(Event Type: create table, Table ID: 200, Table Name: ai_stmt_probe)"]
[2026/07/17 08:19:07.016 +08:00] [INFO] [loader.go:216] ["diff load InfoSchema success"] [mode=auto] [isV2=true] [currVer=174] [neededVer=175] [gotVer=175] ["elapsed time"=253.625µs] [phyTblIDs="[200]"] [actionTypes="[3]"] [diffTypes="[\"create table\"]"]
[2026/07/17 08:19:07.016 +08:00] [INFO] [syncer.go:281] ["mdl gets lock, update self version to owner"] [jobID=201] [version=175]
[2026/07/17 08:19:07.020 +08:00] [INFO] [schema_version.go:397] ["wait schema version synced success"] [category=ddl] [ver=175] [checkAssumedSvr=false] ["take time"=4.901ms] [job="ID:201, Type:create table, State:done, SchemaState:public, SchemaID:114, TableID:200, RowCount:0, ArgLen:1, start time: 2026-07-17 08:19:06.977 +0800 CST, Err:<nil>, ErrCount:0, SnapshotVersion:0, Version: v2"] [summary="server count: 1"]
[2026/07/17 08:19:07.021 +08:00] [INFO] [job_worker.go:447] ["finish DDL job"] [category=ddl] [jobID=201] [conn=2] [job="ID:201, Type:create table, State:synced, SchemaState:public, SchemaID:114, TableID:200, RowCount:0, ArgLen:0, start time: 2026-07-17 08:19:06.977 +0800 CST, Err:<nil>, ErrCount:0, SnapshotVersion:0, Version: v2"]
[2026/07/17 08:19:07.023 +08:00] [INFO] [executor.go:7423] ["DDL job is finished"] [category=ddl] [jobID=201]
[2026/07/17 08:19:07.023 +08:00] [INFO] [session.go:5195] ["CRUCIAL OPERATION"] [conn=2] [schemaVersion=175] [cur_db=test] [sql="create table ai_stmt_probe (\n\t\t\tid int primary key clustered,\n\t\t\tu1 int not null,\n\t\t\tu2 int not null,\n\t\t\tbase int not null,\n\t\t\tg int as (base + 1) stored,\n\t\t\tunique key u1_idx(u1),\n\t\t\tunique key u2_idx(u2),\n\t\t\tkey base_idx(base),\n\t\t\tkey g_idx(g),\n\t\t\tconstraint base_positive check (base > 0)\n\t\t)"] [user=]
[2026/07/17 08:19:07.027 +08:00] [WARN] [prewrite.go:619] ["1pc failed and fallbacks to normal commit procedure"] [startTS=467729788954738748]
[2026/07/17 08:19:07.028 +08:00] [WARN] [prewrite.go:619] ["1pc failed and fallbacks to normal commit procedure"] [startTS=467729788967845891]
    ai_native_unique_owner_fuzz_test.go:926: 
        	Error Trace:	/Users/bba/pc/tidb-ai-master/tests/realtikvtest/txntest/ai_native_unique_owner_fuzz_test.go:926
        	Error:      	An error is expected but got nil.
        	Test:       	TestAINativeFailedStatementCannotPoisonPriorMutation/pessimistic/update_then_failed_multirow_update
        	Messages:   	the poison statement must reach statement rollback
=== RUN   TestAINativeFailedStatementCannotPoisonPriorMutation/pessimistic/insert_then_failed_reverse_multirow_update
[2026/07/17 08:19:07.030 +08:00] [INFO] [txn.go:55] ["Try to create a new txn inside a transaction auto commit"] [schemaVersion=175] [txnStartTS=467729788967845894] [txnScope=global]
[2026/07/17 08:19:07.032 +08:00] [INFO] [job_submitter.go:118] ["add DDL jobs"] [category=ddl] ["batch count"=1] [jobs="ID:202, Type:drop table, State:queueing, SchemaState:public, SchemaID:114, TableID:198, RowCount:0, ArgLen:1, start time: 2026-07-17 08:19:07.027 +0800 CST, Err:<nil>, ErrCount:0, SnapshotVersion:0, Version: v2; "] [fast_create=true]
[2026/07/17 08:19:07.032 +08:00] [INFO] [executor.go:7285] ["DDL job submitted"] [category=ddl] [job="ID:202, Type:drop table, State:queueing, SchemaState:public, SchemaID:114, TableID:198, RowCount:0, ArgLen:1, start time: 2026-07-17 08:19:07.027 +0800 CST, Err:<nil>, ErrCount:0, SnapshotVersion:0, Version: v2"] [query="drop table if exists ai_stmt_control, ai_stmt_probe"]
[2026/07/17 08:19:07.033 +08:00] [INFO] [job_worker.go:854] ["run one job step"] [category=ddl] [jobID=202] [conn=2] [job="ID:202, Type:drop table, State:queueing, SchemaState:public, SchemaID:114, TableID:198, RowCount:0, ArgLen:0, start time: 2026-07-17 08:19:07.027 +0800 CST, Err:<nil>, ErrCount:0, SnapshotVersion:0, Version: v2"]
[2026/07/17 08:19:07.047 +08:00] [INFO] [loader.go:216] ["diff load InfoSchema success"] [mode=auto] [isV2=true] [currVer=175] [neededVer=176] [gotVer=176] ["elapsed time"=327.75µs] [phyTblIDs="[198]"] [actionTypes="[4]"] [diffTypes="[\"drop table\"]"]
[2026/07/17 08:19:07.047 +08:00] [INFO] [syncer.go:281] ["mdl gets lock, update self version to owner"] [jobID=202] [version=176]
[2026/07/17 08:19:07.052 +08:00] [INFO] [schema_version.go:397] ["wait schema version synced success"] [category=ddl] [ver=176] [checkAssumedSvr=false] ["take time"=6.042792ms] [job="ID:202, Type:drop table, State:running, SchemaState:write only, SchemaID:114, TableID:198, RowCount:0, ArgLen:1, start time: 2026-07-17 08:19:07.027 +0800 CST, Err:<nil>, ErrCount:0, SnapshotVersion:0, Version: v2"] [summary="server count: 1"]
[2026/07/17 08:19:07.053 +08:00] [INFO] [job_worker.go:854] ["run one job step"] [category=ddl] [jobID=202] [conn=2] [job="ID:202, Type:drop table, State:running, SchemaState:write only, SchemaID:114, TableID:198, RowCount:0, ArgLen:0, start time: 2026-07-17 08:19:07.027 +0800 CST, Err:<nil>, ErrCount:0, SnapshotVersion:0, Version: v2"]
[2026/07/17 08:19:07.060 +08:00] [INFO] [loader.go:216] ["diff load InfoSchema success"] [mode=auto] [isV2=true] [currVer=176] [neededVer=177] [gotVer=177] ["elapsed time"=313.75µs] [phyTblIDs="[198]"] [actionTypes="[4]"] [diffTypes="[\"drop table\"]"]
[2026/07/17 08:19:07.060 +08:00] [INFO] [syncer.go:281] ["mdl gets lock, update self version to owner"] [jobID=202] [version=177]
[2026/07/17 08:19:07.064 +08:00] [INFO] [schema_version.go:397] ["wait schema version synced success"] [category=ddl] [ver=177] [checkAssumedSvr=false] ["take time"=4.973333ms] [job="ID:202, Type:drop table, State:running, SchemaState:delete only, SchemaID:114, TableID:198, RowCount:0, ArgLen:1, start time: 2026-07-17 08:19:07.027 +0800 CST, Err:<nil>, ErrCount:0, SnapshotVersion:0, Version: v2"] [summary="server count: 1"]
[2026/07/17 08:19:07.065 +08:00] [INFO] [job_worker.go:854] ["run one job step"] [category=ddl] [jobID=202] [conn=2] [job="ID:202, Type:drop table, State:running, SchemaState:delete only, SchemaID:114, TableID:198, RowCount:0, ArgLen:0, start time: 2026-07-17 08:19:07.027 +0800 CST, Err:<nil>, ErrCount:0, SnapshotVersion:0, Version: v2"]
[2026/07/17 08:19:07.066 +08:00] [WARN] [ddl.go:700] ["fail to notify DDL event"] [category=ddl] [event="(Event Type: drop table, Old Table ID: 198, Old Table Name: ai_stmt_control)"]
[2026/07/17 08:19:07.073 +08:00] [INFO] [loader.go:216] ["diff load InfoSchema success"] [mode=auto] [isV2=true] [currVer=177] [neededVer=178] [gotVer=178] ["elapsed time"=222.125µs] [phyTblIDs="[198]"] [actionTypes="[4]"] [diffTypes="[\"drop table\"]"]
[2026/07/17 08:19:07.073 +08:00] [INFO] [syncer.go:281] ["mdl gets lock, update self version to owner"] [jobID=202] [version=178]
[2026/07/17 08:19:07.077 +08:00] [INFO] [schema_version.go:397] ["wait schema version synced success"] [category=ddl] [ver=178] [checkAssumedSvr=false] ["take time"=5.05875ms] [job="ID:202, Type:drop table, State:done, SchemaState:none, SchemaID:114, TableID:198, RowCount:0, ArgLen:1, start time: 2026-07-17 08:19:07.027 +0800 CST, Err:<nil>, ErrCount:0, SnapshotVersion:0, Version: v2"] [summary="server count: 1"]
[2026/07/17 08:19:07.079 +08:00] [INFO] [delete_range.go:470] ["insert into delete-range table"] [category=ddl] [jobID=202] [tableIDs="[198]"] [comment="drop table: table ID"]
[2026/07/17 08:19:07.079 +08:00] [INFO] [delete_range.go:112] ["add job into delete-range table"] [category=ddl] [jobID=202] [jobType="drop table"]
[2026/07/17 08:19:07.079 +08:00] [INFO] [job_worker.go:447] ["finish DDL job"] [category=ddl] [jobID=202] [conn=2] [job="ID:202, Type:drop table, State:synced, SchemaState:none, SchemaID:114, TableID:198, RowCount:0, ArgLen:1, start time: 2026-07-17 08:19:07.027 +0800 CST, Err:<nil>, ErrCount:0, SnapshotVersion:0, Version: v2"]
[2026/07/17 08:19:07.082 +08:00] [INFO] [executor.go:7423] ["DDL job is finished"] [category=ddl] [jobID=202]
[2026/07/17 08:19:07.086 +08:00] [INFO] [job_submitter.go:118] ["add DDL jobs"] [category=ddl] ["batch count"=1] [jobs="ID:203, Type:drop table, State:queueing, SchemaState:public, SchemaID:114, TableID:200, RowCount:0, ArgLen:1, start time: 2026-07-17 08:19:07.077 +0800 CST, Err:<nil>, ErrCount:0, SnapshotVersion:0, Version: v2; "] [fast_create=true]
[2026/07/17 08:19:07.086 +08:00] [INFO] [executor.go:7285] ["DDL job submitted"] [category=ddl] [job="ID:203, Type:drop table, State:queueing, SchemaState:public, SchemaID:114, TableID:200, RowCount:0, ArgLen:1, start time: 2026-07-17 08:19:07.077 +0800 CST, Err:<nil>, ErrCount:0, SnapshotVersion:0, Version: v2"] [query="drop table if exists ai_stmt_control, ai_stmt_probe"]
[2026/07/17 08:19:07.086 +08:00] [INFO] [lock_resolver.go:1631] ["txn lock cleanup resolve-lock rpc finished"] [action=commit] [txnStartTS=467729788980953102] [commitTS=467729788980953104] [regionID=8] [resolveLite=true] [resolvedByCheckTxnStatus=false]
[2026/07/17 08:19:07.087 +08:00] [INFO] [job_worker.go:854] ["run one job step"] [category=ddl] [jobID=203] [conn=2] [job="ID:203, Type:drop table, State:queueing, SchemaState:public, SchemaID:114, TableID:200, RowCount:0, ArgLen:0, start time: 2026-07-17 08:19:07.077 +0800 CST, Err:<nil>, ErrCount:0, SnapshotVersion:0, Version: v2"]
[2026/07/17 08:19:07.094 +08:00] [INFO] [loader.go:216] ["diff load InfoSchema success"] [mode=auto] [isV2=true] [currVer=178] [neededVer=179] [gotVer=179] ["elapsed time"=327.167µs] [phyTblIDs="[200]"] [actionTypes="[4]"] [diffTypes="[\"drop table\"]"]
[2026/07/17 08:19:07.094 +08:00] [INFO] [syncer.go:281] ["mdl gets lock, update self version to owner"] [jobID=203] [version=179]
[2026/07/17 08:19:07.098 +08:00] [INFO] [schema_version.go:397] ["wait schema version synced success"] [category=ddl] [ver=179] [checkAssumedSvr=false] ["take time"=5.067584ms] [job="ID:203, Type:drop table, State:running, SchemaState:write only, SchemaID:114, TableID:200, RowCount:0, ArgLen:1, start time: 2026-07-17 08:19:07.077 +0800 CST, Err:<nil>, ErrCount:0, SnapshotVersion:0, Version: v2"] [summary="server count: 1"]
[2026/07/17 08:19:07.099 +08:00] [INFO] [job_worker.go:854] ["run one job step"] [category=ddl] [jobID=203] [conn=2] [job="ID:203, Type:drop table, State:running, SchemaState:write only, SchemaID:114, TableID:200, RowCount:0, ArgLen:0, start time: 2026-07-17 08:19:07.077 +0800 CST, Err:<nil>, ErrCount:0, SnapshotVersion:0, Version: v2"]
[2026/07/17 08:19:07.109 +08:00] [INFO] [loader.go:216] ["diff load InfoSchema success"] [mode=auto] [isV2=true] [currVer=179] [neededVer=180] [gotVer=180] ["elapsed time"=3.586167ms] [phyTblIDs="[200]"] [actionTypes="[4]"] [diffTypes="[\"drop table\"]"]
[2026/07/17 08:19:07.112 +08:00] [INFO] [syncer.go:281] ["mdl gets lock, update self version to owner"] [jobID=203] [version=180]
[2026/07/17 08:19:07.116 +08:00] [INFO] [schema_version.go:397] ["wait schema version synced success"] [category=ddl] [ver=180] [checkAssumedSvr=false] ["take time"=11.08725ms] [job="ID:203, Type:drop table, State:running, SchemaState:delete only, SchemaID:114, TableID:200, RowCount:0, ArgLen:1, start time: 2026-07-17 08:19:07.077 +0800 CST, Err:<nil>, ErrCount:0, SnapshotVersion:0, Version: v2"] [summary="server count: 1"]
[2026/07/17 08:19:07.118 +08:00] [INFO] [job_worker.go:854] ["run one job step"] [category=ddl] [jobID=203] [conn=2] [job="ID:203, Type:drop table, State:running, SchemaState:delete only, SchemaID:114, TableID:200, RowCount:0, ArgLen:0, start time: 2026-07-17 08:19:07.077 +0800 CST, Err:<nil>, ErrCount:0, SnapshotVersion:0, Version: v2"]
[2026/07/17 08:19:07.120 +08:00] [WARN] [ddl.go:700] ["fail to notify DDL event"] [category=ddl] [event="(Event Type: drop table, Old Table ID: 200, Old Table Name: ai_stmt_probe)"]
[2026/07/17 08:19:07.127 +08:00] [INFO] [loader.go:216] ["diff load InfoSchema success"] [mode=auto] [isV2=true] [currVer=180] [neededVer=181] [gotVer=181] ["elapsed time"=248.125µs] [phyTblIDs="[200]"] [actionTypes="[4]"] [diffTypes="[\"drop table\"]"]
[2026/07/17 08:19:07.128 +08:00] [INFO] [syncer.go:281] ["mdl gets lock, update self version to owner"] [jobID=203] [version=181]
[2026/07/17 08:19:07.132 +08:00] [INFO] [schema_version.go:397] ["wait schema version synced success"] [category=ddl] [ver=181] [checkAssumedSvr=false] ["take time"=5.888958ms] [job="ID:203, Type:drop table, State:done, SchemaState:none, SchemaID:114, TableID:200, RowCount:0, ArgLen:1, start time: 2026-07-17 08:19:07.077 +0800 CST, Err:<nil>, ErrCount:0, SnapshotVersion:0, Version: v2"] [summary="server count: 1"]
[2026/07/17 08:19:07.133 +08:00] [INFO] [delete_range.go:470] ["insert into delete-range table"] [category=ddl] [jobID=203] [tableIDs="[200]"] [comment="drop table: table ID"]
[2026/07/17 08:19:07.134 +08:00] [INFO] [delete_range.go:112] ["add job into delete-range table"] [category=ddl] [jobID=203] [jobType="drop table"]
[2026/07/17 08:19:07.134 +08:00] [INFO] [job_worker.go:447] ["finish DDL job"] [category=ddl] [jobID=203] [conn=2] [job="ID:203, Type:drop table, State:synced, SchemaState:none, SchemaID:114, TableID:200, RowCount:0, ArgLen:1, start time: 2026-07-17 08:19:07.077 +0800 CST, Err:<nil>, ErrCount:0, SnapshotVersion:0, Version: v2"]
[2026/07/17 08:19:07.136 +08:00] [INFO] [executor.go:7423] ["DDL job is finished"] [category=ddl] [jobID=203]
[2026/07/17 08:19:07.137 +08:00] [INFO] [session.go:5195] ["CRUCIAL OPERATION"] [conn=2] [schemaVersion=181] [cur_db=test] [sql="drop table if exists ai_stmt_control, ai_stmt_probe"] [user=]
[2026/07/17 08:19:07.141 +08:00] [INFO] [job_submitter.go:118] ["add DDL jobs"] [category=ddl] ["batch count"=1] [jobs="ID:205, Type:create table, State:queueing, SchemaState:none, SchemaID:114, TableID:204, RowCount:0, ArgLen:1, start time: 2026-07-17 08:19:07.127 +0800 CST, Err:<nil>, ErrCount:0, SnapshotVersion:0, Version: v2; "] [fast_create=true]
[2026/07/17 08:19:07.141 +08:00] [INFO] [executor.go:7285] ["DDL job submitted"] [category=ddl] [job="ID:205, Type:create table, State:queueing, SchemaState:none, SchemaID:114, TableID:204, RowCount:0, ArgLen:1, start time: 2026-07-17 08:19:07.127 +0800 CST, Err:<nil>, ErrCount:0, SnapshotVersion:0, Version: v2"] [query="create table ai_stmt_control (\n\t\t\tid int primary key clustered,\n\t\t\tu1 int not null,\n\t\t\tu2 int not null,\n\t\t\tbase int not null,\n\t\t\tg int as (base + 1) stored,\n\t\t\tunique key u1_idx(u1),\n\t\t\tunique key u2_idx(u2),\n\t\t\tkey base_idx(base),\n\t\t\tkey g_idx(g),\n\t\t\tconstraint base_positive check (base > 0)\n\t\t)"]
[2026/07/17 08:19:07.141 +08:00] [INFO] [lock_resolver.go:1631] ["txn lock cleanup resolve-lock rpc finished"] [action=commit] [txnStartTS=467729788994060305] [commitTS=467729788994060307] [regionID=8] [resolveLite=true] [resolvedByCheckTxnStatus=false]
[2026/07/17 08:19:07.142 +08:00] [INFO] [job_worker.go:854] ["run one job step"] [category=ddl] [jobID=205] [conn=2] [job="ID:205, Type:create table, State:queueing, SchemaState:none, SchemaID:114, TableID:204, RowCount:0, ArgLen:0, start time: 2026-07-17 08:19:07.127 +0800 CST, Err:<nil>, ErrCount:0, SnapshotVersion:0, Version: v2"]
[2026/07/17 08:19:07.149 +08:00] [WARN] [ddl.go:700] ["fail to notify DDL event"] [category=ddl] [event="(Event Type: create table, Table ID: 204, Table Name: ai_stmt_control)"]
[2026/07/17 08:19:07.155 +08:00] [INFO] [loader.go:216] ["diff load InfoSchema success"] [mode=auto] [isV2=true] [currVer=181] [neededVer=182] [gotVer=182] ["elapsed time"=307µs] [phyTblIDs="[204]"] [actionTypes="[3]"] [diffTypes="[\"create table\"]"]
[2026/07/17 08:19:07.156 +08:00] [INFO] [syncer.go:281] ["mdl gets lock, update self version to owner"] [jobID=205] [version=182]
[2026/07/17 08:19:07.160 +08:00] [INFO] [schema_version.go:397] ["wait schema version synced success"] [category=ddl] [ver=182] [checkAssumedSvr=false] ["take time"=6.002292ms] [job="ID:205, Type:create table, State:done, SchemaState:public, SchemaID:114, TableID:204, RowCount:0, ArgLen:1, start time: 2026-07-17 08:19:07.127 +0800 CST, Err:<nil>, ErrCount:0, SnapshotVersion:0, Version: v2"] [summary="server count: 1"]
[2026/07/17 08:19:07.162 +08:00] [INFO] [job_worker.go:447] ["finish DDL job"] [category=ddl] [jobID=205] [conn=2] [job="ID:205, Type:create table, State:synced, SchemaState:public, SchemaID:114, TableID:204, RowCount:0, ArgLen:0, start time: 2026-07-17 08:19:07.127 +0800 CST, Err:<nil>, ErrCount:0, SnapshotVersion:0, Version: v2"]
[2026/07/17 08:19:07.164 +08:00] [INFO] [executor.go:7423] ["DDL job is finished"] [category=ddl] [jobID=205]
[2026/07/17 08:19:07.164 +08:00] [INFO] [session.go:5195] ["CRUCIAL OPERATION"] [conn=2] [schemaVersion=182] [cur_db=test] [sql="create table ai_stmt_control (\n\t\t\tid int primary key clustered,\n\t\t\tu1 int not null,\n\t\t\tu2 int not null,\n\t\t\tbase int not null,\n\t\t\tg int as (base + 1) stored,\n\t\t\tunique key u1_idx(u1),\n\t\t\tunique key u2_idx(u2),\n\t\t\tkey base_idx(base),\n\t\t\tkey g_idx(g),\n\t\t\tconstraint base_positive check (base > 0)\n\t\t)"] [user=]
[2026/07/17 08:19:07.164 +08:00] [WARN] [prewrite.go:619] ["1pc failed and fallbacks to normal commit procedure"] [startTS=467729788994060325]
[2026/07/17 08:19:07.170 +08:00] [INFO] [job_submitter.go:118] ["add DDL jobs"] [category=ddl] ["batch count"=1] [jobs="ID:207, Type:create table, State:queueing, SchemaState:none, SchemaID:114, TableID:206, RowCount:0, ArgLen:1, start time: 2026-07-17 08:19:07.127 +0800 CST, Err:<nil>, ErrCount:0, SnapshotVersion:0, Version: v2; "] [fast_create=true]
[2026/07/17 08:19:07.170 +08:00] [INFO] [executor.go:7285] ["DDL job submitted"] [category=ddl] [job="ID:207, Type:create table, State:queueing, SchemaState:none, SchemaID:114, TableID:206, RowCount:0, ArgLen:1, start time: 2026-07-17 08:19:07.127 +0800 CST, Err:<nil>, ErrCount:0, SnapshotVersion:0, Version: v2"] [query="create table ai_stmt_probe (\n\t\t\tid int primary key clustered,\n\t\t\tu1 int not null,\n\t\t\tu2 int not null,\n\t\t\tbase int not null,\n\t\t\tg int as (base + 1) stored,\n\t\t\tunique key u1_idx(u1),\n\t\t\tunique key u2_idx(u2),\n\t\t\tkey base_idx(base),\n\t\t\tkey g_idx(g),\n\t\t\tconstraint base_positive check (base > 0)\n\t\t)"]
[2026/07/17 08:19:07.171 +08:00] [INFO] [job_worker.go:854] ["run one job step"] [category=ddl] [jobID=207] [conn=2] [job="ID:207, Type:create table, State:queueing, SchemaState:none, SchemaID:114, TableID:206, RowCount:0, ArgLen:0, start time: 2026-07-17 08:19:07.127 +0800 CST, Err:<nil>, ErrCount:0, SnapshotVersion:0, Version: v2"]
[2026/07/17 08:19:07.172 +08:00] [WARN] [ddl.go:700] ["fail to notify DDL event"] [category=ddl] [event="(Event Type: create table, Table ID: 206, Table Name: ai_stmt_probe)"]
[2026/07/17 08:19:07.178 +08:00] [INFO] [loader.go:216] ["diff load InfoSchema success"] [mode=auto] [isV2=true] [currVer=182] [neededVer=183] [gotVer=183] ["elapsed time"=283.416µs] [phyTblIDs="[206]"] [actionTypes="[3]"] [diffTypes="[\"create table\"]"]
[2026/07/17 08:19:07.178 +08:00] [INFO] [syncer.go:281] ["mdl gets lock, update self version to owner"] [jobID=207] [version=183]
[2026/07/17 08:19:07.182 +08:00] [INFO] [schema_version.go:397] ["wait schema version synced success"] [category=ddl] [ver=183] [checkAssumedSvr=false] ["take time"=4.925458ms] [job="ID:207, Type:create table, State:done, SchemaState:public, SchemaID:114, TableID:206, RowCount:0, ArgLen:1, start time: 2026-07-17 08:19:07.127 +0800 CST, Err:<nil>, ErrCount:0, SnapshotVersion:0, Version: v2"] [summary="server count: 1"]
[2026/07/17 08:19:07.183 +08:00] [INFO] [job_worker.go:447] ["finish DDL job"] [category=ddl] [jobID=207] [conn=2] [job="ID:207, Type:create table, State:synced, SchemaState:public, SchemaID:114, TableID:206, RowCount:0, ArgLen:0, start time: 2026-07-17 08:19:07.127 +0800 CST, Err:<nil>, ErrCount:0, SnapshotVersion:0, Version: v2"]
[2026/07/17 08:19:07.185 +08:00] [INFO] [executor.go:7423] ["DDL job is finished"] [category=ddl] [jobID=207]
[2026/07/17 08:19:07.185 +08:00] [INFO] [session.go:5195] ["CRUCIAL OPERATION"] [conn=2] [schemaVersion=183] [cur_db=test] [sql="create table ai_stmt_probe (\n\t\t\tid int primary key clustered,\n\t\t\tu1 int not null,\n\t\t\tu2 int not null,\n\t\t\tbase int not null,\n\t\t\tg int as (base + 1) stored,\n\t\t\tunique key u1_idx(u1),\n\t\t\tunique key u2_idx(u2),\n\t\t\tkey base_idx(base),\n\t\t\tkey g_idx(g),\n\t\t\tconstraint base_positive check (base > 0)\n\t\t)"] [user=]
[2026/07/17 08:19:07.189 +08:00] [WARN] [prewrite.go:619] ["1pc failed and fallbacks to normal commit procedure"] [startTS=467729789007167499]
[2026/07/17 08:19:07.190 +08:00] [WARN] [prewrite.go:619] ["1pc failed and fallbacks to normal commit procedure"] [startTS=467729789007167502]
    ai_native_unique_owner_fuzz_test.go:926: 
        	Error Trace:	/Users/bba/pc/tidb-ai-master/tests/realtikvtest/txntest/ai_native_unique_owner_fuzz_test.go:926
        	Error:      	An error is expected but got nil.
        	Test:       	TestAINativeFailedStatementCannotPoisonPriorMutation/pessimistic/insert_then_failed_reverse_multirow_update
        	Messages:   	the poison statement must reach statement rollback
=== RUN   TestAINativeFailedStatementCannotPoisonPriorMutation/pessimistic/delete_then_failed_multirow_insert_with_new_owner
[2026/07/17 08:19:07.192 +08:00] [WARN] [prewrite.go:619] ["1pc failed and fallbacks to normal commit procedure"] [startTS=467729789007167505]
[2026/07/17 08:19:07.192 +08:00] [INFO] [txn.go:55] ["Try to create a new txn inside a transaction auto commit"] [schemaVersion=183] [txnStartTS=467729789007167505] [txnScope=global]
[2026/07/17 08:19:07.194 +08:00] [INFO] [job_submitter.go:118] ["add DDL jobs"] [category=ddl] ["batch count"=1] [jobs="ID:208, Type:drop table, State:queueing, SchemaState:public, SchemaID:114, TableID:204, RowCount:0, ArgLen:1, start time: 2026-07-17 08:19:07.177 +0800 CST, Err:<nil>, ErrCount:0, SnapshotVersion:0, Version: v2; "] [fast_create=true]
[2026/07/17 08:19:07.194 +08:00] [INFO] [executor.go:7285] ["DDL job submitted"] [category=ddl] [job="ID:208, Type:drop table, State:queueing, SchemaState:public, SchemaID:114, TableID:204, RowCount:0, ArgLen:1, start time: 2026-07-17 08:19:07.177 +0800 CST, Err:<nil>, ErrCount:0, SnapshotVersion:0, Version: v2"] [query="drop table if exists ai_stmt_control, ai_stmt_probe"]
[2026/07/17 08:19:07.195 +08:00] [INFO] [job_worker.go:854] ["run one job step"] [category=ddl] [jobID=208] [conn=2] [job="ID:208, Type:drop table, State:queueing, SchemaState:public, SchemaID:114, TableID:204, RowCount:0, ArgLen:0, start time: 2026-07-17 08:19:07.177 +0800 CST, Err:<nil>, ErrCount:0, SnapshotVersion:0, Version: v2"]
[2026/07/17 08:19:07.201 +08:00] [INFO] [loader.go:216] ["diff load InfoSchema success"] [mode=auto] [isV2=true] [currVer=183] [neededVer=184] [gotVer=184] ["elapsed time"=329.417µs] [phyTblIDs="[204]"] [actionTypes="[4]"] [diffTypes="[\"drop table\"]"]
[2026/07/17 08:19:07.201 +08:00] [INFO] [syncer.go:281] ["mdl gets lock, update self version to owner"] [jobID=208] [version=184]
[2026/07/17 08:19:07.205 +08:00] [INFO] [schema_version.go:397] ["wait schema version synced success"] [category=ddl] [ver=184] [checkAssumedSvr=false] ["take time"=5.076959ms] [job="ID:208, Type:drop table, State:running, SchemaState:write only, SchemaID:114, TableID:204, RowCount:0, ArgLen:1, start time: 2026-07-17 08:19:07.177 +0800 CST, Err:<nil>, ErrCount:0, SnapshotVersion:0, Version: v2"] [summary="server count: 1"]
[2026/07/17 08:19:07.206 +08:00] [INFO] [job_worker.go:854] ["run one job step"] [category=ddl] [jobID=208] [conn=2] [job="ID:208, Type:drop table, State:running, SchemaState:write only, SchemaID:114, TableID:204, RowCount:0, ArgLen:0, start time: 2026-07-17 08:19:07.177 +0800 CST, Err:<nil>, ErrCount:0, SnapshotVersion:0, Version: v2"]
[2026/07/17 08:19:07.213 +08:00] [INFO] [loader.go:216] ["diff load InfoSchema success"] [mode=auto] [isV2=true] [currVer=184] [neededVer=185] [gotVer=185] ["elapsed time"=431.583µs] [phyTblIDs="[204]"] [actionTypes="[4]"] [diffTypes="[\"drop table\"]"]
[2026/07/17 08:19:07.214 +08:00] [INFO] [syncer.go:281] ["mdl gets lock, update self version to owner"] [jobID=208] [version=185]
[2026/07/17 08:19:07.218 +08:00] [INFO] [schema_version.go:397] ["wait schema version synced success"] [category=ddl] [ver=185] [checkAssumedSvr=false] ["take time"=5.983375ms] [job="ID:208, Type:drop table, State:running, SchemaState:delete only, SchemaID:114, TableID:204, RowCount:0, ArgLen:1, start time: 2026-07-17 08:19:07.177 +0800 CST, Err:<nil>, ErrCount:0, SnapshotVersion:0, Version: v2"] [summary="server count: 1"]
[2026/07/17 08:19:07.219 +08:00] [INFO] [job_worker.go:854] ["run one job step"] [category=ddl] [jobID=208] [conn=2] [job="ID:208, Type:drop table, State:running, SchemaState:delete only, SchemaID:114, TableID:204, RowCount:0, ArgLen:0, start time: 2026-07-17 08:19:07.177 +0800 CST, Err:<nil>, ErrCount:0, SnapshotVersion:0, Version: v2"]
[2026/07/17 08:19:07.221 +08:00] [WARN] [ddl.go:700] ["fail to notify DDL event"] [category=ddl] [event="(Event Type: drop table, Old Table ID: 204, Old Table Name: ai_stmt_control)"]
[2026/07/17 08:19:07.228 +08:00] [INFO] [loader.go:216] ["diff load InfoSchema success"] [mode=auto] [isV2=true] [currVer=185] [neededVer=186] [gotVer=186] ["elapsed time"=192.792µs] [phyTblIDs="[204]"] [actionTypes="[4]"] [diffTypes="[\"drop table\"]"]
[2026/07/17 08:19:07.228 +08:00] [INFO] [syncer.go:281] ["mdl gets lock, update self version to owner"] [jobID=208] [version=186]
[2026/07/17 08:19:07.232 +08:00] [INFO] [schema_version.go:397] ["wait schema version synced success"] [category=ddl] [ver=186] [checkAssumedSvr=false] ["take time"=5.077875ms] [job="ID:208, Type:drop table, State:done, SchemaState:none, SchemaID:114, TableID:204, RowCount:0, ArgLen:1, start time: 2026-07-17 08:19:07.177 +0800 CST, Err:<nil>, ErrCount:0, SnapshotVersion:0, Version: v2"] [summary="server count: 1"]
[2026/07/17 08:19:07.233 +08:00] [INFO] [delete_range.go:470] ["insert into delete-range table"] [category=ddl] [jobID=208] [tableIDs="[204]"] [comment="drop table: table ID"]
[2026/07/17 08:19:07.234 +08:00] [INFO] [delete_range.go:112] ["add job into delete-range table"] [category=ddl] [jobID=208] [jobType="drop table"]
[2026/07/17 08:19:07.234 +08:00] [INFO] [job_worker.go:447] ["finish DDL job"] [category=ddl] [jobID=208] [conn=2] [job="ID:208, Type:drop table, State:synced, SchemaState:none, SchemaID:114, TableID:204, RowCount:0, ArgLen:1, start time: 2026-07-17 08:19:07.177 +0800 CST, Err:<nil>, ErrCount:0, SnapshotVersion:0, Version: v2"]
[2026/07/17 08:19:07.236 +08:00] [INFO] [executor.go:7423] ["DDL job is finished"] [category=ddl] [jobID=208]
[2026/07/17 08:19:07.240 +08:00] [INFO] [job_submitter.go:118] ["add DDL jobs"] [category=ddl] ["batch count"=1] [jobs="ID:209, Type:drop table, State:queueing, SchemaState:public, SchemaID:114, TableID:206, RowCount:0, ArgLen:1, start time: 2026-07-17 08:19:07.227 +0800 CST, Err:<nil>, ErrCount:0, SnapshotVersion:0, Version: v2; "] [fast_create=true]
[2026/07/17 08:19:07.240 +08:00] [INFO] [executor.go:7285] ["DDL job submitted"] [category=ddl] [job="ID:209, Type:drop table, State:queueing, SchemaState:public, SchemaID:114, TableID:206, RowCount:0, ArgLen:1, start time: 2026-07-17 08:19:07.227 +0800 CST, Err:<nil>, ErrCount:0, SnapshotVersion:0, Version: v2"] [query="drop table if exists ai_stmt_control, ai_stmt_probe"]
[2026/07/17 08:19:07.241 +08:00] [INFO] [lock_resolver.go:1631] ["txn lock cleanup resolve-lock rpc finished"] [action=commit] [txnStartTS=467729789020274705] [commitTS=467729789020274707] [regionID=8] [resolveLite=true] [resolvedByCheckTxnStatus=false]
[2026/07/17 08:19:07.242 +08:00] [INFO] [job_worker.go:854] ["run one job step"] [category=ddl] [jobID=209] [conn=2] [job="ID:209, Type:drop table, State:queueing, SchemaState:public, SchemaID:114, TableID:206, RowCount:0, ArgLen:0, start time: 2026-07-17 08:19:07.227 +0800 CST, Err:<nil>, ErrCount:0, SnapshotVersion:0, Version: v2"]
[2026/07/17 08:19:07.249 +08:00] [INFO] [loader.go:216] ["diff load InfoSchema success"] [mode=auto] [isV2=true] [currVer=186] [neededVer=187] [gotVer=187] ["elapsed time"=339.042µs] [phyTblIDs="[206]"] [actionTypes="[4]"] [diffTypes="[\"drop table\"]"]
[2026/07/17 08:19:07.250 +08:00] [INFO] [syncer.go:281] ["mdl gets lock, update self version to owner"] [jobID=209] [version=187]
[2026/07/17 08:19:07.261 +08:00] [INFO] [schema_version.go:397] ["wait schema version synced success"] [category=ddl] [ver=187] [checkAssumedSvr=false] ["take time"=12.868125ms] [job="ID:209, Type:drop table, State:running, SchemaState:write only, SchemaID:114, TableID:206, RowCount:0, ArgLen:1, start time: 2026-07-17 08:19:07.227 +0800 CST, Err:<nil>, ErrCount:0, SnapshotVersion:0, Version: v2"] [summary="server count: 1"]
[2026/07/17 08:19:07.262 +08:00] [INFO] [job_worker.go:854] ["run one job step"] [category=ddl] [jobID=209] [conn=2] [job="ID:209, Type:drop table, State:running, SchemaState:write only, SchemaID:114, TableID:206, RowCount:0, ArgLen:0, start time: 2026-07-17 08:19:07.227 +0800 CST, Err:<nil>, ErrCount:0, SnapshotVersion:0, Version: v2"]
[2026/07/17 08:19:07.269 +08:00] [INFO] [loader.go:216] ["diff load InfoSchema success"] [mode=auto] [isV2=true] [currVer=187] [neededVer=188] [gotVer=188] ["elapsed time"=350.292µs] [phyTblIDs="[206]"] [actionTypes="[4]"] [diffTypes="[\"drop table\"]"]
[2026/07/17 08:19:07.269 +08:00] [INFO] [syncer.go:281] ["mdl gets lock, update self version to owner"] [jobID=209] [version=188]
[2026/07/17 08:19:07.274 +08:00] [INFO] [schema_version.go:397] ["wait schema version synced success"] [category=ddl] [ver=188] [checkAssumedSvr=false] ["take time"=5.890292ms] [job="ID:209, Type:drop table, State:running, SchemaState:delete only, SchemaID:114, TableID:206, RowCount:0, ArgLen:1, start time: 2026-07-17 08:19:07.227 +0800 CST, Err:<nil>, ErrCount:0, SnapshotVersion:0, Version: v2"] [summary="server count: 1"]
[2026/07/17 08:19:07.275 +08:00] [INFO] [job_worker.go:854] ["run one job step"] [category=ddl] [jobID=209] [conn=2] [job="ID:209, Type:drop table, State:running, SchemaState:delete only, SchemaID:114, TableID:206, RowCount:0, ArgLen:0, start time: 2026-07-17 08:19:07.227 +0800 CST, Err:<nil>, ErrCount:0, SnapshotVersion:0, Version: v2"]
[2026/07/17 08:19:07.276 +08:00] [WARN] [ddl.go:700] ["fail to notify DDL event"] [category=ddl] [event="(Event Type: drop table, Old Table ID: 206, Old Table Name: ai_stmt_probe)"]
[2026/07/17 08:19:07.283 +08:00] [INFO] [loader.go:216] ["diff load InfoSchema success"] [mode=auto] [isV2=true] [currVer=188] [neededVer=189] [gotVer=189] ["elapsed time"=201.25µs] [phyTblIDs="[206]"] [actionTypes="[4]"] [diffTypes="[\"drop table\"]"]
[2026/07/17 08:19:07.283 +08:00] [INFO] [syncer.go:281] ["mdl gets lock, update self version to owner"] [jobID=209] [version=189]
[2026/07/17 08:19:07.287 +08:00] [INFO] [schema_version.go:397] ["wait schema version synced success"] [category=ddl] [ver=189] [checkAssumedSvr=false] ["take time"=4.905334ms] [job="ID:209, Type:drop table, State:done, SchemaState:none, SchemaID:114, TableID:206, RowCount:0, ArgLen:1, start time: 2026-07-17 08:19:07.227 +0800 CST, Err:<nil>, ErrCount:0, SnapshotVersion:0, Version: v2"] [summary="server count: 1"]
[2026/07/17 08:19:07.288 +08:00] [INFO] [delete_range.go:470] ["insert into delete-range table"] [category=ddl] [jobID=209] [tableIDs="[206]"] [comment="drop table: table ID"]
[2026/07/17 08:19:07.289 +08:00] [INFO] [delete_range.go:112] ["add job into delete-range table"] [category=ddl] [jobID=209] [jobType="drop table"]
[2026/07/17 08:19:07.289 +08:00] [INFO] [job_worker.go:447] ["finish DDL job"] [category=ddl] [jobID=209] [conn=2] [job="ID:209, Type:drop table, State:synced, SchemaState:none, SchemaID:114, TableID:206, RowCount:0, ArgLen:1, start time: 2026-07-17 08:19:07.227 +0800 CST, Err:<nil>, ErrCount:0, SnapshotVersion:0, Version: v2"]
[2026/07/17 08:19:07.291 +08:00] [INFO] [executor.go:7423] ["DDL job is finished"] [category=ddl] [jobID=209]
[2026/07/17 08:19:07.291 +08:00] [INFO] [session.go:5195] ["CRUCIAL OPERATION"] [conn=2] [schemaVersion=189] [cur_db=test] [sql="drop table if exists ai_stmt_control, ai_stmt_probe"] [user=]
[2026/07/17 08:19:07.296 +08:00] [INFO] [job_submitter.go:118] ["add DDL jobs"] [category=ddl] ["batch count"=1] [jobs="ID:211, Type:create table, State:queueing, SchemaState:none, SchemaID:114, TableID:210, RowCount:0, ArgLen:1, start time: 2026-07-17 08:19:07.277 +0800 CST, Err:<nil>, ErrCount:0, SnapshotVersion:0, Version: v2; "] [fast_create=true]
[2026/07/17 08:19:07.296 +08:00] [INFO] [executor.go:7285] ["DDL job submitted"] [category=ddl] [job="ID:211, Type:create table, State:queueing, SchemaState:none, SchemaID:114, TableID:210, RowCount:0, ArgLen:1, start time: 2026-07-17 08:19:07.277 +0800 CST, Err:<nil>, ErrCount:0, SnapshotVersion:0, Version: v2"] [query="create table ai_stmt_control (\n\t\t\tid int primary key clustered,\n\t\t\tu1 int not null,\n\t\t\tu2 int not null,\n\t\t\tbase int not null,\n\t\t\tg int as (base + 1) stored,\n\t\t\tunique key u1_idx(u1),\n\t\t\tunique key u2_idx(u2),\n\t\t\tkey base_idx(base),\n\t\t\tkey g_idx(g),\n\t\t\tconstraint base_positive check (base > 0)\n\t\t)"]
[2026/07/17 08:19:07.296 +08:00] [INFO] [lock_resolver.go:1631] ["txn lock cleanup resolve-lock rpc finished"] [action=commit] [txnStartTS=467729789033381908] [commitTS=467729789033381910] [regionID=8] [resolveLite=true] [resolvedByCheckTxnStatus=false]
[2026/07/17 08:19:07.297 +08:00] [INFO] [job_worker.go:854] ["run one job step"] [category=ddl] [jobID=211] [conn=2] [job="ID:211, Type:create table, State:queueing, SchemaState:none, SchemaID:114, TableID:210, RowCount:0, ArgLen:0, start time: 2026-07-17 08:19:07.277 +0800 CST, Err:<nil>, ErrCount:0, SnapshotVersion:0, Version: v2"]
[2026/07/17 08:19:07.298 +08:00] [WARN] [ddl.go:700] ["fail to notify DDL event"] [category=ddl] [event="(Event Type: create table, Table ID: 210, Table Name: ai_stmt_control)"]
[2026/07/17 08:19:07.304 +08:00] [INFO] [loader.go:216] ["diff load InfoSchema success"] [mode=auto] [isV2=true] [currVer=189] [neededVer=190] [gotVer=190] ["elapsed time"=327.375µs] [phyTblIDs="[210]"] [actionTypes="[3]"] [diffTypes="[\"create table\"]"]
[2026/07/17 08:19:07.304 +08:00] [INFO] [syncer.go:281] ["mdl gets lock, update self version to owner"] [jobID=211] [version=190]
[2026/07/17 08:19:07.308 +08:00] [INFO] [schema_version.go:397] ["wait schema version synced success"] [category=ddl] [ver=190] [checkAssumedSvr=false] ["take time"=5.0505ms] [job="ID:211, Type:create table, State:done, SchemaState:public, SchemaID:114, TableID:210, RowCount:0, ArgLen:1, start time: 2026-07-17 08:19:07.277 +0800 CST, Err:<nil>, ErrCount:0, SnapshotVersion:0, Version: v2"] [summary="server count: 1"]
[2026/07/17 08:19:07.309 +08:00] [INFO] [job_worker.go:447] ["finish DDL job"] [category=ddl] [jobID=211] [conn=2] [job="ID:211, Type:create table, State:synced, SchemaState:public, SchemaID:114, TableID:210, RowCount:0, ArgLen:0, start time: 2026-07-17 08:19:07.277 +0800 CST, Err:<nil>, ErrCount:0, SnapshotVersion:0, Version: v2"]
[2026/07/17 08:19:07.311 +08:00] [INFO] [executor.go:7423] ["DDL job is finished"] [category=ddl] [jobID=211]
[2026/07/17 08:19:07.311 +08:00] [INFO] [session.go:5195] ["CRUCIAL OPERATION"] [conn=2] [schemaVersion=190] [cur_db=test] [sql="create table ai_stmt_control (\n\t\t\tid int primary key clustered,\n\t\t\tu1 int not null,\n\t\t\tu2 int not null,\n\t\t\tbase int not null,\n\t\t\tg int as (base + 1) stored,\n\t\t\tunique key u1_idx(u1),\n\t\t\tunique key u2_idx(u2),\n\t\t\tkey base_idx(base),\n\t\t\tkey g_idx(g),\n\t\t\tconstraint base_positive check (base > 0)\n\t\t)"] [user=]
[2026/07/17 08:19:07.316 +08:00] [WARN] [prewrite.go:619] ["1pc failed and fallbacks to normal commit procedure"] [startTS=467729789033381927]
[2026/07/17 08:19:07.318 +08:00] [INFO] [job_submitter.go:118] ["add DDL jobs"] [category=ddl] ["batch count"=1] [jobs="ID:213, Type:create table, State:queueing, SchemaState:none, SchemaID:114, TableID:212, RowCount:0, ArgLen:1, start time: 2026-07-17 08:19:07.277 +0800 CST, Err:<nil>, ErrCount:0, SnapshotVersion:0, Version: v2; "] [fast_create=true]
[2026/07/17 08:19:07.318 +08:00] [INFO] [executor.go:7285] ["DDL job submitted"] [category=ddl] [job="ID:213, Type:create table, State:queueing, SchemaState:none, SchemaID:114, TableID:212, RowCount:0, ArgLen:1, start time: 2026-07-17 08:19:07.277 +0800 CST, Err:<nil>, ErrCount:0, SnapshotVersion:0, Version: v2"] [query="create table ai_stmt_probe (\n\t\t\tid int primary key clustered,\n\t\t\tu1 int not null,\n\t\t\tu2 int not null,\n\t\t\tbase int not null,\n\t\t\tg int as (base + 1) stored,\n\t\t\tunique key u1_idx(u1),\n\t\t\tunique key u2_idx(u2),\n\t\t\tkey base_idx(base),\n\t\t\tkey g_idx(g),\n\t\t\tconstraint base_positive check (base > 0)\n\t\t)"]
[2026/07/17 08:19:07.319 +08:00] [INFO] [job_worker.go:854] ["run one job step"] [category=ddl] [jobID=213] [conn=2] [job="ID:213, Type:create table, State:queueing, SchemaState:none, SchemaID:114, TableID:212, RowCount:0, ArgLen:0, start time: 2026-07-17 08:19:07.277 +0800 CST, Err:<nil>, ErrCount:0, SnapshotVersion:0, Version: v2"]
[2026/07/17 08:19:07.320 +08:00] [WARN] [ddl.go:700] ["fail to notify DDL event"] [category=ddl] [event="(Event Type: create table, Table ID: 212, Table Name: ai_stmt_probe)"]
[2026/07/17 08:19:07.326 +08:00] [INFO] [loader.go:216] ["diff load InfoSchema success"] [mode=auto] [isV2=true] [currVer=190] [neededVer=191] [gotVer=191] ["elapsed time"=295.333µs] [phyTblIDs="[212]"] [actionTypes="[3]"] [diffTypes="[\"create table\"]"]
[2026/07/17 08:19:07.327 +08:00] [INFO] [syncer.go:281] ["mdl gets lock, update self version to owner"] [jobID=213] [version=191]
[2026/07/17 08:19:07.331 +08:00] [INFO] [schema_version.go:397] ["wait schema version synced success"] [category=ddl] [ver=191] [checkAssumedSvr=false] ["take time"=5.852625ms] [job="ID:213, Type:create table, State:done, SchemaState:public, SchemaID:114, TableID:212, RowCount:0, ArgLen:1, start time: 2026-07-17 08:19:07.277 +0800 CST, Err:<nil>, ErrCount:0, SnapshotVersion:0, Version: v2"] [summary="server count: 1"]
[2026/07/17 08:19:07.333 +08:00] [INFO] [job_worker.go:447] ["finish DDL job"] [category=ddl] [jobID=213] [conn=2] [job="ID:213, Type:create table, State:synced, SchemaState:public, SchemaID:114, TableID:212, RowCount:0, ArgLen:0, start time: 2026-07-17 08:19:07.277 +0800 CST, Err:<nil>, ErrCount:0, SnapshotVersion:0, Version: v2"]
[2026/07/17 08:19:07.334 +08:00] [INFO] [executor.go:7423] ["DDL job is finished"] [category=ddl] [jobID=213]
[2026/07/17 08:19:07.334 +08:00] [INFO] [session.go:5195] ["CRUCIAL OPERATION"] [conn=2] [schemaVersion=191] [cur_db=test] [sql="create table ai_stmt_probe (\n\t\t\tid int primary key clustered,\n\t\t\tu1 int not null,\n\t\t\tu2 int not null,\n\t\t\tbase int not null,\n\t\t\tg int as (base + 1) stored,\n\t\t\tunique key u1_idx(u1),\n\t\t\tunique key u2_idx(u2),\n\t\t\tkey base_idx(base),\n\t\t\tkey g_idx(g),\n\t\t\tconstraint base_positive check (base > 0)\n\t\t)"] [user=]
[2026/07/17 08:19:07.338 +08:00] [WARN] [prewrite.go:619] ["1pc failed and fallbacks to normal commit procedure"] [startTS=467729789046489096]
[2026/07/17 08:19:07.340 +08:00] [WARN] [prewrite.go:619] ["1pc failed and fallbacks to normal commit procedure"] [startTS=467729789046489099]
    ai_native_unique_owner_fuzz_test.go:926: 
        	Error Trace:	/Users/bba/pc/tidb-ai-master/tests/realtikvtest/txntest/ai_native_unique_owner_fuzz_test.go:926
        	Error:      	An error is expected but got nil.
        	Test:       	TestAINativeFailedStatementCannotPoisonPriorMutation/pessimistic/delete_then_failed_multirow_insert_with_new_owner
        	Messages:   	the poison statement must reach statement rollback
=== RUN   TestAINativeFailedStatementCannotPoisonPriorMutation/pessimistic/update_then_failed_multirow_update_after_index_rewrite
[2026/07/17 08:19:07.341 +08:00] [WARN] [prewrite.go:619] ["1pc failed and fallbacks to normal commit procedure"] [startTS=467729789046489102]
[2026/07/17 08:19:07.341 +08:00] [INFO] [txn.go:55] ["Try to create a new txn inside a transaction auto commit"] [schemaVersion=191] [txnStartTS=467729789046489102] [txnScope=global]
[2026/07/17 08:19:07.343 +08:00] [INFO] [job_submitter.go:118] ["add DDL jobs"] [category=ddl] ["batch count"=1] [jobs="ID:214, Type:drop table, State:queueing, SchemaState:public, SchemaID:114, TableID:210, RowCount:0, ArgLen:1, start time: 2026-07-17 08:19:07.327 +0800 CST, Err:<nil>, ErrCount:0, SnapshotVersion:0, Version: v2; "] [fast_create=true]
[2026/07/17 08:19:07.343 +08:00] [INFO] [executor.go:7285] ["DDL job submitted"] [category=ddl] [job="ID:214, Type:drop table, State:queueing, SchemaState:public, SchemaID:114, TableID:210, RowCount:0, ArgLen:1, start time: 2026-07-17 08:19:07.327 +0800 CST, Err:<nil>, ErrCount:0, SnapshotVersion:0, Version: v2"] [query="drop table if exists ai_stmt_control, ai_stmt_probe"]
[2026/07/17 08:19:07.344 +08:00] [INFO] [job_worker.go:854] ["run one job step"] [category=ddl] [jobID=214] [conn=2] [job="ID:214, Type:drop table, State:queueing, SchemaState:public, SchemaID:114, TableID:210, RowCount:0, ArgLen:0, start time: 2026-07-17 08:19:07.327 +0800 CST, Err:<nil>, ErrCount:0, SnapshotVersion:0, Version: v2"]
[2026/07/17 08:19:07.351 +08:00] [INFO] [loader.go:216] ["diff load InfoSchema success"] [mode=auto] [isV2=true] [currVer=191] [neededVer=192] [gotVer=192] ["elapsed time"=334.958µs] [phyTblIDs="[210]"] [actionTypes="[4]"] [diffTypes="[\"drop table\"]"]
[2026/07/17 08:19:07.352 +08:00] [INFO] [syncer.go:281] ["mdl gets lock, update self version to owner"] [jobID=214] [version=192]
[2026/07/17 08:19:07.356 +08:00] [INFO] [schema_version.go:397] ["wait schema version synced success"] [category=ddl] [ver=192] [checkAssumedSvr=false] ["take time"=6.152375ms] [job="ID:214, Type:drop table, State:running, SchemaState:write only, SchemaID:114, TableID:210, RowCount:0, ArgLen:1, start time: 2026-07-17 08:19:07.327 +0800 CST, Err:<nil>, ErrCount:0, SnapshotVersion:0, Version: v2"] [summary="server count: 1"]
[2026/07/17 08:19:07.358 +08:00] [INFO] [job_worker.go:854] ["run one job step"] [category=ddl] [jobID=214] [conn=2] [job="ID:214, Type:drop table, State:running, SchemaState:write only, SchemaID:114, TableID:210, RowCount:0, ArgLen:0, start time: 2026-07-17 08:19:07.327 +0800 CST, Err:<nil>, ErrCount:0, SnapshotVersion:0, Version: v2"]
[2026/07/17 08:19:07.370 +08:00] [INFO] [loader.go:216] ["diff load InfoSchema success"] [mode=auto] [isV2=true] [currVer=192] [neededVer=193] [gotVer=193] ["elapsed time"=364.541µs] [phyTblIDs="[210]"] [actionTypes="[4]"] [diffTypes="[\"drop table\"]"]
[2026/07/17 08:19:07.370 +08:00] [INFO] [syncer.go:281] ["mdl gets lock, update self version to owner"] [jobID=214] [version=193]
[2026/07/17 08:19:07.375 +08:00] [INFO] [schema_version.go:397] ["wait schema version synced success"] [category=ddl] [ver=193] [checkAssumedSvr=false] ["take time"=6.131458ms] [job="ID:214, Type:drop table, State:running, SchemaState:delete only, SchemaID:114, TableID:210, RowCount:0, ArgLen:1, start time: 2026-07-17 08:19:07.327 +0800 CST, Err:<nil>, ErrCount:0, SnapshotVersion:0, Version: v2"] [summary="server count: 1"]
[2026/07/17 08:19:07.376 +08:00] [INFO] [job_worker.go:854] ["run one job step"] [category=ddl] [jobID=214] [conn=2] [job="ID:214, Type:drop table, State:running, SchemaState:delete only, SchemaID:114, TableID:210, RowCount:0, ArgLen:0, start time: 2026-07-17 08:19:07.327 +0800 CST, Err:<nil>, ErrCount:0, SnapshotVersion:0, Version: v2"]
[2026/07/17 08:19:07.378 +08:00] [WARN] [ddl.go:700] ["fail to notify DDL event"] [category=ddl] [event="(Event Type: drop table, Old Table ID: 210, Old Table Name: ai_stmt_control)"]
[2026/07/17 08:19:07.384 +08:00] [INFO] [loader.go:216] ["diff load InfoSchema success"] [mode=auto] [isV2=true] [currVer=193] [neededVer=194] [gotVer=194] ["elapsed time"=193.916µs] [phyTblIDs="[210]"] [actionTypes="[4]"] [diffTypes="[\"drop table\"]"]
[2026/07/17 08:19:07.384 +08:00] [INFO] [syncer.go:281] ["mdl gets lock, update self version to owner"] [jobID=214] [version=194]
[2026/07/17 08:19:07.388 +08:00] [INFO] [schema_version.go:397] ["wait schema version synced success"] [category=ddl] [ver=194] [checkAssumedSvr=false] ["take time"=5.117875ms] [job="ID:214, Type:drop table, State:done, SchemaState:none, SchemaID:114, TableID:210, RowCount:0, ArgLen:1, start time: 2026-07-17 08:19:07.327 +0800 CST, Err:<nil>, ErrCount:0, SnapshotVersion:0, Version: v2"] [summary="server count: 1"]
[2026/07/17 08:19:07.389 +08:00] [INFO] [delete_range.go:470] ["insert into delete-range table"] [category=ddl] [jobID=214] [tableIDs="[210]"] [comment="drop table: table ID"]
[2026/07/17 08:19:07.390 +08:00] [INFO] [delete_range.go:112] ["add job into delete-range table"] [category=ddl] [jobID=214] [jobType="drop table"]
[2026/07/17 08:19:07.390 +08:00] [INFO] [job_worker.go:447] ["finish DDL job"] [category=ddl] [jobID=214] [conn=2] [job="ID:214, Type:drop table, State:synced, SchemaState:none, SchemaID:114, TableID:210, RowCount:0, ArgLen:1, start time: 2026-07-17 08:19:07.327 +0800 CST, Err:<nil>, ErrCount:0, SnapshotVersion:0, Version: v2"]
[2026/07/17 08:19:07.392 +08:00] [INFO] [executor.go:7423] ["DDL job is finished"] [category=ddl] [jobID=214]
[2026/07/17 08:19:07.397 +08:00] [INFO] [job_submitter.go:118] ["add DDL jobs"] [category=ddl] ["batch count"=1] [jobs="ID:215, Type:drop table, State:queueing, SchemaState:public, SchemaID:114, TableID:212, RowCount:0, ArgLen:1, start time: 2026-07-17 08:19:07.377 +0800 CST, Err:<nil>, ErrCount:0, SnapshotVersion:0, Version: v2; "] [fast_create=true]
[2026/07/17 08:19:07.397 +08:00] [INFO] [executor.go:7285] ["DDL job submitted"] [category=ddl] [job="ID:215, Type:drop table, State:queueing, SchemaState:public, SchemaID:114, TableID:212, RowCount:0, ArgLen:1, start time: 2026-07-17 08:19:07.377 +0800 CST, Err:<nil>, ErrCount:0, SnapshotVersion:0, Version: v2"] [query="drop table if exists ai_stmt_control, ai_stmt_probe"]
[2026/07/17 08:19:07.397 +08:00] [INFO] [lock_resolver.go:1631] ["txn lock cleanup resolve-lock rpc finished"] [action=commit] [txnStartTS=467729789059596307] [commitTS=467729789059596309] [regionID=8] [resolveLite=true] [resolvedByCheckTxnStatus=false]
[2026/07/17 08:19:07.398 +08:00] [INFO] [job_worker.go:854] ["run one job step"] [category=ddl] [jobID=215] [conn=2] [job="ID:215, Type:drop table, State:queueing, SchemaState:public, SchemaID:114, TableID:212, RowCount:0, ArgLen:0, start time: 2026-07-17 08:19:07.377 +0800 CST, Err:<nil>, ErrCount:0, SnapshotVersion:0, Version: v2"]
[2026/07/17 08:19:07.405 +08:00] [INFO] [loader.go:216] ["diff load InfoSchema success"] [mode=auto] [isV2=true] [currVer=194] [neededVer=195] [gotVer=195] ["elapsed time"=355.458µs] [phyTblIDs="[212]"] [actionTypes="[4]"] [diffTypes="[\"drop table\"]"]
[2026/07/17 08:19:07.406 +08:00] [INFO] [syncer.go:281] ["mdl gets lock, update self version to owner"] [jobID=215] [version=195]
[2026/07/17 08:19:07.410 +08:00] [INFO] [schema_version.go:397] ["wait schema version synced success"] [category=ddl] [ver=195] [checkAssumedSvr=false] ["take time"=5.899916ms] [job="ID:215, Type:drop table, State:running, SchemaState:write only, SchemaID:114, TableID:212, RowCount:0, ArgLen:1, start time: 2026-07-17 08:19:07.377 +0800 CST, Err:<nil>, ErrCount:0, SnapshotVersion:0, Version: v2"] [summary="server count: 1"]
[2026/07/17 08:19:07.411 +08:00] [INFO] [job_worker.go:854] ["run one job step"] [category=ddl] [jobID=215] [conn=2] [job="ID:215, Type:drop table, State:running, SchemaState:write only, SchemaID:114, TableID:212, RowCount:0, ArgLen:0, start time: 2026-07-17 08:19:07.377 +0800 CST, Err:<nil>, ErrCount:0, SnapshotVersion:0, Version: v2"]
[2026/07/17 08:19:07.415 +08:00] [INFO] [loader.go:216] ["diff load InfoSchema success"] [mode=auto] [isV2=true] [currVer=195] [neededVer=196] [gotVer=196] ["elapsed time"=342.375µs] [phyTblIDs="[212]"] [actionTypes="[4]"] [diffTypes="[\"drop table\"]"]
[2026/07/17 08:19:07.416 +08:00] [INFO] [syncer.go:281] ["mdl gets lock, update self version to owner"] [jobID=215] [version=196]
[2026/07/17 08:19:07.421 +08:00] [INFO] [schema_version.go:397] ["wait schema version synced success"] [category=ddl] [ver=196] [checkAssumedSvr=false] ["take time"=4.049167ms] [job="ID:215, Type:drop table, State:running, SchemaState:delete only, SchemaID:114, TableID:212, RowCount:0, ArgLen:1, start time: 2026-07-17 08:19:07.377 +0800 CST, Err:<nil>, ErrCount:0, SnapshotVersion:0, Version: v2"] [summary="server count: 1"]
[2026/07/17 08:19:07.422 +08:00] [INFO] [job_worker.go:854] ["run one job step"] [category=ddl] [jobID=215] [conn=2] [job="ID:215, Type:drop table, State:running, SchemaState:delete only, SchemaID:114, TableID:212, RowCount:0, ArgLen:0, start time: 2026-07-17 08:19:07.377 +0800 CST, Err:<nil>, ErrCount:0, SnapshotVersion:0, Version: v2"]
[2026/07/17 08:19:07.423 +08:00] [WARN] [ddl.go:700] ["fail to notify DDL event"] [category=ddl] [event="(Event Type: drop table, Old Table ID: 212, Old Table Name: ai_stmt_probe)"]
[2026/07/17 08:19:07.430 +08:00] [INFO] [loader.go:216] ["diff load InfoSchema success"] [mode=auto] [isV2=true] [currVer=196] [neededVer=197] [gotVer=197] ["elapsed time"=207.625µs] [phyTblIDs="[212]"] [actionTypes="[4]"] [diffTypes="[\"drop table\"]"]
[2026/07/17 08:19:07.430 +08:00] [INFO] [syncer.go:281] ["mdl gets lock, update self version to owner"] [jobID=215] [version=197]
[2026/07/17 08:19:07.434 +08:00] [INFO] [schema_version.go:397] ["wait schema version synced success"] [category=ddl] [ver=197] [checkAssumedSvr=false] ["take time"=5.08ms] [job="ID:215, Type:drop table, State:done, SchemaState:none, SchemaID:114, TableID:212, RowCount:0, ArgLen:1, start time: 2026-07-17 08:19:07.377 +0800 CST, Err:<nil>, ErrCount:0, SnapshotVersion:0, Version: v2"] [summary="server count: 1"]
[2026/07/17 08:19:07.435 +08:00] [INFO] [delete_range.go:470] ["insert into delete-range table"] [category=ddl] [jobID=215] [tableIDs="[212]"] [comment="drop table: table ID"]
[2026/07/17 08:19:07.436 +08:00] [INFO] [delete_range.go:112] ["add job into delete-range table"] [category=ddl] [jobID=215] [jobType="drop table"]
[2026/07/17 08:19:07.436 +08:00] [INFO] [job_worker.go:447] ["finish DDL job"] [category=ddl] [jobID=215] [conn=2] [job="ID:215, Type:drop table, State:synced, SchemaState:none, SchemaID:114, TableID:212, RowCount:0, ArgLen:1, start time: 2026-07-17 08:19:07.377 +0800 CST, Err:<nil>, ErrCount:0, SnapshotVersion:0, Version: v2"]
[2026/07/17 08:19:07.439 +08:00] [INFO] [executor.go:7423] ["DDL job is finished"] [category=ddl] [jobID=215]
[2026/07/17 08:19:07.439 +08:00] [INFO] [session.go:5195] ["CRUCIAL OPERATION"] [conn=2] [schemaVersion=197] [cur_db=test] [sql="drop table if exists ai_stmt_control, ai_stmt_probe"] [user=]
[2026/07/17 08:19:07.443 +08:00] [INFO] [job_submitter.go:118] ["add DDL jobs"] [category=ddl] ["batch count"=1] [jobs="ID:217, Type:create table, State:queueing, SchemaState:none, SchemaID:114, TableID:216, RowCount:0, ArgLen:1, start time: 2026-07-17 08:19:07.427 +0800 CST, Err:<nil>, ErrCount:0, SnapshotVersion:0, Version: v2; "] [fast_create=true]
[2026/07/17 08:19:07.443 +08:00] [INFO] [executor.go:7285] ["DDL job submitted"] [category=ddl] [job="ID:217, Type:create table, State:queueing, SchemaState:none, SchemaID:114, TableID:216, RowCount:0, ArgLen:1, start time: 2026-07-17 08:19:07.427 +0800 CST, Err:<nil>, ErrCount:0, SnapshotVersion:0, Version: v2"] [query="create table ai_stmt_control (\n\t\t\tid int primary key clustered,\n\t\t\tu1 int not null,\n\t\t\tu2 int not null,\n\t\t\tbase int not null,\n\t\t\tg int as (base + 1) stored,\n\t\t\tunique key u1_idx(u1),\n\t\t\tunique key u2_idx(u2),\n\t\t\tkey base_idx(base),\n\t\t\tkey g_idx(g),\n\t\t\tconstraint base_positive check (base > 0)\n\t\t)"]
[2026/07/17 08:19:07.443 +08:00] [INFO] [lock_resolver.go:1631] ["txn lock cleanup resolve-lock rpc finished"] [action=commit] [txnStartTS=467729789072703507] [commitTS=467729789072703509] [regionID=8] [resolveLite=true] [resolvedByCheckTxnStatus=false]
[2026/07/17 08:19:07.444 +08:00] [INFO] [job_worker.go:854] ["run one job step"] [category=ddl] [jobID=217] [conn=2] [job="ID:217, Type:create table, State:queueing, SchemaState:none, SchemaID:114, TableID:216, RowCount:0, ArgLen:0, start time: 2026-07-17 08:19:07.427 +0800 CST, Err:<nil>, ErrCount:0, SnapshotVersion:0, Version: v2"]
[2026/07/17 08:19:07.445 +08:00] [WARN] [ddl.go:700] ["fail to notify DDL event"] [category=ddl] [event="(Event Type: create table, Table ID: 216, Table Name: ai_stmt_control)"]
[2026/07/17 08:19:07.451 +08:00] [INFO] [loader.go:216] ["diff load InfoSchema success"] [mode=auto] [isV2=true] [currVer=197] [neededVer=198] [gotVer=198] ["elapsed time"=294.208µs] [phyTblIDs="[216]"] [actionTypes="[3]"] [diffTypes="[\"create table\"]"]
[2026/07/17 08:19:07.451 +08:00] [INFO] [syncer.go:281] ["mdl gets lock, update self version to owner"] [jobID=217] [version=198]
[2026/07/17 08:19:07.455 +08:00] [INFO] [schema_version.go:397] ["wait schema version synced success"] [category=ddl] [ver=198] [checkAssumedSvr=false] ["take time"=5.124958ms] [job="ID:217, Type:create table, State:done, SchemaState:public, SchemaID:114, TableID:216, RowCount:0, ArgLen:1, start time: 2026-07-17 08:19:07.427 +0800 CST, Err:<nil>, ErrCount:0, SnapshotVersion:0, Version: v2"] [summary="server count: 1"]
[2026/07/17 08:19:07.457 +08:00] [INFO] [job_worker.go:447] ["finish DDL job"] [category=ddl] [jobID=217] [conn=2] [job="ID:217, Type:create table, State:synced, SchemaState:public, SchemaID:114, TableID:216, RowCount:0, ArgLen:0, start time: 2026-07-17 08:19:07.427 +0800 CST, Err:<nil>, ErrCount:0, SnapshotVersion:0, Version: v2"]
[2026/07/17 08:19:07.459 +08:00] [INFO] [executor.go:7423] ["DDL job is finished"] [category=ddl] [jobID=217]
[2026/07/17 08:19:07.459 +08:00] [INFO] [session.go:5195] ["CRUCIAL OPERATION"] [conn=2] [schemaVersion=198] [cur_db=test] [sql="create table ai_stmt_control (\n\t\t\tid int primary key clustered,\n\t\t\tu1 int not null,\n\t\t\tu2 int not null,\n\t\t\tbase int not null,\n\t\t\tg int as (base + 1) stored,\n\t\t\tunique key u1_idx(u1),\n\t\t\tunique key u2_idx(u2),\n\t\t\tkey base_idx(base),\n\t\t\tkey g_idx(g),\n\t\t\tconstraint base_positive check (base > 0)\n\t\t)"] [user=]
[2026/07/17 08:19:07.462 +08:00] [WARN] [prewrite.go:619] ["1pc failed and fallbacks to normal commit procedure"] [startTS=467729789072703526]
[2026/07/17 08:19:07.465 +08:00] [INFO] [job_submitter.go:118] ["add DDL jobs"] [category=ddl] ["batch count"=1] [jobs="ID:219, Type:create table, State:queueing, SchemaState:none, SchemaID:114, TableID:218, RowCount:0, ArgLen:1, start time: 2026-07-17 08:19:07.427 +0800 CST, Err:<nil>, ErrCount:0, SnapshotVersion:0, Version: v2; "] [fast_create=true]
[2026/07/17 08:19:07.465 +08:00] [INFO] [executor.go:7285] ["DDL job submitted"] [category=ddl] [job="ID:219, Type:create table, State:queueing, SchemaState:none, SchemaID:114, TableID:218, RowCount:0, ArgLen:1, start time: 2026-07-17 08:19:07.427 +0800 CST, Err:<nil>, ErrCount:0, SnapshotVersion:0, Version: v2"] [query="create table ai_stmt_probe (\n\t\t\tid int primary key clustered,\n\t\t\tu1 int not null,\n\t\t\tu2 int not null,\n\t\t\tbase int not null,\n\t\t\tg int as (base + 1) stored,\n\t\t\tunique key u1_idx(u1),\n\t\t\tunique key u2_idx(u2),\n\t\t\tkey base_idx(base),\n\t\t\tkey g_idx(g),\n\t\t\tconstraint base_positive check (base > 0)\n\t\t)"]
[2026/07/17 08:19:07.466 +08:00] [INFO] [job_worker.go:854] ["run one job step"] [category=ddl] [jobID=219] [conn=2] [job="ID:219, Type:create table, State:queueing, SchemaState:none, SchemaID:114, TableID:218, RowCount:0, ArgLen:0, start time: 2026-07-17 08:19:07.427 +0800 CST, Err:<nil>, ErrCount:0, SnapshotVersion:0, Version: v2"]
[2026/07/17 08:19:07.470 +08:00] [WARN] [ddl.go:700] ["fail to notify DDL event"] [category=ddl] [event="(Event Type: create table, Table ID: 218, Table Name: ai_stmt_probe)"]
[2026/07/17 08:19:07.478 +08:00] [INFO] [loader.go:216] ["diff load InfoSchema success"] [mode=auto] [isV2=true] [currVer=198] [neededVer=199] [gotVer=199] ["elapsed time"=282.083µs] [phyTblIDs="[218]"] [actionTypes="[3]"] [diffTypes="[\"create table\"]"]
[2026/07/17 08:19:07.478 +08:00] [INFO] [syncer.go:281] ["mdl gets lock, update self version to owner"] [jobID=219] [version=199]
[2026/07/17 08:19:07.483 +08:00] [INFO] [schema_version.go:397] ["wait schema version synced success"] [category=ddl] [ver=199] [checkAssumedSvr=false] ["take time"=6.006167ms] [job="ID:219, Type:create table, State:done, SchemaState:public, SchemaID:114, TableID:218, RowCount:0, ArgLen:1, start time: 2026-07-17 08:19:07.427 +0800 CST, Err:<nil>, ErrCount:0, SnapshotVersion:0, Version: v2"] [summary="server count: 1"]
[2026/07/17 08:19:07.485 +08:00] [INFO] [job_worker.go:447] ["finish DDL job"] [category=ddl] [jobID=219] [conn=2] [job="ID:219, Type:create table, State:synced, SchemaState:public, SchemaID:114, TableID:218, RowCount:0, ArgLen:0, start time: 2026-07-17 08:19:07.427 +0800 CST, Err:<nil>, ErrCount:0, SnapshotVersion:0, Version: v2"]
[2026/07/17 08:19:07.486 +08:00] [INFO] [executor.go:7423] ["DDL job is finished"] [category=ddl] [jobID=219]
[2026/07/17 08:19:07.486 +08:00] [INFO] [session.go:5195] ["CRUCIAL OPERATION"] [conn=2] [schemaVersion=199] [cur_db=test] [sql="create table ai_stmt_probe (\n\t\t\tid int primary key clustered,\n\t\t\tu1 int not null,\n\t\t\tu2 int not null,\n\t\t\tbase int not null,\n\t\t\tg int as (base + 1) stored,\n\t\t\tunique key u1_idx(u1),\n\t\t\tunique key u2_idx(u2),\n\t\t\tkey base_idx(base),\n\t\t\tkey g_idx(g),\n\t\t\tconstraint base_positive check (base > 0)\n\t\t)"] [user=]
[2026/07/17 08:19:07.487 +08:00] [WARN] [prewrite.go:619] ["1pc failed and fallbacks to normal commit procedure"] [startTS=467729789085810699]
[2026/07/17 08:19:07.491 +08:00] [WARN] [prewrite.go:619] ["1pc failed and fallbacks to normal commit procedure"] [startTS=467729789085810702]
    ai_native_unique_owner_fuzz_test.go:926: 
        	Error Trace:	/Users/bba/pc/tidb-ai-master/tests/realtikvtest/txntest/ai_native_unique_owner_fuzz_test.go:926
        	Error:      	An error is expected but got nil.
        	Test:       	TestAINativeFailedStatementCannotPoisonPriorMutation/pessimistic/update_then_failed_multirow_update_after_index_rewrite
        	Messages:   	the poison statement must reach statement rollback
[2026/07/17 08:19:07.493 +08:00] [INFO] [job_scheduler.go:269] ["scheduleLoop quit due to context canceled"] [category=ddl]
[2026/07/17 08:19:07.493 +08:00] [INFO] [manager.go:420] ["watch owner finished"] [key=/tidb/ddl/fg/owner] [id=b19648c6-c657-4a41-a754-52ed3ac5a71d] []
[2026/07/17 08:19:07.493 +08:00] [INFO] [manager.go:333] ["retire owner"] [key=/tidb/ddl/fg/owner] [id=b19648c6-c657-4a41-a754-52ed3ac5a71d]
[2026/07/17 08:19:07.493 +08:00] [INFO] [syncer.go:488] ["schema version sync loop interrupted, retrying..."] [category=ddl]
[2026/07/17 08:19:07.493 +08:00] [INFO] [ddl_workerpool.go:78] ["closing workerPool"] [category=ddl]
[2026/07/17 08:19:07.493 +08:00] [INFO] [ddl_workerpool.go:78] ["closing workerPool"] [category=ddl]
[2026/07/17 08:19:07.493 +08:00] [INFO] [job_worker.go:267] ["DDL worker closed"] [category=ddl] [worker="worker 1, tp general"] ["take time"=2.917µs]
[2026/07/17 08:19:07.493 +08:00] [INFO] [job_worker.go:267] ["DDL worker closed"] [category=ddl] [worker="worker 2, tp general"] ["take time"=2.541µs]
[2026/07/17 08:19:07.493 +08:00] [INFO] [job_worker.go:267] ["DDL worker closed"] [category=ddl] [worker="worker 3, tp general"] ["take time"=1.417µs]
[2026/07/17 08:19:07.493 +08:00] [INFO] [job_worker.go:267] ["DDL worker closed"] [category=ddl] [worker="worker 4, tp general"] ["take time"=1.459µs]
[2026/07/17 08:19:07.493 +08:00] [INFO] [job_worker.go:267] ["DDL worker closed"] [category=ddl] [worker="worker 5, tp general"] ["take time"=2.292µs]
[2026/07/17 08:19:07.493 +08:00] [INFO] [job_worker.go:267] ["DDL worker closed"] [category=ddl] [worker="worker 6, tp general"] ["take time"=1.417µs]
[2026/07/17 08:19:07.493 +08:00] [INFO] [job_worker.go:267] ["DDL worker closed"] [category=ddl] [worker="worker 7, tp general"] ["take time"=2.583µs]
[2026/07/17 08:19:07.493 +08:00] [INFO] [job_worker.go:267] ["DDL worker closed"] [category=ddl] [worker="worker 8, tp general"] ["take time"=1.666µs]
[2026/07/17 08:19:07.493 +08:00] [INFO] [job_worker.go:267] ["DDL worker closed"] [category=ddl] [worker="worker 9, tp general"] ["take time"=2.084µs]
[2026/07/17 08:19:07.493 +08:00] [INFO] [job_worker.go:267] ["DDL worker closed"] [category=ddl] [worker="worker 10, tp general"] ["take time"=2.667µs]
[2026/07/17 08:19:07.493 +08:00] [INFO] [manager.go:424] ["is not the owner"] [key=/tidb/ddl/fg/owner] [id=b19648c6-c657-4a41-a754-52ed3ac5a71d]
[2026/07/17 08:19:07.493 +08:00] [INFO] [manager.go:385] ["break campaign loop, context is done"] [key=/tidb/ddl/fg/owner] [id=b19648c6-c657-4a41-a754-52ed3ac5a71d]
[2026/07/17 08:19:07.497 +08:00] [INFO] [delete_range.go:162] ["closing delRange"] [category=ddl]
[2026/07/17 08:19:07.497 +08:00] [INFO] [session_pool.go:133] ["closing session pool"] [category=ddl]
[2026/07/17 08:19:07.498 +08:00] [INFO] [ddl.go:1157] ["DDL closed"] [category=ddl] [ID=b19648c6-c657-4a41-a754-52ed3ac5a71d] ["take time"=5.759834ms]
[2026/07/17 08:19:07.498 +08:00] [INFO] [ddl.go:848] ["stop DDL"] [category=ddl] [ID=b19648c6-c657-4a41-a754-52ed3ac5a71d]
[2026/07/17 08:19:07.498 +08:00] [INFO] [domain.go:484] ["stopping ttlJobManager"]
[2026/07/17 08:19:07.498 +08:00] [INFO] [notifier.go:142] ["etcd watcher exited to watch timer events"] [EtcdKey=/tidb/timer/cluster/1/notify/3d302db5-dc00-4f78-8c80-e6a408c824e9] [watcherID=8957cc51-3b81-40a6-8b25-1e33d8d7ff72]
[2026/07/17 08:19:07.498 +08:00] [INFO] [runtime.go:202] ["TimerGroupRuntime loop exit"] [groupID=ttl]
[2026/07/17 08:19:07.498 +08:00] [INFO] [notifier.go:227] ["etcd notify loop to watch timer events stopped"] [EtcdKey=/tidb/timer/cluster/1/notify/3d302db5-dc00-4f78-8c80-e6a408c824e9]
[2026/07/17 08:19:07.498 +08:00] [INFO] [task_manager.go:225] ["shrink ttl worker"] [ttl-worker=job-manager] [ttl-worker=b19648c6-c657-4a41-a754-52ed3ac5a71d] [ttl-worker=task-manager] [ttl-worker=b19648c6-c657-4a41-a754-52ed3ac5a71d] [originalCount=4] [newCount=0]
[2026/07/17 08:19:07.498 +08:00] [INFO] [scan.go:379] ["ttlScanWorker loop exited."]
[2026/07/17 08:19:07.498 +08:00] [INFO] [scan.go:379] ["ttlScanWorker loop exited."]
[2026/07/17 08:19:07.498 +08:00] [INFO] [scan.go:379] ["ttlScanWorker loop exited."]
[2026/07/17 08:19:07.498 +08:00] [INFO] [scan.go:379] ["ttlScanWorker loop exited."]
[2026/07/17 08:19:07.498 +08:00] [INFO] [task_manager.go:225] ["shrink ttl worker"] [ttl-worker=job-manager] [ttl-worker=b19648c6-c657-4a41-a754-52ed3ac5a71d] [ttl-worker=task-manager] [ttl-worker=b19648c6-c657-4a41-a754-52ed3ac5a71d] [originalCount=4] [newCount=0]
[2026/07/17 08:19:07.498 +08:00] [INFO] [del.go:344] ["ttlDeleteWorker loop exited."]
[2026/07/17 08:19:07.498 +08:00] [INFO] [del.go:344] ["ttlDeleteWorker loop exited."]
[2026/07/17 08:19:07.498 +08:00] [INFO] [del.go:344] ["ttlDeleteWorker loop exited."]
[2026/07/17 08:19:07.499 +08:00] [INFO] [del.go:344] ["ttlDeleteWorker loop exited."]
[2026/07/17 08:19:07.499 +08:00] [INFO] [job_manager.go:183] ["ttlJobManager loop exited."] [ttl-worker=job-manager] [ttl-worker=b19648c6-c657-4a41-a754-52ed3ac5a71d]
[2026/07/17 08:19:07.499 +08:00] [INFO] [job_manager.go:168] ["ttlJobManager loop exited."] [ttl-worker=job-manager] [ttl-worker=b19648c6-c657-4a41-a754-52ed3ac5a71d]
[2026/07/17 08:19:07.499 +08:00] [INFO] [domain.go:495] ["ttlJobManager exited."]
[2026/07/17 08:19:07.499 +08:00] [INFO] [domain.go:2868] ["serverIDSession need restart"]
[2026/07/17 08:19:07.511 +08:00] [INFO] [domain.go:2733] ["releaseServerID succeed"] [serverID=1856] [leaseID=2463925762081077826]
[2026/07/17 08:19:07.511 +08:00] [INFO] [domain.go:2800] ["serverIDKeeper exited."]
[2026/07/17 08:19:07.511 +08:00] [INFO] [domain.go:2193] ["gcStatsWorker ready to release owner"]
[2026/07/17 08:19:07.511 +08:00] [INFO] [domain.go:2914] ["planCacheMetricsAndVars exited."]
[2026/07/17 08:19:07.511 +08:00] [INFO] [stats_syncload.go:255] ["SubLoadWorker: exits now because the domain is closed."] [category=stats]
[2026/07/17 08:19:07.511 +08:00] [INFO] [wait_group_wrapper.go:150] ["background process exited"] [source=domain] [process=planCacheMetricsAndVars]
[2026/07/17 08:19:07.511 +08:00] [INFO] [stats_syncload.go:245] ["SubLoadWorker: exited."] [category=stats]
[2026/07/17 08:19:07.511 +08:00] [INFO] [stats_syncload.go:255] ["SubLoadWorker: exits now because the domain is closed."] [category=stats]
[2026/07/17 08:19:07.511 +08:00] [INFO] [domain.go:1827] ["PlanReplayerTaskDumpHandle exited."]
[2026/07/17 08:19:07.511 +08:00] [INFO] [domain.go:2945] ["planCacheEvictTrigger exited."]
[2026/07/17 08:19:07.511 +08:00] [INFO] [wait_group_wrapper.go:150] ["background process exited"] [source=domain] [process=PlanReplayerTaskDumpHandle]
[2026/07/17 08:19:07.511 +08:00] [INFO] [wait_group_wrapper.go:150] ["background process exited"] [source=domain] [process=planCacheEvictTrigger]
[2026/07/17 08:19:07.511 +08:00] [INFO] [stats_syncload.go:245] ["SubLoadWorker: exited."] [category=stats]
[2026/07/17 08:19:07.511 +08:00] [INFO] [domain.go:2396] ["analyzeJobsCleanupWorker exited."]
[2026/07/17 08:19:07.511 +08:00] [INFO] [domain.go:1237] ["stopping dist task scheduler manager because the current node is not DDL owner anymore"] [id=b19648c6-c657-4a41-a754-52ed3ac5a71d]
[2026/07/17 08:19:07.511 +08:00] [INFO] [wait_group_wrapper.go:150] ["background process exited"] [source=domain] [process=analyzeJobsCleanupWorker]
[2026/07/17 08:19:07.511 +08:00] [INFO] [domain.go:2147] ["asyncLoadStats exited."]
[2026/07/17 08:19:07.511 +08:00] [INFO] [wait_group_wrapper.go:150] ["background process exited"] [source=domain] [process=asyncLoadHistogram]
[2026/07/17 08:19:07.511 +08:00] [INFO] [manager.go:241] ["runaway watch sync loop exit"]
[2026/07/17 08:19:07.511 +08:00] [INFO] [domain.go:2332] ["autoAnalyzeWorker exited."] [category=stats]
[2026/07/17 08:19:07.511 +08:00] [INFO] [wait_group_wrapper.go:150] ["background process exited"] [source=domain] [process=runawayWatchSyncLoop]
[2026/07/17 08:19:07.511 +08:00] [INFO] [wait_group_wrapper.go:150] ["background process exited"] [source=domain] [process=autoAnalyzeWorker]
[2026/07/17 08:19:07.511 +08:00] [INFO] [stats_syncload.go:255] ["SubLoadWorker: exits now because the domain is closed."] [category=stats]
[2026/07/17 08:19:07.511 +08:00] [INFO] [domain.go:2174] ["indexUsageWorker exited."]
[2026/07/17 08:19:07.511 +08:00] [INFO] [stats_syncload.go:245] ["SubLoadWorker: exited."] [category=stats]
[2026/07/17 08:19:07.511 +08:00] [INFO] [wait_group_wrapper.go:150] ["background process exited"] [source=domain] [process=indexUsageWorker]
[2026/07/17 08:19:07.511 +08:00] [INFO] [domain.go:1807] ["PlanReplayerTaskCollectHandle exited."]
[2026/07/17 08:19:07.511 +08:00] [INFO] [domain.go:2219] ["deltaUpdateTicker is going to exit, start to flush stats"]
[2026/07/17 08:19:07.511 +08:00] [INFO] [wait_group_wrapper.go:150] ["background process exited"] [source=domain] [process=PlanReplayerTaskCollectHandle]
[2026/07/17 08:19:07.511 +08:00] [INFO] [domain.go:1892] ["HistoricalStatsWorker exited."]
[2026/07/17 08:19:07.511 +08:00] [INFO] [plan_replayer.go:411] ["planReplayerTaskDumpWorker exited."]
[2026/07/17 08:19:07.511 +08:00] [INFO] [wait_group_wrapper.go:150] ["background process exited"] [source=domain] [process=HistoricalStatsWorker]
[2026/07/17 08:19:07.511 +08:00] [INFO] [domain.go:1477] ["LoadSysVarCacheLoop exited."]
[2026/07/17 08:19:07.511 +08:00] [INFO] [wait_group_wrapper.go:150] ["background process exited"] [source=domain] [process=loadSigningCertLoop]
[2026/07/17 08:19:07.511 +08:00] [INFO] [wait_group_wrapper.go:150] ["background process exited"] [source=domain] [process=LoadSysVarCacheLoop]
[2026/07/17 08:19:07.511 +08:00] [INFO] [syncer.go:288] ["server info sync loop exited."]
[2026/07/17 08:19:07.511 +08:00] [INFO] [domain.go:2989] ["readTableCostWorker exited."]
[2026/07/17 08:19:07.511 +08:00] [INFO] [flusher.go:89] ["flushing remaining records before stop"] [name=runaway-record]
[2026/07/17 08:19:07.511 +08:00] [INFO] [domain.go:1403] ["loadPrivilegeInLoop exited."]
[2026/07/17 08:19:07.511 +08:00] [INFO] [wait_group_wrapper.go:150] ["background process exited"] [source=domain] [process=readTableCostWorker]
[2026/07/17 08:19:07.511 +08:00] [INFO] [domain.go:1861] ["dumpFileGcChecker exited."]
[2026/07/17 08:19:07.511 +08:00] [INFO] [wait_group_wrapper.go:150] ["background process exited"] [source=domain] [process=loadPrivilegeInLoop]
[2026/07/17 08:19:07.511 +08:00] [INFO] [flusher.go:91] ["stopped flusher"] [name=runaway-record]
[2026/07/17 08:19:07.511 +08:00] [INFO] [wait_group_wrapper.go:150] ["background process exited"] [source=domain] [process=dumpFileGcChecker]
[2026/07/17 08:19:07.511 +08:00] [INFO] [wait_group_wrapper.go:150] ["background process exited"] [source=domain] [process=infoSyncerKeeper]
[2026/07/17 08:19:07.511 +08:00] [INFO] [flusher.go:89] ["flushing remaining records before stop"] [name=quarantine-record]
[2026/07/17 08:19:07.511 +08:00] [INFO] [domain.go:2282] ["dumpColStatsUsageWorker exited."]
[2026/07/17 08:19:07.511 +08:00] [INFO] [manager.go:420] ["watch owner finished"] [key=/tidb/br-stream/owner] [id=828942e5-2e1f-46ce-badb-8fa1701af6f8] []
[2026/07/17 08:19:07.511 +08:00] [INFO] [wait_group_wrapper.go:150] ["background process exited"] [source=domain] [process=dumpColStatsUsageWorker]
[2026/07/17 08:19:07.511 +08:00] [INFO] [manager.go:333] ["retire owner"] [key=/tidb/br-stream/owner] [id=828942e5-2e1f-46ce-badb-8fa1701af6f8]
[2026/07/17 08:19:07.511 +08:00] [INFO] [stats_syncload.go:255] ["SubLoadWorker: exits now because the domain is closed."] [category=stats]
[2026/07/17 08:19:07.511 +08:00] [INFO] [flusher.go:91] ["stopped flusher"] [name=quarantine-record]
[2026/07/17 08:19:07.511 +08:00] [INFO] [flusher.go:89] ["flushing remaining records before stop"] [name=stale-quarantine-record]
[2026/07/17 08:19:07.511 +08:00] [INFO] [stats_syncload.go:255] ["SubLoadWorker: exits now because the domain is closed."] [category=stats]
[2026/07/17 08:19:07.511 +08:00] [INFO] [flusher.go:91] ["stopped flusher"] [name=stale-quarantine-record]
[2026/07/17 08:19:07.511 +08:00] [INFO] [manager.go:205] ["runaway record flush loop exit"]
[2026/07/17 08:19:07.511 +08:00] [INFO] [wait_group_wrapper.go:150] ["background process exited"] [source=domain] [process=runawayRecordFlushLoop]
[2026/07/17 08:19:07.511 +08:00] [INFO] [domain.go:419] ["globalConfigSyncerKeeper exited."]
[2026/07/17 08:19:07.511 +08:00] [INFO] [wait_group_wrapper.go:150] ["background process exited"] [source=domain] [process=globalConfigSyncerKeeper]
[2026/07/17 08:19:07.511 +08:00] [INFO] [manager.go:420] ["watch owner finished"] [key=/tidb/stats/owner] [id=b19648c6-c657-4a41-a754-52ed3ac5a71d] []
[2026/07/17 08:19:07.511 +08:00] [INFO] [manager.go:333] ["retire owner"] [key=/tidb/stats/owner] [id=b19648c6-c657-4a41-a754-52ed3ac5a71d]
[2026/07/17 08:19:07.511 +08:00] [INFO] [domain.go:2114] ["loadStatsWorker exited."]
[2026/07/17 08:19:07.511 +08:00] [INFO] [manager.go:424] ["is not the owner"] [key=/tidb/stats/owner] [id=b19648c6-c657-4a41-a754-52ed3ac5a71d]
[2026/07/17 08:19:07.511 +08:00] [INFO] [wait_group_wrapper.go:150] ["background process exited"] [source=domain] [process=loadStatsWorker]
[2026/07/17 08:19:07.511 +08:00] [INFO] [stats_syncload.go:245] ["SubLoadWorker: exited."] [category=stats]
[2026/07/17 08:19:07.511 +08:00] [INFO] [syncer.go:422] ["topology sync loop exited."]
[2026/07/17 08:19:07.511 +08:00] [INFO] [wait_group_wrapper.go:150] ["background process exited"] [source=domain] [process=topologySyncerKeeper]
[2026/07/17 08:19:07.511 +08:00] [INFO] [manager.go:424] ["is not the owner"] [key=/tidb/br-stream/owner] [id=828942e5-2e1f-46ce-badb-8fa1701af6f8]
[2026/07/17 08:19:07.511 +08:00] [INFO] [manager.go:385] ["break campaign loop, context is done"] [key=/tidb/br-stream/owner] [id=828942e5-2e1f-46ce-badb-8fa1701af6f8]
[2026/07/17 08:19:07.511 +08:00] [INFO] [scheduler_manager.go:337] ["subtask history table gc loop exits"] [server-id=:4000]
[2026/07/17 08:19:07.511 +08:00] [INFO] [stats_syncload.go:255] ["SubLoadWorker: exits now because the domain is closed."] [category=stats]
[2026/07/17 08:19:07.511 +08:00] [INFO] [stats_syncload.go:245] ["SubLoadWorker: exited."] [category=stats]
[2026/07/17 08:19:07.511 +08:00] [INFO] [scheduler_manager.go:495] ["collect loop exits"] [server-id=:4000]
[2026/07/17 08:19:07.511 +08:00] [INFO] [scheduler_manager.go:225] ["schedule task loop exits"] [server-id=:4000]
[2026/07/17 08:19:07.511 +08:00] [INFO] [scheduler_manager.go:413] ["cleanup loop exits"] [server-id=:4000]
[2026/07/17 08:19:07.511 +08:00] [INFO] [stats_syncload.go:245] ["SubLoadWorker: exited."] [category=stats]
[2026/07/17 08:19:07.511 +08:00] [INFO] [manager.go:385] ["break campaign loop, context is done"] [key=/tidb/stats/owner] [id=b19648c6-c657-4a41-a754-52ed3ac5a71d]
[2026/07/17 08:19:07.511 +08:00] [INFO] [domain.go:1239] ["dist task scheduler manager stopped"] [id=b19648c6-c657-4a41-a754-52ed3ac5a71d]
[2026/07/17 08:19:07.511 +08:00] [INFO] [domain.go:1222] ["stopping dist task executor manager"]
[2026/07/17 08:19:07.511 +08:00] [INFO] [manager.go:285] ["recoverMetaLoop done"] [server-id=:4000]
[2026/07/17 08:19:07.511 +08:00] [INFO] [manager.go:157] ["handle tasks loop done"] [server-id=:4000]
[2026/07/17 08:19:07.511 +08:00] [INFO] [domain.go:1224] ["dist task executor manager stopped"]
[2026/07/17 08:19:07.511 +08:00] [INFO] [wait_group_wrapper.go:150] ["background process exited"] [source=domain] [process=distTaskFrameworkLoop]
[2026/07/17 08:19:07.512 +08:00] [INFO] [manager.go:420] ["watch owner finished"] [key=/tidb/bindinfo/owner] [id=b19648c6-c657-4a41-a754-52ed3ac5a71d] []
[2026/07/17 08:19:07.512 +08:00] [INFO] [manager.go:333] ["retire owner"] [key=/tidb/bindinfo/owner] [id=b19648c6-c657-4a41-a754-52ed3ac5a71d]
[2026/07/17 08:19:07.512 +08:00] [INFO] [manager.go:424] ["is not the owner"] [key=/tidb/bindinfo/owner] [id=b19648c6-c657-4a41-a754-52ed3ac5a71d]
[2026/07/17 08:19:07.512 +08:00] [INFO] [manager.go:385] ["break campaign loop, context is done"] [key=/tidb/bindinfo/owner] [id=b19648c6-c657-4a41-a754-52ed3ac5a71d]
[2026/07/17 08:19:07.521 +08:00] [INFO] [domain.go:2225] ["deltaUpdateTicker exit preprocessing finished"]
[2026/07/17 08:19:07.521 +08:00] [INFO] [wait_group_wrapper.go:150] ["background process exited"] [source=domain] [process=deltaUpdateTickerWorker]
[2026/07/17 08:19:07.528 +08:00] [INFO] [domain.go:2201] ["gcStatsWorker exit preprocessing finished"]
[2026/07/17 08:19:07.528 +08:00] [INFO] [domain.go:2246] ["gcStatsWorker exited."]
[2026/07/17 08:19:07.528 +08:00] [INFO] [wait_group_wrapper.go:150] ["background process exited"] [source=domain] [process=gcStatsWorker]
[2026/07/17 08:19:07.536 +08:00] [INFO] [domain.go:979] ["closestReplicaReadCheckLoop exited."]
[2026/07/17 08:19:07.536 +08:00] [INFO] [advancer_cliext.go:194] ["Start collecting remaining events in the channel."] [category="log backup advancer"] [remained=0]
[2026/07/17 08:19:07.536 +08:00] [INFO] [owner_daemon.go:87] ["daemon loop exits"] [id=828942e5-2e1f-46ce-badb-8fa1701af6f8] [daemon-id=LogBackup::Advancer]
[2026/07/17 08:19:07.536 +08:00] [INFO] [manager.go:431] ["etcd session close failed"] [key=/tidb/bindinfo/owner] [id=b19648c6-c657-4a41-a754-52ed3ac5a71d] [error="context canceled"]
[2026/07/17 08:19:07.536 +08:00] [INFO] [domain.go:1616] ["globalBindHandleWorkerLoop exited."]
[2026/07/17 08:19:07.536 +08:00] [INFO] [wait_group_wrapper.go:150] ["background process exited"] [source=domain] [process=globalBindHandleWorkerLoop]
[2026/07/17 08:19:07.536 +08:00] [INFO] [wait_group_wrapper.go:150] ["background process exited"] [source=domain] [process=logBackupAdvancer]
[2026/07/17 08:19:07.536 +08:00] [INFO] [wait_group_wrapper.go:150] ["background process exited"] [source=domain] [process=closestReplicaReadCheckLoop]
[2026/07/17 08:19:07.536 +08:00] [INFO] [syncer.go:304] ["info schema sync loop exited."]
[2026/07/17 08:19:07.536 +08:00] [INFO] [wait_group_wrapper.go:150] ["background process exited"] [source=domain] [process=loadSchemaInLoop]
[2026/07/17 08:19:07.536 +08:00] [INFO] [domain.go:391] ["topNSlowQueryLoop exited."]
[2026/07/17 08:19:07.536 +08:00] [INFO] [wait_group_wrapper.go:150] ["background process exited"] [source=domain] [process=topNSlowQueryLoop]
[2026/07/17 08:19:07.536 +08:00] [INFO] [wait_group_wrapper.go:150] ["background process exited"] [source=domain] [process=mdlCheckLoop]
[2026/07/17 08:19:07.536 +08:00] [WARN] [meta_storage_client.go:165] ["watch stream closed"] [error="rpc error: code = Canceled desc = context canceled"]
[2026/07/17 08:19:07.536 +08:00] [INFO] [advancer_cliext.go:199] ["Finish collecting remaining events in the channel."] [category="log backup advancer"]
[2026/07/17 08:19:07.536 +08:00] [WARN] [meta_storage_client.go:165] ["watch stream closed"] [error="rpc error: code = Canceled desc = context canceled"]
[2026/07/17 08:19:07.556 +08:00] [INFO] [domain.go:550] ["domain closed"] ["take time"=63.828917ms]
[2026/07/17 08:19:07.569 +08:00] [INFO] [client.go:356] ["[pd] http client closed"] [source=tikv-driver]
[2026/07/17 08:19:07.569 +08:00] [INFO] [inner_client.go:96] ["[pd] exit router client initializer"]
[2026/07/17 08:19:07.569 +08:00] [INFO] [service_discovery.go:562] ["[pd] exit member loop due to context canceled"]
[2026/07/17 08:19:07.569 +08:00] [INFO] [resource_manager_client.go:341] ["[resource manager] exit resource token dispatcher"]
[2026/07/17 08:19:07.569 +08:00] [INFO] [client.go:277] ["[tso] exit tso connection contexts updater"]
[2026/07/17 08:19:07.569 +08:00] [INFO] [router_service_discovery.go:287] ["[router service] closing router service discovery"]
[2026/07/17 08:19:07.569 +08:00] [INFO] [router_service_discovery.go:315] ["[router service] exit health check member loop"]
[2026/07/17 08:19:07.569 +08:00] [INFO] [router_service_discovery.go:273] ["[router service] exit check member loop"]
[2026/07/17 08:19:07.569 +08:00] [INFO] [router_service_discovery.go:303] ["[router service] is closed"]
[2026/07/17 08:19:07.569 +08:00] [INFO] [dispatcher.go:207] ["[tso] stop fetching the pending tso requests due to context canceled"]
[2026/07/17 08:19:07.569 +08:00] [INFO] [watcher.go:73] ["[pd] exit the deadline watcher"] [source=tso]
[2026/07/17 08:19:07.569 +08:00] [INFO] [dispatcher.go:149] ["[tso] exit tso dispatcher"]
[2026/07/17 08:19:07.569 +08:00] [INFO] [client.go:155] ["[tso] closing tso client"]
[2026/07/17 08:19:07.569 +08:00] [INFO] [client.go:160] ["[tso] close tso client"]
[2026/07/17 08:19:07.569 +08:00] [INFO] [stream.go:366] ["tsoStream.recvLoop ended"] [stream=127.0.0.1:2379-1] [error="rpc error: code = Canceled desc = context canceled"] [errorVerbose="rpc error: code = Canceled desc = context canceled\ngithub.com/tikv/pd/client/clients/tso.(*tsoStream).recvLoop\n\t/Users/bba/.gvm/pkgsets/go1.25.1/global/pkg/mod/github.com/tikv/pd/client@v0.0.0-20260708075407-4e05b9d2c2d3/clients/tso/stream.go:434\nruntime.goexit\n\t/Users/bba/.gvm/pkgsets/go1.25.1/global/pkg/mod/golang.org/toolchain@v0.0.1-go1.25.10.darwin-arm64/src/runtime/asm_arm64.s:1268"]
[2026/07/17 08:19:07.569 +08:00] [INFO] [client.go:162] ["[tso] tso client is closed"]
[2026/07/17 08:19:07.569 +08:00] [INFO] [service_discovery.go:653] ["[pd] close service discovery client"]
[2026/07/17 08:19:07.569 +08:00] [INFO] [inner_client.go:275] ["[pd] close client successfully"]
--- FAIL: TestAINativeFailedStatementCannotPoisonPriorMutation (1.84s)
    --- FAIL: TestAINativeFailedStatementCannotPoisonPriorMutation/optimistic/delete_then_failed_multirow_reinsert (0.05s)
    --- FAIL: TestAINativeFailedStatementCannotPoisonPriorMutation/optimistic/update_then_failed_multirow_update (0.16s)
    --- FAIL: TestAINativeFailedStatementCannotPoisonPriorMutation/optimistic/insert_then_failed_reverse_multirow_update (0.15s)
    --- FAIL: TestAINativeFailedStatementCannotPoisonPriorMutation/optimistic/delete_then_failed_multirow_insert_with_new_owner (0.15s)
    --- FAIL: TestAINativeFailedStatementCannotPoisonPriorMutation/optimistic/update_then_failed_multirow_update_after_index_rewrite (0.15s)
    --- FAIL: TestAINativeFailedStatementCannotPoisonPriorMutation/pessimistic/delete_then_failed_multirow_reinsert (0.15s)
    --- FAIL: TestAINativeFailedStatementCannotPoisonPriorMutation/pessimistic/update_then_failed_multirow_update (0.14s)
    --- FAIL: TestAINativeFailedStatementCannotPoisonPriorMutation/pessimistic/insert_then_failed_reverse_multirow_update (0.16s)
    --- FAIL: TestAINativeFailedStatementCannotPoisonPriorMutation/pessimistic/delete_then_failed_multirow_insert_with_new_owner (0.15s)
    --- FAIL: TestAINativeFailedStatementCannotPoisonPriorMutation/pessimistic/update_then_failed_multirow_update_after_index_rewrite (0.15s)
FAIL
FAIL	github.com/pingcap/tidb/tests/realtikvtest/txntest	4.026s
FAIL
