=== RUN   TestAINativeAutocommitRetryRechecksMissingFKParent
[2026/07/17 08:38:30.966 +08:00] [INFO] [service_discovery.go:1030] ["[pd] switch leader"] [new-leader=http://127.0.0.1:2379] [old-leader=]
[2026/07/17 08:38:30.966 +08:00] [INFO] [service_discovery.go:509] ["[pd] init cluster id"] [cluster-id=7663260337933155013]
[2026/07/17 08:38:30.967 +08:00] [INFO] [client.go:214] ["[tso] switch the tso leader serving url"] [new-url=http://127.0.0.1:2379]
[2026/07/17 08:38:30.967 +08:00] [INFO] [inner_client.go:173] ["[pd] tso provider changed to pd"]
[2026/07/17 08:38:30.967 +08:00] [INFO] [watcher.go:56] ["[pd] start the deadline watcher"] [source=tso]
[2026/07/17 08:38:30.967 +08:00] [INFO] [client.go:251] ["[tso] start tso connection contexts updater"]
[2026/07/17 08:38:30.967 +08:00] [INFO] [dispatcher.go:146] ["[tso] tso dispatcher created"]
[2026/07/17 08:38:30.967 +08:00] [INFO] [dispatcher.go:598] ["[tso] switching tso rpc concurrency"] [old=0] [new=1]
[2026/07/17 08:38:30.967 +08:00] [INFO] [inner_client.go:154] ["[pd] service mode changed"] [new-mode=PD_SVC_MODE]
[2026/07/17 08:38:30.967 +08:00] [INFO] [router_service_discovery.go:162] ["[router service] created router service discovery"] [cluster-id=7663260337933155013] [keyspace-id=4294967295] [default-discovery-key=/ms/7663260337933155013/router/registry/]
[2026/07/17 08:38:30.967 +08:00] [INFO] [router_service_discovery.go:174] ["[router service] initializing router service discovery"] [max-retry-times=100] [retry-interval=1s]
[2026/07/17 08:38:30.968 +08:00] [INFO] [router_service_discovery.go:260] ["[router service] update member sorted urls"] [new-sorted-urls="[]"]
[2026/07/17 08:38:30.968 +08:00] [INFO] [router_service_discovery.go:245] ["[router service] updating nodes succeeded"] [urls="[]"] [clients-length=0]
[2026/07/17 08:38:30.968 +08:00] [INFO] [tikv_driver.go:194] ["using API V1."]
[2026/07/17 08:38:30.968 +08:00] [INFO] [client.go:424] ["[router] connection daemon is started"]
[2026/07/17 08:38:30.968 +08:00] [INFO] [client.go:509] ["[router] successfully established the leader router stream connection"] [url=http://127.0.0.1:2379]
[2026/07/17 08:38:30.968 +08:00] [INFO] [client.go:585] ["[router] dispatcher is started"]
[2026/07/17 08:38:30.968 +08:00] [INFO] [inner_client.go:91] ["[pd] start router client initializer"]
[2026/07/17 08:38:30.968 +08:00] [INFO] [metamanager.go:146] ["return meta service group info"] [meta-service-info="{\"PDAddrs\":[\"127.0.0.1:2379\"],\"Group\":{\"GroupID\":\"0\",\"Addrs\":[\"127.0.0.1:2379\"]}}"]
[2026/07/17 08:38:30.971 +08:00] [INFO] [store_cache.go:572] ["change store resolve state"] [store=1] [addr=127.0.0.1:20160] [from=unresolved] [to=resolved] [liveness-state=reachable]
[2026/07/17 08:38:30.975 +08:00] [INFO] [session.go:4428] ["cluster already bootstrapped"] [version=263]
[2026/07/17 08:38:30.975 +08:00] [INFO] [tidb.go:103] ["new domain"] [store=tikv-7663260337933155013/] ["ddl lease"=500ms] ["stats lease"=3s]
[2026/07/17 08:38:31.005 +08:00] [INFO] [info.go:279] ["init TiFlashReplicaManager"]
[2026/07/17 08:38:31.030 +08:00] [INFO] [domain.go:2708] [acquireServerID] [serverID=583] ["lease id"=22319f6d19c6cb9c]
[2026/07/17 08:38:31.035 +08:00] [INFO] [global_controller.go:219] ["load resource controller config"] [config="{\"degraded-mode-wait-duration\":\"0s\",\"ltb-max-wait-duration\":\"30s\",\"ltb-token-rpc-max-delay\":\"1s\",\"request-unit\":{\"read-base-cost\":0.125,\"read-per-batch-base-cost\":0.5,\"read-cost-per-byte\":0.0000152587890625,\"write-base-cost\":1,\"write-per-batch-base-cost\":1,\"write-cost-per-byte\":0.0009765625,\"read-cpu-ms-cost\":0.3333333333333333},\"enable-controller-trace-log\":\"false\",\"token-rpc-params\":{\"wait-retry-interval\":\"50ms\",\"wait-retry-times\":20}}"] [ru-config="{\"ReadBaseCost\":0.125,\"ReadPerBatchBaseCost\":0.5,\"ReadBytesCost\":0.0000152587890625,\"WriteBaseCost\":1,\"WritePerBatchBaseCost\":1,\"WriteBytesCost\":0.0009765625,\"CPUMsCost\":0.3333333333333333,\"LTBMaxWaitDuration\":30000000000,\"WaitRetryInterval\":50000000,\"WaitRetryTimes\":20,\"DegradedModeWaitDuration\":0}"] [keyspace-id=4294967295]
[2026/07/17 08:38:31.044 +08:00] [INFO] [loader.go:281] ["full load InfoSchema success"] [mode=auto] [isV2=true] [currentSchemaVersion=0] [neededSchemaVersion=379] ["elapsed time"=7.745583ms]
[2026/07/17 08:38:31.044 +08:00] [INFO] [syncer.go:456] ["full load and reset schema validator"]
[2026/07/17 08:38:31.061 +08:00] [INFO] [ddl.go:1157] ["DDL closed"] [category=ddl] [ID=d0bff9fe-54e0-416a-acd6-0f236e6a18c3] ["take time"=12.327583ms]
[2026/07/17 08:38:31.062 +08:00] [INFO] [ddl.go:848] ["stop DDL"] [category=ddl] [ID=d0bff9fe-54e0-416a-acd6-0f236e6a18c3]
[2026/07/17 08:38:31.074 +08:00] [INFO] [domain.go:2733] ["releaseServerID succeed"] [serverID=583] [leaseID=2463925762081082268]
[2026/07/17 08:38:31.074 +08:00] [WARN] [meta_storage_client.go:165] ["watch stream closed"] [error="rpc error: code = Canceled desc = context canceled"]
[2026/07/17 08:38:31.074 +08:00] [WARN] [meta_storage_client.go:165] ["watch stream closed"] [error="rpc error: code = Canceled desc = context canceled"]
[2026/07/17 08:38:31.088 +08:00] [INFO] [domain.go:550] ["domain closed"] ["take time"=38.561ms]
[2026/07/17 08:38:31.088 +08:00] [INFO] [tidb.go:103] ["new domain"] [store=tikv-7663260337933155013/] ["ddl lease"=500ms] ["stats lease"=3s]
[2026/07/17 08:38:31.109 +08:00] [INFO] [info.go:279] ["init TiFlashReplicaManager"]
[2026/07/17 08:38:31.137 +08:00] [INFO] [domain.go:2708] [acquireServerID] [serverID=1631] ["lease id"=22319f6d19c6cbb5]
[2026/07/17 08:38:31.142 +08:00] [INFO] [global_controller.go:219] ["load resource controller config"] [config="{\"degraded-mode-wait-duration\":\"0s\",\"ltb-max-wait-duration\":\"30s\",\"ltb-token-rpc-max-delay\":\"1s\",\"request-unit\":{\"read-base-cost\":0.125,\"read-per-batch-base-cost\":0.5,\"read-cost-per-byte\":0.0000152587890625,\"write-base-cost\":1,\"write-per-batch-base-cost\":1,\"write-cost-per-byte\":0.0009765625,\"read-cpu-ms-cost\":0.3333333333333333},\"enable-controller-trace-log\":\"false\",\"token-rpc-params\":{\"wait-retry-interval\":\"50ms\",\"wait-retry-times\":20}}"] [ru-config="{\"ReadBaseCost\":0.125,\"ReadPerBatchBaseCost\":0.5,\"ReadBytesCost\":0.0000152587890625,\"WriteBaseCost\":1,\"WritePerBatchBaseCost\":1,\"WriteBytesCost\":0.0009765625,\"CPUMsCost\":0.3333333333333333,\"LTBMaxWaitDuration\":30000000000,\"WaitRetryInterval\":50000000,\"WaitRetryTimes\":20,\"DegradedModeWaitDuration\":0}"] [keyspace-id=4294967295]
[2026/07/17 08:38:31.152 +08:00] [INFO] [loader.go:281] ["full load InfoSchema success"] [mode=auto] [isV2=true] [currentSchemaVersion=0] [neededSchemaVersion=379] ["elapsed time"=9.028667ms]
[2026/07/17 08:38:31.152 +08:00] [INFO] [syncer.go:456] ["full load and reset schema validator"]
[2026/07/17 08:38:31.153 +08:00] [INFO] [ddl.go:1068] ["change job version in use"] [category=ddl] [old=v1] [new=v2]
[2026/07/17 08:38:31.153 +08:00] [INFO] [ddl.go:992] ["job version in use is not v2 or global index v1 not supported, maybe in upgrade, start detecting"] [category=ddl] [current=v2] [globalIndexV1Supported=false]
[2026/07/17 08:38:31.153 +08:00] [INFO] [ddl.go:881] ["start DDL"] [category=ddl] [ID=d0bff9fe-54e0-416a-acd6-0f236e6a18c3] [runWorker=true] [jobVersion=v2] [startMode=normal]
[2026/07/17 08:38:31.153 +08:00] [INFO] [ddl.go:856] ["start delRangeManager OK"] [category=ddl] ["is a emulator"=false]
[2026/07/17 08:38:31.158 +08:00] [INFO] [manager.go:289] ["start campaign owner"] [key=/tidb/ddl/fg/owner] [id=d0bff9fe-54e0-416a-acd6-0f236e6a18c3]
[2026/07/17 08:38:31.159 +08:00] [WARN] [global_controller.go:850] ["[resource group controller] resource group name does not exist"] [name=default]
[2026/07/17 08:38:31.170 +08:00] [INFO] [env.go:123] ["the ingest sorted directory"] [category=ddl-ingest] ["data path"=/tmp/tidb/tmp_ddl-4000]
[2026/07/17 08:38:31.171 +08:00] [WARN] [env.go:84] ["ingest backfill may not be available"] [category=ddl-ingest] [error="the available disk space(45400387584) in /tmp/tidb/tmp_ddl-4000 should be greater than @@tidb_ddl_disk_quota(107374182400)"] [errorVerbose="the available disk space(45400387584) in /tmp/tidb/tmp_ddl-4000 should be greater than @@tidb_ddl_disk_quota(107374182400)\ngithub.com/pingcap/tidb/pkg/ddl/ingest.(*diskRootImpl).StartupCheck\n\t/Users/bba/pc/tidb-ai-master/pkg/ddl/ingest/disk_root.go:191\ngithub.com/pingcap/tidb/pkg/ddl/ingest.InitGlobalLightningEnv\n\t/Users/bba/pc/tidb-ai-master/pkg/ddl/ingest/env.go:82\ngithub.com/pingcap/tidb/pkg/ddl.(*ddl).Start\n\t/Users/bba/pc/tidb-ai-master/pkg/ddl/ddl.go:942\ngithub.com/pingcap/tidb/pkg/domain.(*Domain).Start\n\t/Users/bba/pc/tidb-ai-master/pkg/domain/domain.go:809\ngithub.com/pingcap/tidb/pkg/session.bootstrapSessionImpl\n\t/Users/bba/pc/tidb-ai-master/pkg/session/session.go:4486\ngithub.com/pingcap/tidb/pkg/session.BootstrapSession\n\t/Users/bba/pc/tidb-ai-master/pkg/session/session.go:4363\ngithub.com/pingcap/tidb/tests/realtikvtest.CreateMockStoreAndDomainAndSetup\n\t/Users/bba/pc/tidb-ai-master/tests/realtikvtest/testkit.go:297\ngithub.com/pingcap/tidb/tests/realtikvtest.CreateMockStoreAndSetup\n\t/Users/bba/pc/tidb-ai-master/tests/realtikvtest/testkit.go:225\ngithub.com/pingcap/tidb/tests/realtikvtest/txntest.TestAINativeAutocommitRetryRechecksMissingFKParent\n\t/Users/bba/pc/tidb-ai-master/tests/realtikvtest/txntest/ai_native_fk_mdl_closure_test.go:253\ntesting.tRunner\n\t/Users/bba/.gvm/pkgsets/go1.25.1/global/pkg/mod/golang.org/toolchain@v0.0.1-go1.25.10.darwin-arm64/src/testing/testing.go:1934\nruntime.goexit\n\t/Users/bba/.gvm/pkgsets/go1.25.1/global/pkg/mod/golang.org/toolchain@v0.0.1-go1.25.10.darwin-arm64/src/runtime/asm_arm64.s:1268"]
[2026/07/17 08:38:31.171 +08:00] [INFO] [env.go:88] ["init global ingest backend environment finished"] [category=ddl-ingest] ["memory limitation"=19327352832] ["disk usage info"="disk usage: 949262196736/994662584320, backend usage: 0"] ["max open file number"=138240] ["lightning is initialized"=true]
[2026/07/17 08:38:31.171 +08:00] [INFO] [wait_group_wrapper.go:141] ["background process started"] [source=domain] [process=loadSchemaInLoop]
[2026/07/17 08:38:31.171 +08:00] [INFO] [wait_group_wrapper.go:141] ["background process started"] [source=domain] [process=mdlCheckLoop]
[2026/07/17 08:38:31.171 +08:00] [INFO] [wait_group_wrapper.go:141] ["background process started"] [source=domain] [process=topNSlowQueryLoop]
[2026/07/17 08:38:31.171 +08:00] [INFO] [wait_group_wrapper.go:141] ["background process started"] [source=domain] [process=infoSyncerKeeper]
[2026/07/17 08:38:31.171 +08:00] [INFO] [wait_group_wrapper.go:141] ["background process started"] [source=domain] [process=globalConfigSyncerKeeper]
[2026/07/17 08:38:31.171 +08:00] [INFO] [wait_group_wrapper.go:141] ["background process started"] [source=domain] [process=runawayRecordFlushLoop]
[2026/07/17 08:38:31.171 +08:00] [INFO] [wait_group_wrapper.go:141] ["background process started"] [source=domain] [process=runawayWatchSyncLoop]
[2026/07/17 08:38:31.171 +08:00] [INFO] [wait_group_wrapper.go:141] ["background process started"] [source=domain] [process=requestUnitsWriterLoop]
[2026/07/17 08:38:31.171 +08:00] [INFO] [wait_group_wrapper.go:141] ["background process started"] [source=domain] [process=topologySyncerKeeper]
[2026/07/17 08:38:31.171 +08:00] [INFO] [wait_group_wrapper.go:141] ["background process started"] [source=domain] [process=closestReplicaReadCheckLoop]
[2026/07/17 08:38:31.171 +08:00] [INFO] [wait_group_wrapper.go:150] ["background process exited"] [source=domain] [process=requestUnitsWriterLoop]
[2026/07/17 08:38:31.171 +08:00] [INFO] [owner_daemon.go:70] ["begin advancer daemon"] [daemon-id=LogBackup::Advancer]
[2026/07/17 08:38:31.171 +08:00] [INFO] [manager.go:289] ["start campaign owner"] [key=/tidb/br-stream/owner] [id=60ff0354-911f-417f-b787-ec67b6295441]
[2026/07/17 08:38:31.182 +08:00] [INFO] [manager.go:527] ["get owner"] [key=/tidb/ddl/fg/owner] ["owner key"=/tidb/ddl/fg/owner/22319f6d19c6cbc0] [ownerID=d0bff9fe-54e0-416a-acd6-0f236e6a18c3]
[2026/07/17 08:38:31.182 +08:00] [INFO] [manager.go:324] ["become owner"] [key=/tidb/ddl/fg/owner] [id=d0bff9fe-54e0-416a-acd6-0f236e6a18c3]
[2026/07/17 08:38:31.182 +08:00] [INFO] [manager.go:616] ["watching owner key"] [key=/tidb/ddl/fg/owner] [id=d0bff9fe-54e0-416a-acd6-0f236e6a18c3] [ownerKey=/tidb/ddl/fg/owner/22319f6d19c6cbc0] [currRev=4980]
[2026/07/17 08:38:31.183 +08:00] [INFO] [manager.go:527] ["get owner"] [key=/tidb/br-stream/owner] ["owner key"=/tidb/br-stream/owner/22319f6d19c6cbc4] [ownerID=60ff0354-911f-417f-b787-ec67b6295441]
[2026/07/17 08:38:31.183 +08:00] [INFO] [manager.go:324] ["become owner"] [key=/tidb/br-stream/owner] [id=60ff0354-911f-417f-b787-ec67b6295441]
[2026/07/17 08:38:31.183 +08:00] [INFO] [manager.go:616] ["watching owner key"] [key=/tidb/br-stream/owner] [id=60ff0354-911f-417f-b787-ec67b6295441] [ownerKey=/tidb/br-stream/owner/22319f6d19c6cbc4] [currRev=4980]
[2026/07/17 08:38:31.183 +08:00] [INFO] [wait_group_wrapper.go:141] ["background process started"] [source=domain] [process=logBackupAdvancer]
[2026/07/17 08:38:31.183 +08:00] [INFO] [owner_daemon.go:81] ["begin running daemon"] [id=60ff0354-911f-417f-b787-ec67b6295441] [daemon-id=LogBackup::Advancer]
[2026/07/17 08:38:31.183 +08:00] [INFO] [job_scheduler.go:363] ["get global state and global state change"] [category=ddl] [oldState=false] [currState=false]
[2026/07/17 08:38:31.183 +08:00] [WARN] [sysvar_cache.go:53] ["sysvar cache is empty, triggering rebuild"]
[2026/07/17 08:38:31.183 +08:00] [INFO] [manager.go:561] ["set owner op is the same as the original, so do nothing."] [key=/tidb/ddl/fg/owner] [id=d0bff9fe-54e0-416a-acd6-0f236e6a18c3] [op=none]
[2026/07/17 08:38:31.183 +08:00] [INFO] [job_scheduler.go:375] ["the owner sets owner operator value"] [category=ddl] [ownerOp=none]
[2026/07/17 08:38:31.187 +08:00] [INFO] [client.go:434] ["[router] follower handle status changed"] [enable=true]
[2026/07/17 08:38:31.187 +08:00] [INFO] [sysvar.go:3400] ["set resource control"] [enable=true]
[2026/07/17 08:38:31.187 +08:00] [INFO] [inner_client.go:103] ["[pd] notified to disable the router client"]
[2026/07/17 08:38:31.187 +08:00] [INFO] [client.go:325] ["[router] closing router client"]
[2026/07/17 08:38:31.187 +08:00] [INFO] [client.go:606] ["[router] stop fetching the pending router requests due to context canceled"]
[2026/07/17 08:38:31.187 +08:00] [INFO] [client.go:587] ["[router] dispatcher is exiting"]
[2026/07/17 08:38:31.187 +08:00] [INFO] [client.go:592] ["[router] dispatcher exited"]
[2026/07/17 08:38:31.187 +08:00] [INFO] [client.go:430] ["[router] connection daemon is exiting"]
[2026/07/17 08:38:31.187 +08:00] [INFO] [client.go:330] ["[router] router client is closed"]
[2026/07/17 08:38:31.188 +08:00] [INFO] [global_controller.go:586] ["[resource group controller] create resource group cost controller"] [name=default]
[2026/07/17 08:38:31.188 +08:00] [INFO] [wait_group_wrapper.go:141] ["background process started"] [source=domain] [process=loadPrivilegeInLoop]
[2026/07/17 08:38:31.191 +08:00] [INFO] [wait_group_wrapper.go:141] ["background process started"] [source=domain] [process=LoadSysVarCacheLoop]
[2026/07/17 08:38:31.194 +08:00] [INFO] [binding_cache.go:75] ["load bindings"] [category=sql-bind] [fullLoad=true] [fromRemote=false] [cacheSizeChange=false] [hasNewBinding=false] [cacheCapacity=67108864] [cacheUsage=0] [cachedBindingNum=0] [duration=1.969666ms] []
[2026/07/17 08:38:31.194 +08:00] [INFO] [manager.go:289] ["start campaign owner"] [key=/tidb/bindinfo/owner] [id=d0bff9fe-54e0-416a-acd6-0f236e6a18c3]
[2026/07/17 08:38:31.199 +08:00] [INFO] [wait_group_wrapper.go:141] ["background process started"] [source=domain] [process=globalBindHandleWorkerLoop]
[2026/07/17 08:38:31.200 +08:00] [INFO] [wait_group_wrapper.go:141] ["background process started"] [source=domain] [process=PlanReplayerTaskCollectHandle]
[2026/07/17 08:38:31.200 +08:00] [INFO] [wait_group_wrapper.go:141] ["background process started"] [source=domain] [process=PlanReplayerTaskDumpHandle]
[2026/07/17 08:38:31.200 +08:00] [INFO] [wait_group_wrapper.go:141] ["background process started"] [source=domain] [process=dumpFileGcChecker]
[2026/07/17 08:38:31.200 +08:00] [INFO] [wait_group_wrapper.go:141] ["background process started"] [source=domain] [process=HistoricalStatsWorker]
[2026/07/17 08:38:31.200 +08:00] [INFO] [domain.go:1803] ["PlanReplayerTaskCollectHandle started"]
[2026/07/17 08:38:31.200 +08:00] [INFO] [domain.go:1825] ["PlanReplayerTaskDumpHandle started"]
[2026/07/17 08:38:31.200 +08:00] [INFO] [domain.go:1857] ["dumpFileGcChecker started"]
[2026/07/17 08:38:31.200 +08:00] [INFO] [domain.go:1890] ["HistoricalStatsWorker started"]
[2026/07/17 08:38:31.200 +08:00] [INFO] [plan_replayer.go:407] ["planReplayerTaskDumpWorker started."]
[2026/07/17 08:38:31.201 +08:00] [INFO] [wait_group_wrapper.go:141] ["background process started"] [source=domain] [process=loadStatsWorker]
[2026/07/17 08:38:31.201 +08:00] [INFO] [manager.go:289] ["start campaign owner"] [key=/tidb/stats/owner] [id=d0bff9fe-54e0-416a-acd6-0f236e6a18c3]
[2026/07/17 08:38:31.202 +08:00] [INFO] [bootstrap.go:872] ["Complete loading the stats meta in the lite mode"] [category=stats] [duration=1.036583ms]
[2026/07/17 08:38:31.203 +08:00] [INFO] [bootstrap.go:879] ["Complete loading the histogram in the lite mode"] [category=stats] [duration=1.124625ms]
[2026/07/17 08:38:31.203 +08:00] [INFO] [domain.go:2101] ["Init stats succeed"] [category=stats] [isLiteInitStats=true] [duration=2.568ms]
[2026/07/17 08:38:31.206 +08:00] [INFO] [wait_group_wrapper.go:141] ["background process started"] [source=domain] [process=indexUsageWorker]
[2026/07/17 08:38:31.206 +08:00] [INFO] [wait_group_wrapper.go:141] ["background process started"] [source=domain] [process=asyncLoadHistogram]
[2026/07/17 08:38:31.206 +08:00] [INFO] [wait_group_wrapper.go:141] ["background process started"] [source=domain] [process=deltaUpdateTickerWorker]
[2026/07/17 08:38:31.206 +08:00] [INFO] [wait_group_wrapper.go:141] ["background process started"] [source=domain] [process=dumpColStatsUsageWorker]
[2026/07/17 08:38:31.206 +08:00] [INFO] [wait_group_wrapper.go:141] ["background process started"] [source=domain] [process=gcStatsWorker]
[2026/07/17 08:38:31.206 +08:00] [INFO] [wait_group_wrapper.go:141] ["background process started"] [source=domain] [process=autoAnalyzeWorker]
[2026/07/17 08:38:31.206 +08:00] [INFO] [wait_group_wrapper.go:141] ["background process started"] [source=domain] [process=analyzeJobsCleanupWorker]
[2026/07/17 08:38:31.206 +08:00] [INFO] [domain.go:2058] ["start load stats sub workers"] [workerCount=6]
[2026/07/17 08:38:31.206 +08:00] [INFO] [wait_group_wrapper.go:141] ["background process started"] [source=domain] [process=planCacheEvictTrigger]
[2026/07/17 08:38:31.206 +08:00] [INFO] [wait_group_wrapper.go:141] ["background process started"] [source=domain] [process=planCacheMetricsAndVars]
[2026/07/17 08:38:31.206 +08:00] [INFO] [wait_group_wrapper.go:141] ["background process started"] [source=domain] [process=readTableCostWorker]
[2026/07/17 08:38:31.207 +08:00] [INFO] [domain.go:2301] ["deltaUpdateTickerWorker started."]
[2026/07/17 08:38:31.207 +08:00] [INFO] [domain.go:2235] ["gcStatsWorker started."]
[2026/07/17 08:38:31.207 +08:00] [INFO] [domain.go:2274] ["dumpColStatsUsageWorker started."]
[2026/07/17 08:38:31.207 +08:00] [INFO] [wait_group_wrapper.go:141] ["background process started"] [source=domain] [process=loadSigningCertLoop]
[2026/07/17 08:38:31.207 +08:00] [INFO] [domain.go:1204] ["initialize node resource"] [total-cpu=14] [total-mem=36GiB] [dxf-resource-limit=100] [dxf-usable-cpu=14] [dxf-usable-mem=36GiB] [total-disk=926.4GiB]
[2026/07/17 08:38:31.207 +08:00] [INFO] [notifier.go:225] ["etcd notify loop to watch timer events started"] [EtcdKey=/tidb/timer/cluster/1/notify/9646c36d-24ee-4120-beeb-a2e3df958c8f]
[2026/07/17 08:38:31.207 +08:00] [INFO] [task_manager.go:248] ["scale ttl worker"] [ttl-worker=job-manager] [ttl-worker=d0bff9fe-54e0-416a-acd6-0f236e6a18c3] [ttl-worker=task-manager] [ttl-worker=d0bff9fe-54e0-416a-acd6-0f236e6a18c3] [originalCount=0] [newCount=4]
[2026/07/17 08:38:31.207 +08:00] [INFO] [task_manager.go:248] ["scale ttl worker"] [ttl-worker=job-manager] [ttl-worker=d0bff9fe-54e0-416a-acd6-0f236e6a18c3] [ttl-worker=task-manager] [ttl-worker=d0bff9fe-54e0-416a-acd6-0f236e6a18c3] [originalCount=0] [newCount=4]
[2026/07/17 08:38:31.207 +08:00] [INFO] [job_manager.go:519] ["TTL leader to collect delay metrics"] [ttl-worker=job-manager] [ttl-worker=d0bff9fe-54e0-416a-acd6-0f236e6a18c3]
[2026/07/17 08:38:31.209 +08:00] [INFO] [wait_group_wrapper.go:141] ["background process started"] [source=domain] [process=distTaskFrameworkLoop]
[2026/07/17 08:38:31.209 +08:00] [INFO] [manager.go:124] ["task executor manager start"] [server-id=:4000]
[2026/07/17 08:38:31.209 +08:00] [INFO] [domain.go:1220] ["dist task executor manager started"]
[2026/07/17 08:38:31.209 +08:00] [INFO] [rate_limiter_param.go:104] ["loaded value from meta store"] [key=maxBatchSplitRanges] [value=2048]
[2026/07/17 08:38:31.210 +08:00] [INFO] [helper.go:189] ["set random timezone for getStmtTimestamp"] [timezone=America/Los_Angeles]
[2026/07/17 08:38:31.211 +08:00] [INFO] [manager.go:527] ["get owner"] [key=/tidb/bindinfo/owner] ["owner key"=/tidb/bindinfo/owner/22319f6d19c6cbcf] [ownerID=d0bff9fe-54e0-416a-acd6-0f236e6a18c3]
[2026/07/17 08:38:31.211 +08:00] [INFO] [manager.go:324] ["become owner"] [key=/tidb/bindinfo/owner] [id=d0bff9fe-54e0-416a-acd6-0f236e6a18c3]
[2026/07/17 08:38:31.211 +08:00] [INFO] [manager.go:616] ["watching owner key"] [key=/tidb/bindinfo/owner] [id=d0bff9fe-54e0-416a-acd6-0f236e6a18c3] [ownerKey=/tidb/bindinfo/owner/22319f6d19c6cbcf] [currRev=4982]
[2026/07/17 08:38:31.211 +08:00] [INFO] [manager.go:527] ["get owner"] [key=/tidb/stats/owner] ["owner key"=/tidb/stats/owner/22319f6d19c6cbd2] [ownerID=d0bff9fe-54e0-416a-acd6-0f236e6a18c3]
[2026/07/17 08:38:31.211 +08:00] [INFO] [manager.go:324] ["become owner"] [key=/tidb/stats/owner] [id=d0bff9fe-54e0-416a-acd6-0f236e6a18c3]
[2026/07/17 08:38:31.211 +08:00] [INFO] [manager.go:616] ["watching owner key"] [key=/tidb/stats/owner] [id=d0bff9fe-54e0-416a-acd6-0f236e6a18c3] [ownerKey=/tidb/stats/owner/22319f6d19c6cbd2] [currRev=4982]
[2026/07/17 08:38:31.212 +08:00] [INFO] [job_manager.go:1096] ["TTL leader to DoGC"] [ttl-worker=job-manager] [ttl-worker=d0bff9fe-54e0-416a-acd6-0f236e6a18c3]
[2026/07/17 08:38:31.221 +08:00] [INFO] [set.go:194] ["set global var"] [conn=1] [name=innodb_lock_wait_timeout] [val=50]
[2026/07/17 08:38:31.225 +08:00] [INFO] [session.go:5198] ["CRUCIAL OPERATION"] [conn=1] [schemaVersion=379] [cur_db=test] [sql="alter table `ai_fk_child_control_set` nocache"] [user=]
[2026/07/17 08:38:31.225 +08:00] [INFO] [session.go:5198] ["CRUCIAL OPERATION"] [conn=1] [schemaVersion=379] [cur_db=test] [sql="alter table `ai_fk_child_probe_set` nocache"] [user=]
[2026/07/17 08:38:31.225 +08:00] [INFO] [session.go:5198] ["CRUCIAL OPERATION"] [conn=1] [schemaVersion=379] [cur_db=test] [sql="alter table `ai_fk_grand_control_set` nocache"] [user=]
[2026/07/17 08:38:31.225 +08:00] [INFO] [session.go:5198] ["CRUCIAL OPERATION"] [conn=1] [schemaVersion=379] [cur_db=test] [sql="alter table `ai_fk_grand_probe_set` nocache"] [user=]
[2026/07/17 08:38:31.226 +08:00] [INFO] [session.go:5198] ["CRUCIAL OPERATION"] [conn=1] [schemaVersion=379] [cur_db=test] [sql="alter table `ai_fk_parent_control_set` nocache"] [user=]
[2026/07/17 08:38:31.226 +08:00] [INFO] [session.go:5198] ["CRUCIAL OPERATION"] [conn=1] [schemaVersion=379] [cur_db=test] [sql="alter table `ai_fk_parent_probe_set` nocache"] [user=]
[2026/07/17 08:38:31.231 +08:00] [INFO] [job_submitter.go:118] ["add DDL jobs"] [category=ddl] ["batch count"=1] [jobs="ID:348, Type:drop table, State:queueing, SchemaState:public, SchemaID:114, TableID:338, RowCount:0, ArgLen:1, start time: 2026-07-17 08:38:31.194 +0800 CST, Err:<nil>, ErrCount:0, SnapshotVersion:0, Version: v2; "] [fast_create=true]
[2026/07/17 08:38:31.231 +08:00] [INFO] [executor.go:7285] ["DDL job submitted"] [category=ddl] [job="ID:348, Type:drop table, State:queueing, SchemaState:public, SchemaID:114, TableID:338, RowCount:0, ArgLen:1, start time: 2026-07-17 08:38:31.194 +0800 CST, Err:<nil>, ErrCount:0, SnapshotVersion:0, Version: v2"] [query="drop table `ai_fk_child_control_set`,`ai_fk_child_probe_set`,`ai_fk_grand_control_set`,`ai_fk_grand_probe_set`,`ai_fk_parent_control_set`,`ai_fk_parent_probe_set`"]
[2026/07/17 08:38:31.232 +08:00] [INFO] [lock_resolver.go:1631] ["txn lock cleanup resolve-lock rpc finished"] [action=commit] [txnStartTS=467730094147240002] [commitTS=467730094147240003] [regionID=8] [resolveLite=true] [resolvedByCheckTxnStatus=false]
[2026/07/17 08:38:31.233 +08:00] [INFO] [job_worker.go:854] ["run one job step"] [category=ddl] [jobID=348] [conn=1] [job="ID:348, Type:drop table, State:queueing, SchemaState:public, SchemaID:114, TableID:338, RowCount:0, ArgLen:0, start time: 2026-07-17 08:38:31.194 +0800 CST, Err:<nil>, ErrCount:0, SnapshotVersion:0, Version: v2"]
[2026/07/17 08:38:31.241 +08:00] [INFO] [loader.go:216] ["diff load InfoSchema success"] [mode=auto] [isV2=true] [currVer=379] [neededVer=380] [gotVer=380] ["elapsed time"=407.041µs] [phyTblIDs="[338]"] [actionTypes="[4]"] [diffTypes="[\"drop table\"]"]
[2026/07/17 08:38:31.242 +08:00] [INFO] [syncer.go:281] ["mdl gets lock, update self version to owner"] [jobID=348] [version=380]
[2026/07/17 08:38:31.246 +08:00] [INFO] [schema_version.go:397] ["wait schema version synced success"] [category=ddl] [ver=380] [checkAssumedSvr=false] ["take time"=6.00125ms] [job="ID:348, Type:drop table, State:running, SchemaState:write only, SchemaID:114, TableID:338, RowCount:0, ArgLen:1, start time: 2026-07-17 08:38:31.194 +0800 CST, Err:<nil>, ErrCount:0, SnapshotVersion:0, Version: v2"] [summary="server count: 1"]
[2026/07/17 08:38:31.248 +08:00] [INFO] [job_worker.go:854] ["run one job step"] [category=ddl] [jobID=348] [conn=1] [job="ID:348, Type:drop table, State:running, SchemaState:write only, SchemaID:114, TableID:338, RowCount:0, ArgLen:0, start time: 2026-07-17 08:38:31.194 +0800 CST, Err:<nil>, ErrCount:0, SnapshotVersion:0, Version: v2"]
[2026/07/17 08:38:31.255 +08:00] [INFO] [loader.go:216] ["diff load InfoSchema success"] [mode=auto] [isV2=true] [currVer=380] [neededVer=381] [gotVer=381] ["elapsed time"=298.417µs] [phyTblIDs="[338]"] [actionTypes="[4]"] [diffTypes="[\"drop table\"]"]
[2026/07/17 08:38:31.256 +08:00] [INFO] [syncer.go:281] ["mdl gets lock, update self version to owner"] [jobID=348] [version=381]
[2026/07/17 08:38:31.260 +08:00] [INFO] [schema_version.go:397] ["wait schema version synced success"] [category=ddl] [ver=381] [checkAssumedSvr=false] ["take time"=5.988833ms] [job="ID:348, Type:drop table, State:running, SchemaState:delete only, SchemaID:114, TableID:338, RowCount:0, ArgLen:1, start time: 2026-07-17 08:38:31.194 +0800 CST, Err:<nil>, ErrCount:0, SnapshotVersion:0, Version: v2"] [summary="server count: 1"]
[2026/07/17 08:38:31.262 +08:00] [INFO] [job_worker.go:854] ["run one job step"] [category=ddl] [jobID=348] [conn=1] [job="ID:348, Type:drop table, State:running, SchemaState:delete only, SchemaID:114, TableID:338, RowCount:0, ArgLen:0, start time: 2026-07-17 08:38:31.194 +0800 CST, Err:<nil>, ErrCount:0, SnapshotVersion:0, Version: v2"]
[2026/07/17 08:38:31.263 +08:00] [WARN] [ddl.go:700] ["fail to notify DDL event"] [category=ddl] [event="(Event Type: drop table, Old Table ID: 338, Old Table Name: ai_fk_child_control_set)"]
[2026/07/17 08:38:31.270 +08:00] [INFO] [loader.go:216] ["diff load InfoSchema success"] [mode=auto] [isV2=true] [currVer=381] [neededVer=382] [gotVer=382] ["elapsed time"=219.792µs] [phyTblIDs="[338]"] [actionTypes="[4]"] [diffTypes="[\"drop table\"]"]
[2026/07/17 08:38:31.271 +08:00] [INFO] [syncer.go:281] ["mdl gets lock, update self version to owner"] [jobID=348] [version=382]
[2026/07/17 08:38:31.282 +08:00] [INFO] [schema_version.go:397] ["wait schema version synced success"] [category=ddl] [ver=382] [checkAssumedSvr=false] ["take time"=13.1345ms] [job="ID:348, Type:drop table, State:done, SchemaState:none, SchemaID:114, TableID:338, RowCount:0, ArgLen:1, start time: 2026-07-17 08:38:31.194 +0800 CST, Err:<nil>, ErrCount:0, SnapshotVersion:0, Version: v2"] [summary="server count: 1"]
[2026/07/17 08:38:31.284 +08:00] [INFO] [delete_range.go:470] ["insert into delete-range table"] [category=ddl] [jobID=348] [tableIDs="[338]"] [comment="drop table: table ID"]
[2026/07/17 08:38:31.286 +08:00] [INFO] [delete_range.go:112] ["add job into delete-range table"] [category=ddl] [jobID=348] [jobType="drop table"]
[2026/07/17 08:38:31.286 +08:00] [INFO] [job_worker.go:447] ["finish DDL job"] [category=ddl] [jobID=348] [conn=1] [job="ID:348, Type:drop table, State:synced, SchemaState:none, SchemaID:114, TableID:338, RowCount:0, ArgLen:1, start time: 2026-07-17 08:38:31.194 +0800 CST, Err:<nil>, ErrCount:0, SnapshotVersion:0, Version: v2"]
[2026/07/17 08:38:31.289 +08:00] [INFO] [executor.go:7423] ["DDL job is finished"] [category=ddl] [jobID=348]
[2026/07/17 08:38:31.293 +08:00] [INFO] [job_submitter.go:118] ["add DDL jobs"] [category=ddl] ["batch count"=1] [jobs="ID:349, Type:drop table, State:queueing, SchemaState:public, SchemaID:114, TableID:344, RowCount:0, ArgLen:1, start time: 2026-07-17 08:38:31.245 +0800 CST, Err:<nil>, ErrCount:0, SnapshotVersion:0, Version: v2; "] [fast_create=true]
[2026/07/17 08:38:31.293 +08:00] [INFO] [executor.go:7285] ["DDL job submitted"] [category=ddl] [job="ID:349, Type:drop table, State:queueing, SchemaState:public, SchemaID:114, TableID:344, RowCount:0, ArgLen:1, start time: 2026-07-17 08:38:31.245 +0800 CST, Err:<nil>, ErrCount:0, SnapshotVersion:0, Version: v2"] [query="drop table `ai_fk_child_control_set`,`ai_fk_child_probe_set`,`ai_fk_grand_control_set`,`ai_fk_grand_probe_set`,`ai_fk_parent_control_set`,`ai_fk_parent_probe_set`"]
[2026/07/17 08:38:31.293 +08:00] [INFO] [lock_resolver.go:1631] ["txn lock cleanup resolve-lock rpc finished"] [action=commit] [txnStartTS=467730094160609315] [commitTS=467730094160609317] [regionID=8] [resolveLite=true] [resolvedByCheckTxnStatus=false]
[2026/07/17 08:38:31.295 +08:00] [INFO] [job_worker.go:854] ["run one job step"] [category=ddl] [jobID=349] [conn=1] [job="ID:349, Type:drop table, State:queueing, SchemaState:public, SchemaID:114, TableID:344, RowCount:0, ArgLen:0, start time: 2026-07-17 08:38:31.245 +0800 CST, Err:<nil>, ErrCount:0, SnapshotVersion:0, Version: v2"]
[2026/07/17 08:38:31.301 +08:00] [INFO] [loader.go:216] ["diff load InfoSchema success"] [mode=auto] [isV2=true] [currVer=382] [neededVer=383] [gotVer=383] ["elapsed time"=273.708µs] [phyTblIDs="[344]"] [actionTypes="[4]"] [diffTypes="[\"drop table\"]"]
[2026/07/17 08:38:31.302 +08:00] [INFO] [syncer.go:281] ["mdl gets lock, update self version to owner"] [jobID=349] [version=383]
[2026/07/17 08:38:31.306 +08:00] [INFO] [schema_version.go:397] ["wait schema version synced success"] [category=ddl] [ver=383] [checkAssumedSvr=false] ["take time"=6.015125ms] [job="ID:349, Type:drop table, State:running, SchemaState:write only, SchemaID:114, TableID:344, RowCount:0, ArgLen:1, start time: 2026-07-17 08:38:31.245 +0800 CST, Err:<nil>, ErrCount:0, SnapshotVersion:0, Version: v2"] [summary="server count: 1"]
[2026/07/17 08:38:31.308 +08:00] [INFO] [job_worker.go:854] ["run one job step"] [category=ddl] [jobID=349] [conn=1] [job="ID:349, Type:drop table, State:running, SchemaState:write only, SchemaID:114, TableID:344, RowCount:0, ArgLen:0, start time: 2026-07-17 08:38:31.245 +0800 CST, Err:<nil>, ErrCount:0, SnapshotVersion:0, Version: v2"]
[2026/07/17 08:38:31.314 +08:00] [INFO] [loader.go:216] ["diff load InfoSchema success"] [mode=auto] [isV2=true] [currVer=383] [neededVer=384] [gotVer=384] ["elapsed time"=285.541µs] [phyTblIDs="[344]"] [actionTypes="[4]"] [diffTypes="[\"drop table\"]"]
[2026/07/17 08:38:31.315 +08:00] [INFO] [syncer.go:281] ["mdl gets lock, update self version to owner"] [jobID=349] [version=384]
[2026/07/17 08:38:31.319 +08:00] [INFO] [schema_version.go:397] ["wait schema version synced success"] [category=ddl] [ver=384] [checkAssumedSvr=false] ["take time"=6.008125ms] [job="ID:349, Type:drop table, State:running, SchemaState:delete only, SchemaID:114, TableID:344, RowCount:0, ArgLen:1, start time: 2026-07-17 08:38:31.245 +0800 CST, Err:<nil>, ErrCount:0, SnapshotVersion:0, Version: v2"] [summary="server count: 1"]
[2026/07/17 08:38:31.320 +08:00] [INFO] [job_worker.go:854] ["run one job step"] [category=ddl] [jobID=349] [conn=1] [job="ID:349, Type:drop table, State:running, SchemaState:delete only, SchemaID:114, TableID:344, RowCount:0, ArgLen:0, start time: 2026-07-17 08:38:31.245 +0800 CST, Err:<nil>, ErrCount:0, SnapshotVersion:0, Version: v2"]
[2026/07/17 08:38:31.322 +08:00] [WARN] [ddl.go:700] ["fail to notify DDL event"] [category=ddl] [event="(Event Type: drop table, Old Table ID: 344, Old Table Name: ai_fk_child_probe_set)"]
[2026/07/17 08:38:31.328 +08:00] [INFO] [loader.go:216] ["diff load InfoSchema success"] [mode=auto] [isV2=true] [currVer=384] [neededVer=385] [gotVer=385] ["elapsed time"=202.333µs] [phyTblIDs="[344]"] [actionTypes="[4]"] [diffTypes="[\"drop table\"]"]
[2026/07/17 08:38:31.329 +08:00] [INFO] [syncer.go:281] ["mdl gets lock, update self version to owner"] [jobID=349] [version=385]
[2026/07/17 08:38:31.333 +08:00] [INFO] [schema_version.go:397] ["wait schema version synced success"] [category=ddl] [ver=385] [checkAssumedSvr=false] ["take time"=6.018666ms] [job="ID:349, Type:drop table, State:done, SchemaState:none, SchemaID:114, TableID:344, RowCount:0, ArgLen:1, start time: 2026-07-17 08:38:31.245 +0800 CST, Err:<nil>, ErrCount:0, SnapshotVersion:0, Version: v2"] [summary="server count: 1"]
[2026/07/17 08:38:31.335 +08:00] [INFO] [delete_range.go:470] ["insert into delete-range table"] [category=ddl] [jobID=349] [tableIDs="[344]"] [comment="drop table: table ID"]
[2026/07/17 08:38:31.335 +08:00] [INFO] [delete_range.go:112] ["add job into delete-range table"] [category=ddl] [jobID=349] [jobType="drop table"]
[2026/07/17 08:38:31.335 +08:00] [INFO] [job_worker.go:447] ["finish DDL job"] [category=ddl] [jobID=349] [conn=1] [job="ID:349, Type:drop table, State:synced, SchemaState:none, SchemaID:114, TableID:344, RowCount:0, ArgLen:1, start time: 2026-07-17 08:38:31.245 +0800 CST, Err:<nil>, ErrCount:0, SnapshotVersion:0, Version: v2"]
[2026/07/17 08:38:31.338 +08:00] [INFO] [executor.go:7423] ["DDL job is finished"] [category=ddl] [jobID=349]
[2026/07/17 08:38:31.342 +08:00] [INFO] [job_submitter.go:118] ["add DDL jobs"] [category=ddl] ["batch count"=1] [jobs="ID:350, Type:drop table, State:queueing, SchemaState:public, SchemaID:114, TableID:340, RowCount:0, ArgLen:1, start time: 2026-07-17 08:38:31.294 +0800 CST, Err:<nil>, ErrCount:0, SnapshotVersion:0, Version: v2; "] [fast_create=true]
[2026/07/17 08:38:31.342 +08:00] [INFO] [executor.go:7285] ["DDL job submitted"] [category=ddl] [job="ID:350, Type:drop table, State:queueing, SchemaState:public, SchemaID:114, TableID:340, RowCount:0, ArgLen:1, start time: 2026-07-17 08:38:31.294 +0800 CST, Err:<nil>, ErrCount:0, SnapshotVersion:0, Version: v2"] [query="drop table `ai_fk_child_control_set`,`ai_fk_child_probe_set`,`ai_fk_grand_control_set`,`ai_fk_grand_probe_set`,`ai_fk_parent_control_set`,`ai_fk_parent_probe_set`"]
[2026/07/17 08:38:31.343 +08:00] [INFO] [lock_resolver.go:1631] ["txn lock cleanup resolve-lock rpc finished"] [action=commit] [txnStartTS=467730094173454376] [commitTS=467730094173454377] [regionID=8] [resolveLite=true] [resolvedByCheckTxnStatus=false]
[2026/07/17 08:38:31.343 +08:00] [INFO] [job_worker.go:854] ["run one job step"] [category=ddl] [jobID=350] [conn=1] [job="ID:350, Type:drop table, State:queueing, SchemaState:public, SchemaID:114, TableID:340, RowCount:0, ArgLen:0, start time: 2026-07-17 08:38:31.294 +0800 CST, Err:<nil>, ErrCount:0, SnapshotVersion:0, Version: v2"]
[2026/07/17 08:38:31.350 +08:00] [INFO] [loader.go:216] ["diff load InfoSchema success"] [mode=auto] [isV2=true] [currVer=385] [neededVer=386] [gotVer=386] ["elapsed time"=296µs] [phyTblIDs="[340]"] [actionTypes="[4]"] [diffTypes="[\"drop table\"]"]
[2026/07/17 08:38:31.351 +08:00] [INFO] [syncer.go:281] ["mdl gets lock, update self version to owner"] [jobID=350] [version=386]
[2026/07/17 08:38:31.355 +08:00] [INFO] [schema_version.go:397] ["wait schema version synced success"] [category=ddl] [ver=386] [checkAssumedSvr=false] ["take time"=6.093584ms] [job="ID:350, Type:drop table, State:running, SchemaState:write only, SchemaID:114, TableID:340, RowCount:0, ArgLen:1, start time: 2026-07-17 08:38:31.294 +0800 CST, Err:<nil>, ErrCount:0, SnapshotVersion:0, Version: v2"] [summary="server count: 1"]
[2026/07/17 08:38:31.357 +08:00] [INFO] [job_worker.go:854] ["run one job step"] [category=ddl] [jobID=350] [conn=1] [job="ID:350, Type:drop table, State:running, SchemaState:write only, SchemaID:114, TableID:340, RowCount:0, ArgLen:0, start time: 2026-07-17 08:38:31.294 +0800 CST, Err:<nil>, ErrCount:0, SnapshotVersion:0, Version: v2"]
[2026/07/17 08:38:31.363 +08:00] [INFO] [loader.go:216] ["diff load InfoSchema success"] [mode=auto] [isV2=true] [currVer=386] [neededVer=387] [gotVer=387] ["elapsed time"=273.709µs] [phyTblIDs="[340]"] [actionTypes="[4]"] [diffTypes="[\"drop table\"]"]
[2026/07/17 08:38:31.364 +08:00] [INFO] [syncer.go:281] ["mdl gets lock, update self version to owner"] [jobID=350] [version=387]
[2026/07/17 08:38:31.367 +08:00] [INFO] [schema_version.go:397] ["wait schema version synced success"] [category=ddl] [ver=387] [checkAssumedSvr=false] ["take time"=5.193375ms] [job="ID:350, Type:drop table, State:running, SchemaState:delete only, SchemaID:114, TableID:340, RowCount:0, ArgLen:1, start time: 2026-07-17 08:38:31.294 +0800 CST, Err:<nil>, ErrCount:0, SnapshotVersion:0, Version: v2"] [summary="server count: 1"]
[2026/07/17 08:38:31.369 +08:00] [INFO] [job_worker.go:854] ["run one job step"] [category=ddl] [jobID=350] [conn=1] [job="ID:350, Type:drop table, State:running, SchemaState:delete only, SchemaID:114, TableID:340, RowCount:0, ArgLen:0, start time: 2026-07-17 08:38:31.294 +0800 CST, Err:<nil>, ErrCount:0, SnapshotVersion:0, Version: v2"]
[2026/07/17 08:38:31.370 +08:00] [WARN] [ddl.go:700] ["fail to notify DDL event"] [category=ddl] [event="(Event Type: drop table, Old Table ID: 340, Old Table Name: ai_fk_grand_control_set)"]
[2026/07/17 08:38:31.376 +08:00] [INFO] [loader.go:216] ["diff load InfoSchema success"] [mode=auto] [isV2=true] [currVer=387] [neededVer=388] [gotVer=388] ["elapsed time"=209.083µs] [phyTblIDs="[340]"] [actionTypes="[4]"] [diffTypes="[\"drop table\"]"]
[2026/07/17 08:38:31.377 +08:00] [INFO] [syncer.go:281] ["mdl gets lock, update self version to owner"] [jobID=350] [version=388]
[2026/07/17 08:38:31.388 +08:00] [INFO] [schema_version.go:397] ["wait schema version synced success"] [category=ddl] [ver=388] [checkAssumedSvr=false] ["take time"=13.100875ms] [job="ID:350, Type:drop table, State:done, SchemaState:none, SchemaID:114, TableID:340, RowCount:0, ArgLen:1, start time: 2026-07-17 08:38:31.294 +0800 CST, Err:<nil>, ErrCount:0, SnapshotVersion:0, Version: v2"] [summary="server count: 1"]
[2026/07/17 08:38:31.390 +08:00] [INFO] [delete_range.go:470] ["insert into delete-range table"] [category=ddl] [jobID=350] [tableIDs="[340]"] [comment="drop table: table ID"]
[2026/07/17 08:38:31.391 +08:00] [INFO] [delete_range.go:112] ["add job into delete-range table"] [category=ddl] [jobID=350] [jobType="drop table"]
[2026/07/17 08:38:31.391 +08:00] [INFO] [job_worker.go:447] ["finish DDL job"] [category=ddl] [jobID=350] [conn=1] [job="ID:350, Type:drop table, State:synced, SchemaState:none, SchemaID:114, TableID:340, RowCount:0, ArgLen:1, start time: 2026-07-17 08:38:31.294 +0800 CST, Err:<nil>, ErrCount:0, SnapshotVersion:0, Version: v2"]
[2026/07/17 08:38:31.393 +08:00] [INFO] [executor.go:7423] ["DDL job is finished"] [category=ddl] [jobID=350]
[2026/07/17 08:38:31.397 +08:00] [INFO] [job_submitter.go:118] ["add DDL jobs"] [category=ddl] ["batch count"=1] [jobs="ID:351, Type:drop table, State:queueing, SchemaState:public, SchemaID:114, TableID:346, RowCount:0, ArgLen:1, start time: 2026-07-17 08:38:31.344 +0800 CST, Err:<nil>, ErrCount:0, SnapshotVersion:0, Version: v2; "] [fast_create=true]
[2026/07/17 08:38:31.397 +08:00] [INFO] [executor.go:7285] ["DDL job submitted"] [category=ddl] [job="ID:351, Type:drop table, State:queueing, SchemaState:public, SchemaID:114, TableID:346, RowCount:0, ArgLen:1, start time: 2026-07-17 08:38:31.344 +0800 CST, Err:<nil>, ErrCount:0, SnapshotVersion:0, Version: v2"] [query="drop table `ai_fk_child_control_set`,`ai_fk_child_probe_set`,`ai_fk_grand_control_set`,`ai_fk_grand_probe_set`,`ai_fk_parent_control_set`,`ai_fk_parent_probe_set`"]
[2026/07/17 08:38:31.398 +08:00] [INFO] [lock_resolver.go:1631] ["txn lock cleanup resolve-lock rpc finished"] [action=commit] [txnStartTS=467730094186561573] [commitTS=467730094199668738] [regionID=8] [resolveLite=true] [resolvedByCheckTxnStatus=false]
[2026/07/17 08:38:31.399 +08:00] [INFO] [job_worker.go:854] ["run one job step"] [category=ddl] [jobID=351] [conn=1] [job="ID:351, Type:drop table, State:queueing, SchemaState:public, SchemaID:114, TableID:346, RowCount:0, ArgLen:0, start time: 2026-07-17 08:38:31.344 +0800 CST, Err:<nil>, ErrCount:0, SnapshotVersion:0, Version: v2"]
[2026/07/17 08:38:31.406 +08:00] [INFO] [loader.go:216] ["diff load InfoSchema success"] [mode=auto] [isV2=true] [currVer=388] [neededVer=389] [gotVer=389] ["elapsed time"=328.25µs] [phyTblIDs="[346]"] [actionTypes="[4]"] [diffTypes="[\"drop table\"]"]
[2026/07/17 08:38:31.407 +08:00] [INFO] [syncer.go:281] ["mdl gets lock, update self version to owner"] [jobID=351] [version=389]
[2026/07/17 08:38:31.411 +08:00] [INFO] [schema_version.go:397] ["wait schema version synced success"] [category=ddl] [ver=389] [checkAssumedSvr=false] ["take time"=5.901292ms] [job="ID:351, Type:drop table, State:running, SchemaState:write only, SchemaID:114, TableID:346, RowCount:0, ArgLen:1, start time: 2026-07-17 08:38:31.344 +0800 CST, Err:<nil>, ErrCount:0, SnapshotVersion:0, Version: v2"] [summary="server count: 1"]
[2026/07/17 08:38:31.413 +08:00] [INFO] [job_worker.go:854] ["run one job step"] [category=ddl] [jobID=351] [conn=1] [job="ID:351, Type:drop table, State:running, SchemaState:write only, SchemaID:114, TableID:346, RowCount:0, ArgLen:0, start time: 2026-07-17 08:38:31.344 +0800 CST, Err:<nil>, ErrCount:0, SnapshotVersion:0, Version: v2"]
[2026/07/17 08:38:31.419 +08:00] [INFO] [loader.go:216] ["diff load InfoSchema success"] [mode=auto] [isV2=true] [currVer=389] [neededVer=390] [gotVer=390] ["elapsed time"=306.833µs] [phyTblIDs="[346]"] [actionTypes="[4]"] [diffTypes="[\"drop table\"]"]
[2026/07/17 08:38:31.420 +08:00] [INFO] [syncer.go:281] ["mdl gets lock, update self version to owner"] [jobID=351] [version=390]
[2026/07/17 08:38:31.425 +08:00] [INFO] [schema_version.go:397] ["wait schema version synced success"] [category=ddl] [ver=390] [checkAssumedSvr=false] ["take time"=6.048375ms] [job="ID:351, Type:drop table, State:running, SchemaState:delete only, SchemaID:114, TableID:346, RowCount:0, ArgLen:1, start time: 2026-07-17 08:38:31.344 +0800 CST, Err:<nil>, ErrCount:0, SnapshotVersion:0, Version: v2"] [summary="server count: 1"]
[2026/07/17 08:38:31.426 +08:00] [INFO] [job_worker.go:854] ["run one job step"] [category=ddl] [jobID=351] [conn=1] [job="ID:351, Type:drop table, State:running, SchemaState:delete only, SchemaID:114, TableID:346, RowCount:0, ArgLen:0, start time: 2026-07-17 08:38:31.344 +0800 CST, Err:<nil>, ErrCount:0, SnapshotVersion:0, Version: v2"]
[2026/07/17 08:38:31.427 +08:00] [WARN] [ddl.go:700] ["fail to notify DDL event"] [category=ddl] [event="(Event Type: drop table, Old Table ID: 346, Old Table Name: ai_fk_grand_probe_set)"]
[2026/07/17 08:38:31.434 +08:00] [INFO] [loader.go:216] ["diff load InfoSchema success"] [mode=auto] [isV2=true] [currVer=390] [neededVer=391] [gotVer=391] ["elapsed time"=233.875µs] [phyTblIDs="[346]"] [actionTypes="[4]"] [diffTypes="[\"drop table\"]"]
[2026/07/17 08:38:31.435 +08:00] [INFO] [syncer.go:281] ["mdl gets lock, update self version to owner"] [jobID=351] [version=391]
[2026/07/17 08:38:31.439 +08:00] [INFO] [schema_version.go:397] ["wait schema version synced success"] [category=ddl] [ver=391] [checkAssumedSvr=false] ["take time"=6.110125ms] [job="ID:351, Type:drop table, State:done, SchemaState:none, SchemaID:114, TableID:346, RowCount:0, ArgLen:1, start time: 2026-07-17 08:38:31.344 +0800 CST, Err:<nil>, ErrCount:0, SnapshotVersion:0, Version: v2"] [summary="server count: 1"]
[2026/07/17 08:38:31.441 +08:00] [INFO] [delete_range.go:470] ["insert into delete-range table"] [category=ddl] [jobID=351] [tableIDs="[346]"] [comment="drop table: table ID"]
[2026/07/17 08:38:31.442 +08:00] [INFO] [delete_range.go:112] ["add job into delete-range table"] [category=ddl] [jobID=351] [jobType="drop table"]
[2026/07/17 08:38:31.442 +08:00] [INFO] [job_worker.go:447] ["finish DDL job"] [category=ddl] [jobID=351] [conn=1] [job="ID:351, Type:drop table, State:synced, SchemaState:none, SchemaID:114, TableID:346, RowCount:0, ArgLen:1, start time: 2026-07-17 08:38:31.344 +0800 CST, Err:<nil>, ErrCount:0, SnapshotVersion:0, Version: v2"]
[2026/07/17 08:38:31.444 +08:00] [INFO] [executor.go:7423] ["DDL job is finished"] [category=ddl] [jobID=351]
[2026/07/17 08:38:31.448 +08:00] [INFO] [job_submitter.go:118] ["add DDL jobs"] [category=ddl] ["batch count"=1] [jobs="ID:352, Type:drop table, State:queueing, SchemaState:public, SchemaID:114, TableID:336, RowCount:0, ArgLen:1, start time: 2026-07-17 08:38:31.444 +0800 CST, Err:<nil>, ErrCount:0, SnapshotVersion:0, Version: v2; "] [fast_create=true]
[2026/07/17 08:38:31.448 +08:00] [INFO] [executor.go:7285] ["DDL job submitted"] [category=ddl] [job="ID:352, Type:drop table, State:queueing, SchemaState:public, SchemaID:114, TableID:336, RowCount:0, ArgLen:1, start time: 2026-07-17 08:38:31.444 +0800 CST, Err:<nil>, ErrCount:0, SnapshotVersion:0, Version: v2"] [query="drop table `ai_fk_child_control_set`,`ai_fk_child_probe_set`,`ai_fk_grand_control_set`,`ai_fk_grand_probe_set`,`ai_fk_parent_control_set`,`ai_fk_parent_probe_set`"]
[2026/07/17 08:38:31.449 +08:00] [INFO] [lock_resolver.go:1631] ["txn lock cleanup resolve-lock rpc finished"] [action=commit] [txnStartTS=467730094212775939] [commitTS=467730094212775941] [regionID=8] [resolveLite=true] [resolvedByCheckTxnStatus=false]
[2026/07/17 08:38:31.450 +08:00] [INFO] [job_worker.go:854] ["run one job step"] [category=ddl] [jobID=352] [conn=1] [job="ID:352, Type:drop table, State:queueing, SchemaState:public, SchemaID:114, TableID:336, RowCount:0, ArgLen:0, start time: 2026-07-17 08:38:31.444 +0800 CST, Err:<nil>, ErrCount:0, SnapshotVersion:0, Version: v2"]
[2026/07/17 08:38:31.457 +08:00] [INFO] [loader.go:216] ["diff load InfoSchema success"] [mode=auto] [isV2=true] [currVer=391] [neededVer=392] [gotVer=392] ["elapsed time"=289.125µs] [phyTblIDs="[336]"] [actionTypes="[4]"] [diffTypes="[\"drop table\"]"]
[2026/07/17 08:38:31.458 +08:00] [INFO] [syncer.go:281] ["mdl gets lock, update self version to owner"] [jobID=352] [version=392]
[2026/07/17 08:38:31.462 +08:00] [INFO] [schema_version.go:397] ["wait schema version synced success"] [category=ddl] [ver=392] [checkAssumedSvr=false] ["take time"=5.976083ms] [job="ID:352, Type:drop table, State:running, SchemaState:write only, SchemaID:114, TableID:336, RowCount:0, ArgLen:1, start time: 2026-07-17 08:38:31.444 +0800 CST, Err:<nil>, ErrCount:0, SnapshotVersion:0, Version: v2"] [summary="server count: 1"]
[2026/07/17 08:38:31.464 +08:00] [INFO] [job_worker.go:854] ["run one job step"] [category=ddl] [jobID=352] [conn=1] [job="ID:352, Type:drop table, State:running, SchemaState:write only, SchemaID:114, TableID:336, RowCount:0, ArgLen:0, start time: 2026-07-17 08:38:31.444 +0800 CST, Err:<nil>, ErrCount:0, SnapshotVersion:0, Version: v2"]
[2026/07/17 08:38:31.471 +08:00] [INFO] [loader.go:216] ["diff load InfoSchema success"] [mode=auto] [isV2=true] [currVer=392] [neededVer=393] [gotVer=393] ["elapsed time"=273.666µs] [phyTblIDs="[336]"] [actionTypes="[4]"] [diffTypes="[\"drop table\"]"]
[2026/07/17 08:38:31.472 +08:00] [INFO] [syncer.go:281] ["mdl gets lock, update self version to owner"] [jobID=352] [version=393]
[2026/07/17 08:38:31.476 +08:00] [INFO] [schema_version.go:397] ["wait schema version synced success"] [category=ddl] [ver=393] [checkAssumedSvr=false] ["take time"=6.017083ms] [job="ID:352, Type:drop table, State:running, SchemaState:delete only, SchemaID:114, TableID:336, RowCount:0, ArgLen:1, start time: 2026-07-17 08:38:31.444 +0800 CST, Err:<nil>, ErrCount:0, SnapshotVersion:0, Version: v2"] [summary="server count: 1"]
[2026/07/17 08:38:31.478 +08:00] [INFO] [job_worker.go:854] ["run one job step"] [category=ddl] [jobID=352] [conn=1] [job="ID:352, Type:drop table, State:running, SchemaState:delete only, SchemaID:114, TableID:336, RowCount:0, ArgLen:0, start time: 2026-07-17 08:38:31.444 +0800 CST, Err:<nil>, ErrCount:0, SnapshotVersion:0, Version: v2"]
[2026/07/17 08:38:31.479 +08:00] [WARN] [ddl.go:700] ["fail to notify DDL event"] [category=ddl] [event="(Event Type: drop table, Old Table ID: 336, Old Table Name: ai_fk_parent_control_set)"]
[2026/07/17 08:38:31.485 +08:00] [INFO] [loader.go:216] ["diff load InfoSchema success"] [mode=auto] [isV2=true] [currVer=393] [neededVer=394] [gotVer=394] ["elapsed time"=202.416µs] [phyTblIDs="[336]"] [actionTypes="[4]"] [diffTypes="[\"drop table\"]"]
[2026/07/17 08:38:31.486 +08:00] [INFO] [syncer.go:281] ["mdl gets lock, update self version to owner"] [jobID=352] [version=394]
[2026/07/17 08:38:31.497 +08:00] [INFO] [schema_version.go:397] ["wait schema version synced success"] [category=ddl] [ver=394] [checkAssumedSvr=false] ["take time"=13.0705ms] [job="ID:352, Type:drop table, State:done, SchemaState:none, SchemaID:114, TableID:336, RowCount:0, ArgLen:1, start time: 2026-07-17 08:38:31.444 +0800 CST, Err:<nil>, ErrCount:0, SnapshotVersion:0, Version: v2"] [summary="server count: 1"]
[2026/07/17 08:38:31.499 +08:00] [INFO] [delete_range.go:470] ["insert into delete-range table"] [category=ddl] [jobID=352] [tableIDs="[336]"] [comment="drop table: table ID"]
[2026/07/17 08:38:31.500 +08:00] [INFO] [delete_range.go:112] ["add job into delete-range table"] [category=ddl] [jobID=352] [jobType="drop table"]
[2026/07/17 08:38:31.500 +08:00] [INFO] [job_worker.go:447] ["finish DDL job"] [category=ddl] [jobID=352] [conn=1] [job="ID:352, Type:drop table, State:synced, SchemaState:none, SchemaID:114, TableID:336, RowCount:0, ArgLen:1, start time: 2026-07-17 08:38:31.444 +0800 CST, Err:<nil>, ErrCount:0, SnapshotVersion:0, Version: v2"]
[2026/07/17 08:38:31.502 +08:00] [INFO] [executor.go:7423] ["DDL job is finished"] [category=ddl] [jobID=352]
[2026/07/17 08:38:31.506 +08:00] [INFO] [job_submitter.go:118] ["add DDL jobs"] [category=ddl] ["batch count"=1] [jobs="ID:353, Type:drop table, State:queueing, SchemaState:public, SchemaID:114, TableID:342, RowCount:0, ArgLen:1, start time: 2026-07-17 08:38:31.495 +0800 CST, Err:<nil>, ErrCount:0, SnapshotVersion:0, Version: v2; "] [fast_create=true]
[2026/07/17 08:38:31.506 +08:00] [INFO] [executor.go:7285] ["DDL job submitted"] [category=ddl] [job="ID:353, Type:drop table, State:queueing, SchemaState:public, SchemaID:114, TableID:342, RowCount:0, ArgLen:1, start time: 2026-07-17 08:38:31.495 +0800 CST, Err:<nil>, ErrCount:0, SnapshotVersion:0, Version: v2"] [query="drop table `ai_fk_child_control_set`,`ai_fk_child_probe_set`,`ai_fk_grand_control_set`,`ai_fk_grand_probe_set`,`ai_fk_parent_control_set`,`ai_fk_parent_probe_set`"]
[2026/07/17 08:38:31.506 +08:00] [INFO] [lock_resolver.go:1631] ["txn lock cleanup resolve-lock rpc finished"] [action=commit] [txnStartTS=467730094226145294] [commitTS=467730094226145296] [regionID=8] [resolveLite=true] [resolvedByCheckTxnStatus=false]
[2026/07/17 08:38:31.508 +08:00] [INFO] [job_worker.go:854] ["run one job step"] [category=ddl] [jobID=353] [conn=1] [job="ID:353, Type:drop table, State:queueing, SchemaState:public, SchemaID:114, TableID:342, RowCount:0, ArgLen:0, start time: 2026-07-17 08:38:31.495 +0800 CST, Err:<nil>, ErrCount:0, SnapshotVersion:0, Version: v2"]
[2026/07/17 08:38:31.514 +08:00] [INFO] [loader.go:216] ["diff load InfoSchema success"] [mode=auto] [isV2=true] [currVer=394] [neededVer=395] [gotVer=395] ["elapsed time"=257.667µs] [phyTblIDs="[342]"] [actionTypes="[4]"] [diffTypes="[\"drop table\"]"]
[2026/07/17 08:38:31.515 +08:00] [INFO] [syncer.go:281] ["mdl gets lock, update self version to owner"] [jobID=353] [version=395]
[2026/07/17 08:38:31.518 +08:00] [INFO] [schema_version.go:397] ["wait schema version synced success"] [category=ddl] [ver=395] [checkAssumedSvr=false] ["take time"=5.0495ms] [job="ID:353, Type:drop table, State:running, SchemaState:write only, SchemaID:114, TableID:342, RowCount:0, ArgLen:1, start time: 2026-07-17 08:38:31.495 +0800 CST, Err:<nil>, ErrCount:0, SnapshotVersion:0, Version: v2"] [summary="server count: 1"]
[2026/07/17 08:38:31.520 +08:00] [INFO] [job_worker.go:854] ["run one job step"] [category=ddl] [jobID=353] [conn=1] [job="ID:353, Type:drop table, State:running, SchemaState:write only, SchemaID:114, TableID:342, RowCount:0, ArgLen:0, start time: 2026-07-17 08:38:31.495 +0800 CST, Err:<nil>, ErrCount:0, SnapshotVersion:0, Version: v2"]
[2026/07/17 08:38:31.526 +08:00] [INFO] [loader.go:216] ["diff load InfoSchema success"] [mode=auto] [isV2=true] [currVer=395] [neededVer=396] [gotVer=396] ["elapsed time"=255.167µs] [phyTblIDs="[342]"] [actionTypes="[4]"] [diffTypes="[\"drop table\"]"]
[2026/07/17 08:38:31.527 +08:00] [INFO] [syncer.go:281] ["mdl gets lock, update self version to owner"] [jobID=353] [version=396]
[2026/07/17 08:38:31.530 +08:00] [INFO] [schema_version.go:397] ["wait schema version synced success"] [category=ddl] [ver=396] [checkAssumedSvr=false] ["take time"=5.0365ms] [job="ID:353, Type:drop table, State:running, SchemaState:delete only, SchemaID:114, TableID:342, RowCount:0, ArgLen:1, start time: 2026-07-17 08:38:31.495 +0800 CST, Err:<nil>, ErrCount:0, SnapshotVersion:0, Version: v2"] [summary="server count: 1"]
[2026/07/17 08:38:31.531 +08:00] [INFO] [job_worker.go:854] ["run one job step"] [category=ddl] [jobID=353] [conn=1] [job="ID:353, Type:drop table, State:running, SchemaState:delete only, SchemaID:114, TableID:342, RowCount:0, ArgLen:0, start time: 2026-07-17 08:38:31.495 +0800 CST, Err:<nil>, ErrCount:0, SnapshotVersion:0, Version: v2"]
[2026/07/17 08:38:31.533 +08:00] [WARN] [ddl.go:700] ["fail to notify DDL event"] [category=ddl] [event="(Event Type: drop table, Old Table ID: 342, Old Table Name: ai_fk_parent_probe_set)"]
[2026/07/17 08:38:31.539 +08:00] [INFO] [loader.go:216] ["diff load InfoSchema success"] [mode=auto] [isV2=true] [currVer=396] [neededVer=397] [gotVer=397] ["elapsed time"=205.667µs] [phyTblIDs="[342]"] [actionTypes="[4]"] [diffTypes="[\"drop table\"]"]
[2026/07/17 08:38:31.540 +08:00] [INFO] [syncer.go:281] ["mdl gets lock, update self version to owner"] [jobID=353] [version=397]
[2026/07/17 08:38:31.545 +08:00] [INFO] [schema_version.go:397] ["wait schema version synced success"] [category=ddl] [ver=397] [checkAssumedSvr=false] ["take time"=6.071959ms] [job="ID:353, Type:drop table, State:done, SchemaState:none, SchemaID:114, TableID:342, RowCount:0, ArgLen:1, start time: 2026-07-17 08:38:31.495 +0800 CST, Err:<nil>, ErrCount:0, SnapshotVersion:0, Version: v2"] [summary="server count: 1"]
[2026/07/17 08:38:31.546 +08:00] [INFO] [delete_range.go:470] ["insert into delete-range table"] [category=ddl] [jobID=353] [tableIDs="[342]"] [comment="drop table: table ID"]
[2026/07/17 08:38:31.547 +08:00] [INFO] [delete_range.go:112] ["add job into delete-range table"] [category=ddl] [jobID=353] [jobType="drop table"]
[2026/07/17 08:38:31.547 +08:00] [INFO] [job_worker.go:447] ["finish DDL job"] [category=ddl] [jobID=353] [conn=1] [job="ID:353, Type:drop table, State:synced, SchemaState:none, SchemaID:114, TableID:342, RowCount:0, ArgLen:1, start time: 2026-07-17 08:38:31.495 +0800 CST, Err:<nil>, ErrCount:0, SnapshotVersion:0, Version: v2"]
[2026/07/17 08:38:31.549 +08:00] [INFO] [executor.go:7423] ["DDL job is finished"] [category=ddl] [jobID=353]
[2026/07/17 08:38:31.549 +08:00] [WARN] [adapter.go:1999] ["# Txn_start_ts: 0\n# Conn_ID: 1\n# Query_time: 0.323027792\n# Parse_time: 0.000043167\n# Compile_time: 0.000017416\n# Rewrite_time: 0.0000015\n# Optimize_time: 0.000050875 Opt_logical: 0.000021708 Opt_physical: 0.000027542 Opt_binding_match: 0.000000875 Opt_stats_sync_wait: 0 Opt_stats_derive: 0.000001208\n# Wait_TS: 0.000089459\n# DB: test\n# Is_internal: false\n# Digest: 32237cae59534e9159858e973f48066daa696c6ed9f5a3a2ac16507fd5a8b1bf\n# Prepared: false\n# Plan_from_cache: false\n# Plan_from_binding: false\n# Has_more_results: false\n# KV_total: 0\n# PD_total: 0.0000905\n# Backoff_total: 0\n# Unpacked_bytes_sent_tikv_total: 0\n# Unpacked_bytes_received_tikv_total: 0\n# Unpacked_bytes_sent_tikv_cross_zone: 0\n# Unpacked_bytes_received_tikv_cross_zone: 0\n# Unpacked_bytes_sent_tiflash_total: 0\n# Unpacked_bytes_received_tiflash_total: 0\n# Unpacked_bytes_sent_tiflash_cross_zone: 0\n# Unpacked_bytes_received_tiflash_cross_zone: 0\n# Write_sql_response_total: 0\n# Result_rows: 0\n# Succ: true\n# IsExplicitTxn: false\n# IsSyncStatsFailed: false\n# Resource_group: default\n# Tikv_cpu_time: 0.000536417\n# Storage_from_kv: false\n# Storage_from_mpp: false\nuse test;\ndrop table `ai_fk_child_control_set`,`ai_fk_child_probe_set`,`ai_fk_grand_control_set`,`ai_fk_grand_probe_set`,`ai_fk_parent_control_set`,`ai_fk_parent_probe_set`;"]
[2026/07/17 08:38:31.549 +08:00] [INFO] [session.go:5198] ["CRUCIAL OPERATION"] [conn=1] [schemaVersion=397] [cur_db=test] [sql="drop table `ai_fk_child_control_set`,`ai_fk_child_probe_set`,`ai_fk_grand_control_set`,`ai_fk_grand_probe_set`,`ai_fk_parent_control_set`,`ai_fk_parent_probe_set`"] [user=]
    testkit.go:325: cleaned up ddl and tables
[2026/07/17 08:38:31.550 +08:00] [INFO] [session.go:5198] ["CRUCIAL OPERATION"] [conn=2] [schemaVersion=397] [cur_db=test] [sql="drop table if exists ai_fk_check_child_control, ai_fk_check_parent_control"] [user=]
[2026/07/17 08:38:31.553 +08:00] [INFO] [job_submitter.go:118] ["add DDL jobs"] [category=ddl] ["batch count"=1] [jobs="ID:355, Type:create table, State:queueing, SchemaState:none, SchemaID:114, TableID:354, RowCount:0, ArgLen:1, start time: 2026-07-17 08:38:31.544 +0800 CST, Err:<nil>, ErrCount:0, SnapshotVersion:0, Version: v2; "] [fast_create=true]
[2026/07/17 08:38:31.553 +08:00] [INFO] [executor.go:7285] ["DDL job submitted"] [category=ddl] [job="ID:355, Type:create table, State:queueing, SchemaState:none, SchemaID:114, TableID:354, RowCount:0, ArgLen:1, start time: 2026-07-17 08:38:31.544 +0800 CST, Err:<nil>, ErrCount:0, SnapshotVersion:0, Version: v2"] [query="create table ai_fk_check_parent_control(id int primary key, v int not null)"]
[2026/07/17 08:38:31.553 +08:00] [INFO] [lock_resolver.go:1631] ["txn lock cleanup resolve-lock rpc finished"] [action=commit] [txnStartTS=467730094238990365] [commitTS=467730094238990367] [regionID=8] [resolveLite=true] [resolvedByCheckTxnStatus=false]
[2026/07/17 08:38:31.555 +08:00] [INFO] [job_worker.go:854] ["run one job step"] [category=ddl] [jobID=355] [conn=2] [job="ID:355, Type:create table, State:queueing, SchemaState:none, SchemaID:114, TableID:354, RowCount:0, ArgLen:0, start time: 2026-07-17 08:38:31.544 +0800 CST, Err:<nil>, ErrCount:0, SnapshotVersion:0, Version: v2"]
[2026/07/17 08:38:31.556 +08:00] [WARN] [ddl.go:700] ["fail to notify DDL event"] [category=ddl] [event="(Event Type: create table, Table ID: 354, Table Name: ai_fk_check_parent_control)"]
[2026/07/17 08:38:31.561 +08:00] [INFO] [loader.go:216] ["diff load InfoSchema success"] [mode=auto] [isV2=true] [currVer=397] [neededVer=398] [gotVer=398] ["elapsed time"=221.875µs] [phyTblIDs="[354]"] [actionTypes="[3]"] [diffTypes="[\"create table\"]"]
[2026/07/17 08:38:31.562 +08:00] [INFO] [syncer.go:281] ["mdl gets lock, update self version to owner"] [jobID=355] [version=398]
[2026/07/17 08:38:31.566 +08:00] [INFO] [schema_version.go:397] ["wait schema version synced success"] [category=ddl] [ver=398] [checkAssumedSvr=false] ["take time"=5.956667ms] [job="ID:355, Type:create table, State:done, SchemaState:public, SchemaID:114, TableID:354, RowCount:0, ArgLen:1, start time: 2026-07-17 08:38:31.544 +0800 CST, Err:<nil>, ErrCount:0, SnapshotVersion:0, Version: v2"] [summary="server count: 1"]
[2026/07/17 08:38:31.568 +08:00] [INFO] [job_worker.go:447] ["finish DDL job"] [category=ddl] [jobID=355] [conn=2] [job="ID:355, Type:create table, State:synced, SchemaState:public, SchemaID:114, TableID:354, RowCount:0, ArgLen:0, start time: 2026-07-17 08:38:31.544 +0800 CST, Err:<nil>, ErrCount:0, SnapshotVersion:0, Version: v2"]
[2026/07/17 08:38:31.569 +08:00] [INFO] [executor.go:7423] ["DDL job is finished"] [category=ddl] [jobID=355]
[2026/07/17 08:38:31.569 +08:00] [INFO] [session.go:5198] ["CRUCIAL OPERATION"] [conn=2] [schemaVersion=398] [cur_db=test] [sql="create table ai_fk_check_parent_control(id int primary key, v int not null)"] [user=]
[2026/07/17 08:38:31.574 +08:00] [INFO] [job_submitter.go:118] ["add DDL jobs"] [category=ddl] ["batch count"=1] [jobs="ID:357, Type:create table, State:queueing, SchemaState:none, SchemaID:114, TableID:356, RowCount:0, ArgLen:1, start time: 2026-07-17 08:38:31.544 +0800 CST, Err:<nil>, ErrCount:0, SnapshotVersion:0, Version: v2; "] [fast_create=true]
[2026/07/17 08:38:31.574 +08:00] [INFO] [executor.go:7285] ["DDL job submitted"] [category=ddl] [job="ID:357, Type:create table, State:queueing, SchemaState:none, SchemaID:114, TableID:356, RowCount:0, ArgLen:1, start time: 2026-07-17 08:38:31.544 +0800 CST, Err:<nil>, ErrCount:0, SnapshotVersion:0, Version: v2"] [query="create table ai_fk_check_child_control(\n\t\tid int primary key,\n\t\tpid int not null,\n\t\tv int not null,\n\t\tkey pid_idx(pid),\n\t\tconstraint fk_check_control foreign key(pid) references ai_fk_check_parent_control(id)\n\t)"]
[2026/07/17 08:38:31.575 +08:00] [INFO] [lock_resolver.go:1631] ["txn lock cleanup resolve-lock rpc finished"] [action=commit] [txnStartTS=467730094238990388] [commitTS=467730094238990390] [regionID=8] [resolveLite=true] [resolvedByCheckTxnStatus=false]
[2026/07/17 08:38:31.576 +08:00] [INFO] [job_worker.go:854] ["run one job step"] [category=ddl] [jobID=357] [conn=2] [job="ID:357, Type:create table, State:queueing, SchemaState:none, SchemaID:114, TableID:356, RowCount:0, ArgLen:0, start time: 2026-07-17 08:38:31.544 +0800 CST, Err:<nil>, ErrCount:0, SnapshotVersion:0, Version: v2"]
[2026/07/17 08:38:31.583 +08:00] [INFO] [loader.go:216] ["diff load InfoSchema success"] [mode=auto] [isV2=true] [currVer=398] [neededVer=399] [gotVer=399] ["elapsed time"=272.292µs] [phyTblIDs="[356]"] [actionTypes="[3]"] [diffTypes="[\"create table\"]"]
[2026/07/17 08:38:31.584 +08:00] [INFO] [syncer.go:281] ["mdl gets lock, update self version to owner"] [jobID=357] [version=399]
[2026/07/17 08:38:31.588 +08:00] [INFO] [schema_version.go:397] ["wait schema version synced success"] [category=ddl] [ver=399] [checkAssumedSvr=false] ["take time"=6.026917ms] [job="ID:357, Type:create table, State:running, SchemaState:delete only, SchemaID:114, TableID:356, RowCount:0, ArgLen:1, start time: 2026-07-17 08:38:31.544 +0800 CST, Err:<nil>, ErrCount:0, SnapshotVersion:0, Version: v2"] [summary="server count: 1"]
[2026/07/17 08:38:31.590 +08:00] [INFO] [job_worker.go:854] ["run one job step"] [category=ddl] [jobID=357] [conn=2] [job="ID:357, Type:create table, State:running, SchemaState:delete only, SchemaID:114, TableID:356, RowCount:0, ArgLen:0, start time: 2026-07-17 08:38:31.544 +0800 CST, Err:<nil>, ErrCount:0, SnapshotVersion:0, Version: v2"]
[2026/07/17 08:38:31.591 +08:00] [WARN] [ddl.go:700] ["fail to notify DDL event"] [category=ddl] [event="(Event Type: create table, Table ID: 356, Table Name: ai_fk_check_child_control)"]
[2026/07/17 08:38:31.597 +08:00] [INFO] [loader.go:216] ["diff load InfoSchema success"] [mode=auto] [isV2=true] [currVer=399] [neededVer=400] [gotVer=400] ["elapsed time"=246.958µs] [phyTblIDs="[356]"] [actionTypes="[3]"] [diffTypes="[\"create table\"]"]
[2026/07/17 08:38:31.598 +08:00] [INFO] [syncer.go:281] ["mdl gets lock, update self version to owner"] [jobID=357] [version=400]
[2026/07/17 08:38:31.609 +08:00] [INFO] [schema_version.go:397] ["wait schema version synced success"] [category=ddl] [ver=400] [checkAssumedSvr=false] ["take time"=13.128208ms] [job="ID:357, Type:create table, State:done, SchemaState:public, SchemaID:114, TableID:356, RowCount:0, ArgLen:1, start time: 2026-07-17 08:38:31.544 +0800 CST, Err:<nil>, ErrCount:0, SnapshotVersion:0, Version: v2"] [summary="server count: 1"]
[2026/07/17 08:38:31.611 +08:00] [INFO] [job_worker.go:447] ["finish DDL job"] [category=ddl] [jobID=357] [conn=2] [job="ID:357, Type:create table, State:synced, SchemaState:public, SchemaID:114, TableID:356, RowCount:0, ArgLen:0, start time: 2026-07-17 08:38:31.544 +0800 CST, Err:<nil>, ErrCount:0, SnapshotVersion:0, Version: v2"]
[2026/07/17 08:38:31.613 +08:00] [INFO] [executor.go:7423] ["DDL job is finished"] [category=ddl] [jobID=357]
[2026/07/17 08:38:31.613 +08:00] [INFO] [session.go:5198] ["CRUCIAL OPERATION"] [conn=2] [schemaVersion=400] [cur_db=test] [sql="create table ai_fk_check_child_control(\n\t\tid int primary key,\n\t\tpid int not null,\n\t\tv int not null,\n\t\tkey pid_idx(pid),\n\t\tconstraint fk_check_control foreign key(pid) references ai_fk_check_parent_control(id)\n\t)"] [user=]
[2026/07/17 08:38:31.613 +08:00] [WARN] [prewrite.go:619] ["1pc failed and fallbacks to normal commit procedure"] [startTS=467730094252359691]
[2026/07/17 08:38:31.617 +08:00] [INFO] [session.go:5198] ["CRUCIAL OPERATION"] [conn=2] [schemaVersion=400] [cur_db=test] [sql="drop table if exists ai_fk_check_child_probe, ai_fk_check_parent_probe"] [user=]
[2026/07/17 08:38:31.619 +08:00] [INFO] [job_submitter.go:118] ["add DDL jobs"] [category=ddl] ["batch count"=1] [jobs="ID:359, Type:create table, State:queueing, SchemaState:none, SchemaID:114, TableID:358, RowCount:0, ArgLen:1, start time: 2026-07-17 08:38:31.595 +0800 CST, Err:<nil>, ErrCount:0, SnapshotVersion:0, Version: v2; "] [fast_create=true]
[2026/07/17 08:38:31.619 +08:00] [INFO] [executor.go:7285] ["DDL job submitted"] [category=ddl] [job="ID:359, Type:create table, State:queueing, SchemaState:none, SchemaID:114, TableID:358, RowCount:0, ArgLen:1, start time: 2026-07-17 08:38:31.595 +0800 CST, Err:<nil>, ErrCount:0, SnapshotVersion:0, Version: v2"] [query="create table ai_fk_check_parent_probe(id int primary key, v int not null)"]
[2026/07/17 08:38:31.620 +08:00] [INFO] [lock_resolver.go:1631] ["txn lock cleanup resolve-lock rpc finished"] [action=commit] [txnStartTS=467730094252359700] [commitTS=467730094252359701] [regionID=8] [resolveLite=true] [resolvedByCheckTxnStatus=false]
[2026/07/17 08:38:31.620 +08:00] [INFO] [job_worker.go:854] ["run one job step"] [category=ddl] [jobID=359] [conn=2] [job="ID:359, Type:create table, State:queueing, SchemaState:none, SchemaID:114, TableID:358, RowCount:0, ArgLen:0, start time: 2026-07-17 08:38:31.595 +0800 CST, Err:<nil>, ErrCount:0, SnapshotVersion:0, Version: v2"]
[2026/07/17 08:38:31.621 +08:00] [WARN] [ddl.go:700] ["fail to notify DDL event"] [category=ddl] [event="(Event Type: create table, Table ID: 358, Table Name: ai_fk_check_parent_probe)"]
[2026/07/17 08:38:31.627 +08:00] [INFO] [loader.go:216] ["diff load InfoSchema success"] [mode=auto] [isV2=true] [currVer=400] [neededVer=401] [gotVer=401] ["elapsed time"=218.333µs] [phyTblIDs="[358]"] [actionTypes="[3]"] [diffTypes="[\"create table\"]"]
[2026/07/17 08:38:31.628 +08:00] [INFO] [syncer.go:281] ["mdl gets lock, update self version to owner"] [jobID=359] [version=401]
[2026/07/17 08:38:31.632 +08:00] [INFO] [schema_version.go:397] ["wait schema version synced success"] [category=ddl] [ver=401] [checkAssumedSvr=false] ["take time"=5.954125ms] [job="ID:359, Type:create table, State:done, SchemaState:public, SchemaID:114, TableID:358, RowCount:0, ArgLen:1, start time: 2026-07-17 08:38:31.595 +0800 CST, Err:<nil>, ErrCount:0, SnapshotVersion:0, Version: v2"] [summary="server count: 1"]
[2026/07/17 08:38:31.634 +08:00] [INFO] [job_worker.go:447] ["finish DDL job"] [category=ddl] [jobID=359] [conn=2] [job="ID:359, Type:create table, State:synced, SchemaState:public, SchemaID:114, TableID:358, RowCount:0, ArgLen:0, start time: 2026-07-17 08:38:31.595 +0800 CST, Err:<nil>, ErrCount:0, SnapshotVersion:0, Version: v2"]
[2026/07/17 08:38:31.635 +08:00] [INFO] [executor.go:7423] ["DDL job is finished"] [category=ddl] [jobID=359]
[2026/07/17 08:38:31.635 +08:00] [INFO] [session.go:5198] ["CRUCIAL OPERATION"] [conn=2] [schemaVersion=401] [cur_db=test] [sql="create table ai_fk_check_parent_probe(id int primary key, v int not null)"] [user=]
[2026/07/17 08:38:31.640 +08:00] [INFO] [job_submitter.go:118] ["add DDL jobs"] [category=ddl] ["batch count"=1] [jobs="ID:361, Type:create table, State:queueing, SchemaState:none, SchemaID:114, TableID:360, RowCount:0, ArgLen:1, start time: 2026-07-17 08:38:31.595 +0800 CST, Err:<nil>, ErrCount:0, SnapshotVersion:0, Version: v2; "] [fast_create=true]
[2026/07/17 08:38:31.640 +08:00] [INFO] [executor.go:7285] ["DDL job submitted"] [category=ddl] [job="ID:361, Type:create table, State:queueing, SchemaState:none, SchemaID:114, TableID:360, RowCount:0, ArgLen:1, start time: 2026-07-17 08:38:31.595 +0800 CST, Err:<nil>, ErrCount:0, SnapshotVersion:0, Version: v2"] [query="create table ai_fk_check_child_probe(\n\t\tid int primary key,\n\t\tpid int not null,\n\t\tv int not null,\n\t\tkey pid_idx(pid),\n\t\tconstraint fk_check_probe foreign key(pid) references ai_fk_check_parent_probe(id)\n\t)"]
[2026/07/17 08:38:31.640 +08:00] [INFO] [lock_resolver.go:1631] ["txn lock cleanup resolve-lock rpc finished"] [action=commit] [txnStartTS=467730094252359724] [commitTS=467730094252359726] [regionID=8] [resolveLite=true] [resolvedByCheckTxnStatus=false]
[2026/07/17 08:38:31.642 +08:00] [INFO] [job_worker.go:854] ["run one job step"] [category=ddl] [jobID=361] [conn=2] [job="ID:361, Type:create table, State:queueing, SchemaState:none, SchemaID:114, TableID:360, RowCount:0, ArgLen:0, start time: 2026-07-17 08:38:31.595 +0800 CST, Err:<nil>, ErrCount:0, SnapshotVersion:0, Version: v2"]
[2026/07/17 08:38:31.648 +08:00] [INFO] [loader.go:216] ["diff load InfoSchema success"] [mode=auto] [isV2=true] [currVer=401] [neededVer=402] [gotVer=402] ["elapsed time"=249.625µs] [phyTblIDs="[360]"] [actionTypes="[3]"] [diffTypes="[\"create table\"]"]
[2026/07/17 08:38:31.649 +08:00] [INFO] [syncer.go:281] ["mdl gets lock, update self version to owner"] [jobID=361] [version=402]
[2026/07/17 08:38:31.654 +08:00] [INFO] [schema_version.go:397] ["wait schema version synced success"] [category=ddl] [ver=402] [checkAssumedSvr=false] ["take time"=6.128666ms] [job="ID:361, Type:create table, State:running, SchemaState:delete only, SchemaID:114, TableID:360, RowCount:0, ArgLen:1, start time: 2026-07-17 08:38:31.595 +0800 CST, Err:<nil>, ErrCount:0, SnapshotVersion:0, Version: v2"] [summary="server count: 1"]
[2026/07/17 08:38:31.655 +08:00] [INFO] [job_worker.go:854] ["run one job step"] [category=ddl] [jobID=361] [conn=2] [job="ID:361, Type:create table, State:running, SchemaState:delete only, SchemaID:114, TableID:360, RowCount:0, ArgLen:0, start time: 2026-07-17 08:38:31.595 +0800 CST, Err:<nil>, ErrCount:0, SnapshotVersion:0, Version: v2"]
[2026/07/17 08:38:31.656 +08:00] [WARN] [ddl.go:700] ["fail to notify DDL event"] [category=ddl] [event="(Event Type: create table, Table ID: 360, Table Name: ai_fk_check_child_probe)"]
[2026/07/17 08:38:31.662 +08:00] [INFO] [loader.go:216] ["diff load InfoSchema success"] [mode=auto] [isV2=true] [currVer=402] [neededVer=403] [gotVer=403] ["elapsed time"=263.375µs] [phyTblIDs="[360]"] [actionTypes="[3]"] [diffTypes="[\"create table\"]"]
[2026/07/17 08:38:31.663 +08:00] [INFO] [syncer.go:281] ["mdl gets lock, update self version to owner"] [jobID=361] [version=403]
[2026/07/17 08:38:31.668 +08:00] [INFO] [schema_version.go:397] ["wait schema version synced success"] [category=ddl] [ver=403] [checkAssumedSvr=false] ["take time"=6.182625ms] [job="ID:361, Type:create table, State:done, SchemaState:public, SchemaID:114, TableID:360, RowCount:0, ArgLen:1, start time: 2026-07-17 08:38:31.595 +0800 CST, Err:<nil>, ErrCount:0, SnapshotVersion:0, Version: v2"] [summary="server count: 1"]
[2026/07/17 08:38:31.669 +08:00] [INFO] [job_worker.go:447] ["finish DDL job"] [category=ddl] [jobID=361] [conn=2] [job="ID:361, Type:create table, State:synced, SchemaState:public, SchemaID:114, TableID:360, RowCount:0, ArgLen:0, start time: 2026-07-17 08:38:31.595 +0800 CST, Err:<nil>, ErrCount:0, SnapshotVersion:0, Version: v2"]
[2026/07/17 08:38:31.670 +08:00] [INFO] [executor.go:7423] ["DDL job is finished"] [category=ddl] [jobID=361]
[2026/07/17 08:38:31.670 +08:00] [INFO] [session.go:5198] ["CRUCIAL OPERATION"] [conn=2] [schemaVersion=403] [cur_db=test] [sql="create table ai_fk_check_child_probe(\n\t\tid int primary key,\n\t\tpid int not null,\n\t\tv int not null,\n\t\tkey pid_idx(pid),\n\t\tconstraint fk_check_probe foreign key(pid) references ai_fk_check_parent_probe(id)\n\t)"] [user=]
[2026/07/17 08:38:31.671 +08:00] [WARN] [prewrite.go:619] ["1pc failed and fallbacks to normal commit procedure"] [startTS=467730094265204756]
[2026/07/17 08:38:31.675 +08:00] [WARN] [prewrite.go:619] ["1pc failed and fallbacks to normal commit procedure"] [startTS=467730094265204762]
[2026/07/17 08:38:31.676 +08:00] [INFO] [tidb.go:309] ["rollbackTxn called due to ddl/autocommit failure"]
[2026/07/17 08:38:31.676 +08:00] [WARN] [session.go:2729] ["run statement failed"] [schemaVersion=403] [error="[planner:1452]Cannot add or update a child row: a foreign key constraint fails (`test`.`ai_fk_check_child_control`, CONSTRAINT `fk_check_control` FOREIGN KEY (`pid`) REFERENCES `ai_fk_check_parent_control` (`id`))"] [session="{\n  \"currDBName\": \"test\",\n  \"id\": 2,\n  \"status\": 2,\n  \"strictMode\": true,\n  \"user\": null\n}"]
[2026/07/17 08:38:31.877 +08:00] [WARN] [prewrite.go:619] ["1pc failed and fallbacks to normal commit procedure"] [startTS=467730094317895681]
[2026/07/17 08:38:32.207 +08:00] [INFO] [runtime.go:172] ["TimerGroupRuntime loop started"] [groupID=ttl]
[2026/07/17 08:38:32.207 +08:00] [INFO] [runtime.go:444] ["create watch chan if possible for timer runtime"] [groupID=ttl] [storeSupportWatch=true]
[2026/07/17 08:38:32.208 +08:00] [INFO] [notifier.go:140] ["new etcd watcher created to watch timer events"] [EtcdKey=/tidb/timer/cluster/1/notify/9646c36d-24ee-4120-beeb-a2e3df958c8f] [watcherID=ef6af568-f9cb-48b5-a820-15917185f869]
[2026/07/17 08:38:32.209 +08:00] [INFO] [slots.go:220] ["initialize slot capacity"] [capacity=14]
[2026/07/17 08:38:32.210 +08:00] [INFO] [scheduler_manager.go:331] ["subtask table gc loop start"] [server-id=:4000]
[2026/07/17 08:38:32.210 +08:00] [INFO] [scheduler_manager.go:482] ["collect loop start"] [server-id=:4000]
[2026/07/17 08:38:32.210 +08:00] [INFO] [scheduler_manager.go:407] ["cleanup loop start"] [server-id=:4000]
[2026/07/17 08:38:32.210 +08:00] [INFO] [scheduler_manager.go:217] ["schedule task loop start"] [server-id=:4000]
[2026/07/17 08:38:32.677 +08:00] [WARN] [session.go:879] [sql] [label=general] [error="[kv:9007]Write conflict, txnStartTS=467730094265204765, conflictStartTS=467730094317895681, conflictCommitTS=467730094317895682, key={tableID=358, tableName=test.ai_fk_check_parent_probe, handle=1}, originalKey=7480000000000001665f728000000000000001, primary={tableID=358, tableName=test.ai_fk_check_parent_probe, handle=1}, originalPrimaryKey=7480000000000001665f728000000000000001, reason=Optimistic [try again later]"] [txn="Txn{state=invalid}"]
[2026/07/17 08:38:32.677 +08:00] [WARN] [session.go:1220] [retrying] [schemaVersion=403] [retryCnt=0] [queryNum=0] [sql="insert into ai_fk_check_child_probe values (10, 1, 100)"]
[2026/07/17 08:38:32.678 +08:00] [WARN] [session.go:1253] ["transaction association"] ["retrying txnStartTS"=467730094527610884] ["original txnStartTS"=467730094265204765]
[2026/07/17 08:38:32.678 +08:00] [WARN] [session.go:1269] [sql] [label=general] [session="{\n  \"currDBName\": \"test\",\n  \"id\": 3,\n  \"status\": 2,\n  \"strictMode\": true,\n  \"txn\": \"467730094527610884\",\n  \"user\": null\n}"] [error="[planner:1452]Cannot add or update a child row: a foreign key constraint fails (`test`.`ai_fk_check_child_probe`, CONSTRAINT `fk_check_probe` FOREIGN KEY (`pid`) REFERENCES `ai_fk_check_parent_probe` (`id`))"]
[2026/07/17 08:38:32.678 +08:00] [WARN] [session.go:905] ["commit failed"] ["finished txn"="Txn{state=invalid}"] [error="[planner:1452]Cannot add or update a child row: a foreign key constraint fails (`test`.`ai_fk_check_child_probe`, CONSTRAINT `fk_check_probe` FOREIGN KEY (`pid`) REFERENCES `ai_fk_check_parent_probe` (`id`))"]
[2026/07/17 08:38:32.679 +08:00] [WARN] [adapter.go:1999] ["# Txn_start_ts: 467730094265204765\n# Conn_ID: 3\n# Exec_retry_time: 0 Exec_retry_count: 1\n# Query_time: 1.002613667\n# Parse_time: 0.000023792\n# Compile_time: 0.000026875\n# Rewrite_time: 0.000021792\n# Optimize_time: 0.000006375 Opt_logical: 0.000003334 Opt_physical: 0.0000025 Opt_binding_match: 0.000025834 Opt_stats_sync_wait: 0 Opt_stats_derive: 0.000000417\n# Wait_TS: 0.000305751\n# Prewrite_time: 0.000768167 Write_keys: 3 Write_size: 90 Prewrite_region: 1\n# DB: test\n# Is_internal: false\n# Digest: 068de9126e1e79000e40e1872a959b0aae48387f2a712ac35ac11b7a7a4bdc39\n# Mem_max: 8408\n# Prepared: false\n# Plan_from_cache: false\n# Plan_from_binding: false\n# Has_more_results: false\n# KV_total: 0.000974333\n# PD_total: 0.000352584\n# Backoff_total: 0\n# Unpacked_bytes_sent_tikv_total: 735\n# Unpacked_bytes_received_tikv_total: 630\n# Unpacked_bytes_sent_tikv_cross_zone: 0\n# Unpacked_bytes_received_tikv_cross_zone: 0\n# Unpacked_bytes_sent_tiflash_total: 0\n# Unpacked_bytes_received_tiflash_total: 0\n# Unpacked_bytes_sent_tiflash_cross_zone: 0\n# Unpacked_bytes_received_tiflash_cross_zone: 0\n# Write_sql_response_total: 0\n# Result_rows: 0\n# Succ: false\n# IsExplicitTxn: false\n# IsSyncStatsFailed: false\n# Plan: tidb_decode_plan('6wKQMAkyN18xCTAJMAlOL0EJMAl0b3RhbF90aW1lOjkwLjXCtXMsIAkUIG9wZW46Mi41OB0UJGNsb3NlOjIuMDQFFVRsb29wczoyLCBwcmVwYXJlOiAyMy4zBRsgaW5zZXJ0OjY3DRBoY29tbWl0X3R4bjoge3ByZXdyaXRlOjc2OC4yBTA0cmVnaW9uX251bToxLCAFHhhfa2V5czozEQ5EYnl0ZTo5MH0JMjE2IEJ5dGVzAcMcCjEJNTZfMwkB0kR0YWJsZTphaV9ma19jaGVja18BlUBudF9wcm9iZSwgZm9yZWlnbgFYADoZIwkcCTAQZXhpc3QxFhQ6NDcwLjkFngUeBDo5Ec0cbG9jazo2LjApGx1XLHM6MglOL0EJTi9BCg==')\n# Binary_plan: tidb_decode_binary_plan('lAPoCo8DCghJbnNlcnRfMRK3AQoTRm9yZWlnbl9LZXlfQ2hlY2tfMzgBQAFKIBoedGFibGU6YWlfZmtfY2gBGzhwYXJlbnRfcHJvYmVSJ2YNOxBrZXk6ZhUjARwELCAJMFBleGlzdGI7dG90YWw6NDcwLjnCtXMNHRA6OTcuMwUPIGxvY2s6Ni4wOAUOHVYQczoycP8RAQQBeBEKBP8BAaIYUgNOL0FaRAVcJF90aW1lOjkwLjUFQwkUHG9wZW46Mi41CVcJFCRjbG9zZToyLjA0BSksbG9vcHM6MmIgcHJlAdwUOiAyMy4zBRsAaSUlBDo2CaVwYkpjb21taXRfdHhuOiB7cHJld3JpdGU6NzY4LjIFMDRyZWdpb25fbnVtOjEsIAUeGF9rZXlzOjMRDlxieXRlOjkwfXDYAXj///////////8BGAE=')\n# Resource_group: default\n# Request_unit_read: 0.9505645751953125\n# Request_unit_write: 1.8611328125\n# Storage_from_kv: false\n# Storage_from_mpp: false\nuse test;\ninsert into ai_fk_check_child_probe values (10, 1, 100);"]
[2026/07/17 08:38:32.679 +08:00] [WARN] [session.go:2729] ["run statement failed"] [schemaVersion=403] [error="[planner:1452]Cannot add or update a child row: a foreign key constraint fails (`test`.`ai_fk_check_child_probe`, CONSTRAINT `fk_check_probe` FOREIGN KEY (`pid`) REFERENCES `ai_fk_check_parent_probe` (`id`))"] [session="{\n  \"currDBName\": \"test\",\n  \"id\": 3,\n  \"status\": 2,\n  \"strictMode\": true,\n  \"user\": null\n}"]
[2026/07/17 08:38:32.685 +08:00] [INFO] [job_scheduler.go:269] ["scheduleLoop quit due to context canceled"] [category=ddl]
[2026/07/17 08:38:32.685 +08:00] [INFO] [manager.go:420] ["watch owner finished"] [key=/tidb/ddl/fg/owner] [id=d0bff9fe-54e0-416a-acd6-0f236e6a18c3] []
[2026/07/17 08:38:32.685 +08:00] [INFO] [syncer.go:488] ["schema version sync loop interrupted, retrying..."] [category=ddl]
[2026/07/17 08:38:32.685 +08:00] [INFO] [manager.go:333] ["retire owner"] [key=/tidb/ddl/fg/owner] [id=d0bff9fe-54e0-416a-acd6-0f236e6a18c3]
[2026/07/17 08:38:32.686 +08:00] [INFO] [ddl_workerpool.go:78] ["closing workerPool"] [category=ddl]
[2026/07/17 08:38:32.686 +08:00] [INFO] [ddl_workerpool.go:78] ["closing workerPool"] [category=ddl]
[2026/07/17 08:38:32.686 +08:00] [INFO] [job_worker.go:267] ["DDL worker closed"] [category=ddl] [worker="worker 1, tp general"] ["take time"=8.208µs]
[2026/07/17 08:38:32.686 +08:00] [INFO] [job_worker.go:267] ["DDL worker closed"] [category=ddl] [worker="worker 2, tp general"] ["take time"=3.916µs]
[2026/07/17 08:38:32.686 +08:00] [INFO] [job_worker.go:267] ["DDL worker closed"] [category=ddl] [worker="worker 3, tp general"] ["take time"=3.875µs]
[2026/07/17 08:38:32.686 +08:00] [INFO] [job_worker.go:267] ["DDL worker closed"] [category=ddl] [worker="worker 4, tp general"] ["take time"=7.333µs]
[2026/07/17 08:38:32.686 +08:00] [INFO] [job_worker.go:267] ["DDL worker closed"] [category=ddl] [worker="worker 5, tp general"] ["take time"=6.625µs]
[2026/07/17 08:38:32.686 +08:00] [INFO] [job_worker.go:267] ["DDL worker closed"] [category=ddl] [worker="worker 6, tp general"] ["take time"=8.583µs]
[2026/07/17 08:38:32.686 +08:00] [INFO] [job_worker.go:267] ["DDL worker closed"] [category=ddl] [worker="worker 7, tp general"] ["take time"=13.917µs]
[2026/07/17 08:38:32.686 +08:00] [INFO] [job_worker.go:267] ["DDL worker closed"] [category=ddl] [worker="worker 8, tp general"] ["take time"=10.708µs]
[2026/07/17 08:38:32.686 +08:00] [INFO] [job_worker.go:267] ["DDL worker closed"] [category=ddl] [worker="worker 9, tp general"] ["take time"=11.208µs]
[2026/07/17 08:38:32.686 +08:00] [INFO] [job_worker.go:267] ["DDL worker closed"] [category=ddl] [worker="worker 10, tp general"] ["take time"=7.375µs]
[2026/07/17 08:38:32.686 +08:00] [INFO] [manager.go:424] ["is not the owner"] [key=/tidb/ddl/fg/owner] [id=d0bff9fe-54e0-416a-acd6-0f236e6a18c3]
[2026/07/17 08:38:32.686 +08:00] [INFO] [manager.go:385] ["break campaign loop, context is done"] [key=/tidb/ddl/fg/owner] [id=d0bff9fe-54e0-416a-acd6-0f236e6a18c3]
[2026/07/17 08:38:32.691 +08:00] [INFO] [delete_range.go:162] ["closing delRange"] [category=ddl]
[2026/07/17 08:38:32.691 +08:00] [INFO] [session_pool.go:133] ["closing session pool"] [category=ddl]
[2026/07/17 08:38:32.692 +08:00] [INFO] [ddl.go:1157] ["DDL closed"] [category=ddl] [ID=d0bff9fe-54e0-416a-acd6-0f236e6a18c3] ["take time"=6.644458ms]
[2026/07/17 08:38:32.692 +08:00] [INFO] [ddl.go:848] ["stop DDL"] [category=ddl] [ID=d0bff9fe-54e0-416a-acd6-0f236e6a18c3]
[2026/07/17 08:38:32.692 +08:00] [INFO] [domain.go:484] ["stopping ttlJobManager"]
[2026/07/17 08:38:32.692 +08:00] [INFO] [notifier.go:142] ["etcd watcher exited to watch timer events"] [EtcdKey=/tidb/timer/cluster/1/notify/9646c36d-24ee-4120-beeb-a2e3df958c8f] [watcherID=ef6af568-f9cb-48b5-a820-15917185f869]
[2026/07/17 08:38:32.692 +08:00] [INFO] [runtime.go:202] ["TimerGroupRuntime loop exit"] [groupID=ttl]
[2026/07/17 08:38:32.692 +08:00] [INFO] [notifier.go:227] ["etcd notify loop to watch timer events stopped"] [EtcdKey=/tidb/timer/cluster/1/notify/9646c36d-24ee-4120-beeb-a2e3df958c8f]
[2026/07/17 08:38:32.692 +08:00] [INFO] [task_manager.go:225] ["shrink ttl worker"] [ttl-worker=job-manager] [ttl-worker=d0bff9fe-54e0-416a-acd6-0f236e6a18c3] [ttl-worker=task-manager] [ttl-worker=d0bff9fe-54e0-416a-acd6-0f236e6a18c3] [originalCount=4] [newCount=0]
[2026/07/17 08:38:32.692 +08:00] [INFO] [scan.go:379] ["ttlScanWorker loop exited."]
[2026/07/17 08:38:32.692 +08:00] [INFO] [scan.go:379] ["ttlScanWorker loop exited."]
[2026/07/17 08:38:32.692 +08:00] [INFO] [scan.go:379] ["ttlScanWorker loop exited."]
[2026/07/17 08:38:32.692 +08:00] [INFO] [scan.go:379] ["ttlScanWorker loop exited."]
[2026/07/17 08:38:32.692 +08:00] [INFO] [task_manager.go:225] ["shrink ttl worker"] [ttl-worker=job-manager] [ttl-worker=d0bff9fe-54e0-416a-acd6-0f236e6a18c3] [ttl-worker=task-manager] [ttl-worker=d0bff9fe-54e0-416a-acd6-0f236e6a18c3] [originalCount=4] [newCount=0]
[2026/07/17 08:38:32.692 +08:00] [INFO] [del.go:344] ["ttlDeleteWorker loop exited."]
[2026/07/17 08:38:32.692 +08:00] [INFO] [del.go:344] ["ttlDeleteWorker loop exited."]
[2026/07/17 08:38:32.692 +08:00] [INFO] [del.go:344] ["ttlDeleteWorker loop exited."]
[2026/07/17 08:38:32.692 +08:00] [INFO] [del.go:344] ["ttlDeleteWorker loop exited."]
[2026/07/17 08:38:32.692 +08:00] [INFO] [job_manager.go:183] ["ttlJobManager loop exited."] [ttl-worker=job-manager] [ttl-worker=d0bff9fe-54e0-416a-acd6-0f236e6a18c3]
[2026/07/17 08:38:32.693 +08:00] [INFO] [job_manager.go:168] ["ttlJobManager loop exited."] [ttl-worker=job-manager] [ttl-worker=d0bff9fe-54e0-416a-acd6-0f236e6a18c3]
[2026/07/17 08:38:32.693 +08:00] [INFO] [domain.go:495] ["ttlJobManager exited."]
[2026/07/17 08:38:32.693 +08:00] [INFO] [domain.go:2868] ["serverIDSession need restart"]
[2026/07/17 08:38:32.707 +08:00] [INFO] [domain.go:2733] ["releaseServerID succeed"] [serverID=1631] [leaseID=2463925762081082293]
[2026/07/17 08:38:32.707 +08:00] [INFO] [domain.go:2193] ["gcStatsWorker ready to release owner"]
[2026/07/17 08:38:32.707 +08:00] [INFO] [domain.go:2800] ["serverIDKeeper exited."]
[2026/07/17 08:38:32.707 +08:00] [INFO] [domain.go:1237] ["stopping dist task scheduler manager because the current node is not DDL owner anymore"] [id=d0bff9fe-54e0-416a-acd6-0f236e6a18c3]
[2026/07/17 08:38:32.707 +08:00] [INFO] [manager.go:241] ["runaway watch sync loop exit"]
[2026/07/17 08:38:32.707 +08:00] [INFO] [wait_group_wrapper.go:150] ["background process exited"] [source=domain] [process=runawayWatchSyncLoop]
[2026/07/17 08:38:32.707 +08:00] [INFO] [domain.go:1892] ["HistoricalStatsWorker exited."]
[2026/07/17 08:38:32.707 +08:00] [INFO] [wait_group_wrapper.go:150] ["background process exited"] [source=domain] [process=HistoricalStatsWorker]
[2026/07/17 08:38:32.707 +08:00] [INFO] [domain.go:1861] ["dumpFileGcChecker exited."]
[2026/07/17 08:38:32.707 +08:00] [INFO] [wait_group_wrapper.go:150] ["background process exited"] [source=domain] [process=dumpFileGcChecker]
[2026/07/17 08:38:32.707 +08:00] [INFO] [domain.go:1827] ["PlanReplayerTaskDumpHandle exited."]
[2026/07/17 08:38:32.707 +08:00] [INFO] [wait_group_wrapper.go:150] ["background process exited"] [source=domain] [process=PlanReplayerTaskDumpHandle]
[2026/07/17 08:38:32.707 +08:00] [INFO] [domain.go:2114] ["loadStatsWorker exited."]
[2026/07/17 08:38:32.707 +08:00] [INFO] [wait_group_wrapper.go:150] ["background process exited"] [source=domain] [process=loadStatsWorker]
[2026/07/17 08:38:32.707 +08:00] [INFO] [plan_replayer.go:411] ["planReplayerTaskDumpWorker exited."]
[2026/07/17 08:38:32.707 +08:00] [INFO] [domain.go:1807] ["PlanReplayerTaskCollectHandle exited."]
[2026/07/17 08:38:32.707 +08:00] [INFO] [wait_group_wrapper.go:150] ["background process exited"] [source=domain] [process=PlanReplayerTaskCollectHandle]
[2026/07/17 08:38:32.707 +08:00] [INFO] [domain.go:2332] ["autoAnalyzeWorker exited."] [category=stats]
[2026/07/17 08:38:32.707 +08:00] [INFO] [wait_group_wrapper.go:150] ["background process exited"] [source=domain] [process=autoAnalyzeWorker]
[2026/07/17 08:38:32.707 +08:00] [INFO] [wait_group_wrapper.go:150] ["background process exited"] [source=domain] [process=loadSigningCertLoop]
[2026/07/17 08:38:32.707 +08:00] [INFO] [domain.go:2219] ["deltaUpdateTicker is going to exit, start to flush stats"]
[2026/07/17 08:38:32.707 +08:00] [INFO] [flusher.go:89] ["flushing remaining records before stop"] [name=runaway-record]
[2026/07/17 08:38:32.707 +08:00] [INFO] [flusher.go:91] ["stopped flusher"] [name=runaway-record]
[2026/07/17 08:38:32.707 +08:00] [INFO] [domain.go:2989] ["readTableCostWorker exited."]
[2026/07/17 08:38:32.707 +08:00] [INFO] [domain.go:1477] ["LoadSysVarCacheLoop exited."]
[2026/07/17 08:38:32.707 +08:00] [INFO] [wait_group_wrapper.go:150] ["background process exited"] [source=domain] [process=readTableCostWorker]
[2026/07/17 08:38:32.707 +08:00] [INFO] [wait_group_wrapper.go:150] ["background process exited"] [source=domain] [process=LoadSysVarCacheLoop]
[2026/07/17 08:38:32.707 +08:00] [INFO] [domain.go:2914] ["planCacheMetricsAndVars exited."]
[2026/07/17 08:38:32.707 +08:00] [INFO] [wait_group_wrapper.go:150] ["background process exited"] [source=domain] [process=planCacheMetricsAndVars]
[2026/07/17 08:38:32.707 +08:00] [INFO] [domain.go:2396] ["analyzeJobsCleanupWorker exited."]
[2026/07/17 08:38:32.707 +08:00] [INFO] [stats_syncload.go:255] ["SubLoadWorker: exits now because the domain is closed."] [category=stats]
[2026/07/17 08:38:32.707 +08:00] [INFO] [stats_syncload.go:245] ["SubLoadWorker: exited."] [category=stats]
[2026/07/17 08:38:32.707 +08:00] [INFO] [stats_syncload.go:255] ["SubLoadWorker: exits now because the domain is closed."] [category=stats]
[2026/07/17 08:38:32.707 +08:00] [INFO] [stats_syncload.go:255] ["SubLoadWorker: exits now because the domain is closed."] [category=stats]
[2026/07/17 08:38:32.707 +08:00] [INFO] [stats_syncload.go:245] ["SubLoadWorker: exited."] [category=stats]
[2026/07/17 08:38:32.707 +08:00] [INFO] [stats_syncload.go:245] ["SubLoadWorker: exited."] [category=stats]
[2026/07/17 08:38:32.707 +08:00] [INFO] [domain.go:2174] ["indexUsageWorker exited."]
[2026/07/17 08:38:32.707 +08:00] [INFO] [syncer.go:422] ["topology sync loop exited."]
[2026/07/17 08:38:32.707 +08:00] [INFO] [scheduler_manager.go:413] ["cleanup loop exits"] [server-id=:4000]
[2026/07/17 08:38:32.707 +08:00] [INFO] [domain.go:1403] ["loadPrivilegeInLoop exited."]
[2026/07/17 08:38:32.707 +08:00] [INFO] [stats_syncload.go:255] ["SubLoadWorker: exits now because the domain is closed."] [category=stats]
[2026/07/17 08:38:32.707 +08:00] [INFO] [domain.go:2147] ["asyncLoadStats exited."]
[2026/07/17 08:38:32.707 +08:00] [INFO] [scheduler_manager.go:225] ["schedule task loop exits"] [server-id=:4000]
[2026/07/17 08:38:32.707 +08:00] [INFO] [stats_syncload.go:255] ["SubLoadWorker: exits now because the domain is closed."] [category=stats]
[2026/07/17 08:38:32.707 +08:00] [INFO] [stats_syncload.go:245] ["SubLoadWorker: exited."] [category=stats]
[2026/07/17 08:38:32.708 +08:00] [INFO] [stats_syncload.go:245] ["SubLoadWorker: exited."] [category=stats]
[2026/07/17 08:38:32.708 +08:00] [INFO] [scheduler_manager.go:337] ["subtask history table gc loop exits"] [server-id=:4000]
[2026/07/17 08:38:32.707 +08:00] [INFO] [wait_group_wrapper.go:150] ["background process exited"] [source=domain] [process=analyzeJobsCleanupWorker]
[2026/07/17 08:38:32.707 +08:00] [INFO] [flusher.go:89] ["flushing remaining records before stop"] [name=quarantine-record]
[2026/07/17 08:38:32.707 +08:00] [INFO] [wait_group_wrapper.go:150] ["background process exited"] [source=domain] [process=asyncLoadHistogram]
[2026/07/17 08:38:32.708 +08:00] [INFO] [domain.go:419] ["globalConfigSyncerKeeper exited."]
[2026/07/17 08:38:32.707 +08:00] [INFO] [syncer.go:288] ["server info sync loop exited."]
[2026/07/17 08:38:32.708 +08:00] [INFO] [wait_group_wrapper.go:150] ["background process exited"] [source=domain] [process=globalConfigSyncerKeeper]
[2026/07/17 08:38:32.708 +08:00] [INFO] [wait_group_wrapper.go:150] ["background process exited"] [source=domain] [process=infoSyncerKeeper]
[2026/07/17 08:38:32.707 +08:00] [INFO] [domain.go:2282] ["dumpColStatsUsageWorker exited."]
[2026/07/17 08:38:32.707 +08:00] [INFO] [domain.go:2945] ["planCacheEvictTrigger exited."]
[2026/07/17 08:38:32.708 +08:00] [INFO] [wait_group_wrapper.go:150] ["background process exited"] [source=domain] [process=planCacheEvictTrigger]
[2026/07/17 08:38:32.707 +08:00] [INFO] [wait_group_wrapper.go:150] ["background process exited"] [source=domain] [process=indexUsageWorker]
[2026/07/17 08:38:32.707 +08:00] [INFO] [wait_group_wrapper.go:150] ["background process exited"] [source=domain] [process=topologySyncerKeeper]
[2026/07/17 08:38:32.707 +08:00] [INFO] [wait_group_wrapper.go:150] ["background process exited"] [source=domain] [process=loadPrivilegeInLoop]
[2026/07/17 08:38:32.707 +08:00] [INFO] [manager.go:420] ["watch owner finished"] [key=/tidb/br-stream/owner] [id=60ff0354-911f-417f-b787-ec67b6295441] []
[2026/07/17 08:38:32.708 +08:00] [INFO] [manager.go:333] ["retire owner"] [key=/tidb/br-stream/owner] [id=60ff0354-911f-417f-b787-ec67b6295441]
[2026/07/17 08:38:32.708 +08:00] [INFO] [manager.go:424] ["is not the owner"] [key=/tidb/br-stream/owner] [id=60ff0354-911f-417f-b787-ec67b6295441]
[2026/07/17 08:38:32.708 +08:00] [INFO] [manager.go:385] ["break campaign loop, context is done"] [key=/tidb/br-stream/owner] [id=60ff0354-911f-417f-b787-ec67b6295441]
[2026/07/17 08:38:32.707 +08:00] [INFO] [manager.go:420] ["watch owner finished"] [key=/tidb/stats/owner] [id=d0bff9fe-54e0-416a-acd6-0f236e6a18c3] []
[2026/07/17 08:38:32.708 +08:00] [INFO] [manager.go:333] ["retire owner"] [key=/tidb/stats/owner] [id=d0bff9fe-54e0-416a-acd6-0f236e6a18c3]
[2026/07/17 08:38:32.708 +08:00] [INFO] [manager.go:424] ["is not the owner"] [key=/tidb/stats/owner] [id=d0bff9fe-54e0-416a-acd6-0f236e6a18c3]
[2026/07/17 08:38:32.708 +08:00] [INFO] [manager.go:385] ["break campaign loop, context is done"] [key=/tidb/stats/owner] [id=d0bff9fe-54e0-416a-acd6-0f236e6a18c3]
[2026/07/17 08:38:32.707 +08:00] [INFO] [scheduler_manager.go:495] ["collect loop exits"] [server-id=:4000]
[2026/07/17 08:38:32.708 +08:00] [INFO] [flusher.go:91] ["stopped flusher"] [name=quarantine-record]
[2026/07/17 08:38:32.708 +08:00] [INFO] [domain.go:1239] ["dist task scheduler manager stopped"] [id=d0bff9fe-54e0-416a-acd6-0f236e6a18c3]
[2026/07/17 08:38:32.708 +08:00] [INFO] [domain.go:1222] ["stopping dist task executor manager"]
[2026/07/17 08:38:32.708 +08:00] [INFO] [manager.go:285] ["recoverMetaLoop done"] [server-id=:4000]
[2026/07/17 08:38:32.708 +08:00] [INFO] [flusher.go:89] ["flushing remaining records before stop"] [name=stale-quarantine-record]
[2026/07/17 08:38:32.708 +08:00] [INFO] [flusher.go:91] ["stopped flusher"] [name=stale-quarantine-record]
[2026/07/17 08:38:32.708 +08:00] [INFO] [manager.go:205] ["runaway record flush loop exit"]
[2026/07/17 08:38:32.708 +08:00] [INFO] [wait_group_wrapper.go:150] ["background process exited"] [source=domain] [process=runawayRecordFlushLoop]
[2026/07/17 08:38:32.707 +08:00] [INFO] [stats_syncload.go:255] ["SubLoadWorker: exits now because the domain is closed."] [category=stats]
[2026/07/17 08:38:32.708 +08:00] [INFO] [stats_syncload.go:245] ["SubLoadWorker: exited."] [category=stats]
[2026/07/17 08:38:32.708 +08:00] [INFO] [wait_group_wrapper.go:150] ["background process exited"] [source=domain] [process=dumpColStatsUsageWorker]
[2026/07/17 08:38:32.708 +08:00] [INFO] [manager.go:157] ["handle tasks loop done"] [server-id=:4000]
[2026/07/17 08:38:32.708 +08:00] [INFO] [domain.go:1224] ["dist task executor manager stopped"]
[2026/07/17 08:38:32.708 +08:00] [INFO] [wait_group_wrapper.go:150] ["background process exited"] [source=domain] [process=distTaskFrameworkLoop]
[2026/07/17 08:38:32.708 +08:00] [INFO] [manager.go:420] ["watch owner finished"] [key=/tidb/bindinfo/owner] [id=d0bff9fe-54e0-416a-acd6-0f236e6a18c3] []
[2026/07/17 08:38:32.708 +08:00] [INFO] [manager.go:333] ["retire owner"] [key=/tidb/bindinfo/owner] [id=d0bff9fe-54e0-416a-acd6-0f236e6a18c3]
[2026/07/17 08:38:32.708 +08:00] [INFO] [manager.go:424] ["is not the owner"] [key=/tidb/bindinfo/owner] [id=d0bff9fe-54e0-416a-acd6-0f236e6a18c3]
[2026/07/17 08:38:32.708 +08:00] [INFO] [manager.go:385] ["break campaign loop, context is done"] [key=/tidb/bindinfo/owner] [id=d0bff9fe-54e0-416a-acd6-0f236e6a18c3]
[2026/07/17 08:38:32.721 +08:00] [INFO] [domain.go:2225] ["deltaUpdateTicker exit preprocessing finished"]
[2026/07/17 08:38:32.721 +08:00] [INFO] [wait_group_wrapper.go:150] ["background process exited"] [source=domain] [process=deltaUpdateTickerWorker]
[2026/07/17 08:38:32.724 +08:00] [INFO] [manager.go:431] ["etcd session close failed"] [key=/tidb/stats/owner] [id=d0bff9fe-54e0-416a-acd6-0f236e6a18c3] [error="context canceled"]
[2026/07/17 08:38:32.724 +08:00] [INFO] [domain.go:2201] ["gcStatsWorker exit preprocessing finished"]
[2026/07/17 08:38:32.724 +08:00] [INFO] [domain.go:2246] ["gcStatsWorker exited."]
[2026/07/17 08:38:32.724 +08:00] [INFO] [wait_group_wrapper.go:150] ["background process exited"] [source=domain] [process=mdlCheckLoop]
[2026/07/17 08:38:32.724 +08:00] [INFO] [wait_group_wrapper.go:150] ["background process exited"] [source=domain] [process=gcStatsWorker]
[2026/07/17 08:38:32.724 +08:00] [INFO] [domain.go:391] ["topNSlowQueryLoop exited."]
[2026/07/17 08:38:32.724 +08:00] [INFO] [wait_group_wrapper.go:150] ["background process exited"] [source=domain] [process=topNSlowQueryLoop]
[2026/07/17 08:38:32.724 +08:00] [INFO] [syncer.go:304] ["info schema sync loop exited."]
[2026/07/17 08:38:32.724 +08:00] [INFO] [wait_group_wrapper.go:150] ["background process exited"] [source=domain] [process=loadSchemaInLoop]
[2026/07/17 08:38:32.724 +08:00] [INFO] [domain.go:979] ["closestReplicaReadCheckLoop exited."]
[2026/07/17 08:38:32.724 +08:00] [INFO] [wait_group_wrapper.go:150] ["background process exited"] [source=domain] [process=closestReplicaReadCheckLoop]
[2026/07/17 08:38:32.724 +08:00] [INFO] [manager.go:431] ["etcd session close failed"] [key=/tidb/bindinfo/owner] [id=d0bff9fe-54e0-416a-acd6-0f236e6a18c3] [error="context canceled"]
[2026/07/17 08:38:32.724 +08:00] [INFO] [domain.go:1616] ["globalBindHandleWorkerLoop exited."]
[2026/07/17 08:38:32.724 +08:00] [WARN] [meta_storage_client.go:165] ["watch stream closed"] [error="rpc error: code = Canceled desc = context canceled"]
[2026/07/17 08:38:32.725 +08:00] [INFO] [wait_group_wrapper.go:150] ["background process exited"] [source=domain] [process=globalBindHandleWorkerLoop]
[2026/07/17 08:38:32.725 +08:00] [INFO] [advancer_cliext.go:194] ["Start collecting remaining events in the channel."] [category="log backup advancer"] [remained=0]
[2026/07/17 08:38:32.725 +08:00] [WARN] [meta_storage_client.go:165] ["watch stream closed"] [error="rpc error: code = Canceled desc = context canceled"]
[2026/07/17 08:38:32.724 +08:00] [INFO] [owner_daemon.go:87] ["daemon loop exits"] [id=60ff0354-911f-417f-b787-ec67b6295441] [daemon-id=LogBackup::Advancer]
[2026/07/17 08:38:32.725 +08:00] [INFO] [wait_group_wrapper.go:150] ["background process exited"] [source=domain] [process=logBackupAdvancer]
[2026/07/17 08:38:32.725 +08:00] [INFO] [advancer_cliext.go:199] ["Finish collecting remaining events in the channel."] [category="log backup advancer"]
[2026/07/17 08:38:32.755 +08:00] [INFO] [domain.go:550] ["domain closed"] ["take time"=69.401083ms]
[2026/07/17 08:38:32.770 +08:00] [INFO] [client.go:356] ["[pd] http client closed"] [source=tikv-driver]
[2026/07/17 08:38:32.770 +08:00] [INFO] [inner_client.go:96] ["[pd] exit router client initializer"]
[2026/07/17 08:38:32.770 +08:00] [INFO] [router_service_discovery.go:273] ["[router service] exit check member loop"]
[2026/07/17 08:38:32.770 +08:00] [INFO] [resource_manager_client.go:341] ["[resource manager] exit resource token dispatcher"]
[2026/07/17 08:38:32.770 +08:00] [INFO] [dispatcher.go:207] ["[tso] stop fetching the pending tso requests due to context canceled"]
[2026/07/17 08:38:32.770 +08:00] [INFO] [router_service_discovery.go:315] ["[router service] exit health check member loop"]
[2026/07/17 08:38:32.770 +08:00] [INFO] [dispatcher.go:149] ["[tso] exit tso dispatcher"]
[2026/07/17 08:38:32.770 +08:00] [INFO] [service_discovery.go:562] ["[pd] exit member loop due to context canceled"]
[2026/07/17 08:38:32.770 +08:00] [INFO] [router_service_discovery.go:287] ["[router service] closing router service discovery"]
[2026/07/17 08:38:32.770 +08:00] [INFO] [router_service_discovery.go:303] ["[router service] is closed"]
[2026/07/17 08:38:32.770 +08:00] [INFO] [client.go:155] ["[tso] closing tso client"]
[2026/07/17 08:38:32.770 +08:00] [INFO] [client.go:160] ["[tso] close tso client"]
[2026/07/17 08:38:32.770 +08:00] [INFO] [client.go:277] ["[tso] exit tso connection contexts updater"]
[2026/07/17 08:38:32.770 +08:00] [INFO] [stream.go:366] ["tsoStream.recvLoop ended"] [stream=127.0.0.1:2379-1] [error="rpc error: code = Canceled desc = context canceled"] [errorVerbose="rpc error: code = Canceled desc = context canceled\ngithub.com/tikv/pd/client/clients/tso.(*tsoStream).recvLoop\n\t/Users/bba/.gvm/pkgsets/go1.25.1/global/pkg/mod/github.com/tikv/pd/client@v0.0.0-20260708075407-4e05b9d2c2d3/clients/tso/stream.go:434\nruntime.goexit\n\t/Users/bba/.gvm/pkgsets/go1.25.1/global/pkg/mod/golang.org/toolchain@v0.0.1-go1.25.10.darwin-arm64/src/runtime/asm_arm64.s:1268"]
[2026/07/17 08:38:32.770 +08:00] [INFO] [watcher.go:73] ["[pd] exit the deadline watcher"] [source=tso]
[2026/07/17 08:38:32.770 +08:00] [INFO] [client.go:162] ["[tso] tso client is closed"]
[2026/07/17 08:38:32.770 +08:00] [INFO] [service_discovery.go:653] ["[pd] close service discovery client"]
[2026/07/17 08:38:32.770 +08:00] [INFO] [inner_client.go:275] ["[pd] close client successfully"]
--- PASS: TestAINativeAutocommitRetryRechecksMissingFKParent (1.81s)
PASS
ok  	github.com/pingcap/tidb/tests/realtikvtest/txntest	4.078s
