=== RUN   TestAINativeFailedStatementCannotPoisonPriorMutation
[2026/07/17 08:19:45.632 +08:00] [INFO] [service_discovery.go:1030] ["[pd] switch leader"] [new-leader=http://127.0.0.1:2379] [old-leader=]
[2026/07/17 08:19:45.632 +08:00] [INFO] [service_discovery.go:509] ["[pd] init cluster id"] [cluster-id=7663260337933155013]
[2026/07/17 08:19:45.632 +08:00] [INFO] [client.go:214] ["[tso] switch the tso leader serving url"] [new-url=http://127.0.0.1:2379]
[2026/07/17 08:19:45.632 +08:00] [INFO] [inner_client.go:173] ["[pd] tso provider changed to pd"]
[2026/07/17 08:19:45.632 +08:00] [INFO] [watcher.go:56] ["[pd] start the deadline watcher"] [source=tso]
[2026/07/17 08:19:45.632 +08:00] [INFO] [client.go:251] ["[tso] start tso connection contexts updater"]
[2026/07/17 08:19:45.632 +08:00] [INFO] [dispatcher.go:146] ["[tso] tso dispatcher created"]
[2026/07/17 08:19:45.633 +08:00] [INFO] [dispatcher.go:598] ["[tso] switching tso rpc concurrency"] [old=0] [new=1]
[2026/07/17 08:19:45.633 +08:00] [INFO] [inner_client.go:154] ["[pd] service mode changed"] [new-mode=PD_SVC_MODE]
[2026/07/17 08:19:45.633 +08:00] [INFO] [router_service_discovery.go:162] ["[router service] created router service discovery"] [cluster-id=7663260337933155013] [keyspace-id=4294967295] [default-discovery-key=/ms/7663260337933155013/router/registry/]
[2026/07/17 08:19:45.633 +08:00] [INFO] [router_service_discovery.go:174] ["[router service] initializing router service discovery"] [max-retry-times=100] [retry-interval=1s]
[2026/07/17 08:19:45.634 +08:00] [INFO] [router_service_discovery.go:260] ["[router service] update member sorted urls"] [new-sorted-urls="[]"]
[2026/07/17 08:19:45.634 +08:00] [INFO] [router_service_discovery.go:245] ["[router service] updating nodes succeeded"] [urls="[]"] [clients-length=0]
[2026/07/17 08:19:45.634 +08:00] [INFO] [client.go:424] ["[router] connection daemon is started"]
[2026/07/17 08:19:45.634 +08:00] [INFO] [client.go:585] ["[router] dispatcher is started"]
[2026/07/17 08:19:45.634 +08:00] [INFO] [tikv_driver.go:194] ["using API V1."]
[2026/07/17 08:19:45.634 +08:00] [INFO] [client.go:509] ["[router] successfully established the leader router stream connection"] [url=http://127.0.0.1:2379]
[2026/07/17 08:19:45.634 +08:00] [INFO] [inner_client.go:91] ["[pd] start router client initializer"]
[2026/07/17 08:19:45.634 +08:00] [INFO] [metamanager.go:146] ["return meta service group info"] [meta-service-info="{\"PDAddrs\":[\"127.0.0.1:2379\"],\"Group\":{\"GroupID\":\"0\",\"Addrs\":[\"127.0.0.1:2379\"]}}"]
[2026/07/17 08:19:45.637 +08:00] [INFO] [store_cache.go:572] ["change store resolve state"] [store=1] [addr=127.0.0.1:20160] [from=unresolved] [to=resolved] [liveness-state=reachable]
[2026/07/17 08:19:45.640 +08:00] [INFO] [session.go:4425] ["cluster already bootstrapped"] [version=263]
[2026/07/17 08:19:45.641 +08:00] [INFO] [tidb.go:103] ["new domain"] [store=tikv-7663260337933155013/] ["ddl lease"=500ms] ["stats lease"=3s]
[2026/07/17 08:19:45.668 +08:00] [INFO] [info.go:279] ["init TiFlashReplicaManager"]
[2026/07/17 08:19:45.697 +08:00] [INFO] [domain.go:2708] [acquireServerID] [serverID=254] ["lease id"=22319f6d19c6bc52]
[2026/07/17 08:19:45.701 +08:00] [INFO] [global_controller.go:219] ["load resource controller config"] [config="{\"degraded-mode-wait-duration\":\"0s\",\"ltb-max-wait-duration\":\"30s\",\"ltb-token-rpc-max-delay\":\"1s\",\"request-unit\":{\"read-base-cost\":0.125,\"read-per-batch-base-cost\":0.5,\"read-cost-per-byte\":0.0000152587890625,\"write-base-cost\":1,\"write-per-batch-base-cost\":1,\"write-cost-per-byte\":0.0009765625,\"read-cpu-ms-cost\":0.3333333333333333},\"enable-controller-trace-log\":\"false\",\"token-rpc-params\":{\"wait-retry-interval\":\"50ms\",\"wait-retry-times\":20}}"] [ru-config="{\"ReadBaseCost\":0.125,\"ReadPerBatchBaseCost\":0.5,\"ReadBytesCost\":0.0000152587890625,\"WriteBaseCost\":1,\"WritePerBatchBaseCost\":1,\"WriteBytesCost\":0.0009765625,\"CPUMsCost\":0.3333333333333333,\"LTBMaxWaitDuration\":30000000000,\"WaitRetryInterval\":50000000,\"WaitRetryTimes\":20,\"DegradedModeWaitDuration\":0}"] [keyspace-id=4294967295]
[2026/07/17 08:19:45.709 +08:00] [INFO] [loader.go:281] ["full load InfoSchema success"] [mode=auto] [isV2=true] [currentSchemaVersion=0] [neededSchemaVersion=199] ["elapsed time"=6.267709ms]
[2026/07/17 08:19:45.709 +08:00] [INFO] [syncer.go:456] ["full load and reset schema validator"]
[2026/07/17 08:19:45.716 +08:00] [INFO] [ddl.go:1157] ["DDL closed"] [category=ddl] [ID=c3671148-c277-47ec-9652-2a4c9823e2d8] ["take time"=3.718667ms]
[2026/07/17 08:19:45.716 +08:00] [INFO] [ddl.go:848] ["stop DDL"] [category=ddl] [ID=c3671148-c277-47ec-9652-2a4c9823e2d8]
[2026/07/17 08:19:45.728 +08:00] [INFO] [domain.go:2733] ["releaseServerID succeed"] [serverID=254] [leaseID=2463925762081078354]
[2026/07/17 08:19:45.728 +08:00] [WARN] [meta_storage_client.go:165] ["watch stream closed"] [error="rpc error: code = Canceled desc = context canceled"]
[2026/07/17 08:19:45.728 +08:00] [WARN] [meta_storage_client.go:165] ["watch stream closed"] [error="rpc error: code = Canceled desc = context canceled"]
[2026/07/17 08:19:45.741 +08:00] [INFO] [domain.go:550] ["domain closed"] ["take time"=28.918583ms]
[2026/07/17 08:19:45.741 +08:00] [INFO] [tidb.go:103] ["new domain"] [store=tikv-7663260337933155013/] ["ddl lease"=500ms] ["stats lease"=3s]
[2026/07/17 08:19:45.762 +08:00] [INFO] [info.go:279] ["init TiFlashReplicaManager"]
[2026/07/17 08:19:45.783 +08:00] [INFO] [domain.go:2708] [acquireServerID] [serverID=1124] ["lease id"=22319f6d19c6bc6b]
[2026/07/17 08:19:45.787 +08:00] [INFO] [global_controller.go:219] ["load resource controller config"] [config="{\"degraded-mode-wait-duration\":\"0s\",\"ltb-max-wait-duration\":\"30s\",\"ltb-token-rpc-max-delay\":\"1s\",\"request-unit\":{\"read-base-cost\":0.125,\"read-per-batch-base-cost\":0.5,\"read-cost-per-byte\":0.0000152587890625,\"write-base-cost\":1,\"write-per-batch-base-cost\":1,\"write-cost-per-byte\":0.0009765625,\"read-cpu-ms-cost\":0.3333333333333333},\"enable-controller-trace-log\":\"false\",\"token-rpc-params\":{\"wait-retry-interval\":\"50ms\",\"wait-retry-times\":20}}"] [ru-config="{\"ReadBaseCost\":0.125,\"ReadPerBatchBaseCost\":0.5,\"ReadBytesCost\":0.0000152587890625,\"WriteBaseCost\":1,\"WritePerBatchBaseCost\":1,\"WriteBytesCost\":0.0009765625,\"CPUMsCost\":0.3333333333333333,\"LTBMaxWaitDuration\":30000000000,\"WaitRetryInterval\":50000000,\"WaitRetryTimes\":20,\"DegradedModeWaitDuration\":0}"] [keyspace-id=4294967295]
[2026/07/17 08:19:45.796 +08:00] [INFO] [loader.go:281] ["full load InfoSchema success"] [mode=auto] [isV2=true] [currentSchemaVersion=0] [neededSchemaVersion=199] ["elapsed time"=7.290625ms]
[2026/07/17 08:19:45.796 +08:00] [INFO] [syncer.go:456] ["full load and reset schema validator"]
[2026/07/17 08:19:45.802 +08:00] [INFO] [ddl.go:1068] ["change job version in use"] [category=ddl] [old=v1] [new=v2]
[2026/07/17 08:19:45.802 +08:00] [INFO] [ddl.go:992] ["job version in use is not v2 or global index v1 not supported, maybe in upgrade, start detecting"] [category=ddl] [current=v2] [globalIndexV1Supported=false]
[2026/07/17 08:19:45.802 +08:00] [INFO] [ddl.go:881] ["start DDL"] [category=ddl] [ID=c3671148-c277-47ec-9652-2a4c9823e2d8] [runWorker=true] [jobVersion=v2] [startMode=normal]
[2026/07/17 08:19:45.802 +08:00] [INFO] [ddl.go:856] ["start delRangeManager OK"] [category=ddl] ["is a emulator"=false]
[2026/07/17 08:19:45.806 +08:00] [INFO] [manager.go:289] ["start campaign owner"] [key=/tidb/ddl/fg/owner] [id=c3671148-c277-47ec-9652-2a4c9823e2d8]
[2026/07/17 08:19:45.808 +08:00] [WARN] [global_controller.go:850] ["[resource group controller] resource group name does not exist"] [name=default]
[2026/07/17 08:19:45.810 +08:00] [INFO] [env.go:123] ["the ingest sorted directory"] [category=ddl-ingest] ["data path"=/tmp/tidb/tmp_ddl-4000]
[2026/07/17 08:19:45.810 +08:00] [WARN] [env.go:84] ["ingest backfill may not be available"] [category=ddl-ingest] [error="the available disk space(44897566720) in /tmp/tidb/tmp_ddl-4000 should be greater than @@tidb_ddl_disk_quota(107374182400)"] [errorVerbose="the available disk space(44897566720) in /tmp/tidb/tmp_ddl-4000 should be greater than @@tidb_ddl_disk_quota(107374182400)\ngithub.com/pingcap/tidb/pkg/ddl/ingest.(*diskRootImpl).StartupCheck\n\t/Users/bba/pc/tidb-ai-master/pkg/ddl/ingest/disk_root.go:191\ngithub.com/pingcap/tidb/pkg/ddl/ingest.InitGlobalLightningEnv\n\t/Users/bba/pc/tidb-ai-master/pkg/ddl/ingest/env.go:82\ngithub.com/pingcap/tidb/pkg/ddl.(*ddl).Start\n\t/Users/bba/pc/tidb-ai-master/pkg/ddl/ddl.go:942\ngithub.com/pingcap/tidb/pkg/domain.(*Domain).Start\n\t/Users/bba/pc/tidb-ai-master/pkg/domain/domain.go:809\ngithub.com/pingcap/tidb/pkg/session.bootstrapSessionImpl\n\t/Users/bba/pc/tidb-ai-master/pkg/session/session.go:4483\ngithub.com/pingcap/tidb/pkg/session.BootstrapSession\n\t/Users/bba/pc/tidb-ai-master/pkg/session/session.go:4360\ngithub.com/pingcap/tidb/tests/realtikvtest.CreateMockStoreAndDomainAndSetup\n\t/Users/bba/pc/tidb-ai-master/tests/realtikvtest/testkit.go:297\ngithub.com/pingcap/tidb/tests/realtikvtest.CreateMockStoreAndSetup\n\t/Users/bba/pc/tidb-ai-master/tests/realtikvtest/testkit.go:225\ngithub.com/pingcap/tidb/tests/realtikvtest/txntest.TestAINativeFailedStatementCannotPoisonPriorMutation\n\t/Users/bba/pc/tidb-ai-master/tests/realtikvtest/txntest/ai_native_unique_owner_fuzz_test.go:875\ntesting.tRunner\n\t/Users/bba/.gvm/pkgsets/go1.25.1/global/pkg/mod/golang.org/toolchain@v0.0.1-go1.25.10.darwin-arm64/src/testing/testing.go:1934\nruntime.goexit\n\t/Users/bba/.gvm/pkgsets/go1.25.1/global/pkg/mod/golang.org/toolchain@v0.0.1-go1.25.10.darwin-arm64/src/runtime/asm_arm64.s:1268"]
[2026/07/17 08:19:45.810 +08:00] [INFO] [env.go:88] ["init global ingest backend environment finished"] [category=ddl-ingest] ["memory limitation"=19327352832] ["disk usage info"="disk usage: 949765017600/994662584320, backend usage: 0"] ["max open file number"=138240] ["lightning is initialized"=true]
[2026/07/17 08:19:45.810 +08:00] [INFO] [wait_group_wrapper.go:141] ["background process started"] [source=domain] [process=loadSchemaInLoop]
[2026/07/17 08:19:45.810 +08:00] [INFO] [wait_group_wrapper.go:141] ["background process started"] [source=domain] [process=mdlCheckLoop]
[2026/07/17 08:19:45.810 +08:00] [INFO] [wait_group_wrapper.go:141] ["background process started"] [source=domain] [process=topNSlowQueryLoop]
[2026/07/17 08:19:45.810 +08:00] [INFO] [wait_group_wrapper.go:141] ["background process started"] [source=domain] [process=infoSyncerKeeper]
[2026/07/17 08:19:45.810 +08:00] [INFO] [wait_group_wrapper.go:141] ["background process started"] [source=domain] [process=globalConfigSyncerKeeper]
[2026/07/17 08:19:45.810 +08:00] [INFO] [wait_group_wrapper.go:141] ["background process started"] [source=domain] [process=runawayRecordFlushLoop]
[2026/07/17 08:19:45.810 +08:00] [INFO] [wait_group_wrapper.go:141] ["background process started"] [source=domain] [process=runawayWatchSyncLoop]
[2026/07/17 08:19:45.810 +08:00] [INFO] [wait_group_wrapper.go:141] ["background process started"] [source=domain] [process=requestUnitsWriterLoop]
[2026/07/17 08:19:45.810 +08:00] [INFO] [wait_group_wrapper.go:141] ["background process started"] [source=domain] [process=topologySyncerKeeper]
[2026/07/17 08:19:45.810 +08:00] [INFO] [wait_group_wrapper.go:141] ["background process started"] [source=domain] [process=closestReplicaReadCheckLoop]
[2026/07/17 08:19:45.810 +08:00] [INFO] [wait_group_wrapper.go:150] ["background process exited"] [source=domain] [process=requestUnitsWriterLoop]
[2026/07/17 08:19:45.810 +08:00] [INFO] [owner_daemon.go:70] ["begin advancer daemon"] [daemon-id=LogBackup::Advancer]
[2026/07/17 08:19:45.810 +08:00] [INFO] [manager.go:289] ["start campaign owner"] [key=/tidb/br-stream/owner] [id=dfa654ef-3b2b-48c5-ad3c-cd3052609566]
[2026/07/17 08:19:45.818 +08:00] [INFO] [manager.go:527] ["get owner"] [key=/tidb/ddl/fg/owner] ["owner key"=/tidb/ddl/fg/owner/22319f6d19c6bc76] [ownerID=c3671148-c277-47ec-9652-2a4c9823e2d8]
[2026/07/17 08:19:45.818 +08:00] [INFO] [manager.go:324] ["become owner"] [key=/tidb/ddl/fg/owner] [id=c3671148-c277-47ec-9652-2a4c9823e2d8]
[2026/07/17 08:19:45.818 +08:00] [INFO] [manager.go:616] ["watching owner key"] [key=/tidb/ddl/fg/owner] [id=c3671148-c277-47ec-9652-2a4c9823e2d8] [ownerKey=/tidb/ddl/fg/owner/22319f6d19c6bc76] [currRev=4049]
[2026/07/17 08:19:45.823 +08:00] [INFO] [job_scheduler.go:363] ["get global state and global state change"] [category=ddl] [oldState=false] [currState=false]
[2026/07/17 08:19:45.823 +08:00] [INFO] [manager.go:561] ["set owner op is the same as the original, so do nothing."] [key=/tidb/ddl/fg/owner] [id=c3671148-c277-47ec-9652-2a4c9823e2d8] [op=none]
[2026/07/17 08:19:45.823 +08:00] [INFO] [job_scheduler.go:375] ["the owner sets owner operator value"] [category=ddl] [ownerOp=none]
[2026/07/17 08:19:45.823 +08:00] [INFO] [manager.go:527] ["get owner"] [key=/tidb/br-stream/owner] ["owner key"=/tidb/br-stream/owner/22319f6d19c6bc7a] [ownerID=dfa654ef-3b2b-48c5-ad3c-cd3052609566]
[2026/07/17 08:19:45.823 +08:00] [INFO] [manager.go:324] ["become owner"] [key=/tidb/br-stream/owner] [id=dfa654ef-3b2b-48c5-ad3c-cd3052609566]
[2026/07/17 08:19:45.823 +08:00] [INFO] [manager.go:616] ["watching owner key"] [key=/tidb/br-stream/owner] [id=dfa654ef-3b2b-48c5-ad3c-cd3052609566] [ownerKey=/tidb/br-stream/owner/22319f6d19c6bc7a] [currRev=4050]
[2026/07/17 08:19:45.823 +08:00] [INFO] [wait_group_wrapper.go:141] ["background process started"] [source=domain] [process=logBackupAdvancer]
[2026/07/17 08:19:45.823 +08:00] [INFO] [owner_daemon.go:81] ["begin running daemon"] [id=dfa654ef-3b2b-48c5-ad3c-cd3052609566] [daemon-id=LogBackup::Advancer]
[2026/07/17 08:19:45.824 +08:00] [WARN] [sysvar_cache.go:53] ["sysvar cache is empty, triggering rebuild"]
[2026/07/17 08:19:45.826 +08:00] [INFO] [client.go:434] ["[router] follower handle status changed"] [enable=true]
[2026/07/17 08:19:45.827 +08:00] [INFO] [inner_client.go:103] ["[pd] notified to disable the router client"]
[2026/07/17 08:19:45.827 +08:00] [INFO] [client.go:325] ["[router] closing router client"]
[2026/07/17 08:19:45.827 +08:00] [INFO] [client.go:606] ["[router] stop fetching the pending router requests due to context canceled"]
[2026/07/17 08:19:45.827 +08:00] [INFO] [client.go:587] ["[router] dispatcher is exiting"]
[2026/07/17 08:19:45.827 +08:00] [INFO] [client.go:592] ["[router] dispatcher exited"]
[2026/07/17 08:19:45.827 +08:00] [INFO] [client.go:430] ["[router] connection daemon is exiting"]
[2026/07/17 08:19:45.827 +08:00] [INFO] [client.go:330] ["[router] router client is closed"]
[2026/07/17 08:19:45.827 +08:00] [INFO] [sysvar.go:3400] ["set resource control"] [enable=true]
[2026/07/17 08:19:45.827 +08:00] [INFO] [global_controller.go:586] ["[resource group controller] create resource group cost controller"] [name=default]
[2026/07/17 08:19:45.827 +08:00] [INFO] [wait_group_wrapper.go:141] ["background process started"] [source=domain] [process=loadPrivilegeInLoop]
[2026/07/17 08:19:45.829 +08:00] [INFO] [wait_group_wrapper.go:141] ["background process started"] [source=domain] [process=LoadSysVarCacheLoop]
[2026/07/17 08:19:45.833 +08:00] [INFO] [binding_cache.go:75] ["load bindings"] [category=sql-bind] [fullLoad=true] [fromRemote=false] [cacheSizeChange=false] [hasNewBinding=false] [cacheCapacity=67108864] [cacheUsage=0] [cachedBindingNum=0] [duration=1.89975ms] []
[2026/07/17 08:19:45.833 +08:00] [INFO] [manager.go:289] ["start campaign owner"] [key=/tidb/bindinfo/owner] [id=c3671148-c277-47ec-9652-2a4c9823e2d8]
[2026/07/17 08:19:45.837 +08:00] [INFO] [wait_group_wrapper.go:141] ["background process started"] [source=domain] [process=globalBindHandleWorkerLoop]
[2026/07/17 08:19:45.838 +08:00] [INFO] [wait_group_wrapper.go:141] ["background process started"] [source=domain] [process=PlanReplayerTaskCollectHandle]
[2026/07/17 08:19:45.838 +08:00] [INFO] [wait_group_wrapper.go:141] ["background process started"] [source=domain] [process=PlanReplayerTaskDumpHandle]
[2026/07/17 08:19:45.838 +08:00] [INFO] [wait_group_wrapper.go:141] ["background process started"] [source=domain] [process=dumpFileGcChecker]
[2026/07/17 08:19:45.838 +08:00] [INFO] [wait_group_wrapper.go:141] ["background process started"] [source=domain] [process=HistoricalStatsWorker]
[2026/07/17 08:19:45.838 +08:00] [INFO] [domain.go:1803] ["PlanReplayerTaskCollectHandle started"]
[2026/07/17 08:19:45.838 +08:00] [INFO] [domain.go:1825] ["PlanReplayerTaskDumpHandle started"]
[2026/07/17 08:19:45.838 +08:00] [INFO] [domain.go:1857] ["dumpFileGcChecker started"]
[2026/07/17 08:19:45.838 +08:00] [INFO] [plan_replayer.go:407] ["planReplayerTaskDumpWorker started."]
[2026/07/17 08:19:45.838 +08:00] [INFO] [domain.go:1890] ["HistoricalStatsWorker started"]
[2026/07/17 08:19:45.838 +08:00] [INFO] [wait_group_wrapper.go:141] ["background process started"] [source=domain] [process=loadStatsWorker]
[2026/07/17 08:19:45.838 +08:00] [INFO] [manager.go:289] ["start campaign owner"] [key=/tidb/stats/owner] [id=c3671148-c277-47ec-9652-2a4c9823e2d8]
[2026/07/17 08:19:45.839 +08:00] [INFO] [bootstrap.go:872] ["Complete loading the stats meta in the lite mode"] [category=stats] [duration=785.958µs]
[2026/07/17 08:19:45.840 +08:00] [INFO] [bootstrap.go:879] ["Complete loading the histogram in the lite mode"] [category=stats] [duration=816.416µs]
[2026/07/17 08:19:45.840 +08:00] [INFO] [domain.go:2101] ["Init stats succeed"] [category=stats] [isLiteInitStats=true] [duration=1.953208ms]
[2026/07/17 08:19:45.845 +08:00] [INFO] [wait_group_wrapper.go:141] ["background process started"] [source=domain] [process=indexUsageWorker]
[2026/07/17 08:19:45.845 +08:00] [INFO] [wait_group_wrapper.go:141] ["background process started"] [source=domain] [process=asyncLoadHistogram]
[2026/07/17 08:19:45.845 +08:00] [INFO] [wait_group_wrapper.go:141] ["background process started"] [source=domain] [process=deltaUpdateTickerWorker]
[2026/07/17 08:19:45.845 +08:00] [INFO] [wait_group_wrapper.go:141] ["background process started"] [source=domain] [process=dumpColStatsUsageWorker]
[2026/07/17 08:19:45.845 +08:00] [INFO] [wait_group_wrapper.go:141] ["background process started"] [source=domain] [process=gcStatsWorker]
[2026/07/17 08:19:45.845 +08:00] [INFO] [wait_group_wrapper.go:141] ["background process started"] [source=domain] [process=autoAnalyzeWorker]
[2026/07/17 08:19:45.845 +08:00] [INFO] [wait_group_wrapper.go:141] ["background process started"] [source=domain] [process=analyzeJobsCleanupWorker]
[2026/07/17 08:19:45.845 +08:00] [INFO] [domain.go:2058] ["start load stats sub workers"] [workerCount=6]
[2026/07/17 08:19:45.845 +08:00] [INFO] [domain.go:2235] ["gcStatsWorker started."]
[2026/07/17 08:19:45.845 +08:00] [INFO] [wait_group_wrapper.go:141] ["background process started"] [source=domain] [process=planCacheEvictTrigger]
[2026/07/17 08:19:45.845 +08:00] [INFO] [wait_group_wrapper.go:141] ["background process started"] [source=domain] [process=planCacheMetricsAndVars]
[2026/07/17 08:19:45.845 +08:00] [INFO] [domain.go:2274] ["dumpColStatsUsageWorker started."]
[2026/07/17 08:19:45.845 +08:00] [INFO] [wait_group_wrapper.go:141] ["background process started"] [source=domain] [process=readTableCostWorker]
[2026/07/17 08:19:45.845 +08:00] [INFO] [domain.go:2301] ["deltaUpdateTickerWorker started."]
[2026/07/17 08:19:45.845 +08:00] [INFO] [wait_group_wrapper.go:141] ["background process started"] [source=domain] [process=loadSigningCertLoop]
[2026/07/17 08:19:45.845 +08:00] [INFO] [manager.go:527] ["get owner"] [key=/tidb/bindinfo/owner] ["owner key"=/tidb/bindinfo/owner/22319f6d19c6bc85] [ownerID=c3671148-c277-47ec-9652-2a4c9823e2d8]
[2026/07/17 08:19:45.845 +08:00] [INFO] [domain.go:1204] ["initialize node resource"] [total-cpu=14] [total-mem=36GiB] [dxf-resource-limit=100] [dxf-usable-cpu=14] [dxf-usable-mem=36GiB] [total-disk=926.4GiB]
[2026/07/17 08:19:45.845 +08:00] [INFO] [manager.go:324] ["become owner"] [key=/tidb/bindinfo/owner] [id=c3671148-c277-47ec-9652-2a4c9823e2d8]
[2026/07/17 08:19:45.845 +08:00] [INFO] [manager.go:616] ["watching owner key"] [key=/tidb/bindinfo/owner] [id=c3671148-c277-47ec-9652-2a4c9823e2d8] [ownerKey=/tidb/bindinfo/owner/22319f6d19c6bc85] [currRev=4051]
[2026/07/17 08:19:45.845 +08:00] [INFO] [notifier.go:225] ["etcd notify loop to watch timer events started"] [EtcdKey=/tidb/timer/cluster/1/notify/4be3999c-9e5b-46f3-86b5-b2d4112b6bf3]
[2026/07/17 08:19:45.846 +08:00] [INFO] [task_manager.go:248] ["scale ttl worker"] [ttl-worker=job-manager] [ttl-worker=c3671148-c277-47ec-9652-2a4c9823e2d8] [ttl-worker=task-manager] [ttl-worker=c3671148-c277-47ec-9652-2a4c9823e2d8] [originalCount=0] [newCount=4]
[2026/07/17 08:19:45.846 +08:00] [INFO] [task_manager.go:248] ["scale ttl worker"] [ttl-worker=job-manager] [ttl-worker=c3671148-c277-47ec-9652-2a4c9823e2d8] [ttl-worker=task-manager] [ttl-worker=c3671148-c277-47ec-9652-2a4c9823e2d8] [originalCount=0] [newCount=4]
[2026/07/17 08:19:45.846 +08:00] [INFO] [job_manager.go:519] ["TTL leader to collect delay metrics"] [ttl-worker=job-manager] [ttl-worker=c3671148-c277-47ec-9652-2a4c9823e2d8]
[2026/07/17 08:19:45.846 +08:00] [INFO] [helper.go:189] ["set random timezone for getStmtTimestamp"] [timezone=Local]
[2026/07/17 08:19:45.847 +08:00] [INFO] [wait_group_wrapper.go:141] ["background process started"] [source=domain] [process=distTaskFrameworkLoop]
[2026/07/17 08:19:45.847 +08:00] [INFO] [manager.go:124] ["task executor manager start"] [server-id=:4000]
[2026/07/17 08:19:45.847 +08:00] [INFO] [domain.go:1220] ["dist task executor manager started"]
[2026/07/17 08:19:45.847 +08:00] [INFO] [rate_limiter_param.go:104] ["loaded value from meta store"] [key=maxBatchSplitRanges] [value=2048]
[2026/07/17 08:19:45.848 +08:00] [INFO] [job_manager.go:1096] ["TTL leader to DoGC"] [ttl-worker=job-manager] [ttl-worker=c3671148-c277-47ec-9652-2a4c9823e2d8]
[2026/07/17 08:19:45.853 +08:00] [INFO] [manager.go:527] ["get owner"] [key=/tidb/stats/owner] ["owner key"=/tidb/stats/owner/22319f6d19c6bc88] [ownerID=c3671148-c277-47ec-9652-2a4c9823e2d8]
[2026/07/17 08:19:45.853 +08:00] [INFO] [manager.go:324] ["become owner"] [key=/tidb/stats/owner] [id=c3671148-c277-47ec-9652-2a4c9823e2d8]
[2026/07/17 08:19:45.853 +08:00] [INFO] [manager.go:616] ["watching owner key"] [key=/tidb/stats/owner] [id=c3671148-c277-47ec-9652-2a4c9823e2d8] [ownerKey=/tidb/stats/owner/22319f6d19c6bc88] [currRev=4053]
[2026/07/17 08:19:45.855 +08:00] [INFO] [set.go:194] ["set global var"] [conn=1] [name=innodb_lock_wait_timeout] [val=50]
[2026/07/17 08:19:45.858 +08:00] [INFO] [session.go:5195] ["CRUCIAL OPERATION"] [conn=1] [schemaVersion=199] [cur_db=test] [sql="alter table `ai_stmt_control` nocache"] [user=]
[2026/07/17 08:19:45.859 +08:00] [INFO] [session.go:5195] ["CRUCIAL OPERATION"] [conn=1] [schemaVersion=199] [cur_db=test] [sql="alter table `ai_stmt_probe` nocache"] [user=]
[2026/07/17 08:19:45.862 +08:00] [INFO] [job_submitter.go:118] ["add DDL jobs"] [category=ddl] ["batch count"=1] [jobs="ID:220, Type:drop table, State:queueing, SchemaState:public, SchemaID:114, TableID:216, RowCount:0, ArgLen:1, start time: 2026-07-17 08:19:45.828 +0800 CST, Err:<nil>, ErrCount:0, SnapshotVersion:0, Version: v2; "] [fast_create=true]
[2026/07/17 08:19:45.862 +08:00] [INFO] [executor.go:7285] ["DDL job submitted"] [category=ddl] [job="ID:220, Type:drop table, State:queueing, SchemaState:public, SchemaID:114, TableID:216, RowCount:0, ArgLen:1, start time: 2026-07-17 08:19:45.828 +0800 CST, Err:<nil>, ErrCount:0, SnapshotVersion:0, Version: v2"] [query="drop table `ai_stmt_control`,`ai_stmt_probe`"]
[2026/07/17 08:19:45.863 +08:00] [INFO] [job_worker.go:854] ["run one job step"] [category=ddl] [jobID=220] [conn=1] [job="ID:220, Type:drop table, State:queueing, SchemaState:public, SchemaID:114, TableID:216, RowCount:0, ArgLen:0, start time: 2026-07-17 08:19:45.828 +0800 CST, Err:<nil>, ErrCount:0, SnapshotVersion:0, Version: v2"]
[2026/07/17 08:19:45.870 +08:00] [INFO] [loader.go:216] ["diff load InfoSchema success"] [mode=auto] [isV2=true] [currVer=199] [neededVer=200] [gotVer=200] ["elapsed time"=367.75µs] [phyTblIDs="[216]"] [actionTypes="[4]"] [diffTypes="[\"drop table\"]"]
[2026/07/17 08:19:45.870 +08:00] [INFO] [syncer.go:281] ["mdl gets lock, update self version to owner"] [jobID=220] [version=200]
[2026/07/17 08:19:45.875 +08:00] [INFO] [schema_version.go:397] ["wait schema version synced success"] [category=ddl] [ver=200] [checkAssumedSvr=false] ["take time"=6.003667ms] [job="ID:220, Type:drop table, State:running, SchemaState:write only, SchemaID:114, TableID:216, RowCount:0, ArgLen:1, start time: 2026-07-17 08:19:45.828 +0800 CST, Err:<nil>, ErrCount:0, SnapshotVersion:0, Version: v2"] [summary="server count: 1"]
[2026/07/17 08:19:45.876 +08:00] [INFO] [job_worker.go:854] ["run one job step"] [category=ddl] [jobID=220] [conn=1] [job="ID:220, Type:drop table, State:running, SchemaState:write only, SchemaID:114, TableID:216, RowCount:0, ArgLen:0, start time: 2026-07-17 08:19:45.828 +0800 CST, Err:<nil>, ErrCount:0, SnapshotVersion:0, Version: v2"]
[2026/07/17 08:19:45.884 +08:00] [INFO] [loader.go:216] ["diff load InfoSchema success"] [mode=auto] [isV2=true] [currVer=200] [neededVer=201] [gotVer=201] ["elapsed time"=387.708µs] [phyTblIDs="[216]"] [actionTypes="[4]"] [diffTypes="[\"drop table\"]"]
[2026/07/17 08:19:45.884 +08:00] [INFO] [syncer.go:281] ["mdl gets lock, update self version to owner"] [jobID=220] [version=201]
[2026/07/17 08:19:45.889 +08:00] [INFO] [schema_version.go:397] ["wait schema version synced success"] [category=ddl] [ver=201] [checkAssumedSvr=false] ["take time"=6.014125ms] [job="ID:220, Type:drop table, State:running, SchemaState:delete only, SchemaID:114, TableID:216, RowCount:0, ArgLen:1, start time: 2026-07-17 08:19:45.828 +0800 CST, Err:<nil>, ErrCount:0, SnapshotVersion:0, Version: v2"] [summary="server count: 1"]
[2026/07/17 08:19:45.890 +08:00] [INFO] [job_worker.go:854] ["run one job step"] [category=ddl] [jobID=220] [conn=1] [job="ID:220, Type:drop table, State:running, SchemaState:delete only, SchemaID:114, TableID:216, RowCount:0, ArgLen:0, start time: 2026-07-17 08:19:45.828 +0800 CST, Err:<nil>, ErrCount:0, SnapshotVersion:0, Version: v2"]
[2026/07/17 08:19:45.891 +08:00] [WARN] [ddl.go:700] ["fail to notify DDL event"] [category=ddl] [event="(Event Type: drop table, Old Table ID: 216, Old Table Name: ai_stmt_control)"]
[2026/07/17 08:19:45.898 +08:00] [INFO] [loader.go:216] ["diff load InfoSchema success"] [mode=auto] [isV2=true] [currVer=201] [neededVer=202] [gotVer=202] ["elapsed time"=198.625µs] [phyTblIDs="[216]"] [actionTypes="[4]"] [diffTypes="[\"drop table\"]"]
[2026/07/17 08:19:45.899 +08:00] [INFO] [syncer.go:281] ["mdl gets lock, update self version to owner"] [jobID=220] [version=202]
[2026/07/17 08:19:45.911 +08:00] [INFO] [schema_version.go:397] ["wait schema version synced success"] [category=ddl] [ver=202] [checkAssumedSvr=false] ["take time"=12.993542ms] [job="ID:220, Type:drop table, State:done, SchemaState:none, SchemaID:114, TableID:216, RowCount:0, ArgLen:1, start time: 2026-07-17 08:19:45.828 +0800 CST, Err:<nil>, ErrCount:0, SnapshotVersion:0, Version: v2"] [summary="server count: 1"]
[2026/07/17 08:19:45.912 +08:00] [INFO] [delete_range.go:470] ["insert into delete-range table"] [category=ddl] [jobID=220] [tableIDs="[216]"] [comment="drop table: table ID"]
[2026/07/17 08:19:45.914 +08:00] [INFO] [delete_range.go:112] ["add job into delete-range table"] [category=ddl] [jobID=220] [jobType="drop table"]
[2026/07/17 08:19:45.915 +08:00] [INFO] [job_worker.go:447] ["finish DDL job"] [category=ddl] [jobID=220] [conn=1] [job="ID:220, Type:drop table, State:synced, SchemaState:none, SchemaID:114, TableID:216, RowCount:0, ArgLen:1, start time: 2026-07-17 08:19:45.828 +0800 CST, Err:<nil>, ErrCount:0, SnapshotVersion:0, Version: v2"]
[2026/07/17 08:19:45.918 +08:00] [INFO] [executor.go:7423] ["DDL job is finished"] [category=ddl] [jobID=220]
[2026/07/17 08:19:45.921 +08:00] [INFO] [job_submitter.go:118] ["add DDL jobs"] [category=ddl] ["batch count"=1] [jobs="ID:221, Type:drop table, State:queueing, SchemaState:public, SchemaID:114, TableID:218, RowCount:0, ArgLen:1, start time: 2026-07-17 08:19:45.878 +0800 CST, Err:<nil>, ErrCount:0, SnapshotVersion:0, Version: v2; "] [fast_create=true]
[2026/07/17 08:19:45.921 +08:00] [INFO] [executor.go:7285] ["DDL job submitted"] [category=ddl] [job="ID:221, Type:drop table, State:queueing, SchemaState:public, SchemaID:114, TableID:218, RowCount:0, ArgLen:1, start time: 2026-07-17 08:19:45.878 +0800 CST, Err:<nil>, ErrCount:0, SnapshotVersion:0, Version: v2"] [query="drop table `ai_stmt_control`,`ai_stmt_probe`"]
[2026/07/17 08:19:45.923 +08:00] [INFO] [lock_resolver.go:1631] ["txn lock cleanup resolve-lock rpc finished"] [action=commit] [txnStartTS=467729799152402461] [commitTS=467729799152402463] [regionID=8] [resolveLite=true] [resolvedByCheckTxnStatus=false]
[2026/07/17 08:19:45.924 +08:00] [INFO] [job_worker.go:854] ["run one job step"] [category=ddl] [jobID=221] [conn=1] [job="ID:221, Type:drop table, State:queueing, SchemaState:public, SchemaID:114, TableID:218, RowCount:0, ArgLen:0, start time: 2026-07-17 08:19:45.878 +0800 CST, Err:<nil>, ErrCount:0, SnapshotVersion:0, Version: v2"]
[2026/07/17 08:19:45.931 +08:00] [INFO] [loader.go:216] ["diff load InfoSchema success"] [mode=auto] [isV2=true] [currVer=202] [neededVer=203] [gotVer=203] ["elapsed time"=336.5µs] [phyTblIDs="[218]"] [actionTypes="[4]"] [diffTypes="[\"drop table\"]"]
[2026/07/17 08:19:45.931 +08:00] [INFO] [syncer.go:281] ["mdl gets lock, update self version to owner"] [jobID=221] [version=203]
[2026/07/17 08:19:45.936 +08:00] [INFO] [schema_version.go:397] ["wait schema version synced success"] [category=ddl] [ver=203] [checkAssumedSvr=false] ["take time"=6.151667ms] [job="ID:221, Type:drop table, State:running, SchemaState:write only, SchemaID:114, TableID:218, RowCount:0, ArgLen:1, start time: 2026-07-17 08:19:45.878 +0800 CST, Err:<nil>, ErrCount:0, SnapshotVersion:0, Version: v2"] [summary="server count: 1"]
[2026/07/17 08:19:45.937 +08:00] [INFO] [job_worker.go:854] ["run one job step"] [category=ddl] [jobID=221] [conn=1] [job="ID:221, Type:drop table, State:running, SchemaState:write only, SchemaID:114, TableID:218, RowCount:0, ArgLen:0, start time: 2026-07-17 08:19:45.878 +0800 CST, Err:<nil>, ErrCount:0, SnapshotVersion:0, Version: v2"]
[2026/07/17 08:19:45.943 +08:00] [INFO] [loader.go:216] ["diff load InfoSchema success"] [mode=auto] [isV2=true] [currVer=203] [neededVer=204] [gotVer=204] ["elapsed time"=345.125µs] [phyTblIDs="[218]"] [actionTypes="[4]"] [diffTypes="[\"drop table\"]"]
[2026/07/17 08:19:45.944 +08:00] [INFO] [syncer.go:281] ["mdl gets lock, update self version to owner"] [jobID=221] [version=204]
[2026/07/17 08:19:45.948 +08:00] [INFO] [schema_version.go:397] ["wait schema version synced success"] [category=ddl] [ver=204] [checkAssumedSvr=false] ["take time"=5.129125ms] [job="ID:221, Type:drop table, State:running, SchemaState:delete only, SchemaID:114, TableID:218, RowCount:0, ArgLen:1, start time: 2026-07-17 08:19:45.878 +0800 CST, Err:<nil>, ErrCount:0, SnapshotVersion:0, Version: v2"] [summary="server count: 1"]
[2026/07/17 08:19:45.949 +08:00] [INFO] [job_worker.go:854] ["run one job step"] [category=ddl] [jobID=221] [conn=1] [job="ID:221, Type:drop table, State:running, SchemaState:delete only, SchemaID:114, TableID:218, RowCount:0, ArgLen:0, start time: 2026-07-17 08:19:45.878 +0800 CST, Err:<nil>, ErrCount:0, SnapshotVersion:0, Version: v2"]
[2026/07/17 08:19:45.950 +08:00] [WARN] [ddl.go:700] ["fail to notify DDL event"] [category=ddl] [event="(Event Type: drop table, Old Table ID: 218, Old Table Name: ai_stmt_probe)"]
[2026/07/17 08:19:45.956 +08:00] [INFO] [loader.go:216] ["diff load InfoSchema success"] [mode=auto] [isV2=true] [currVer=204] [neededVer=205] [gotVer=205] ["elapsed time"=207.542µs] [phyTblIDs="[218]"] [actionTypes="[4]"] [diffTypes="[\"drop table\"]"]
[2026/07/17 08:19:45.957 +08:00] [INFO] [syncer.go:281] ["mdl gets lock, update self version to owner"] [jobID=221] [version=205]
[2026/07/17 08:19:45.961 +08:00] [INFO] [schema_version.go:397] ["wait schema version synced success"] [category=ddl] [ver=205] [checkAssumedSvr=false] ["take time"=5.081542ms] [job="ID:221, Type:drop table, State:done, SchemaState:none, SchemaID:114, TableID:218, RowCount:0, ArgLen:1, start time: 2026-07-17 08:19:45.878 +0800 CST, Err:<nil>, ErrCount:0, SnapshotVersion:0, Version: v2"] [summary="server count: 1"]
[2026/07/17 08:19:45.962 +08:00] [INFO] [delete_range.go:470] ["insert into delete-range table"] [category=ddl] [jobID=221] [tableIDs="[218]"] [comment="drop table: table ID"]
[2026/07/17 08:19:45.963 +08:00] [INFO] [delete_range.go:112] ["add job into delete-range table"] [category=ddl] [jobID=221] [jobType="drop table"]
[2026/07/17 08:19:45.963 +08:00] [INFO] [job_worker.go:447] ["finish DDL job"] [category=ddl] [jobID=221] [conn=1] [job="ID:221, Type:drop table, State:synced, SchemaState:none, SchemaID:114, TableID:218, RowCount:0, ArgLen:1, start time: 2026-07-17 08:19:45.878 +0800 CST, Err:<nil>, ErrCount:0, SnapshotVersion:0, Version: v2"]
[2026/07/17 08:19:45.965 +08:00] [INFO] [executor.go:7423] ["DDL job is finished"] [category=ddl] [jobID=221]
[2026/07/17 08:19:45.965 +08:00] [INFO] [session.go:5195] ["CRUCIAL OPERATION"] [conn=1] [schemaVersion=205] [cur_db=test] [sql="drop table `ai_stmt_control`,`ai_stmt_probe`"] [user=]
    testkit.go:325: cleaned up ddl and tables
=== RUN   TestAINativeFailedStatementCannotPoisonPriorMutation/optimistic/delete_then_failed_multirow_reinsert
[2026/07/17 08:19:45.966 +08:00] [INFO] [session.go:5195] ["CRUCIAL OPERATION"] [conn=2] [schemaVersion=205] [cur_db=test] [sql="drop table if exists ai_stmt_control, ai_stmt_probe"] [user=]
[2026/07/17 08:19:45.969 +08:00] [INFO] [job_submitter.go:118] ["add DDL jobs"] [category=ddl] ["batch count"=1] [jobs="ID:223, Type:create table, State:queueing, SchemaState:none, SchemaID:114, TableID:222, RowCount:0, ArgLen:1, start time: 2026-07-17 08:19:45.928 +0800 CST, Err:<nil>, ErrCount:0, SnapshotVersion:0, Version: v2; "] [fast_create=true]
[2026/07/17 08:19:45.969 +08:00] [INFO] [executor.go:7285] ["DDL job submitted"] [category=ddl] [job="ID:223, Type:create table, State:queueing, SchemaState:none, SchemaID:114, TableID:222, RowCount:0, ArgLen:1, start time: 2026-07-17 08:19:45.928 +0800 CST, Err:<nil>, ErrCount:0, SnapshotVersion:0, Version: v2"] [query="create table ai_stmt_control (\n\t\t\tid int primary key clustered,\n\t\t\tu1 int not null,\n\t\t\tu2 int not null,\n\t\t\tbase int not null,\n\t\t\tg int as (base + 1) stored,\n\t\t\tunique key u1_idx(u1),\n\t\t\tunique key u2_idx(u2),\n\t\t\tkey base_idx(base),\n\t\t\tkey g_idx(g),\n\t\t\tconstraint base_positive check (base > 0)\n\t\t)"]
[2026/07/17 08:19:45.970 +08:00] [INFO] [lock_resolver.go:1631] ["txn lock cleanup resolve-lock rpc finished"] [action=commit] [txnStartTS=467729799165509677] [commitTS=467729799165509679] [regionID=8] [resolveLite=true] [resolvedByCheckTxnStatus=false]
[2026/07/17 08:19:45.971 +08:00] [INFO] [job_worker.go:854] ["run one job step"] [category=ddl] [jobID=223] [conn=2] [job="ID:223, Type:create table, State:queueing, SchemaState:none, SchemaID:114, TableID:222, RowCount:0, ArgLen:0, start time: 2026-07-17 08:19:45.928 +0800 CST, Err:<nil>, ErrCount:0, SnapshotVersion:0, Version: v2"]
[2026/07/17 08:19:45.972 +08:00] [WARN] [ddl.go:700] ["fail to notify DDL event"] [category=ddl] [event="(Event Type: create table, Table ID: 222, Table Name: ai_stmt_control)"]
[2026/07/17 08:19:45.979 +08:00] [INFO] [loader.go:216] ["diff load InfoSchema success"] [mode=auto] [isV2=true] [currVer=205] [neededVer=206] [gotVer=206] ["elapsed time"=300.542µs] [phyTblIDs="[222]"] [actionTypes="[3]"] [diffTypes="[\"create table\"]"]
[2026/07/17 08:19:45.979 +08:00] [INFO] [syncer.go:281] ["mdl gets lock, update self version to owner"] [jobID=223] [version=206]
[2026/07/17 08:19:45.984 +08:00] [INFO] [schema_version.go:397] ["wait schema version synced success"] [category=ddl] [ver=206] [checkAssumedSvr=false] ["take time"=5.868375ms] [job="ID:223, Type:create table, State:done, SchemaState:public, SchemaID:114, TableID:222, RowCount:0, ArgLen:1, start time: 2026-07-17 08:19:45.928 +0800 CST, Err:<nil>, ErrCount:0, SnapshotVersion:0, Version: v2"] [summary="server count: 1"]
[2026/07/17 08:19:45.985 +08:00] [INFO] [job_worker.go:447] ["finish DDL job"] [category=ddl] [jobID=223] [conn=2] [job="ID:223, Type:create table, State:synced, SchemaState:public, SchemaID:114, TableID:222, RowCount:0, ArgLen:0, start time: 2026-07-17 08:19:45.928 +0800 CST, Err:<nil>, ErrCount:0, SnapshotVersion:0, Version: v2"]
[2026/07/17 08:19:45.987 +08:00] [INFO] [executor.go:7423] ["DDL job is finished"] [category=ddl] [jobID=223]
[2026/07/17 08:19:45.987 +08:00] [INFO] [session.go:5195] ["CRUCIAL OPERATION"] [conn=2] [schemaVersion=206] [cur_db=test] [sql="create table ai_stmt_control (\n\t\t\tid int primary key clustered,\n\t\t\tu1 int not null,\n\t\t\tu2 int not null,\n\t\t\tbase int not null,\n\t\t\tg int as (base + 1) stored,\n\t\t\tunique key u1_idx(u1),\n\t\t\tunique key u2_idx(u2),\n\t\t\tkey base_idx(base),\n\t\t\tkey g_idx(g),\n\t\t\tconstraint base_positive check (base > 0)\n\t\t)"] [user=]
[2026/07/17 08:19:45.991 +08:00] [WARN] [prewrite.go:619] ["1pc failed and fallbacks to normal commit procedure"] [startTS=467729799178616843]
[2026/07/17 08:19:45.993 +08:00] [INFO] [job_submitter.go:118] ["add DDL jobs"] [category=ddl] ["batch count"=1] [jobs="ID:225, Type:create table, State:queueing, SchemaState:none, SchemaID:114, TableID:224, RowCount:0, ArgLen:1, start time: 2026-07-17 08:19:45.978 +0800 CST, Err:<nil>, ErrCount:0, SnapshotVersion:0, Version: v2; "] [fast_create=true]
[2026/07/17 08:19:45.993 +08:00] [INFO] [executor.go:7285] ["DDL job submitted"] [category=ddl] [job="ID:225, Type:create table, State:queueing, SchemaState:none, SchemaID:114, TableID:224, RowCount:0, ArgLen:1, start time: 2026-07-17 08:19:45.978 +0800 CST, Err:<nil>, ErrCount:0, SnapshotVersion:0, Version: v2"] [query="create table ai_stmt_probe (\n\t\t\tid int primary key clustered,\n\t\t\tu1 int not null,\n\t\t\tu2 int not null,\n\t\t\tbase int not null,\n\t\t\tg int as (base + 1) stored,\n\t\t\tunique key u1_idx(u1),\n\t\t\tunique key u2_idx(u2),\n\t\t\tkey base_idx(base),\n\t\t\tkey g_idx(g),\n\t\t\tconstraint base_positive check (base > 0)\n\t\t)"]
[2026/07/17 08:19:45.994 +08:00] [INFO] [job_worker.go:854] ["run one job step"] [category=ddl] [jobID=225] [conn=2] [job="ID:225, Type:create table, State:queueing, SchemaState:none, SchemaID:114, TableID:224, RowCount:0, ArgLen:0, start time: 2026-07-17 08:19:45.978 +0800 CST, Err:<nil>, ErrCount:0, SnapshotVersion:0, Version: v2"]
[2026/07/17 08:19:45.995 +08:00] [WARN] [ddl.go:700] ["fail to notify DDL event"] [category=ddl] [event="(Event Type: create table, Table ID: 224, Table Name: ai_stmt_probe)"]
[2026/07/17 08:19:46.001 +08:00] [INFO] [loader.go:216] ["diff load InfoSchema success"] [mode=auto] [isV2=true] [currVer=206] [neededVer=207] [gotVer=207] ["elapsed time"=258.166µs] [phyTblIDs="[224]"] [actionTypes="[3]"] [diffTypes="[\"create table\"]"]
[2026/07/17 08:19:46.002 +08:00] [INFO] [syncer.go:281] ["mdl gets lock, update self version to owner"] [jobID=225] [version=207]
[2026/07/17 08:19:46.006 +08:00] [INFO] [schema_version.go:397] ["wait schema version synced success"] [category=ddl] [ver=207] [checkAssumedSvr=false] ["take time"=5.121083ms] [job="ID:225, Type:create table, State:done, SchemaState:public, SchemaID:114, TableID:224, RowCount:0, ArgLen:1, start time: 2026-07-17 08:19:45.978 +0800 CST, Err:<nil>, ErrCount:0, SnapshotVersion:0, Version: v2"] [summary="server count: 1"]
[2026/07/17 08:19:46.007 +08:00] [INFO] [job_worker.go:447] ["finish DDL job"] [category=ddl] [jobID=225] [conn=2] [job="ID:225, Type:create table, State:synced, SchemaState:public, SchemaID:114, TableID:224, RowCount:0, ArgLen:0, start time: 2026-07-17 08:19:45.978 +0800 CST, Err:<nil>, ErrCount:0, SnapshotVersion:0, Version: v2"]
[2026/07/17 08:19:46.009 +08:00] [INFO] [executor.go:7423] ["DDL job is finished"] [category=ddl] [jobID=225]
[2026/07/17 08:19:46.009 +08:00] [INFO] [session.go:5195] ["CRUCIAL OPERATION"] [conn=2] [schemaVersion=207] [cur_db=test] [sql="create table ai_stmt_probe (\n\t\t\tid int primary key clustered,\n\t\t\tu1 int not null,\n\t\t\tu2 int not null,\n\t\t\tbase int not null,\n\t\t\tg int as (base + 1) stored,\n\t\t\tunique key u1_idx(u1),\n\t\t\tunique key u2_idx(u2),\n\t\t\tkey base_idx(base),\n\t\t\tkey g_idx(g),\n\t\t\tconstraint base_positive check (base > 0)\n\t\t)"] [user=]
[2026/07/17 08:19:46.013 +08:00] [WARN] [prewrite.go:619] ["1pc failed and fallbacks to normal commit procedure"] [startTS=467729799178616867]
[2026/07/17 08:19:46.021 +08:00] [WARN] [prewrite.go:619] ["1pc failed and fallbacks to normal commit procedure"] [startTS=467729799178616869]
[2026/07/17 08:19:46.022 +08:00] [WARN] [session.go:2726] ["run statement failed"] [schemaVersion=207] [error="[table:1048]Column 'base' cannot be null"] [errorVerbose="[table:1048]Column 'base' cannot be null\ngithub.com/pingcap/errors.(*Error).GenWithStackByArgs\n\t/Users/bba/.gvm/pkgsets/go1.25.1/global/pkg/mod/github.com/pingcap/errors@v0.11.5-0.20260508054701-306e305bcf41/normalize.go:225\ngithub.com/pingcap/tidb/pkg/table.(*Column).CheckNotNull\n\t/Users/bba/pc/tidb-ai-master/pkg/table/column.go:514\ngithub.com/pingcap/tidb/pkg/table.(*Column).HandleBadNull\n\t/Users/bba/pc/tidb-ai-master/pkg/table/column.go:528\ngithub.com/pingcap/tidb/pkg/executor.(*InsertValues).fillRow\n\t/Users/bba/pc/tidb-ai-master/pkg/executor/insert_common.go:732\ngithub.com/pingcap/tidb/pkg/executor.(*InsertValues).fastEvalRow\n\t/Users/bba/pc/tidb-ai-master/pkg/executor/insert_common.go:458\ngithub.com/pingcap/tidb/pkg/executor.insertRows\n\t/Users/bba/pc/tidb-ai-master/pkg/executor/insert_common.go:249\ngithub.com/pingcap/tidb/pkg/executor.(*InsertExec).Next\n\t/Users/bba/pc/tidb-ai-master/pkg/executor/insert.go:370\ngithub.com/pingcap/tidb/pkg/executor/internal/exec.Next\n\t/Users/bba/pc/tidb-ai-master/pkg/executor/internal/exec/executor.go:694\ngithub.com/pingcap/tidb/pkg/executor.(*ExecStmt).next\n\t/Users/bba/pc/tidb-ai-master/pkg/executor/adapter.go:1532\ngithub.com/pingcap/tidb/pkg/executor.(*ExecStmt).handleNoDelayExecutor\n\t/Users/bba/pc/tidb-ai-master/pkg/executor/adapter.go:1155\ngithub.com/pingcap/tidb/pkg/executor.(*ExecStmt).handleNoDelay\n\t/Users/bba/pc/tidb-ai-master/pkg/executor/adapter.go:988\ngithub.com/pingcap/tidb/pkg/executor.(*ExecStmt).Exec\n\t/Users/bba/pc/tidb-ai-master/pkg/executor/adapter.go:742\ngithub.com/pingcap/tidb/pkg/session.runStmt\n\t/Users/bba/pc/tidb-ai-master/pkg/session/session.go:3003\ngithub.com/pingcap/tidb/pkg/session.(*session).executeStmtImpl\n\t/Users/bba/pc/tidb-ai-master/pkg/session/session.go:2714\ngithub.com/pingcap/tidb/pkg/session.(*session).ExecuteStmt\n\t/Users/bba/pc/tidb-ai-master/pkg/session/session.go:2420\ngithub.com/pingcap/tidb/pkg/testkit.(*TestKit).ExecWithContext\n\t/Users/bba/pc/tidb-ai-master/pkg/testkit/testkit.go:423\ngithub.com/pingcap/tidb/pkg/testkit.(*TestKit).Exec\n\t/Users/bba/pc/tidb-ai-master/pkg/testkit/testkit.go:386\ngithub.com/pingcap/tidb/pkg/testkit.(*TestKit).ExecToErr\n\t/Users/bba/pc/tidb-ai-master/pkg/testkit/testkit.go:473\ngithub.com/pingcap/tidb/tests/realtikvtest/txntest.TestAINativeFailedStatementCannotPoisonPriorMutation.func1\n\t/Users/bba/pc/tidb-ai-master/tests/realtikvtest/txntest/ai_native_unique_owner_fuzz_test.go:925\ntesting.tRunner\n\t/Users/bba/.gvm/pkgsets/go1.25.1/global/pkg/mod/golang.org/toolchain@v0.0.1-go1.25.10.darwin-arm64/src/testing/testing.go:1934\nruntime.goexit\n\t/Users/bba/.gvm/pkgsets/go1.25.1/global/pkg/mod/golang.org/toolchain@v0.0.1-go1.25.10.darwin-arm64/src/runtime/asm_arm64.s:1268"] [session="{\n  \"currDBName\": \"test\",\n  \"id\": 2,\n  \"status\": 3,\n  \"strictMode\": true,\n  \"txn\": \"467729799178616873\",\n  \"user\": null\n}"]
[2026/07/17 08:19:46.022 +08:00] [WARN] [prewrite.go:619] ["1pc failed and fallbacks to normal commit procedure"] [startTS=467729799178616873]
=== RUN   TestAINativeFailedStatementCannotPoisonPriorMutation/optimistic/update_then_failed_multirow_update
[2026/07/17 08:19:46.033 +08:00] [INFO] [job_submitter.go:118] ["add DDL jobs"] [category=ddl] ["batch count"=1] [jobs="ID:226, Type:drop table, State:queueing, SchemaState:public, SchemaID:114, TableID:222, RowCount:0, ArgLen:1, start time: 2026-07-17 08:19:46.028 +0800 CST, Err:<nil>, ErrCount:0, SnapshotVersion:0, Version: v2; "] [fast_create=true]
[2026/07/17 08:19:46.033 +08:00] [INFO] [executor.go:7285] ["DDL job submitted"] [category=ddl] [job="ID:226, Type:drop table, State:queueing, SchemaState:public, SchemaID:114, TableID:222, RowCount:0, ArgLen:1, start time: 2026-07-17 08:19:46.028 +0800 CST, Err:<nil>, ErrCount:0, SnapshotVersion:0, Version: v2"] [query="drop table if exists ai_stmt_control, ai_stmt_probe"]
[2026/07/17 08:19:46.034 +08:00] [INFO] [job_worker.go:854] ["run one job step"] [category=ddl] [jobID=226] [conn=2] [job="ID:226, Type:drop table, State:queueing, SchemaState:public, SchemaID:114, TableID:222, RowCount:0, ArgLen:0, start time: 2026-07-17 08:19:46.028 +0800 CST, Err:<nil>, ErrCount:0, SnapshotVersion:0, Version: v2"]
[2026/07/17 08:19:46.041 +08:00] [INFO] [loader.go:216] ["diff load InfoSchema success"] [mode=auto] [isV2=true] [currVer=207] [neededVer=208] [gotVer=208] ["elapsed time"=327.625µs] [phyTblIDs="[222]"] [actionTypes="[4]"] [diffTypes="[\"drop table\"]"]
[2026/07/17 08:19:46.041 +08:00] [INFO] [syncer.go:281] ["mdl gets lock, update self version to owner"] [jobID=226] [version=208]
[2026/07/17 08:19:46.046 +08:00] [INFO] [schema_version.go:397] ["wait schema version synced success"] [category=ddl] [ver=208] [checkAssumedSvr=false] ["take time"=5.8035ms] [job="ID:226, Type:drop table, State:running, SchemaState:write only, SchemaID:114, TableID:222, RowCount:0, ArgLen:1, start time: 2026-07-17 08:19:46.028 +0800 CST, Err:<nil>, ErrCount:0, SnapshotVersion:0, Version: v2"] [summary="server count: 1"]
[2026/07/17 08:19:46.047 +08:00] [INFO] [job_worker.go:854] ["run one job step"] [category=ddl] [jobID=226] [conn=2] [job="ID:226, Type:drop table, State:running, SchemaState:write only, SchemaID:114, TableID:222, RowCount:0, ArgLen:0, start time: 2026-07-17 08:19:46.028 +0800 CST, Err:<nil>, ErrCount:0, SnapshotVersion:0, Version: v2"]
[2026/07/17 08:19:46.053 +08:00] [INFO] [loader.go:216] ["diff load InfoSchema success"] [mode=auto] [isV2=true] [currVer=208] [neededVer=209] [gotVer=209] ["elapsed time"=307.25µs] [phyTblIDs="[222]"] [actionTypes="[4]"] [diffTypes="[\"drop table\"]"]
[2026/07/17 08:19:46.054 +08:00] [INFO] [syncer.go:281] ["mdl gets lock, update self version to owner"] [jobID=226] [version=209]
[2026/07/17 08:19:46.059 +08:00] [INFO] [schema_version.go:397] ["wait schema version synced success"] [category=ddl] [ver=209] [checkAssumedSvr=false] ["take time"=6.028708ms] [job="ID:226, Type:drop table, State:running, SchemaState:delete only, SchemaID:114, TableID:222, RowCount:0, ArgLen:1, start time: 2026-07-17 08:19:46.028 +0800 CST, Err:<nil>, ErrCount:0, SnapshotVersion:0, Version: v2"] [summary="server count: 1"]
[2026/07/17 08:19:46.060 +08:00] [INFO] [job_worker.go:854] ["run one job step"] [category=ddl] [jobID=226] [conn=2] [job="ID:226, Type:drop table, State:running, SchemaState:delete only, SchemaID:114, TableID:222, RowCount:0, ArgLen:0, start time: 2026-07-17 08:19:46.028 +0800 CST, Err:<nil>, ErrCount:0, SnapshotVersion:0, Version: v2"]
[2026/07/17 08:19:46.061 +08:00] [WARN] [ddl.go:700] ["fail to notify DDL event"] [category=ddl] [event="(Event Type: drop table, Old Table ID: 222, Old Table Name: ai_stmt_control)"]
[2026/07/17 08:19:46.067 +08:00] [INFO] [loader.go:216] ["diff load InfoSchema success"] [mode=auto] [isV2=true] [currVer=209] [neededVer=210] [gotVer=210] ["elapsed time"=230.792µs] [phyTblIDs="[222]"] [actionTypes="[4]"] [diffTypes="[\"drop table\"]"]
[2026/07/17 08:19:46.068 +08:00] [INFO] [syncer.go:281] ["mdl gets lock, update self version to owner"] [jobID=226] [version=210]
[2026/07/17 08:19:46.072 +08:00] [INFO] [schema_version.go:397] ["wait schema version synced success"] [category=ddl] [ver=210] [checkAssumedSvr=false] ["take time"=5.049916ms] [job="ID:226, Type:drop table, State:done, SchemaState:none, SchemaID:114, TableID:222, RowCount:0, ArgLen:1, start time: 2026-07-17 08:19:46.028 +0800 CST, Err:<nil>, ErrCount:0, SnapshotVersion:0, Version: v2"] [summary="server count: 1"]
[2026/07/17 08:19:46.073 +08:00] [INFO] [delete_range.go:470] ["insert into delete-range table"] [category=ddl] [jobID=226] [tableIDs="[222]"] [comment="drop table: table ID"]
[2026/07/17 08:19:46.074 +08:00] [INFO] [delete_range.go:112] ["add job into delete-range table"] [category=ddl] [jobID=226] [jobType="drop table"]
[2026/07/17 08:19:46.074 +08:00] [INFO] [job_worker.go:447] ["finish DDL job"] [category=ddl] [jobID=226] [conn=2] [job="ID:226, Type:drop table, State:synced, SchemaState:none, SchemaID:114, TableID:222, RowCount:0, ArgLen:1, start time: 2026-07-17 08:19:46.028 +0800 CST, Err:<nil>, ErrCount:0, SnapshotVersion:0, Version: v2"]
[2026/07/17 08:19:46.076 +08:00] [INFO] [executor.go:7423] ["DDL job is finished"] [category=ddl] [jobID=226]
[2026/07/17 08:19:46.080 +08:00] [INFO] [job_submitter.go:118] ["add DDL jobs"] [category=ddl] ["batch count"=1] [jobs="ID:227, Type:drop table, State:queueing, SchemaState:public, SchemaID:114, TableID:224, RowCount:0, ArgLen:1, start time: 2026-07-17 08:19:46.028 +0800 CST, Err:<nil>, ErrCount:0, SnapshotVersion:0, Version: v2; "] [fast_create=true]
[2026/07/17 08:19:46.080 +08:00] [INFO] [executor.go:7285] ["DDL job submitted"] [category=ddl] [job="ID:227, Type:drop table, State:queueing, SchemaState:public, SchemaID:114, TableID:224, RowCount:0, ArgLen:1, start time: 2026-07-17 08:19:46.028 +0800 CST, Err:<nil>, ErrCount:0, SnapshotVersion:0, Version: v2"] [query="drop table if exists ai_stmt_control, ai_stmt_probe"]
[2026/07/17 08:19:46.081 +08:00] [INFO] [lock_resolver.go:1631] ["txn lock cleanup resolve-lock rpc finished"] [action=commit] [txnStartTS=467729799191724088] [commitTS=467729799204831234] [regionID=8] [resolveLite=true] [resolvedByCheckTxnStatus=false]
[2026/07/17 08:19:46.082 +08:00] [INFO] [job_worker.go:854] ["run one job step"] [category=ddl] [jobID=227] [conn=2] [job="ID:227, Type:drop table, State:queueing, SchemaState:public, SchemaID:114, TableID:224, RowCount:0, ArgLen:0, start time: 2026-07-17 08:19:46.028 +0800 CST, Err:<nil>, ErrCount:0, SnapshotVersion:0, Version: v2"]
[2026/07/17 08:19:46.088 +08:00] [INFO] [loader.go:216] ["diff load InfoSchema success"] [mode=auto] [isV2=true] [currVer=210] [neededVer=211] [gotVer=211] ["elapsed time"=427.916µs] [phyTblIDs="[224]"] [actionTypes="[4]"] [diffTypes="[\"drop table\"]"]
[2026/07/17 08:19:46.089 +08:00] [INFO] [syncer.go:281] ["mdl gets lock, update self version to owner"] [jobID=227] [version=211]
[2026/07/17 08:19:46.094 +08:00] [INFO] [schema_version.go:397] ["wait schema version synced success"] [category=ddl] [ver=211] [checkAssumedSvr=false] ["take time"=6.236667ms] [job="ID:227, Type:drop table, State:running, SchemaState:write only, SchemaID:114, TableID:224, RowCount:0, ArgLen:1, start time: 2026-07-17 08:19:46.028 +0800 CST, Err:<nil>, ErrCount:0, SnapshotVersion:0, Version: v2"] [summary="server count: 1"]
[2026/07/17 08:19:46.095 +08:00] [INFO] [job_worker.go:854] ["run one job step"] [category=ddl] [jobID=227] [conn=2] [job="ID:227, Type:drop table, State:running, SchemaState:write only, SchemaID:114, TableID:224, RowCount:0, ArgLen:0, start time: 2026-07-17 08:19:46.028 +0800 CST, Err:<nil>, ErrCount:0, SnapshotVersion:0, Version: v2"]
[2026/07/17 08:19:46.102 +08:00] [INFO] [loader.go:216] ["diff load InfoSchema success"] [mode=auto] [isV2=true] [currVer=211] [neededVer=212] [gotVer=212] ["elapsed time"=313µs] [phyTblIDs="[224]"] [actionTypes="[4]"] [diffTypes="[\"drop table\"]"]
[2026/07/17 08:19:46.102 +08:00] [INFO] [syncer.go:281] ["mdl gets lock, update self version to owner"] [jobID=227] [version=212]
[2026/07/17 08:19:46.106 +08:00] [INFO] [schema_version.go:397] ["wait schema version synced success"] [category=ddl] [ver=212] [checkAssumedSvr=false] ["take time"=5.191208ms] [job="ID:227, Type:drop table, State:running, SchemaState:delete only, SchemaID:114, TableID:224, RowCount:0, ArgLen:1, start time: 2026-07-17 08:19:46.028 +0800 CST, Err:<nil>, ErrCount:0, SnapshotVersion:0, Version: v2"] [summary="server count: 1"]
[2026/07/17 08:19:46.107 +08:00] [INFO] [job_worker.go:854] ["run one job step"] [category=ddl] [jobID=227] [conn=2] [job="ID:227, Type:drop table, State:running, SchemaState:delete only, SchemaID:114, TableID:224, RowCount:0, ArgLen:0, start time: 2026-07-17 08:19:46.028 +0800 CST, Err:<nil>, ErrCount:0, SnapshotVersion:0, Version: v2"]
[2026/07/17 08:19:46.108 +08:00] [WARN] [ddl.go:700] ["fail to notify DDL event"] [category=ddl] [event="(Event Type: drop table, Old Table ID: 224, Old Table Name: ai_stmt_probe)"]
[2026/07/17 08:19:46.114 +08:00] [INFO] [loader.go:216] ["diff load InfoSchema success"] [mode=auto] [isV2=true] [currVer=212] [neededVer=213] [gotVer=213] ["elapsed time"=247.667µs] [phyTblIDs="[224]"] [actionTypes="[4]"] [diffTypes="[\"drop table\"]"]
[2026/07/17 08:19:46.115 +08:00] [INFO] [syncer.go:281] ["mdl gets lock, update self version to owner"] [jobID=227] [version=213]
[2026/07/17 08:19:46.119 +08:00] [INFO] [schema_version.go:397] ["wait schema version synced success"] [category=ddl] [ver=213] [checkAssumedSvr=false] ["take time"=5.101792ms] [job="ID:227, Type:drop table, State:done, SchemaState:none, SchemaID:114, TableID:224, RowCount:0, ArgLen:1, start time: 2026-07-17 08:19:46.028 +0800 CST, Err:<nil>, ErrCount:0, SnapshotVersion:0, Version: v2"] [summary="server count: 1"]
[2026/07/17 08:19:46.120 +08:00] [INFO] [delete_range.go:470] ["insert into delete-range table"] [category=ddl] [jobID=227] [tableIDs="[224]"] [comment="drop table: table ID"]
[2026/07/17 08:19:46.121 +08:00] [INFO] [delete_range.go:112] ["add job into delete-range table"] [category=ddl] [jobID=227] [jobType="drop table"]
[2026/07/17 08:19:46.121 +08:00] [INFO] [job_worker.go:447] ["finish DDL job"] [category=ddl] [jobID=227] [conn=2] [job="ID:227, Type:drop table, State:synced, SchemaState:none, SchemaID:114, TableID:224, RowCount:0, ArgLen:1, start time: 2026-07-17 08:19:46.028 +0800 CST, Err:<nil>, ErrCount:0, SnapshotVersion:0, Version: v2"]
[2026/07/17 08:19:46.130 +08:00] [INFO] [executor.go:7423] ["DDL job is finished"] [category=ddl] [jobID=227]
[2026/07/17 08:19:46.130 +08:00] [INFO] [session.go:5195] ["CRUCIAL OPERATION"] [conn=2] [schemaVersion=213] [cur_db=test] [sql="drop table if exists ai_stmt_control, ai_stmt_probe"] [user=]
[2026/07/17 08:19:46.134 +08:00] [INFO] [job_submitter.go:118] ["add DDL jobs"] [category=ddl] ["batch count"=1] [jobs="ID:229, Type:create table, State:queueing, SchemaState:none, SchemaID:114, TableID:228, RowCount:0, ArgLen:1, start time: 2026-07-17 08:19:46.129 +0800 CST, Err:<nil>, ErrCount:0, SnapshotVersion:0, Version: v2; "] [fast_create=true]
[2026/07/17 08:19:46.134 +08:00] [INFO] [executor.go:7285] ["DDL job submitted"] [category=ddl] [job="ID:229, Type:create table, State:queueing, SchemaState:none, SchemaID:114, TableID:228, RowCount:0, ArgLen:1, start time: 2026-07-17 08:19:46.129 +0800 CST, Err:<nil>, ErrCount:0, SnapshotVersion:0, Version: v2"] [query="create table ai_stmt_control (\n\t\t\tid int primary key clustered,\n\t\t\tu1 int not null,\n\t\t\tu2 int not null,\n\t\t\tbase int not null,\n\t\t\tg int as (base + 1) stored,\n\t\t\tunique key u1_idx(u1),\n\t\t\tunique key u2_idx(u2),\n\t\t\tkey base_idx(base),\n\t\t\tkey g_idx(g),\n\t\t\tconstraint base_positive check (base > 0)\n\t\t)"]
[2026/07/17 08:19:46.135 +08:00] [INFO] [lock_resolver.go:1631] ["txn lock cleanup resolve-lock rpc finished"] [action=commit] [txnStartTS=467729799218200586] [commitTS=467729799218200588] [regionID=8] [resolveLite=true] [resolvedByCheckTxnStatus=false]
[2026/07/17 08:19:46.136 +08:00] [INFO] [job_worker.go:854] ["run one job step"] [category=ddl] [jobID=229] [conn=2] [job="ID:229, Type:create table, State:queueing, SchemaState:none, SchemaID:114, TableID:228, RowCount:0, ArgLen:0, start time: 2026-07-17 08:19:46.129 +0800 CST, Err:<nil>, ErrCount:0, SnapshotVersion:0, Version: v2"]
[2026/07/17 08:19:46.137 +08:00] [WARN] [ddl.go:700] ["fail to notify DDL event"] [category=ddl] [event="(Event Type: create table, Table ID: 228, Table Name: ai_stmt_control)"]
[2026/07/17 08:19:46.143 +08:00] [INFO] [loader.go:216] ["diff load InfoSchema success"] [mode=auto] [isV2=true] [currVer=213] [neededVer=214] [gotVer=214] ["elapsed time"=266.542µs] [phyTblIDs="[228]"] [actionTypes="[3]"] [diffTypes="[\"create table\"]"]
[2026/07/17 08:19:46.143 +08:00] [INFO] [syncer.go:281] ["mdl gets lock, update self version to owner"] [jobID=229] [version=214]
[2026/07/17 08:19:46.148 +08:00] [INFO] [schema_version.go:397] ["wait schema version synced success"] [category=ddl] [ver=214] [checkAssumedSvr=false] ["take time"=5.777333ms] [job="ID:229, Type:create table, State:done, SchemaState:public, SchemaID:114, TableID:228, RowCount:0, ArgLen:1, start time: 2026-07-17 08:19:46.129 +0800 CST, Err:<nil>, ErrCount:0, SnapshotVersion:0, Version: v2"] [summary="server count: 1"]
[2026/07/17 08:19:46.153 +08:00] [INFO] [job_worker.go:447] ["finish DDL job"] [category=ddl] [jobID=229] [conn=2] [job="ID:229, Type:create table, State:synced, SchemaState:public, SchemaID:114, TableID:228, RowCount:0, ArgLen:0, start time: 2026-07-17 08:19:46.129 +0800 CST, Err:<nil>, ErrCount:0, SnapshotVersion:0, Version: v2"]
[2026/07/17 08:19:46.155 +08:00] [INFO] [executor.go:7423] ["DDL job is finished"] [category=ddl] [jobID=229]
[2026/07/17 08:19:46.155 +08:00] [INFO] [session.go:5195] ["CRUCIAL OPERATION"] [conn=2] [schemaVersion=214] [cur_db=test] [sql="create table ai_stmt_control (\n\t\t\tid int primary key clustered,\n\t\t\tu1 int not null,\n\t\t\tu2 int not null,\n\t\t\tbase int not null,\n\t\t\tg int as (base + 1) stored,\n\t\t\tunique key u1_idx(u1),\n\t\t\tunique key u2_idx(u2),\n\t\t\tkey base_idx(base),\n\t\t\tkey g_idx(g),\n\t\t\tconstraint base_positive check (base > 0)\n\t\t)"] [user=]
[2026/07/17 08:19:46.159 +08:00] [WARN] [prewrite.go:619] ["1pc failed and fallbacks to normal commit procedure"] [startTS=467729799218200606]
[2026/07/17 08:19:46.162 +08:00] [INFO] [job_submitter.go:118] ["add DDL jobs"] [category=ddl] ["batch count"=1] [jobs="ID:231, Type:create table, State:queueing, SchemaState:none, SchemaID:114, TableID:230, RowCount:0, ArgLen:1, start time: 2026-07-17 08:19:46.129 +0800 CST, Err:<nil>, ErrCount:0, SnapshotVersion:0, Version: v2; "] [fast_create=true]
[2026/07/17 08:19:46.162 +08:00] [INFO] [executor.go:7285] ["DDL job submitted"] [category=ddl] [job="ID:231, Type:create table, State:queueing, SchemaState:none, SchemaID:114, TableID:230, RowCount:0, ArgLen:1, start time: 2026-07-17 08:19:46.129 +0800 CST, Err:<nil>, ErrCount:0, SnapshotVersion:0, Version: v2"] [query="create table ai_stmt_probe (\n\t\t\tid int primary key clustered,\n\t\t\tu1 int not null,\n\t\t\tu2 int not null,\n\t\t\tbase int not null,\n\t\t\tg int as (base + 1) stored,\n\t\t\tunique key u1_idx(u1),\n\t\t\tunique key u2_idx(u2),\n\t\t\tkey base_idx(base),\n\t\t\tkey g_idx(g),\n\t\t\tconstraint base_positive check (base > 0)\n\t\t)"]
[2026/07/17 08:19:46.163 +08:00] [INFO] [job_worker.go:854] ["run one job step"] [category=ddl] [jobID=231] [conn=2] [job="ID:231, Type:create table, State:queueing, SchemaState:none, SchemaID:114, TableID:230, RowCount:0, ArgLen:0, start time: 2026-07-17 08:19:46.129 +0800 CST, Err:<nil>, ErrCount:0, SnapshotVersion:0, Version: v2"]
[2026/07/17 08:19:46.164 +08:00] [WARN] [ddl.go:700] ["fail to notify DDL event"] [category=ddl] [event="(Event Type: create table, Table ID: 230, Table Name: ai_stmt_probe)"]
[2026/07/17 08:19:46.170 +08:00] [INFO] [loader.go:216] ["diff load InfoSchema success"] [mode=auto] [isV2=true] [currVer=214] [neededVer=215] [gotVer=215] ["elapsed time"=278.834µs] [phyTblIDs="[230]"] [actionTypes="[3]"] [diffTypes="[\"create table\"]"]
[2026/07/17 08:19:46.170 +08:00] [INFO] [syncer.go:281] ["mdl gets lock, update self version to owner"] [jobID=231] [version=215]
[2026/07/17 08:19:46.174 +08:00] [INFO] [schema_version.go:397] ["wait schema version synced success"] [category=ddl] [ver=215] [checkAssumedSvr=false] ["take time"=4.829667ms] [job="ID:231, Type:create table, State:done, SchemaState:public, SchemaID:114, TableID:230, RowCount:0, ArgLen:1, start time: 2026-07-17 08:19:46.129 +0800 CST, Err:<nil>, ErrCount:0, SnapshotVersion:0, Version: v2"] [summary="server count: 1"]
[2026/07/17 08:19:46.175 +08:00] [INFO] [job_worker.go:447] ["finish DDL job"] [category=ddl] [jobID=231] [conn=2] [job="ID:231, Type:create table, State:synced, SchemaState:public, SchemaID:114, TableID:230, RowCount:0, ArgLen:0, start time: 2026-07-17 08:19:46.129 +0800 CST, Err:<nil>, ErrCount:0, SnapshotVersion:0, Version: v2"]
[2026/07/17 08:19:46.177 +08:00] [INFO] [executor.go:7423] ["DDL job is finished"] [category=ddl] [jobID=231]
[2026/07/17 08:19:46.177 +08:00] [INFO] [session.go:5195] ["CRUCIAL OPERATION"] [conn=2] [schemaVersion=215] [cur_db=test] [sql="create table ai_stmt_probe (\n\t\t\tid int primary key clustered,\n\t\t\tu1 int not null,\n\t\t\tu2 int not null,\n\t\t\tbase int not null,\n\t\t\tg int as (base + 1) stored,\n\t\t\tunique key u1_idx(u1),\n\t\t\tunique key u2_idx(u2),\n\t\t\tkey base_idx(base),\n\t\t\tkey g_idx(g),\n\t\t\tconstraint base_positive check (base > 0)\n\t\t)"] [user=]
[2026/07/17 08:19:46.178 +08:00] [WARN] [prewrite.go:619] ["1pc failed and fallbacks to normal commit procedure"] [startTS=467729799218200631]
[2026/07/17 08:19:46.183 +08:00] [WARN] [prewrite.go:619] ["1pc failed and fallbacks to normal commit procedure"] [startTS=467729799231045635]
[2026/07/17 08:19:46.184 +08:00] [WARN] [session.go:2726] ["run statement failed"] [schemaVersion=215] [error="[table:1048]Column 'base' cannot be null"] [errorVerbose="[table:1048]Column 'base' cannot be null\ngithub.com/pingcap/errors.(*Error).GenWithStackByArgs\n\t/Users/bba/.gvm/pkgsets/go1.25.1/global/pkg/mod/github.com/pingcap/errors@v0.11.5-0.20260508054701-306e305bcf41/normalize.go:225\ngithub.com/pingcap/tidb/pkg/table.(*Column).CheckNotNull\n\t/Users/bba/pc/tidb-ai-master/pkg/table/column.go:514\ngithub.com/pingcap/tidb/pkg/table.(*Column).HandleBadNull\n\t/Users/bba/pc/tidb-ai-master/pkg/table/column.go:528\ngithub.com/pingcap/tidb/pkg/executor.updateRecord\n\t/Users/bba/pc/tidb-ai-master/pkg/executor/write.go:264\ngithub.com/pingcap/tidb/pkg/executor.(*UpdateExec).exec\n\t/Users/bba/pc/tidb-ai-master/pkg/executor/update.go:307\ngithub.com/pingcap/tidb/pkg/executor.(*UpdateExec).updateRows\n\t/Users/bba/pc/tidb-ai-master/pkg/executor/update.go:481\ngithub.com/pingcap/tidb/pkg/executor.(*UpdateExec).Next\n\t/Users/bba/pc/tidb-ai-master/pkg/executor/update.go:368\ngithub.com/pingcap/tidb/pkg/executor/internal/exec.Next\n\t/Users/bba/pc/tidb-ai-master/pkg/executor/internal/exec/executor.go:694\ngithub.com/pingcap/tidb/pkg/executor.(*ExecStmt).next\n\t/Users/bba/pc/tidb-ai-master/pkg/executor/adapter.go:1532\ngithub.com/pingcap/tidb/pkg/executor.(*ExecStmt).handleNoDelayExecutor\n\t/Users/bba/pc/tidb-ai-master/pkg/executor/adapter.go:1155\ngithub.com/pingcap/tidb/pkg/executor.(*ExecStmt).handleNoDelay\n\t/Users/bba/pc/tidb-ai-master/pkg/executor/adapter.go:988\ngithub.com/pingcap/tidb/pkg/executor.(*ExecStmt).Exec\n\t/Users/bba/pc/tidb-ai-master/pkg/executor/adapter.go:742\ngithub.com/pingcap/tidb/pkg/session.runStmt\n\t/Users/bba/pc/tidb-ai-master/pkg/session/session.go:3003\ngithub.com/pingcap/tidb/pkg/session.(*session).executeStmtImpl\n\t/Users/bba/pc/tidb-ai-master/pkg/session/session.go:2714\ngithub.com/pingcap/tidb/pkg/session.(*session).ExecuteStmt\n\t/Users/bba/pc/tidb-ai-master/pkg/session/session.go:2420\ngithub.com/pingcap/tidb/pkg/testkit.(*TestKit).ExecWithContext\n\t/Users/bba/pc/tidb-ai-master/pkg/testkit/testkit.go:423\ngithub.com/pingcap/tidb/pkg/testkit.(*TestKit).Exec\n\t/Users/bba/pc/tidb-ai-master/pkg/testkit/testkit.go:386\ngithub.com/pingcap/tidb/pkg/testkit.(*TestKit).ExecToErr\n\t/Users/bba/pc/tidb-ai-master/pkg/testkit/testkit.go:473\ngithub.com/pingcap/tidb/tests/realtikvtest/txntest.TestAINativeFailedStatementCannotPoisonPriorMutation.func1\n\t/Users/bba/pc/tidb-ai-master/tests/realtikvtest/txntest/ai_native_unique_owner_fuzz_test.go:925\ntesting.tRunner\n\t/Users/bba/.gvm/pkgsets/go1.25.1/global/pkg/mod/golang.org/toolchain@v0.0.1-go1.25.10.darwin-arm64/src/testing/testing.go:1934\nruntime.goexit\n\t/Users/bba/.gvm/pkgsets/go1.25.1/global/pkg/mod/golang.org/toolchain@v0.0.1-go1.25.10.darwin-arm64/src/runtime/asm_arm64.s:1268"] [session="{\n  \"currDBName\": \"test\",\n  \"id\": 2,\n  \"status\": 3,\n  \"strictMode\": true,\n  \"txn\": \"467729799231045638\",\n  \"user\": null\n}"]
=== RUN   TestAINativeFailedStatementCannotPoisonPriorMutation/optimistic/insert_then_failed_reverse_multirow_update
[2026/07/17 08:19:46.195 +08:00] [INFO] [job_submitter.go:118] ["add DDL jobs"] [category=ddl] ["batch count"=1] [jobs="ID:232, Type:drop table, State:queueing, SchemaState:public, SchemaID:114, TableID:228, RowCount:0, ArgLen:1, start time: 2026-07-17 08:19:46.178 +0800 CST, Err:<nil>, ErrCount:0, SnapshotVersion:0, Version: v2; "] [fast_create=true]
[2026/07/17 08:19:46.195 +08:00] [INFO] [executor.go:7285] ["DDL job submitted"] [category=ddl] [job="ID:232, Type:drop table, State:queueing, SchemaState:public, SchemaID:114, TableID:228, RowCount:0, ArgLen:1, start time: 2026-07-17 08:19:46.178 +0800 CST, Err:<nil>, ErrCount:0, SnapshotVersion:0, Version: v2"] [query="drop table if exists ai_stmt_control, ai_stmt_probe"]
[2026/07/17 08:19:46.196 +08:00] [INFO] [job_worker.go:854] ["run one job step"] [category=ddl] [jobID=232] [conn=2] [job="ID:232, Type:drop table, State:queueing, SchemaState:public, SchemaID:114, TableID:228, RowCount:0, ArgLen:0, start time: 2026-07-17 08:19:46.178 +0800 CST, Err:<nil>, ErrCount:0, SnapshotVersion:0, Version: v2"]
[2026/07/17 08:19:46.202 +08:00] [INFO] [loader.go:216] ["diff load InfoSchema success"] [mode=auto] [isV2=true] [currVer=215] [neededVer=216] [gotVer=216] ["elapsed time"=319.916µs] [phyTblIDs="[228]"] [actionTypes="[4]"] [diffTypes="[\"drop table\"]"]
[2026/07/17 08:19:46.203 +08:00] [INFO] [syncer.go:281] ["mdl gets lock, update self version to owner"] [jobID=232] [version=216]
[2026/07/17 08:19:46.207 +08:00] [INFO] [schema_version.go:397] ["wait schema version synced success"] [category=ddl] [ver=216] [checkAssumedSvr=false] ["take time"=5.004042ms] [job="ID:232, Type:drop table, State:running, SchemaState:write only, SchemaID:114, TableID:228, RowCount:0, ArgLen:1, start time: 2026-07-17 08:19:46.178 +0800 CST, Err:<nil>, ErrCount:0, SnapshotVersion:0, Version: v2"] [summary="server count: 1"]
[2026/07/17 08:19:46.208 +08:00] [INFO] [job_worker.go:854] ["run one job step"] [category=ddl] [jobID=232] [conn=2] [job="ID:232, Type:drop table, State:running, SchemaState:write only, SchemaID:114, TableID:228, RowCount:0, ArgLen:0, start time: 2026-07-17 08:19:46.178 +0800 CST, Err:<nil>, ErrCount:0, SnapshotVersion:0, Version: v2"]
[2026/07/17 08:19:46.214 +08:00] [INFO] [loader.go:216] ["diff load InfoSchema success"] [mode=auto] [isV2=true] [currVer=216] [neededVer=217] [gotVer=217] ["elapsed time"=340µs] [phyTblIDs="[228]"] [actionTypes="[4]"] [diffTypes="[\"drop table\"]"]
[2026/07/17 08:19:46.215 +08:00] [INFO] [syncer.go:281] ["mdl gets lock, update self version to owner"] [jobID=232] [version=217]
[2026/07/17 08:19:46.219 +08:00] [INFO] [schema_version.go:397] ["wait schema version synced success"] [category=ddl] [ver=217] [checkAssumedSvr=false] ["take time"=5.240292ms] [job="ID:232, Type:drop table, State:running, SchemaState:delete only, SchemaID:114, TableID:228, RowCount:0, ArgLen:1, start time: 2026-07-17 08:19:46.178 +0800 CST, Err:<nil>, ErrCount:0, SnapshotVersion:0, Version: v2"] [summary="server count: 1"]
[2026/07/17 08:19:46.220 +08:00] [INFO] [job_worker.go:854] ["run one job step"] [category=ddl] [jobID=232] [conn=2] [job="ID:232, Type:drop table, State:running, SchemaState:delete only, SchemaID:114, TableID:228, RowCount:0, ArgLen:0, start time: 2026-07-17 08:19:46.178 +0800 CST, Err:<nil>, ErrCount:0, SnapshotVersion:0, Version: v2"]
[2026/07/17 08:19:46.221 +08:00] [WARN] [ddl.go:700] ["fail to notify DDL event"] [category=ddl] [event="(Event Type: drop table, Old Table ID: 228, Old Table Name: ai_stmt_control)"]
[2026/07/17 08:19:46.227 +08:00] [INFO] [loader.go:216] ["diff load InfoSchema success"] [mode=auto] [isV2=true] [currVer=217] [neededVer=218] [gotVer=218] ["elapsed time"=195.958µs] [phyTblIDs="[228]"] [actionTypes="[4]"] [diffTypes="[\"drop table\"]"]
[2026/07/17 08:19:46.228 +08:00] [INFO] [syncer.go:281] ["mdl gets lock, update self version to owner"] [jobID=232] [version=218]
[2026/07/17 08:19:46.242 +08:00] [INFO] [schema_version.go:397] ["wait schema version synced success"] [category=ddl] [ver=218] [checkAssumedSvr=false] ["take time"=15.178458ms] [job="ID:232, Type:drop table, State:done, SchemaState:none, SchemaID:114, TableID:228, RowCount:0, ArgLen:1, start time: 2026-07-17 08:19:46.178 +0800 CST, Err:<nil>, ErrCount:0, SnapshotVersion:0, Version: v2"] [summary="server count: 1"]
[2026/07/17 08:19:46.243 +08:00] [INFO] [delete_range.go:470] ["insert into delete-range table"] [category=ddl] [jobID=232] [tableIDs="[228]"] [comment="drop table: table ID"]
[2026/07/17 08:19:46.244 +08:00] [INFO] [delete_range.go:112] ["add job into delete-range table"] [category=ddl] [jobID=232] [jobType="drop table"]
[2026/07/17 08:19:46.244 +08:00] [INFO] [job_worker.go:447] ["finish DDL job"] [category=ddl] [jobID=232] [conn=2] [job="ID:232, Type:drop table, State:synced, SchemaState:none, SchemaID:114, TableID:228, RowCount:0, ArgLen:1, start time: 2026-07-17 08:19:46.178 +0800 CST, Err:<nil>, ErrCount:0, SnapshotVersion:0, Version: v2"]
[2026/07/17 08:19:46.247 +08:00] [INFO] [executor.go:7423] ["DDL job is finished"] [category=ddl] [jobID=232]
[2026/07/17 08:19:46.250 +08:00] [INFO] [job_submitter.go:118] ["add DDL jobs"] [category=ddl] ["batch count"=1] [jobs="ID:233, Type:drop table, State:queueing, SchemaState:public, SchemaID:114, TableID:230, RowCount:0, ArgLen:1, start time: 2026-07-17 08:19:46.228 +0800 CST, Err:<nil>, ErrCount:0, SnapshotVersion:0, Version: v2; "] [fast_create=true]
[2026/07/17 08:19:46.250 +08:00] [INFO] [executor.go:7285] ["DDL job submitted"] [category=ddl] [job="ID:233, Type:drop table, State:queueing, SchemaState:public, SchemaID:114, TableID:230, RowCount:0, ArgLen:1, start time: 2026-07-17 08:19:46.228 +0800 CST, Err:<nil>, ErrCount:0, SnapshotVersion:0, Version: v2"] [query="drop table if exists ai_stmt_control, ai_stmt_probe"]
[2026/07/17 08:19:46.251 +08:00] [INFO] [lock_resolver.go:1631] ["txn lock cleanup resolve-lock rpc finished"] [action=commit] [txnStartTS=467729799244152846] [commitTS=467729799244152848] [regionID=8] [resolveLite=true] [resolvedByCheckTxnStatus=false]
[2026/07/17 08:19:46.252 +08:00] [INFO] [job_worker.go:854] ["run one job step"] [category=ddl] [jobID=233] [conn=2] [job="ID:233, Type:drop table, State:queueing, SchemaState:public, SchemaID:114, TableID:230, RowCount:0, ArgLen:0, start time: 2026-07-17 08:19:46.228 +0800 CST, Err:<nil>, ErrCount:0, SnapshotVersion:0, Version: v2"]
[2026/07/17 08:19:46.259 +08:00] [INFO] [loader.go:216] ["diff load InfoSchema success"] [mode=auto] [isV2=true] [currVer=218] [neededVer=219] [gotVer=219] ["elapsed time"=350.208µs] [phyTblIDs="[230]"] [actionTypes="[4]"] [diffTypes="[\"drop table\"]"]
[2026/07/17 08:19:46.259 +08:00] [INFO] [syncer.go:281] ["mdl gets lock, update self version to owner"] [jobID=233] [version=219]
[2026/07/17 08:19:46.264 +08:00] [INFO] [schema_version.go:397] ["wait schema version synced success"] [category=ddl] [ver=219] [checkAssumedSvr=false] ["take time"=5.90025ms] [job="ID:233, Type:drop table, State:running, SchemaState:write only, SchemaID:114, TableID:230, RowCount:0, ArgLen:1, start time: 2026-07-17 08:19:46.228 +0800 CST, Err:<nil>, ErrCount:0, SnapshotVersion:0, Version: v2"] [summary="server count: 1"]
[2026/07/17 08:19:46.265 +08:00] [INFO] [job_worker.go:854] ["run one job step"] [category=ddl] [jobID=233] [conn=2] [job="ID:233, Type:drop table, State:running, SchemaState:write only, SchemaID:114, TableID:230, RowCount:0, ArgLen:0, start time: 2026-07-17 08:19:46.228 +0800 CST, Err:<nil>, ErrCount:0, SnapshotVersion:0, Version: v2"]
[2026/07/17 08:19:46.273 +08:00] [INFO] [loader.go:216] ["diff load InfoSchema success"] [mode=auto] [isV2=true] [currVer=219] [neededVer=220] [gotVer=220] ["elapsed time"=350µs] [phyTblIDs="[230]"] [actionTypes="[4]"] [diffTypes="[\"drop table\"]"]
[2026/07/17 08:19:46.273 +08:00] [INFO] [syncer.go:281] ["mdl gets lock, update self version to owner"] [jobID=233] [version=220]
[2026/07/17 08:19:46.278 +08:00] [INFO] [schema_version.go:397] ["wait schema version synced success"] [category=ddl] [ver=220] [checkAssumedSvr=false] ["take time"=5.918166ms] [job="ID:233, Type:drop table, State:running, SchemaState:delete only, SchemaID:114, TableID:230, RowCount:0, ArgLen:1, start time: 2026-07-17 08:19:46.228 +0800 CST, Err:<nil>, ErrCount:0, SnapshotVersion:0, Version: v2"] [summary="server count: 1"]
[2026/07/17 08:19:46.279 +08:00] [INFO] [job_worker.go:854] ["run one job step"] [category=ddl] [jobID=233] [conn=2] [job="ID:233, Type:drop table, State:running, SchemaState:delete only, SchemaID:114, TableID:230, RowCount:0, ArgLen:0, start time: 2026-07-17 08:19:46.228 +0800 CST, Err:<nil>, ErrCount:0, SnapshotVersion:0, Version: v2"]
[2026/07/17 08:19:46.281 +08:00] [WARN] [ddl.go:700] ["fail to notify DDL event"] [category=ddl] [event="(Event Type: drop table, Old Table ID: 230, Old Table Name: ai_stmt_probe)"]
[2026/07/17 08:19:46.287 +08:00] [INFO] [loader.go:216] ["diff load InfoSchema success"] [mode=auto] [isV2=true] [currVer=220] [neededVer=221] [gotVer=221] ["elapsed time"=261.583µs] [phyTblIDs="[230]"] [actionTypes="[4]"] [diffTypes="[\"drop table\"]"]
[2026/07/17 08:19:46.288 +08:00] [INFO] [syncer.go:281] ["mdl gets lock, update self version to owner"] [jobID=233] [version=221]
[2026/07/17 08:19:46.293 +08:00] [INFO] [schema_version.go:397] ["wait schema version synced success"] [category=ddl] [ver=221] [checkAssumedSvr=false] ["take time"=5.980625ms] [job="ID:233, Type:drop table, State:done, SchemaState:none, SchemaID:114, TableID:230, RowCount:0, ArgLen:1, start time: 2026-07-17 08:19:46.228 +0800 CST, Err:<nil>, ErrCount:0, SnapshotVersion:0, Version: v2"] [summary="server count: 1"]
[2026/07/17 08:19:46.294 +08:00] [INFO] [delete_range.go:470] ["insert into delete-range table"] [category=ddl] [jobID=233] [tableIDs="[230]"] [comment="drop table: table ID"]
[2026/07/17 08:19:46.295 +08:00] [INFO] [delete_range.go:112] ["add job into delete-range table"] [category=ddl] [jobID=233] [jobType="drop table"]
[2026/07/17 08:19:46.295 +08:00] [INFO] [job_worker.go:447] ["finish DDL job"] [category=ddl] [jobID=233] [conn=2] [job="ID:233, Type:drop table, State:synced, SchemaState:none, SchemaID:114, TableID:230, RowCount:0, ArgLen:1, start time: 2026-07-17 08:19:46.228 +0800 CST, Err:<nil>, ErrCount:0, SnapshotVersion:0, Version: v2"]
[2026/07/17 08:19:46.297 +08:00] [INFO] [executor.go:7423] ["DDL job is finished"] [category=ddl] [jobID=233]
[2026/07/17 08:19:46.297 +08:00] [INFO] [session.go:5195] ["CRUCIAL OPERATION"] [conn=2] [schemaVersion=221] [cur_db=test] [sql="drop table if exists ai_stmt_control, ai_stmt_probe"] [user=]
[2026/07/17 08:19:46.301 +08:00] [INFO] [job_submitter.go:118] ["add DDL jobs"] [category=ddl] ["batch count"=1] [jobs="ID:235, Type:create table, State:queueing, SchemaState:none, SchemaID:114, TableID:234, RowCount:0, ArgLen:1, start time: 2026-07-17 08:19:46.278 +0800 CST, Err:<nil>, ErrCount:0, SnapshotVersion:0, Version: v2; "] [fast_create=true]
[2026/07/17 08:19:46.301 +08:00] [INFO] [executor.go:7285] ["DDL job submitted"] [category=ddl] [job="ID:235, Type:create table, State:queueing, SchemaState:none, SchemaID:114, TableID:234, RowCount:0, ArgLen:1, start time: 2026-07-17 08:19:46.278 +0800 CST, Err:<nil>, ErrCount:0, SnapshotVersion:0, Version: v2"] [query="create table ai_stmt_control (\n\t\t\tid int primary key clustered,\n\t\t\tu1 int not null,\n\t\t\tu2 int not null,\n\t\t\tbase int not null,\n\t\t\tg int as (base + 1) stored,\n\t\t\tunique key u1_idx(u1),\n\t\t\tunique key u2_idx(u2),\n\t\t\tkey base_idx(base),\n\t\t\tkey g_idx(g),\n\t\t\tconstraint base_positive check (base > 0)\n\t\t)"]
[2026/07/17 08:19:46.302 +08:00] [INFO] [lock_resolver.go:1631] ["txn lock cleanup resolve-lock rpc finished"] [action=commit] [txnStartTS=467729799257260057] [commitTS=467729799257260059] [regionID=8] [resolveLite=true] [resolvedByCheckTxnStatus=false]
[2026/07/17 08:19:46.303 +08:00] [INFO] [job_worker.go:854] ["run one job step"] [category=ddl] [jobID=235] [conn=2] [job="ID:235, Type:create table, State:queueing, SchemaState:none, SchemaID:114, TableID:234, RowCount:0, ArgLen:0, start time: 2026-07-17 08:19:46.278 +0800 CST, Err:<nil>, ErrCount:0, SnapshotVersion:0, Version: v2"]
[2026/07/17 08:19:46.304 +08:00] [WARN] [ddl.go:700] ["fail to notify DDL event"] [category=ddl] [event="(Event Type: create table, Table ID: 234, Table Name: ai_stmt_control)"]
[2026/07/17 08:19:46.310 +08:00] [INFO] [loader.go:216] ["diff load InfoSchema success"] [mode=auto] [isV2=true] [currVer=221] [neededVer=222] [gotVer=222] ["elapsed time"=275.625µs] [phyTblIDs="[234]"] [actionTypes="[3]"] [diffTypes="[\"create table\"]"]
[2026/07/17 08:19:46.311 +08:00] [INFO] [syncer.go:281] ["mdl gets lock, update self version to owner"] [jobID=235] [version=222]
[2026/07/17 08:19:46.315 +08:00] [INFO] [schema_version.go:397] ["wait schema version synced success"] [category=ddl] [ver=222] [checkAssumedSvr=false] ["take time"=5.163041ms] [job="ID:235, Type:create table, State:done, SchemaState:public, SchemaID:114, TableID:234, RowCount:0, ArgLen:1, start time: 2026-07-17 08:19:46.278 +0800 CST, Err:<nil>, ErrCount:0, SnapshotVersion:0, Version: v2"] [summary="server count: 1"]
[2026/07/17 08:19:46.316 +08:00] [INFO] [job_worker.go:447] ["finish DDL job"] [category=ddl] [jobID=235] [conn=2] [job="ID:235, Type:create table, State:synced, SchemaState:public, SchemaID:114, TableID:234, RowCount:0, ArgLen:0, start time: 2026-07-17 08:19:46.278 +0800 CST, Err:<nil>, ErrCount:0, SnapshotVersion:0, Version: v2"]
[2026/07/17 08:19:46.318 +08:00] [INFO] [executor.go:7423] ["DDL job is finished"] [category=ddl] [jobID=235]
[2026/07/17 08:19:46.318 +08:00] [INFO] [session.go:5195] ["CRUCIAL OPERATION"] [conn=2] [schemaVersion=222] [cur_db=test] [sql="create table ai_stmt_control (\n\t\t\tid int primary key clustered,\n\t\t\tu1 int not null,\n\t\t\tu2 int not null,\n\t\t\tbase int not null,\n\t\t\tg int as (base + 1) stored,\n\t\t\tunique key u1_idx(u1),\n\t\t\tunique key u2_idx(u2),\n\t\t\tkey base_idx(base),\n\t\t\tkey g_idx(g),\n\t\t\tconstraint base_positive check (base > 0)\n\t\t)"] [user=]
[2026/07/17 08:19:46.322 +08:00] [WARN] [prewrite.go:619] ["1pc failed and fallbacks to normal commit procedure"] [startTS=467729799257260079]
[2026/07/17 08:19:46.325 +08:00] [INFO] [job_submitter.go:118] ["add DDL jobs"] [category=ddl] ["batch count"=1] [jobs="ID:237, Type:create table, State:queueing, SchemaState:none, SchemaID:114, TableID:236, RowCount:0, ArgLen:1, start time: 2026-07-17 08:19:46.278 +0800 CST, Err:<nil>, ErrCount:0, SnapshotVersion:0, Version: v2; "] [fast_create=true]
[2026/07/17 08:19:46.325 +08:00] [INFO] [executor.go:7285] ["DDL job submitted"] [category=ddl] [job="ID:237, Type:create table, State:queueing, SchemaState:none, SchemaID:114, TableID:236, RowCount:0, ArgLen:1, start time: 2026-07-17 08:19:46.278 +0800 CST, Err:<nil>, ErrCount:0, SnapshotVersion:0, Version: v2"] [query="create table ai_stmt_probe (\n\t\t\tid int primary key clustered,\n\t\t\tu1 int not null,\n\t\t\tu2 int not null,\n\t\t\tbase int not null,\n\t\t\tg int as (base + 1) stored,\n\t\t\tunique key u1_idx(u1),\n\t\t\tunique key u2_idx(u2),\n\t\t\tkey base_idx(base),\n\t\t\tkey g_idx(g),\n\t\t\tconstraint base_positive check (base > 0)\n\t\t)"]
[2026/07/17 08:19:46.326 +08:00] [INFO] [job_worker.go:854] ["run one job step"] [category=ddl] [jobID=237] [conn=2] [job="ID:237, Type:create table, State:queueing, SchemaState:none, SchemaID:114, TableID:236, RowCount:0, ArgLen:0, start time: 2026-07-17 08:19:46.278 +0800 CST, Err:<nil>, ErrCount:0, SnapshotVersion:0, Version: v2"]
[2026/07/17 08:19:46.327 +08:00] [WARN] [ddl.go:700] ["fail to notify DDL event"] [category=ddl] [event="(Event Type: create table, Table ID: 236, Table Name: ai_stmt_probe)"]
[2026/07/17 08:19:46.333 +08:00] [INFO] [loader.go:216] ["diff load InfoSchema success"] [mode=auto] [isV2=true] [currVer=222] [neededVer=223] [gotVer=223] ["elapsed time"=286.333µs] [phyTblIDs="[236]"] [actionTypes="[3]"] [diffTypes="[\"create table\"]"]
[2026/07/17 08:19:46.333 +08:00] [INFO] [syncer.go:281] ["mdl gets lock, update self version to owner"] [jobID=237] [version=223]
[2026/07/17 08:19:46.338 +08:00] [INFO] [schema_version.go:397] ["wait schema version synced success"] [category=ddl] [ver=223] [checkAssumedSvr=false] ["take time"=5.831ms] [job="ID:237, Type:create table, State:done, SchemaState:public, SchemaID:114, TableID:236, RowCount:0, ArgLen:1, start time: 2026-07-17 08:19:46.278 +0800 CST, Err:<nil>, ErrCount:0, SnapshotVersion:0, Version: v2"] [summary="server count: 1"]
[2026/07/17 08:19:46.339 +08:00] [INFO] [job_worker.go:447] ["finish DDL job"] [category=ddl] [jobID=237] [conn=2] [job="ID:237, Type:create table, State:synced, SchemaState:public, SchemaID:114, TableID:236, RowCount:0, ArgLen:0, start time: 2026-07-17 08:19:46.278 +0800 CST, Err:<nil>, ErrCount:0, SnapshotVersion:0, Version: v2"]
[2026/07/17 08:19:46.341 +08:00] [INFO] [executor.go:7423] ["DDL job is finished"] [category=ddl] [jobID=237]
[2026/07/17 08:19:46.341 +08:00] [INFO] [session.go:5195] ["CRUCIAL OPERATION"] [conn=2] [schemaVersion=223] [cur_db=test] [sql="create table ai_stmt_probe (\n\t\t\tid int primary key clustered,\n\t\t\tu1 int not null,\n\t\t\tu2 int not null,\n\t\t\tbase int not null,\n\t\t\tg int as (base + 1) stored,\n\t\t\tunique key u1_idx(u1),\n\t\t\tunique key u2_idx(u2),\n\t\t\tkey base_idx(base),\n\t\t\tkey g_idx(g),\n\t\t\tconstraint base_positive check (base > 0)\n\t\t)"] [user=]
[2026/07/17 08:19:46.347 +08:00] [WARN] [prewrite.go:619] ["1pc failed and fallbacks to normal commit procedure"] [startTS=467729799270367244]
[2026/07/17 08:19:46.355 +08:00] [WARN] [prewrite.go:619] ["1pc failed and fallbacks to normal commit procedure"] [startTS=467729799270367246]
[2026/07/17 08:19:46.356 +08:00] [WARN] [session.go:2726] ["run statement failed"] [schemaVersion=223] [error="[table:1048]Column 'base' cannot be null"] [errorVerbose="[table:1048]Column 'base' cannot be null\ngithub.com/pingcap/errors.(*Error).GenWithStackByArgs\n\t/Users/bba/.gvm/pkgsets/go1.25.1/global/pkg/mod/github.com/pingcap/errors@v0.11.5-0.20260508054701-306e305bcf41/normalize.go:225\ngithub.com/pingcap/tidb/pkg/table.(*Column).CheckNotNull\n\t/Users/bba/pc/tidb-ai-master/pkg/table/column.go:514\ngithub.com/pingcap/tidb/pkg/table.(*Column).HandleBadNull\n\t/Users/bba/pc/tidb-ai-master/pkg/table/column.go:528\ngithub.com/pingcap/tidb/pkg/executor.updateRecord\n\t/Users/bba/pc/tidb-ai-master/pkg/executor/write.go:264\ngithub.com/pingcap/tidb/pkg/executor.(*UpdateExec).exec\n\t/Users/bba/pc/tidb-ai-master/pkg/executor/update.go:307\ngithub.com/pingcap/tidb/pkg/executor.(*UpdateExec).updateRows\n\t/Users/bba/pc/tidb-ai-master/pkg/executor/update.go:481\ngithub.com/pingcap/tidb/pkg/executor.(*UpdateExec).Next\n\t/Users/bba/pc/tidb-ai-master/pkg/executor/update.go:368\ngithub.com/pingcap/tidb/pkg/executor/internal/exec.Next\n\t/Users/bba/pc/tidb-ai-master/pkg/executor/internal/exec/executor.go:694\ngithub.com/pingcap/tidb/pkg/executor.(*ExecStmt).next\n\t/Users/bba/pc/tidb-ai-master/pkg/executor/adapter.go:1532\ngithub.com/pingcap/tidb/pkg/executor.(*ExecStmt).handleNoDelayExecutor\n\t/Users/bba/pc/tidb-ai-master/pkg/executor/adapter.go:1155\ngithub.com/pingcap/tidb/pkg/executor.(*ExecStmt).handleNoDelay\n\t/Users/bba/pc/tidb-ai-master/pkg/executor/adapter.go:988\ngithub.com/pingcap/tidb/pkg/executor.(*ExecStmt).Exec\n\t/Users/bba/pc/tidb-ai-master/pkg/executor/adapter.go:742\ngithub.com/pingcap/tidb/pkg/session.runStmt\n\t/Users/bba/pc/tidb-ai-master/pkg/session/session.go:3003\ngithub.com/pingcap/tidb/pkg/session.(*session).executeStmtImpl\n\t/Users/bba/pc/tidb-ai-master/pkg/session/session.go:2714\ngithub.com/pingcap/tidb/pkg/session.(*session).ExecuteStmt\n\t/Users/bba/pc/tidb-ai-master/pkg/session/session.go:2420\ngithub.com/pingcap/tidb/pkg/testkit.(*TestKit).ExecWithContext\n\t/Users/bba/pc/tidb-ai-master/pkg/testkit/testkit.go:423\ngithub.com/pingcap/tidb/pkg/testkit.(*TestKit).Exec\n\t/Users/bba/pc/tidb-ai-master/pkg/testkit/testkit.go:386\ngithub.com/pingcap/tidb/pkg/testkit.(*TestKit).ExecToErr\n\t/Users/bba/pc/tidb-ai-master/pkg/testkit/testkit.go:473\ngithub.com/pingcap/tidb/tests/realtikvtest/txntest.TestAINativeFailedStatementCannotPoisonPriorMutation.func1\n\t/Users/bba/pc/tidb-ai-master/tests/realtikvtest/txntest/ai_native_unique_owner_fuzz_test.go:925\ntesting.tRunner\n\t/Users/bba/.gvm/pkgsets/go1.25.1/global/pkg/mod/golang.org/toolchain@v0.0.1-go1.25.10.darwin-arm64/src/testing/testing.go:1934\nruntime.goexit\n\t/Users/bba/.gvm/pkgsets/go1.25.1/global/pkg/mod/golang.org/toolchain@v0.0.1-go1.25.10.darwin-arm64/src/runtime/asm_arm64.s:1268"] [session="{\n  \"currDBName\": \"test\",\n  \"id\": 2,\n  \"status\": 3,\n  \"strictMode\": true,\n  \"txn\": \"467729799270367250\",\n  \"user\": null\n}"]
[2026/07/17 08:19:46.357 +08:00] [WARN] [prewrite.go:619] ["1pc failed and fallbacks to normal commit procedure"] [startTS=467729799270367250]
=== RUN   TestAINativeFailedStatementCannotPoisonPriorMutation/optimistic/delete_then_failed_multirow_insert_with_new_owner
[2026/07/17 08:19:46.368 +08:00] [INFO] [job_submitter.go:118] ["add DDL jobs"] [category=ddl] ["batch count"=1] [jobs="ID:238, Type:drop table, State:queueing, SchemaState:public, SchemaID:114, TableID:234, RowCount:0, ArgLen:1, start time: 2026-07-17 08:19:46.328 +0800 CST, Err:<nil>, ErrCount:0, SnapshotVersion:0, Version: v2; "] [fast_create=true]
[2026/07/17 08:19:46.368 +08:00] [INFO] [executor.go:7285] ["DDL job submitted"] [category=ddl] [job="ID:238, Type:drop table, State:queueing, SchemaState:public, SchemaID:114, TableID:234, RowCount:0, ArgLen:1, start time: 2026-07-17 08:19:46.328 +0800 CST, Err:<nil>, ErrCount:0, SnapshotVersion:0, Version: v2"] [query="drop table if exists ai_stmt_control, ai_stmt_probe"]
[2026/07/17 08:19:46.369 +08:00] [INFO] [job_worker.go:854] ["run one job step"] [category=ddl] [jobID=238] [conn=2] [job="ID:238, Type:drop table, State:queueing, SchemaState:public, SchemaID:114, TableID:234, RowCount:0, ArgLen:0, start time: 2026-07-17 08:19:46.328 +0800 CST, Err:<nil>, ErrCount:0, SnapshotVersion:0, Version: v2"]
[2026/07/17 08:19:46.377 +08:00] [INFO] [loader.go:216] ["diff load InfoSchema success"] [mode=auto] [isV2=true] [currVer=223] [neededVer=224] [gotVer=224] ["elapsed time"=359.583µs] [phyTblIDs="[234]"] [actionTypes="[4]"] [diffTypes="[\"drop table\"]"]
[2026/07/17 08:19:46.377 +08:00] [INFO] [syncer.go:281] ["mdl gets lock, update self version to owner"] [jobID=238] [version=224]
[2026/07/17 08:19:46.382 +08:00] [INFO] [schema_version.go:397] ["wait schema version synced success"] [category=ddl] [ver=224] [checkAssumedSvr=false] ["take time"=6.073958ms] [job="ID:238, Type:drop table, State:running, SchemaState:write only, SchemaID:114, TableID:234, RowCount:0, ArgLen:1, start time: 2026-07-17 08:19:46.328 +0800 CST, Err:<nil>, ErrCount:0, SnapshotVersion:0, Version: v2"] [summary="server count: 1"]
[2026/07/17 08:19:46.384 +08:00] [INFO] [job_worker.go:854] ["run one job step"] [category=ddl] [jobID=238] [conn=2] [job="ID:238, Type:drop table, State:running, SchemaState:write only, SchemaID:114, TableID:234, RowCount:0, ArgLen:0, start time: 2026-07-17 08:19:46.328 +0800 CST, Err:<nil>, ErrCount:0, SnapshotVersion:0, Version: v2"]
[2026/07/17 08:19:46.390 +08:00] [INFO] [loader.go:216] ["diff load InfoSchema success"] [mode=auto] [isV2=true] [currVer=224] [neededVer=225] [gotVer=225] ["elapsed time"=354.041µs] [phyTblIDs="[234]"] [actionTypes="[4]"] [diffTypes="[\"drop table\"]"]
[2026/07/17 08:19:46.391 +08:00] [INFO] [syncer.go:281] ["mdl gets lock, update self version to owner"] [jobID=238] [version=225]
[2026/07/17 08:19:46.396 +08:00] [INFO] [schema_version.go:397] ["wait schema version synced success"] [category=ddl] [ver=225] [checkAssumedSvr=false] ["take time"=6.194083ms] [job="ID:238, Type:drop table, State:running, SchemaState:delete only, SchemaID:114, TableID:234, RowCount:0, ArgLen:1, start time: 2026-07-17 08:19:46.328 +0800 CST, Err:<nil>, ErrCount:0, SnapshotVersion:0, Version: v2"] [summary="server count: 1"]
[2026/07/17 08:19:46.397 +08:00] [INFO] [job_worker.go:854] ["run one job step"] [category=ddl] [jobID=238] [conn=2] [job="ID:238, Type:drop table, State:running, SchemaState:delete only, SchemaID:114, TableID:234, RowCount:0, ArgLen:0, start time: 2026-07-17 08:19:46.328 +0800 CST, Err:<nil>, ErrCount:0, SnapshotVersion:0, Version: v2"]
[2026/07/17 08:19:46.398 +08:00] [WARN] [ddl.go:700] ["fail to notify DDL event"] [category=ddl] [event="(Event Type: drop table, Old Table ID: 234, Old Table Name: ai_stmt_control)"]
[2026/07/17 08:19:46.404 +08:00] [INFO] [loader.go:216] ["diff load InfoSchema success"] [mode=auto] [isV2=true] [currVer=225] [neededVer=226] [gotVer=226] ["elapsed time"=219.625µs] [phyTblIDs="[234]"] [actionTypes="[4]"] [diffTypes="[\"drop table\"]"]
[2026/07/17 08:19:46.405 +08:00] [INFO] [syncer.go:281] ["mdl gets lock, update self version to owner"] [jobID=238] [version=226]
[2026/07/17 08:19:46.409 +08:00] [INFO] [schema_version.go:397] ["wait schema version synced success"] [category=ddl] [ver=226] [checkAssumedSvr=false] ["take time"=5.051083ms] [job="ID:238, Type:drop table, State:done, SchemaState:none, SchemaID:114, TableID:234, RowCount:0, ArgLen:1, start time: 2026-07-17 08:19:46.328 +0800 CST, Err:<nil>, ErrCount:0, SnapshotVersion:0, Version: v2"] [summary="server count: 1"]
[2026/07/17 08:19:46.410 +08:00] [INFO] [delete_range.go:470] ["insert into delete-range table"] [category=ddl] [jobID=238] [tableIDs="[234]"] [comment="drop table: table ID"]
[2026/07/17 08:19:46.411 +08:00] [INFO] [delete_range.go:112] ["add job into delete-range table"] [category=ddl] [jobID=238] [jobType="drop table"]
[2026/07/17 08:19:46.411 +08:00] [INFO] [job_worker.go:447] ["finish DDL job"] [category=ddl] [jobID=238] [conn=2] [job="ID:238, Type:drop table, State:synced, SchemaState:none, SchemaID:114, TableID:234, RowCount:0, ArgLen:1, start time: 2026-07-17 08:19:46.328 +0800 CST, Err:<nil>, ErrCount:0, SnapshotVersion:0, Version: v2"]
[2026/07/17 08:19:46.414 +08:00] [INFO] [executor.go:7423] ["DDL job is finished"] [category=ddl] [jobID=238]
[2026/07/17 08:19:46.417 +08:00] [INFO] [job_submitter.go:118] ["add DDL jobs"] [category=ddl] ["batch count"=1] [jobs="ID:239, Type:drop table, State:queueing, SchemaState:public, SchemaID:114, TableID:236, RowCount:0, ArgLen:1, start time: 2026-07-17 08:19:46.378 +0800 CST, Err:<nil>, ErrCount:0, SnapshotVersion:0, Version: v2; "] [fast_create=true]
[2026/07/17 08:19:46.417 +08:00] [INFO] [executor.go:7285] ["DDL job submitted"] [category=ddl] [job="ID:239, Type:drop table, State:queueing, SchemaState:public, SchemaID:114, TableID:236, RowCount:0, ArgLen:1, start time: 2026-07-17 08:19:46.378 +0800 CST, Err:<nil>, ErrCount:0, SnapshotVersion:0, Version: v2"] [query="drop table if exists ai_stmt_control, ai_stmt_probe"]
[2026/07/17 08:19:46.418 +08:00] [INFO] [lock_resolver.go:1631] ["txn lock cleanup resolve-lock rpc finished"] [action=commit] [txnStartTS=467729799283474464] [commitTS=467729799283474466] [regionID=8] [resolveLite=true] [resolvedByCheckTxnStatus=false]
[2026/07/17 08:19:46.419 +08:00] [INFO] [job_worker.go:854] ["run one job step"] [category=ddl] [jobID=239] [conn=2] [job="ID:239, Type:drop table, State:queueing, SchemaState:public, SchemaID:114, TableID:236, RowCount:0, ArgLen:0, start time: 2026-07-17 08:19:46.378 +0800 CST, Err:<nil>, ErrCount:0, SnapshotVersion:0, Version: v2"]
[2026/07/17 08:19:46.426 +08:00] [INFO] [loader.go:216] ["diff load InfoSchema success"] [mode=auto] [isV2=true] [currVer=226] [neededVer=227] [gotVer=227] ["elapsed time"=370.166µs] [phyTblIDs="[236]"] [actionTypes="[4]"] [diffTypes="[\"drop table\"]"]
[2026/07/17 08:19:46.426 +08:00] [INFO] [syncer.go:281] ["mdl gets lock, update self version to owner"] [jobID=239] [version=227]
[2026/07/17 08:19:46.431 +08:00] [INFO] [schema_version.go:397] ["wait schema version synced success"] [category=ddl] [ver=227] [checkAssumedSvr=false] ["take time"=5.794708ms] [job="ID:239, Type:drop table, State:running, SchemaState:write only, SchemaID:114, TableID:236, RowCount:0, ArgLen:1, start time: 2026-07-17 08:19:46.378 +0800 CST, Err:<nil>, ErrCount:0, SnapshotVersion:0, Version: v2"] [summary="server count: 1"]
[2026/07/17 08:19:46.432 +08:00] [INFO] [job_worker.go:854] ["run one job step"] [category=ddl] [jobID=239] [conn=2] [job="ID:239, Type:drop table, State:running, SchemaState:write only, SchemaID:114, TableID:236, RowCount:0, ArgLen:0, start time: 2026-07-17 08:19:46.378 +0800 CST, Err:<nil>, ErrCount:0, SnapshotVersion:0, Version: v2"]
[2026/07/17 08:19:46.439 +08:00] [INFO] [loader.go:216] ["diff load InfoSchema success"] [mode=auto] [isV2=true] [currVer=227] [neededVer=228] [gotVer=228] ["elapsed time"=339.875µs] [phyTblIDs="[236]"] [actionTypes="[4]"] [diffTypes="[\"drop table\"]"]
[2026/07/17 08:19:46.439 +08:00] [INFO] [syncer.go:281] ["mdl gets lock, update self version to owner"] [jobID=239] [version=228]
[2026/07/17 08:19:46.444 +08:00] [INFO] [schema_version.go:397] ["wait schema version synced success"] [category=ddl] [ver=228] [checkAssumedSvr=false] ["take time"=5.77725ms] [job="ID:239, Type:drop table, State:running, SchemaState:delete only, SchemaID:114, TableID:236, RowCount:0, ArgLen:1, start time: 2026-07-17 08:19:46.378 +0800 CST, Err:<nil>, ErrCount:0, SnapshotVersion:0, Version: v2"] [summary="server count: 1"]
[2026/07/17 08:19:46.445 +08:00] [INFO] [job_worker.go:854] ["run one job step"] [category=ddl] [jobID=239] [conn=2] [job="ID:239, Type:drop table, State:running, SchemaState:delete only, SchemaID:114, TableID:236, RowCount:0, ArgLen:0, start time: 2026-07-17 08:19:46.378 +0800 CST, Err:<nil>, ErrCount:0, SnapshotVersion:0, Version: v2"]
[2026/07/17 08:19:46.446 +08:00] [WARN] [ddl.go:700] ["fail to notify DDL event"] [category=ddl] [event="(Event Type: drop table, Old Table ID: 236, Old Table Name: ai_stmt_probe)"]
[2026/07/17 08:19:46.453 +08:00] [INFO] [loader.go:216] ["diff load InfoSchema success"] [mode=auto] [isV2=true] [currVer=228] [neededVer=229] [gotVer=229] ["elapsed time"=208µs] [phyTblIDs="[236]"] [actionTypes="[4]"] [diffTypes="[\"drop table\"]"]
[2026/07/17 08:19:46.453 +08:00] [INFO] [syncer.go:281] ["mdl gets lock, update self version to owner"] [jobID=239] [version=229]
[2026/07/17 08:19:46.468 +08:00] [INFO] [schema_version.go:397] ["wait schema version synced success"] [category=ddl] [ver=229] [checkAssumedSvr=false] ["take time"=15.700625ms] [job="ID:239, Type:drop table, State:done, SchemaState:none, SchemaID:114, TableID:236, RowCount:0, ArgLen:1, start time: 2026-07-17 08:19:46.378 +0800 CST, Err:<nil>, ErrCount:0, SnapshotVersion:0, Version: v2"] [summary="server count: 1"]
[2026/07/17 08:19:46.469 +08:00] [INFO] [delete_range.go:470] ["insert into delete-range table"] [category=ddl] [jobID=239] [tableIDs="[236]"] [comment="drop table: table ID"]
[2026/07/17 08:19:46.470 +08:00] [INFO] [delete_range.go:112] ["add job into delete-range table"] [category=ddl] [jobID=239] [jobType="drop table"]
[2026/07/17 08:19:46.470 +08:00] [INFO] [job_worker.go:447] ["finish DDL job"] [category=ddl] [jobID=239] [conn=2] [job="ID:239, Type:drop table, State:synced, SchemaState:none, SchemaID:114, TableID:236, RowCount:0, ArgLen:1, start time: 2026-07-17 08:19:46.378 +0800 CST, Err:<nil>, ErrCount:0, SnapshotVersion:0, Version: v2"]
[2026/07/17 08:19:46.472 +08:00] [INFO] [executor.go:7423] ["DDL job is finished"] [category=ddl] [jobID=239]
[2026/07/17 08:19:46.472 +08:00] [INFO] [session.go:5195] ["CRUCIAL OPERATION"] [conn=2] [schemaVersion=229] [cur_db=test] [sql="drop table if exists ai_stmt_control, ai_stmt_probe"] [user=]
[2026/07/17 08:19:46.476 +08:00] [INFO] [job_submitter.go:118] ["add DDL jobs"] [category=ddl] ["batch count"=1] [jobs="ID:241, Type:create table, State:queueing, SchemaState:none, SchemaID:114, TableID:240, RowCount:0, ArgLen:1, start time: 2026-07-17 08:19:46.428 +0800 CST, Err:<nil>, ErrCount:0, SnapshotVersion:0, Version: v2; "] [fast_create=true]
[2026/07/17 08:19:46.476 +08:00] [INFO] [executor.go:7285] ["DDL job submitted"] [category=ddl] [job="ID:241, Type:create table, State:queueing, SchemaState:none, SchemaID:114, TableID:240, RowCount:0, ArgLen:1, start time: 2026-07-17 08:19:46.428 +0800 CST, Err:<nil>, ErrCount:0, SnapshotVersion:0, Version: v2"] [query="create table ai_stmt_control (\n\t\t\tid int primary key clustered,\n\t\t\tu1 int not null,\n\t\t\tu2 int not null,\n\t\t\tbase int not null,\n\t\t\tg int as (base + 1) stored,\n\t\t\tunique key u1_idx(u1),\n\t\t\tunique key u2_idx(u2),\n\t\t\tkey base_idx(base),\n\t\t\tkey g_idx(g),\n\t\t\tconstraint base_positive check (base > 0)\n\t\t)"]
[2026/07/17 08:19:46.477 +08:00] [INFO] [lock_resolver.go:1631] ["txn lock cleanup resolve-lock rpc finished"] [action=commit] [txnStartTS=467729799296581668] [commitTS=467729799296581670] [regionID=8] [resolveLite=true] [resolvedByCheckTxnStatus=false]
[2026/07/17 08:19:46.478 +08:00] [INFO] [job_worker.go:854] ["run one job step"] [category=ddl] [jobID=241] [conn=2] [job="ID:241, Type:create table, State:queueing, SchemaState:none, SchemaID:114, TableID:240, RowCount:0, ArgLen:0, start time: 2026-07-17 08:19:46.428 +0800 CST, Err:<nil>, ErrCount:0, SnapshotVersion:0, Version: v2"]
[2026/07/17 08:19:46.479 +08:00] [WARN] [ddl.go:700] ["fail to notify DDL event"] [category=ddl] [event="(Event Type: create table, Table ID: 240, Table Name: ai_stmt_control)"]
[2026/07/17 08:19:46.485 +08:00] [INFO] [loader.go:216] ["diff load InfoSchema success"] [mode=auto] [isV2=true] [currVer=229] [neededVer=230] [gotVer=230] ["elapsed time"=299.334µs] [phyTblIDs="[240]"] [actionTypes="[3]"] [diffTypes="[\"create table\"]"]
[2026/07/17 08:19:46.486 +08:00] [INFO] [syncer.go:281] ["mdl gets lock, update self version to owner"] [jobID=241] [version=230]
[2026/07/17 08:19:46.490 +08:00] [INFO] [schema_version.go:397] ["wait schema version synced success"] [category=ddl] [ver=230] [checkAssumedSvr=false] ["take time"=5.514125ms] [job="ID:241, Type:create table, State:done, SchemaState:public, SchemaID:114, TableID:240, RowCount:0, ArgLen:1, start time: 2026-07-17 08:19:46.428 +0800 CST, Err:<nil>, ErrCount:0, SnapshotVersion:0, Version: v2"] [summary="server count: 1"]
[2026/07/17 08:19:46.492 +08:00] [INFO] [job_worker.go:447] ["finish DDL job"] [category=ddl] [jobID=241] [conn=2] [job="ID:241, Type:create table, State:synced, SchemaState:public, SchemaID:114, TableID:240, RowCount:0, ArgLen:0, start time: 2026-07-17 08:19:46.428 +0800 CST, Err:<nil>, ErrCount:0, SnapshotVersion:0, Version: v2"]
[2026/07/17 08:19:46.493 +08:00] [INFO] [executor.go:7423] ["DDL job is finished"] [category=ddl] [jobID=241]
[2026/07/17 08:19:46.493 +08:00] [INFO] [session.go:5195] ["CRUCIAL OPERATION"] [conn=2] [schemaVersion=230] [cur_db=test] [sql="create table ai_stmt_control (\n\t\t\tid int primary key clustered,\n\t\t\tu1 int not null,\n\t\t\tu2 int not null,\n\t\t\tbase int not null,\n\t\t\tg int as (base + 1) stored,\n\t\t\tunique key u1_idx(u1),\n\t\t\tunique key u2_idx(u2),\n\t\t\tkey base_idx(base),\n\t\t\tkey g_idx(g),\n\t\t\tconstraint base_positive check (base > 0)\n\t\t)"] [user=]
[2026/07/17 08:19:46.498 +08:00] [WARN] [prewrite.go:619] ["1pc failed and fallbacks to normal commit procedure"] [startTS=467729799309688847]
[2026/07/17 08:19:46.500 +08:00] [INFO] [job_submitter.go:118] ["add DDL jobs"] [category=ddl] ["batch count"=1] [jobs="ID:243, Type:create table, State:queueing, SchemaState:none, SchemaID:114, TableID:242, RowCount:0, ArgLen:1, start time: 2026-07-17 08:19:46.478 +0800 CST, Err:<nil>, ErrCount:0, SnapshotVersion:0, Version: v2; "] [fast_create=true]
[2026/07/17 08:19:46.500 +08:00] [INFO] [executor.go:7285] ["DDL job submitted"] [category=ddl] [job="ID:243, Type:create table, State:queueing, SchemaState:none, SchemaID:114, TableID:242, RowCount:0, ArgLen:1, start time: 2026-07-17 08:19:46.478 +0800 CST, Err:<nil>, ErrCount:0, SnapshotVersion:0, Version: v2"] [query="create table ai_stmt_probe (\n\t\t\tid int primary key clustered,\n\t\t\tu1 int not null,\n\t\t\tu2 int not null,\n\t\t\tbase int not null,\n\t\t\tg int as (base + 1) stored,\n\t\t\tunique key u1_idx(u1),\n\t\t\tunique key u2_idx(u2),\n\t\t\tkey base_idx(base),\n\t\t\tkey g_idx(g),\n\t\t\tconstraint base_positive check (base > 0)\n\t\t)"]
[2026/07/17 08:19:46.501 +08:00] [INFO] [job_worker.go:854] ["run one job step"] [category=ddl] [jobID=243] [conn=2] [job="ID:243, Type:create table, State:queueing, SchemaState:none, SchemaID:114, TableID:242, RowCount:0, ArgLen:0, start time: 2026-07-17 08:19:46.478 +0800 CST, Err:<nil>, ErrCount:0, SnapshotVersion:0, Version: v2"]
[2026/07/17 08:19:46.502 +08:00] [WARN] [ddl.go:700] ["fail to notify DDL event"] [category=ddl] [event="(Event Type: create table, Table ID: 242, Table Name: ai_stmt_probe)"]
[2026/07/17 08:19:46.508 +08:00] [INFO] [loader.go:216] ["diff load InfoSchema success"] [mode=auto] [isV2=true] [currVer=230] [neededVer=231] [gotVer=231] ["elapsed time"=277.542µs] [phyTblIDs="[242]"] [actionTypes="[3]"] [diffTypes="[\"create table\"]"]
[2026/07/17 08:19:46.509 +08:00] [INFO] [syncer.go:281] ["mdl gets lock, update self version to owner"] [jobID=243] [version=231]
[2026/07/17 08:19:46.513 +08:00] [INFO] [schema_version.go:397] ["wait schema version synced success"] [category=ddl] [ver=231] [checkAssumedSvr=false] ["take time"=5.023292ms] [job="ID:243, Type:create table, State:done, SchemaState:public, SchemaID:114, TableID:242, RowCount:0, ArgLen:1, start time: 2026-07-17 08:19:46.478 +0800 CST, Err:<nil>, ErrCount:0, SnapshotVersion:0, Version: v2"] [summary="server count: 1"]
[2026/07/17 08:19:46.514 +08:00] [INFO] [job_worker.go:447] ["finish DDL job"] [category=ddl] [jobID=243] [conn=2] [job="ID:243, Type:create table, State:synced, SchemaState:public, SchemaID:114, TableID:242, RowCount:0, ArgLen:0, start time: 2026-07-17 08:19:46.478 +0800 CST, Err:<nil>, ErrCount:0, SnapshotVersion:0, Version: v2"]
[2026/07/17 08:19:46.516 +08:00] [INFO] [executor.go:7423] ["DDL job is finished"] [category=ddl] [jobID=243]
[2026/07/17 08:19:46.516 +08:00] [INFO] [session.go:5195] ["CRUCIAL OPERATION"] [conn=2] [schemaVersion=231] [cur_db=test] [sql="create table ai_stmt_probe (\n\t\t\tid int primary key clustered,\n\t\t\tu1 int not null,\n\t\t\tu2 int not null,\n\t\t\tbase int not null,\n\t\t\tg int as (base + 1) stored,\n\t\t\tunique key u1_idx(u1),\n\t\t\tunique key u2_idx(u2),\n\t\t\tkey base_idx(base),\n\t\t\tkey g_idx(g),\n\t\t\tconstraint base_positive check (base > 0)\n\t\t)"] [user=]
[2026/07/17 08:19:46.520 +08:00] [WARN] [prewrite.go:619] ["1pc failed and fallbacks to normal commit procedure"] [startTS=467729799309688871]
[2026/07/17 08:19:46.521 +08:00] [WARN] [prewrite.go:619] ["1pc failed and fallbacks to normal commit procedure"] [startTS=467729799309688874]
[2026/07/17 08:19:46.522 +08:00] [WARN] [session.go:2726] ["run statement failed"] [schemaVersion=231] [error="[table:1048]Column 'base' cannot be null"] [errorVerbose="[table:1048]Column 'base' cannot be null\ngithub.com/pingcap/errors.(*Error).GenWithStackByArgs\n\t/Users/bba/.gvm/pkgsets/go1.25.1/global/pkg/mod/github.com/pingcap/errors@v0.11.5-0.20260508054701-306e305bcf41/normalize.go:225\ngithub.com/pingcap/tidb/pkg/table.(*Column).CheckNotNull\n\t/Users/bba/pc/tidb-ai-master/pkg/table/column.go:514\ngithub.com/pingcap/tidb/pkg/table.(*Column).HandleBadNull\n\t/Users/bba/pc/tidb-ai-master/pkg/table/column.go:528\ngithub.com/pingcap/tidb/pkg/executor.(*InsertValues).fillRow\n\t/Users/bba/pc/tidb-ai-master/pkg/executor/insert_common.go:732\ngithub.com/pingcap/tidb/pkg/executor.(*InsertValues).fastEvalRow\n\t/Users/bba/pc/tidb-ai-master/pkg/executor/insert_common.go:458\ngithub.com/pingcap/tidb/pkg/executor.insertRows\n\t/Users/bba/pc/tidb-ai-master/pkg/executor/insert_common.go:249\ngithub.com/pingcap/tidb/pkg/executor.(*InsertExec).Next\n\t/Users/bba/pc/tidb-ai-master/pkg/executor/insert.go:370\ngithub.com/pingcap/tidb/pkg/executor/internal/exec.Next\n\t/Users/bba/pc/tidb-ai-master/pkg/executor/internal/exec/executor.go:694\ngithub.com/pingcap/tidb/pkg/executor.(*ExecStmt).next\n\t/Users/bba/pc/tidb-ai-master/pkg/executor/adapter.go:1532\ngithub.com/pingcap/tidb/pkg/executor.(*ExecStmt).handleNoDelayExecutor\n\t/Users/bba/pc/tidb-ai-master/pkg/executor/adapter.go:1155\ngithub.com/pingcap/tidb/pkg/executor.(*ExecStmt).handleNoDelay\n\t/Users/bba/pc/tidb-ai-master/pkg/executor/adapter.go:988\ngithub.com/pingcap/tidb/pkg/executor.(*ExecStmt).Exec\n\t/Users/bba/pc/tidb-ai-master/pkg/executor/adapter.go:742\ngithub.com/pingcap/tidb/pkg/session.runStmt\n\t/Users/bba/pc/tidb-ai-master/pkg/session/session.go:3003\ngithub.com/pingcap/tidb/pkg/session.(*session).executeStmtImpl\n\t/Users/bba/pc/tidb-ai-master/pkg/session/session.go:2714\ngithub.com/pingcap/tidb/pkg/session.(*session).ExecuteStmt\n\t/Users/bba/pc/tidb-ai-master/pkg/session/session.go:2420\ngithub.com/pingcap/tidb/pkg/testkit.(*TestKit).ExecWithContext\n\t/Users/bba/pc/tidb-ai-master/pkg/testkit/testkit.go:423\ngithub.com/pingcap/tidb/pkg/testkit.(*TestKit).Exec\n\t/Users/bba/pc/tidb-ai-master/pkg/testkit/testkit.go:386\ngithub.com/pingcap/tidb/pkg/testkit.(*TestKit).ExecToErr\n\t/Users/bba/pc/tidb-ai-master/pkg/testkit/testkit.go:473\ngithub.com/pingcap/tidb/tests/realtikvtest/txntest.TestAINativeFailedStatementCannotPoisonPriorMutation.func1\n\t/Users/bba/pc/tidb-ai-master/tests/realtikvtest/txntest/ai_native_unique_owner_fuzz_test.go:925\ntesting.tRunner\n\t/Users/bba/.gvm/pkgsets/go1.25.1/global/pkg/mod/golang.org/toolchain@v0.0.1-go1.25.10.darwin-arm64/src/testing/testing.go:1934\nruntime.goexit\n\t/Users/bba/.gvm/pkgsets/go1.25.1/global/pkg/mod/golang.org/toolchain@v0.0.1-go1.25.10.darwin-arm64/src/runtime/asm_arm64.s:1268"] [session="{\n  \"currDBName\": \"test\",\n  \"id\": 2,\n  \"status\": 3,\n  \"strictMode\": true,\n  \"txn\": \"467729799309688877\",\n  \"user\": null\n}"]
[2026/07/17 08:19:46.522 +08:00] [WARN] [prewrite.go:619] ["1pc failed and fallbacks to normal commit procedure"] [startTS=467729799309688877]
=== RUN   TestAINativeFailedStatementCannotPoisonPriorMutation/optimistic/update_then_failed_multirow_update_after_index_rewrite
[2026/07/17 08:19:46.531 +08:00] [INFO] [job_submitter.go:118] ["add DDL jobs"] [category=ddl] ["batch count"=1] [jobs="ID:244, Type:drop table, State:queueing, SchemaState:public, SchemaID:114, TableID:240, RowCount:0, ArgLen:1, start time: 2026-07-17 08:19:46.528 +0800 CST, Err:<nil>, ErrCount:0, SnapshotVersion:0, Version: v2; "] [fast_create=true]
[2026/07/17 08:19:46.531 +08:00] [INFO] [executor.go:7285] ["DDL job submitted"] [category=ddl] [job="ID:244, Type:drop table, State:queueing, SchemaState:public, SchemaID:114, TableID:240, RowCount:0, ArgLen:1, start time: 2026-07-17 08:19:46.528 +0800 CST, Err:<nil>, ErrCount:0, SnapshotVersion:0, Version: v2"] [query="drop table if exists ai_stmt_control, ai_stmt_probe"]
[2026/07/17 08:19:46.532 +08:00] [INFO] [job_worker.go:854] ["run one job step"] [category=ddl] [jobID=244] [conn=2] [job="ID:244, Type:drop table, State:queueing, SchemaState:public, SchemaID:114, TableID:240, RowCount:0, ArgLen:0, start time: 2026-07-17 08:19:46.528 +0800 CST, Err:<nil>, ErrCount:0, SnapshotVersion:0, Version: v2"]
[2026/07/17 08:19:46.538 +08:00] [INFO] [loader.go:216] ["diff load InfoSchema success"] [mode=auto] [isV2=true] [currVer=231] [neededVer=232] [gotVer=232] ["elapsed time"=333.459µs] [phyTblIDs="[240]"] [actionTypes="[4]"] [diffTypes="[\"drop table\"]"]
[2026/07/17 08:19:46.539 +08:00] [INFO] [syncer.go:281] ["mdl gets lock, update self version to owner"] [jobID=244] [version=232]
[2026/07/17 08:19:46.543 +08:00] [INFO] [schema_version.go:397] ["wait schema version synced success"] [category=ddl] [ver=232] [checkAssumedSvr=false] ["take time"=5.127541ms] [job="ID:244, Type:drop table, State:running, SchemaState:write only, SchemaID:114, TableID:240, RowCount:0, ArgLen:1, start time: 2026-07-17 08:19:46.528 +0800 CST, Err:<nil>, ErrCount:0, SnapshotVersion:0, Version: v2"] [summary="server count: 1"]
[2026/07/17 08:19:46.544 +08:00] [INFO] [job_worker.go:854] ["run one job step"] [category=ddl] [jobID=244] [conn=2] [job="ID:244, Type:drop table, State:running, SchemaState:write only, SchemaID:114, TableID:240, RowCount:0, ArgLen:0, start time: 2026-07-17 08:19:46.528 +0800 CST, Err:<nil>, ErrCount:0, SnapshotVersion:0, Version: v2"]
[2026/07/17 08:19:46.550 +08:00] [INFO] [loader.go:216] ["diff load InfoSchema success"] [mode=auto] [isV2=true] [currVer=232] [neededVer=233] [gotVer=233] ["elapsed time"=306.25µs] [phyTblIDs="[240]"] [actionTypes="[4]"] [diffTypes="[\"drop table\"]"]
[2026/07/17 08:19:46.551 +08:00] [INFO] [syncer.go:281] ["mdl gets lock, update self version to owner"] [jobID=244] [version=233]
[2026/07/17 08:19:46.555 +08:00] [INFO] [schema_version.go:397] ["wait schema version synced success"] [category=ddl] [ver=233] [checkAssumedSvr=false] ["take time"=5.106291ms] [job="ID:244, Type:drop table, State:running, SchemaState:delete only, SchemaID:114, TableID:240, RowCount:0, ArgLen:1, start time: 2026-07-17 08:19:46.528 +0800 CST, Err:<nil>, ErrCount:0, SnapshotVersion:0, Version: v2"] [summary="server count: 1"]
[2026/07/17 08:19:46.556 +08:00] [INFO] [job_worker.go:854] ["run one job step"] [category=ddl] [jobID=244] [conn=2] [job="ID:244, Type:drop table, State:running, SchemaState:delete only, SchemaID:114, TableID:240, RowCount:0, ArgLen:0, start time: 2026-07-17 08:19:46.528 +0800 CST, Err:<nil>, ErrCount:0, SnapshotVersion:0, Version: v2"]
[2026/07/17 08:19:46.557 +08:00] [WARN] [ddl.go:700] ["fail to notify DDL event"] [category=ddl] [event="(Event Type: drop table, Old Table ID: 240, Old Table Name: ai_stmt_control)"]
[2026/07/17 08:19:46.561 +08:00] [INFO] [loader.go:216] ["diff load InfoSchema success"] [mode=auto] [isV2=true] [currVer=233] [neededVer=234] [gotVer=234] ["elapsed time"=196.334µs] [phyTblIDs="[240]"] [actionTypes="[4]"] [diffTypes="[\"drop table\"]"]
[2026/07/17 08:19:46.561 +08:00] [INFO] [syncer.go:281] ["mdl gets lock, update self version to owner"] [jobID=244] [version=234]
[2026/07/17 08:19:46.567 +08:00] [INFO] [schema_version.go:397] ["wait schema version synced success"] [category=ddl] [ver=234] [checkAssumedSvr=false] ["take time"=4.127709ms] [job="ID:244, Type:drop table, State:done, SchemaState:none, SchemaID:114, TableID:240, RowCount:0, ArgLen:1, start time: 2026-07-17 08:19:46.528 +0800 CST, Err:<nil>, ErrCount:0, SnapshotVersion:0, Version: v2"] [summary="server count: 1"]
[2026/07/17 08:19:46.569 +08:00] [INFO] [delete_range.go:470] ["insert into delete-range table"] [category=ddl] [jobID=244] [tableIDs="[240]"] [comment="drop table: table ID"]
[2026/07/17 08:19:46.572 +08:00] [INFO] [delete_range.go:112] ["add job into delete-range table"] [category=ddl] [jobID=244] [jobType="drop table"]
[2026/07/17 08:19:46.572 +08:00] [INFO] [job_worker.go:447] ["finish DDL job"] [category=ddl] [jobID=244] [conn=2] [job="ID:244, Type:drop table, State:synced, SchemaState:none, SchemaID:114, TableID:240, RowCount:0, ArgLen:1, start time: 2026-07-17 08:19:46.528 +0800 CST, Err:<nil>, ErrCount:0, SnapshotVersion:0, Version: v2"]
[2026/07/17 08:19:46.577 +08:00] [INFO] [executor.go:7423] ["DDL job is finished"] [category=ddl] [jobID=244]
[2026/07/17 08:19:46.581 +08:00] [INFO] [job_submitter.go:118] ["add DDL jobs"] [category=ddl] ["batch count"=1] [jobs="ID:245, Type:drop table, State:queueing, SchemaState:public, SchemaID:114, TableID:242, RowCount:0, ArgLen:1, start time: 2026-07-17 08:19:46.578 +0800 CST, Err:<nil>, ErrCount:0, SnapshotVersion:0, Version: v2; "] [fast_create=true]
[2026/07/17 08:19:46.581 +08:00] [INFO] [executor.go:7285] ["DDL job submitted"] [category=ddl] [job="ID:245, Type:drop table, State:queueing, SchemaState:public, SchemaID:114, TableID:242, RowCount:0, ArgLen:1, start time: 2026-07-17 08:19:46.578 +0800 CST, Err:<nil>, ErrCount:0, SnapshotVersion:0, Version: v2"] [query="drop table if exists ai_stmt_control, ai_stmt_probe"]
[2026/07/17 08:19:46.582 +08:00] [INFO] [lock_resolver.go:1631] ["txn lock cleanup resolve-lock rpc finished"] [action=commit] [txnStartTS=467729799335903234] [commitTS=467729799335903236] [regionID=8] [resolveLite=true] [resolvedByCheckTxnStatus=false]
[2026/07/17 08:19:46.583 +08:00] [INFO] [job_worker.go:854] ["run one job step"] [category=ddl] [jobID=245] [conn=2] [job="ID:245, Type:drop table, State:queueing, SchemaState:public, SchemaID:114, TableID:242, RowCount:0, ArgLen:0, start time: 2026-07-17 08:19:46.578 +0800 CST, Err:<nil>, ErrCount:0, SnapshotVersion:0, Version: v2"]
[2026/07/17 08:19:46.590 +08:00] [INFO] [loader.go:216] ["diff load InfoSchema success"] [mode=auto] [isV2=true] [currVer=234] [neededVer=235] [gotVer=235] ["elapsed time"=343.167µs] [phyTblIDs="[242]"] [actionTypes="[4]"] [diffTypes="[\"drop table\"]"]
[2026/07/17 08:19:46.590 +08:00] [INFO] [syncer.go:281] ["mdl gets lock, update self version to owner"] [jobID=245] [version=235]
[2026/07/17 08:19:46.595 +08:00] [INFO] [schema_version.go:397] ["wait schema version synced success"] [category=ddl] [ver=235] [checkAssumedSvr=false] ["take time"=5.955792ms] [job="ID:245, Type:drop table, State:running, SchemaState:write only, SchemaID:114, TableID:242, RowCount:0, ArgLen:1, start time: 2026-07-17 08:19:46.578 +0800 CST, Err:<nil>, ErrCount:0, SnapshotVersion:0, Version: v2"] [summary="server count: 1"]
[2026/07/17 08:19:46.596 +08:00] [INFO] [job_worker.go:854] ["run one job step"] [category=ddl] [jobID=245] [conn=2] [job="ID:245, Type:drop table, State:running, SchemaState:write only, SchemaID:114, TableID:242, RowCount:0, ArgLen:0, start time: 2026-07-17 08:19:46.578 +0800 CST, Err:<nil>, ErrCount:0, SnapshotVersion:0, Version: v2"]
[2026/07/17 08:19:46.603 +08:00] [INFO] [loader.go:216] ["diff load InfoSchema success"] [mode=auto] [isV2=true] [currVer=235] [neededVer=236] [gotVer=236] ["elapsed time"=357.625µs] [phyTblIDs="[242]"] [actionTypes="[4]"] [diffTypes="[\"drop table\"]"]
[2026/07/17 08:19:46.603 +08:00] [INFO] [syncer.go:281] ["mdl gets lock, update self version to owner"] [jobID=245] [version=236]
[2026/07/17 08:19:46.608 +08:00] [INFO] [schema_version.go:397] ["wait schema version synced success"] [category=ddl] [ver=236] [checkAssumedSvr=false] ["take time"=5.966292ms] [job="ID:245, Type:drop table, State:running, SchemaState:delete only, SchemaID:114, TableID:242, RowCount:0, ArgLen:1, start time: 2026-07-17 08:19:46.578 +0800 CST, Err:<nil>, ErrCount:0, SnapshotVersion:0, Version: v2"] [summary="server count: 1"]
[2026/07/17 08:19:46.609 +08:00] [INFO] [job_worker.go:854] ["run one job step"] [category=ddl] [jobID=245] [conn=2] [job="ID:245, Type:drop table, State:running, SchemaState:delete only, SchemaID:114, TableID:242, RowCount:0, ArgLen:0, start time: 2026-07-17 08:19:46.578 +0800 CST, Err:<nil>, ErrCount:0, SnapshotVersion:0, Version: v2"]
[2026/07/17 08:19:46.610 +08:00] [WARN] [ddl.go:700] ["fail to notify DDL event"] [category=ddl] [event="(Event Type: drop table, Old Table ID: 242, Old Table Name: ai_stmt_probe)"]
[2026/07/17 08:19:46.616 +08:00] [INFO] [loader.go:216] ["diff load InfoSchema success"] [mode=auto] [isV2=true] [currVer=236] [neededVer=237] [gotVer=237] ["elapsed time"=193.75µs] [phyTblIDs="[242]"] [actionTypes="[4]"] [diffTypes="[\"drop table\"]"]
[2026/07/17 08:19:46.617 +08:00] [INFO] [syncer.go:281] ["mdl gets lock, update self version to owner"] [jobID=245] [version=237]
[2026/07/17 08:19:46.622 +08:00] [INFO] [schema_version.go:397] ["wait schema version synced success"] [category=ddl] [ver=237] [checkAssumedSvr=false] ["take time"=5.816625ms] [job="ID:245, Type:drop table, State:done, SchemaState:none, SchemaID:114, TableID:242, RowCount:0, ArgLen:1, start time: 2026-07-17 08:19:46.578 +0800 CST, Err:<nil>, ErrCount:0, SnapshotVersion:0, Version: v2"] [summary="server count: 1"]
[2026/07/17 08:19:46.623 +08:00] [INFO] [delete_range.go:470] ["insert into delete-range table"] [category=ddl] [jobID=245] [tableIDs="[242]"] [comment="drop table: table ID"]
[2026/07/17 08:19:46.624 +08:00] [INFO] [delete_range.go:112] ["add job into delete-range table"] [category=ddl] [jobID=245] [jobType="drop table"]
[2026/07/17 08:19:46.624 +08:00] [INFO] [job_worker.go:447] ["finish DDL job"] [category=ddl] [jobID=245] [conn=2] [job="ID:245, Type:drop table, State:synced, SchemaState:none, SchemaID:114, TableID:242, RowCount:0, ArgLen:1, start time: 2026-07-17 08:19:46.578 +0800 CST, Err:<nil>, ErrCount:0, SnapshotVersion:0, Version: v2"]
[2026/07/17 08:19:46.626 +08:00] [INFO] [executor.go:7423] ["DDL job is finished"] [category=ddl] [jobID=245]
[2026/07/17 08:19:46.626 +08:00] [INFO] [session.go:5195] ["CRUCIAL OPERATION"] [conn=2] [schemaVersion=237] [cur_db=test] [sql="drop table if exists ai_stmt_control, ai_stmt_probe"] [user=]
[2026/07/17 08:19:46.630 +08:00] [INFO] [job_submitter.go:118] ["add DDL jobs"] [category=ddl] ["batch count"=1] [jobs="ID:247, Type:create table, State:queueing, SchemaState:none, SchemaID:114, TableID:246, RowCount:0, ArgLen:1, start time: 2026-07-17 08:19:46.578 +0800 CST, Err:<nil>, ErrCount:0, SnapshotVersion:0, Version: v2; "] [fast_create=true]
[2026/07/17 08:19:46.630 +08:00] [INFO] [executor.go:7285] ["DDL job submitted"] [category=ddl] [job="ID:247, Type:create table, State:queueing, SchemaState:none, SchemaID:114, TableID:246, RowCount:0, ArgLen:1, start time: 2026-07-17 08:19:46.578 +0800 CST, Err:<nil>, ErrCount:0, SnapshotVersion:0, Version: v2"] [query="create table ai_stmt_control (\n\t\t\tid int primary key clustered,\n\t\t\tu1 int not null,\n\t\t\tu2 int not null,\n\t\t\tbase int not null,\n\t\t\tg int as (base + 1) stored,\n\t\t\tunique key u1_idx(u1),\n\t\t\tunique key u2_idx(u2),\n\t\t\tkey base_idx(base),\n\t\t\tkey g_idx(g),\n\t\t\tconstraint base_positive check (base > 0)\n\t\t)"]
[2026/07/17 08:19:46.631 +08:00] [INFO] [lock_resolver.go:1631] ["txn lock cleanup resolve-lock rpc finished"] [action=commit] [txnStartTS=467729799335903280] [commitTS=467729799349010434] [regionID=8] [resolveLite=true] [resolvedByCheckTxnStatus=false]
[2026/07/17 08:19:46.632 +08:00] [INFO] [job_worker.go:854] ["run one job step"] [category=ddl] [jobID=247] [conn=2] [job="ID:247, Type:create table, State:queueing, SchemaState:none, SchemaID:114, TableID:246, RowCount:0, ArgLen:0, start time: 2026-07-17 08:19:46.578 +0800 CST, Err:<nil>, ErrCount:0, SnapshotVersion:0, Version: v2"]
[2026/07/17 08:19:46.633 +08:00] [WARN] [ddl.go:700] ["fail to notify DDL event"] [category=ddl] [event="(Event Type: create table, Table ID: 246, Table Name: ai_stmt_control)"]
[2026/07/17 08:19:46.639 +08:00] [INFO] [loader.go:216] ["diff load InfoSchema success"] [mode=auto] [isV2=true] [currVer=237] [neededVer=238] [gotVer=238] ["elapsed time"=273.916µs] [phyTblIDs="[246]"] [actionTypes="[3]"] [diffTypes="[\"create table\"]"]
[2026/07/17 08:19:46.640 +08:00] [INFO] [syncer.go:281] ["mdl gets lock, update self version to owner"] [jobID=247] [version=238]
[2026/07/17 08:19:46.644 +08:00] [INFO] [schema_version.go:397] ["wait schema version synced success"] [category=ddl] [ver=238] [checkAssumedSvr=false] ["take time"=5.203917ms] [job="ID:247, Type:create table, State:done, SchemaState:public, SchemaID:114, TableID:246, RowCount:0, ArgLen:1, start time: 2026-07-17 08:19:46.578 +0800 CST, Err:<nil>, ErrCount:0, SnapshotVersion:0, Version: v2"] [summary="server count: 1"]
[2026/07/17 08:19:46.645 +08:00] [INFO] [job_worker.go:447] ["finish DDL job"] [category=ddl] [jobID=247] [conn=2] [job="ID:247, Type:create table, State:synced, SchemaState:public, SchemaID:114, TableID:246, RowCount:0, ArgLen:0, start time: 2026-07-17 08:19:46.578 +0800 CST, Err:<nil>, ErrCount:0, SnapshotVersion:0, Version: v2"]
[2026/07/17 08:19:46.647 +08:00] [INFO] [executor.go:7423] ["DDL job is finished"] [category=ddl] [jobID=247]
[2026/07/17 08:19:46.647 +08:00] [INFO] [session.go:5195] ["CRUCIAL OPERATION"] [conn=2] [schemaVersion=238] [cur_db=test] [sql="create table ai_stmt_control (\n\t\t\tid int primary key clustered,\n\t\t\tu1 int not null,\n\t\t\tu2 int not null,\n\t\t\tbase int not null,\n\t\t\tg int as (base + 1) stored,\n\t\t\tunique key u1_idx(u1),\n\t\t\tunique key u2_idx(u2),\n\t\t\tkey base_idx(base),\n\t\t\tkey g_idx(g),\n\t\t\tconstraint base_positive check (base > 0)\n\t\t)"] [user=]
[2026/07/17 08:19:46.651 +08:00] [WARN] [prewrite.go:619] ["1pc failed and fallbacks to normal commit procedure"] [startTS=467729799349010451]
[2026/07/17 08:19:46.653 +08:00] [INFO] [job_submitter.go:118] ["add DDL jobs"] [category=ddl] ["batch count"=1] [jobs="ID:249, Type:create table, State:queueing, SchemaState:none, SchemaID:114, TableID:248, RowCount:0, ArgLen:1, start time: 2026-07-17 08:19:46.628 +0800 CST, Err:<nil>, ErrCount:0, SnapshotVersion:0, Version: v2; "] [fast_create=true]
[2026/07/17 08:19:46.653 +08:00] [INFO] [executor.go:7285] ["DDL job submitted"] [category=ddl] [job="ID:249, Type:create table, State:queueing, SchemaState:none, SchemaID:114, TableID:248, RowCount:0, ArgLen:1, start time: 2026-07-17 08:19:46.628 +0800 CST, Err:<nil>, ErrCount:0, SnapshotVersion:0, Version: v2"] [query="create table ai_stmt_probe (\n\t\t\tid int primary key clustered,\n\t\t\tu1 int not null,\n\t\t\tu2 int not null,\n\t\t\tbase int not null,\n\t\t\tg int as (base + 1) stored,\n\t\t\tunique key u1_idx(u1),\n\t\t\tunique key u2_idx(u2),\n\t\t\tkey base_idx(base),\n\t\t\tkey g_idx(g),\n\t\t\tconstraint base_positive check (base > 0)\n\t\t)"]
[2026/07/17 08:19:46.654 +08:00] [INFO] [job_worker.go:854] ["run one job step"] [category=ddl] [jobID=249] [conn=2] [job="ID:249, Type:create table, State:queueing, SchemaState:none, SchemaID:114, TableID:248, RowCount:0, ArgLen:0, start time: 2026-07-17 08:19:46.628 +0800 CST, Err:<nil>, ErrCount:0, SnapshotVersion:0, Version: v2"]
[2026/07/17 08:19:46.655 +08:00] [WARN] [ddl.go:700] ["fail to notify DDL event"] [category=ddl] [event="(Event Type: create table, Table ID: 248, Table Name: ai_stmt_probe)"]
[2026/07/17 08:19:46.661 +08:00] [INFO] [loader.go:216] ["diff load InfoSchema success"] [mode=auto] [isV2=true] [currVer=238] [neededVer=239] [gotVer=239] ["elapsed time"=389.708µs] [phyTblIDs="[248]"] [actionTypes="[3]"] [diffTypes="[\"create table\"]"]
[2026/07/17 08:19:46.661 +08:00] [INFO] [syncer.go:281] ["mdl gets lock, update self version to owner"] [jobID=249] [version=239]
[2026/07/17 08:19:46.666 +08:00] [INFO] [schema_version.go:397] ["wait schema version synced success"] [category=ddl] [ver=239] [checkAssumedSvr=false] ["take time"=5.94775ms] [job="ID:249, Type:create table, State:done, SchemaState:public, SchemaID:114, TableID:248, RowCount:0, ArgLen:1, start time: 2026-07-17 08:19:46.628 +0800 CST, Err:<nil>, ErrCount:0, SnapshotVersion:0, Version: v2"] [summary="server count: 1"]
[2026/07/17 08:19:46.667 +08:00] [INFO] [job_worker.go:447] ["finish DDL job"] [category=ddl] [jobID=249] [conn=2] [job="ID:249, Type:create table, State:synced, SchemaState:public, SchemaID:114, TableID:248, RowCount:0, ArgLen:0, start time: 2026-07-17 08:19:46.628 +0800 CST, Err:<nil>, ErrCount:0, SnapshotVersion:0, Version: v2"]
[2026/07/17 08:19:46.669 +08:00] [INFO] [executor.go:7423] ["DDL job is finished"] [category=ddl] [jobID=249]
[2026/07/17 08:19:46.669 +08:00] [INFO] [session.go:5195] ["CRUCIAL OPERATION"] [conn=2] [schemaVersion=239] [cur_db=test] [sql="create table ai_stmt_probe (\n\t\t\tid int primary key clustered,\n\t\t\tu1 int not null,\n\t\t\tu2 int not null,\n\t\t\tbase int not null,\n\t\t\tg int as (base + 1) stored,\n\t\t\tunique key u1_idx(u1),\n\t\t\tunique key u2_idx(u2),\n\t\t\tkey base_idx(base),\n\t\t\tkey g_idx(g),\n\t\t\tconstraint base_positive check (base > 0)\n\t\t)"] [user=]
[2026/07/17 08:19:46.669 +08:00] [WARN] [prewrite.go:619] ["1pc failed and fallbacks to normal commit procedure"] [startTS=467729799349010475]
[2026/07/17 08:19:46.674 +08:00] [WARN] [prewrite.go:619] ["1pc failed and fallbacks to normal commit procedure"] [startTS=467729799349010478]
[2026/07/17 08:19:46.675 +08:00] [WARN] [session.go:2726] ["run statement failed"] [schemaVersion=239] [error="[table:1048]Column 'base' cannot be null"] [errorVerbose="[table:1048]Column 'base' cannot be null\ngithub.com/pingcap/errors.(*Error).GenWithStackByArgs\n\t/Users/bba/.gvm/pkgsets/go1.25.1/global/pkg/mod/github.com/pingcap/errors@v0.11.5-0.20260508054701-306e305bcf41/normalize.go:225\ngithub.com/pingcap/tidb/pkg/table.(*Column).CheckNotNull\n\t/Users/bba/pc/tidb-ai-master/pkg/table/column.go:514\ngithub.com/pingcap/tidb/pkg/table.(*Column).HandleBadNull\n\t/Users/bba/pc/tidb-ai-master/pkg/table/column.go:528\ngithub.com/pingcap/tidb/pkg/executor.updateRecord\n\t/Users/bba/pc/tidb-ai-master/pkg/executor/write.go:264\ngithub.com/pingcap/tidb/pkg/executor.(*UpdateExec).exec\n\t/Users/bba/pc/tidb-ai-master/pkg/executor/update.go:307\ngithub.com/pingcap/tidb/pkg/executor.(*UpdateExec).updateRows\n\t/Users/bba/pc/tidb-ai-master/pkg/executor/update.go:481\ngithub.com/pingcap/tidb/pkg/executor.(*UpdateExec).Next\n\t/Users/bba/pc/tidb-ai-master/pkg/executor/update.go:368\ngithub.com/pingcap/tidb/pkg/executor/internal/exec.Next\n\t/Users/bba/pc/tidb-ai-master/pkg/executor/internal/exec/executor.go:694\ngithub.com/pingcap/tidb/pkg/executor.(*ExecStmt).next\n\t/Users/bba/pc/tidb-ai-master/pkg/executor/adapter.go:1532\ngithub.com/pingcap/tidb/pkg/executor.(*ExecStmt).handleNoDelayExecutor\n\t/Users/bba/pc/tidb-ai-master/pkg/executor/adapter.go:1155\ngithub.com/pingcap/tidb/pkg/executor.(*ExecStmt).handleNoDelay\n\t/Users/bba/pc/tidb-ai-master/pkg/executor/adapter.go:988\ngithub.com/pingcap/tidb/pkg/executor.(*ExecStmt).Exec\n\t/Users/bba/pc/tidb-ai-master/pkg/executor/adapter.go:742\ngithub.com/pingcap/tidb/pkg/session.runStmt\n\t/Users/bba/pc/tidb-ai-master/pkg/session/session.go:3003\ngithub.com/pingcap/tidb/pkg/session.(*session).executeStmtImpl\n\t/Users/bba/pc/tidb-ai-master/pkg/session/session.go:2714\ngithub.com/pingcap/tidb/pkg/session.(*session).ExecuteStmt\n\t/Users/bba/pc/tidb-ai-master/pkg/session/session.go:2420\ngithub.com/pingcap/tidb/pkg/testkit.(*TestKit).ExecWithContext\n\t/Users/bba/pc/tidb-ai-master/pkg/testkit/testkit.go:423\ngithub.com/pingcap/tidb/pkg/testkit.(*TestKit).Exec\n\t/Users/bba/pc/tidb-ai-master/pkg/testkit/testkit.go:386\ngithub.com/pingcap/tidb/pkg/testkit.(*TestKit).ExecToErr\n\t/Users/bba/pc/tidb-ai-master/pkg/testkit/testkit.go:473\ngithub.com/pingcap/tidb/tests/realtikvtest/txntest.TestAINativeFailedStatementCannotPoisonPriorMutation.func1\n\t/Users/bba/pc/tidb-ai-master/tests/realtikvtest/txntest/ai_native_unique_owner_fuzz_test.go:925\ntesting.tRunner\n\t/Users/bba/.gvm/pkgsets/go1.25.1/global/pkg/mod/golang.org/toolchain@v0.0.1-go1.25.10.darwin-arm64/src/testing/testing.go:1934\nruntime.goexit\n\t/Users/bba/.gvm/pkgsets/go1.25.1/global/pkg/mod/golang.org/toolchain@v0.0.1-go1.25.10.darwin-arm64/src/runtime/asm_arm64.s:1268"] [session="{\n  \"currDBName\": \"test\",\n  \"id\": 2,\n  \"status\": 3,\n  \"strictMode\": true,\n  \"txn\": \"467729799349010482\",\n  \"user\": null\n}"]
=== RUN   TestAINativeFailedStatementCannotPoisonPriorMutation/pessimistic/delete_then_failed_multirow_reinsert
[2026/07/17 08:19:46.686 +08:00] [INFO] [job_submitter.go:118] ["add DDL jobs"] [category=ddl] ["batch count"=1] [jobs="ID:250, Type:drop table, State:queueing, SchemaState:public, SchemaID:114, TableID:246, RowCount:0, ArgLen:1, start time: 2026-07-17 08:19:46.678 +0800 CST, Err:<nil>, ErrCount:0, SnapshotVersion:0, Version: v2; "] [fast_create=true]
[2026/07/17 08:19:46.686 +08:00] [INFO] [executor.go:7285] ["DDL job submitted"] [category=ddl] [job="ID:250, Type:drop table, State:queueing, SchemaState:public, SchemaID:114, TableID:246, RowCount:0, ArgLen:1, start time: 2026-07-17 08:19:46.678 +0800 CST, Err:<nil>, ErrCount:0, SnapshotVersion:0, Version: v2"] [query="drop table if exists ai_stmt_control, ai_stmt_probe"]
[2026/07/17 08:19:46.686 +08:00] [INFO] [job_worker.go:854] ["run one job step"] [category=ddl] [jobID=250] [conn=2] [job="ID:250, Type:drop table, State:queueing, SchemaState:public, SchemaID:114, TableID:246, RowCount:0, ArgLen:0, start time: 2026-07-17 08:19:46.678 +0800 CST, Err:<nil>, ErrCount:0, SnapshotVersion:0, Version: v2"]
[2026/07/17 08:19:46.694 +08:00] [INFO] [loader.go:216] ["diff load InfoSchema success"] [mode=auto] [isV2=true] [currVer=239] [neededVer=240] [gotVer=240] ["elapsed time"=345.542µs] [phyTblIDs="[246]"] [actionTypes="[4]"] [diffTypes="[\"drop table\"]"]
[2026/07/17 08:19:46.694 +08:00] [INFO] [syncer.go:281] ["mdl gets lock, update self version to owner"] [jobID=250] [version=240]
[2026/07/17 08:19:46.699 +08:00] [INFO] [schema_version.go:397] ["wait schema version synced success"] [category=ddl] [ver=240] [checkAssumedSvr=false] ["take time"=6.158792ms] [job="ID:250, Type:drop table, State:running, SchemaState:write only, SchemaID:114, TableID:246, RowCount:0, ArgLen:1, start time: 2026-07-17 08:19:46.678 +0800 CST, Err:<nil>, ErrCount:0, SnapshotVersion:0, Version: v2"] [summary="server count: 1"]
[2026/07/17 08:19:46.700 +08:00] [INFO] [job_worker.go:854] ["run one job step"] [category=ddl] [jobID=250] [conn=2] [job="ID:250, Type:drop table, State:running, SchemaState:write only, SchemaID:114, TableID:246, RowCount:0, ArgLen:0, start time: 2026-07-17 08:19:46.678 +0800 CST, Err:<nil>, ErrCount:0, SnapshotVersion:0, Version: v2"]
[2026/07/17 08:19:46.707 +08:00] [INFO] [loader.go:216] ["diff load InfoSchema success"] [mode=auto] [isV2=true] [currVer=240] [neededVer=241] [gotVer=241] ["elapsed time"=336.416µs] [phyTblIDs="[246]"] [actionTypes="[4]"] [diffTypes="[\"drop table\"]"]
[2026/07/17 08:19:46.708 +08:00] [INFO] [syncer.go:281] ["mdl gets lock, update self version to owner"] [jobID=250] [version=241]
[2026/07/17 08:19:46.712 +08:00] [INFO] [schema_version.go:397] ["wait schema version synced success"] [category=ddl] [ver=241] [checkAssumedSvr=false] ["take time"=5.167792ms] [job="ID:250, Type:drop table, State:running, SchemaState:delete only, SchemaID:114, TableID:246, RowCount:0, ArgLen:1, start time: 2026-07-17 08:19:46.678 +0800 CST, Err:<nil>, ErrCount:0, SnapshotVersion:0, Version: v2"] [summary="server count: 1"]
[2026/07/17 08:19:46.713 +08:00] [INFO] [job_worker.go:854] ["run one job step"] [category=ddl] [jobID=250] [conn=2] [job="ID:250, Type:drop table, State:running, SchemaState:delete only, SchemaID:114, TableID:246, RowCount:0, ArgLen:0, start time: 2026-07-17 08:19:46.678 +0800 CST, Err:<nil>, ErrCount:0, SnapshotVersion:0, Version: v2"]
[2026/07/17 08:19:46.714 +08:00] [WARN] [ddl.go:700] ["fail to notify DDL event"] [category=ddl] [event="(Event Type: drop table, Old Table ID: 246, Old Table Name: ai_stmt_control)"]
[2026/07/17 08:19:46.720 +08:00] [INFO] [loader.go:216] ["diff load InfoSchema success"] [mode=auto] [isV2=true] [currVer=241] [neededVer=242] [gotVer=242] ["elapsed time"=196.5µs] [phyTblIDs="[246]"] [actionTypes="[4]"] [diffTypes="[\"drop table\"]"]
[2026/07/17 08:19:46.721 +08:00] [INFO] [syncer.go:281] ["mdl gets lock, update self version to owner"] [jobID=250] [version=242]
[2026/07/17 08:19:46.725 +08:00] [INFO] [schema_version.go:397] ["wait schema version synced success"] [category=ddl] [ver=242] [checkAssumedSvr=false] ["take time"=5.196458ms] [job="ID:250, Type:drop table, State:done, SchemaState:none, SchemaID:114, TableID:246, RowCount:0, ArgLen:1, start time: 2026-07-17 08:19:46.678 +0800 CST, Err:<nil>, ErrCount:0, SnapshotVersion:0, Version: v2"] [summary="server count: 1"]
[2026/07/17 08:19:46.726 +08:00] [INFO] [delete_range.go:470] ["insert into delete-range table"] [category=ddl] [jobID=250] [tableIDs="[246]"] [comment="drop table: table ID"]
[2026/07/17 08:19:46.727 +08:00] [INFO] [delete_range.go:112] ["add job into delete-range table"] [category=ddl] [jobID=250] [jobType="drop table"]
[2026/07/17 08:19:46.727 +08:00] [INFO] [job_worker.go:447] ["finish DDL job"] [category=ddl] [jobID=250] [conn=2] [job="ID:250, Type:drop table, State:synced, SchemaState:none, SchemaID:114, TableID:246, RowCount:0, ArgLen:1, start time: 2026-07-17 08:19:46.678 +0800 CST, Err:<nil>, ErrCount:0, SnapshotVersion:0, Version: v2"]
[2026/07/17 08:19:46.729 +08:00] [INFO] [executor.go:7423] ["DDL job is finished"] [category=ddl] [jobID=250]
[2026/07/17 08:19:46.733 +08:00] [INFO] [job_submitter.go:118] ["add DDL jobs"] [category=ddl] ["batch count"=1] [jobs="ID:251, Type:drop table, State:queueing, SchemaState:public, SchemaID:114, TableID:248, RowCount:0, ArgLen:1, start time: 2026-07-17 08:19:46.728 +0800 CST, Err:<nil>, ErrCount:0, SnapshotVersion:0, Version: v2; "] [fast_create=true]
[2026/07/17 08:19:46.733 +08:00] [INFO] [executor.go:7285] ["DDL job submitted"] [category=ddl] [job="ID:251, Type:drop table, State:queueing, SchemaState:public, SchemaID:114, TableID:248, RowCount:0, ArgLen:1, start time: 2026-07-17 08:19:46.728 +0800 CST, Err:<nil>, ErrCount:0, SnapshotVersion:0, Version: v2"] [query="drop table if exists ai_stmt_control, ai_stmt_probe"]
[2026/07/17 08:19:46.734 +08:00] [INFO] [lock_resolver.go:1631] ["txn lock cleanup resolve-lock rpc finished"] [action=commit] [txnStartTS=467729799375224839] [commitTS=467729799375224841] [regionID=8] [resolveLite=true] [resolvedByCheckTxnStatus=false]
[2026/07/17 08:19:46.735 +08:00] [INFO] [job_worker.go:854] ["run one job step"] [category=ddl] [jobID=251] [conn=2] [job="ID:251, Type:drop table, State:queueing, SchemaState:public, SchemaID:114, TableID:248, RowCount:0, ArgLen:0, start time: 2026-07-17 08:19:46.728 +0800 CST, Err:<nil>, ErrCount:0, SnapshotVersion:0, Version: v2"]
[2026/07/17 08:19:46.742 +08:00] [INFO] [loader.go:216] ["diff load InfoSchema success"] [mode=auto] [isV2=true] [currVer=242] [neededVer=243] [gotVer=243] ["elapsed time"=330.917µs] [phyTblIDs="[248]"] [actionTypes="[4]"] [diffTypes="[\"drop table\"]"]
[2026/07/17 08:19:46.742 +08:00] [INFO] [syncer.go:281] ["mdl gets lock, update self version to owner"] [jobID=251] [version=243]
[2026/07/17 08:19:46.747 +08:00] [INFO] [schema_version.go:397] ["wait schema version synced success"] [category=ddl] [ver=243] [checkAssumedSvr=false] ["take time"=5.819666ms] [job="ID:251, Type:drop table, State:running, SchemaState:write only, SchemaID:114, TableID:248, RowCount:0, ArgLen:1, start time: 2026-07-17 08:19:46.728 +0800 CST, Err:<nil>, ErrCount:0, SnapshotVersion:0, Version: v2"] [summary="server count: 1"]
[2026/07/17 08:19:46.748 +08:00] [INFO] [job_worker.go:854] ["run one job step"] [category=ddl] [jobID=251] [conn=2] [job="ID:251, Type:drop table, State:running, SchemaState:write only, SchemaID:114, TableID:248, RowCount:0, ArgLen:0, start time: 2026-07-17 08:19:46.728 +0800 CST, Err:<nil>, ErrCount:0, SnapshotVersion:0, Version: v2"]
[2026/07/17 08:19:46.755 +08:00] [INFO] [loader.go:216] ["diff load InfoSchema success"] [mode=auto] [isV2=true] [currVer=243] [neededVer=244] [gotVer=244] ["elapsed time"=334.541µs] [phyTblIDs="[248]"] [actionTypes="[4]"] [diffTypes="[\"drop table\"]"]
[2026/07/17 08:19:46.755 +08:00] [INFO] [syncer.go:281] ["mdl gets lock, update self version to owner"] [jobID=251] [version=244]
[2026/07/17 08:19:46.760 +08:00] [INFO] [schema_version.go:397] ["wait schema version synced success"] [category=ddl] [ver=244] [checkAssumedSvr=false] ["take time"=5.818791ms] [job="ID:251, Type:drop table, State:running, SchemaState:delete only, SchemaID:114, TableID:248, RowCount:0, ArgLen:1, start time: 2026-07-17 08:19:46.728 +0800 CST, Err:<nil>, ErrCount:0, SnapshotVersion:0, Version: v2"] [summary="server count: 1"]
[2026/07/17 08:19:46.761 +08:00] [INFO] [job_worker.go:854] ["run one job step"] [category=ddl] [jobID=251] [conn=2] [job="ID:251, Type:drop table, State:running, SchemaState:delete only, SchemaID:114, TableID:248, RowCount:0, ArgLen:0, start time: 2026-07-17 08:19:46.728 +0800 CST, Err:<nil>, ErrCount:0, SnapshotVersion:0, Version: v2"]
[2026/07/17 08:19:46.762 +08:00] [WARN] [ddl.go:700] ["fail to notify DDL event"] [category=ddl] [event="(Event Type: drop table, Old Table ID: 248, Old Table Name: ai_stmt_probe)"]
[2026/07/17 08:19:46.769 +08:00] [INFO] [loader.go:216] ["diff load InfoSchema success"] [mode=auto] [isV2=true] [currVer=244] [neededVer=245] [gotVer=245] ["elapsed time"=196.25µs] [phyTblIDs="[248]"] [actionTypes="[4]"] [diffTypes="[\"drop table\"]"]
[2026/07/17 08:19:46.769 +08:00] [INFO] [syncer.go:281] ["mdl gets lock, update self version to owner"] [jobID=251] [version=245]
[2026/07/17 08:19:46.774 +08:00] [INFO] [schema_version.go:397] ["wait schema version synced success"] [category=ddl] [ver=245] [checkAssumedSvr=false] ["take time"=5.86225ms] [job="ID:251, Type:drop table, State:done, SchemaState:none, SchemaID:114, TableID:248, RowCount:0, ArgLen:1, start time: 2026-07-17 08:19:46.728 +0800 CST, Err:<nil>, ErrCount:0, SnapshotVersion:0, Version: v2"] [summary="server count: 1"]
[2026/07/17 08:19:46.775 +08:00] [INFO] [delete_range.go:470] ["insert into delete-range table"] [category=ddl] [jobID=251] [tableIDs="[248]"] [comment="drop table: table ID"]
[2026/07/17 08:19:46.776 +08:00] [INFO] [delete_range.go:112] ["add job into delete-range table"] [category=ddl] [jobID=251] [jobType="drop table"]
[2026/07/17 08:19:46.776 +08:00] [INFO] [job_worker.go:447] ["finish DDL job"] [category=ddl] [jobID=251] [conn=2] [job="ID:251, Type:drop table, State:synced, SchemaState:none, SchemaID:114, TableID:248, RowCount:0, ArgLen:1, start time: 2026-07-17 08:19:46.728 +0800 CST, Err:<nil>, ErrCount:0, SnapshotVersion:0, Version: v2"]
[2026/07/17 08:19:46.778 +08:00] [INFO] [executor.go:7423] ["DDL job is finished"] [category=ddl] [jobID=251]
[2026/07/17 08:19:46.778 +08:00] [INFO] [session.go:5195] ["CRUCIAL OPERATION"] [conn=2] [schemaVersion=245] [cur_db=test] [sql="drop table if exists ai_stmt_control, ai_stmt_probe"] [user=]
[2026/07/17 08:19:46.782 +08:00] [INFO] [job_submitter.go:118] ["add DDL jobs"] [category=ddl] ["batch count"=1] [jobs="ID:253, Type:create table, State:queueing, SchemaState:none, SchemaID:114, TableID:252, RowCount:0, ArgLen:1, start time: 2026-07-17 08:19:46.778 +0800 CST, Err:<nil>, ErrCount:0, SnapshotVersion:0, Version: v2; "] [fast_create=true]
[2026/07/17 08:19:46.782 +08:00] [INFO] [executor.go:7285] ["DDL job submitted"] [category=ddl] [job="ID:253, Type:create table, State:queueing, SchemaState:none, SchemaID:114, TableID:252, RowCount:0, ArgLen:1, start time: 2026-07-17 08:19:46.778 +0800 CST, Err:<nil>, ErrCount:0, SnapshotVersion:0, Version: v2"] [query="create table ai_stmt_control (\n\t\t\tid int primary key clustered,\n\t\t\tu1 int not null,\n\t\t\tu2 int not null,\n\t\t\tbase int not null,\n\t\t\tg int as (base + 1) stored,\n\t\t\tunique key u1_idx(u1),\n\t\t\tunique key u2_idx(u2),\n\t\t\tkey base_idx(base),\n\t\t\tkey g_idx(g),\n\t\t\tconstraint base_positive check (base > 0)\n\t\t)"]
[2026/07/17 08:19:46.783 +08:00] [INFO] [lock_resolver.go:1631] ["txn lock cleanup resolve-lock rpc finished"] [action=commit] [txnStartTS=467729799388332037] [commitTS=467729799388332039] [regionID=8] [resolveLite=true] [resolvedByCheckTxnStatus=false]
[2026/07/17 08:19:46.784 +08:00] [INFO] [job_worker.go:854] ["run one job step"] [category=ddl] [jobID=253] [conn=2] [job="ID:253, Type:create table, State:queueing, SchemaState:none, SchemaID:114, TableID:252, RowCount:0, ArgLen:0, start time: 2026-07-17 08:19:46.778 +0800 CST, Err:<nil>, ErrCount:0, SnapshotVersion:0, Version: v2"]
[2026/07/17 08:19:46.792 +08:00] [WARN] [ddl.go:700] ["fail to notify DDL event"] [category=ddl] [event="(Event Type: create table, Table ID: 252, Table Name: ai_stmt_control)"]
[2026/07/17 08:19:46.799 +08:00] [INFO] [loader.go:216] ["diff load InfoSchema success"] [mode=auto] [isV2=true] [currVer=245] [neededVer=246] [gotVer=246] ["elapsed time"=330.625µs] [phyTblIDs="[252]"] [actionTypes="[3]"] [diffTypes="[\"create table\"]"]
[2026/07/17 08:19:46.799 +08:00] [INFO] [syncer.go:281] ["mdl gets lock, update self version to owner"] [jobID=253] [version=246]
[2026/07/17 08:19:46.804 +08:00] [INFO] [schema_version.go:397] ["wait schema version synced success"] [category=ddl] [ver=246] [checkAssumedSvr=false] ["take time"=5.975125ms] [job="ID:253, Type:create table, State:done, SchemaState:public, SchemaID:114, TableID:252, RowCount:0, ArgLen:1, start time: 2026-07-17 08:19:46.778 +0800 CST, Err:<nil>, ErrCount:0, SnapshotVersion:0, Version: v2"] [summary="server count: 1"]
[2026/07/17 08:19:46.805 +08:00] [INFO] [job_worker.go:447] ["finish DDL job"] [category=ddl] [jobID=253] [conn=2] [job="ID:253, Type:create table, State:synced, SchemaState:public, SchemaID:114, TableID:252, RowCount:0, ArgLen:0, start time: 2026-07-17 08:19:46.778 +0800 CST, Err:<nil>, ErrCount:0, SnapshotVersion:0, Version: v2"]
[2026/07/17 08:19:46.807 +08:00] [INFO] [executor.go:7423] ["DDL job is finished"] [category=ddl] [jobID=253]
[2026/07/17 08:19:46.807 +08:00] [INFO] [session.go:5195] ["CRUCIAL OPERATION"] [conn=2] [schemaVersion=246] [cur_db=test] [sql="create table ai_stmt_control (\n\t\t\tid int primary key clustered,\n\t\t\tu1 int not null,\n\t\t\tu2 int not null,\n\t\t\tbase int not null,\n\t\t\tg int as (base + 1) stored,\n\t\t\tunique key u1_idx(u1),\n\t\t\tunique key u2_idx(u2),\n\t\t\tkey base_idx(base),\n\t\t\tkey g_idx(g),\n\t\t\tconstraint base_positive check (base > 0)\n\t\t)"] [user=]
[2026/07/17 08:19:46.811 +08:00] [WARN] [prewrite.go:619] ["1pc failed and fallbacks to normal commit procedure"] [startTS=467729799388332056]
[2026/07/17 08:19:46.813 +08:00] [INFO] [job_submitter.go:118] ["add DDL jobs"] [category=ddl] ["batch count"=1] [jobs="ID:255, Type:create table, State:queueing, SchemaState:none, SchemaID:114, TableID:254, RowCount:0, ArgLen:1, start time: 2026-07-17 08:19:46.778 +0800 CST, Err:<nil>, ErrCount:0, SnapshotVersion:0, Version: v2; "] [fast_create=true]
[2026/07/17 08:19:46.813 +08:00] [INFO] [executor.go:7285] ["DDL job submitted"] [category=ddl] [job="ID:255, Type:create table, State:queueing, SchemaState:none, SchemaID:114, TableID:254, RowCount:0, ArgLen:1, start time: 2026-07-17 08:19:46.778 +0800 CST, Err:<nil>, ErrCount:0, SnapshotVersion:0, Version: v2"] [query="create table ai_stmt_probe (\n\t\t\tid int primary key clustered,\n\t\t\tu1 int not null,\n\t\t\tu2 int not null,\n\t\t\tbase int not null,\n\t\t\tg int as (base + 1) stored,\n\t\t\tunique key u1_idx(u1),\n\t\t\tunique key u2_idx(u2),\n\t\t\tkey base_idx(base),\n\t\t\tkey g_idx(g),\n\t\t\tconstraint base_positive check (base > 0)\n\t\t)"]
[2026/07/17 08:19:46.814 +08:00] [INFO] [lock_resolver.go:1631] ["txn lock cleanup resolve-lock rpc finished"] [action=commit] [txnStartTS=467729799388332068] [commitTS=467729799388332069] [regionID=8] [resolveLite=true] [resolvedByCheckTxnStatus=false]
[2026/07/17 08:19:46.815 +08:00] [INFO] [job_worker.go:854] ["run one job step"] [category=ddl] [jobID=255] [conn=2] [job="ID:255, Type:create table, State:queueing, SchemaState:none, SchemaID:114, TableID:254, RowCount:0, ArgLen:0, start time: 2026-07-17 08:19:46.778 +0800 CST, Err:<nil>, ErrCount:0, SnapshotVersion:0, Version: v2"]
[2026/07/17 08:19:46.815 +08:00] [WARN] [ddl.go:700] ["fail to notify DDL event"] [category=ddl] [event="(Event Type: create table, Table ID: 254, Table Name: ai_stmt_probe)"]
[2026/07/17 08:19:46.822 +08:00] [INFO] [loader.go:216] ["diff load InfoSchema success"] [mode=auto] [isV2=true] [currVer=246] [neededVer=247] [gotVer=247] ["elapsed time"=286.792µs] [phyTblIDs="[254]"] [actionTypes="[3]"] [diffTypes="[\"create table\"]"]
[2026/07/17 08:19:46.822 +08:00] [INFO] [syncer.go:281] ["mdl gets lock, update self version to owner"] [jobID=255] [version=247]
[2026/07/17 08:19:46.827 +08:00] [INFO] [schema_version.go:397] ["wait schema version synced success"] [category=ddl] [ver=247] [checkAssumedSvr=false] ["take time"=5.770666ms] [job="ID:255, Type:create table, State:done, SchemaState:public, SchemaID:114, TableID:254, RowCount:0, ArgLen:1, start time: 2026-07-17 08:19:46.778 +0800 CST, Err:<nil>, ErrCount:0, SnapshotVersion:0, Version: v2"] [summary="server count: 1"]
[2026/07/17 08:19:46.828 +08:00] [INFO] [job_worker.go:447] ["finish DDL job"] [category=ddl] [jobID=255] [conn=2] [job="ID:255, Type:create table, State:synced, SchemaState:public, SchemaID:114, TableID:254, RowCount:0, ArgLen:0, start time: 2026-07-17 08:19:46.778 +0800 CST, Err:<nil>, ErrCount:0, SnapshotVersion:0, Version: v2"]
[2026/07/17 08:19:46.830 +08:00] [INFO] [executor.go:7423] ["DDL job is finished"] [category=ddl] [jobID=255]
[2026/07/17 08:19:46.830 +08:00] [INFO] [session.go:5195] ["CRUCIAL OPERATION"] [conn=2] [schemaVersion=247] [cur_db=test] [sql="create table ai_stmt_probe (\n\t\t\tid int primary key clustered,\n\t\t\tu1 int not null,\n\t\t\tu2 int not null,\n\t\t\tbase int not null,\n\t\t\tg int as (base + 1) stored,\n\t\t\tunique key u1_idx(u1),\n\t\t\tunique key u2_idx(u2),\n\t\t\tkey base_idx(base),\n\t\t\tkey g_idx(g),\n\t\t\tconstraint base_positive check (base > 0)\n\t\t)"] [user=]
[2026/07/17 08:19:46.835 +08:00] [WARN] [prewrite.go:619] ["1pc failed and fallbacks to normal commit procedure"] [startTS=467729799401439238]
[2026/07/17 08:19:46.837 +08:00] [WARN] [prewrite.go:619] ["1pc failed and fallbacks to normal commit procedure"] [startTS=467729799401439241]
[2026/07/17 08:19:46.838 +08:00] [WARN] [session.go:2726] ["run statement failed"] [schemaVersion=247] [error="[table:1048]Column 'base' cannot be null"] [errorVerbose="[table:1048]Column 'base' cannot be null\ngithub.com/pingcap/errors.(*Error).GenWithStackByArgs\n\t/Users/bba/.gvm/pkgsets/go1.25.1/global/pkg/mod/github.com/pingcap/errors@v0.11.5-0.20260508054701-306e305bcf41/normalize.go:225\ngithub.com/pingcap/tidb/pkg/table.(*Column).CheckNotNull\n\t/Users/bba/pc/tidb-ai-master/pkg/table/column.go:514\ngithub.com/pingcap/tidb/pkg/table.(*Column).HandleBadNull\n\t/Users/bba/pc/tidb-ai-master/pkg/table/column.go:528\ngithub.com/pingcap/tidb/pkg/executor.(*InsertValues).fillRow\n\t/Users/bba/pc/tidb-ai-master/pkg/executor/insert_common.go:732\ngithub.com/pingcap/tidb/pkg/executor.(*InsertValues).fastEvalRow\n\t/Users/bba/pc/tidb-ai-master/pkg/executor/insert_common.go:458\ngithub.com/pingcap/tidb/pkg/executor.insertRows\n\t/Users/bba/pc/tidb-ai-master/pkg/executor/insert_common.go:249\ngithub.com/pingcap/tidb/pkg/executor.(*InsertExec).Next\n\t/Users/bba/pc/tidb-ai-master/pkg/executor/insert.go:370\ngithub.com/pingcap/tidb/pkg/executor/internal/exec.Next\n\t/Users/bba/pc/tidb-ai-master/pkg/executor/internal/exec/executor.go:694\ngithub.com/pingcap/tidb/pkg/executor.(*ExecStmt).next\n\t/Users/bba/pc/tidb-ai-master/pkg/executor/adapter.go:1532\ngithub.com/pingcap/tidb/pkg/executor.(*ExecStmt).handleNoDelayExecutor\n\t/Users/bba/pc/tidb-ai-master/pkg/executor/adapter.go:1155\ngithub.com/pingcap/tidb/pkg/executor.(*ExecStmt).handlePessimisticDML\n\t/Users/bba/pc/tidb-ai-master/pkg/executor/adapter.go:1252\ngithub.com/pingcap/tidb/pkg/executor.(*ExecStmt).handleNoDelay\n\t/Users/bba/pc/tidb-ai-master/pkg/executor/adapter.go:985\ngithub.com/pingcap/tidb/pkg/executor.(*ExecStmt).Exec\n\t/Users/bba/pc/tidb-ai-master/pkg/executor/adapter.go:742\ngithub.com/pingcap/tidb/pkg/session.runStmt\n\t/Users/bba/pc/tidb-ai-master/pkg/session/session.go:3003\ngithub.com/pingcap/tidb/pkg/session.(*session).executeStmtImpl\n\t/Users/bba/pc/tidb-ai-master/pkg/session/session.go:2714\ngithub.com/pingcap/tidb/pkg/session.(*session).ExecuteStmt\n\t/Users/bba/pc/tidb-ai-master/pkg/session/session.go:2420\ngithub.com/pingcap/tidb/pkg/testkit.(*TestKit).ExecWithContext\n\t/Users/bba/pc/tidb-ai-master/pkg/testkit/testkit.go:423\ngithub.com/pingcap/tidb/pkg/testkit.(*TestKit).Exec\n\t/Users/bba/pc/tidb-ai-master/pkg/testkit/testkit.go:386\ngithub.com/pingcap/tidb/pkg/testkit.(*TestKit).ExecToErr\n\t/Users/bba/pc/tidb-ai-master/pkg/testkit/testkit.go:473\ngithub.com/pingcap/tidb/tests/realtikvtest/txntest.TestAINativeFailedStatementCannotPoisonPriorMutation.func1\n\t/Users/bba/pc/tidb-ai-master/tests/realtikvtest/txntest/ai_native_unique_owner_fuzz_test.go:925\ntesting.tRunner\n\t/Users/bba/.gvm/pkgsets/go1.25.1/global/pkg/mod/golang.org/toolchain@v0.0.1-go1.25.10.darwin-arm64/src/testing/testing.go:1934\nruntime.goexit\n\t/Users/bba/.gvm/pkgsets/go1.25.1/global/pkg/mod/golang.org/toolchain@v0.0.1-go1.25.10.darwin-arm64/src/runtime/asm_arm64.s:1268"] [session="{\n  \"currDBName\": \"test\",\n  \"id\": 2,\n  \"status\": 3,\n  \"strictMode\": true,\n  \"txn\": \"467729799401439244\",\n  \"user\": null\n}"]
[2026/07/17 08:19:46.838 +08:00] [WARN] [prewrite.go:619] ["1pc failed and fallbacks to normal commit procedure"] [startTS=467729799401439244]
[2026/07/17 08:19:46.845 +08:00] [INFO] [runtime.go:172] ["TimerGroupRuntime loop started"] [groupID=ttl]
[2026/07/17 08:19:46.845 +08:00] [INFO] [runtime.go:444] ["create watch chan if possible for timer runtime"] [groupID=ttl] [storeSupportWatch=true]
[2026/07/17 08:19:46.846 +08:00] [INFO] [notifier.go:140] ["new etcd watcher created to watch timer events"] [EtcdKey=/tidb/timer/cluster/1/notify/4be3999c-9e5b-46f3-86b5-b2d4112b6bf3] [watcherID=1b2dce85-44e7-4f75-93b2-195513e10aa6]
=== RUN   TestAINativeFailedStatementCannotPoisonPriorMutation/pessimistic/update_then_failed_multirow_update
[2026/07/17 08:19:46.847 +08:00] [INFO] [slots.go:220] ["initialize slot capacity"] [capacity=14]
[2026/07/17 08:19:46.847 +08:00] [INFO] [scheduler_manager.go:217] ["schedule task loop start"] [server-id=:4000]
[2026/07/17 08:19:46.847 +08:00] [INFO] [scheduler_manager.go:482] ["collect loop start"] [server-id=:4000]
[2026/07/17 08:19:46.847 +08:00] [INFO] [scheduler_manager.go:331] ["subtask table gc loop start"] [server-id=:4000]
[2026/07/17 08:19:46.847 +08:00] [INFO] [scheduler_manager.go:407] ["cleanup loop start"] [server-id=:4000]
[2026/07/17 08:19:46.848 +08:00] [INFO] [job_submitter.go:118] ["add DDL jobs"] [category=ddl] ["batch count"=1] [jobs="ID:256, Type:drop table, State:queueing, SchemaState:public, SchemaID:114, TableID:252, RowCount:0, ArgLen:1, start time: 2026-07-17 08:19:46.828 +0800 CST, Err:<nil>, ErrCount:0, SnapshotVersion:0, Version: v2; "] [fast_create=true]
[2026/07/17 08:19:46.848 +08:00] [INFO] [executor.go:7285] ["DDL job submitted"] [category=ddl] [job="ID:256, Type:drop table, State:queueing, SchemaState:public, SchemaID:114, TableID:252, RowCount:0, ArgLen:1, start time: 2026-07-17 08:19:46.828 +0800 CST, Err:<nil>, ErrCount:0, SnapshotVersion:0, Version: v2"] [query="drop table if exists ai_stmt_control, ai_stmt_probe"]
[2026/07/17 08:19:46.849 +08:00] [INFO] [lock_resolver.go:1631] ["txn lock cleanup resolve-lock rpc finished"] [action=commit] [txnStartTS=467729799401439296] [commitTS=467729799401439298] [regionID=8] [resolveLite=true] [resolvedByCheckTxnStatus=false]
[2026/07/17 08:19:46.849 +08:00] [INFO] [job_worker.go:854] ["run one job step"] [category=ddl] [jobID=256] [conn=2] [job="ID:256, Type:drop table, State:queueing, SchemaState:public, SchemaID:114, TableID:252, RowCount:0, ArgLen:0, start time: 2026-07-17 08:19:46.828 +0800 CST, Err:<nil>, ErrCount:0, SnapshotVersion:0, Version: v2"]
[2026/07/17 08:19:46.856 +08:00] [INFO] [loader.go:216] ["diff load InfoSchema success"] [mode=auto] [isV2=true] [currVer=247] [neededVer=248] [gotVer=248] ["elapsed time"=343.959µs] [phyTblIDs="[252]"] [actionTypes="[4]"] [diffTypes="[\"drop table\"]"]
[2026/07/17 08:19:46.857 +08:00] [INFO] [syncer.go:281] ["mdl gets lock, update self version to owner"] [jobID=256] [version=248]
[2026/07/17 08:19:46.861 +08:00] [INFO] [schema_version.go:397] ["wait schema version synced success"] [category=ddl] [ver=248] [checkAssumedSvr=false] ["take time"=5.160208ms] [job="ID:256, Type:drop table, State:running, SchemaState:write only, SchemaID:114, TableID:252, RowCount:0, ArgLen:1, start time: 2026-07-17 08:19:46.828 +0800 CST, Err:<nil>, ErrCount:0, SnapshotVersion:0, Version: v2"] [summary="server count: 1"]
[2026/07/17 08:19:46.862 +08:00] [INFO] [job_worker.go:854] ["run one job step"] [category=ddl] [jobID=256] [conn=2] [job="ID:256, Type:drop table, State:running, SchemaState:write only, SchemaID:114, TableID:252, RowCount:0, ArgLen:0, start time: 2026-07-17 08:19:46.828 +0800 CST, Err:<nil>, ErrCount:0, SnapshotVersion:0, Version: v2"]
[2026/07/17 08:19:46.874 +08:00] [INFO] [loader.go:216] ["diff load InfoSchema success"] [mode=auto] [isV2=true] [currVer=248] [neededVer=249] [gotVer=249] ["elapsed time"=333.084µs] [phyTblIDs="[252]"] [actionTypes="[4]"] [diffTypes="[\"drop table\"]"]
[2026/07/17 08:19:46.875 +08:00] [INFO] [syncer.go:281] ["mdl gets lock, update self version to owner"] [jobID=256] [version=249]
[2026/07/17 08:19:46.879 +08:00] [INFO] [schema_version.go:397] ["wait schema version synced success"] [category=ddl] [ver=249] [checkAssumedSvr=false] ["take time"=5.400833ms] [job="ID:256, Type:drop table, State:running, SchemaState:delete only, SchemaID:114, TableID:252, RowCount:0, ArgLen:1, start time: 2026-07-17 08:19:46.828 +0800 CST, Err:<nil>, ErrCount:0, SnapshotVersion:0, Version: v2"] [summary="server count: 1"]
[2026/07/17 08:19:46.880 +08:00] [INFO] [job_worker.go:854] ["run one job step"] [category=ddl] [jobID=256] [conn=2] [job="ID:256, Type:drop table, State:running, SchemaState:delete only, SchemaID:114, TableID:252, RowCount:0, ArgLen:0, start time: 2026-07-17 08:19:46.828 +0800 CST, Err:<nil>, ErrCount:0, SnapshotVersion:0, Version: v2"]
[2026/07/17 08:19:46.881 +08:00] [WARN] [ddl.go:700] ["fail to notify DDL event"] [category=ddl] [event="(Event Type: drop table, Old Table ID: 252, Old Table Name: ai_stmt_control)"]
[2026/07/17 08:19:46.887 +08:00] [INFO] [loader.go:216] ["diff load InfoSchema success"] [mode=auto] [isV2=true] [currVer=249] [neededVer=250] [gotVer=250] ["elapsed time"=195.917µs] [phyTblIDs="[252]"] [actionTypes="[4]"] [diffTypes="[\"drop table\"]"]
[2026/07/17 08:19:46.888 +08:00] [INFO] [syncer.go:281] ["mdl gets lock, update self version to owner"] [jobID=256] [version=250]
[2026/07/17 08:19:46.892 +08:00] [INFO] [schema_version.go:397] ["wait schema version synced success"] [category=ddl] [ver=250] [checkAssumedSvr=false] ["take time"=5.215833ms] [job="ID:256, Type:drop table, State:done, SchemaState:none, SchemaID:114, TableID:252, RowCount:0, ArgLen:1, start time: 2026-07-17 08:19:46.828 +0800 CST, Err:<nil>, ErrCount:0, SnapshotVersion:0, Version: v2"] [summary="server count: 1"]
[2026/07/17 08:19:46.900 +08:00] [INFO] [delete_range.go:470] ["insert into delete-range table"] [category=ddl] [jobID=256] [tableIDs="[252]"] [comment="drop table: table ID"]
[2026/07/17 08:19:46.901 +08:00] [INFO] [delete_range.go:112] ["add job into delete-range table"] [category=ddl] [jobID=256] [jobType="drop table"]
[2026/07/17 08:19:46.901 +08:00] [INFO] [job_worker.go:447] ["finish DDL job"] [category=ddl] [jobID=256] [conn=2] [job="ID:256, Type:drop table, State:synced, SchemaState:none, SchemaID:114, TableID:252, RowCount:0, ArgLen:1, start time: 2026-07-17 08:19:46.828 +0800 CST, Err:<nil>, ErrCount:0, SnapshotVersion:0, Version: v2"]
[2026/07/17 08:19:46.904 +08:00] [INFO] [executor.go:7423] ["DDL job is finished"] [category=ddl] [jobID=256]
[2026/07/17 08:19:46.907 +08:00] [INFO] [job_submitter.go:118] ["add DDL jobs"] [category=ddl] ["batch count"=1] [jobs="ID:257, Type:drop table, State:queueing, SchemaState:public, SchemaID:114, TableID:254, RowCount:0, ArgLen:1, start time: 2026-07-17 08:19:46.878 +0800 CST, Err:<nil>, ErrCount:0, SnapshotVersion:0, Version: v2; "] [fast_create=true]
[2026/07/17 08:19:46.907 +08:00] [INFO] [executor.go:7285] ["DDL job submitted"] [category=ddl] [job="ID:257, Type:drop table, State:queueing, SchemaState:public, SchemaID:114, TableID:254, RowCount:0, ArgLen:1, start time: 2026-07-17 08:19:46.878 +0800 CST, Err:<nil>, ErrCount:0, SnapshotVersion:0, Version: v2"] [query="drop table if exists ai_stmt_control, ai_stmt_probe"]
[2026/07/17 08:19:46.908 +08:00] [INFO] [lock_resolver.go:1631] ["txn lock cleanup resolve-lock rpc finished"] [action=commit] [txnStartTS=467729799414546455] [commitTS=467729799414546457] [regionID=8] [resolveLite=true] [resolvedByCheckTxnStatus=false]
[2026/07/17 08:19:46.909 +08:00] [INFO] [job_worker.go:854] ["run one job step"] [category=ddl] [jobID=257] [conn=2] [job="ID:257, Type:drop table, State:queueing, SchemaState:public, SchemaID:114, TableID:254, RowCount:0, ArgLen:0, start time: 2026-07-17 08:19:46.878 +0800 CST, Err:<nil>, ErrCount:0, SnapshotVersion:0, Version: v2"]
[2026/07/17 08:19:46.916 +08:00] [INFO] [loader.go:216] ["diff load InfoSchema success"] [mode=auto] [isV2=true] [currVer=250] [neededVer=251] [gotVer=251] ["elapsed time"=327.541µs] [phyTblIDs="[254]"] [actionTypes="[4]"] [diffTypes="[\"drop table\"]"]
[2026/07/17 08:19:46.916 +08:00] [INFO] [syncer.go:281] ["mdl gets lock, update self version to owner"] [jobID=257] [version=251]
[2026/07/17 08:19:46.921 +08:00] [INFO] [schema_version.go:397] ["wait schema version synced success"] [category=ddl] [ver=251] [checkAssumedSvr=false] ["take time"=6.01925ms] [job="ID:257, Type:drop table, State:running, SchemaState:write only, SchemaID:114, TableID:254, RowCount:0, ArgLen:1, start time: 2026-07-17 08:19:46.878 +0800 CST, Err:<nil>, ErrCount:0, SnapshotVersion:0, Version: v2"] [summary="server count: 1"]
[2026/07/17 08:19:46.922 +08:00] [INFO] [job_worker.go:854] ["run one job step"] [category=ddl] [jobID=257] [conn=2] [job="ID:257, Type:drop table, State:running, SchemaState:write only, SchemaID:114, TableID:254, RowCount:0, ArgLen:0, start time: 2026-07-17 08:19:46.878 +0800 CST, Err:<nil>, ErrCount:0, SnapshotVersion:0, Version: v2"]
[2026/07/17 08:19:46.929 +08:00] [INFO] [loader.go:216] ["diff load InfoSchema success"] [mode=auto] [isV2=true] [currVer=251] [neededVer=252] [gotVer=252] ["elapsed time"=320.917µs] [phyTblIDs="[254]"] [actionTypes="[4]"] [diffTypes="[\"drop table\"]"]
[2026/07/17 08:19:46.929 +08:00] [INFO] [syncer.go:281] ["mdl gets lock, update self version to owner"] [jobID=257] [version=252]
[2026/07/17 08:19:46.934 +08:00] [INFO] [schema_version.go:397] ["wait schema version synced success"] [category=ddl] [ver=252] [checkAssumedSvr=false] ["take time"=5.8785ms] [job="ID:257, Type:drop table, State:running, SchemaState:delete only, SchemaID:114, TableID:254, RowCount:0, ArgLen:1, start time: 2026-07-17 08:19:46.878 +0800 CST, Err:<nil>, ErrCount:0, SnapshotVersion:0, Version: v2"] [summary="server count: 1"]
[2026/07/17 08:19:46.935 +08:00] [INFO] [job_worker.go:854] ["run one job step"] [category=ddl] [jobID=257] [conn=2] [job="ID:257, Type:drop table, State:running, SchemaState:delete only, SchemaID:114, TableID:254, RowCount:0, ArgLen:0, start time: 2026-07-17 08:19:46.878 +0800 CST, Err:<nil>, ErrCount:0, SnapshotVersion:0, Version: v2"]
[2026/07/17 08:19:46.936 +08:00] [WARN] [ddl.go:700] ["fail to notify DDL event"] [category=ddl] [event="(Event Type: drop table, Old Table ID: 254, Old Table Name: ai_stmt_probe)"]
[2026/07/17 08:19:46.943 +08:00] [INFO] [loader.go:216] ["diff load InfoSchema success"] [mode=auto] [isV2=true] [currVer=252] [neededVer=253] [gotVer=253] ["elapsed time"=224.834µs] [phyTblIDs="[254]"] [actionTypes="[4]"] [diffTypes="[\"drop table\"]"]
[2026/07/17 08:19:46.943 +08:00] [INFO] [syncer.go:281] ["mdl gets lock, update self version to owner"] [jobID=257] [version=253]
[2026/07/17 08:19:46.948 +08:00] [INFO] [schema_version.go:397] ["wait schema version synced success"] [category=ddl] [ver=253] [checkAssumedSvr=false] ["take time"=5.766167ms] [job="ID:257, Type:drop table, State:done, SchemaState:none, SchemaID:114, TableID:254, RowCount:0, ArgLen:1, start time: 2026-07-17 08:19:46.878 +0800 CST, Err:<nil>, ErrCount:0, SnapshotVersion:0, Version: v2"] [summary="server count: 1"]
[2026/07/17 08:19:46.949 +08:00] [INFO] [delete_range.go:470] ["insert into delete-range table"] [category=ddl] [jobID=257] [tableIDs="[254]"] [comment="drop table: table ID"]
[2026/07/17 08:19:46.950 +08:00] [INFO] [delete_range.go:112] ["add job into delete-range table"] [category=ddl] [jobID=257] [jobType="drop table"]
[2026/07/17 08:19:46.950 +08:00] [INFO] [job_worker.go:447] ["finish DDL job"] [category=ddl] [jobID=257] [conn=2] [job="ID:257, Type:drop table, State:synced, SchemaState:none, SchemaID:114, TableID:254, RowCount:0, ArgLen:1, start time: 2026-07-17 08:19:46.878 +0800 CST, Err:<nil>, ErrCount:0, SnapshotVersion:0, Version: v2"]
[2026/07/17 08:19:46.952 +08:00] [INFO] [executor.go:7423] ["DDL job is finished"] [category=ddl] [jobID=257]
[2026/07/17 08:19:46.952 +08:00] [INFO] [session.go:5195] ["CRUCIAL OPERATION"] [conn=2] [schemaVersion=253] [cur_db=test] [sql="drop table if exists ai_stmt_control, ai_stmt_probe"] [user=]
[2026/07/17 08:19:46.955 +08:00] [INFO] [job_submitter.go:118] ["add DDL jobs"] [category=ddl] ["batch count"=1] [jobs="ID:259, Type:create table, State:queueing, SchemaState:none, SchemaID:114, TableID:258, RowCount:0, ArgLen:1, start time: 2026-07-17 08:19:46.928 +0800 CST, Err:<nil>, ErrCount:0, SnapshotVersion:0, Version: v2; "] [fast_create=true]
[2026/07/17 08:19:46.955 +08:00] [INFO] [executor.go:7285] ["DDL job submitted"] [category=ddl] [job="ID:259, Type:create table, State:queueing, SchemaState:none, SchemaID:114, TableID:258, RowCount:0, ArgLen:1, start time: 2026-07-17 08:19:46.928 +0800 CST, Err:<nil>, ErrCount:0, SnapshotVersion:0, Version: v2"] [query="create table ai_stmt_control (\n\t\t\tid int primary key clustered,\n\t\t\tu1 int not null,\n\t\t\tu2 int not null,\n\t\t\tbase int not null,\n\t\t\tg int as (base + 1) stored,\n\t\t\tunique key u1_idx(u1),\n\t\t\tunique key u2_idx(u2),\n\t\t\tkey base_idx(base),\n\t\t\tkey g_idx(g),\n\t\t\tconstraint base_positive check (base > 0)\n\t\t)"]
[2026/07/17 08:19:46.956 +08:00] [INFO] [lock_resolver.go:1631] ["txn lock cleanup resolve-lock rpc finished"] [action=commit] [txnStartTS=467729799427653660] [commitTS=467729799427653662] [regionID=8] [resolveLite=true] [resolvedByCheckTxnStatus=false]
[2026/07/17 08:19:46.957 +08:00] [INFO] [job_worker.go:854] ["run one job step"] [category=ddl] [jobID=259] [conn=2] [job="ID:259, Type:create table, State:queueing, SchemaState:none, SchemaID:114, TableID:258, RowCount:0, ArgLen:0, start time: 2026-07-17 08:19:46.928 +0800 CST, Err:<nil>, ErrCount:0, SnapshotVersion:0, Version: v2"]
[2026/07/17 08:19:46.958 +08:00] [WARN] [ddl.go:700] ["fail to notify DDL event"] [category=ddl] [event="(Event Type: create table, Table ID: 258, Table Name: ai_stmt_control)"]
[2026/07/17 08:19:46.964 +08:00] [INFO] [loader.go:216] ["diff load InfoSchema success"] [mode=auto] [isV2=true] [currVer=253] [neededVer=254] [gotVer=254] ["elapsed time"=405.458µs] [phyTblIDs="[258]"] [actionTypes="[3]"] [diffTypes="[\"create table\"]"]
[2026/07/17 08:19:46.964 +08:00] [INFO] [syncer.go:281] ["mdl gets lock, update self version to owner"] [jobID=259] [version=254]
[2026/07/17 08:19:46.968 +08:00] [INFO] [schema_version.go:397] ["wait schema version synced success"] [category=ddl] [ver=254] [checkAssumedSvr=false] ["take time"=5.144ms] [job="ID:259, Type:create table, State:done, SchemaState:public, SchemaID:114, TableID:258, RowCount:0, ArgLen:1, start time: 2026-07-17 08:19:46.928 +0800 CST, Err:<nil>, ErrCount:0, SnapshotVersion:0, Version: v2"] [summary="server count: 1"]
[2026/07/17 08:19:46.969 +08:00] [INFO] [job_worker.go:447] ["finish DDL job"] [category=ddl] [jobID=259] [conn=2] [job="ID:259, Type:create table, State:synced, SchemaState:public, SchemaID:114, TableID:258, RowCount:0, ArgLen:0, start time: 2026-07-17 08:19:46.928 +0800 CST, Err:<nil>, ErrCount:0, SnapshotVersion:0, Version: v2"]
[2026/07/17 08:19:46.971 +08:00] [INFO] [executor.go:7423] ["DDL job is finished"] [category=ddl] [jobID=259]
[2026/07/17 08:19:46.971 +08:00] [INFO] [session.go:5195] ["CRUCIAL OPERATION"] [conn=2] [schemaVersion=254] [cur_db=test] [sql="create table ai_stmt_control (\n\t\t\tid int primary key clustered,\n\t\t\tu1 int not null,\n\t\t\tu2 int not null,\n\t\t\tbase int not null,\n\t\t\tg int as (base + 1) stored,\n\t\t\tunique key u1_idx(u1),\n\t\t\tunique key u2_idx(u2),\n\t\t\tkey base_idx(base),\n\t\t\tkey g_idx(g),\n\t\t\tconstraint base_positive check (base > 0)\n\t\t)"] [user=]
[2026/07/17 08:19:46.975 +08:00] [WARN] [prewrite.go:619] ["1pc failed and fallbacks to normal commit procedure"] [startTS=467729799427653679]
[2026/07/17 08:19:46.977 +08:00] [INFO] [job_submitter.go:118] ["add DDL jobs"] [category=ddl] ["batch count"=1] [jobs="ID:261, Type:create table, State:queueing, SchemaState:none, SchemaID:114, TableID:260, RowCount:0, ArgLen:1, start time: 2026-07-17 08:19:46.928 +0800 CST, Err:<nil>, ErrCount:0, SnapshotVersion:0, Version: v2; "] [fast_create=true]
[2026/07/17 08:19:46.977 +08:00] [INFO] [executor.go:7285] ["DDL job submitted"] [category=ddl] [job="ID:261, Type:create table, State:queueing, SchemaState:none, SchemaID:114, TableID:260, RowCount:0, ArgLen:1, start time: 2026-07-17 08:19:46.928 +0800 CST, Err:<nil>, ErrCount:0, SnapshotVersion:0, Version: v2"] [query="create table ai_stmt_probe (\n\t\t\tid int primary key clustered,\n\t\t\tu1 int not null,\n\t\t\tu2 int not null,\n\t\t\tbase int not null,\n\t\t\tg int as (base + 1) stored,\n\t\t\tunique key u1_idx(u1),\n\t\t\tunique key u2_idx(u2),\n\t\t\tkey base_idx(base),\n\t\t\tkey g_idx(g),\n\t\t\tconstraint base_positive check (base > 0)\n\t\t)"]
[2026/07/17 08:19:46.978 +08:00] [INFO] [job_worker.go:854] ["run one job step"] [category=ddl] [jobID=261] [conn=2] [job="ID:261, Type:create table, State:queueing, SchemaState:none, SchemaID:114, TableID:260, RowCount:0, ArgLen:0, start time: 2026-07-17 08:19:46.928 +0800 CST, Err:<nil>, ErrCount:0, SnapshotVersion:0, Version: v2"]
[2026/07/17 08:19:46.979 +08:00] [WARN] [ddl.go:700] ["fail to notify DDL event"] [category=ddl] [event="(Event Type: create table, Table ID: 260, Table Name: ai_stmt_probe)"]
[2026/07/17 08:19:46.986 +08:00] [INFO] [loader.go:216] ["diff load InfoSchema success"] [mode=auto] [isV2=true] [currVer=254] [neededVer=255] [gotVer=255] ["elapsed time"=320.916µs] [phyTblIDs="[260]"] [actionTypes="[3]"] [diffTypes="[\"create table\"]"]
[2026/07/17 08:19:46.986 +08:00] [INFO] [syncer.go:281] ["mdl gets lock, update self version to owner"] [jobID=261] [version=255]
[2026/07/17 08:19:46.991 +08:00] [INFO] [schema_version.go:397] ["wait schema version synced success"] [category=ddl] [ver=255] [checkAssumedSvr=false] ["take time"=5.851583ms] [job="ID:261, Type:create table, State:done, SchemaState:public, SchemaID:114, TableID:260, RowCount:0, ArgLen:1, start time: 2026-07-17 08:19:46.928 +0800 CST, Err:<nil>, ErrCount:0, SnapshotVersion:0, Version: v2"] [summary="server count: 1"]
[2026/07/17 08:19:46.992 +08:00] [INFO] [job_worker.go:447] ["finish DDL job"] [category=ddl] [jobID=261] [conn=2] [job="ID:261, Type:create table, State:synced, SchemaState:public, SchemaID:114, TableID:260, RowCount:0, ArgLen:0, start time: 2026-07-17 08:19:46.928 +0800 CST, Err:<nil>, ErrCount:0, SnapshotVersion:0, Version: v2"]
[2026/07/17 08:19:46.994 +08:00] [INFO] [executor.go:7423] ["DDL job is finished"] [category=ddl] [jobID=261]
[2026/07/17 08:19:46.994 +08:00] [INFO] [session.go:5195] ["CRUCIAL OPERATION"] [conn=2] [schemaVersion=255] [cur_db=test] [sql="create table ai_stmt_probe (\n\t\t\tid int primary key clustered,\n\t\t\tu1 int not null,\n\t\t\tu2 int not null,\n\t\t\tbase int not null,\n\t\t\tg int as (base + 1) stored,\n\t\t\tunique key u1_idx(u1),\n\t\t\tunique key u2_idx(u2),\n\t\t\tkey base_idx(base),\n\t\t\tkey g_idx(g),\n\t\t\tconstraint base_positive check (base > 0)\n\t\t)"] [user=]
[2026/07/17 08:19:46.998 +08:00] [WARN] [prewrite.go:619] ["1pc failed and fallbacks to normal commit procedure"] [startTS=467729799440760847]
[2026/07/17 08:19:46.999 +08:00] [WARN] [prewrite.go:619] ["1pc failed and fallbacks to normal commit procedure"] [startTS=467729799440760850]
[2026/07/17 08:19:47.000 +08:00] [WARN] [session.go:2726] ["run statement failed"] [schemaVersion=255] [error="[table:1048]Column 'base' cannot be null"] [errorVerbose="[table:1048]Column 'base' cannot be null\ngithub.com/pingcap/errors.(*Error).GenWithStackByArgs\n\t/Users/bba/.gvm/pkgsets/go1.25.1/global/pkg/mod/github.com/pingcap/errors@v0.11.5-0.20260508054701-306e305bcf41/normalize.go:225\ngithub.com/pingcap/tidb/pkg/table.(*Column).CheckNotNull\n\t/Users/bba/pc/tidb-ai-master/pkg/table/column.go:514\ngithub.com/pingcap/tidb/pkg/table.(*Column).HandleBadNull\n\t/Users/bba/pc/tidb-ai-master/pkg/table/column.go:528\ngithub.com/pingcap/tidb/pkg/executor.updateRecord\n\t/Users/bba/pc/tidb-ai-master/pkg/executor/write.go:264\ngithub.com/pingcap/tidb/pkg/executor.(*UpdateExec).exec\n\t/Users/bba/pc/tidb-ai-master/pkg/executor/update.go:307\ngithub.com/pingcap/tidb/pkg/executor.(*UpdateExec).updateRows\n\t/Users/bba/pc/tidb-ai-master/pkg/executor/update.go:481\ngithub.com/pingcap/tidb/pkg/executor.(*UpdateExec).Next\n\t/Users/bba/pc/tidb-ai-master/pkg/executor/update.go:368\ngithub.com/pingcap/tidb/pkg/executor/internal/exec.Next\n\t/Users/bba/pc/tidb-ai-master/pkg/executor/internal/exec/executor.go:694\ngithub.com/pingcap/tidb/pkg/executor.(*ExecStmt).next\n\t/Users/bba/pc/tidb-ai-master/pkg/executor/adapter.go:1532\ngithub.com/pingcap/tidb/pkg/executor.(*ExecStmt).handleNoDelayExecutor\n\t/Users/bba/pc/tidb-ai-master/pkg/executor/adapter.go:1155\ngithub.com/pingcap/tidb/pkg/executor.(*ExecStmt).handlePessimisticDML\n\t/Users/bba/pc/tidb-ai-master/pkg/executor/adapter.go:1252\ngithub.com/pingcap/tidb/pkg/executor.(*ExecStmt).handleNoDelay\n\t/Users/bba/pc/tidb-ai-master/pkg/executor/adapter.go:985\ngithub.com/pingcap/tidb/pkg/executor.(*ExecStmt).Exec\n\t/Users/bba/pc/tidb-ai-master/pkg/executor/adapter.go:742\ngithub.com/pingcap/tidb/pkg/session.runStmt\n\t/Users/bba/pc/tidb-ai-master/pkg/session/session.go:3003\ngithub.com/pingcap/tidb/pkg/session.(*session).executeStmtImpl\n\t/Users/bba/pc/tidb-ai-master/pkg/session/session.go:2714\ngithub.com/pingcap/tidb/pkg/session.(*session).ExecuteStmt\n\t/Users/bba/pc/tidb-ai-master/pkg/session/session.go:2420\ngithub.com/pingcap/tidb/pkg/testkit.(*TestKit).ExecWithContext\n\t/Users/bba/pc/tidb-ai-master/pkg/testkit/testkit.go:423\ngithub.com/pingcap/tidb/pkg/testkit.(*TestKit).Exec\n\t/Users/bba/pc/tidb-ai-master/pkg/testkit/testkit.go:386\ngithub.com/pingcap/tidb/pkg/testkit.(*TestKit).ExecToErr\n\t/Users/bba/pc/tidb-ai-master/pkg/testkit/testkit.go:473\ngithub.com/pingcap/tidb/tests/realtikvtest/txntest.TestAINativeFailedStatementCannotPoisonPriorMutation.func1\n\t/Users/bba/pc/tidb-ai-master/tests/realtikvtest/txntest/ai_native_unique_owner_fuzz_test.go:925\ntesting.tRunner\n\t/Users/bba/.gvm/pkgsets/go1.25.1/global/pkg/mod/golang.org/toolchain@v0.0.1-go1.25.10.darwin-arm64/src/testing/testing.go:1934\nruntime.goexit\n\t/Users/bba/.gvm/pkgsets/go1.25.1/global/pkg/mod/golang.org/toolchain@v0.0.1-go1.25.10.darwin-arm64/src/runtime/asm_arm64.s:1268"] [session="{\n  \"currDBName\": \"test\",\n  \"id\": 2,\n  \"status\": 3,\n  \"strictMode\": true,\n  \"txn\": \"467729799440760853\",\n  \"user\": null\n}"]
[2026/07/17 08:19:47.004 +08:00] [WARN] [prewrite.go:619] ["1pc failed and fallbacks to normal commit procedure"] [startTS=467729799440760853]
=== RUN   TestAINativeFailedStatementCannotPoisonPriorMutation/pessimistic/insert_then_failed_reverse_multirow_update
[2026/07/17 08:19:47.017 +08:00] [INFO] [job_submitter.go:118] ["add DDL jobs"] [category=ddl] ["batch count"=1] [jobs="ID:262, Type:drop table, State:queueing, SchemaState:public, SchemaID:114, TableID:258, RowCount:0, ArgLen:1, start time: 2026-07-17 08:19:46.978 +0800 CST, Err:<nil>, ErrCount:0, SnapshotVersion:0, Version: v2; "] [fast_create=true]
[2026/07/17 08:19:47.017 +08:00] [INFO] [executor.go:7285] ["DDL job submitted"] [category=ddl] [job="ID:262, Type:drop table, State:queueing, SchemaState:public, SchemaID:114, TableID:258, RowCount:0, ArgLen:1, start time: 2026-07-17 08:19:46.978 +0800 CST, Err:<nil>, ErrCount:0, SnapshotVersion:0, Version: v2"] [query="drop table if exists ai_stmt_control, ai_stmt_probe"]
[2026/07/17 08:19:47.018 +08:00] [INFO] [job_worker.go:854] ["run one job step"] [category=ddl] [jobID=262] [conn=2] [job="ID:262, Type:drop table, State:queueing, SchemaState:public, SchemaID:114, TableID:258, RowCount:0, ArgLen:0, start time: 2026-07-17 08:19:46.978 +0800 CST, Err:<nil>, ErrCount:0, SnapshotVersion:0, Version: v2"]
[2026/07/17 08:19:47.024 +08:00] [INFO] [loader.go:216] ["diff load InfoSchema success"] [mode=auto] [isV2=true] [currVer=255] [neededVer=256] [gotVer=256] ["elapsed time"=324.458µs] [phyTblIDs="[258]"] [actionTypes="[4]"] [diffTypes="[\"drop table\"]"]
[2026/07/17 08:19:47.025 +08:00] [INFO] [syncer.go:281] ["mdl gets lock, update self version to owner"] [jobID=262] [version=256]
[2026/07/17 08:19:47.029 +08:00] [INFO] [schema_version.go:397] ["wait schema version synced success"] [category=ddl] [ver=256] [checkAssumedSvr=false] ["take time"=5.244584ms] [job="ID:262, Type:drop table, State:running, SchemaState:write only, SchemaID:114, TableID:258, RowCount:0, ArgLen:1, start time: 2026-07-17 08:19:46.978 +0800 CST, Err:<nil>, ErrCount:0, SnapshotVersion:0, Version: v2"] [summary="server count: 1"]
[2026/07/17 08:19:47.030 +08:00] [INFO] [job_worker.go:854] ["run one job step"] [category=ddl] [jobID=262] [conn=2] [job="ID:262, Type:drop table, State:running, SchemaState:write only, SchemaID:114, TableID:258, RowCount:0, ArgLen:0, start time: 2026-07-17 08:19:46.978 +0800 CST, Err:<nil>, ErrCount:0, SnapshotVersion:0, Version: v2"]
[2026/07/17 08:19:47.036 +08:00] [INFO] [loader.go:216] ["diff load InfoSchema success"] [mode=auto] [isV2=true] [currVer=256] [neededVer=257] [gotVer=257] ["elapsed time"=341.917µs] [phyTblIDs="[258]"] [actionTypes="[4]"] [diffTypes="[\"drop table\"]"]
[2026/07/17 08:19:47.037 +08:00] [INFO] [syncer.go:281] ["mdl gets lock, update self version to owner"] [jobID=262] [version=257]
[2026/07/17 08:19:47.041 +08:00] [INFO] [schema_version.go:397] ["wait schema version synced success"] [category=ddl] [ver=257] [checkAssumedSvr=false] ["take time"=5.210375ms] [job="ID:262, Type:drop table, State:running, SchemaState:delete only, SchemaID:114, TableID:258, RowCount:0, ArgLen:1, start time: 2026-07-17 08:19:46.978 +0800 CST, Err:<nil>, ErrCount:0, SnapshotVersion:0, Version: v2"] [summary="server count: 1"]
[2026/07/17 08:19:47.042 +08:00] [INFO] [job_worker.go:854] ["run one job step"] [category=ddl] [jobID=262] [conn=2] [job="ID:262, Type:drop table, State:running, SchemaState:delete only, SchemaID:114, TableID:258, RowCount:0, ArgLen:0, start time: 2026-07-17 08:19:46.978 +0800 CST, Err:<nil>, ErrCount:0, SnapshotVersion:0, Version: v2"]
[2026/07/17 08:19:47.043 +08:00] [WARN] [ddl.go:700] ["fail to notify DDL event"] [category=ddl] [event="(Event Type: drop table, Old Table ID: 258, Old Table Name: ai_stmt_control)"]
[2026/07/17 08:19:47.049 +08:00] [INFO] [loader.go:216] ["diff load InfoSchema success"] [mode=auto] [isV2=true] [currVer=257] [neededVer=258] [gotVer=258] ["elapsed time"=186.834µs] [phyTblIDs="[258]"] [actionTypes="[4]"] [diffTypes="[\"drop table\"]"]
[2026/07/17 08:19:47.050 +08:00] [INFO] [syncer.go:281] ["mdl gets lock, update self version to owner"] [jobID=262] [version=258]
[2026/07/17 08:19:47.054 +08:00] [INFO] [schema_version.go:397] ["wait schema version synced success"] [category=ddl] [ver=258] [checkAssumedSvr=false] ["take time"=5.049333ms] [job="ID:262, Type:drop table, State:done, SchemaState:none, SchemaID:114, TableID:258, RowCount:0, ArgLen:1, start time: 2026-07-17 08:19:46.978 +0800 CST, Err:<nil>, ErrCount:0, SnapshotVersion:0, Version: v2"] [summary="server count: 1"]
[2026/07/17 08:19:47.055 +08:00] [INFO] [delete_range.go:470] ["insert into delete-range table"] [category=ddl] [jobID=262] [tableIDs="[258]"] [comment="drop table: table ID"]
[2026/07/17 08:19:47.056 +08:00] [INFO] [delete_range.go:112] ["add job into delete-range table"] [category=ddl] [jobID=262] [jobType="drop table"]
[2026/07/17 08:19:47.056 +08:00] [INFO] [job_worker.go:447] ["finish DDL job"] [category=ddl] [jobID=262] [conn=2] [job="ID:262, Type:drop table, State:synced, SchemaState:none, SchemaID:114, TableID:258, RowCount:0, ArgLen:1, start time: 2026-07-17 08:19:46.978 +0800 CST, Err:<nil>, ErrCount:0, SnapshotVersion:0, Version: v2"]
[2026/07/17 08:19:47.058 +08:00] [INFO] [executor.go:7423] ["DDL job is finished"] [category=ddl] [jobID=262]
[2026/07/17 08:19:47.062 +08:00] [INFO] [job_submitter.go:118] ["add DDL jobs"] [category=ddl] ["batch count"=1] [jobs="ID:263, Type:drop table, State:queueing, SchemaState:public, SchemaID:114, TableID:260, RowCount:0, ArgLen:1, start time: 2026-07-17 08:19:47.028 +0800 CST, Err:<nil>, ErrCount:0, SnapshotVersion:0, Version: v2; "] [fast_create=true]
[2026/07/17 08:19:47.062 +08:00] [INFO] [executor.go:7285] ["DDL job submitted"] [category=ddl] [job="ID:263, Type:drop table, State:queueing, SchemaState:public, SchemaID:114, TableID:260, RowCount:0, ArgLen:1, start time: 2026-07-17 08:19:47.028 +0800 CST, Err:<nil>, ErrCount:0, SnapshotVersion:0, Version: v2"] [query="drop table if exists ai_stmt_control, ai_stmt_probe"]
[2026/07/17 08:19:47.063 +08:00] [INFO] [lock_resolver.go:1631] ["txn lock cleanup resolve-lock rpc finished"] [action=commit] [txnStartTS=467729799453868065] [commitTS=467729799453868070] [regionID=8] [resolveLite=true] [resolvedByCheckTxnStatus=false]
[2026/07/17 08:19:47.064 +08:00] [INFO] [job_worker.go:854] ["run one job step"] [category=ddl] [jobID=263] [conn=2] [job="ID:263, Type:drop table, State:queueing, SchemaState:public, SchemaID:114, TableID:260, RowCount:0, ArgLen:0, start time: 2026-07-17 08:19:47.028 +0800 CST, Err:<nil>, ErrCount:0, SnapshotVersion:0, Version: v2"]
[2026/07/17 08:19:47.071 +08:00] [INFO] [loader.go:216] ["diff load InfoSchema success"] [mode=auto] [isV2=true] [currVer=258] [neededVer=259] [gotVer=259] ["elapsed time"=326.5µs] [phyTblIDs="[260]"] [actionTypes="[4]"] [diffTypes="[\"drop table\"]"]
[2026/07/17 08:19:47.071 +08:00] [INFO] [syncer.go:281] ["mdl gets lock, update self version to owner"] [jobID=263] [version=259]
[2026/07/17 08:19:47.076 +08:00] [INFO] [schema_version.go:397] ["wait schema version synced success"] [category=ddl] [ver=259] [checkAssumedSvr=false] ["take time"=5.734084ms] [job="ID:263, Type:drop table, State:running, SchemaState:write only, SchemaID:114, TableID:260, RowCount:0, ArgLen:1, start time: 2026-07-17 08:19:47.028 +0800 CST, Err:<nil>, ErrCount:0, SnapshotVersion:0, Version: v2"] [summary="server count: 1"]
[2026/07/17 08:19:47.077 +08:00] [INFO] [job_worker.go:854] ["run one job step"] [category=ddl] [jobID=263] [conn=2] [job="ID:263, Type:drop table, State:running, SchemaState:write only, SchemaID:114, TableID:260, RowCount:0, ArgLen:0, start time: 2026-07-17 08:19:47.028 +0800 CST, Err:<nil>, ErrCount:0, SnapshotVersion:0, Version: v2"]
[2026/07/17 08:19:47.084 +08:00] [INFO] [loader.go:216] ["diff load InfoSchema success"] [mode=auto] [isV2=true] [currVer=259] [neededVer=260] [gotVer=260] ["elapsed time"=378.666µs] [phyTblIDs="[260]"] [actionTypes="[4]"] [diffTypes="[\"drop table\"]"]
[2026/07/17 08:19:47.084 +08:00] [INFO] [syncer.go:281] ["mdl gets lock, update self version to owner"] [jobID=263] [version=260]
[2026/07/17 08:19:47.088 +08:00] [INFO] [schema_version.go:397] ["wait schema version synced success"] [category=ddl] [ver=260] [checkAssumedSvr=false] ["take time"=4.9235ms] [job="ID:263, Type:drop table, State:running, SchemaState:delete only, SchemaID:114, TableID:260, RowCount:0, ArgLen:1, start time: 2026-07-17 08:19:47.028 +0800 CST, Err:<nil>, ErrCount:0, SnapshotVersion:0, Version: v2"] [summary="server count: 1"]
[2026/07/17 08:19:47.089 +08:00] [INFO] [job_worker.go:854] ["run one job step"] [category=ddl] [jobID=263] [conn=2] [job="ID:263, Type:drop table, State:running, SchemaState:delete only, SchemaID:114, TableID:260, RowCount:0, ArgLen:0, start time: 2026-07-17 08:19:47.028 +0800 CST, Err:<nil>, ErrCount:0, SnapshotVersion:0, Version: v2"]
[2026/07/17 08:19:47.090 +08:00] [WARN] [ddl.go:700] ["fail to notify DDL event"] [category=ddl] [event="(Event Type: drop table, Old Table ID: 260, Old Table Name: ai_stmt_probe)"]
[2026/07/17 08:19:47.096 +08:00] [INFO] [loader.go:216] ["diff load InfoSchema success"] [mode=auto] [isV2=true] [currVer=260] [neededVer=261] [gotVer=261] ["elapsed time"=188.917µs] [phyTblIDs="[260]"] [actionTypes="[4]"] [diffTypes="[\"drop table\"]"]
[2026/07/17 08:19:47.097 +08:00] [INFO] [syncer.go:281] ["mdl gets lock, update self version to owner"] [jobID=263] [version=261]
[2026/07/17 08:19:47.101 +08:00] [INFO] [schema_version.go:397] ["wait schema version synced success"] [category=ddl] [ver=261] [checkAssumedSvr=false] ["take time"=4.868208ms] [job="ID:263, Type:drop table, State:done, SchemaState:none, SchemaID:114, TableID:260, RowCount:0, ArgLen:1, start time: 2026-07-17 08:19:47.028 +0800 CST, Err:<nil>, ErrCount:0, SnapshotVersion:0, Version: v2"] [summary="server count: 1"]
[2026/07/17 08:19:47.102 +08:00] [INFO] [delete_range.go:470] ["insert into delete-range table"] [category=ddl] [jobID=263] [tableIDs="[260]"] [comment="drop table: table ID"]
[2026/07/17 08:19:47.103 +08:00] [INFO] [delete_range.go:112] ["add job into delete-range table"] [category=ddl] [jobID=263] [jobType="drop table"]
[2026/07/17 08:19:47.103 +08:00] [INFO] [job_worker.go:447] ["finish DDL job"] [category=ddl] [jobID=263] [conn=2] [job="ID:263, Type:drop table, State:synced, SchemaState:none, SchemaID:114, TableID:260, RowCount:0, ArgLen:1, start time: 2026-07-17 08:19:47.028 +0800 CST, Err:<nil>, ErrCount:0, SnapshotVersion:0, Version: v2"]
[2026/07/17 08:19:47.105 +08:00] [INFO] [executor.go:7423] ["DDL job is finished"] [category=ddl] [jobID=263]
[2026/07/17 08:19:47.105 +08:00] [INFO] [session.go:5195] ["CRUCIAL OPERATION"] [conn=2] [schemaVersion=261] [cur_db=test] [sql="drop table if exists ai_stmt_control, ai_stmt_probe"] [user=]
[2026/07/17 08:19:47.108 +08:00] [INFO] [job_submitter.go:118] ["add DDL jobs"] [category=ddl] ["batch count"=1] [jobs="ID:265, Type:create table, State:queueing, SchemaState:none, SchemaID:114, TableID:264, RowCount:0, ArgLen:1, start time: 2026-07-17 08:19:47.078 +0800 CST, Err:<nil>, ErrCount:0, SnapshotVersion:0, Version: v2; "] [fast_create=true]
[2026/07/17 08:19:47.108 +08:00] [INFO] [executor.go:7285] ["DDL job submitted"] [category=ddl] [job="ID:265, Type:create table, State:queueing, SchemaState:none, SchemaID:114, TableID:264, RowCount:0, ArgLen:1, start time: 2026-07-17 08:19:47.078 +0800 CST, Err:<nil>, ErrCount:0, SnapshotVersion:0, Version: v2"] [query="create table ai_stmt_control (\n\t\t\tid int primary key clustered,\n\t\t\tu1 int not null,\n\t\t\tu2 int not null,\n\t\t\tbase int not null,\n\t\t\tg int as (base + 1) stored,\n\t\t\tunique key u1_idx(u1),\n\t\t\tunique key u2_idx(u2),\n\t\t\tkey base_idx(base),\n\t\t\tkey g_idx(g),\n\t\t\tconstraint base_positive check (base > 0)\n\t\t)"]
[2026/07/17 08:19:47.111 +08:00] [INFO] [job_worker.go:854] ["run one job step"] [category=ddl] [jobID=265] [conn=2] [job="ID:265, Type:create table, State:queueing, SchemaState:none, SchemaID:114, TableID:264, RowCount:0, ArgLen:0, start time: 2026-07-17 08:19:47.078 +0800 CST, Err:<nil>, ErrCount:0, SnapshotVersion:0, Version: v2"]
[2026/07/17 08:19:47.112 +08:00] [INFO] [lock_resolver.go:1631] ["txn lock cleanup resolve-lock rpc finished"] [action=commit] [txnStartTS=467729799466975262] [commitTS=467729799466975264] [regionID=8] [resolveLite=true] [resolvedByCheckTxnStatus=false]
[2026/07/17 08:19:47.112 +08:00] [INFO] [lock_resolver.go:1631] ["txn lock cleanup resolve-lock rpc finished"] [action=commit] [txnStartTS=467729799466975262] [commitTS=467729799466975264] [regionID=8] [resolveLite=true] [resolvedByCheckTxnStatus=false]
[2026/07/17 08:19:47.112 +08:00] [INFO] [lock_resolver.go:1631] ["txn lock cleanup resolve-lock rpc finished"] [action=commit] [txnStartTS=467729799466975262] [commitTS=467729799466975264] [regionID=8] [resolveLite=true] [resolvedByCheckTxnStatus=false]
[2026/07/17 08:19:47.116 +08:00] [WARN] [ddl.go:700] ["fail to notify DDL event"] [category=ddl] [event="(Event Type: create table, Table ID: 264, Table Name: ai_stmt_control)"]
[2026/07/17 08:19:47.123 +08:00] [INFO] [loader.go:216] ["diff load InfoSchema success"] [mode=auto] [isV2=true] [currVer=261] [neededVer=262] [gotVer=262] ["elapsed time"=292µs] [phyTblIDs="[264]"] [actionTypes="[3]"] [diffTypes="[\"create table\"]"]
[2026/07/17 08:19:47.123 +08:00] [INFO] [syncer.go:281] ["mdl gets lock, update self version to owner"] [jobID=265] [version=262]
[2026/07/17 08:19:47.128 +08:00] [INFO] [schema_version.go:397] ["wait schema version synced success"] [category=ddl] [ver=262] [checkAssumedSvr=false] ["take time"=6.01325ms] [job="ID:265, Type:create table, State:done, SchemaState:public, SchemaID:114, TableID:264, RowCount:0, ArgLen:1, start time: 2026-07-17 08:19:47.078 +0800 CST, Err:<nil>, ErrCount:0, SnapshotVersion:0, Version: v2"] [summary="server count: 1"]
[2026/07/17 08:19:47.129 +08:00] [INFO] [job_worker.go:447] ["finish DDL job"] [category=ddl] [jobID=265] [conn=2] [job="ID:265, Type:create table, State:synced, SchemaState:public, SchemaID:114, TableID:264, RowCount:0, ArgLen:0, start time: 2026-07-17 08:19:47.078 +0800 CST, Err:<nil>, ErrCount:0, SnapshotVersion:0, Version: v2"]
[2026/07/17 08:19:47.131 +08:00] [INFO] [executor.go:7423] ["DDL job is finished"] [category=ddl] [jobID=265]
[2026/07/17 08:19:47.131 +08:00] [INFO] [session.go:5195] ["CRUCIAL OPERATION"] [conn=2] [schemaVersion=262] [cur_db=test] [sql="create table ai_stmt_control (\n\t\t\tid int primary key clustered,\n\t\t\tu1 int not null,\n\t\t\tu2 int not null,\n\t\t\tbase int not null,\n\t\t\tg int as (base + 1) stored,\n\t\t\tunique key u1_idx(u1),\n\t\t\tunique key u2_idx(u2),\n\t\t\tkey base_idx(base),\n\t\t\tkey g_idx(g),\n\t\t\tconstraint base_positive check (base > 0)\n\t\t)"] [user=]
[2026/07/17 08:19:47.135 +08:00] [WARN] [prewrite.go:619] ["1pc failed and fallbacks to normal commit procedure"] [startTS=467729799480082440]
[2026/07/17 08:19:47.137 +08:00] [INFO] [job_submitter.go:118] ["add DDL jobs"] [category=ddl] ["batch count"=1] [jobs="ID:267, Type:create table, State:queueing, SchemaState:none, SchemaID:114, TableID:266, RowCount:0, ArgLen:1, start time: 2026-07-17 08:19:47.128 +0800 CST, Err:<nil>, ErrCount:0, SnapshotVersion:0, Version: v2; "] [fast_create=true]
[2026/07/17 08:19:47.137 +08:00] [INFO] [executor.go:7285] ["DDL job submitted"] [category=ddl] [job="ID:267, Type:create table, State:queueing, SchemaState:none, SchemaID:114, TableID:266, RowCount:0, ArgLen:1, start time: 2026-07-17 08:19:47.128 +0800 CST, Err:<nil>, ErrCount:0, SnapshotVersion:0, Version: v2"] [query="create table ai_stmt_probe (\n\t\t\tid int primary key clustered,\n\t\t\tu1 int not null,\n\t\t\tu2 int not null,\n\t\t\tbase int not null,\n\t\t\tg int as (base + 1) stored,\n\t\t\tunique key u1_idx(u1),\n\t\t\tunique key u2_idx(u2),\n\t\t\tkey base_idx(base),\n\t\t\tkey g_idx(g),\n\t\t\tconstraint base_positive check (base > 0)\n\t\t)"]
[2026/07/17 08:19:47.138 +08:00] [INFO] [job_worker.go:854] ["run one job step"] [category=ddl] [jobID=267] [conn=2] [job="ID:267, Type:create table, State:queueing, SchemaState:none, SchemaID:114, TableID:266, RowCount:0, ArgLen:0, start time: 2026-07-17 08:19:47.128 +0800 CST, Err:<nil>, ErrCount:0, SnapshotVersion:0, Version: v2"]
[2026/07/17 08:19:47.139 +08:00] [WARN] [ddl.go:700] ["fail to notify DDL event"] [category=ddl] [event="(Event Type: create table, Table ID: 266, Table Name: ai_stmt_probe)"]
[2026/07/17 08:19:47.145 +08:00] [INFO] [loader.go:216] ["diff load InfoSchema success"] [mode=auto] [isV2=true] [currVer=262] [neededVer=263] [gotVer=263] ["elapsed time"=275.792µs] [phyTblIDs="[266]"] [actionTypes="[3]"] [diffTypes="[\"create table\"]"]
[2026/07/17 08:19:47.145 +08:00] [INFO] [syncer.go:281] ["mdl gets lock, update self version to owner"] [jobID=267] [version=263]
[2026/07/17 08:19:47.150 +08:00] [INFO] [schema_version.go:397] ["wait schema version synced success"] [category=ddl] [ver=263] [checkAssumedSvr=false] ["take time"=5.834ms] [job="ID:267, Type:create table, State:done, SchemaState:public, SchemaID:114, TableID:266, RowCount:0, ArgLen:1, start time: 2026-07-17 08:19:47.128 +0800 CST, Err:<nil>, ErrCount:0, SnapshotVersion:0, Version: v2"] [summary="server count: 1"]
[2026/07/17 08:19:47.151 +08:00] [INFO] [job_worker.go:447] ["finish DDL job"] [category=ddl] [jobID=267] [conn=2] [job="ID:267, Type:create table, State:synced, SchemaState:public, SchemaID:114, TableID:266, RowCount:0, ArgLen:0, start time: 2026-07-17 08:19:47.128 +0800 CST, Err:<nil>, ErrCount:0, SnapshotVersion:0, Version: v2"]
[2026/07/17 08:19:47.153 +08:00] [INFO] [executor.go:7423] ["DDL job is finished"] [category=ddl] [jobID=267]
[2026/07/17 08:19:47.153 +08:00] [INFO] [session.go:5195] ["CRUCIAL OPERATION"] [conn=2] [schemaVersion=263] [cur_db=test] [sql="create table ai_stmt_probe (\n\t\t\tid int primary key clustered,\n\t\t\tu1 int not null,\n\t\t\tu2 int not null,\n\t\t\tbase int not null,\n\t\t\tg int as (base + 1) stored,\n\t\t\tunique key u1_idx(u1),\n\t\t\tunique key u2_idx(u2),\n\t\t\tkey base_idx(base),\n\t\t\tkey g_idx(g),\n\t\t\tconstraint base_positive check (base > 0)\n\t\t)"] [user=]
[2026/07/17 08:19:47.153 +08:00] [WARN] [prewrite.go:619] ["1pc failed and fallbacks to normal commit procedure"] [startTS=467729799480082464]
[2026/07/17 08:19:47.158 +08:00] [WARN] [prewrite.go:619] ["1pc failed and fallbacks to normal commit procedure"] [startTS=467729799480082467]
[2026/07/17 08:19:47.159 +08:00] [WARN] [session.go:2726] ["run statement failed"] [schemaVersion=263] [error="[table:1048]Column 'base' cannot be null"] [errorVerbose="[table:1048]Column 'base' cannot be null\ngithub.com/pingcap/errors.(*Error).GenWithStackByArgs\n\t/Users/bba/.gvm/pkgsets/go1.25.1/global/pkg/mod/github.com/pingcap/errors@v0.11.5-0.20260508054701-306e305bcf41/normalize.go:225\ngithub.com/pingcap/tidb/pkg/table.(*Column).CheckNotNull\n\t/Users/bba/pc/tidb-ai-master/pkg/table/column.go:514\ngithub.com/pingcap/tidb/pkg/table.(*Column).HandleBadNull\n\t/Users/bba/pc/tidb-ai-master/pkg/table/column.go:528\ngithub.com/pingcap/tidb/pkg/executor.updateRecord\n\t/Users/bba/pc/tidb-ai-master/pkg/executor/write.go:264\ngithub.com/pingcap/tidb/pkg/executor.(*UpdateExec).exec\n\t/Users/bba/pc/tidb-ai-master/pkg/executor/update.go:307\ngithub.com/pingcap/tidb/pkg/executor.(*UpdateExec).updateRows\n\t/Users/bba/pc/tidb-ai-master/pkg/executor/update.go:481\ngithub.com/pingcap/tidb/pkg/executor.(*UpdateExec).Next\n\t/Users/bba/pc/tidb-ai-master/pkg/executor/update.go:368\ngithub.com/pingcap/tidb/pkg/executor/internal/exec.Next\n\t/Users/bba/pc/tidb-ai-master/pkg/executor/internal/exec/executor.go:694\ngithub.com/pingcap/tidb/pkg/executor.(*ExecStmt).next\n\t/Users/bba/pc/tidb-ai-master/pkg/executor/adapter.go:1532\ngithub.com/pingcap/tidb/pkg/executor.(*ExecStmt).handleNoDelayExecutor\n\t/Users/bba/pc/tidb-ai-master/pkg/executor/adapter.go:1155\ngithub.com/pingcap/tidb/pkg/executor.(*ExecStmt).handlePessimisticDML\n\t/Users/bba/pc/tidb-ai-master/pkg/executor/adapter.go:1252\ngithub.com/pingcap/tidb/pkg/executor.(*ExecStmt).handleNoDelay\n\t/Users/bba/pc/tidb-ai-master/pkg/executor/adapter.go:985\ngithub.com/pingcap/tidb/pkg/executor.(*ExecStmt).Exec\n\t/Users/bba/pc/tidb-ai-master/pkg/executor/adapter.go:742\ngithub.com/pingcap/tidb/pkg/session.runStmt\n\t/Users/bba/pc/tidb-ai-master/pkg/session/session.go:3003\ngithub.com/pingcap/tidb/pkg/session.(*session).executeStmtImpl\n\t/Users/bba/pc/tidb-ai-master/pkg/session/session.go:2714\ngithub.com/pingcap/tidb/pkg/session.(*session).ExecuteStmt\n\t/Users/bba/pc/tidb-ai-master/pkg/session/session.go:2420\ngithub.com/pingcap/tidb/pkg/testkit.(*TestKit).ExecWithContext\n\t/Users/bba/pc/tidb-ai-master/pkg/testkit/testkit.go:423\ngithub.com/pingcap/tidb/pkg/testkit.(*TestKit).Exec\n\t/Users/bba/pc/tidb-ai-master/pkg/testkit/testkit.go:386\ngithub.com/pingcap/tidb/pkg/testkit.(*TestKit).ExecToErr\n\t/Users/bba/pc/tidb-ai-master/pkg/testkit/testkit.go:473\ngithub.com/pingcap/tidb/tests/realtikvtest/txntest.TestAINativeFailedStatementCannotPoisonPriorMutation.func1\n\t/Users/bba/pc/tidb-ai-master/tests/realtikvtest/txntest/ai_native_unique_owner_fuzz_test.go:925\ntesting.tRunner\n\t/Users/bba/.gvm/pkgsets/go1.25.1/global/pkg/mod/golang.org/toolchain@v0.0.1-go1.25.10.darwin-arm64/src/testing/testing.go:1934\nruntime.goexit\n\t/Users/bba/.gvm/pkgsets/go1.25.1/global/pkg/mod/golang.org/toolchain@v0.0.1-go1.25.10.darwin-arm64/src/runtime/asm_arm64.s:1268"] [session="{\n  \"currDBName\": \"test\",\n  \"id\": 2,\n  \"status\": 3,\n  \"strictMode\": true,\n  \"txn\": \"467729799480082470\",\n  \"user\": null\n}"]
[2026/07/17 08:19:47.159 +08:00] [WARN] [prewrite.go:619] ["1pc failed and fallbacks to normal commit procedure"] [startTS=467729799480082470]
=== RUN   TestAINativeFailedStatementCannotPoisonPriorMutation/pessimistic/delete_then_failed_multirow_insert_with_new_owner
[2026/07/17 08:19:47.169 +08:00] [INFO] [job_submitter.go:118] ["add DDL jobs"] [category=ddl] ["batch count"=1] [jobs="ID:268, Type:drop table, State:queueing, SchemaState:public, SchemaID:114, TableID:264, RowCount:0, ArgLen:1, start time: 2026-07-17 08:19:47.128 +0800 CST, Err:<nil>, ErrCount:0, SnapshotVersion:0, Version: v2; "] [fast_create=true]
[2026/07/17 08:19:47.169 +08:00] [INFO] [executor.go:7285] ["DDL job submitted"] [category=ddl] [job="ID:268, Type:drop table, State:queueing, SchemaState:public, SchemaID:114, TableID:264, RowCount:0, ArgLen:1, start time: 2026-07-17 08:19:47.128 +0800 CST, Err:<nil>, ErrCount:0, SnapshotVersion:0, Version: v2"] [query="drop table if exists ai_stmt_control, ai_stmt_probe"]
[2026/07/17 08:19:47.169 +08:00] [INFO] [job_worker.go:854] ["run one job step"] [category=ddl] [jobID=268] [conn=2] [job="ID:268, Type:drop table, State:queueing, SchemaState:public, SchemaID:114, TableID:264, RowCount:0, ArgLen:0, start time: 2026-07-17 08:19:47.128 +0800 CST, Err:<nil>, ErrCount:0, SnapshotVersion:0, Version: v2"]
[2026/07/17 08:19:47.176 +08:00] [INFO] [loader.go:216] ["diff load InfoSchema success"] [mode=auto] [isV2=true] [currVer=263] [neededVer=264] [gotVer=264] ["elapsed time"=455.5µs] [phyTblIDs="[264]"] [actionTypes="[4]"] [diffTypes="[\"drop table\"]"]
[2026/07/17 08:19:47.176 +08:00] [INFO] [syncer.go:281] ["mdl gets lock, update self version to owner"] [jobID=268] [version=264]
[2026/07/17 08:19:47.181 +08:00] [INFO] [schema_version.go:397] ["wait schema version synced success"] [category=ddl] [ver=264] [checkAssumedSvr=false] ["take time"=5.749541ms] [job="ID:268, Type:drop table, State:running, SchemaState:write only, SchemaID:114, TableID:264, RowCount:0, ArgLen:1, start time: 2026-07-17 08:19:47.128 +0800 CST, Err:<nil>, ErrCount:0, SnapshotVersion:0, Version: v2"] [summary="server count: 1"]
[2026/07/17 08:19:47.182 +08:00] [INFO] [job_worker.go:854] ["run one job step"] [category=ddl] [jobID=268] [conn=2] [job="ID:268, Type:drop table, State:running, SchemaState:write only, SchemaID:114, TableID:264, RowCount:0, ArgLen:0, start time: 2026-07-17 08:19:47.128 +0800 CST, Err:<nil>, ErrCount:0, SnapshotVersion:0, Version: v2"]
[2026/07/17 08:19:47.189 +08:00] [INFO] [loader.go:216] ["diff load InfoSchema success"] [mode=auto] [isV2=true] [currVer=264] [neededVer=265] [gotVer=265] ["elapsed time"=315.709µs] [phyTblIDs="[264]"] [actionTypes="[4]"] [diffTypes="[\"drop table\"]"]
[2026/07/17 08:19:47.189 +08:00] [INFO] [syncer.go:281] ["mdl gets lock, update self version to owner"] [jobID=268] [version=265]
[2026/07/17 08:19:47.194 +08:00] [INFO] [schema_version.go:397] ["wait schema version synced success"] [category=ddl] [ver=265] [checkAssumedSvr=false] ["take time"=5.814584ms] [job="ID:268, Type:drop table, State:running, SchemaState:delete only, SchemaID:114, TableID:264, RowCount:0, ArgLen:1, start time: 2026-07-17 08:19:47.128 +0800 CST, Err:<nil>, ErrCount:0, SnapshotVersion:0, Version: v2"] [summary="server count: 1"]
[2026/07/17 08:19:47.195 +08:00] [INFO] [job_worker.go:854] ["run one job step"] [category=ddl] [jobID=268] [conn=2] [job="ID:268, Type:drop table, State:running, SchemaState:delete only, SchemaID:114, TableID:264, RowCount:0, ArgLen:0, start time: 2026-07-17 08:19:47.128 +0800 CST, Err:<nil>, ErrCount:0, SnapshotVersion:0, Version: v2"]
[2026/07/17 08:19:47.196 +08:00] [WARN] [ddl.go:700] ["fail to notify DDL event"] [category=ddl] [event="(Event Type: drop table, Old Table ID: 264, Old Table Name: ai_stmt_control)"]
[2026/07/17 08:19:47.203 +08:00] [INFO] [loader.go:216] ["diff load InfoSchema success"] [mode=auto] [isV2=true] [currVer=265] [neededVer=266] [gotVer=266] ["elapsed time"=192.917µs] [phyTblIDs="[264]"] [actionTypes="[4]"] [diffTypes="[\"drop table\"]"]
[2026/07/17 08:19:47.203 +08:00] [INFO] [syncer.go:281] ["mdl gets lock, update self version to owner"] [jobID=268] [version=266]
[2026/07/17 08:19:47.208 +08:00] [INFO] [schema_version.go:397] ["wait schema version synced success"] [category=ddl] [ver=266] [checkAssumedSvr=false] ["take time"=5.832375ms] [job="ID:268, Type:drop table, State:done, SchemaState:none, SchemaID:114, TableID:264, RowCount:0, ArgLen:1, start time: 2026-07-17 08:19:47.128 +0800 CST, Err:<nil>, ErrCount:0, SnapshotVersion:0, Version: v2"] [summary="server count: 1"]
[2026/07/17 08:19:47.209 +08:00] [INFO] [delete_range.go:470] ["insert into delete-range table"] [category=ddl] [jobID=268] [tableIDs="[264]"] [comment="drop table: table ID"]
[2026/07/17 08:19:47.210 +08:00] [INFO] [delete_range.go:112] ["add job into delete-range table"] [category=ddl] [jobID=268] [jobType="drop table"]
[2026/07/17 08:19:47.210 +08:00] [INFO] [job_worker.go:447] ["finish DDL job"] [category=ddl] [jobID=268] [conn=2] [job="ID:268, Type:drop table, State:synced, SchemaState:none, SchemaID:114, TableID:264, RowCount:0, ArgLen:1, start time: 2026-07-17 08:19:47.128 +0800 CST, Err:<nil>, ErrCount:0, SnapshotVersion:0, Version: v2"]
[2026/07/17 08:19:47.212 +08:00] [INFO] [executor.go:7423] ["DDL job is finished"] [category=ddl] [jobID=268]
[2026/07/17 08:19:47.216 +08:00] [INFO] [job_submitter.go:118] ["add DDL jobs"] [category=ddl] ["batch count"=1] [jobs="ID:269, Type:drop table, State:queueing, SchemaState:public, SchemaID:114, TableID:266, RowCount:0, ArgLen:1, start time: 2026-07-17 08:19:47.178 +0800 CST, Err:<nil>, ErrCount:0, SnapshotVersion:0, Version: v2; "] [fast_create=true]
[2026/07/17 08:19:47.216 +08:00] [INFO] [executor.go:7285] ["DDL job submitted"] [category=ddl] [job="ID:269, Type:drop table, State:queueing, SchemaState:public, SchemaID:114, TableID:266, RowCount:0, ArgLen:1, start time: 2026-07-17 08:19:47.178 +0800 CST, Err:<nil>, ErrCount:0, SnapshotVersion:0, Version: v2"] [query="drop table if exists ai_stmt_control, ai_stmt_probe"]
[2026/07/17 08:19:47.218 +08:00] [INFO] [job_worker.go:854] ["run one job step"] [category=ddl] [jobID=269] [conn=2] [job="ID:269, Type:drop table, State:queueing, SchemaState:public, SchemaID:114, TableID:266, RowCount:0, ArgLen:0, start time: 2026-07-17 08:19:47.178 +0800 CST, Err:<nil>, ErrCount:0, SnapshotVersion:0, Version: v2"]
[2026/07/17 08:19:47.220 +08:00] [INFO] [lock_resolver.go:1631] ["txn lock cleanup resolve-lock rpc finished"] [action=commit] [txnStartTS=467729799493189665] [commitTS=467729799493189666] [regionID=8] [resolveLite=true] [resolvedByCheckTxnStatus=false]
[2026/07/17 08:19:47.220 +08:00] [INFO] [lock_resolver.go:1631] ["txn lock cleanup resolve-lock rpc finished"] [action=commit] [txnStartTS=467729799493189665] [commitTS=467729799493189666] [regionID=8] [resolveLite=true] [resolvedByCheckTxnStatus=false]
[2026/07/17 08:19:47.231 +08:00] [INFO] [loader.go:216] ["diff load InfoSchema success"] [mode=auto] [isV2=true] [currVer=266] [neededVer=267] [gotVer=267] ["elapsed time"=376.417µs] [phyTblIDs="[266]"] [actionTypes="[4]"] [diffTypes="[\"drop table\"]"]
[2026/07/17 08:19:47.231 +08:00] [INFO] [syncer.go:281] ["mdl gets lock, update self version to owner"] [jobID=269] [version=267]
[2026/07/17 08:19:47.236 +08:00] [INFO] [schema_version.go:397] ["wait schema version synced success"] [category=ddl] [ver=267] [checkAssumedSvr=false] ["take time"=6.135625ms] [job="ID:269, Type:drop table, State:running, SchemaState:write only, SchemaID:114, TableID:266, RowCount:0, ArgLen:1, start time: 2026-07-17 08:19:47.178 +0800 CST, Err:<nil>, ErrCount:0, SnapshotVersion:0, Version: v2"] [summary="server count: 1"]
[2026/07/17 08:19:47.238 +08:00] [INFO] [job_worker.go:854] ["run one job step"] [category=ddl] [jobID=269] [conn=2] [job="ID:269, Type:drop table, State:running, SchemaState:write only, SchemaID:114, TableID:266, RowCount:0, ArgLen:0, start time: 2026-07-17 08:19:47.178 +0800 CST, Err:<nil>, ErrCount:0, SnapshotVersion:0, Version: v2"]
[2026/07/17 08:19:47.245 +08:00] [INFO] [loader.go:216] ["diff load InfoSchema success"] [mode=auto] [isV2=true] [currVer=267] [neededVer=268] [gotVer=268] ["elapsed time"=379.25µs] [phyTblIDs="[266]"] [actionTypes="[4]"] [diffTypes="[\"drop table\"]"]
[2026/07/17 08:19:47.245 +08:00] [INFO] [syncer.go:281] ["mdl gets lock, update self version to owner"] [jobID=269] [version=268]
[2026/07/17 08:19:47.250 +08:00] [INFO] [schema_version.go:397] ["wait schema version synced success"] [category=ddl] [ver=268] [checkAssumedSvr=false] ["take time"=6.216958ms] [job="ID:269, Type:drop table, State:running, SchemaState:delete only, SchemaID:114, TableID:266, RowCount:0, ArgLen:1, start time: 2026-07-17 08:19:47.178 +0800 CST, Err:<nil>, ErrCount:0, SnapshotVersion:0, Version: v2"] [summary="server count: 1"]
[2026/07/17 08:19:47.251 +08:00] [INFO] [job_worker.go:854] ["run one job step"] [category=ddl] [jobID=269] [conn=2] [job="ID:269, Type:drop table, State:running, SchemaState:delete only, SchemaID:114, TableID:266, RowCount:0, ArgLen:0, start time: 2026-07-17 08:19:47.178 +0800 CST, Err:<nil>, ErrCount:0, SnapshotVersion:0, Version: v2"]
[2026/07/17 08:19:47.252 +08:00] [WARN] [ddl.go:700] ["fail to notify DDL event"] [category=ddl] [event="(Event Type: drop table, Old Table ID: 266, Old Table Name: ai_stmt_probe)"]
[2026/07/17 08:19:47.258 +08:00] [INFO] [loader.go:216] ["diff load InfoSchema success"] [mode=auto] [isV2=true] [currVer=268] [neededVer=269] [gotVer=269] ["elapsed time"=196.875µs] [phyTblIDs="[266]"] [actionTypes="[4]"] [diffTypes="[\"drop table\"]"]
[2026/07/17 08:19:47.259 +08:00] [INFO] [syncer.go:281] ["mdl gets lock, update self version to owner"] [jobID=269] [version=269]
[2026/07/17 08:19:47.263 +08:00] [INFO] [schema_version.go:397] ["wait schema version synced success"] [category=ddl] [ver=269] [checkAssumedSvr=false] ["take time"=5.585333ms] [job="ID:269, Type:drop table, State:done, SchemaState:none, SchemaID:114, TableID:266, RowCount:0, ArgLen:1, start time: 2026-07-17 08:19:47.178 +0800 CST, Err:<nil>, ErrCount:0, SnapshotVersion:0, Version: v2"] [summary="server count: 1"]
[2026/07/17 08:19:47.265 +08:00] [INFO] [delete_range.go:470] ["insert into delete-range table"] [category=ddl] [jobID=269] [tableIDs="[266]"] [comment="drop table: table ID"]
[2026/07/17 08:19:47.266 +08:00] [INFO] [delete_range.go:112] ["add job into delete-range table"] [category=ddl] [jobID=269] [jobType="drop table"]
[2026/07/17 08:19:47.266 +08:00] [INFO] [job_worker.go:447] ["finish DDL job"] [category=ddl] [jobID=269] [conn=2] [job="ID:269, Type:drop table, State:synced, SchemaState:none, SchemaID:114, TableID:266, RowCount:0, ArgLen:1, start time: 2026-07-17 08:19:47.178 +0800 CST, Err:<nil>, ErrCount:0, SnapshotVersion:0, Version: v2"]
[2026/07/17 08:19:47.268 +08:00] [INFO] [executor.go:7423] ["DDL job is finished"] [category=ddl] [jobID=269]
[2026/07/17 08:19:47.268 +08:00] [INFO] [session.go:5195] ["CRUCIAL OPERATION"] [conn=2] [schemaVersion=269] [cur_db=test] [sql="drop table if exists ai_stmt_control, ai_stmt_probe"] [user=]
[2026/07/17 08:19:47.272 +08:00] [INFO] [job_submitter.go:118] ["add DDL jobs"] [category=ddl] ["batch count"=1] [jobs="ID:271, Type:create table, State:queueing, SchemaState:none, SchemaID:114, TableID:270, RowCount:0, ArgLen:1, start time: 2026-07-17 08:19:47.228 +0800 CST, Err:<nil>, ErrCount:0, SnapshotVersion:0, Version: v2; "] [fast_create=true]
[2026/07/17 08:19:47.272 +08:00] [INFO] [executor.go:7285] ["DDL job submitted"] [category=ddl] [job="ID:271, Type:create table, State:queueing, SchemaState:none, SchemaID:114, TableID:270, RowCount:0, ArgLen:1, start time: 2026-07-17 08:19:47.228 +0800 CST, Err:<nil>, ErrCount:0, SnapshotVersion:0, Version: v2"] [query="create table ai_stmt_control (\n\t\t\tid int primary key clustered,\n\t\t\tu1 int not null,\n\t\t\tu2 int not null,\n\t\t\tbase int not null,\n\t\t\tg int as (base + 1) stored,\n\t\t\tunique key u1_idx(u1),\n\t\t\tunique key u2_idx(u2),\n\t\t\tkey base_idx(base),\n\t\t\tkey g_idx(g),\n\t\t\tconstraint base_positive check (base > 0)\n\t\t)"]
[2026/07/17 08:19:47.273 +08:00] [INFO] [lock_resolver.go:1631] ["txn lock cleanup resolve-lock rpc finished"] [action=commit] [txnStartTS=467729799506296869] [commitTS=467729799506296871] [regionID=8] [resolveLite=true] [resolvedByCheckTxnStatus=false]
[2026/07/17 08:19:47.274 +08:00] [INFO] [job_worker.go:854] ["run one job step"] [category=ddl] [jobID=271] [conn=2] [job="ID:271, Type:create table, State:queueing, SchemaState:none, SchemaID:114, TableID:270, RowCount:0, ArgLen:0, start time: 2026-07-17 08:19:47.228 +0800 CST, Err:<nil>, ErrCount:0, SnapshotVersion:0, Version: v2"]
[2026/07/17 08:19:47.275 +08:00] [WARN] [ddl.go:700] ["fail to notify DDL event"] [category=ddl] [event="(Event Type: create table, Table ID: 270, Table Name: ai_stmt_control)"]
[2026/07/17 08:19:47.282 +08:00] [INFO] [loader.go:216] ["diff load InfoSchema success"] [mode=auto] [isV2=true] [currVer=269] [neededVer=270] [gotVer=270] ["elapsed time"=273.5µs] [phyTblIDs="[270]"] [actionTypes="[3]"] [diffTypes="[\"create table\"]"]
[2026/07/17 08:19:47.282 +08:00] [INFO] [syncer.go:281] ["mdl gets lock, update self version to owner"] [jobID=271] [version=270]
[2026/07/17 08:19:47.287 +08:00] [INFO] [schema_version.go:397] ["wait schema version synced success"] [category=ddl] [ver=270] [checkAssumedSvr=false] ["take time"=6.006583ms] [job="ID:271, Type:create table, State:done, SchemaState:public, SchemaID:114, TableID:270, RowCount:0, ArgLen:1, start time: 2026-07-17 08:19:47.228 +0800 CST, Err:<nil>, ErrCount:0, SnapshotVersion:0, Version: v2"] [summary="server count: 1"]
[2026/07/17 08:19:47.288 +08:00] [INFO] [job_worker.go:447] ["finish DDL job"] [category=ddl] [jobID=271] [conn=2] [job="ID:271, Type:create table, State:synced, SchemaState:public, SchemaID:114, TableID:270, RowCount:0, ArgLen:0, start time: 2026-07-17 08:19:47.228 +0800 CST, Err:<nil>, ErrCount:0, SnapshotVersion:0, Version: v2"]
[2026/07/17 08:19:47.290 +08:00] [INFO] [executor.go:7423] ["DDL job is finished"] [category=ddl] [jobID=271]
[2026/07/17 08:19:47.290 +08:00] [INFO] [session.go:5195] ["CRUCIAL OPERATION"] [conn=2] [schemaVersion=270] [cur_db=test] [sql="create table ai_stmt_control (\n\t\t\tid int primary key clustered,\n\t\t\tu1 int not null,\n\t\t\tu2 int not null,\n\t\t\tbase int not null,\n\t\t\tg int as (base + 1) stored,\n\t\t\tunique key u1_idx(u1),\n\t\t\tunique key u2_idx(u2),\n\t\t\tkey base_idx(base),\n\t\t\tkey g_idx(g),\n\t\t\tconstraint base_positive check (base > 0)\n\t\t)"] [user=]
[2026/07/17 08:19:47.294 +08:00] [WARN] [prewrite.go:619] ["1pc failed and fallbacks to normal commit procedure"] [startTS=467729799519404043]
[2026/07/17 08:19:47.296 +08:00] [INFO] [job_submitter.go:118] ["add DDL jobs"] [category=ddl] ["batch count"=1] [jobs="ID:273, Type:create table, State:queueing, SchemaState:none, SchemaID:114, TableID:272, RowCount:0, ArgLen:1, start time: 2026-07-17 08:19:47.278 +0800 CST, Err:<nil>, ErrCount:0, SnapshotVersion:0, Version: v2; "] [fast_create=true]
[2026/07/17 08:19:47.296 +08:00] [INFO] [executor.go:7285] ["DDL job submitted"] [category=ddl] [job="ID:273, Type:create table, State:queueing, SchemaState:none, SchemaID:114, TableID:272, RowCount:0, ArgLen:1, start time: 2026-07-17 08:19:47.278 +0800 CST, Err:<nil>, ErrCount:0, SnapshotVersion:0, Version: v2"] [query="create table ai_stmt_probe (\n\t\t\tid int primary key clustered,\n\t\t\tu1 int not null,\n\t\t\tu2 int not null,\n\t\t\tbase int not null,\n\t\t\tg int as (base + 1) stored,\n\t\t\tunique key u1_idx(u1),\n\t\t\tunique key u2_idx(u2),\n\t\t\tkey base_idx(base),\n\t\t\tkey g_idx(g),\n\t\t\tconstraint base_positive check (base > 0)\n\t\t)"]
[2026/07/17 08:19:47.297 +08:00] [INFO] [job_worker.go:854] ["run one job step"] [category=ddl] [jobID=273] [conn=2] [job="ID:273, Type:create table, State:queueing, SchemaState:none, SchemaID:114, TableID:272, RowCount:0, ArgLen:0, start time: 2026-07-17 08:19:47.278 +0800 CST, Err:<nil>, ErrCount:0, SnapshotVersion:0, Version: v2"]
[2026/07/17 08:19:47.298 +08:00] [WARN] [ddl.go:700] ["fail to notify DDL event"] [category=ddl] [event="(Event Type: create table, Table ID: 272, Table Name: ai_stmt_probe)"]
[2026/07/17 08:19:47.305 +08:00] [INFO] [loader.go:216] ["diff load InfoSchema success"] [mode=auto] [isV2=true] [currVer=270] [neededVer=271] [gotVer=271] ["elapsed time"=291.333µs] [phyTblIDs="[272]"] [actionTypes="[3]"] [diffTypes="[\"create table\"]"]
[2026/07/17 08:19:47.305 +08:00] [INFO] [syncer.go:281] ["mdl gets lock, update self version to owner"] [jobID=273] [version=271]
[2026/07/17 08:19:47.310 +08:00] [INFO] [schema_version.go:397] ["wait schema version synced success"] [category=ddl] [ver=271] [checkAssumedSvr=false] ["take time"=6.091709ms] [job="ID:273, Type:create table, State:done, SchemaState:public, SchemaID:114, TableID:272, RowCount:0, ArgLen:1, start time: 2026-07-17 08:19:47.278 +0800 CST, Err:<nil>, ErrCount:0, SnapshotVersion:0, Version: v2"] [summary="server count: 1"]
[2026/07/17 08:19:47.311 +08:00] [INFO] [lock_resolver.go:1557] ["txn lock cleanup resolve-lock skipped rpc (resolved by check txn status)"] [action=commit] [txnStartTS=467729799519404061] [commitTS=467729799519404064] [resolveLite=true] [resolvedByCheckTxnStatus=true]
[2026/07/17 08:19:47.312 +08:00] [INFO] [job_worker.go:447] ["finish DDL job"] [category=ddl] [jobID=273] [conn=2] [job="ID:273, Type:create table, State:synced, SchemaState:public, SchemaID:114, TableID:272, RowCount:0, ArgLen:0, start time: 2026-07-17 08:19:47.278 +0800 CST, Err:<nil>, ErrCount:0, SnapshotVersion:0, Version: v2"]
[2026/07/17 08:19:47.314 +08:00] [INFO] [executor.go:7423] ["DDL job is finished"] [category=ddl] [jobID=273]
[2026/07/17 08:19:47.314 +08:00] [INFO] [session.go:5195] ["CRUCIAL OPERATION"] [conn=2] [schemaVersion=271] [cur_db=test] [sql="create table ai_stmt_probe (\n\t\t\tid int primary key clustered,\n\t\t\tu1 int not null,\n\t\t\tu2 int not null,\n\t\t\tbase int not null,\n\t\t\tg int as (base + 1) stored,\n\t\t\tunique key u1_idx(u1),\n\t\t\tunique key u2_idx(u2),\n\t\t\tkey base_idx(base),\n\t\t\tkey g_idx(g),\n\t\t\tconstraint base_positive check (base > 0)\n\t\t)"] [user=]
[2026/07/17 08:19:47.314 +08:00] [WARN] [prewrite.go:619] ["1pc failed and fallbacks to normal commit procedure"] [startTS=467729799519404071]
[2026/07/17 08:19:47.319 +08:00] [WARN] [prewrite.go:619] ["1pc failed and fallbacks to normal commit procedure"] [startTS=467729799519404074]
[2026/07/17 08:19:47.320 +08:00] [WARN] [session.go:2726] ["run statement failed"] [schemaVersion=271] [error="[table:1048]Column 'base' cannot be null"] [errorVerbose="[table:1048]Column 'base' cannot be null\ngithub.com/pingcap/errors.(*Error).GenWithStackByArgs\n\t/Users/bba/.gvm/pkgsets/go1.25.1/global/pkg/mod/github.com/pingcap/errors@v0.11.5-0.20260508054701-306e305bcf41/normalize.go:225\ngithub.com/pingcap/tidb/pkg/table.(*Column).CheckNotNull\n\t/Users/bba/pc/tidb-ai-master/pkg/table/column.go:514\ngithub.com/pingcap/tidb/pkg/table.(*Column).HandleBadNull\n\t/Users/bba/pc/tidb-ai-master/pkg/table/column.go:528\ngithub.com/pingcap/tidb/pkg/executor.(*InsertValues).fillRow\n\t/Users/bba/pc/tidb-ai-master/pkg/executor/insert_common.go:732\ngithub.com/pingcap/tidb/pkg/executor.(*InsertValues).fastEvalRow\n\t/Users/bba/pc/tidb-ai-master/pkg/executor/insert_common.go:458\ngithub.com/pingcap/tidb/pkg/executor.insertRows\n\t/Users/bba/pc/tidb-ai-master/pkg/executor/insert_common.go:249\ngithub.com/pingcap/tidb/pkg/executor.(*InsertExec).Next\n\t/Users/bba/pc/tidb-ai-master/pkg/executor/insert.go:370\ngithub.com/pingcap/tidb/pkg/executor/internal/exec.Next\n\t/Users/bba/pc/tidb-ai-master/pkg/executor/internal/exec/executor.go:694\ngithub.com/pingcap/tidb/pkg/executor.(*ExecStmt).next\n\t/Users/bba/pc/tidb-ai-master/pkg/executor/adapter.go:1532\ngithub.com/pingcap/tidb/pkg/executor.(*ExecStmt).handleNoDelayExecutor\n\t/Users/bba/pc/tidb-ai-master/pkg/executor/adapter.go:1155\ngithub.com/pingcap/tidb/pkg/executor.(*ExecStmt).handlePessimisticDML\n\t/Users/bba/pc/tidb-ai-master/pkg/executor/adapter.go:1252\ngithub.com/pingcap/tidb/pkg/executor.(*ExecStmt).handleNoDelay\n\t/Users/bba/pc/tidb-ai-master/pkg/executor/adapter.go:985\ngithub.com/pingcap/tidb/pkg/executor.(*ExecStmt).Exec\n\t/Users/bba/pc/tidb-ai-master/pkg/executor/adapter.go:742\ngithub.com/pingcap/tidb/pkg/session.runStmt\n\t/Users/bba/pc/tidb-ai-master/pkg/session/session.go:3003\ngithub.com/pingcap/tidb/pkg/session.(*session).executeStmtImpl\n\t/Users/bba/pc/tidb-ai-master/pkg/session/session.go:2714\ngithub.com/pingcap/tidb/pkg/session.(*session).ExecuteStmt\n\t/Users/bba/pc/tidb-ai-master/pkg/session/session.go:2420\ngithub.com/pingcap/tidb/pkg/testkit.(*TestKit).ExecWithContext\n\t/Users/bba/pc/tidb-ai-master/pkg/testkit/testkit.go:423\ngithub.com/pingcap/tidb/pkg/testkit.(*TestKit).Exec\n\t/Users/bba/pc/tidb-ai-master/pkg/testkit/testkit.go:386\ngithub.com/pingcap/tidb/pkg/testkit.(*TestKit).ExecToErr\n\t/Users/bba/pc/tidb-ai-master/pkg/testkit/testkit.go:473\ngithub.com/pingcap/tidb/tests/realtikvtest/txntest.TestAINativeFailedStatementCannotPoisonPriorMutation.func1\n\t/Users/bba/pc/tidb-ai-master/tests/realtikvtest/txntest/ai_native_unique_owner_fuzz_test.go:925\ntesting.tRunner\n\t/Users/bba/.gvm/pkgsets/go1.25.1/global/pkg/mod/golang.org/toolchain@v0.0.1-go1.25.10.darwin-arm64/src/testing/testing.go:1934\nruntime.goexit\n\t/Users/bba/.gvm/pkgsets/go1.25.1/global/pkg/mod/golang.org/toolchain@v0.0.1-go1.25.10.darwin-arm64/src/runtime/asm_arm64.s:1268"] [session="{\n  \"currDBName\": \"test\",\n  \"id\": 2,\n  \"status\": 3,\n  \"strictMode\": true,\n  \"txn\": \"467729799519404077\",\n  \"user\": null\n}"]
[2026/07/17 08:19:47.320 +08:00] [WARN] [prewrite.go:619] ["1pc failed and fallbacks to normal commit procedure"] [startTS=467729799519404077]
=== RUN   TestAINativeFailedStatementCannotPoisonPriorMutation/pessimistic/update_then_failed_multirow_update_after_index_rewrite
[2026/07/17 08:19:47.332 +08:00] [INFO] [job_submitter.go:118] ["add DDL jobs"] [category=ddl] ["batch count"=1] [jobs="ID:274, Type:drop table, State:queueing, SchemaState:public, SchemaID:114, TableID:270, RowCount:0, ArgLen:1, start time: 2026-07-17 08:19:47.328 +0800 CST, Err:<nil>, ErrCount:0, SnapshotVersion:0, Version: v2; "] [fast_create=true]
[2026/07/17 08:19:47.332 +08:00] [INFO] [executor.go:7285] ["DDL job submitted"] [category=ddl] [job="ID:274, Type:drop table, State:queueing, SchemaState:public, SchemaID:114, TableID:270, RowCount:0, ArgLen:1, start time: 2026-07-17 08:19:47.328 +0800 CST, Err:<nil>, ErrCount:0, SnapshotVersion:0, Version: v2"] [query="drop table if exists ai_stmt_control, ai_stmt_probe"]
[2026/07/17 08:19:47.333 +08:00] [INFO] [job_worker.go:854] ["run one job step"] [category=ddl] [jobID=274] [conn=2] [job="ID:274, Type:drop table, State:queueing, SchemaState:public, SchemaID:114, TableID:270, RowCount:0, ArgLen:0, start time: 2026-07-17 08:19:47.328 +0800 CST, Err:<nil>, ErrCount:0, SnapshotVersion:0, Version: v2"]
[2026/07/17 08:19:47.340 +08:00] [INFO] [loader.go:216] ["diff load InfoSchema success"] [mode=auto] [isV2=true] [currVer=271] [neededVer=272] [gotVer=272] ["elapsed time"=389.958µs] [phyTblIDs="[270]"] [actionTypes="[4]"] [diffTypes="[\"drop table\"]"]
[2026/07/17 08:19:47.340 +08:00] [INFO] [syncer.go:281] ["mdl gets lock, update self version to owner"] [jobID=274] [version=272]
[2026/07/17 08:19:47.345 +08:00] [INFO] [schema_version.go:397] ["wait schema version synced success"] [category=ddl] [ver=272] [checkAssumedSvr=false] ["take time"=5.824375ms] [job="ID:274, Type:drop table, State:running, SchemaState:write only, SchemaID:114, TableID:270, RowCount:0, ArgLen:1, start time: 2026-07-17 08:19:47.328 +0800 CST, Err:<nil>, ErrCount:0, SnapshotVersion:0, Version: v2"] [summary="server count: 1"]
[2026/07/17 08:19:47.346 +08:00] [INFO] [job_worker.go:854] ["run one job step"] [category=ddl] [jobID=274] [conn=2] [job="ID:274, Type:drop table, State:running, SchemaState:write only, SchemaID:114, TableID:270, RowCount:0, ArgLen:0, start time: 2026-07-17 08:19:47.328 +0800 CST, Err:<nil>, ErrCount:0, SnapshotVersion:0, Version: v2"]
[2026/07/17 08:19:47.354 +08:00] [INFO] [loader.go:216] ["diff load InfoSchema success"] [mode=auto] [isV2=true] [currVer=272] [neededVer=273] [gotVer=273] ["elapsed time"=345.458µs] [phyTblIDs="[270]"] [actionTypes="[4]"] [diffTypes="[\"drop table\"]"]
[2026/07/17 08:19:47.354 +08:00] [INFO] [syncer.go:281] ["mdl gets lock, update self version to owner"] [jobID=274] [version=273]
[2026/07/17 08:19:47.359 +08:00] [INFO] [schema_version.go:397] ["wait schema version synced success"] [category=ddl] [ver=273] [checkAssumedSvr=false] ["take time"=5.754833ms] [job="ID:274, Type:drop table, State:running, SchemaState:delete only, SchemaID:114, TableID:270, RowCount:0, ArgLen:1, start time: 2026-07-17 08:19:47.328 +0800 CST, Err:<nil>, ErrCount:0, SnapshotVersion:0, Version: v2"] [summary="server count: 1"]
[2026/07/17 08:19:47.360 +08:00] [INFO] [job_worker.go:854] ["run one job step"] [category=ddl] [jobID=274] [conn=2] [job="ID:274, Type:drop table, State:running, SchemaState:delete only, SchemaID:114, TableID:270, RowCount:0, ArgLen:0, start time: 2026-07-17 08:19:47.328 +0800 CST, Err:<nil>, ErrCount:0, SnapshotVersion:0, Version: v2"]
[2026/07/17 08:19:47.361 +08:00] [WARN] [ddl.go:700] ["fail to notify DDL event"] [category=ddl] [event="(Event Type: drop table, Old Table ID: 270, Old Table Name: ai_stmt_control)"]
[2026/07/17 08:19:47.367 +08:00] [INFO] [loader.go:216] ["diff load InfoSchema success"] [mode=auto] [isV2=true] [currVer=273] [neededVer=274] [gotVer=274] ["elapsed time"=186.958µs] [phyTblIDs="[270]"] [actionTypes="[4]"] [diffTypes="[\"drop table\"]"]
[2026/07/17 08:19:47.368 +08:00] [INFO] [syncer.go:281] ["mdl gets lock, update self version to owner"] [jobID=274] [version=274]
[2026/07/17 08:19:47.373 +08:00] [INFO] [schema_version.go:397] ["wait schema version synced success"] [category=ddl] [ver=274] [checkAssumedSvr=false] ["take time"=5.827417ms] [job="ID:274, Type:drop table, State:done, SchemaState:none, SchemaID:114, TableID:270, RowCount:0, ArgLen:1, start time: 2026-07-17 08:19:47.328 +0800 CST, Err:<nil>, ErrCount:0, SnapshotVersion:0, Version: v2"] [summary="server count: 1"]
[2026/07/17 08:19:47.374 +08:00] [INFO] [delete_range.go:470] ["insert into delete-range table"] [category=ddl] [jobID=274] [tableIDs="[270]"] [comment="drop table: table ID"]
[2026/07/17 08:19:47.375 +08:00] [INFO] [delete_range.go:112] ["add job into delete-range table"] [category=ddl] [jobID=274] [jobType="drop table"]
[2026/07/17 08:19:47.375 +08:00] [INFO] [job_worker.go:447] ["finish DDL job"] [category=ddl] [jobID=274] [conn=2] [job="ID:274, Type:drop table, State:synced, SchemaState:none, SchemaID:114, TableID:270, RowCount:0, ArgLen:1, start time: 2026-07-17 08:19:47.328 +0800 CST, Err:<nil>, ErrCount:0, SnapshotVersion:0, Version: v2"]
[2026/07/17 08:19:47.377 +08:00] [INFO] [executor.go:7423] ["DDL job is finished"] [category=ddl] [jobID=274]
[2026/07/17 08:19:47.381 +08:00] [INFO] [job_submitter.go:118] ["add DDL jobs"] [category=ddl] ["batch count"=1] [jobs="ID:275, Type:drop table, State:queueing, SchemaState:public, SchemaID:114, TableID:272, RowCount:0, ArgLen:1, start time: 2026-07-17 08:19:47.378 +0800 CST, Err:<nil>, ErrCount:0, SnapshotVersion:0, Version: v2; "] [fast_create=true]
[2026/07/17 08:19:47.381 +08:00] [INFO] [executor.go:7285] ["DDL job submitted"] [category=ddl] [job="ID:275, Type:drop table, State:queueing, SchemaState:public, SchemaID:114, TableID:272, RowCount:0, ArgLen:1, start time: 2026-07-17 08:19:47.378 +0800 CST, Err:<nil>, ErrCount:0, SnapshotVersion:0, Version: v2"] [query="drop table if exists ai_stmt_control, ai_stmt_probe"]
[2026/07/17 08:19:47.382 +08:00] [INFO] [lock_resolver.go:1631] ["txn lock cleanup resolve-lock rpc finished"] [action=commit] [txnStartTS=467729799545618434] [commitTS=467729799545618436] [regionID=8] [resolveLite=true] [resolvedByCheckTxnStatus=false]
[2026/07/17 08:19:47.383 +08:00] [INFO] [job_worker.go:854] ["run one job step"] [category=ddl] [jobID=275] [conn=2] [job="ID:275, Type:drop table, State:queueing, SchemaState:public, SchemaID:114, TableID:272, RowCount:0, ArgLen:0, start time: 2026-07-17 08:19:47.378 +0800 CST, Err:<nil>, ErrCount:0, SnapshotVersion:0, Version: v2"]
[2026/07/17 08:19:47.389 +08:00] [INFO] [loader.go:216] ["diff load InfoSchema success"] [mode=auto] [isV2=true] [currVer=274] [neededVer=275] [gotVer=275] ["elapsed time"=323.917µs] [phyTblIDs="[272]"] [actionTypes="[4]"] [diffTypes="[\"drop table\"]"]
[2026/07/17 08:19:47.390 +08:00] [INFO] [syncer.go:281] ["mdl gets lock, update self version to owner"] [jobID=275] [version=275]
[2026/07/17 08:19:47.395 +08:00] [INFO] [schema_version.go:397] ["wait schema version synced success"] [category=ddl] [ver=275] [checkAssumedSvr=false] ["take time"=6.185875ms] [job="ID:275, Type:drop table, State:running, SchemaState:write only, SchemaID:114, TableID:272, RowCount:0, ArgLen:1, start time: 2026-07-17 08:19:47.378 +0800 CST, Err:<nil>, ErrCount:0, SnapshotVersion:0, Version: v2"] [summary="server count: 1"]
[2026/07/17 08:19:47.396 +08:00] [INFO] [job_worker.go:854] ["run one job step"] [category=ddl] [jobID=275] [conn=2] [job="ID:275, Type:drop table, State:running, SchemaState:write only, SchemaID:114, TableID:272, RowCount:0, ArgLen:0, start time: 2026-07-17 08:19:47.378 +0800 CST, Err:<nil>, ErrCount:0, SnapshotVersion:0, Version: v2"]
[2026/07/17 08:19:47.402 +08:00] [INFO] [loader.go:216] ["diff load InfoSchema success"] [mode=auto] [isV2=true] [currVer=275] [neededVer=276] [gotVer=276] ["elapsed time"=309.875µs] [phyTblIDs="[272]"] [actionTypes="[4]"] [diffTypes="[\"drop table\"]"]
[2026/07/17 08:19:47.403 +08:00] [INFO] [syncer.go:281] ["mdl gets lock, update self version to owner"] [jobID=275] [version=276]
[2026/07/17 08:19:47.407 +08:00] [INFO] [schema_version.go:397] ["wait schema version synced success"] [category=ddl] [ver=276] [checkAssumedSvr=false] ["take time"=5.15775ms] [job="ID:275, Type:drop table, State:running, SchemaState:delete only, SchemaID:114, TableID:272, RowCount:0, ArgLen:1, start time: 2026-07-17 08:19:47.378 +0800 CST, Err:<nil>, ErrCount:0, SnapshotVersion:0, Version: v2"] [summary="server count: 1"]
[2026/07/17 08:19:47.408 +08:00] [INFO] [job_worker.go:854] ["run one job step"] [category=ddl] [jobID=275] [conn=2] [job="ID:275, Type:drop table, State:running, SchemaState:delete only, SchemaID:114, TableID:272, RowCount:0, ArgLen:0, start time: 2026-07-17 08:19:47.378 +0800 CST, Err:<nil>, ErrCount:0, SnapshotVersion:0, Version: v2"]
[2026/07/17 08:19:47.409 +08:00] [WARN] [ddl.go:700] ["fail to notify DDL event"] [category=ddl] [event="(Event Type: drop table, Old Table ID: 272, Old Table Name: ai_stmt_probe)"]
[2026/07/17 08:19:47.415 +08:00] [INFO] [loader.go:216] ["diff load InfoSchema success"] [mode=auto] [isV2=true] [currVer=276] [neededVer=277] [gotVer=277] ["elapsed time"=200.25µs] [phyTblIDs="[272]"] [actionTypes="[4]"] [diffTypes="[\"drop table\"]"]
[2026/07/17 08:19:47.416 +08:00] [INFO] [syncer.go:281] ["mdl gets lock, update self version to owner"] [jobID=275] [version=277]
[2026/07/17 08:19:47.421 +08:00] [INFO] [schema_version.go:397] ["wait schema version synced success"] [category=ddl] [ver=277] [checkAssumedSvr=false] ["take time"=6.168375ms] [job="ID:275, Type:drop table, State:done, SchemaState:none, SchemaID:114, TableID:272, RowCount:0, ArgLen:1, start time: 2026-07-17 08:19:47.378 +0800 CST, Err:<nil>, ErrCount:0, SnapshotVersion:0, Version: v2"] [summary="server count: 1"]
[2026/07/17 08:19:47.422 +08:00] [INFO] [delete_range.go:470] ["insert into delete-range table"] [category=ddl] [jobID=275] [tableIDs="[272]"] [comment="drop table: table ID"]
[2026/07/17 08:19:47.423 +08:00] [INFO] [delete_range.go:112] ["add job into delete-range table"] [category=ddl] [jobID=275] [jobType="drop table"]
[2026/07/17 08:19:47.424 +08:00] [INFO] [job_worker.go:447] ["finish DDL job"] [category=ddl] [jobID=275] [conn=2] [job="ID:275, Type:drop table, State:synced, SchemaState:none, SchemaID:114, TableID:272, RowCount:0, ArgLen:1, start time: 2026-07-17 08:19:47.378 +0800 CST, Err:<nil>, ErrCount:0, SnapshotVersion:0, Version: v2"]
[2026/07/17 08:19:47.426 +08:00] [INFO] [executor.go:7423] ["DDL job is finished"] [category=ddl] [jobID=275]
[2026/07/17 08:19:47.426 +08:00] [INFO] [session.go:5195] ["CRUCIAL OPERATION"] [conn=2] [schemaVersion=277] [cur_db=test] [sql="drop table if exists ai_stmt_control, ai_stmt_probe"] [user=]
[2026/07/17 08:19:47.430 +08:00] [INFO] [job_submitter.go:118] ["add DDL jobs"] [category=ddl] ["batch count"=1] [jobs="ID:277, Type:create table, State:queueing, SchemaState:none, SchemaID:114, TableID:276, RowCount:0, ArgLen:1, start time: 2026-07-17 08:19:47.378 +0800 CST, Err:<nil>, ErrCount:0, SnapshotVersion:0, Version: v2; "] [fast_create=true]
[2026/07/17 08:19:47.430 +08:00] [INFO] [executor.go:7285] ["DDL job submitted"] [category=ddl] [job="ID:277, Type:create table, State:queueing, SchemaState:none, SchemaID:114, TableID:276, RowCount:0, ArgLen:1, start time: 2026-07-17 08:19:47.378 +0800 CST, Err:<nil>, ErrCount:0, SnapshotVersion:0, Version: v2"] [query="create table ai_stmt_control (\n\t\t\tid int primary key clustered,\n\t\t\tu1 int not null,\n\t\t\tu2 int not null,\n\t\t\tbase int not null,\n\t\t\tg int as (base + 1) stored,\n\t\t\tunique key u1_idx(u1),\n\t\t\tunique key u2_idx(u2),\n\t\t\tkey base_idx(base),\n\t\t\tkey g_idx(g),\n\t\t\tconstraint base_positive check (base > 0)\n\t\t)"]
[2026/07/17 08:19:47.431 +08:00] [INFO] [lock_resolver.go:1631] ["txn lock cleanup resolve-lock rpc finished"] [action=commit] [txnStartTS=467729799545618480] [commitTS=467729799558725634] [regionID=8] [resolveLite=true] [resolvedByCheckTxnStatus=false]
[2026/07/17 08:19:47.432 +08:00] [INFO] [job_worker.go:854] ["run one job step"] [category=ddl] [jobID=277] [conn=2] [job="ID:277, Type:create table, State:queueing, SchemaState:none, SchemaID:114, TableID:276, RowCount:0, ArgLen:0, start time: 2026-07-17 08:19:47.378 +0800 CST, Err:<nil>, ErrCount:0, SnapshotVersion:0, Version: v2"]
[2026/07/17 08:19:47.440 +08:00] [WARN] [ddl.go:700] ["fail to notify DDL event"] [category=ddl] [event="(Event Type: create table, Table ID: 276, Table Name: ai_stmt_control)"]
[2026/07/17 08:19:47.446 +08:00] [INFO] [loader.go:216] ["diff load InfoSchema success"] [mode=auto] [isV2=true] [currVer=277] [neededVer=278] [gotVer=278] ["elapsed time"=281.625µs] [phyTblIDs="[276]"] [actionTypes="[3]"] [diffTypes="[\"create table\"]"]
[2026/07/17 08:19:47.446 +08:00] [INFO] [syncer.go:281] ["mdl gets lock, update self version to owner"] [jobID=277] [version=278]
[2026/07/17 08:19:47.451 +08:00] [INFO] [schema_version.go:397] ["wait schema version synced success"] [category=ddl] [ver=278] [checkAssumedSvr=false] ["take time"=5.819625ms] [job="ID:277, Type:create table, State:done, SchemaState:public, SchemaID:114, TableID:276, RowCount:0, ArgLen:1, start time: 2026-07-17 08:19:47.378 +0800 CST, Err:<nil>, ErrCount:0, SnapshotVersion:0, Version: v2"] [summary="server count: 1"]
[2026/07/17 08:19:47.452 +08:00] [INFO] [job_worker.go:447] ["finish DDL job"] [category=ddl] [jobID=277] [conn=2] [job="ID:277, Type:create table, State:synced, SchemaState:public, SchemaID:114, TableID:276, RowCount:0, ArgLen:0, start time: 2026-07-17 08:19:47.378 +0800 CST, Err:<nil>, ErrCount:0, SnapshotVersion:0, Version: v2"]
[2026/07/17 08:19:47.454 +08:00] [INFO] [executor.go:7423] ["DDL job is finished"] [category=ddl] [jobID=277]
[2026/07/17 08:19:47.454 +08:00] [INFO] [session.go:5195] ["CRUCIAL OPERATION"] [conn=2] [schemaVersion=278] [cur_db=test] [sql="create table ai_stmt_control (\n\t\t\tid int primary key clustered,\n\t\t\tu1 int not null,\n\t\t\tu2 int not null,\n\t\t\tbase int not null,\n\t\t\tg int as (base + 1) stored,\n\t\t\tunique key u1_idx(u1),\n\t\t\tunique key u2_idx(u2),\n\t\t\tkey base_idx(base),\n\t\t\tkey g_idx(g),\n\t\t\tconstraint base_positive check (base > 0)\n\t\t)"] [user=]
[2026/07/17 08:19:47.454 +08:00] [WARN] [prewrite.go:619] ["1pc failed and fallbacks to normal commit procedure"] [startTS=467729799558725651]
[2026/07/17 08:19:47.460 +08:00] [INFO] [job_submitter.go:118] ["add DDL jobs"] [category=ddl] ["batch count"=1] [jobs="ID:279, Type:create table, State:queueing, SchemaState:none, SchemaID:114, TableID:278, RowCount:0, ArgLen:1, start time: 2026-07-17 08:19:47.428 +0800 CST, Err:<nil>, ErrCount:0, SnapshotVersion:0, Version: v2; "] [fast_create=true]
[2026/07/17 08:19:47.460 +08:00] [INFO] [executor.go:7285] ["DDL job submitted"] [category=ddl] [job="ID:279, Type:create table, State:queueing, SchemaState:none, SchemaID:114, TableID:278, RowCount:0, ArgLen:1, start time: 2026-07-17 08:19:47.428 +0800 CST, Err:<nil>, ErrCount:0, SnapshotVersion:0, Version: v2"] [query="create table ai_stmt_probe (\n\t\t\tid int primary key clustered,\n\t\t\tu1 int not null,\n\t\t\tu2 int not null,\n\t\t\tbase int not null,\n\t\t\tg int as (base + 1) stored,\n\t\t\tunique key u1_idx(u1),\n\t\t\tunique key u2_idx(u2),\n\t\t\tkey base_idx(base),\n\t\t\tkey g_idx(g),\n\t\t\tconstraint base_positive check (base > 0)\n\t\t)"]
[2026/07/17 08:19:47.461 +08:00] [INFO] [job_worker.go:854] ["run one job step"] [category=ddl] [jobID=279] [conn=2] [job="ID:279, Type:create table, State:queueing, SchemaState:none, SchemaID:114, TableID:278, RowCount:0, ArgLen:0, start time: 2026-07-17 08:19:47.428 +0800 CST, Err:<nil>, ErrCount:0, SnapshotVersion:0, Version: v2"]
[2026/07/17 08:19:47.462 +08:00] [WARN] [ddl.go:700] ["fail to notify DDL event"] [category=ddl] [event="(Event Type: create table, Table ID: 278, Table Name: ai_stmt_probe)"]
[2026/07/17 08:19:47.467 +08:00] [INFO] [loader.go:216] ["diff load InfoSchema success"] [mode=auto] [isV2=true] [currVer=278] [neededVer=279] [gotVer=279] ["elapsed time"=271.667µs] [phyTblIDs="[278]"] [actionTypes="[3]"] [diffTypes="[\"create table\"]"]
[2026/07/17 08:19:47.468 +08:00] [INFO] [syncer.go:281] ["mdl gets lock, update self version to owner"] [jobID=279] [version=279]
[2026/07/17 08:19:47.472 +08:00] [INFO] [schema_version.go:397] ["wait schema version synced success"] [category=ddl] [ver=279] [checkAssumedSvr=false] ["take time"=5.295583ms] [job="ID:279, Type:create table, State:done, SchemaState:public, SchemaID:114, TableID:278, RowCount:0, ArgLen:1, start time: 2026-07-17 08:19:47.428 +0800 CST, Err:<nil>, ErrCount:0, SnapshotVersion:0, Version: v2"] [summary="server count: 1"]
[2026/07/17 08:19:47.473 +08:00] [INFO] [job_worker.go:447] ["finish DDL job"] [category=ddl] [jobID=279] [conn=2] [job="ID:279, Type:create table, State:synced, SchemaState:public, SchemaID:114, TableID:278, RowCount:0, ArgLen:0, start time: 2026-07-17 08:19:47.428 +0800 CST, Err:<nil>, ErrCount:0, SnapshotVersion:0, Version: v2"]
[2026/07/17 08:19:47.475 +08:00] [INFO] [executor.go:7423] ["DDL job is finished"] [category=ddl] [jobID=279]
[2026/07/17 08:19:47.475 +08:00] [INFO] [session.go:5195] ["CRUCIAL OPERATION"] [conn=2] [schemaVersion=279] [cur_db=test] [sql="create table ai_stmt_probe (\n\t\t\tid int primary key clustered,\n\t\t\tu1 int not null,\n\t\t\tu2 int not null,\n\t\t\tbase int not null,\n\t\t\tg int as (base + 1) stored,\n\t\t\tunique key u1_idx(u1),\n\t\t\tunique key u2_idx(u2),\n\t\t\tkey base_idx(base),\n\t\t\tkey g_idx(g),\n\t\t\tconstraint base_positive check (base > 0)\n\t\t)"] [user=]
[2026/07/17 08:19:47.475 +08:00] [WARN] [prewrite.go:619] ["1pc failed and fallbacks to normal commit procedure"] [startTS=467729799558725676]
[2026/07/17 08:19:47.480 +08:00] [WARN] [prewrite.go:619] ["1pc failed and fallbacks to normal commit procedure"] [startTS=467729799571832834]
[2026/07/17 08:19:47.481 +08:00] [WARN] [session.go:2726] ["run statement failed"] [schemaVersion=279] [error="[table:1048]Column 'base' cannot be null"] [errorVerbose="[table:1048]Column 'base' cannot be null\ngithub.com/pingcap/errors.(*Error).GenWithStackByArgs\n\t/Users/bba/.gvm/pkgsets/go1.25.1/global/pkg/mod/github.com/pingcap/errors@v0.11.5-0.20260508054701-306e305bcf41/normalize.go:225\ngithub.com/pingcap/tidb/pkg/table.(*Column).CheckNotNull\n\t/Users/bba/pc/tidb-ai-master/pkg/table/column.go:514\ngithub.com/pingcap/tidb/pkg/table.(*Column).HandleBadNull\n\t/Users/bba/pc/tidb-ai-master/pkg/table/column.go:528\ngithub.com/pingcap/tidb/pkg/executor.updateRecord\n\t/Users/bba/pc/tidb-ai-master/pkg/executor/write.go:264\ngithub.com/pingcap/tidb/pkg/executor.(*UpdateExec).exec\n\t/Users/bba/pc/tidb-ai-master/pkg/executor/update.go:307\ngithub.com/pingcap/tidb/pkg/executor.(*UpdateExec).updateRows\n\t/Users/bba/pc/tidb-ai-master/pkg/executor/update.go:481\ngithub.com/pingcap/tidb/pkg/executor.(*UpdateExec).Next\n\t/Users/bba/pc/tidb-ai-master/pkg/executor/update.go:368\ngithub.com/pingcap/tidb/pkg/executor/internal/exec.Next\n\t/Users/bba/pc/tidb-ai-master/pkg/executor/internal/exec/executor.go:694\ngithub.com/pingcap/tidb/pkg/executor.(*ExecStmt).next\n\t/Users/bba/pc/tidb-ai-master/pkg/executor/adapter.go:1532\ngithub.com/pingcap/tidb/pkg/executor.(*ExecStmt).handleNoDelayExecutor\n\t/Users/bba/pc/tidb-ai-master/pkg/executor/adapter.go:1155\ngithub.com/pingcap/tidb/pkg/executor.(*ExecStmt).handlePessimisticDML\n\t/Users/bba/pc/tidb-ai-master/pkg/executor/adapter.go:1252\ngithub.com/pingcap/tidb/pkg/executor.(*ExecStmt).handleNoDelay\n\t/Users/bba/pc/tidb-ai-master/pkg/executor/adapter.go:985\ngithub.com/pingcap/tidb/pkg/executor.(*ExecStmt).Exec\n\t/Users/bba/pc/tidb-ai-master/pkg/executor/adapter.go:742\ngithub.com/pingcap/tidb/pkg/session.runStmt\n\t/Users/bba/pc/tidb-ai-master/pkg/session/session.go:3003\ngithub.com/pingcap/tidb/pkg/session.(*session).executeStmtImpl\n\t/Users/bba/pc/tidb-ai-master/pkg/session/session.go:2714\ngithub.com/pingcap/tidb/pkg/session.(*session).ExecuteStmt\n\t/Users/bba/pc/tidb-ai-master/pkg/session/session.go:2420\ngithub.com/pingcap/tidb/pkg/testkit.(*TestKit).ExecWithContext\n\t/Users/bba/pc/tidb-ai-master/pkg/testkit/testkit.go:423\ngithub.com/pingcap/tidb/pkg/testkit.(*TestKit).Exec\n\t/Users/bba/pc/tidb-ai-master/pkg/testkit/testkit.go:386\ngithub.com/pingcap/tidb/pkg/testkit.(*TestKit).ExecToErr\n\t/Users/bba/pc/tidb-ai-master/pkg/testkit/testkit.go:473\ngithub.com/pingcap/tidb/tests/realtikvtest/txntest.TestAINativeFailedStatementCannotPoisonPriorMutation.func1\n\t/Users/bba/pc/tidb-ai-master/tests/realtikvtest/txntest/ai_native_unique_owner_fuzz_test.go:925\ntesting.tRunner\n\t/Users/bba/.gvm/pkgsets/go1.25.1/global/pkg/mod/golang.org/toolchain@v0.0.1-go1.25.10.darwin-arm64/src/testing/testing.go:1934\nruntime.goexit\n\t/Users/bba/.gvm/pkgsets/go1.25.1/global/pkg/mod/golang.org/toolchain@v0.0.1-go1.25.10.darwin-arm64/src/runtime/asm_arm64.s:1268"] [session="{\n  \"currDBName\": \"test\",\n  \"id\": 2,\n  \"status\": 3,\n  \"strictMode\": true,\n  \"txn\": \"467729799571832837\",\n  \"user\": null\n}"]
[2026/07/17 08:19:47.481 +08:00] [WARN] [prewrite.go:619] ["1pc failed and fallbacks to normal commit procedure"] [startTS=467729799571832837]
[2026/07/17 08:19:47.489 +08:00] [INFO] [job_scheduler.go:269] ["scheduleLoop quit due to context canceled"] [category=ddl]
[2026/07/17 08:19:47.489 +08:00] [INFO] [manager.go:420] ["watch owner finished"] [key=/tidb/ddl/fg/owner] [id=c3671148-c277-47ec-9652-2a4c9823e2d8] []
[2026/07/17 08:19:47.489 +08:00] [INFO] [manager.go:333] ["retire owner"] [key=/tidb/ddl/fg/owner] [id=c3671148-c277-47ec-9652-2a4c9823e2d8]
[2026/07/17 08:19:47.489 +08:00] [INFO] [syncer.go:488] ["schema version sync loop interrupted, retrying..."] [category=ddl]
[2026/07/17 08:19:47.489 +08:00] [INFO] [ddl_workerpool.go:78] ["closing workerPool"] [category=ddl]
[2026/07/17 08:19:47.489 +08:00] [INFO] [ddl_workerpool.go:78] ["closing workerPool"] [category=ddl]
[2026/07/17 08:19:47.489 +08:00] [INFO] [job_worker.go:267] ["DDL worker closed"] [category=ddl] [worker="worker 1, tp general"] ["take time"=3.917µs]
[2026/07/17 08:19:47.489 +08:00] [INFO] [job_worker.go:267] ["DDL worker closed"] [category=ddl] [worker="worker 2, tp general"] ["take time"=2.708µs]
[2026/07/17 08:19:47.489 +08:00] [INFO] [job_worker.go:267] ["DDL worker closed"] [category=ddl] [worker="worker 3, tp general"] ["take time"=1.292µs]
[2026/07/17 08:19:47.489 +08:00] [INFO] [job_worker.go:267] ["DDL worker closed"] [category=ddl] [worker="worker 4, tp general"] ["take time"=1.541µs]
[2026/07/17 08:19:47.489 +08:00] [INFO] [job_worker.go:267] ["DDL worker closed"] [category=ddl] [worker="worker 5, tp general"] ["take time"=1.208µs]
[2026/07/17 08:19:47.489 +08:00] [INFO] [job_worker.go:267] ["DDL worker closed"] [category=ddl] [worker="worker 6, tp general"] ["take time"=1.667µs]
[2026/07/17 08:19:47.489 +08:00] [INFO] [job_worker.go:267] ["DDL worker closed"] [category=ddl] [worker="worker 7, tp general"] ["take time"=2.792µs]
[2026/07/17 08:19:47.489 +08:00] [INFO] [job_worker.go:267] ["DDL worker closed"] [category=ddl] [worker="worker 8, tp general"] ["take time"=1.625µs]
[2026/07/17 08:19:47.489 +08:00] [INFO] [job_worker.go:267] ["DDL worker closed"] [category=ddl] [worker="worker 9, tp general"] ["take time"=1.5µs]
[2026/07/17 08:19:47.489 +08:00] [INFO] [job_worker.go:267] ["DDL worker closed"] [category=ddl] [worker="worker 10, tp general"] ["take time"=1.083µs]
[2026/07/17 08:19:47.489 +08:00] [INFO] [manager.go:424] ["is not the owner"] [key=/tidb/ddl/fg/owner] [id=c3671148-c277-47ec-9652-2a4c9823e2d8]
[2026/07/17 08:19:47.489 +08:00] [INFO] [manager.go:385] ["break campaign loop, context is done"] [key=/tidb/ddl/fg/owner] [id=c3671148-c277-47ec-9652-2a4c9823e2d8]
[2026/07/17 08:19:47.493 +08:00] [INFO] [delete_range.go:162] ["closing delRange"] [category=ddl]
[2026/07/17 08:19:47.493 +08:00] [INFO] [session_pool.go:133] ["closing session pool"] [category=ddl]
[2026/07/17 08:19:47.494 +08:00] [INFO] [ddl.go:1157] ["DDL closed"] [category=ddl] [ID=c3671148-c277-47ec-9652-2a4c9823e2d8] ["take time"=5.173958ms]
[2026/07/17 08:19:47.494 +08:00] [INFO] [ddl.go:848] ["stop DDL"] [category=ddl] [ID=c3671148-c277-47ec-9652-2a4c9823e2d8]
[2026/07/17 08:19:47.494 +08:00] [INFO] [domain.go:484] ["stopping ttlJobManager"]
[2026/07/17 08:19:47.494 +08:00] [INFO] [notifier.go:142] ["etcd watcher exited to watch timer events"] [EtcdKey=/tidb/timer/cluster/1/notify/4be3999c-9e5b-46f3-86b5-b2d4112b6bf3] [watcherID=1b2dce85-44e7-4f75-93b2-195513e10aa6]
[2026/07/17 08:19:47.494 +08:00] [INFO] [runtime.go:202] ["TimerGroupRuntime loop exit"] [groupID=ttl]
[2026/07/17 08:19:47.494 +08:00] [INFO] [notifier.go:227] ["etcd notify loop to watch timer events stopped"] [EtcdKey=/tidb/timer/cluster/1/notify/4be3999c-9e5b-46f3-86b5-b2d4112b6bf3]
[2026/07/17 08:19:47.494 +08:00] [INFO] [task_manager.go:225] ["shrink ttl worker"] [ttl-worker=job-manager] [ttl-worker=c3671148-c277-47ec-9652-2a4c9823e2d8] [ttl-worker=task-manager] [ttl-worker=c3671148-c277-47ec-9652-2a4c9823e2d8] [originalCount=4] [newCount=0]
[2026/07/17 08:19:47.494 +08:00] [INFO] [scan.go:379] ["ttlScanWorker loop exited."]
[2026/07/17 08:19:47.494 +08:00] [INFO] [scan.go:379] ["ttlScanWorker loop exited."]
[2026/07/17 08:19:47.494 +08:00] [INFO] [scan.go:379] ["ttlScanWorker loop exited."]
[2026/07/17 08:19:47.494 +08:00] [INFO] [scan.go:379] ["ttlScanWorker loop exited."]
[2026/07/17 08:19:47.494 +08:00] [INFO] [task_manager.go:225] ["shrink ttl worker"] [ttl-worker=job-manager] [ttl-worker=c3671148-c277-47ec-9652-2a4c9823e2d8] [ttl-worker=task-manager] [ttl-worker=c3671148-c277-47ec-9652-2a4c9823e2d8] [originalCount=4] [newCount=0]
[2026/07/17 08:19:47.494 +08:00] [INFO] [del.go:344] ["ttlDeleteWorker loop exited."]
[2026/07/17 08:19:47.494 +08:00] [INFO] [del.go:344] ["ttlDeleteWorker loop exited."]
[2026/07/17 08:19:47.494 +08:00] [INFO] [del.go:344] ["ttlDeleteWorker loop exited."]
[2026/07/17 08:19:47.494 +08:00] [INFO] [del.go:344] ["ttlDeleteWorker loop exited."]
[2026/07/17 08:19:47.494 +08:00] [INFO] [job_manager.go:183] ["ttlJobManager loop exited."] [ttl-worker=job-manager] [ttl-worker=c3671148-c277-47ec-9652-2a4c9823e2d8]
[2026/07/17 08:19:47.494 +08:00] [INFO] [job_manager.go:168] ["ttlJobManager loop exited."] [ttl-worker=job-manager] [ttl-worker=c3671148-c277-47ec-9652-2a4c9823e2d8]
[2026/07/17 08:19:47.494 +08:00] [INFO] [domain.go:495] ["ttlJobManager exited."]
[2026/07/17 08:19:47.494 +08:00] [INFO] [domain.go:2868] ["serverIDSession need restart"]
[2026/07/17 08:19:47.506 +08:00] [INFO] [domain.go:2733] ["releaseServerID succeed"] [serverID=1124] [leaseID=2463925762081078379]
[2026/07/17 08:19:47.506 +08:00] [INFO] [domain.go:2800] ["serverIDKeeper exited."]
[2026/07/17 08:19:47.506 +08:00] [INFO] [stats_syncload.go:255] ["SubLoadWorker: exits now because the domain is closed."] [category=stats]
[2026/07/17 08:19:47.506 +08:00] [INFO] [stats_syncload.go:255] ["SubLoadWorker: exits now because the domain is closed."] [category=stats]
[2026/07/17 08:19:47.506 +08:00] [INFO] [stats_syncload.go:245] ["SubLoadWorker: exited."] [category=stats]
[2026/07/17 08:19:47.506 +08:00] [INFO] [stats_syncload.go:245] ["SubLoadWorker: exited."] [category=stats]
[2026/07/17 08:19:47.506 +08:00] [INFO] [domain.go:1807] ["PlanReplayerTaskCollectHandle exited."]
[2026/07/17 08:19:47.506 +08:00] [INFO] [domain.go:1827] ["PlanReplayerTaskDumpHandle exited."]
[2026/07/17 08:19:47.506 +08:00] [INFO] [wait_group_wrapper.go:150] ["background process exited"] [source=domain] [process=PlanReplayerTaskCollectHandle]
[2026/07/17 08:19:47.506 +08:00] [INFO] [wait_group_wrapper.go:150] ["background process exited"] [source=domain] [process=PlanReplayerTaskDumpHandle]
[2026/07/17 08:19:47.506 +08:00] [INFO] [domain.go:2193] ["gcStatsWorker ready to release owner"]
[2026/07/17 08:19:47.506 +08:00] [INFO] [stats_syncload.go:255] ["SubLoadWorker: exits now because the domain is closed."] [category=stats]
[2026/07/17 08:19:47.506 +08:00] [INFO] [stats_syncload.go:245] ["SubLoadWorker: exited."] [category=stats]
[2026/07/17 08:19:47.506 +08:00] [INFO] [domain.go:2332] ["autoAnalyzeWorker exited."] [category=stats]
[2026/07/17 08:19:47.506 +08:00] [INFO] [domain.go:1237] ["stopping dist task scheduler manager because the current node is not DDL owner anymore"] [id=c3671148-c277-47ec-9652-2a4c9823e2d8]
[2026/07/17 08:19:47.506 +08:00] [INFO] [domain.go:2945] ["planCacheEvictTrigger exited."]
[2026/07/17 08:19:47.506 +08:00] [INFO] [wait_group_wrapper.go:150] ["background process exited"] [source=domain] [process=planCacheEvictTrigger]
[2026/07/17 08:19:47.506 +08:00] [INFO] [stats_syncload.go:255] ["SubLoadWorker: exits now because the domain is closed."] [category=stats]
[2026/07/17 08:19:47.506 +08:00] [INFO] [wait_group_wrapper.go:150] ["background process exited"] [source=domain] [process=autoAnalyzeWorker]
[2026/07/17 08:19:47.506 +08:00] [INFO] [stats_syncload.go:245] ["SubLoadWorker: exited."] [category=stats]
[2026/07/17 08:19:47.506 +08:00] [INFO] [domain.go:2174] ["indexUsageWorker exited."]
[2026/07/17 08:19:47.506 +08:00] [INFO] [domain.go:2147] ["asyncLoadStats exited."]
[2026/07/17 08:19:47.506 +08:00] [INFO] [wait_group_wrapper.go:150] ["background process exited"] [source=domain] [process=indexUsageWorker]
[2026/07/17 08:19:47.506 +08:00] [INFO] [manager.go:241] ["runaway watch sync loop exit"]
[2026/07/17 08:19:47.506 +08:00] [INFO] [domain.go:2114] ["loadStatsWorker exited."]
[2026/07/17 08:19:47.506 +08:00] [INFO] [wait_group_wrapper.go:150] ["background process exited"] [source=domain] [process=runawayWatchSyncLoop]
[2026/07/17 08:19:47.506 +08:00] [INFO] [domain.go:2989] ["readTableCostWorker exited."]
[2026/07/17 08:19:47.506 +08:00] [INFO] [wait_group_wrapper.go:150] ["background process exited"] [source=domain] [process=readTableCostWorker]
[2026/07/17 08:19:47.506 +08:00] [INFO] [syncer.go:422] ["topology sync loop exited."]
[2026/07/17 08:19:47.506 +08:00] [INFO] [wait_group_wrapper.go:150] ["background process exited"] [source=domain] [process=topologySyncerKeeper]
[2026/07/17 08:19:47.506 +08:00] [INFO] [syncer.go:288] ["server info sync loop exited."]
[2026/07/17 08:19:47.506 +08:00] [INFO] [manager.go:420] ["watch owner finished"] [key=/tidb/br-stream/owner] [id=dfa654ef-3b2b-48c5-ad3c-cd3052609566] []
[2026/07/17 08:19:47.506 +08:00] [INFO] [wait_group_wrapper.go:150] ["background process exited"] [source=domain] [process=infoSyncerKeeper]
[2026/07/17 08:19:47.506 +08:00] [INFO] [domain.go:2282] ["dumpColStatsUsageWorker exited."]
[2026/07/17 08:19:47.506 +08:00] [INFO] [domain.go:419] ["globalConfigSyncerKeeper exited."]
[2026/07/17 08:19:47.506 +08:00] [INFO] [wait_group_wrapper.go:150] ["background process exited"] [source=domain] [process=asyncLoadHistogram]
[2026/07/17 08:19:47.506 +08:00] [INFO] [wait_group_wrapper.go:150] ["background process exited"] [source=domain] [process=loadStatsWorker]
[2026/07/17 08:19:47.506 +08:00] [INFO] [domain.go:2396] ["analyzeJobsCleanupWorker exited."]
[2026/07/17 08:19:47.506 +08:00] [INFO] [wait_group_wrapper.go:150] ["background process exited"] [source=domain] [process=analyzeJobsCleanupWorker]
[2026/07/17 08:19:47.506 +08:00] [INFO] [domain.go:1892] ["HistoricalStatsWorker exited."]
[2026/07/17 08:19:47.506 +08:00] [INFO] [wait_group_wrapper.go:150] ["background process exited"] [source=domain] [process=HistoricalStatsWorker]
[2026/07/17 08:19:47.506 +08:00] [INFO] [wait_group_wrapper.go:150] ["background process exited"] [source=domain] [process=dumpColStatsUsageWorker]
[2026/07/17 08:19:47.506 +08:00] [INFO] [plan_replayer.go:411] ["planReplayerTaskDumpWorker exited."]
[2026/07/17 08:19:47.506 +08:00] [INFO] [domain.go:1861] ["dumpFileGcChecker exited."]
[2026/07/17 08:19:47.506 +08:00] [INFO] [wait_group_wrapper.go:150] ["background process exited"] [source=domain] [process=dumpFileGcChecker]
[2026/07/17 08:19:47.506 +08:00] [INFO] [manager.go:420] ["watch owner finished"] [key=/tidb/stats/owner] [id=c3671148-c277-47ec-9652-2a4c9823e2d8] []
[2026/07/17 08:19:47.506 +08:00] [INFO] [manager.go:333] ["retire owner"] [key=/tidb/stats/owner] [id=c3671148-c277-47ec-9652-2a4c9823e2d8]
[2026/07/17 08:19:47.506 +08:00] [INFO] [wait_group_wrapper.go:150] ["background process exited"] [source=domain] [process=loadSigningCertLoop]
[2026/07/17 08:19:47.506 +08:00] [INFO] [wait_group_wrapper.go:150] ["background process exited"] [source=domain] [process=globalConfigSyncerKeeper]
[2026/07/17 08:19:47.506 +08:00] [INFO] [scheduler_manager.go:413] ["cleanup loop exits"] [server-id=:4000]
[2026/07/17 08:19:47.506 +08:00] [INFO] [domain.go:1477] ["LoadSysVarCacheLoop exited."]
[2026/07/17 08:19:47.506 +08:00] [INFO] [wait_group_wrapper.go:150] ["background process exited"] [source=domain] [process=LoadSysVarCacheLoop]
[2026/07/17 08:19:47.506 +08:00] [INFO] [scheduler_manager.go:337] ["subtask history table gc loop exits"] [server-id=:4000]
[2026/07/17 08:19:47.506 +08:00] [INFO] [flusher.go:89] ["flushing remaining records before stop"] [name=runaway-record]
[2026/07/17 08:19:47.506 +08:00] [INFO] [flusher.go:91] ["stopped flusher"] [name=runaway-record]
[2026/07/17 08:19:47.506 +08:00] [INFO] [flusher.go:89] ["flushing remaining records before stop"] [name=quarantine-record]
[2026/07/17 08:19:47.506 +08:00] [INFO] [flusher.go:91] ["stopped flusher"] [name=quarantine-record]
[2026/07/17 08:19:47.506 +08:00] [INFO] [flusher.go:89] ["flushing remaining records before stop"] [name=stale-quarantine-record]
[2026/07/17 08:19:47.506 +08:00] [INFO] [flusher.go:91] ["stopped flusher"] [name=stale-quarantine-record]
[2026/07/17 08:19:47.506 +08:00] [INFO] [manager.go:205] ["runaway record flush loop exit"]
[2026/07/17 08:19:47.506 +08:00] [INFO] [wait_group_wrapper.go:150] ["background process exited"] [source=domain] [process=runawayRecordFlushLoop]
[2026/07/17 08:19:47.506 +08:00] [INFO] [scheduler_manager.go:225] ["schedule task loop exits"] [server-id=:4000]
[2026/07/17 08:19:47.506 +08:00] [INFO] [manager.go:333] ["retire owner"] [key=/tidb/br-stream/owner] [id=dfa654ef-3b2b-48c5-ad3c-cd3052609566]
[2026/07/17 08:19:47.506 +08:00] [INFO] [manager.go:424] ["is not the owner"] [key=/tidb/br-stream/owner] [id=dfa654ef-3b2b-48c5-ad3c-cd3052609566]
[2026/07/17 08:19:47.506 +08:00] [INFO] [manager.go:385] ["break campaign loop, context is done"] [key=/tidb/br-stream/owner] [id=dfa654ef-3b2b-48c5-ad3c-cd3052609566]
[2026/07/17 08:19:47.506 +08:00] [INFO] [domain.go:2219] ["deltaUpdateTicker is going to exit, start to flush stats"]
[2026/07/17 08:19:47.506 +08:00] [INFO] [domain.go:1403] ["loadPrivilegeInLoop exited."]
[2026/07/17 08:19:47.506 +08:00] [INFO] [wait_group_wrapper.go:150] ["background process exited"] [source=domain] [process=loadPrivilegeInLoop]
[2026/07/17 08:19:47.506 +08:00] [INFO] [domain.go:2914] ["planCacheMetricsAndVars exited."]
[2026/07/17 08:19:47.506 +08:00] [INFO] [wait_group_wrapper.go:150] ["background process exited"] [source=domain] [process=planCacheMetricsAndVars]
[2026/07/17 08:19:47.506 +08:00] [INFO] [stats_syncload.go:255] ["SubLoadWorker: exits now because the domain is closed."] [category=stats]
[2026/07/17 08:19:47.506 +08:00] [INFO] [stats_syncload.go:245] ["SubLoadWorker: exited."] [category=stats]
[2026/07/17 08:19:47.506 +08:00] [INFO] [stats_syncload.go:255] ["SubLoadWorker: exits now because the domain is closed."] [category=stats]
[2026/07/17 08:19:47.506 +08:00] [INFO] [manager.go:424] ["is not the owner"] [key=/tidb/stats/owner] [id=c3671148-c277-47ec-9652-2a4c9823e2d8]
[2026/07/17 08:19:47.506 +08:00] [INFO] [manager.go:385] ["break campaign loop, context is done"] [key=/tidb/stats/owner] [id=c3671148-c277-47ec-9652-2a4c9823e2d8]
[2026/07/17 08:19:47.506 +08:00] [INFO] [stats_syncload.go:245] ["SubLoadWorker: exited."] [category=stats]
[2026/07/17 08:19:47.506 +08:00] [INFO] [scheduler_manager.go:495] ["collect loop exits"] [server-id=:4000]
[2026/07/17 08:19:47.506 +08:00] [INFO] [domain.go:1239] ["dist task scheduler manager stopped"] [id=c3671148-c277-47ec-9652-2a4c9823e2d8]
[2026/07/17 08:19:47.506 +08:00] [INFO] [domain.go:1222] ["stopping dist task executor manager"]
[2026/07/17 08:19:47.506 +08:00] [INFO] [manager.go:285] ["recoverMetaLoop done"] [server-id=:4000]
[2026/07/17 08:19:47.506 +08:00] [INFO] [manager.go:157] ["handle tasks loop done"] [server-id=:4000]
[2026/07/17 08:19:47.506 +08:00] [INFO] [domain.go:1224] ["dist task executor manager stopped"]
[2026/07/17 08:19:47.506 +08:00] [INFO] [wait_group_wrapper.go:150] ["background process exited"] [source=domain] [process=distTaskFrameworkLoop]
[2026/07/17 08:19:47.506 +08:00] [INFO] [manager.go:420] ["watch owner finished"] [key=/tidb/bindinfo/owner] [id=c3671148-c277-47ec-9652-2a4c9823e2d8] []
[2026/07/17 08:19:47.506 +08:00] [INFO] [manager.go:333] ["retire owner"] [key=/tidb/bindinfo/owner] [id=c3671148-c277-47ec-9652-2a4c9823e2d8]
[2026/07/17 08:19:47.506 +08:00] [INFO] [manager.go:424] ["is not the owner"] [key=/tidb/bindinfo/owner] [id=c3671148-c277-47ec-9652-2a4c9823e2d8]
[2026/07/17 08:19:47.506 +08:00] [INFO] [manager.go:385] ["break campaign loop, context is done"] [key=/tidb/bindinfo/owner] [id=c3671148-c277-47ec-9652-2a4c9823e2d8]
[2026/07/17 08:19:47.514 +08:00] [INFO] [domain.go:2225] ["deltaUpdateTicker exit preprocessing finished"]
[2026/07/17 08:19:47.514 +08:00] [INFO] [wait_group_wrapper.go:150] ["background process exited"] [source=domain] [process=deltaUpdateTickerWorker]
[2026/07/17 08:19:47.522 +08:00] [INFO] [domain.go:979] ["closestReplicaReadCheckLoop exited."]
[2026/07/17 08:19:47.522 +08:00] [INFO] [manager.go:431] ["etcd session close failed"] [key=/tidb/bindinfo/owner] [id=c3671148-c277-47ec-9652-2a4c9823e2d8] [error="context canceled"]
[2026/07/17 08:19:47.522 +08:00] [INFO] [syncer.go:304] ["info schema sync loop exited."]
[2026/07/17 08:19:47.522 +08:00] [INFO] [wait_group_wrapper.go:150] ["background process exited"] [source=domain] [process=closestReplicaReadCheckLoop]
[2026/07/17 08:19:47.522 +08:00] [INFO] [domain.go:391] ["topNSlowQueryLoop exited."]
[2026/07/17 08:19:47.522 +08:00] [INFO] [domain.go:1616] ["globalBindHandleWorkerLoop exited."]
[2026/07/17 08:19:47.522 +08:00] [INFO] [wait_group_wrapper.go:150] ["background process exited"] [source=domain] [process=globalBindHandleWorkerLoop]
[2026/07/17 08:19:47.522 +08:00] [INFO] [wait_group_wrapper.go:150] ["background process exited"] [source=domain] [process=mdlCheckLoop]
[2026/07/17 08:19:47.522 +08:00] [INFO] [wait_group_wrapper.go:150] ["background process exited"] [source=domain] [process=loadSchemaInLoop]
[2026/07/17 08:19:47.522 +08:00] [WARN] [meta_storage_client.go:165] ["watch stream closed"] [error="rpc error: code = Canceled desc = context canceled"]
[2026/07/17 08:19:47.522 +08:00] [INFO] [wait_group_wrapper.go:150] ["background process exited"] [source=domain] [process=topNSlowQueryLoop]
[2026/07/17 08:19:47.522 +08:00] [INFO] [manager.go:431] ["etcd session close failed"] [key=/tidb/stats/owner] [id=c3671148-c277-47ec-9652-2a4c9823e2d8] [error="context canceled"]
[2026/07/17 08:19:47.522 +08:00] [WARN] [meta_storage_client.go:165] ["watch stream closed"] [error="rpc error: code = Canceled desc = context canceled"]
[2026/07/17 08:19:47.522 +08:00] [INFO] [owner_daemon.go:87] ["daemon loop exits"] [id=dfa654ef-3b2b-48c5-ad3c-cd3052609566] [daemon-id=LogBackup::Advancer]
[2026/07/17 08:19:47.522 +08:00] [INFO] [advancer_cliext.go:194] ["Start collecting remaining events in the channel."] [category="log backup advancer"] [remained=0]
[2026/07/17 08:19:47.522 +08:00] [INFO] [wait_group_wrapper.go:150] ["background process exited"] [source=domain] [process=logBackupAdvancer]
[2026/07/17 08:19:47.522 +08:00] [INFO] [advancer_cliext.go:199] ["Finish collecting remaining events in the channel."] [category="log backup advancer"]
[2026/07/17 08:19:47.522 +08:00] [INFO] [domain.go:2201] ["gcStatsWorker exit preprocessing finished"]
[2026/07/17 08:19:47.522 +08:00] [INFO] [domain.go:2246] ["gcStatsWorker exited."]
[2026/07/17 08:19:47.522 +08:00] [INFO] [wait_group_wrapper.go:150] ["background process exited"] [source=domain] [process=gcStatsWorker]
[2026/07/17 08:19:47.551 +08:00] [INFO] [domain.go:550] ["domain closed"] ["take time"=62.595208ms]
[2026/07/17 08:19:47.564 +08:00] [INFO] [client.go:356] ["[pd] http client closed"] [source=tikv-driver]
[2026/07/17 08:19:47.564 +08:00] [INFO] [router_service_discovery.go:273] ["[router service] exit check member loop"]
[2026/07/17 08:19:47.564 +08:00] [INFO] [resource_manager_client.go:341] ["[resource manager] exit resource token dispatcher"]
[2026/07/17 08:19:47.564 +08:00] [INFO] [service_discovery.go:562] ["[pd] exit member loop due to context canceled"]
[2026/07/17 08:19:47.565 +08:00] [INFO] [router_service_discovery.go:315] ["[router service] exit health check member loop"]
[2026/07/17 08:19:47.565 +08:00] [INFO] [dispatcher.go:207] ["[tso] stop fetching the pending tso requests due to context canceled"]
[2026/07/17 08:19:47.565 +08:00] [INFO] [watcher.go:73] ["[pd] exit the deadline watcher"] [source=tso]
[2026/07/17 08:19:47.565 +08:00] [INFO] [client.go:277] ["[tso] exit tso connection contexts updater"]
[2026/07/17 08:19:47.565 +08:00] [INFO] [dispatcher.go:149] ["[tso] exit tso dispatcher"]
[2026/07/17 08:19:47.565 +08:00] [INFO] [inner_client.go:96] ["[pd] exit router client initializer"]
[2026/07/17 08:19:47.565 +08:00] [INFO] [router_service_discovery.go:287] ["[router service] closing router service discovery"]
[2026/07/17 08:19:47.565 +08:00] [INFO] [router_service_discovery.go:303] ["[router service] is closed"]
[2026/07/17 08:19:47.565 +08:00] [INFO] [client.go:155] ["[tso] closing tso client"]
[2026/07/17 08:19:47.565 +08:00] [INFO] [client.go:160] ["[tso] close tso client"]
[2026/07/17 08:19:47.565 +08:00] [INFO] [client.go:162] ["[tso] tso client is closed"]
[2026/07/17 08:19:47.565 +08:00] [INFO] [service_discovery.go:653] ["[pd] close service discovery client"]
[2026/07/17 08:19:47.565 +08:00] [INFO] [inner_client.go:275] ["[pd] close client successfully"]
--- PASS: TestAINativeFailedStatementCannotPoisonPriorMutation (1.94s)
    --- PASS: TestAINativeFailedStatementCannotPoisonPriorMutation/optimistic/delete_then_failed_multirow_reinsert (0.06s)
    --- PASS: TestAINativeFailedStatementCannotPoisonPriorMutation/optimistic/update_then_failed_multirow_update (0.16s)
    --- PASS: TestAINativeFailedStatementCannotPoisonPriorMutation/optimistic/insert_then_failed_reverse_multirow_update (0.17s)
    --- PASS: TestAINativeFailedStatementCannotPoisonPriorMutation/optimistic/delete_then_failed_multirow_insert_with_new_owner (0.16s)
    --- PASS: TestAINativeFailedStatementCannotPoisonPriorMutation/optimistic/update_then_failed_multirow_update_after_index_rewrite (0.15s)
    --- PASS: TestAINativeFailedStatementCannotPoisonPriorMutation/pessimistic/delete_then_failed_multirow_reinsert (0.16s)
    --- PASS: TestAINativeFailedStatementCannotPoisonPriorMutation/pessimistic/update_then_failed_multirow_update (0.17s)
    --- PASS: TestAINativeFailedStatementCannotPoisonPriorMutation/pessimistic/insert_then_failed_reverse_multirow_update (0.15s)
    --- PASS: TestAINativeFailedStatementCannotPoisonPriorMutation/pessimistic/delete_then_failed_multirow_insert_with_new_owner (0.16s)
    --- PASS: TestAINativeFailedStatementCannotPoisonPriorMutation/pessimistic/update_then_failed_multirow_update_after_index_rewrite (0.16s)
[2026/07/17 08:19:47.565 +08:00] [INFO] [stream.go:366] ["tsoStream.recvLoop ended"] [stream=127.0.0.1:2379-1] [error="rpc error: code = Canceled desc = context canceled"] [errorVerbose="rpc error: code = Canceled desc = context canceled\ngithub.com/tikv/pd/client/clients/tso.(*tsoStream).recvLoop\n\t/Users/bba/.gvm/pkgsets/go1.25.1/global/pkg/mod/github.com/tikv/pd/client@v0.0.0-20260708075407-4e05b9d2c2d3/clients/tso/stream.go:434\nruntime.goexit\n\t/Users/bba/.gvm/pkgsets/go1.25.1/global/pkg/mod/golang.org/toolchain@v0.0.1-go1.25.10.darwin-arm64/src/runtime/asm_arm64.s:1268"]
PASS
ok  	github.com/pingcap/tidb/tests/realtikvtest/txntest	4.117s
