=== RUN   TestAINativeAbortDeletesActuallyStaleRestoreGREEN
[2026/07/13 03:07:30.333 +08:00] [INFO] [service_discovery.go:1023] ["[pd] switch leader"] [new-leader=http://127.0.0.1:2379] [old-leader=]
[2026/07/13 03:07:30.333 +08:00] [INFO] [service_discovery.go:502] ["[pd] init cluster id"] [cluster-id=7661716991383889870]
[2026/07/13 03:07:30.333 +08:00] [INFO] [client.go:210] ["[tso] switch the tso leader serving url"] [new-url=http://127.0.0.1:2379]
[2026/07/13 03:07:30.333 +08:00] [INFO] [inner_client.go:173] ["[pd] tso provider changed to pd"]
[2026/07/13 03:07:30.333 +08:00] [INFO] [watcher.go:56] ["[pd] start the deadline watcher"] [source=tso]
[2026/07/13 03:07:30.333 +08:00] [INFO] [client.go:247] ["[tso] start tso connection contexts updater"]
[2026/07/13 03:07:30.333 +08:00] [INFO] [dispatcher.go:147] ["[tso] tso dispatcher created"]
[2026/07/13 03:07:30.333 +08:00] [INFO] [dispatcher.go:594] ["[tso] switching tso rpc concurrency"] [old=0] [new=1]
[2026/07/13 03:07:30.333 +08:00] [INFO] [inner_client.go:154] ["[pd] service mode changed"] [new-mode=PD_SVC_MODE]
[2026/07/13 03:07:30.333 +08:00] [INFO] [router_service_discovery.go:151] ["[router service] created router service discovery"] [cluster-id=7661716991383889870] [keyspace-id=4294967295] [default-discovery-key=/ms/7661716991383889870/router/registry/]
[2026/07/13 03:07:30.333 +08:00] [INFO] [router_service_discovery.go:163] ["[router service] initializing router service discovery"] [max-retry-times=100] [retry-interval=1s]
[2026/07/13 03:07:30.334 +08:00] [INFO] [router_service_discovery.go:249] ["[router service] update member sorted urls"] [new-sorted-urls="[]"]
[2026/07/13 03:07:30.334 +08:00] [INFO] [router_service_discovery.go:234] ["[router service] updating nodes succeeded"] [urls="[]"] [clients-length=0]
[2026/07/13 03:07:30.334 +08:00] [INFO] [client.go:417] ["[router] connection daemon is started"]
[2026/07/13 03:07:30.334 +08:00] [INFO] [client.go:578] ["[router] dispatcher is started"]
[2026/07/13 03:07:30.334 +08:00] [INFO] [tikv_driver.go:194] ["using API V1."]
[2026/07/13 03:07:30.334 +08:00] [INFO] [client.go:502] ["[router] successfully established the leader router stream connection"] [url=http://127.0.0.1:2379]
[2026/07/13 03:07:30.334 +08:00] [INFO] [inner_client.go:91] ["[pd] start router client initializer"]
[2026/07/13 03:07:30.334 +08:00] [INFO] [metamanager.go:146] ["return meta service group info"] [meta-service-info="{\"PDAddrs\":[\"127.0.0.1:2379\"],\"Group\":{\"GroupID\":\"0\",\"Addrs\":[\"127.0.0.1:2379\"]}}"]
[2026/07/13 03:07:30.337 +08:00] [INFO] [store_cache.go:572] ["change store resolve state"] [store=1] [addr=127.0.0.1:20160] [from=unresolved] [to=resolved] [liveness-state=reachable]
[2026/07/13 03:07:30.340 +08:00] [INFO] [session.go:4348] ["cluster already bootstrapped"] [version=261]
[2026/07/13 03:07:30.340 +08:00] [INFO] [tidb.go:103] ["new domain"] [store=tikv-7661716991383889870/] ["ddl lease"=500ms] ["stats lease"=3s]
[2026/07/13 03:07:30.369 +08:00] [INFO] [info.go:279] ["init TiFlashReplicaManager"]
[2026/07/13 03:07:30.393 +08:00] [INFO] [domain.go:2697] [acquireServerID] [serverID=1960] ["lease id"=22319f57aeb65ae4]
[2026/07/13 03:07:30.398 +08:00] [INFO] [global_controller.go:219] ["load resource controller config"] [config="{\"degraded-mode-wait-duration\":\"0s\",\"ltb-max-wait-duration\":\"30s\",\"ltb-token-rpc-max-delay\":\"1s\",\"request-unit\":{\"read-base-cost\":0.125,\"read-per-batch-base-cost\":0.5,\"read-cost-per-byte\":0.0000152587890625,\"write-base-cost\":1,\"write-per-batch-base-cost\":1,\"write-cost-per-byte\":0.0009765625,\"read-cpu-ms-cost\":0.3333333333333333},\"enable-controller-trace-log\":\"false\",\"token-rpc-params\":{\"wait-retry-interval\":\"50ms\",\"wait-retry-times\":20}}"] [ru-config="{\"ReadBaseCost\":0.125,\"ReadPerBatchBaseCost\":0.5,\"ReadBytesCost\":0.0000152587890625,\"WriteBaseCost\":1,\"WritePerBatchBaseCost\":1,\"WriteBytesCost\":0.0009765625,\"CPUMsCost\":0.3333333333333333,\"LTBMaxWaitDuration\":30000000000,\"WaitRetryInterval\":50000000,\"WaitRetryTimes\":20,\"DegradedModeWaitDuration\":0}"] [keyspace-id=4294967295]
[2026/07/13 03:07:30.406 +08:00] [INFO] [loader.go:281] ["full load InfoSchema success"] [mode=auto] [isV2=true] [currentSchemaVersion=0] [neededSchemaVersion=57] ["elapsed time"=6.547875ms]
[2026/07/13 03:07:30.406 +08:00] [INFO] [syncer.go:456] ["full load and reset schema validator"]
[2026/07/13 03:07:30.409 +08:00] [INFO] [ddl.go:1070] ["change job version in use"] [category=ddl] [old=v1] [new=v2]
[2026/07/13 03:07:30.409 +08:00] [INFO] [ddl.go:994] ["job version in use is not v2 or global index v1 not supported, maybe in upgrade, start detecting"] [category=ddl] [current=v2] [globalIndexV1Supported=false]
[2026/07/13 03:07:30.409 +08:00] [INFO] [ddl.go:883] ["start DDL"] [category=ddl] [ID=ba3ffb3e-73cb-4579-a694-dc29a0d0e1be] [runWorker=true] [jobVersion=v2] [startMode=normal]
[2026/07/13 03:07:30.409 +08:00] [INFO] [ddl.go:858] ["start delRangeManager OK"] [category=ddl] ["is a emulator"=false]
[2026/07/13 03:07:30.413 +08:00] [WARN] [global_controller.go:819] ["[resource group controller] resource group name does not exist"] [name=default]
[2026/07/13 03:07:30.414 +08:00] [INFO] [manager.go:289] ["start campaign owner"] [key=/tidb/ddl/fg/owner] [id=ba3ffb3e-73cb-4579-a694-dc29a0d0e1be]
[2026/07/13 03:07:30.418 +08:00] [INFO] [env.go:123] ["the ingest sorted directory"] [category=ddl-ingest] ["data path"=/tmp/tidb/tmp_ddl-4000]
[2026/07/13 03:07:30.418 +08:00] [WARN] [env.go:84] ["ingest backfill may not be available"] [category=ddl-ingest] [error="the available disk space(44120289280) in /tmp/tidb/tmp_ddl-4000 should be greater than @@tidb_ddl_disk_quota(107374182400)"] [errorVerbose="the available disk space(44120289280) in /tmp/tidb/tmp_ddl-4000 should be greater than @@tidb_ddl_disk_quota(107374182400)\ngithub.com/pingcap/tidb/pkg/ddl/ingest.(*diskRootImpl).StartupCheck\n\t/private/tmp/ai-native-br-abort-13282a8/pkg/ddl/ingest/disk_root.go:191\ngithub.com/pingcap/tidb/pkg/ddl/ingest.InitGlobalLightningEnv\n\t/private/tmp/ai-native-br-abort-13282a8/pkg/ddl/ingest/env.go:82\ngithub.com/pingcap/tidb/pkg/ddl.(*ddl).Start\n\t/private/tmp/ai-native-br-abort-13282a8/pkg/ddl/ddl.go:944\ngithub.com/pingcap/tidb/pkg/domain.(*Domain).Start\n\t/private/tmp/ai-native-br-abort-13282a8/pkg/domain/domain.go:808\ngithub.com/pingcap/tidb/pkg/session.bootstrapSessionImpl\n\t/private/tmp/ai-native-br-abort-13282a8/pkg/session/session.go:4412\ngithub.com/pingcap/tidb/pkg/session.BootstrapSession\n\t/private/tmp/ai-native-br-abort-13282a8/pkg/session/session.go:4287\ngithub.com/pingcap/tidb/tests/realtikvtest.CreateMockStoreAndDomainAndSetup\n\t/private/tmp/ai-native-br-abort-13282a8/tests/realtikvtest/testkit.go:263\ngithub.com/pingcap/tidb/tests/realtikvtest/brregistrytest.TestAINativeAbortDeletesActuallyStaleRestoreGREEN\n\t/private/tmp/ai-native-br-abort-13282a8/tests/realtikvtest/brregistrytest/abort_live_heartbeat_test.go:140\ntesting.tRunner\n\t/Users/bba/.gvm/pkgsets/go1.25.1/global/pkg/mod/golang.org/toolchain@v0.0.1-go1.25.10.darwin-arm64/src/testing/testing.go:1934\nruntime.goexit\n\t/Users/bba/.gvm/pkgsets/go1.25.1/global/pkg/mod/golang.org/toolchain@v0.0.1-go1.25.10.darwin-arm64/src/runtime/asm_arm64.s:1268"]
[2026/07/13 03:07:30.418 +08:00] [INFO] [env.go:88] ["init global ingest backend environment finished"] [category=ddl-ingest] ["memory limitation"=19327352832] ["disk usage info"="disk usage: 950542295040/994662584320, backend usage: 0"] ["max open file number"=138240] ["lightning is initialized"=true]
[2026/07/13 03:07:30.418 +08:00] [INFO] [wait_group_wrapper.go:141] ["background process started"] [source=domain] [process=loadSchemaInLoop]
[2026/07/13 03:07:30.418 +08:00] [INFO] [wait_group_wrapper.go:141] ["background process started"] [source=domain] [process=mdlCheckLoop]
[2026/07/13 03:07:30.418 +08:00] [INFO] [wait_group_wrapper.go:141] ["background process started"] [source=domain] [process=topNSlowQueryLoop]
[2026/07/13 03:07:30.418 +08:00] [INFO] [wait_group_wrapper.go:141] ["background process started"] [source=domain] [process=infoSyncerKeeper]
[2026/07/13 03:07:30.418 +08:00] [INFO] [wait_group_wrapper.go:141] ["background process started"] [source=domain] [process=globalConfigSyncerKeeper]
[2026/07/13 03:07:30.418 +08:00] [INFO] [wait_group_wrapper.go:141] ["background process started"] [source=domain] [process=runawayRecordFlushLoop]
[2026/07/13 03:07:30.418 +08:00] [INFO] [wait_group_wrapper.go:141] ["background process started"] [source=domain] [process=runawayWatchSyncLoop]
[2026/07/13 03:07:30.418 +08:00] [INFO] [wait_group_wrapper.go:141] ["background process started"] [source=domain] [process=requestUnitsWriterLoop]
[2026/07/13 03:07:30.418 +08:00] [INFO] [wait_group_wrapper.go:141] ["background process started"] [source=domain] [process=topologySyncerKeeper]
[2026/07/13 03:07:30.419 +08:00] [INFO] [wait_group_wrapper.go:141] ["background process started"] [source=domain] [process=closestReplicaReadCheckLoop]
[2026/07/13 03:07:30.419 +08:00] [INFO] [wait_group_wrapper.go:150] ["background process exited"] [source=domain] [process=requestUnitsWriterLoop]
[2026/07/13 03:07:30.419 +08:00] [INFO] [owner_daemon.go:70] ["begin advancer daemon"] [daemon-id=LogBackup::Advancer]
[2026/07/13 03:07:30.419 +08:00] [INFO] [manager.go:289] ["start campaign owner"] [key=/tidb/br-stream/owner] [id=74f23688-5abf-44a3-96b1-1bda9f977a0e]
[2026/07/13 03:07:30.426 +08:00] [INFO] [manager.go:499] ["get owner"] [key=/tidb/ddl/fg/owner] ["owner key"=/tidb/ddl/fg/owner/22319f57aeb65af0] [ownerID=ba3ffb3e-73cb-4579-a694-dc29a0d0e1be]
[2026/07/13 03:07:30.427 +08:00] [INFO] [manager.go:324] ["become owner"] [key=/tidb/ddl/fg/owner] [id=ba3ffb3e-73cb-4579-a694-dc29a0d0e1be]
[2026/07/13 03:07:30.427 +08:00] [INFO] [manager.go:588] ["watching owner key"] [key=/tidb/ddl/fg/owner] [id=ba3ffb3e-73cb-4579-a694-dc29a0d0e1be] [ownerKey=/tidb/ddl/fg/owner/22319f57aeb65af0] [currRev=684]
[2026/07/13 03:07:30.427 +08:00] [INFO] [wait_group_wrapper.go:141] ["background process started"] [source=domain] [process=logBackupAdvancer]
[2026/07/13 03:07:30.427 +08:00] [INFO] [owner_daemon.go:81] ["begin running daemon"] [id=74f23688-5abf-44a3-96b1-1bda9f977a0e] [daemon-id=LogBackup::Advancer]
[2026/07/13 03:07:30.427 +08:00] [WARN] [sysvar_cache.go:53] ["sysvar cache is empty, triggering rebuild"]
[2026/07/13 03:07:30.428 +08:00] [INFO] [inner_client.go:103] ["[pd] notified to disable the router client"]
[2026/07/13 03:07:30.428 +08:00] [INFO] [client.go:318] ["[router] closing router client"]
[2026/07/13 03:07:30.428 +08:00] [INFO] [client.go:599] ["[router] stop fetching the pending router requests due to context canceled"]
[2026/07/13 03:07:30.428 +08:00] [INFO] [client.go:580] ["[router] dispatcher is exiting"]
[2026/07/13 03:07:30.428 +08:00] [INFO] [client.go:585] ["[router] dispatcher exited"]
[2026/07/13 03:07:30.428 +08:00] [INFO] [client.go:423] ["[router] connection daemon is exiting"]
[2026/07/13 03:07:30.428 +08:00] [INFO] [client.go:323] ["[router] router client is closed"]
[2026/07/13 03:07:30.429 +08:00] [INFO] [sysvar.go:3362] ["set resource control"] [enable=true]
[2026/07/13 03:07:30.429 +08:00] [INFO] [global_controller.go:577] ["[resource group controller] create resource group cost controller"] [name=default]
[2026/07/13 03:07:30.438 +08:00] [INFO] [wait_group_wrapper.go:141] ["background process started"] [source=domain] [process=loadPrivilegeInLoop]
[2026/07/13 03:07:30.438 +08:00] [INFO] [job_scheduler.go:362] ["get global state and global state change"] [category=ddl] [oldState=false] [currState=false]
[2026/07/13 03:07:30.438 +08:00] [INFO] [manager.go:533] ["set owner op is the same as the original, so do nothing."] [key=/tidb/ddl/fg/owner] [id=ba3ffb3e-73cb-4579-a694-dc29a0d0e1be] [op=none]
[2026/07/13 03:07:30.439 +08:00] [INFO] [job_scheduler.go:374] ["the owner sets owner operator value"] [category=ddl] [ownerOp=none]
[2026/07/13 03:07:30.439 +08:00] [INFO] [manager.go:499] ["get owner"] [key=/tidb/br-stream/owner] ["owner key"=/tidb/br-stream/owner/22319f57aeb65af4] [ownerID=74f23688-5abf-44a3-96b1-1bda9f977a0e]
[2026/07/13 03:07:30.439 +08:00] [INFO] [manager.go:324] ["become owner"] [key=/tidb/br-stream/owner] [id=74f23688-5abf-44a3-96b1-1bda9f977a0e]
[2026/07/13 03:07:30.439 +08:00] [INFO] [manager.go:588] ["watching owner key"] [key=/tidb/br-stream/owner] [id=74f23688-5abf-44a3-96b1-1bda9f977a0e] [ownerKey=/tidb/br-stream/owner/22319f57aeb65af4] [currRev=685]
[2026/07/13 03:07:30.440 +08:00] [INFO] [wait_group_wrapper.go:141] ["background process started"] [source=domain] [process=LoadSysVarCacheLoop]
[2026/07/13 03:07:30.441 +08:00] [INFO] [binding_cache.go:75] ["load bindings"] [category=sql-bind] [fullLoad=true] [fromRemote=false] [cacheSizeChange=false] [hasNewBinding=false] [cacheCapacity=67108864] [cacheUsage=0] [cachedBindingNum=0] [duration=1.248167ms] []
[2026/07/13 03:07:30.441 +08:00] [INFO] [manager.go:289] ["start campaign owner"] [key=/tidb/bindinfo/owner] [id=ba3ffb3e-73cb-4579-a694-dc29a0d0e1be]
[2026/07/13 03:07:30.445 +08:00] [INFO] [wait_group_wrapper.go:141] ["background process started"] [source=domain] [process=globalBindHandleWorkerLoop]
[2026/07/13 03:07:30.446 +08:00] [INFO] [wait_group_wrapper.go:141] ["background process started"] [source=domain] [process=PlanReplayerTaskCollectHandle]
[2026/07/13 03:07:30.446 +08:00] [INFO] [wait_group_wrapper.go:141] ["background process started"] [source=domain] [process=PlanReplayerTaskDumpHandle]
[2026/07/13 03:07:30.446 +08:00] [INFO] [wait_group_wrapper.go:141] ["background process started"] [source=domain] [process=dumpFileGcChecker]
[2026/07/13 03:07:30.446 +08:00] [INFO] [wait_group_wrapper.go:141] ["background process started"] [source=domain] [process=HistoricalStatsWorker]
[2026/07/13 03:07:30.446 +08:00] [INFO] [domain.go:1792] ["PlanReplayerTaskCollectHandle started"]
[2026/07/13 03:07:30.446 +08:00] [INFO] [domain.go:1814] ["PlanReplayerTaskDumpHandle started"]
[2026/07/13 03:07:30.447 +08:00] [INFO] [plan_replayer.go:407] ["planReplayerTaskDumpWorker started."]
[2026/07/13 03:07:30.447 +08:00] [INFO] [domain.go:1879] ["HistoricalStatsWorker started"]
[2026/07/13 03:07:30.447 +08:00] [INFO] [domain.go:1846] ["dumpFileGcChecker started"]
[2026/07/13 03:07:30.447 +08:00] [INFO] [wait_group_wrapper.go:141] ["background process started"] [source=domain] [process=loadStatsWorker]
[2026/07/13 03:07:30.447 +08:00] [INFO] [manager.go:289] ["start campaign owner"] [key=/tidb/stats/owner] [id=ba3ffb3e-73cb-4579-a694-dc29a0d0e1be]
[2026/07/13 03:07:30.448 +08:00] [INFO] [bootstrap.go:873] ["Complete loading the stats meta in the lite mode"] [category=stats] [duration=1.084167ms]
[2026/07/13 03:07:30.449 +08:00] [INFO] [bootstrap.go:880] ["Complete loading the histogram in the lite mode"] [category=stats] [duration=830.292µs]
[2026/07/13 03:07:30.449 +08:00] [INFO] [domain.go:2090] ["Init stats succeed"] [category=stats] [isLiteInitStats=true] [duration=2.380375ms]
[2026/07/13 03:07:30.453 +08:00] [INFO] [wait_group_wrapper.go:141] ["background process started"] [source=domain] [process=indexUsageWorker]
[2026/07/13 03:07:30.453 +08:00] [INFO] [wait_group_wrapper.go:141] ["background process started"] [source=domain] [process=asyncLoadHistogram]
[2026/07/13 03:07:30.453 +08:00] [INFO] [wait_group_wrapper.go:141] ["background process started"] [source=domain] [process=deltaUpdateTickerWorker]
[2026/07/13 03:07:30.453 +08:00] [INFO] [wait_group_wrapper.go:141] ["background process started"] [source=domain] [process=dumpColStatsUsageWorker]
[2026/07/13 03:07:30.453 +08:00] [INFO] [wait_group_wrapper.go:141] ["background process started"] [source=domain] [process=gcStatsWorker]
[2026/07/13 03:07:30.453 +08:00] [INFO] [wait_group_wrapper.go:141] ["background process started"] [source=domain] [process=autoAnalyzeWorker]
[2026/07/13 03:07:30.453 +08:00] [INFO] [domain.go:2290] ["deltaUpdateTickerWorker started."]
[2026/07/13 03:07:30.453 +08:00] [INFO] [wait_group_wrapper.go:141] ["background process started"] [source=domain] [process=analyzeJobsCleanupWorker]
[2026/07/13 03:07:30.453 +08:00] [INFO] [domain.go:2263] ["dumpColStatsUsageWorker started."]
[2026/07/13 03:07:30.453 +08:00] [INFO] [domain.go:2047] ["start load stats sub workers"] [workerCount=6]
[2026/07/13 03:07:30.453 +08:00] [INFO] [wait_group_wrapper.go:141] ["background process started"] [source=domain] [process=planCacheEvictTrigger]
[2026/07/13 03:07:30.453 +08:00] [INFO] [wait_group_wrapper.go:141] ["background process started"] [source=domain] [process=planCacheMetricsAndVars]
[2026/07/13 03:07:30.453 +08:00] [INFO] [domain.go:2224] ["gcStatsWorker started."]
[2026/07/13 03:07:30.453 +08:00] [INFO] [wait_group_wrapper.go:141] ["background process started"] [source=domain] [process=readTableCostWorker]
[2026/07/13 03:07:30.453 +08:00] [INFO] [wait_group_wrapper.go:141] ["background process started"] [source=domain] [process=loadSigningCertLoop]
[2026/07/13 03:07:30.453 +08:00] [INFO] [manager.go:499] ["get owner"] [key=/tidb/bindinfo/owner] ["owner key"=/tidb/bindinfo/owner/22319f57aeb65aff] [ownerID=ba3ffb3e-73cb-4579-a694-dc29a0d0e1be]
[2026/07/13 03:07:30.453 +08:00] [INFO] [manager.go:324] ["become owner"] [key=/tidb/bindinfo/owner] [id=ba3ffb3e-73cb-4579-a694-dc29a0d0e1be]
[2026/07/13 03:07:30.453 +08:00] [INFO] [manager.go:588] ["watching owner key"] [key=/tidb/bindinfo/owner] [id=ba3ffb3e-73cb-4579-a694-dc29a0d0e1be] [ownerKey=/tidb/bindinfo/owner/22319f57aeb65aff] [currRev=686]
[2026/07/13 03:07:30.453 +08:00] [INFO] [domain.go:1203] ["initialize node resource"] [total-cpu=14] [total-mem=36GiB] [dxf-resource-limit=100] [dxf-usable-cpu=14] [dxf-usable-mem=36GiB] [total-disk=926.4GiB]
[2026/07/13 03:07:30.454 +08:00] [INFO] [notifier.go:225] ["etcd notify loop to watch timer events started"] [EtcdKey=/tidb/timer/cluster/1/notify/e259c28f-63f2-4869-b762-960e3169ec16]
[2026/07/13 03:07:30.454 +08:00] [INFO] [task_manager.go:248] ["scale ttl worker"] [ttl-worker=job-manager] [ttl-worker=ba3ffb3e-73cb-4579-a694-dc29a0d0e1be] [ttl-worker=task-manager] [ttl-worker=ba3ffb3e-73cb-4579-a694-dc29a0d0e1be] [originalCount=0] [newCount=4]
[2026/07/13 03:07:30.454 +08:00] [INFO] [task_manager.go:248] ["scale ttl worker"] [ttl-worker=job-manager] [ttl-worker=ba3ffb3e-73cb-4579-a694-dc29a0d0e1be] [ttl-worker=task-manager] [ttl-worker=ba3ffb3e-73cb-4579-a694-dc29a0d0e1be] [originalCount=0] [newCount=4]
[2026/07/13 03:07:30.454 +08:00] [INFO] [job_manager.go:519] ["TTL leader to collect delay metrics"] [ttl-worker=job-manager] [ttl-worker=ba3ffb3e-73cb-4579-a694-dc29a0d0e1be]
[2026/07/13 03:07:30.455 +08:00] [INFO] [wait_group_wrapper.go:141] ["background process started"] [source=domain] [process=distTaskFrameworkLoop]
[2026/07/13 03:07:30.455 +08:00] [INFO] [manager.go:124] ["task executor manager start"] [server-id=:4000]
[2026/07/13 03:07:30.455 +08:00] [INFO] [domain.go:1219] ["dist task executor manager started"]
[2026/07/13 03:07:30.456 +08:00] [INFO] [rate_limiter_param.go:104] ["loaded value from meta store"] [key=maxBatchSplitRanges] [value=2048]
[2026/07/13 03:07:30.457 +08:00] [INFO] [helper.go:189] ["set random timezone for getStmtTimestamp"] [timezone=Europe/Berlin]
[2026/07/13 03:07:30.459 +08:00] [INFO] [job_manager.go:1096] ["TTL leader to DoGC"] [ttl-worker=job-manager] [ttl-worker=ba3ffb3e-73cb-4579-a694-dc29a0d0e1be]
[2026/07/13 03:07:30.461 +08:00] [INFO] [manager.go:499] ["get owner"] [key=/tidb/stats/owner] ["owner key"=/tidb/stats/owner/22319f57aeb65b02] [ownerID=ba3ffb3e-73cb-4579-a694-dc29a0d0e1be]
[2026/07/13 03:07:30.461 +08:00] [INFO] [manager.go:324] ["become owner"] [key=/tidb/stats/owner] [id=ba3ffb3e-73cb-4579-a694-dc29a0d0e1be]
[2026/07/13 03:07:30.461 +08:00] [INFO] [manager.go:588] ["watching owner key"] [key=/tidb/stats/owner] [id=ba3ffb3e-73cb-4579-a694-dc29a0d0e1be] [ownerKey=/tidb/stats/owner/22319f57aeb65b02] [currRev=688]
[2026/07/13 03:07:30.464 +08:00] [INFO] [set.go:191] ["set global var"] [conn=1] [name=innodb_lock_wait_timeout] [val=50]
    testkit.go:291: cleaned up ddl and tables
[2026/07/13 03:07:30.468 +08:00] [INFO] [registration.go:700] ["no existing tasks found with same parameters"] [restored_ts=200]
[2026/07/13 03:07:30.468 +08:00] [INFO] [registration.go:307] ["attempting to resume or create registration"] [filter_strings=test.*] [start_ts=100] [restored_ts=200] [upstream_cluster_id=300] [with_sys_table=true] [cmd="point restore"] [is_restored_ts_user_specified=true]
[2026/07/13 03:07:30.471 +08:00] [INFO] [registration.go:394] ["successfully created new registration"] [restore_id=16743369] [filters="[test.*]"]
[2026/07/13 03:07:30.474 +08:00] [INFO] [registration.go:710] ["found existing task with same parameters"] [existing_task_id=16743369] [existing_restored_ts=200] [existing_status=running] [current_restored_ts=200] [filters="[test.*]"] [start_ts=100] ["last heartbeat time"="2026-07-13 03:07:30 +0800 CST"]
[2026/07/13 03:07:30.474 +08:00] [INFO] [registration.go:739] ["existing task is running, checking if it's stale"] [existing_task_id=16743369]
[2026/07/13 03:07:30.474 +08:00] [INFO] [registration.go:791] ["checking if task is stale, will check heartbeat every minute up to 5 minutes"] [task_id=16743369] [initial_heartbeat="2026-07-13 03:07:30 +0800 CST"]
[2026/07/13 03:07:31.454 +08:00] [INFO] [runtime.go:172] ["TimerGroupRuntime loop started"] [groupID=ttl]
[2026/07/13 03:07:31.454 +08:00] [INFO] [runtime.go:444] ["create watch chan if possible for timer runtime"] [groupID=ttl] [storeSupportWatch=true]
[2026/07/13 03:07:31.454 +08:00] [INFO] [notifier.go:140] ["new etcd watcher created to watch timer events"] [EtcdKey=/tidb/timer/cluster/1/notify/e259c28f-63f2-4869-b762-960e3169ec16] [watcherID=ac042ce9-4688-46c3-93fc-15e7cf42aa9e]
[2026/07/13 03:07:31.457 +08:00] [INFO] [slots.go:220] ["initialize slot capacity"] [capacity=14]
[2026/07/13 03:07:31.459 +08:00] [INFO] [scheduler_manager.go:214] ["schedule task loop start"] [server-id=:4000]
[2026/07/13 03:07:31.459 +08:00] [INFO] [scheduler_manager.go:327] ["subtask table gc loop start"] [server-id=:4000]
[2026/07/13 03:07:31.459 +08:00] [INFO] [scheduler_manager.go:483] ["collect loop start"] [server-id=:4000]
[2026/07/13 03:07:31.459 +08:00] [INFO] [scheduler_manager.go:403] ["cleanup loop start"] [server-id=:4000]
[2026/07/13 03:07:31.475 +08:00] [INFO] [registration.go:841] ["task heartbeat unchanged, continuing to wait"] [remaining_minutes=1] [task_id=16743369]
[2026/07/13 03:07:32.335 +08:00] [INFO] [pd.go:434] ["adaptive update ts interval state transition"] [configuredInterval=2s] [prevAdaptiveUpdateInterval=2s] [newAdaptiveUpdateInterval=2s] [requiredStaleness=0s] [prevState=unknown(0)] [newState=normal]
[2026/07/13 03:07:32.419 +08:00] [INFO] [info.go:988] [SetTiFlashGroupConfig]
[2026/07/13 03:07:32.476 +08:00] [INFO] [registration.go:849] ["task heartbeat unchanged for 5 minutes, task is stale"] [task_id=16743369] [initial_heartbeat="2026-07-13 03:07:30 +0800 CST"]
[2026/07/13 03:07:32.476 +08:00] [INFO] [registration.go:751] ["existing running task is stale, attempting to transition to paused"] [existing_task_id=16743369] [existing_restored_ts=200]
[2026/07/13 03:07:32.476 +08:00] [INFO] [registration.go:860] ["attempting to transition stale task to paused state"] [task_id=16743369] [expected_heartbeat="2026-07-13 03:07:30 +0800 CST"]
[2026/07/13 03:07:32.479 +08:00] [INFO] [registration.go:886] ["successfully transitioned stale task to paused state"] [task_id=16743369]
[2026/07/13 03:07:32.480 +08:00] [INFO] [registration.go:765] ["successfully transitioned stale task to paused, will reuse its restoredTS"] [existing_task_id=16743369] [existing_restored_ts=200]
[2026/07/13 03:07:32.480 +08:00] [INFO] [registration.go:994] ["searching for matching task to delete"] [filter_strings=test.*] [start_ts=100] [restored_ts=200] [upstream_cluster_id=300] [with_sys_table=true] [cmd="point restore"]
[2026/07/13 03:07:32.483 +08:00] [INFO] [registration.go:1031] ["found and locked matching task"] [task_id=16743369] [status=paused]
[2026/07/13 03:07:32.483 +08:00] [INFO] [registration.go:1097] ["successfully deleted matching paused task"] [task_id=16743369]
[2026/07/13 03:07:32.484 +08:00] [INFO] [registration.go:1107] ["successfully deleted matching task"] [task_id=16743369]
[2026/07/13 03:07:32.485 +08:00] [INFO] [registration.go:239] ["closing registry"]
[2026/07/13 03:07:32.485 +08:00] [INFO] [registration.go:241] ["closing registry session"]
[2026/07/13 03:07:32.485 +08:00] [INFO] [registration.go:246] ["closing registry heartbeat session"]
[2026/07/13 03:07:32.485 +08:00] [INFO] [syncer.go:488] ["schema version sync loop interrupted, retrying..."] [category=ddl]
[2026/07/13 03:07:32.485 +08:00] [INFO] [job_scheduler.go:268] ["scheduleLoop quit due to context canceled"] [category=ddl]
[2026/07/13 03:07:32.485 +08:00] [INFO] [manager.go:420] ["watch owner finished"] [key=/tidb/ddl/fg/owner] [id=ba3ffb3e-73cb-4579-a694-dc29a0d0e1be] []
[2026/07/13 03:07:32.485 +08:00] [INFO] [manager.go:333] ["retire owner"] [key=/tidb/ddl/fg/owner] [id=ba3ffb3e-73cb-4579-a694-dc29a0d0e1be]
[2026/07/13 03:07:32.485 +08:00] [INFO] [ddl_workerpool.go:78] ["closing workerPool"] [category=ddl]
[2026/07/13 03:07:32.485 +08:00] [INFO] [ddl_workerpool.go:78] ["closing workerPool"] [category=ddl]
[2026/07/13 03:07:32.485 +08:00] [INFO] [manager.go:424] ["is not the owner"] [key=/tidb/ddl/fg/owner] [id=ba3ffb3e-73cb-4579-a694-dc29a0d0e1be]
[2026/07/13 03:07:32.485 +08:00] [INFO] [manager.go:385] ["break campaign loop, context is done"] [key=/tidb/ddl/fg/owner] [id=ba3ffb3e-73cb-4579-a694-dc29a0d0e1be]
[2026/07/13 03:07:32.490 +08:00] [INFO] [delete_range.go:162] ["closing delRange"] [category=ddl]
[2026/07/13 03:07:32.490 +08:00] [INFO] [session_pool.go:133] ["closing session pool"] [category=ddl]
[2026/07/13 03:07:32.490 +08:00] [INFO] [ddl.go:1159] ["DDL closed"] [category=ddl] [ID=ba3ffb3e-73cb-4579-a694-dc29a0d0e1be] ["take time"=5.273416ms]
[2026/07/13 03:07:32.490 +08:00] [INFO] [ddl.go:850] ["stop DDL"] [category=ddl] [ID=ba3ffb3e-73cb-4579-a694-dc29a0d0e1be]
[2026/07/13 03:07:32.490 +08:00] [INFO] [domain.go:483] ["stopping ttlJobManager"]
[2026/07/13 03:07:32.490 +08:00] [INFO] [runtime.go:202] ["TimerGroupRuntime loop exit"] [groupID=ttl]
[2026/07/13 03:07:32.490 +08:00] [INFO] [notifier.go:142] ["etcd watcher exited to watch timer events"] [EtcdKey=/tidb/timer/cluster/1/notify/e259c28f-63f2-4869-b762-960e3169ec16] [watcherID=ac042ce9-4688-46c3-93fc-15e7cf42aa9e]
[2026/07/13 03:07:32.490 +08:00] [INFO] [notifier.go:227] ["etcd notify loop to watch timer events stopped"] [EtcdKey=/tidb/timer/cluster/1/notify/e259c28f-63f2-4869-b762-960e3169ec16]
[2026/07/13 03:07:32.490 +08:00] [INFO] [task_manager.go:225] ["shrink ttl worker"] [ttl-worker=job-manager] [ttl-worker=ba3ffb3e-73cb-4579-a694-dc29a0d0e1be] [ttl-worker=task-manager] [ttl-worker=ba3ffb3e-73cb-4579-a694-dc29a0d0e1be] [originalCount=4] [newCount=0]
[2026/07/13 03:07:32.490 +08:00] [INFO] [scan.go:379] ["ttlScanWorker loop exited."]
[2026/07/13 03:07:32.490 +08:00] [INFO] [scan.go:379] ["ttlScanWorker loop exited."]
[2026/07/13 03:07:32.490 +08:00] [INFO] [scan.go:379] ["ttlScanWorker loop exited."]
[2026/07/13 03:07:32.490 +08:00] [INFO] [scan.go:379] ["ttlScanWorker loop exited."]
[2026/07/13 03:07:32.490 +08:00] [INFO] [task_manager.go:225] ["shrink ttl worker"] [ttl-worker=job-manager] [ttl-worker=ba3ffb3e-73cb-4579-a694-dc29a0d0e1be] [ttl-worker=task-manager] [ttl-worker=ba3ffb3e-73cb-4579-a694-dc29a0d0e1be] [originalCount=4] [newCount=0]
[2026/07/13 03:07:32.491 +08:00] [INFO] [del.go:344] ["ttlDeleteWorker loop exited."]
[2026/07/13 03:07:32.491 +08:00] [INFO] [del.go:344] ["ttlDeleteWorker loop exited."]
[2026/07/13 03:07:32.491 +08:00] [INFO] [del.go:344] ["ttlDeleteWorker loop exited."]
[2026/07/13 03:07:32.491 +08:00] [INFO] [del.go:344] ["ttlDeleteWorker loop exited."]
[2026/07/13 03:07:32.491 +08:00] [INFO] [job_manager.go:183] ["ttlJobManager loop exited."] [ttl-worker=job-manager] [ttl-worker=ba3ffb3e-73cb-4579-a694-dc29a0d0e1be]
[2026/07/13 03:07:32.491 +08:00] [INFO] [job_manager.go:168] ["ttlJobManager loop exited."] [ttl-worker=job-manager] [ttl-worker=ba3ffb3e-73cb-4579-a694-dc29a0d0e1be]
[2026/07/13 03:07:32.491 +08:00] [INFO] [domain.go:494] ["ttlJobManager exited."]
[2026/07/13 03:07:32.491 +08:00] [INFO] [domain.go:2857] ["serverIDSession need restart"]
[2026/07/13 03:07:32.505 +08:00] [INFO] [domain.go:2722] ["releaseServerID succeed"] [serverID=1960] [leaseID=2463925670090529508]
[2026/07/13 03:07:32.505 +08:00] [INFO] [domain.go:1881] ["HistoricalStatsWorker exited."]
[2026/07/13 03:07:32.505 +08:00] [INFO] [domain.go:1816] ["PlanReplayerTaskDumpHandle exited."]
[2026/07/13 03:07:32.505 +08:00] [INFO] [wait_group_wrapper.go:150] ["background process exited"] [source=domain] [process=HistoricalStatsWorker]
[2026/07/13 03:07:32.505 +08:00] [INFO] [wait_group_wrapper.go:150] ["background process exited"] [source=domain] [process=PlanReplayerTaskDumpHandle]
[2026/07/13 03:07:32.505 +08:00] [INFO] [stats_syncload.go:255] ["SubLoadWorker: exits now because the domain is closed."] [category=stats]
[2026/07/13 03:07:32.505 +08:00] [INFO] [plan_replayer.go:411] ["planReplayerTaskDumpWorker exited."]
[2026/07/13 03:07:32.505 +08:00] [INFO] [stats_syncload.go:245] ["SubLoadWorker: exited."] [category=stats]
[2026/07/13 03:07:32.505 +08:00] [INFO] [domain.go:2789] ["serverIDKeeper exited."]
[2026/07/13 03:07:32.505 +08:00] [INFO] [domain.go:1236] ["stopping dist task scheduler manager because the current node is not DDL owner anymore"] [id=ba3ffb3e-73cb-4579-a694-dc29a0d0e1be]
[2026/07/13 03:07:32.505 +08:00] [INFO] [domain.go:1796] ["PlanReplayerTaskCollectHandle exited."]
[2026/07/13 03:07:32.505 +08:00] [INFO] [domain.go:2321] ["autoAnalyzeWorker exited."] [category=stats]
[2026/07/13 03:07:32.505 +08:00] [INFO] [wait_group_wrapper.go:150] ["background process exited"] [source=domain] [process=PlanReplayerTaskCollectHandle]
[2026/07/13 03:07:32.505 +08:00] [INFO] [wait_group_wrapper.go:150] ["background process exited"] [source=domain] [process=autoAnalyzeWorker]
[2026/07/13 03:07:32.505 +08:00] [INFO] [manager.go:241] ["runaway watch sync loop exit"]
[2026/07/13 03:07:32.505 +08:00] [INFO] [wait_group_wrapper.go:150] ["background process exited"] [source=domain] [process=runawayWatchSyncLoop]
[2026/07/13 03:07:32.505 +08:00] [INFO] [flusher.go:89] ["flushing remaining records before stop"] [name=runaway-record]
[2026/07/13 03:07:32.505 +08:00] [INFO] [flusher.go:91] ["stopped flusher"] [name=runaway-record]
[2026/07/13 03:07:32.505 +08:00] [INFO] [flusher.go:89] ["flushing remaining records before stop"] [name=quarantine-record]
[2026/07/13 03:07:32.505 +08:00] [INFO] [flusher.go:91] ["stopped flusher"] [name=quarantine-record]
[2026/07/13 03:07:32.505 +08:00] [INFO] [flusher.go:89] ["flushing remaining records before stop"] [name=stale-quarantine-record]
[2026/07/13 03:07:32.505 +08:00] [INFO] [flusher.go:91] ["stopped flusher"] [name=stale-quarantine-record]
[2026/07/13 03:07:32.505 +08:00] [INFO] [manager.go:205] ["runaway record flush loop exit"]
[2026/07/13 03:07:32.505 +08:00] [INFO] [domain.go:418] ["globalConfigSyncerKeeper exited."]
[2026/07/13 03:07:32.505 +08:00] [INFO] [wait_group_wrapper.go:150] ["background process exited"] [source=domain] [process=runawayRecordFlushLoop]
[2026/07/13 03:07:32.505 +08:00] [INFO] [domain.go:1392] ["loadPrivilegeInLoop exited."]
[2026/07/13 03:07:32.505 +08:00] [INFO] [wait_group_wrapper.go:150] ["background process exited"] [source=domain] [process=loadPrivilegeInLoop]
[2026/07/13 03:07:32.505 +08:00] [INFO] [domain.go:2136] ["asyncLoadStats exited."]
[2026/07/13 03:07:32.505 +08:00] [INFO] [domain.go:2182] ["gcStatsWorker ready to release owner"]
[2026/07/13 03:07:32.505 +08:00] [INFO] [domain.go:2103] ["loadStatsWorker exited."]
[2026/07/13 03:07:32.505 +08:00] [INFO] [stats_syncload.go:255] ["SubLoadWorker: exits now because the domain is closed."] [category=stats]
[2026/07/13 03:07:32.505 +08:00] [INFO] [domain.go:1850] ["dumpFileGcChecker exited."]
[2026/07/13 03:07:32.505 +08:00] [INFO] [stats_syncload.go:245] ["SubLoadWorker: exited."] [category=stats]
[2026/07/13 03:07:32.505 +08:00] [INFO] [wait_group_wrapper.go:150] ["background process exited"] [source=domain] [process=dumpFileGcChecker]
[2026/07/13 03:07:32.505 +08:00] [INFO] [wait_group_wrapper.go:150] ["background process exited"] [source=domain] [process=asyncLoadHistogram]
[2026/07/13 03:07:32.505 +08:00] [INFO] [domain.go:2934] ["planCacheEvictTrigger exited."]
[2026/07/13 03:07:32.505 +08:00] [INFO] [wait_group_wrapper.go:150] ["background process exited"] [source=domain] [process=globalConfigSyncerKeeper]
[2026/07/13 03:07:32.505 +08:00] [INFO] [syncer.go:379] ["topology sync loop exited."]
[2026/07/13 03:07:32.505 +08:00] [INFO] [wait_group_wrapper.go:150] ["background process exited"] [source=domain] [process=loadSigningCertLoop]
[2026/07/13 03:07:32.505 +08:00] [INFO] [wait_group_wrapper.go:150] ["background process exited"] [source=domain] [process=planCacheEvictTrigger]
[2026/07/13 03:07:32.505 +08:00] [INFO] [wait_group_wrapper.go:150] ["background process exited"] [source=domain] [process=loadStatsWorker]
[2026/07/13 03:07:32.505 +08:00] [INFO] [manager.go:420] ["watch owner finished"] [key=/tidb/br-stream/owner] [id=74f23688-5abf-44a3-96b1-1bda9f977a0e] []
[2026/07/13 03:07:32.505 +08:00] [INFO] [manager.go:420] ["watch owner finished"] [key=/tidb/stats/owner] [id=ba3ffb3e-73cb-4579-a694-dc29a0d0e1be] []
[2026/07/13 03:07:32.505 +08:00] [INFO] [manager.go:333] ["retire owner"] [key=/tidb/stats/owner] [id=ba3ffb3e-73cb-4579-a694-dc29a0d0e1be]
[2026/07/13 03:07:32.505 +08:00] [INFO] [domain.go:2271] ["dumpColStatsUsageWorker exited."]
[2026/07/13 03:07:32.505 +08:00] [INFO] [domain.go:2903] ["planCacheMetricsAndVars exited."]
[2026/07/13 03:07:32.505 +08:00] [INFO] [stats_syncload.go:255] ["SubLoadWorker: exits now because the domain is closed."] [category=stats]
[2026/07/13 03:07:32.505 +08:00] [INFO] [stats_syncload.go:245] ["SubLoadWorker: exited."] [category=stats]
[2026/07/13 03:07:32.505 +08:00] [INFO] [wait_group_wrapper.go:150] ["background process exited"] [source=domain] [process=planCacheMetricsAndVars]
[2026/07/13 03:07:32.505 +08:00] [INFO] [manager.go:333] ["retire owner"] [key=/tidb/br-stream/owner] [id=74f23688-5abf-44a3-96b1-1bda9f977a0e]
[2026/07/13 03:07:32.505 +08:00] [INFO] [manager.go:424] ["is not the owner"] [key=/tidb/br-stream/owner] [id=74f23688-5abf-44a3-96b1-1bda9f977a0e]
[2026/07/13 03:07:32.505 +08:00] [INFO] [manager.go:385] ["break campaign loop, context is done"] [key=/tidb/br-stream/owner] [id=74f23688-5abf-44a3-96b1-1bda9f977a0e]
[2026/07/13 03:07:32.505 +08:00] [INFO] [stats_syncload.go:255] ["SubLoadWorker: exits now because the domain is closed."] [category=stats]
[2026/07/13 03:07:32.505 +08:00] [INFO] [stats_syncload.go:245] ["SubLoadWorker: exited."] [category=stats]
[2026/07/13 03:07:32.505 +08:00] [INFO] [domain.go:2385] ["analyzeJobsCleanupWorker exited."]
[2026/07/13 03:07:32.505 +08:00] [INFO] [wait_group_wrapper.go:150] ["background process exited"] [source=domain] [process=analyzeJobsCleanupWorker]
[2026/07/13 03:07:32.505 +08:00] [INFO] [scheduler_manager.go:496] ["collect loop exits"] [server-id=:4000]
[2026/07/13 03:07:32.505 +08:00] [INFO] [stats_syncload.go:255] ["SubLoadWorker: exits now because the domain is closed."] [category=stats]
[2026/07/13 03:07:32.505 +08:00] [INFO] [stats_syncload.go:245] ["SubLoadWorker: exited."] [category=stats]
[2026/07/13 03:07:32.505 +08:00] [INFO] [domain.go:2208] ["deltaUpdateTicker is going to exit, start to flush stats"]
[2026/07/13 03:07:32.505 +08:00] [INFO] [stats_syncload.go:255] ["SubLoadWorker: exits now because the domain is closed."] [category=stats]
[2026/07/13 03:07:32.505 +08:00] [INFO] [stats_syncload.go:245] ["SubLoadWorker: exited."] [category=stats]
[2026/07/13 03:07:32.505 +08:00] [INFO] [domain.go:1466] ["LoadSysVarCacheLoop exited."]
[2026/07/13 03:07:32.505 +08:00] [INFO] [wait_group_wrapper.go:150] ["background process exited"] [source=domain] [process=LoadSysVarCacheLoop]
[2026/07/13 03:07:32.505 +08:00] [INFO] [wait_group_wrapper.go:150] ["background process exited"] [source=domain] [process=topologySyncerKeeper]
[2026/07/13 03:07:32.505 +08:00] [INFO] [syncer.go:245] ["server info sync loop exited."]
[2026/07/13 03:07:32.505 +08:00] [INFO] [wait_group_wrapper.go:150] ["background process exited"] [source=domain] [process=infoSyncerKeeper]
[2026/07/13 03:07:32.505 +08:00] [INFO] [wait_group_wrapper.go:150] ["background process exited"] [source=domain] [process=dumpColStatsUsageWorker]
[2026/07/13 03:07:32.505 +08:00] [INFO] [domain.go:2163] ["indexUsageWorker exited."]
[2026/07/13 03:07:32.505 +08:00] [INFO] [wait_group_wrapper.go:150] ["background process exited"] [source=domain] [process=indexUsageWorker]
[2026/07/13 03:07:32.505 +08:00] [INFO] [manager.go:424] ["is not the owner"] [key=/tidb/stats/owner] [id=ba3ffb3e-73cb-4579-a694-dc29a0d0e1be]
[2026/07/13 03:07:32.505 +08:00] [INFO] [manager.go:385] ["break campaign loop, context is done"] [key=/tidb/stats/owner] [id=ba3ffb3e-73cb-4579-a694-dc29a0d0e1be]
[2026/07/13 03:07:32.505 +08:00] [INFO] [scheduler_manager.go:333] ["subtask history table gc loop exits"] [server-id=:4000]
[2026/07/13 03:07:32.505 +08:00] [INFO] [scheduler_manager.go:222] ["schedule task loop exits"] [server-id=:4000]
[2026/07/13 03:07:32.505 +08:00] [INFO] [scheduler_manager.go:409] ["cleanup loop exits"] [server-id=:4000]
[2026/07/13 03:07:32.506 +08:00] [INFO] [domain.go:1238] ["dist task scheduler manager stopped"] [id=ba3ffb3e-73cb-4579-a694-dc29a0d0e1be]
[2026/07/13 03:07:32.506 +08:00] [INFO] [domain.go:1221] ["stopping dist task executor manager"]
[2026/07/13 03:07:32.505 +08:00] [INFO] [domain.go:2978] ["readTableCostWorker exited."]
[2026/07/13 03:07:32.506 +08:00] [INFO] [manager.go:285] ["recoverMetaLoop done"] [server-id=:4000]
[2026/07/13 03:07:32.506 +08:00] [INFO] [wait_group_wrapper.go:150] ["background process exited"] [source=domain] [process=readTableCostWorker]
[2026/07/13 03:07:32.506 +08:00] [INFO] [manager.go:157] ["handle tasks loop done"] [server-id=:4000]
[2026/07/13 03:07:32.506 +08:00] [INFO] [domain.go:1223] ["dist task executor manager stopped"]
[2026/07/13 03:07:32.506 +08:00] [INFO] [wait_group_wrapper.go:150] ["background process exited"] [source=domain] [process=distTaskFrameworkLoop]
[2026/07/13 03:07:32.506 +08:00] [INFO] [manager.go:420] ["watch owner finished"] [key=/tidb/bindinfo/owner] [id=ba3ffb3e-73cb-4579-a694-dc29a0d0e1be] []
[2026/07/13 03:07:32.506 +08:00] [INFO] [manager.go:333] ["retire owner"] [key=/tidb/bindinfo/owner] [id=ba3ffb3e-73cb-4579-a694-dc29a0d0e1be]
[2026/07/13 03:07:32.506 +08:00] [INFO] [manager.go:424] ["is not the owner"] [key=/tidb/bindinfo/owner] [id=ba3ffb3e-73cb-4579-a694-dc29a0d0e1be]
[2026/07/13 03:07:32.506 +08:00] [INFO] [manager.go:385] ["break campaign loop, context is done"] [key=/tidb/bindinfo/owner] [id=ba3ffb3e-73cb-4579-a694-dc29a0d0e1be]
[2026/07/13 03:07:32.506 +08:00] [INFO] [domain.go:2214] ["deltaUpdateTicker exit preprocessing finished"]
[2026/07/13 03:07:32.506 +08:00] [INFO] [wait_group_wrapper.go:150] ["background process exited"] [source=domain] [process=deltaUpdateTickerWorker]
[2026/07/13 03:07:32.522 +08:00] [INFO] [manager.go:431] ["etcd session close failed"] [key=/tidb/bindinfo/owner] [id=ba3ffb3e-73cb-4579-a694-dc29a0d0e1be] [error="context canceled"]
[2026/07/13 03:07:32.522 +08:00] [INFO] [domain.go:1605] ["globalBindHandleWorkerLoop exited."]
[2026/07/13 03:07:32.522 +08:00] [INFO] [wait_group_wrapper.go:150] ["background process exited"] [source=domain] [process=globalBindHandleWorkerLoop]
[2026/07/13 03:07:32.522 +08:00] [INFO] [manager.go:431] ["etcd session close failed"] [key=/tidb/stats/owner] [id=ba3ffb3e-73cb-4579-a694-dc29a0d0e1be] [error="context canceled"]
[2026/07/13 03:07:32.522 +08:00] [INFO] [advancer_cliext.go:194] ["Start collecting remaining events in the channel."] [category="log backup advancer"] [remained=0]
[2026/07/13 03:07:32.522 +08:00] [INFO] [domain.go:390] ["topNSlowQueryLoop exited."]
[2026/07/13 03:07:32.522 +08:00] [INFO] [wait_group_wrapper.go:150] ["background process exited"] [source=domain] [process=mdlCheckLoop]
[2026/07/13 03:07:32.522 +08:00] [INFO] [domain.go:978] ["closestReplicaReadCheckLoop exited."]
[2026/07/13 03:07:32.522 +08:00] [INFO] [wait_group_wrapper.go:150] ["background process exited"] [source=domain] [process=closestReplicaReadCheckLoop]
[2026/07/13 03:07:32.522 +08:00] [INFO] [wait_group_wrapper.go:150] ["background process exited"] [source=domain] [process=topNSlowQueryLoop]
[2026/07/13 03:07:32.522 +08:00] [INFO] [advancer_cliext.go:199] ["Finish collecting remaining events in the channel."] [category="log backup advancer"]
[2026/07/13 03:07:32.522 +08:00] [INFO] [owner_daemon.go:87] ["daemon loop exits"] [id=74f23688-5abf-44a3-96b1-1bda9f977a0e] [daemon-id=LogBackup::Advancer]
[2026/07/13 03:07:32.522 +08:00] [INFO] [wait_group_wrapper.go:150] ["background process exited"] [source=domain] [process=logBackupAdvancer]
[2026/07/13 03:07:32.522 +08:00] [INFO] [domain.go:2190] ["gcStatsWorker exit preprocessing finished"]
[2026/07/13 03:07:32.522 +08:00] [INFO] [syncer.go:304] ["info schema sync loop exited."]
[2026/07/13 03:07:32.522 +08:00] [INFO] [wait_group_wrapper.go:150] ["background process exited"] [source=domain] [process=loadSchemaInLoop]
[2026/07/13 03:07:32.522 +08:00] [INFO] [domain.go:2235] ["gcStatsWorker exited."]
[2026/07/13 03:07:32.522 +08:00] [INFO] [wait_group_wrapper.go:150] ["background process exited"] [source=domain] [process=gcStatsWorker]
[2026/07/13 03:07:32.566 +08:00] [INFO] [domain.go:549] ["domain closed"] ["take time"=80.608333ms]
[2026/07/13 03:07:32.581 +08:00] [INFO] [client.go:356] ["[pd] http client closed"] [source=tikv-driver]
[2026/07/13 03:07:32.581 +08:00] [INFO] [service_discovery.go:555] ["[pd] exit member loop due to context canceled"]
[2026/07/13 03:07:32.581 +08:00] [INFO] [inner_client.go:96] ["[pd] exit router client initializer"]
[2026/07/13 03:07:32.581 +08:00] [INFO] [resource_manager_client.go:341] ["[resource manager] exit resource token dispatcher"]
[2026/07/13 03:07:32.581 +08:00] [INFO] [router_service_discovery.go:304] ["[router service] exit health check member loop"]
[2026/07/13 03:07:32.581 +08:00] [INFO] [router_service_discovery.go:276] ["[router service] closing router service discovery"]
[2026/07/13 03:07:32.581 +08:00] [INFO] [router_service_discovery.go:262] ["[router service] exit check member loop"]
[2026/07/13 03:07:32.581 +08:00] [INFO] [dispatcher.go:208] ["[tso] stop fetching the pending tso requests due to context canceled"]
[2026/07/13 03:07:32.581 +08:00] [INFO] [router_service_discovery.go:292] ["[router service] is closed"]
[2026/07/13 03:07:32.581 +08:00] [INFO] [dispatcher.go:150] ["[tso] exit tso dispatcher"]
[2026/07/13 03:07:32.581 +08:00] [INFO] [client.go:155] ["[tso] closing tso client"]
[2026/07/13 03:07:32.581 +08:00] [INFO] [watcher.go:73] ["[pd] exit the deadline watcher"] [source=tso]
[2026/07/13 03:07:32.581 +08:00] [INFO] [client.go:160] ["[tso] close tso client"]
[2026/07/13 03:07:32.581 +08:00] [INFO] [client.go:273] ["[tso] exit tso connection contexts updater"]
[2026/07/13 03:07:32.581 +08:00] [INFO] [stream.go:360] ["tsoStream.recvLoop ended"] [stream=127.0.0.1:2379-1] [error="rpc error: code = Canceled desc = context canceled"] [errorVerbose="rpc error: code = Canceled desc = context canceled\ngithub.com/tikv/pd/client/clients/tso.(*tsoStream).recvLoop\n\t/Users/bba/.gvm/pkgsets/go1.25.1/global/pkg/mod/github.com/tikv/pd/client@v0.0.0-20260601035915-3ef6a3b10c84/clients/tso/stream.go:428\nruntime.goexit\n\t/Users/bba/.gvm/pkgsets/go1.25.1/global/pkg/mod/golang.org/toolchain@v0.0.1-go1.25.10.darwin-arm64/src/runtime/asm_arm64.s:1268"]
[2026/07/13 03:07:32.581 +08:00] [INFO] [client.go:162] ["[tso] tso client is closed"]
[2026/07/13 03:07:32.581 +08:00] [INFO] [service_discovery.go:646] ["[pd] close service discovery client"]
[2026/07/13 03:07:32.581 +08:00] [INFO] [inner_client.go:275] ["[pd] close client successfully"]
--- PASS: TestAINativeAbortDeletesActuallyStaleRestoreGREEN (2.25s)
=== RUN   TestAINativeAbortDeletesActuallyStaleRestoreGREEN
[2026/07/13 03:07:32.583 +08:00] [INFO] [service_discovery.go:1023] ["[pd] switch leader"] [new-leader=http://127.0.0.1:2379] [old-leader=]
[2026/07/13 03:07:32.583 +08:00] [INFO] [service_discovery.go:502] ["[pd] init cluster id"] [cluster-id=7661716991383889870]
[2026/07/13 03:07:32.584 +08:00] [INFO] [client.go:210] ["[tso] switch the tso leader serving url"] [new-url=http://127.0.0.1:2379]
[2026/07/13 03:07:32.584 +08:00] [INFO] [inner_client.go:173] ["[pd] tso provider changed to pd"]
[2026/07/13 03:07:32.584 +08:00] [INFO] [watcher.go:56] ["[pd] start the deadline watcher"] [source=tso]
[2026/07/13 03:07:32.584 +08:00] [INFO] [client.go:247] ["[tso] start tso connection contexts updater"]
[2026/07/13 03:07:32.584 +08:00] [INFO] [dispatcher.go:147] ["[tso] tso dispatcher created"]
[2026/07/13 03:07:32.584 +08:00] [INFO] [dispatcher.go:594] ["[tso] switching tso rpc concurrency"] [old=0] [new=1]
[2026/07/13 03:07:32.584 +08:00] [INFO] [inner_client.go:154] ["[pd] service mode changed"] [new-mode=PD_SVC_MODE]
[2026/07/13 03:07:32.584 +08:00] [INFO] [router_service_discovery.go:151] ["[router service] created router service discovery"] [cluster-id=7661716991383889870] [keyspace-id=4294967295] [default-discovery-key=/ms/7661716991383889870/router/registry/]
[2026/07/13 03:07:32.584 +08:00] [INFO] [router_service_discovery.go:163] ["[router service] initializing router service discovery"] [max-retry-times=100] [retry-interval=1s]
[2026/07/13 03:07:32.584 +08:00] [INFO] [router_service_discovery.go:249] ["[router service] update member sorted urls"] [new-sorted-urls="[]"]
[2026/07/13 03:07:32.584 +08:00] [INFO] [router_service_discovery.go:234] ["[router service] updating nodes succeeded"] [urls="[]"] [clients-length=0]
[2026/07/13 03:07:32.585 +08:00] [INFO] [tikv_driver.go:194] ["using API V1."]
[2026/07/13 03:07:32.585 +08:00] [INFO] [client.go:417] ["[router] connection daemon is started"]
[2026/07/13 03:07:32.585 +08:00] [INFO] [inner_client.go:91] ["[pd] start router client initializer"]
[2026/07/13 03:07:32.585 +08:00] [INFO] [client.go:578] ["[router] dispatcher is started"]
[2026/07/13 03:07:32.585 +08:00] [INFO] [client.go:502] ["[router] successfully established the leader router stream connection"] [url=http://127.0.0.1:2379]
[2026/07/13 03:07:32.585 +08:00] [INFO] [metamanager.go:146] ["return meta service group info"] [meta-service-info="{\"PDAddrs\":[\"127.0.0.1:2379\"],\"Group\":{\"GroupID\":\"0\",\"Addrs\":[\"127.0.0.1:2379\"]}}"]
[2026/07/13 03:07:32.587 +08:00] [INFO] [store_cache.go:572] ["change store resolve state"] [store=1] [addr=127.0.0.1:20160] [from=unresolved] [to=resolved] [liveness-state=reachable]
[2026/07/13 03:07:32.590 +08:00] [INFO] [session.go:4348] ["cluster already bootstrapped"] [version=261]
[2026/07/13 03:07:32.590 +08:00] [INFO] [tidb.go:103] ["new domain"] [store=tikv-7661716991383889870/] ["ddl lease"=500ms] ["stats lease"=3s]
[2026/07/13 03:07:32.614 +08:00] [INFO] [info.go:279] ["init TiFlashReplicaManager"]
[2026/07/13 03:07:32.639 +08:00] [INFO] [domain.go:2697] [acquireServerID] [serverID=1984] ["lease id"=22319f57aeb65b31]
[2026/07/13 03:07:32.644 +08:00] [INFO] [global_controller.go:219] ["load resource controller config"] [config="{\"degraded-mode-wait-duration\":\"0s\",\"ltb-max-wait-duration\":\"30s\",\"ltb-token-rpc-max-delay\":\"1s\",\"request-unit\":{\"read-base-cost\":0.125,\"read-per-batch-base-cost\":0.5,\"read-cost-per-byte\":0.0000152587890625,\"write-base-cost\":1,\"write-per-batch-base-cost\":1,\"write-cost-per-byte\":0.0009765625,\"read-cpu-ms-cost\":0.3333333333333333},\"enable-controller-trace-log\":\"false\",\"token-rpc-params\":{\"wait-retry-interval\":\"50ms\",\"wait-retry-times\":20}}"] [ru-config="{\"ReadBaseCost\":0.125,\"ReadPerBatchBaseCost\":0.5,\"ReadBytesCost\":0.0000152587890625,\"WriteBaseCost\":1,\"WritePerBatchBaseCost\":1,\"WriteBytesCost\":0.0009765625,\"CPUMsCost\":0.3333333333333333,\"LTBMaxWaitDuration\":30000000000,\"WaitRetryInterval\":50000000,\"WaitRetryTimes\":20,\"DegradedModeWaitDuration\":0}"] [keyspace-id=4294967295]
[2026/07/13 03:07:32.655 +08:00] [INFO] [loader.go:281] ["full load InfoSchema success"] [mode=auto] [isV2=true] [currentSchemaVersion=0] [neededSchemaVersion=57] ["elapsed time"=9.15325ms]
[2026/07/13 03:07:32.655 +08:00] [INFO] [syncer.go:456] ["full load and reset schema validator"]
[2026/07/13 03:07:32.656 +08:00] [INFO] [global_controller.go:577] ["[resource group controller] create resource group cost controller"] [name=default]
[2026/07/13 03:07:32.657 +08:00] [INFO] [ddl.go:994] ["job version in use is not v2 or global index v1 not supported, maybe in upgrade, start detecting"] [category=ddl] [current=v2] [globalIndexV1Supported=false]
[2026/07/13 03:07:32.657 +08:00] [INFO] [ddl.go:883] ["start DDL"] [category=ddl] [ID=3373167e-90db-4b60-ba3e-0ee4af8160f6] [runWorker=true] [jobVersion=v2] [startMode=normal]
[2026/07/13 03:07:32.657 +08:00] [INFO] [ddl.go:858] ["start delRangeManager OK"] [category=ddl] ["is a emulator"=false]
[2026/07/13 03:07:32.662 +08:00] [INFO] [manager.go:289] ["start campaign owner"] [key=/tidb/ddl/fg/owner] [id=3373167e-90db-4b60-ba3e-0ee4af8160f6]
[2026/07/13 03:07:32.675 +08:00] [INFO] [env.go:123] ["the ingest sorted directory"] [category=ddl-ingest] ["data path"=/tmp/tidb/tmp_ddl-4000]
[2026/07/13 03:07:32.675 +08:00] [WARN] [env.go:84] ["ingest backfill may not be available"] [category=ddl-ingest] [error="the available disk space(44120289280) in /tmp/tidb/tmp_ddl-4000 should be greater than @@tidb_ddl_disk_quota(107374182400)"] [errorVerbose="the available disk space(44120289280) in /tmp/tidb/tmp_ddl-4000 should be greater than @@tidb_ddl_disk_quota(107374182400)\ngithub.com/pingcap/tidb/pkg/ddl/ingest.(*diskRootImpl).StartupCheck\n\t/private/tmp/ai-native-br-abort-13282a8/pkg/ddl/ingest/disk_root.go:191\ngithub.com/pingcap/tidb/pkg/ddl/ingest.InitGlobalLightningEnv\n\t/private/tmp/ai-native-br-abort-13282a8/pkg/ddl/ingest/env.go:82\ngithub.com/pingcap/tidb/pkg/ddl.(*ddl).Start\n\t/private/tmp/ai-native-br-abort-13282a8/pkg/ddl/ddl.go:944\ngithub.com/pingcap/tidb/pkg/domain.(*Domain).Start\n\t/private/tmp/ai-native-br-abort-13282a8/pkg/domain/domain.go:808\ngithub.com/pingcap/tidb/pkg/session.bootstrapSessionImpl\n\t/private/tmp/ai-native-br-abort-13282a8/pkg/session/session.go:4412\ngithub.com/pingcap/tidb/pkg/session.BootstrapSession\n\t/private/tmp/ai-native-br-abort-13282a8/pkg/session/session.go:4287\ngithub.com/pingcap/tidb/tests/realtikvtest.CreateMockStoreAndDomainAndSetup\n\t/private/tmp/ai-native-br-abort-13282a8/tests/realtikvtest/testkit.go:263\ngithub.com/pingcap/tidb/tests/realtikvtest/brregistrytest.TestAINativeAbortDeletesActuallyStaleRestoreGREEN\n\t/private/tmp/ai-native-br-abort-13282a8/tests/realtikvtest/brregistrytest/abort_live_heartbeat_test.go:140\ntesting.tRunner\n\t/Users/bba/.gvm/pkgsets/go1.25.1/global/pkg/mod/golang.org/toolchain@v0.0.1-go1.25.10.darwin-arm64/src/testing/testing.go:1934\nruntime.goexit\n\t/Users/bba/.gvm/pkgsets/go1.25.1/global/pkg/mod/golang.org/toolchain@v0.0.1-go1.25.10.darwin-arm64/src/runtime/asm_arm64.s:1268"]
[2026/07/13 03:07:32.675 +08:00] [INFO] [env.go:88] ["init global ingest backend environment finished"] [category=ddl-ingest] ["memory limitation"=19327352832] ["disk usage info"="disk usage: 950542295040/994662584320, backend usage: 0"] ["max open file number"=138240] ["lightning is initialized"=true]
[2026/07/13 03:07:32.675 +08:00] [INFO] [wait_group_wrapper.go:141] ["background process started"] [source=domain] [process=loadSchemaInLoop]
[2026/07/13 03:07:32.675 +08:00] [INFO] [wait_group_wrapper.go:141] ["background process started"] [source=domain] [process=mdlCheckLoop]
[2026/07/13 03:07:32.675 +08:00] [INFO] [wait_group_wrapper.go:141] ["background process started"] [source=domain] [process=topNSlowQueryLoop]
[2026/07/13 03:07:32.675 +08:00] [INFO] [wait_group_wrapper.go:141] ["background process started"] [source=domain] [process=infoSyncerKeeper]
[2026/07/13 03:07:32.675 +08:00] [INFO] [wait_group_wrapper.go:141] ["background process started"] [source=domain] [process=globalConfigSyncerKeeper]
[2026/07/13 03:07:32.675 +08:00] [INFO] [wait_group_wrapper.go:141] ["background process started"] [source=domain] [process=runawayRecordFlushLoop]
[2026/07/13 03:07:32.675 +08:00] [INFO] [wait_group_wrapper.go:141] ["background process started"] [source=domain] [process=runawayWatchSyncLoop]
[2026/07/13 03:07:32.675 +08:00] [INFO] [wait_group_wrapper.go:141] ["background process started"] [source=domain] [process=requestUnitsWriterLoop]
[2026/07/13 03:07:32.675 +08:00] [INFO] [wait_group_wrapper.go:141] ["background process started"] [source=domain] [process=topologySyncerKeeper]
[2026/07/13 03:07:32.675 +08:00] [INFO] [wait_group_wrapper.go:141] ["background process started"] [source=domain] [process=closestReplicaReadCheckLoop]
[2026/07/13 03:07:32.675 +08:00] [INFO] [wait_group_wrapper.go:150] ["background process exited"] [source=domain] [process=requestUnitsWriterLoop]
[2026/07/13 03:07:32.675 +08:00] [INFO] [owner_daemon.go:70] ["begin advancer daemon"] [daemon-id=LogBackup::Advancer]
[2026/07/13 03:07:32.675 +08:00] [INFO] [manager.go:289] ["start campaign owner"] [key=/tidb/br-stream/owner] [id=ed94bac2-111d-4a69-a89b-16c906110c4d]
[2026/07/13 03:07:32.683 +08:00] [INFO] [manager.go:499] ["get owner"] [key=/tidb/ddl/fg/owner] ["owner key"=/tidb/ddl/fg/owner/22319f57aeb65b3c] [ownerID=3373167e-90db-4b60-ba3e-0ee4af8160f6]
[2026/07/13 03:07:32.683 +08:00] [INFO] [manager.go:324] ["become owner"] [key=/tidb/ddl/fg/owner] [id=3373167e-90db-4b60-ba3e-0ee4af8160f6]
[2026/07/13 03:07:32.683 +08:00] [INFO] [manager.go:588] ["watching owner key"] [key=/tidb/ddl/fg/owner] [id=3373167e-90db-4b60-ba3e-0ee4af8160f6] [ownerKey=/tidb/ddl/fg/owner/22319f57aeb65b3c] [currRev=703]
[2026/07/13 03:07:32.684 +08:00] [INFO] [wait_group_wrapper.go:141] ["background process started"] [source=domain] [process=logBackupAdvancer]
[2026/07/13 03:07:32.684 +08:00] [INFO] [owner_daemon.go:81] ["begin running daemon"] [id=ed94bac2-111d-4a69-a89b-16c906110c4d] [daemon-id=LogBackup::Advancer]
[2026/07/13 03:07:32.684 +08:00] [WARN] [sysvar_cache.go:53] ["sysvar cache is empty, triggering rebuild"]
[2026/07/13 03:07:32.685 +08:00] [INFO] [client.go:427] ["[router] follower handle status changed"] [enable=true]
[2026/07/13 03:07:32.685 +08:00] [INFO] [inner_client.go:103] ["[pd] notified to disable the router client"]
[2026/07/13 03:07:32.685 +08:00] [INFO] [client.go:318] ["[router] closing router client"]
[2026/07/13 03:07:32.685 +08:00] [INFO] [client.go:599] ["[router] stop fetching the pending router requests due to context canceled"]
[2026/07/13 03:07:32.685 +08:00] [INFO] [client.go:580] ["[router] dispatcher is exiting"]
[2026/07/13 03:07:32.685 +08:00] [INFO] [client.go:423] ["[router] connection daemon is exiting"]
[2026/07/13 03:07:32.685 +08:00] [INFO] [client.go:585] ["[router] dispatcher exited"]
[2026/07/13 03:07:32.686 +08:00] [INFO] [client.go:323] ["[router] router client is closed"]
[2026/07/13 03:07:32.686 +08:00] [INFO] [wait_group_wrapper.go:141] ["background process started"] [source=domain] [process=loadPrivilegeInLoop]
[2026/07/13 03:07:32.687 +08:00] [INFO] [wait_group_wrapper.go:141] ["background process started"] [source=domain] [process=LoadSysVarCacheLoop]
[2026/07/13 03:07:32.688 +08:00] [INFO] [job_scheduler.go:362] ["get global state and global state change"] [category=ddl] [oldState=false] [currState=false]
[2026/07/13 03:07:32.688 +08:00] [INFO] [manager.go:533] ["set owner op is the same as the original, so do nothing."] [key=/tidb/ddl/fg/owner] [id=3373167e-90db-4b60-ba3e-0ee4af8160f6] [op=none]
[2026/07/13 03:07:32.688 +08:00] [INFO] [job_scheduler.go:374] ["the owner sets owner operator value"] [category=ddl] [ownerOp=none]
[2026/07/13 03:07:32.688 +08:00] [INFO] [binding_cache.go:75] ["load bindings"] [category=sql-bind] [fullLoad=true] [fromRemote=false] [cacheSizeChange=false] [hasNewBinding=false] [cacheCapacity=67108864] [cacheUsage=0] [cachedBindingNum=0] [duration=1.30525ms] []
[2026/07/13 03:07:32.688 +08:00] [INFO] [manager.go:289] ["start campaign owner"] [key=/tidb/bindinfo/owner] [id=3373167e-90db-4b60-ba3e-0ee4af8160f6]
[2026/07/13 03:07:32.693 +08:00] [INFO] [manager.go:499] ["get owner"] [key=/tidb/br-stream/owner] ["owner key"=/tidb/br-stream/owner/22319f57aeb65b40] [ownerID=ed94bac2-111d-4a69-a89b-16c906110c4d]
[2026/07/13 03:07:32.693 +08:00] [INFO] [manager.go:324] ["become owner"] [key=/tidb/br-stream/owner] [id=ed94bac2-111d-4a69-a89b-16c906110c4d]
[2026/07/13 03:07:32.693 +08:00] [INFO] [manager.go:588] ["watching owner key"] [key=/tidb/br-stream/owner] [id=ed94bac2-111d-4a69-a89b-16c906110c4d] [ownerKey=/tidb/br-stream/owner/22319f57aeb65b40] [currRev=704]
[2026/07/13 03:07:32.693 +08:00] [INFO] [wait_group_wrapper.go:141] ["background process started"] [source=domain] [process=globalBindHandleWorkerLoop]
[2026/07/13 03:07:32.695 +08:00] [INFO] [wait_group_wrapper.go:141] ["background process started"] [source=domain] [process=PlanReplayerTaskCollectHandle]
[2026/07/13 03:07:32.695 +08:00] [INFO] [wait_group_wrapper.go:141] ["background process started"] [source=domain] [process=PlanReplayerTaskDumpHandle]
[2026/07/13 03:07:32.695 +08:00] [INFO] [wait_group_wrapper.go:141] ["background process started"] [source=domain] [process=dumpFileGcChecker]
[2026/07/13 03:07:32.695 +08:00] [INFO] [wait_group_wrapper.go:141] ["background process started"] [source=domain] [process=HistoricalStatsWorker]
[2026/07/13 03:07:32.695 +08:00] [INFO] [domain.go:1792] ["PlanReplayerTaskCollectHandle started"]
[2026/07/13 03:07:32.695 +08:00] [INFO] [domain.go:1846] ["dumpFileGcChecker started"]
[2026/07/13 03:07:32.695 +08:00] [INFO] [domain.go:1814] ["PlanReplayerTaskDumpHandle started"]
[2026/07/13 03:07:32.695 +08:00] [INFO] [plan_replayer.go:407] ["planReplayerTaskDumpWorker started."]
[2026/07/13 03:07:32.695 +08:00] [INFO] [domain.go:1879] ["HistoricalStatsWorker started"]
[2026/07/13 03:07:32.695 +08:00] [INFO] [wait_group_wrapper.go:141] ["background process started"] [source=domain] [process=loadStatsWorker]
[2026/07/13 03:07:32.695 +08:00] [INFO] [manager.go:289] ["start campaign owner"] [key=/tidb/stats/owner] [id=3373167e-90db-4b60-ba3e-0ee4af8160f6]
[2026/07/13 03:07:32.696 +08:00] [INFO] [bootstrap.go:873] ["Complete loading the stats meta in the lite mode"] [category=stats] [duration=892.708µs]
[2026/07/13 03:07:32.697 +08:00] [INFO] [bootstrap.go:880] ["Complete loading the histogram in the lite mode"] [category=stats] [duration=1.165375ms]
[2026/07/13 03:07:32.697 +08:00] [INFO] [domain.go:2090] ["Init stats succeed"] [category=stats] [isLiteInitStats=true] [duration=2.446041ms]
[2026/07/13 03:07:32.702 +08:00] [INFO] [wait_group_wrapper.go:141] ["background process started"] [source=domain] [process=indexUsageWorker]
[2026/07/13 03:07:32.702 +08:00] [INFO] [wait_group_wrapper.go:141] ["background process started"] [source=domain] [process=asyncLoadHistogram]
[2026/07/13 03:07:32.702 +08:00] [INFO] [wait_group_wrapper.go:141] ["background process started"] [source=domain] [process=deltaUpdateTickerWorker]
[2026/07/13 03:07:32.702 +08:00] [INFO] [wait_group_wrapper.go:141] ["background process started"] [source=domain] [process=dumpColStatsUsageWorker]
[2026/07/13 03:07:32.702 +08:00] [INFO] [wait_group_wrapper.go:141] ["background process started"] [source=domain] [process=gcStatsWorker]
[2026/07/13 03:07:32.702 +08:00] [INFO] [wait_group_wrapper.go:141] ["background process started"] [source=domain] [process=autoAnalyzeWorker]
[2026/07/13 03:07:32.702 +08:00] [INFO] [wait_group_wrapper.go:141] ["background process started"] [source=domain] [process=analyzeJobsCleanupWorker]
[2026/07/13 03:07:32.702 +08:00] [INFO] [domain.go:2047] ["start load stats sub workers"] [workerCount=6]
[2026/07/13 03:07:32.702 +08:00] [INFO] [wait_group_wrapper.go:141] ["background process started"] [source=domain] [process=planCacheEvictTrigger]
[2026/07/13 03:07:32.702 +08:00] [INFO] [wait_group_wrapper.go:141] ["background process started"] [source=domain] [process=planCacheMetricsAndVars]
[2026/07/13 03:07:32.702 +08:00] [INFO] [wait_group_wrapper.go:141] ["background process started"] [source=domain] [process=readTableCostWorker]
[2026/07/13 03:07:32.702 +08:00] [INFO] [domain.go:2290] ["deltaUpdateTickerWorker started."]
[2026/07/13 03:07:32.702 +08:00] [INFO] [domain.go:2263] ["dumpColStatsUsageWorker started."]
[2026/07/13 03:07:32.702 +08:00] [INFO] [domain.go:2224] ["gcStatsWorker started."]
[2026/07/13 03:07:32.702 +08:00] [INFO] [wait_group_wrapper.go:141] ["background process started"] [source=domain] [process=loadSigningCertLoop]
[2026/07/13 03:07:32.702 +08:00] [INFO] [domain.go:1203] ["initialize node resource"] [total-cpu=14] [total-mem=36GiB] [dxf-resource-limit=100] [dxf-usable-cpu=14] [dxf-usable-mem=36GiB] [total-disk=926.4GiB]
[2026/07/13 03:07:32.702 +08:00] [INFO] [notifier.go:225] ["etcd notify loop to watch timer events started"] [EtcdKey=/tidb/timer/cluster/1/notify/fc97211e-eefa-4252-a468-e317a62d6bb8]
[2026/07/13 03:07:32.703 +08:00] [INFO] [task_manager.go:248] ["scale ttl worker"] [ttl-worker=job-manager] [ttl-worker=3373167e-90db-4b60-ba3e-0ee4af8160f6] [ttl-worker=task-manager] [ttl-worker=3373167e-90db-4b60-ba3e-0ee4af8160f6] [originalCount=0] [newCount=4]
[2026/07/13 03:07:32.703 +08:00] [INFO] [task_manager.go:248] ["scale ttl worker"] [ttl-worker=job-manager] [ttl-worker=3373167e-90db-4b60-ba3e-0ee4af8160f6] [ttl-worker=task-manager] [ttl-worker=3373167e-90db-4b60-ba3e-0ee4af8160f6] [originalCount=0] [newCount=4]
[2026/07/13 03:07:32.703 +08:00] [INFO] [job_manager.go:519] ["TTL leader to collect delay metrics"] [ttl-worker=job-manager] [ttl-worker=3373167e-90db-4b60-ba3e-0ee4af8160f6]
[2026/07/13 03:07:32.703 +08:00] [INFO] [wait_group_wrapper.go:141] ["background process started"] [source=domain] [process=distTaskFrameworkLoop]
[2026/07/13 03:07:32.703 +08:00] [INFO] [manager.go:124] ["task executor manager start"] [server-id=:4000]
[2026/07/13 03:07:32.703 +08:00] [INFO] [domain.go:1219] ["dist task executor manager started"]
[2026/07/13 03:07:32.704 +08:00] [INFO] [rate_limiter_param.go:104] ["loaded value from meta store"] [key=maxBatchSplitRanges] [value=2048]
[2026/07/13 03:07:32.705 +08:00] [INFO] [job_manager.go:1096] ["TTL leader to DoGC"] [ttl-worker=job-manager] [ttl-worker=3373167e-90db-4b60-ba3e-0ee4af8160f6]
[2026/07/13 03:07:32.706 +08:00] [INFO] [manager.go:499] ["get owner"] [key=/tidb/bindinfo/owner] ["owner key"=/tidb/bindinfo/owner/22319f57aeb65b4a] [ownerID=3373167e-90db-4b60-ba3e-0ee4af8160f6]
[2026/07/13 03:07:32.706 +08:00] [INFO] [manager.go:324] ["become owner"] [key=/tidb/bindinfo/owner] [id=3373167e-90db-4b60-ba3e-0ee4af8160f6]
[2026/07/13 03:07:32.706 +08:00] [INFO] [manager.go:588] ["watching owner key"] [key=/tidb/bindinfo/owner] [id=3373167e-90db-4b60-ba3e-0ee4af8160f6] [ownerKey=/tidb/bindinfo/owner/22319f57aeb65b4a] [currRev=706]
[2026/07/13 03:07:32.710 +08:00] [INFO] [manager.go:499] ["get owner"] [key=/tidb/stats/owner] ["owner key"=/tidb/stats/owner/22319f57aeb65b4e] [ownerID=3373167e-90db-4b60-ba3e-0ee4af8160f6]
[2026/07/13 03:07:32.710 +08:00] [INFO] [manager.go:324] ["become owner"] [key=/tidb/stats/owner] [id=3373167e-90db-4b60-ba3e-0ee4af8160f6]
[2026/07/13 03:07:32.710 +08:00] [INFO] [manager.go:588] ["watching owner key"] [key=/tidb/stats/owner] [id=3373167e-90db-4b60-ba3e-0ee4af8160f6] [ownerKey=/tidb/stats/owner/22319f57aeb65b4e] [currRev=707]
[2026/07/13 03:07:32.711 +08:00] [INFO] [set.go:191] ["set global var"] [conn=3] [name=innodb_lock_wait_timeout] [val=50]
    testkit.go:291: cleaned up ddl and tables
[2026/07/13 03:07:32.716 +08:00] [INFO] [registration.go:700] ["no existing tasks found with same parameters"] [restored_ts=200]
[2026/07/13 03:07:32.717 +08:00] [INFO] [registration.go:307] ["attempting to resume or create registration"] [filter_strings=test.*] [start_ts=100] [restored_ts=200] [upstream_cluster_id=300] [with_sys_table=true] [cmd="point restore"] [is_restored_ts_user_specified=true]
[2026/07/13 03:07:32.719 +08:00] [INFO] [registration.go:394] ["successfully created new registration"] [restore_id=18743369] [filters="[test.*]"]
[2026/07/13 03:07:32.721 +08:00] [INFO] [registration.go:710] ["found existing task with same parameters"] [existing_task_id=18743369] [existing_restored_ts=200] [existing_status=running] [current_restored_ts=200] [filters="[test.*]"] [start_ts=100] ["last heartbeat time"="2026-07-13 03:07:32 +0800 CST"]
[2026/07/13 03:07:32.721 +08:00] [INFO] [registration.go:739] ["existing task is running, checking if it's stale"] [existing_task_id=18743369]
[2026/07/13 03:07:32.721 +08:00] [INFO] [registration.go:791] ["checking if task is stale, will check heartbeat every minute up to 5 minutes"] [task_id=18743369] [initial_heartbeat="2026-07-13 03:07:32 +0800 CST"]
[2026/07/13 03:07:33.703 +08:00] [INFO] [runtime.go:172] ["TimerGroupRuntime loop started"] [groupID=ttl]
[2026/07/13 03:07:33.703 +08:00] [INFO] [runtime.go:444] ["create watch chan if possible for timer runtime"] [groupID=ttl] [storeSupportWatch=true]
[2026/07/13 03:07:33.703 +08:00] [INFO] [notifier.go:140] ["new etcd watcher created to watch timer events"] [EtcdKey=/tidb/timer/cluster/1/notify/fc97211e-eefa-4252-a468-e317a62d6bb8] [watcherID=d596099e-4f8e-42fe-8075-922a5e569cde]
[2026/07/13 03:07:33.704 +08:00] [INFO] [slots.go:220] ["initialize slot capacity"] [capacity=14]
[2026/07/13 03:07:33.707 +08:00] [INFO] [scheduler_manager.go:214] ["schedule task loop start"] [server-id=:4000]
[2026/07/13 03:07:33.707 +08:00] [INFO] [scheduler_manager.go:403] ["cleanup loop start"] [server-id=:4000]
[2026/07/13 03:07:33.707 +08:00] [INFO] [scheduler_manager.go:483] ["collect loop start"] [server-id=:4000]
[2026/07/13 03:07:33.707 +08:00] [INFO] [scheduler_manager.go:327] ["subtask table gc loop start"] [server-id=:4000]
[2026/07/13 03:07:33.722 +08:00] [INFO] [registration.go:841] ["task heartbeat unchanged, continuing to wait"] [remaining_minutes=1] [task_id=18743369]
[2026/07/13 03:07:34.586 +08:00] [INFO] [pd.go:434] ["adaptive update ts interval state transition"] [configuredInterval=2s] [prevAdaptiveUpdateInterval=2s] [newAdaptiveUpdateInterval=2s] [requiredStaleness=0s] [prevState=unknown(0)] [newState=normal]
[2026/07/13 03:07:34.675 +08:00] [INFO] [info.go:988] [SetTiFlashGroupConfig]
[2026/07/13 03:07:34.726 +08:00] [INFO] [registration.go:849] ["task heartbeat unchanged for 5 minutes, task is stale"] [task_id=18743369] [initial_heartbeat="2026-07-13 03:07:32 +0800 CST"]
[2026/07/13 03:07:34.726 +08:00] [INFO] [registration.go:751] ["existing running task is stale, attempting to transition to paused"] [existing_task_id=18743369] [existing_restored_ts=200]
[2026/07/13 03:07:34.726 +08:00] [INFO] [registration.go:860] ["attempting to transition stale task to paused state"] [task_id=18743369] [expected_heartbeat="2026-07-13 03:07:32 +0800 CST"]
[2026/07/13 03:07:34.728 +08:00] [INFO] [registration.go:886] ["successfully transitioned stale task to paused state"] [task_id=18743369]
[2026/07/13 03:07:34.730 +08:00] [INFO] [registration.go:765] ["successfully transitioned stale task to paused, will reuse its restoredTS"] [existing_task_id=18743369] [existing_restored_ts=200]
[2026/07/13 03:07:34.730 +08:00] [INFO] [registration.go:994] ["searching for matching task to delete"] [filter_strings=test.*] [start_ts=100] [restored_ts=200] [upstream_cluster_id=300] [with_sys_table=true] [cmd="point restore"]
[2026/07/13 03:07:34.733 +08:00] [INFO] [registration.go:1031] ["found and locked matching task"] [task_id=18743369] [status=paused]
[2026/07/13 03:07:34.734 +08:00] [INFO] [registration.go:1097] ["successfully deleted matching paused task"] [task_id=18743369]
[2026/07/13 03:07:34.735 +08:00] [INFO] [registration.go:1107] ["successfully deleted matching task"] [task_id=18743369]
[2026/07/13 03:07:34.736 +08:00] [INFO] [registration.go:239] ["closing registry"]
[2026/07/13 03:07:34.736 +08:00] [INFO] [registration.go:241] ["closing registry session"]
[2026/07/13 03:07:34.736 +08:00] [INFO] [registration.go:246] ["closing registry heartbeat session"]
[2026/07/13 03:07:34.736 +08:00] [INFO] [job_scheduler.go:268] ["scheduleLoop quit due to context canceled"] [category=ddl]
[2026/07/13 03:07:34.736 +08:00] [INFO] [syncer.go:488] ["schema version sync loop interrupted, retrying..."] [category=ddl]
[2026/07/13 03:07:34.736 +08:00] [INFO] [manager.go:420] ["watch owner finished"] [key=/tidb/ddl/fg/owner] [id=3373167e-90db-4b60-ba3e-0ee4af8160f6] []
[2026/07/13 03:07:34.736 +08:00] [INFO] [manager.go:333] ["retire owner"] [key=/tidb/ddl/fg/owner] [id=3373167e-90db-4b60-ba3e-0ee4af8160f6]
[2026/07/13 03:07:34.736 +08:00] [INFO] [ddl_workerpool.go:78] ["closing workerPool"] [category=ddl]
[2026/07/13 03:07:34.736 +08:00] [INFO] [ddl_workerpool.go:78] ["closing workerPool"] [category=ddl]
[2026/07/13 03:07:34.736 +08:00] [INFO] [manager.go:424] ["is not the owner"] [key=/tidb/ddl/fg/owner] [id=3373167e-90db-4b60-ba3e-0ee4af8160f6]
[2026/07/13 03:07:34.736 +08:00] [INFO] [manager.go:385] ["break campaign loop, context is done"] [key=/tidb/ddl/fg/owner] [id=3373167e-90db-4b60-ba3e-0ee4af8160f6]
[2026/07/13 03:07:34.742 +08:00] [INFO] [delete_range.go:162] ["closing delRange"] [category=ddl]
[2026/07/13 03:07:34.742 +08:00] [INFO] [session_pool.go:133] ["closing session pool"] [category=ddl]
[2026/07/13 03:07:34.742 +08:00] [INFO] [ddl.go:1159] ["DDL closed"] [category=ddl] [ID=3373167e-90db-4b60-ba3e-0ee4af8160f6] ["take time"=5.612875ms]
[2026/07/13 03:07:34.742 +08:00] [INFO] [ddl.go:850] ["stop DDL"] [category=ddl] [ID=3373167e-90db-4b60-ba3e-0ee4af8160f6]
[2026/07/13 03:07:34.742 +08:00] [INFO] [domain.go:483] ["stopping ttlJobManager"]
[2026/07/13 03:07:34.742 +08:00] [INFO] [notifier.go:142] ["etcd watcher exited to watch timer events"] [EtcdKey=/tidb/timer/cluster/1/notify/fc97211e-eefa-4252-a468-e317a62d6bb8] [watcherID=d596099e-4f8e-42fe-8075-922a5e569cde]
[2026/07/13 03:07:34.742 +08:00] [INFO] [runtime.go:202] ["TimerGroupRuntime loop exit"] [groupID=ttl]
[2026/07/13 03:07:34.742 +08:00] [INFO] [notifier.go:227] ["etcd notify loop to watch timer events stopped"] [EtcdKey=/tidb/timer/cluster/1/notify/fc97211e-eefa-4252-a468-e317a62d6bb8]
[2026/07/13 03:07:34.742 +08:00] [INFO] [task_manager.go:225] ["shrink ttl worker"] [ttl-worker=job-manager] [ttl-worker=3373167e-90db-4b60-ba3e-0ee4af8160f6] [ttl-worker=task-manager] [ttl-worker=3373167e-90db-4b60-ba3e-0ee4af8160f6] [originalCount=4] [newCount=0]
[2026/07/13 03:07:34.742 +08:00] [INFO] [scan.go:379] ["ttlScanWorker loop exited."]
[2026/07/13 03:07:34.742 +08:00] [INFO] [scan.go:379] ["ttlScanWorker loop exited."]
[2026/07/13 03:07:34.742 +08:00] [INFO] [scan.go:379] ["ttlScanWorker loop exited."]
[2026/07/13 03:07:34.742 +08:00] [INFO] [scan.go:379] ["ttlScanWorker loop exited."]
[2026/07/13 03:07:34.742 +08:00] [INFO] [task_manager.go:225] ["shrink ttl worker"] [ttl-worker=job-manager] [ttl-worker=3373167e-90db-4b60-ba3e-0ee4af8160f6] [ttl-worker=task-manager] [ttl-worker=3373167e-90db-4b60-ba3e-0ee4af8160f6] [originalCount=4] [newCount=0]
[2026/07/13 03:07:34.742 +08:00] [INFO] [del.go:344] ["ttlDeleteWorker loop exited."]
[2026/07/13 03:07:34.742 +08:00] [INFO] [del.go:344] ["ttlDeleteWorker loop exited."]
[2026/07/13 03:07:34.742 +08:00] [INFO] [del.go:344] ["ttlDeleteWorker loop exited."]
[2026/07/13 03:07:34.742 +08:00] [INFO] [del.go:344] ["ttlDeleteWorker loop exited."]
[2026/07/13 03:07:34.742 +08:00] [INFO] [job_manager.go:183] ["ttlJobManager loop exited."] [ttl-worker=job-manager] [ttl-worker=3373167e-90db-4b60-ba3e-0ee4af8160f6]
[2026/07/13 03:07:34.743 +08:00] [INFO] [job_manager.go:168] ["ttlJobManager loop exited."] [ttl-worker=job-manager] [ttl-worker=3373167e-90db-4b60-ba3e-0ee4af8160f6]
[2026/07/13 03:07:34.743 +08:00] [INFO] [domain.go:494] ["ttlJobManager exited."]
[2026/07/13 03:07:34.743 +08:00] [INFO] [domain.go:2857] ["serverIDSession need restart"]
[2026/07/13 03:07:34.758 +08:00] [INFO] [domain.go:2722] ["releaseServerID succeed"] [serverID=1984] [leaseID=2463925670090529585]
[2026/07/13 03:07:34.758 +08:00] [INFO] [domain.go:1816] ["PlanReplayerTaskDumpHandle exited."]
[2026/07/13 03:07:34.758 +08:00] [INFO] [domain.go:1850] ["dumpFileGcChecker exited."]
[2026/07/13 03:07:34.758 +08:00] [INFO] [wait_group_wrapper.go:150] ["background process exited"] [source=domain] [process=PlanReplayerTaskDumpHandle]
[2026/07/13 03:07:34.758 +08:00] [INFO] [stats_syncload.go:255] ["SubLoadWorker: exits now because the domain is closed."] [category=stats]
[2026/07/13 03:07:34.758 +08:00] [INFO] [domain.go:1796] ["PlanReplayerTaskCollectHandle exited."]
[2026/07/13 03:07:34.758 +08:00] [INFO] [stats_syncload.go:245] ["SubLoadWorker: exited."] [category=stats]
[2026/07/13 03:07:34.758 +08:00] [INFO] [stats_syncload.go:255] ["SubLoadWorker: exits now because the domain is closed."] [category=stats]
[2026/07/13 03:07:34.758 +08:00] [INFO] [wait_group_wrapper.go:150] ["background process exited"] [source=domain] [process=PlanReplayerTaskCollectHandle]
[2026/07/13 03:07:34.758 +08:00] [INFO] [stats_syncload.go:245] ["SubLoadWorker: exited."] [category=stats]
[2026/07/13 03:07:34.758 +08:00] [INFO] [wait_group_wrapper.go:150] ["background process exited"] [source=domain] [process=dumpFileGcChecker]
[2026/07/13 03:07:34.758 +08:00] [INFO] [domain.go:2789] ["serverIDKeeper exited."]
[2026/07/13 03:07:34.758 +08:00] [INFO] [domain.go:2103] ["loadStatsWorker exited."]
[2026/07/13 03:07:34.758 +08:00] [INFO] [wait_group_wrapper.go:150] ["background process exited"] [source=domain] [process=loadStatsWorker]
[2026/07/13 03:07:34.758 +08:00] [INFO] [domain.go:1236] ["stopping dist task scheduler manager because the current node is not DDL owner anymore"] [id=3373167e-90db-4b60-ba3e-0ee4af8160f6]
[2026/07/13 03:07:34.758 +08:00] [INFO] [domain.go:1881] ["HistoricalStatsWorker exited."]
[2026/07/13 03:07:34.758 +08:00] [INFO] [wait_group_wrapper.go:150] ["background process exited"] [source=domain] [process=HistoricalStatsWorker]
[2026/07/13 03:07:34.758 +08:00] [INFO] [manager.go:241] ["runaway watch sync loop exit"]
[2026/07/13 03:07:34.758 +08:00] [INFO] [wait_group_wrapper.go:150] ["background process exited"] [source=domain] [process=runawayWatchSyncLoop]
[2026/07/13 03:07:34.758 +08:00] [INFO] [plan_replayer.go:411] ["planReplayerTaskDumpWorker exited."]
[2026/07/13 03:07:34.758 +08:00] [INFO] [stats_syncload.go:255] ["SubLoadWorker: exits now because the domain is closed."] [category=stats]
[2026/07/13 03:07:34.758 +08:00] [INFO] [stats_syncload.go:245] ["SubLoadWorker: exited."] [category=stats]
[2026/07/13 03:07:34.758 +08:00] [INFO] [flusher.go:89] ["flushing remaining records before stop"] [name=runaway-record]
[2026/07/13 03:07:34.758 +08:00] [INFO] [flusher.go:91] ["stopped flusher"] [name=runaway-record]
[2026/07/13 03:07:34.758 +08:00] [INFO] [domain.go:2163] ["indexUsageWorker exited."]
[2026/07/13 03:07:34.758 +08:00] [INFO] [syncer.go:245] ["server info sync loop exited."]
[2026/07/13 03:07:34.758 +08:00] [INFO] [domain.go:2136] ["asyncLoadStats exited."]
[2026/07/13 03:07:34.758 +08:00] [INFO] [wait_group_wrapper.go:150] ["background process exited"] [source=domain] [process=indexUsageWorker]
[2026/07/13 03:07:34.758 +08:00] [INFO] [stats_syncload.go:255] ["SubLoadWorker: exits now because the domain is closed."] [category=stats]
[2026/07/13 03:07:34.758 +08:00] [INFO] [wait_group_wrapper.go:150] ["background process exited"] [source=domain] [process=asyncLoadHistogram]
[2026/07/13 03:07:34.758 +08:00] [INFO] [domain.go:2934] ["planCacheEvictTrigger exited."]
[2026/07/13 03:07:34.758 +08:00] [INFO] [stats_syncload.go:245] ["SubLoadWorker: exited."] [category=stats]
[2026/07/13 03:07:34.758 +08:00] [INFO] [manager.go:420] ["watch owner finished"] [key=/tidb/br-stream/owner] [id=ed94bac2-111d-4a69-a89b-16c906110c4d] []
[2026/07/13 03:07:34.758 +08:00] [INFO] [manager.go:333] ["retire owner"] [key=/tidb/br-stream/owner] [id=ed94bac2-111d-4a69-a89b-16c906110c4d]
[2026/07/13 03:07:34.758 +08:00] [INFO] [manager.go:424] ["is not the owner"] [key=/tidb/br-stream/owner] [id=ed94bac2-111d-4a69-a89b-16c906110c4d]
[2026/07/13 03:07:34.758 +08:00] [INFO] [manager.go:385] ["break campaign loop, context is done"] [key=/tidb/br-stream/owner] [id=ed94bac2-111d-4a69-a89b-16c906110c4d]
[2026/07/13 03:07:34.758 +08:00] [INFO] [syncer.go:379] ["topology sync loop exited."]
[2026/07/13 03:07:34.758 +08:00] [INFO] [wait_group_wrapper.go:150] ["background process exited"] [source=domain] [process=topologySyncerKeeper]
[2026/07/13 03:07:34.758 +08:00] [INFO] [domain.go:2903] ["planCacheMetricsAndVars exited."]
[2026/07/13 03:07:34.758 +08:00] [INFO] [wait_group_wrapper.go:150] ["background process exited"] [source=domain] [process=planCacheMetricsAndVars]
[2026/07/13 03:07:34.758 +08:00] [INFO] [domain.go:418] ["globalConfigSyncerKeeper exited."]
[2026/07/13 03:07:34.758 +08:00] [INFO] [wait_group_wrapper.go:150] ["background process exited"] [source=domain] [process=globalConfigSyncerKeeper]
[2026/07/13 03:07:34.758 +08:00] [INFO] [domain.go:1392] ["loadPrivilegeInLoop exited."]
[2026/07/13 03:07:34.758 +08:00] [INFO] [wait_group_wrapper.go:150] ["background process exited"] [source=domain] [process=loadPrivilegeInLoop]
[2026/07/13 03:07:34.758 +08:00] [INFO] [domain.go:2182] ["gcStatsWorker ready to release owner"]
[2026/07/13 03:07:34.758 +08:00] [INFO] [wait_group_wrapper.go:150] ["background process exited"] [source=domain] [process=infoSyncerKeeper]
[2026/07/13 03:07:34.758 +08:00] [INFO] [domain.go:2208] ["deltaUpdateTicker is going to exit, start to flush stats"]
[2026/07/13 03:07:34.758 +08:00] [INFO] [manager.go:420] ["watch owner finished"] [key=/tidb/stats/owner] [id=3373167e-90db-4b60-ba3e-0ee4af8160f6] []
[2026/07/13 03:07:34.758 +08:00] [INFO] [manager.go:333] ["retire owner"] [key=/tidb/stats/owner] [id=3373167e-90db-4b60-ba3e-0ee4af8160f6]
[2026/07/13 03:07:34.758 +08:00] [INFO] [manager.go:424] ["is not the owner"] [key=/tidb/stats/owner] [id=3373167e-90db-4b60-ba3e-0ee4af8160f6]
[2026/07/13 03:07:34.758 +08:00] [INFO] [manager.go:385] ["break campaign loop, context is done"] [key=/tidb/stats/owner] [id=3373167e-90db-4b60-ba3e-0ee4af8160f6]
[2026/07/13 03:07:34.758 +08:00] [INFO] [wait_group_wrapper.go:150] ["background process exited"] [source=domain] [process=planCacheEvictTrigger]
[2026/07/13 03:07:34.758 +08:00] [INFO] [flusher.go:89] ["flushing remaining records before stop"] [name=quarantine-record]
[2026/07/13 03:07:34.758 +08:00] [INFO] [scheduler_manager.go:496] ["collect loop exits"] [server-id=:4000]
[2026/07/13 03:07:34.758 +08:00] [INFO] [scheduler_manager.go:333] ["subtask history table gc loop exits"] [server-id=:4000]
[2026/07/13 03:07:34.758 +08:00] [INFO] [domain.go:2271] ["dumpColStatsUsageWorker exited."]
[2026/07/13 03:07:34.758 +08:00] [INFO] [wait_group_wrapper.go:150] ["background process exited"] [source=domain] [process=dumpColStatsUsageWorker]
[2026/07/13 03:07:34.758 +08:00] [INFO] [domain.go:2321] ["autoAnalyzeWorker exited."] [category=stats]
[2026/07/13 03:07:34.758 +08:00] [INFO] [wait_group_wrapper.go:150] ["background process exited"] [source=domain] [process=autoAnalyzeWorker]
[2026/07/13 03:07:34.758 +08:00] [INFO] [stats_syncload.go:255] ["SubLoadWorker: exits now because the domain is closed."] [category=stats]
[2026/07/13 03:07:34.758 +08:00] [INFO] [stats_syncload.go:245] ["SubLoadWorker: exited."] [category=stats]
[2026/07/13 03:07:34.758 +08:00] [INFO] [domain.go:1466] ["LoadSysVarCacheLoop exited."]
[2026/07/13 03:07:34.758 +08:00] [INFO] [wait_group_wrapper.go:150] ["background process exited"] [source=domain] [process=LoadSysVarCacheLoop]
[2026/07/13 03:07:34.758 +08:00] [INFO] [stats_syncload.go:255] ["SubLoadWorker: exits now because the domain is closed."] [category=stats]
[2026/07/13 03:07:34.758 +08:00] [INFO] [stats_syncload.go:245] ["SubLoadWorker: exited."] [category=stats]
[2026/07/13 03:07:34.758 +08:00] [INFO] [scheduler_manager.go:409] ["cleanup loop exits"] [server-id=:4000]
[2026/07/13 03:07:34.758 +08:00] [INFO] [scheduler_manager.go:222] ["schedule task loop exits"] [server-id=:4000]
[2026/07/13 03:07:34.758 +08:00] [INFO] [domain.go:2978] ["readTableCostWorker exited."]
[2026/07/13 03:07:34.758 +08:00] [INFO] [wait_group_wrapper.go:150] ["background process exited"] [source=domain] [process=readTableCostWorker]
[2026/07/13 03:07:34.758 +08:00] [INFO] [domain.go:2385] ["analyzeJobsCleanupWorker exited."]
[2026/07/13 03:07:34.758 +08:00] [INFO] [wait_group_wrapper.go:150] ["background process exited"] [source=domain] [process=analyzeJobsCleanupWorker]
[2026/07/13 03:07:34.758 +08:00] [INFO] [wait_group_wrapper.go:150] ["background process exited"] [source=domain] [process=loadSigningCertLoop]
[2026/07/13 03:07:34.758 +08:00] [INFO] [flusher.go:91] ["stopped flusher"] [name=quarantine-record]
[2026/07/13 03:07:34.758 +08:00] [INFO] [flusher.go:89] ["flushing remaining records before stop"] [name=stale-quarantine-record]
[2026/07/13 03:07:34.758 +08:00] [INFO] [flusher.go:91] ["stopped flusher"] [name=stale-quarantine-record]
[2026/07/13 03:07:34.758 +08:00] [INFO] [manager.go:205] ["runaway record flush loop exit"]
[2026/07/13 03:07:34.758 +08:00] [INFO] [wait_group_wrapper.go:150] ["background process exited"] [source=domain] [process=runawayRecordFlushLoop]
[2026/07/13 03:07:34.758 +08:00] [INFO] [domain.go:1238] ["dist task scheduler manager stopped"] [id=3373167e-90db-4b60-ba3e-0ee4af8160f6]
[2026/07/13 03:07:34.758 +08:00] [INFO] [domain.go:1221] ["stopping dist task executor manager"]
[2026/07/13 03:07:34.758 +08:00] [INFO] [manager.go:285] ["recoverMetaLoop done"] [server-id=:4000]
[2026/07/13 03:07:34.758 +08:00] [INFO] [manager.go:157] ["handle tasks loop done"] [server-id=:4000]
[2026/07/13 03:07:34.758 +08:00] [INFO] [domain.go:1223] ["dist task executor manager stopped"]
[2026/07/13 03:07:34.758 +08:00] [INFO] [wait_group_wrapper.go:150] ["background process exited"] [source=domain] [process=distTaskFrameworkLoop]
[2026/07/13 03:07:34.758 +08:00] [INFO] [manager.go:420] ["watch owner finished"] [key=/tidb/bindinfo/owner] [id=3373167e-90db-4b60-ba3e-0ee4af8160f6] []
[2026/07/13 03:07:34.759 +08:00] [INFO] [manager.go:333] ["retire owner"] [key=/tidb/bindinfo/owner] [id=3373167e-90db-4b60-ba3e-0ee4af8160f6]
[2026/07/13 03:07:34.759 +08:00] [INFO] [manager.go:424] ["is not the owner"] [key=/tidb/bindinfo/owner] [id=3373167e-90db-4b60-ba3e-0ee4af8160f6]
[2026/07/13 03:07:34.759 +08:00] [INFO] [manager.go:385] ["break campaign loop, context is done"] [key=/tidb/bindinfo/owner] [id=3373167e-90db-4b60-ba3e-0ee4af8160f6]
[2026/07/13 03:07:34.759 +08:00] [INFO] [domain.go:2214] ["deltaUpdateTicker exit preprocessing finished"]
[2026/07/13 03:07:34.759 +08:00] [INFO] [wait_group_wrapper.go:150] ["background process exited"] [source=domain] [process=deltaUpdateTickerWorker]
[2026/07/13 03:07:34.779 +08:00] [INFO] [domain.go:390] ["topNSlowQueryLoop exited."]
[2026/07/13 03:07:34.779 +08:00] [INFO] [syncer.go:304] ["info schema sync loop exited."]
[2026/07/13 03:07:34.779 +08:00] [INFO] [wait_group_wrapper.go:150] ["background process exited"] [source=domain] [process=topNSlowQueryLoop]
[2026/07/13 03:07:34.779 +08:00] [INFO] [wait_group_wrapper.go:150] ["background process exited"] [source=domain] [process=loadSchemaInLoop]
[2026/07/13 03:07:34.779 +08:00] [INFO] [wait_group_wrapper.go:150] ["background process exited"] [source=domain] [process=mdlCheckLoop]
[2026/07/13 03:07:34.779 +08:00] [INFO] [owner_daemon.go:87] ["daemon loop exits"] [id=ed94bac2-111d-4a69-a89b-16c906110c4d] [daemon-id=LogBackup::Advancer]
[2026/07/13 03:07:34.779 +08:00] [INFO] [wait_group_wrapper.go:150] ["background process exited"] [source=domain] [process=logBackupAdvancer]
[2026/07/13 03:07:34.779 +08:00] [INFO] [domain.go:978] ["closestReplicaReadCheckLoop exited."]
[2026/07/13 03:07:34.779 +08:00] [INFO] [wait_group_wrapper.go:150] ["background process exited"] [source=domain] [process=closestReplicaReadCheckLoop]
[2026/07/13 03:07:34.779 +08:00] [INFO] [manager.go:431] ["etcd session close failed"] [key=/tidb/stats/owner] [id=3373167e-90db-4b60-ba3e-0ee4af8160f6] [error="context canceled"]
[2026/07/13 03:07:34.779 +08:00] [INFO] [manager.go:431] ["etcd session close failed"] [key=/tidb/bindinfo/owner] [id=3373167e-90db-4b60-ba3e-0ee4af8160f6] [error="context canceled"]
[2026/07/13 03:07:34.779 +08:00] [INFO] [domain.go:2190] ["gcStatsWorker exit preprocessing finished"]
[2026/07/13 03:07:34.779 +08:00] [INFO] [domain.go:1605] ["globalBindHandleWorkerLoop exited."]
[2026/07/13 03:07:34.779 +08:00] [INFO] [domain.go:2235] ["gcStatsWorker exited."]
[2026/07/13 03:07:34.779 +08:00] [INFO] [wait_group_wrapper.go:150] ["background process exited"] [source=domain] [process=globalBindHandleWorkerLoop]
[2026/07/13 03:07:34.779 +08:00] [INFO] [wait_group_wrapper.go:150] ["background process exited"] [source=domain] [process=gcStatsWorker]
[2026/07/13 03:07:34.779 +08:00] [INFO] [advancer_cliext.go:194] ["Start collecting remaining events in the channel."] [category="log backup advancer"] [remained=0]
[2026/07/13 03:07:34.779 +08:00] [INFO] [advancer_cliext.go:199] ["Finish collecting remaining events in the channel."] [category="log backup advancer"]
[2026/07/13 03:07:34.820 +08:00] [INFO] [domain.go:549] ["domain closed"] ["take time"=84.131375ms]
[2026/07/13 03:07:34.835 +08:00] [INFO] [client.go:356] ["[pd] http client closed"] [source=tikv-driver]
[2026/07/13 03:07:34.835 +08:00] [INFO] [inner_client.go:96] ["[pd] exit router client initializer"]
[2026/07/13 03:07:34.835 +08:00] [INFO] [router_service_discovery.go:262] ["[router service] exit check member loop"]
[2026/07/13 03:07:34.835 +08:00] [INFO] [client.go:273] ["[tso] exit tso connection contexts updater"]
[2026/07/13 03:07:34.835 +08:00] [INFO] [watcher.go:73] ["[pd] exit the deadline watcher"] [source=tso]
[2026/07/13 03:07:34.835 +08:00] [INFO] [dispatcher.go:208] ["[tso] stop fetching the pending tso requests due to context canceled"]
[2026/07/13 03:07:34.835 +08:00] [INFO] [dispatcher.go:150] ["[tso] exit tso dispatcher"]
[2026/07/13 03:07:34.835 +08:00] [INFO] [resource_manager_client.go:341] ["[resource manager] exit resource token dispatcher"]
[2026/07/13 03:07:34.835 +08:00] [INFO] [router_service_discovery.go:304] ["[router service] exit health check member loop"]
[2026/07/13 03:07:34.835 +08:00] [INFO] [service_discovery.go:555] ["[pd] exit member loop due to context canceled"]
[2026/07/13 03:07:34.835 +08:00] [INFO] [router_service_discovery.go:276] ["[router service] closing router service discovery"]
[2026/07/13 03:07:34.835 +08:00] [INFO] [stream.go:360] ["tsoStream.recvLoop ended"] [stream=127.0.0.1:2379-2] [error="rpc error: code = Canceled desc = context canceled"] [errorVerbose="rpc error: code = Canceled desc = context canceled\ngithub.com/tikv/pd/client/clients/tso.(*tsoStream).recvLoop\n\t/Users/bba/.gvm/pkgsets/go1.25.1/global/pkg/mod/github.com/tikv/pd/client@v0.0.0-20260601035915-3ef6a3b10c84/clients/tso/stream.go:428\nruntime.goexit\n\t/Users/bba/.gvm/pkgsets/go1.25.1/global/pkg/mod/golang.org/toolchain@v0.0.1-go1.25.10.darwin-arm64/src/runtime/asm_arm64.s:1268"]
[2026/07/13 03:07:34.835 +08:00] [INFO] [router_service_discovery.go:292] ["[router service] is closed"]
[2026/07/13 03:07:34.835 +08:00] [INFO] [client.go:155] ["[tso] closing tso client"]
[2026/07/13 03:07:34.835 +08:00] [INFO] [client.go:160] ["[tso] close tso client"]
[2026/07/13 03:07:34.835 +08:00] [INFO] [client.go:162] ["[tso] tso client is closed"]
[2026/07/13 03:07:34.835 +08:00] [INFO] [service_discovery.go:646] ["[pd] close service discovery client"]
[2026/07/13 03:07:34.835 +08:00] [INFO] [inner_client.go:275] ["[pd] close client successfully"]
--- PASS: TestAINativeAbortDeletesActuallyStaleRestoreGREEN (2.25s)
=== RUN   TestAINativeAbortDeletesActuallyStaleRestoreGREEN
[2026/07/13 03:07:34.837 +08:00] [INFO] [service_discovery.go:1023] ["[pd] switch leader"] [new-leader=http://127.0.0.1:2379] [old-leader=]
[2026/07/13 03:07:34.838 +08:00] [INFO] [service_discovery.go:502] ["[pd] init cluster id"] [cluster-id=7661716991383889870]
[2026/07/13 03:07:34.838 +08:00] [INFO] [client.go:210] ["[tso] switch the tso leader serving url"] [new-url=http://127.0.0.1:2379]
[2026/07/13 03:07:34.838 +08:00] [INFO] [inner_client.go:173] ["[pd] tso provider changed to pd"]
[2026/07/13 03:07:34.838 +08:00] [INFO] [watcher.go:56] ["[pd] start the deadline watcher"] [source=tso]
[2026/07/13 03:07:34.838 +08:00] [INFO] [dispatcher.go:147] ["[tso] tso dispatcher created"]
[2026/07/13 03:07:34.838 +08:00] [INFO] [client.go:247] ["[tso] start tso connection contexts updater"]
[2026/07/13 03:07:34.838 +08:00] [INFO] [dispatcher.go:594] ["[tso] switching tso rpc concurrency"] [old=0] [new=1]
[2026/07/13 03:07:34.838 +08:00] [INFO] [inner_client.go:154] ["[pd] service mode changed"] [new-mode=PD_SVC_MODE]
[2026/07/13 03:07:34.838 +08:00] [INFO] [router_service_discovery.go:151] ["[router service] created router service discovery"] [cluster-id=7661716991383889870] [keyspace-id=4294967295] [default-discovery-key=/ms/7661716991383889870/router/registry/]
[2026/07/13 03:07:34.838 +08:00] [INFO] [router_service_discovery.go:163] ["[router service] initializing router service discovery"] [max-retry-times=100] [retry-interval=1s]
[2026/07/13 03:07:34.839 +08:00] [INFO] [router_service_discovery.go:249] ["[router service] update member sorted urls"] [new-sorted-urls="[]"]
[2026/07/13 03:07:34.839 +08:00] [INFO] [router_service_discovery.go:234] ["[router service] updating nodes succeeded"] [urls="[]"] [clients-length=0]
[2026/07/13 03:07:34.839 +08:00] [INFO] [tikv_driver.go:194] ["using API V1."]
[2026/07/13 03:07:34.839 +08:00] [INFO] [client.go:417] ["[router] connection daemon is started"]
[2026/07/13 03:07:34.839 +08:00] [INFO] [inner_client.go:91] ["[pd] start router client initializer"]
[2026/07/13 03:07:34.839 +08:00] [INFO] [client.go:502] ["[router] successfully established the leader router stream connection"] [url=http://127.0.0.1:2379]
[2026/07/13 03:07:34.839 +08:00] [INFO] [client.go:578] ["[router] dispatcher is started"]
[2026/07/13 03:07:34.840 +08:00] [INFO] [metamanager.go:146] ["return meta service group info"] [meta-service-info="{\"PDAddrs\":[\"127.0.0.1:2379\"],\"Group\":{\"GroupID\":\"0\",\"Addrs\":[\"127.0.0.1:2379\"]}}"]
[2026/07/13 03:07:34.842 +08:00] [INFO] [store_cache.go:572] ["change store resolve state"] [store=1] [addr=127.0.0.1:20160] [from=unresolved] [to=resolved] [liveness-state=reachable]
[2026/07/13 03:07:34.844 +08:00] [INFO] [session.go:4348] ["cluster already bootstrapped"] [version=261]
[2026/07/13 03:07:34.844 +08:00] [INFO] [tidb.go:103] ["new domain"] [store=tikv-7661716991383889870/] ["ddl lease"=500ms] ["stats lease"=3s]
[2026/07/13 03:07:34.866 +08:00] [INFO] [info.go:279] ["init TiFlashReplicaManager"]
[2026/07/13 03:07:34.892 +08:00] [INFO] [domain.go:2697] [acquireServerID] [serverID=2021] ["lease id"=22319f57aeb65b7f]
[2026/07/13 03:07:34.897 +08:00] [INFO] [global_controller.go:219] ["load resource controller config"] [config="{\"degraded-mode-wait-duration\":\"0s\",\"ltb-max-wait-duration\":\"30s\",\"ltb-token-rpc-max-delay\":\"1s\",\"request-unit\":{\"read-base-cost\":0.125,\"read-per-batch-base-cost\":0.5,\"read-cost-per-byte\":0.0000152587890625,\"write-base-cost\":1,\"write-per-batch-base-cost\":1,\"write-cost-per-byte\":0.0009765625,\"read-cpu-ms-cost\":0.3333333333333333},\"enable-controller-trace-log\":\"false\",\"token-rpc-params\":{\"wait-retry-interval\":\"50ms\",\"wait-retry-times\":20}}"] [ru-config="{\"ReadBaseCost\":0.125,\"ReadPerBatchBaseCost\":0.5,\"ReadBytesCost\":0.0000152587890625,\"WriteBaseCost\":1,\"WritePerBatchBaseCost\":1,\"WriteBytesCost\":0.0009765625,\"CPUMsCost\":0.3333333333333333,\"LTBMaxWaitDuration\":30000000000,\"WaitRetryInterval\":50000000,\"WaitRetryTimes\":20,\"DegradedModeWaitDuration\":0}"] [keyspace-id=4294967295]
[2026/07/13 03:07:34.908 +08:00] [INFO] [loader.go:281] ["full load InfoSchema success"] [mode=auto] [isV2=true] [currentSchemaVersion=0] [neededSchemaVersion=57] ["elapsed time"=9.342375ms]
[2026/07/13 03:07:34.908 +08:00] [INFO] [syncer.go:456] ["full load and reset schema validator"]
[2026/07/13 03:07:34.909 +08:00] [INFO] [global_controller.go:577] ["[resource group controller] create resource group cost controller"] [name=default]
[2026/07/13 03:07:34.910 +08:00] [INFO] [ddl.go:994] ["job version in use is not v2 or global index v1 not supported, maybe in upgrade, start detecting"] [category=ddl] [current=v2] [globalIndexV1Supported=false]
[2026/07/13 03:07:34.910 +08:00] [INFO] [ddl.go:883] ["start DDL"] [category=ddl] [ID=886c3187-81f4-47db-8049-370989a51b10] [runWorker=true] [jobVersion=v2] [startMode=normal]
[2026/07/13 03:07:34.910 +08:00] [INFO] [ddl.go:858] ["start delRangeManager OK"] [category=ddl] ["is a emulator"=false]
[2026/07/13 03:07:34.924 +08:00] [INFO] [manager.go:289] ["start campaign owner"] [key=/tidb/ddl/fg/owner] [id=886c3187-81f4-47db-8049-370989a51b10]
[2026/07/13 03:07:34.928 +08:00] [INFO] [env.go:123] ["the ingest sorted directory"] [category=ddl-ingest] ["data path"=/tmp/tidb/tmp_ddl-4000]
[2026/07/13 03:07:34.928 +08:00] [WARN] [env.go:84] ["ingest backfill may not be available"] [category=ddl-ingest] [error="the available disk space(44120289280) in /tmp/tidb/tmp_ddl-4000 should be greater than @@tidb_ddl_disk_quota(107374182400)"] [errorVerbose="the available disk space(44120289280) in /tmp/tidb/tmp_ddl-4000 should be greater than @@tidb_ddl_disk_quota(107374182400)\ngithub.com/pingcap/tidb/pkg/ddl/ingest.(*diskRootImpl).StartupCheck\n\t/private/tmp/ai-native-br-abort-13282a8/pkg/ddl/ingest/disk_root.go:191\ngithub.com/pingcap/tidb/pkg/ddl/ingest.InitGlobalLightningEnv\n\t/private/tmp/ai-native-br-abort-13282a8/pkg/ddl/ingest/env.go:82\ngithub.com/pingcap/tidb/pkg/ddl.(*ddl).Start\n\t/private/tmp/ai-native-br-abort-13282a8/pkg/ddl/ddl.go:944\ngithub.com/pingcap/tidb/pkg/domain.(*Domain).Start\n\t/private/tmp/ai-native-br-abort-13282a8/pkg/domain/domain.go:808\ngithub.com/pingcap/tidb/pkg/session.bootstrapSessionImpl\n\t/private/tmp/ai-native-br-abort-13282a8/pkg/session/session.go:4412\ngithub.com/pingcap/tidb/pkg/session.BootstrapSession\n\t/private/tmp/ai-native-br-abort-13282a8/pkg/session/session.go:4287\ngithub.com/pingcap/tidb/tests/realtikvtest.CreateMockStoreAndDomainAndSetup\n\t/private/tmp/ai-native-br-abort-13282a8/tests/realtikvtest/testkit.go:263\ngithub.com/pingcap/tidb/tests/realtikvtest/brregistrytest.TestAINativeAbortDeletesActuallyStaleRestoreGREEN\n\t/private/tmp/ai-native-br-abort-13282a8/tests/realtikvtest/brregistrytest/abort_live_heartbeat_test.go:140\ntesting.tRunner\n\t/Users/bba/.gvm/pkgsets/go1.25.1/global/pkg/mod/golang.org/toolchain@v0.0.1-go1.25.10.darwin-arm64/src/testing/testing.go:1934\nruntime.goexit\n\t/Users/bba/.gvm/pkgsets/go1.25.1/global/pkg/mod/golang.org/toolchain@v0.0.1-go1.25.10.darwin-arm64/src/runtime/asm_arm64.s:1268"]
[2026/07/13 03:07:34.928 +08:00] [INFO] [env.go:88] ["init global ingest backend environment finished"] [category=ddl-ingest] ["memory limitation"=19327352832] ["disk usage info"="disk usage: 950542295040/994662584320, backend usage: 0"] ["max open file number"=138240] ["lightning is initialized"=true]
[2026/07/13 03:07:34.928 +08:00] [INFO] [wait_group_wrapper.go:141] ["background process started"] [source=domain] [process=loadSchemaInLoop]
[2026/07/13 03:07:34.928 +08:00] [INFO] [wait_group_wrapper.go:141] ["background process started"] [source=domain] [process=mdlCheckLoop]
[2026/07/13 03:07:34.928 +08:00] [INFO] [wait_group_wrapper.go:141] ["background process started"] [source=domain] [process=topNSlowQueryLoop]
[2026/07/13 03:07:34.928 +08:00] [INFO] [wait_group_wrapper.go:141] ["background process started"] [source=domain] [process=infoSyncerKeeper]
[2026/07/13 03:07:34.928 +08:00] [INFO] [wait_group_wrapper.go:141] ["background process started"] [source=domain] [process=globalConfigSyncerKeeper]
[2026/07/13 03:07:34.928 +08:00] [INFO] [wait_group_wrapper.go:141] ["background process started"] [source=domain] [process=runawayRecordFlushLoop]
[2026/07/13 03:07:34.928 +08:00] [INFO] [wait_group_wrapper.go:141] ["background process started"] [source=domain] [process=runawayWatchSyncLoop]
[2026/07/13 03:07:34.928 +08:00] [INFO] [wait_group_wrapper.go:141] ["background process started"] [source=domain] [process=requestUnitsWriterLoop]
[2026/07/13 03:07:34.928 +08:00] [INFO] [wait_group_wrapper.go:141] ["background process started"] [source=domain] [process=topologySyncerKeeper]
[2026/07/13 03:07:34.928 +08:00] [INFO] [wait_group_wrapper.go:141] ["background process started"] [source=domain] [process=closestReplicaReadCheckLoop]
[2026/07/13 03:07:34.928 +08:00] [INFO] [owner_daemon.go:70] ["begin advancer daemon"] [daemon-id=LogBackup::Advancer]
[2026/07/13 03:07:34.928 +08:00] [INFO] [manager.go:289] ["start campaign owner"] [key=/tidb/br-stream/owner] [id=331b82e6-3a0a-4eb6-abcc-db17af5dc0e7]
[2026/07/13 03:07:34.928 +08:00] [INFO] [wait_group_wrapper.go:150] ["background process exited"] [source=domain] [process=requestUnitsWriterLoop]
[2026/07/13 03:07:34.936 +08:00] [INFO] [manager.go:499] ["get owner"] [key=/tidb/ddl/fg/owner] ["owner key"=/tidb/ddl/fg/owner/22319f57aeb65b8a] [ownerID=886c3187-81f4-47db-8049-370989a51b10]
[2026/07/13 03:07:34.936 +08:00] [INFO] [manager.go:324] ["become owner"] [key=/tidb/ddl/fg/owner] [id=886c3187-81f4-47db-8049-370989a51b10]
[2026/07/13 03:07:34.936 +08:00] [INFO] [manager.go:588] ["watching owner key"] [key=/tidb/ddl/fg/owner] [id=886c3187-81f4-47db-8049-370989a51b10] [ownerKey=/tidb/ddl/fg/owner/22319f57aeb65b8a] [currRev=723]
[2026/07/13 03:07:34.936 +08:00] [INFO] [wait_group_wrapper.go:141] ["background process started"] [source=domain] [process=logBackupAdvancer]
[2026/07/13 03:07:34.936 +08:00] [WARN] [sysvar_cache.go:53] ["sysvar cache is empty, triggering rebuild"]
[2026/07/13 03:07:34.936 +08:00] [INFO] [owner_daemon.go:81] ["begin running daemon"] [id=331b82e6-3a0a-4eb6-abcc-db17af5dc0e7] [daemon-id=LogBackup::Advancer]
[2026/07/13 03:07:34.938 +08:00] [INFO] [client.go:427] ["[router] follower handle status changed"] [enable=true]
[2026/07/13 03:07:34.938 +08:00] [INFO] [inner_client.go:103] ["[pd] notified to disable the router client"]
[2026/07/13 03:07:34.938 +08:00] [INFO] [client.go:318] ["[router] closing router client"]
[2026/07/13 03:07:34.938 +08:00] [INFO] [client.go:599] ["[router] stop fetching the pending router requests due to context canceled"]
[2026/07/13 03:07:34.938 +08:00] [INFO] [client.go:580] ["[router] dispatcher is exiting"]
[2026/07/13 03:07:34.938 +08:00] [INFO] [client.go:585] ["[router] dispatcher exited"]
[2026/07/13 03:07:34.938 +08:00] [INFO] [client.go:423] ["[router] connection daemon is exiting"]
[2026/07/13 03:07:34.938 +08:00] [INFO] [client.go:323] ["[router] router client is closed"]
[2026/07/13 03:07:34.938 +08:00] [INFO] [wait_group_wrapper.go:141] ["background process started"] [source=domain] [process=loadPrivilegeInLoop]
[2026/07/13 03:07:34.939 +08:00] [INFO] [job_scheduler.go:362] ["get global state and global state change"] [category=ddl] [oldState=false] [currState=false]
[2026/07/13 03:07:34.940 +08:00] [INFO] [manager.go:533] ["set owner op is the same as the original, so do nothing."] [key=/tidb/ddl/fg/owner] [id=886c3187-81f4-47db-8049-370989a51b10] [op=none]
[2026/07/13 03:07:34.940 +08:00] [INFO] [job_scheduler.go:374] ["the owner sets owner operator value"] [category=ddl] [ownerOp=none]
[2026/07/13 03:07:34.940 +08:00] [INFO] [manager.go:499] ["get owner"] [key=/tidb/br-stream/owner] ["owner key"=/tidb/br-stream/owner/22319f57aeb65b8e] [ownerID=331b82e6-3a0a-4eb6-abcc-db17af5dc0e7]
[2026/07/13 03:07:34.940 +08:00] [INFO] [manager.go:324] ["become owner"] [key=/tidb/br-stream/owner] [id=331b82e6-3a0a-4eb6-abcc-db17af5dc0e7]
[2026/07/13 03:07:34.940 +08:00] [INFO] [manager.go:588] ["watching owner key"] [key=/tidb/br-stream/owner] [id=331b82e6-3a0a-4eb6-abcc-db17af5dc0e7] [ownerKey=/tidb/br-stream/owner/22319f57aeb65b8e] [currRev=724]
[2026/07/13 03:07:34.940 +08:00] [INFO] [wait_group_wrapper.go:141] ["background process started"] [source=domain] [process=LoadSysVarCacheLoop]
[2026/07/13 03:07:34.942 +08:00] [INFO] [binding_cache.go:75] ["load bindings"] [category=sql-bind] [fullLoad=true] [fromRemote=false] [cacheSizeChange=false] [hasNewBinding=false] [cacheCapacity=67108864] [cacheUsage=0] [cachedBindingNum=0] [duration=1.321208ms] []
[2026/07/13 03:07:34.942 +08:00] [INFO] [manager.go:289] ["start campaign owner"] [key=/tidb/bindinfo/owner] [id=886c3187-81f4-47db-8049-370989a51b10]
[2026/07/13 03:07:34.946 +08:00] [INFO] [wait_group_wrapper.go:141] ["background process started"] [source=domain] [process=globalBindHandleWorkerLoop]
[2026/07/13 03:07:34.948 +08:00] [INFO] [wait_group_wrapper.go:141] ["background process started"] [source=domain] [process=PlanReplayerTaskCollectHandle]
[2026/07/13 03:07:34.948 +08:00] [INFO] [wait_group_wrapper.go:141] ["background process started"] [source=domain] [process=PlanReplayerTaskDumpHandle]
[2026/07/13 03:07:34.948 +08:00] [INFO] [wait_group_wrapper.go:141] ["background process started"] [source=domain] [process=dumpFileGcChecker]
[2026/07/13 03:07:34.948 +08:00] [INFO] [wait_group_wrapper.go:141] ["background process started"] [source=domain] [process=HistoricalStatsWorker]
[2026/07/13 03:07:34.948 +08:00] [INFO] [domain.go:1792] ["PlanReplayerTaskCollectHandle started"]
[2026/07/13 03:07:34.948 +08:00] [INFO] [domain.go:1814] ["PlanReplayerTaskDumpHandle started"]
[2026/07/13 03:07:34.948 +08:00] [INFO] [domain.go:1846] ["dumpFileGcChecker started"]
[2026/07/13 03:07:34.948 +08:00] [INFO] [plan_replayer.go:407] ["planReplayerTaskDumpWorker started."]
[2026/07/13 03:07:34.948 +08:00] [INFO] [domain.go:1879] ["HistoricalStatsWorker started"]
[2026/07/13 03:07:34.948 +08:00] [INFO] [wait_group_wrapper.go:141] ["background process started"] [source=domain] [process=loadStatsWorker]
[2026/07/13 03:07:34.948 +08:00] [INFO] [manager.go:289] ["start campaign owner"] [key=/tidb/stats/owner] [id=886c3187-81f4-47db-8049-370989a51b10]
[2026/07/13 03:07:34.950 +08:00] [INFO] [bootstrap.go:873] ["Complete loading the stats meta in the lite mode"] [category=stats] [duration=988.083µs]
[2026/07/13 03:07:34.951 +08:00] [INFO] [bootstrap.go:880] ["Complete loading the histogram in the lite mode"] [category=stats] [duration=1.011625ms]
[2026/07/13 03:07:34.951 +08:00] [INFO] [domain.go:2090] ["Init stats succeed"] [category=stats] [isLiteInitStats=true] [duration=2.370333ms]
[2026/07/13 03:07:34.954 +08:00] [INFO] [wait_group_wrapper.go:141] ["background process started"] [source=domain] [process=indexUsageWorker]
[2026/07/13 03:07:34.954 +08:00] [INFO] [wait_group_wrapper.go:141] ["background process started"] [source=domain] [process=asyncLoadHistogram]
[2026/07/13 03:07:34.954 +08:00] [INFO] [wait_group_wrapper.go:141] ["background process started"] [source=domain] [process=deltaUpdateTickerWorker]
[2026/07/13 03:07:34.954 +08:00] [INFO] [wait_group_wrapper.go:141] ["background process started"] [source=domain] [process=dumpColStatsUsageWorker]
[2026/07/13 03:07:34.954 +08:00] [INFO] [wait_group_wrapper.go:141] ["background process started"] [source=domain] [process=gcStatsWorker]
[2026/07/13 03:07:34.954 +08:00] [INFO] [wait_group_wrapper.go:141] ["background process started"] [source=domain] [process=autoAnalyzeWorker]
[2026/07/13 03:07:34.954 +08:00] [INFO] [wait_group_wrapper.go:141] ["background process started"] [source=domain] [process=analyzeJobsCleanupWorker]
[2026/07/13 03:07:34.954 +08:00] [INFO] [domain.go:2047] ["start load stats sub workers"] [workerCount=6]
[2026/07/13 03:07:34.954 +08:00] [INFO] [domain.go:2290] ["deltaUpdateTickerWorker started."]
[2026/07/13 03:07:34.955 +08:00] [INFO] [wait_group_wrapper.go:141] ["background process started"] [source=domain] [process=planCacheEvictTrigger]
[2026/07/13 03:07:34.955 +08:00] [INFO] [wait_group_wrapper.go:141] ["background process started"] [source=domain] [process=planCacheMetricsAndVars]
[2026/07/13 03:07:34.955 +08:00] [INFO] [wait_group_wrapper.go:141] ["background process started"] [source=domain] [process=readTableCostWorker]
[2026/07/13 03:07:34.955 +08:00] [INFO] [domain.go:2263] ["dumpColStatsUsageWorker started."]
[2026/07/13 03:07:34.955 +08:00] [INFO] [domain.go:2224] ["gcStatsWorker started."]
[2026/07/13 03:07:34.955 +08:00] [INFO] [wait_group_wrapper.go:141] ["background process started"] [source=domain] [process=loadSigningCertLoop]
[2026/07/13 03:07:34.955 +08:00] [INFO] [domain.go:1203] ["initialize node resource"] [total-cpu=14] [total-mem=36GiB] [dxf-resource-limit=100] [dxf-usable-cpu=14] [dxf-usable-mem=36GiB] [total-disk=926.4GiB]
[2026/07/13 03:07:34.955 +08:00] [INFO] [manager.go:499] ["get owner"] [key=/tidb/bindinfo/owner] ["owner key"=/tidb/bindinfo/owner/22319f57aeb65b99] [ownerID=886c3187-81f4-47db-8049-370989a51b10]
[2026/07/13 03:07:34.955 +08:00] [INFO] [manager.go:324] ["become owner"] [key=/tidb/bindinfo/owner] [id=886c3187-81f4-47db-8049-370989a51b10]
[2026/07/13 03:07:34.955 +08:00] [INFO] [manager.go:588] ["watching owner key"] [key=/tidb/bindinfo/owner] [id=886c3187-81f4-47db-8049-370989a51b10] [ownerKey=/tidb/bindinfo/owner/22319f57aeb65b99] [currRev=725]
[2026/07/13 03:07:34.955 +08:00] [INFO] [notifier.go:225] ["etcd notify loop to watch timer events started"] [EtcdKey=/tidb/timer/cluster/1/notify/2a6a6b06-4bb8-430b-95c6-dd0c65f7a0a1]
[2026/07/13 03:07:34.955 +08:00] [INFO] [task_manager.go:248] ["scale ttl worker"] [ttl-worker=job-manager] [ttl-worker=886c3187-81f4-47db-8049-370989a51b10] [ttl-worker=task-manager] [ttl-worker=886c3187-81f4-47db-8049-370989a51b10] [originalCount=0] [newCount=4]
[2026/07/13 03:07:34.955 +08:00] [INFO] [task_manager.go:248] ["scale ttl worker"] [ttl-worker=job-manager] [ttl-worker=886c3187-81f4-47db-8049-370989a51b10] [ttl-worker=task-manager] [ttl-worker=886c3187-81f4-47db-8049-370989a51b10] [originalCount=0] [newCount=4]
[2026/07/13 03:07:34.955 +08:00] [INFO] [job_manager.go:519] ["TTL leader to collect delay metrics"] [ttl-worker=job-manager] [ttl-worker=886c3187-81f4-47db-8049-370989a51b10]
[2026/07/13 03:07:34.956 +08:00] [INFO] [wait_group_wrapper.go:141] ["background process started"] [source=domain] [process=distTaskFrameworkLoop]
[2026/07/13 03:07:34.956 +08:00] [INFO] [manager.go:124] ["task executor manager start"] [server-id=:4000]
[2026/07/13 03:07:34.956 +08:00] [INFO] [domain.go:1219] ["dist task executor manager started"]
[2026/07/13 03:07:34.957 +08:00] [INFO] [rate_limiter_param.go:104] ["loaded value from meta store"] [key=maxBatchSplitRanges] [value=2048]
[2026/07/13 03:07:34.957 +08:00] [INFO] [job_manager.go:1096] ["TTL leader to DoGC"] [ttl-worker=job-manager] [ttl-worker=886c3187-81f4-47db-8049-370989a51b10]
[2026/07/13 03:07:34.963 +08:00] [INFO] [manager.go:499] ["get owner"] [key=/tidb/stats/owner] ["owner key"=/tidb/stats/owner/22319f57aeb65b9c] [ownerID=886c3187-81f4-47db-8049-370989a51b10]
[2026/07/13 03:07:34.963 +08:00] [INFO] [manager.go:324] ["become owner"] [key=/tidb/stats/owner] [id=886c3187-81f4-47db-8049-370989a51b10]
[2026/07/13 03:07:34.963 +08:00] [INFO] [manager.go:588] ["watching owner key"] [key=/tidb/stats/owner] [id=886c3187-81f4-47db-8049-370989a51b10] [ownerKey=/tidb/stats/owner/22319f57aeb65b9c] [currRev=727]
[2026/07/13 03:07:34.966 +08:00] [INFO] [set.go:191] ["set global var"] [conn=5] [name=innodb_lock_wait_timeout] [val=50]
    testkit.go:291: cleaned up ddl and tables
[2026/07/13 03:07:34.971 +08:00] [INFO] [registration.go:700] ["no existing tasks found with same parameters"] [restored_ts=200]
[2026/07/13 03:07:34.971 +08:00] [INFO] [registration.go:307] ["attempting to resume or create registration"] [filter_strings=test.*] [start_ts=100] [restored_ts=200] [upstream_cluster_id=300] [with_sys_table=true] [cmd="point restore"] [is_restored_ts_user_specified=true]
[2026/07/13 03:07:34.973 +08:00] [INFO] [registration.go:394] ["successfully created new registration"] [restore_id=20743369] [filters="[test.*]"]
[2026/07/13 03:07:34.975 +08:00] [INFO] [registration.go:710] ["found existing task with same parameters"] [existing_task_id=20743369] [existing_restored_ts=200] [existing_status=running] [current_restored_ts=200] [filters="[test.*]"] [start_ts=100] ["last heartbeat time"="2026-07-13 03:07:34 +0800 CST"]
[2026/07/13 03:07:34.975 +08:00] [INFO] [registration.go:739] ["existing task is running, checking if it's stale"] [existing_task_id=20743369]
[2026/07/13 03:07:34.975 +08:00] [INFO] [registration.go:791] ["checking if task is stale, will check heartbeat every minute up to 5 minutes"] [task_id=20743369] [initial_heartbeat="2026-07-13 03:07:34 +0800 CST"]
[2026/07/13 03:07:35.955 +08:00] [INFO] [runtime.go:172] ["TimerGroupRuntime loop started"] [groupID=ttl]
[2026/07/13 03:07:35.955 +08:00] [INFO] [runtime.go:444] ["create watch chan if possible for timer runtime"] [groupID=ttl] [storeSupportWatch=true]
[2026/07/13 03:07:35.956 +08:00] [INFO] [notifier.go:140] ["new etcd watcher created to watch timer events"] [EtcdKey=/tidb/timer/cluster/1/notify/2a6a6b06-4bb8-430b-95c6-dd0c65f7a0a1] [watcherID=afd87544-fdc5-41ed-92ef-81d64da12f07]
[2026/07/13 03:07:35.956 +08:00] [INFO] [slots.go:220] ["initialize slot capacity"] [capacity=14]
[2026/07/13 03:07:35.958 +08:00] [INFO] [scheduler_manager.go:214] ["schedule task loop start"] [server-id=:4000]
[2026/07/13 03:07:35.958 +08:00] [INFO] [scheduler_manager.go:483] ["collect loop start"] [server-id=:4000]
[2026/07/13 03:07:35.958 +08:00] [INFO] [scheduler_manager.go:403] ["cleanup loop start"] [server-id=:4000]
[2026/07/13 03:07:35.958 +08:00] [INFO] [scheduler_manager.go:327] ["subtask table gc loop start"] [server-id=:4000]
[2026/07/13 03:07:35.976 +08:00] [INFO] [registration.go:841] ["task heartbeat unchanged, continuing to wait"] [remaining_minutes=1] [task_id=20743369]
[2026/07/13 03:07:36.841 +08:00] [INFO] [pd.go:434] ["adaptive update ts interval state transition"] [configuredInterval=2s] [prevAdaptiveUpdateInterval=2s] [newAdaptiveUpdateInterval=2s] [requiredStaleness=0s] [prevState=unknown(0)] [newState=normal]
[2026/07/13 03:07:36.928 +08:00] [INFO] [info.go:988] [SetTiFlashGroupConfig]
[2026/07/13 03:07:36.977 +08:00] [INFO] [registration.go:849] ["task heartbeat unchanged for 5 minutes, task is stale"] [task_id=20743369] [initial_heartbeat="2026-07-13 03:07:34 +0800 CST"]
[2026/07/13 03:07:36.977 +08:00] [INFO] [registration.go:751] ["existing running task is stale, attempting to transition to paused"] [existing_task_id=20743369] [existing_restored_ts=200]
[2026/07/13 03:07:36.977 +08:00] [INFO] [registration.go:860] ["attempting to transition stale task to paused state"] [task_id=20743369] [expected_heartbeat="2026-07-13 03:07:34 +0800 CST"]
[2026/07/13 03:07:36.978 +08:00] [INFO] [registration.go:886] ["successfully transitioned stale task to paused state"] [task_id=20743369]
[2026/07/13 03:07:36.979 +08:00] [INFO] [registration.go:765] ["successfully transitioned stale task to paused, will reuse its restoredTS"] [existing_task_id=20743369] [existing_restored_ts=200]
[2026/07/13 03:07:36.979 +08:00] [INFO] [registration.go:994] ["searching for matching task to delete"] [filter_strings=test.*] [start_ts=100] [restored_ts=200] [upstream_cluster_id=300] [with_sys_table=true] [cmd="point restore"]
[2026/07/13 03:07:36.982 +08:00] [INFO] [registration.go:1031] ["found and locked matching task"] [task_id=20743369] [status=paused]
[2026/07/13 03:07:36.982 +08:00] [INFO] [registration.go:1097] ["successfully deleted matching paused task"] [task_id=20743369]
[2026/07/13 03:07:36.983 +08:00] [INFO] [registration.go:1107] ["successfully deleted matching task"] [task_id=20743369]
[2026/07/13 03:07:36.984 +08:00] [INFO] [registration.go:239] ["closing registry"]
[2026/07/13 03:07:36.984 +08:00] [INFO] [registration.go:241] ["closing registry session"]
[2026/07/13 03:07:36.984 +08:00] [INFO] [registration.go:246] ["closing registry heartbeat session"]
[2026/07/13 03:07:36.984 +08:00] [INFO] [job_scheduler.go:268] ["scheduleLoop quit due to context canceled"] [category=ddl]
[2026/07/13 03:07:36.984 +08:00] [INFO] [syncer.go:488] ["schema version sync loop interrupted, retrying..."] [category=ddl]
[2026/07/13 03:07:36.984 +08:00] [INFO] [manager.go:420] ["watch owner finished"] [key=/tidb/ddl/fg/owner] [id=886c3187-81f4-47db-8049-370989a51b10] []
[2026/07/13 03:07:36.984 +08:00] [INFO] [manager.go:333] ["retire owner"] [key=/tidb/ddl/fg/owner] [id=886c3187-81f4-47db-8049-370989a51b10]
[2026/07/13 03:07:36.984 +08:00] [INFO] [ddl_workerpool.go:78] ["closing workerPool"] [category=ddl]
[2026/07/13 03:07:36.984 +08:00] [INFO] [ddl_workerpool.go:78] ["closing workerPool"] [category=ddl]
[2026/07/13 03:07:36.984 +08:00] [INFO] [manager.go:424] ["is not the owner"] [key=/tidb/ddl/fg/owner] [id=886c3187-81f4-47db-8049-370989a51b10]
[2026/07/13 03:07:36.984 +08:00] [INFO] [manager.go:385] ["break campaign loop, context is done"] [key=/tidb/ddl/fg/owner] [id=886c3187-81f4-47db-8049-370989a51b10]
[2026/07/13 03:07:36.989 +08:00] [INFO] [delete_range.go:162] ["closing delRange"] [category=ddl]
[2026/07/13 03:07:36.989 +08:00] [INFO] [session_pool.go:133] ["closing session pool"] [category=ddl]
[2026/07/13 03:07:36.989 +08:00] [INFO] [ddl.go:1159] ["DDL closed"] [category=ddl] [ID=886c3187-81f4-47db-8049-370989a51b10] ["take time"=5.307333ms]
[2026/07/13 03:07:36.989 +08:00] [INFO] [ddl.go:850] ["stop DDL"] [category=ddl] [ID=886c3187-81f4-47db-8049-370989a51b10]
[2026/07/13 03:07:36.989 +08:00] [INFO] [domain.go:483] ["stopping ttlJobManager"]
[2026/07/13 03:07:36.990 +08:00] [INFO] [notifier.go:142] ["etcd watcher exited to watch timer events"] [EtcdKey=/tidb/timer/cluster/1/notify/2a6a6b06-4bb8-430b-95c6-dd0c65f7a0a1] [watcherID=afd87544-fdc5-41ed-92ef-81d64da12f07]
[2026/07/13 03:07:36.990 +08:00] [INFO] [runtime.go:202] ["TimerGroupRuntime loop exit"] [groupID=ttl]
[2026/07/13 03:07:36.990 +08:00] [INFO] [notifier.go:227] ["etcd notify loop to watch timer events stopped"] [EtcdKey=/tidb/timer/cluster/1/notify/2a6a6b06-4bb8-430b-95c6-dd0c65f7a0a1]
[2026/07/13 03:07:36.990 +08:00] [INFO] [task_manager.go:225] ["shrink ttl worker"] [ttl-worker=job-manager] [ttl-worker=886c3187-81f4-47db-8049-370989a51b10] [ttl-worker=task-manager] [ttl-worker=886c3187-81f4-47db-8049-370989a51b10] [originalCount=4] [newCount=0]
[2026/07/13 03:07:36.990 +08:00] [INFO] [scan.go:379] ["ttlScanWorker loop exited."]
[2026/07/13 03:07:36.990 +08:00] [INFO] [scan.go:379] ["ttlScanWorker loop exited."]
[2026/07/13 03:07:36.990 +08:00] [INFO] [scan.go:379] ["ttlScanWorker loop exited."]
[2026/07/13 03:07:36.990 +08:00] [INFO] [scan.go:379] ["ttlScanWorker loop exited."]
[2026/07/13 03:07:36.990 +08:00] [INFO] [task_manager.go:225] ["shrink ttl worker"] [ttl-worker=job-manager] [ttl-worker=886c3187-81f4-47db-8049-370989a51b10] [ttl-worker=task-manager] [ttl-worker=886c3187-81f4-47db-8049-370989a51b10] [originalCount=4] [newCount=0]
[2026/07/13 03:07:36.990 +08:00] [INFO] [del.go:344] ["ttlDeleteWorker loop exited."]
[2026/07/13 03:07:36.990 +08:00] [INFO] [del.go:344] ["ttlDeleteWorker loop exited."]
[2026/07/13 03:07:36.990 +08:00] [INFO] [del.go:344] ["ttlDeleteWorker loop exited."]
[2026/07/13 03:07:36.990 +08:00] [INFO] [del.go:344] ["ttlDeleteWorker loop exited."]
[2026/07/13 03:07:36.990 +08:00] [INFO] [job_manager.go:183] ["ttlJobManager loop exited."] [ttl-worker=job-manager] [ttl-worker=886c3187-81f4-47db-8049-370989a51b10]
[2026/07/13 03:07:36.990 +08:00] [INFO] [job_manager.go:168] ["ttlJobManager loop exited."] [ttl-worker=job-manager] [ttl-worker=886c3187-81f4-47db-8049-370989a51b10]
[2026/07/13 03:07:36.990 +08:00] [INFO] [domain.go:494] ["ttlJobManager exited."]
[2026/07/13 03:07:36.990 +08:00] [INFO] [domain.go:2857] ["serverIDSession need restart"]
[2026/07/13 03:07:37.003 +08:00] [INFO] [domain.go:2722] ["releaseServerID succeed"] [serverID=2021] [leaseID=2463925670090529663]
[2026/07/13 03:07:37.003 +08:00] [INFO] [stats_syncload.go:255] ["SubLoadWorker: exits now because the domain is closed."] [category=stats]
[2026/07/13 03:07:37.003 +08:00] [INFO] [stats_syncload.go:255] ["SubLoadWorker: exits now because the domain is closed."] [category=stats]
[2026/07/13 03:07:37.003 +08:00] [INFO] [stats_syncload.go:245] ["SubLoadWorker: exited."] [category=stats]
[2026/07/13 03:07:37.003 +08:00] [INFO] [stats_syncload.go:245] ["SubLoadWorker: exited."] [category=stats]
[2026/07/13 03:07:37.003 +08:00] [INFO] [stats_syncload.go:255] ["SubLoadWorker: exits now because the domain is closed."] [category=stats]
[2026/07/13 03:07:37.003 +08:00] [INFO] [domain.go:2789] ["serverIDKeeper exited."]
[2026/07/13 03:07:37.003 +08:00] [INFO] [stats_syncload.go:245] ["SubLoadWorker: exited."] [category=stats]
[2026/07/13 03:07:37.003 +08:00] [INFO] [domain.go:1236] ["stopping dist task scheduler manager because the current node is not DDL owner anymore"] [id=886c3187-81f4-47db-8049-370989a51b10]
[2026/07/13 03:07:37.003 +08:00] [INFO] [domain.go:2136] ["asyncLoadStats exited."]
[2026/07/13 03:07:37.003 +08:00] [INFO] [manager.go:241] ["runaway watch sync loop exit"]
[2026/07/13 03:07:37.003 +08:00] [INFO] [wait_group_wrapper.go:150] ["background process exited"] [source=domain] [process=asyncLoadHistogram]
[2026/07/13 03:07:37.003 +08:00] [INFO] [wait_group_wrapper.go:150] ["background process exited"] [source=domain] [process=runawayWatchSyncLoop]
[2026/07/13 03:07:37.003 +08:00] [INFO] [flusher.go:89] ["flushing remaining records before stop"] [name=runaway-record]
[2026/07/13 03:07:37.003 +08:00] [INFO] [domain.go:2208] ["deltaUpdateTicker is going to exit, start to flush stats"]
[2026/07/13 03:07:37.003 +08:00] [INFO] [flusher.go:91] ["stopped flusher"] [name=runaway-record]
[2026/07/13 03:07:37.003 +08:00] [INFO] [flusher.go:89] ["flushing remaining records before stop"] [name=quarantine-record]
[2026/07/13 03:07:37.003 +08:00] [INFO] [flusher.go:91] ["stopped flusher"] [name=quarantine-record]
[2026/07/13 03:07:37.003 +08:00] [INFO] [flusher.go:89] ["flushing remaining records before stop"] [name=stale-quarantine-record]
[2026/07/13 03:07:37.003 +08:00] [INFO] [flusher.go:91] ["stopped flusher"] [name=stale-quarantine-record]
[2026/07/13 03:07:37.003 +08:00] [INFO] [manager.go:205] ["runaway record flush loop exit"]
[2026/07/13 03:07:37.003 +08:00] [INFO] [wait_group_wrapper.go:150] ["background process exited"] [source=domain] [process=runawayRecordFlushLoop]
[2026/07/13 03:07:37.003 +08:00] [INFO] [domain.go:2182] ["gcStatsWorker ready to release owner"]
[2026/07/13 03:07:37.003 +08:00] [INFO] [domain.go:1881] ["HistoricalStatsWorker exited."]
[2026/07/13 03:07:37.003 +08:00] [INFO] [wait_group_wrapper.go:150] ["background process exited"] [source=domain] [process=HistoricalStatsWorker]
[2026/07/13 03:07:37.003 +08:00] [INFO] [domain.go:2163] ["indexUsageWorker exited."]
[2026/07/13 03:07:37.003 +08:00] [INFO] [wait_group_wrapper.go:150] ["background process exited"] [source=domain] [process=indexUsageWorker]
[2026/07/13 03:07:37.003 +08:00] [INFO] [manager.go:420] ["watch owner finished"] [key=/tidb/br-stream/owner] [id=331b82e6-3a0a-4eb6-abcc-db17af5dc0e7] []
[2026/07/13 03:07:37.003 +08:00] [INFO] [domain.go:418] ["globalConfigSyncerKeeper exited."]
[2026/07/13 03:07:37.003 +08:00] [INFO] [manager.go:333] ["retire owner"] [key=/tidb/br-stream/owner] [id=331b82e6-3a0a-4eb6-abcc-db17af5dc0e7]
[2026/07/13 03:07:37.003 +08:00] [INFO] [domain.go:2321] ["autoAnalyzeWorker exited."] [category=stats]
[2026/07/13 03:07:37.003 +08:00] [INFO] [manager.go:424] ["is not the owner"] [key=/tidb/br-stream/owner] [id=331b82e6-3a0a-4eb6-abcc-db17af5dc0e7]
[2026/07/13 03:07:37.003 +08:00] [INFO] [wait_group_wrapper.go:150] ["background process exited"] [source=domain] [process=globalConfigSyncerKeeper]
[2026/07/13 03:07:37.003 +08:00] [INFO] [wait_group_wrapper.go:150] ["background process exited"] [source=domain] [process=autoAnalyzeWorker]
[2026/07/13 03:07:37.003 +08:00] [INFO] [domain.go:2103] ["loadStatsWorker exited."]
[2026/07/13 03:07:37.003 +08:00] [INFO] [stats_syncload.go:255] ["SubLoadWorker: exits now because the domain is closed."] [category=stats]
[2026/07/13 03:07:37.003 +08:00] [INFO] [stats_syncload.go:245] ["SubLoadWorker: exited."] [category=stats]
[2026/07/13 03:07:37.003 +08:00] [INFO] [syncer.go:379] ["topology sync loop exited."]
[2026/07/13 03:07:37.003 +08:00] [INFO] [syncer.go:245] ["server info sync loop exited."]
[2026/07/13 03:07:37.003 +08:00] [INFO] [wait_group_wrapper.go:150] ["background process exited"] [source=domain] [process=topologySyncerKeeper]
[2026/07/13 03:07:37.003 +08:00] [INFO] [scheduler_manager.go:333] ["subtask history table gc loop exits"] [server-id=:4000]
[2026/07/13 03:07:37.003 +08:00] [INFO] [domain.go:1466] ["LoadSysVarCacheLoop exited."]
[2026/07/13 03:07:37.003 +08:00] [INFO] [plan_replayer.go:411] ["planReplayerTaskDumpWorker exited."]
[2026/07/13 03:07:37.003 +08:00] [INFO] [wait_group_wrapper.go:150] ["background process exited"] [source=domain] [process=LoadSysVarCacheLoop]
[2026/07/13 03:07:37.003 +08:00] [INFO] [domain.go:1796] ["PlanReplayerTaskCollectHandle exited."]
[2026/07/13 03:07:37.003 +08:00] [INFO] [scheduler_manager.go:496] ["collect loop exits"] [server-id=:4000]
[2026/07/13 03:07:37.003 +08:00] [INFO] [wait_group_wrapper.go:150] ["background process exited"] [source=domain] [process=PlanReplayerTaskCollectHandle]
[2026/07/13 03:07:37.003 +08:00] [INFO] [domain.go:1850] ["dumpFileGcChecker exited."]
[2026/07/13 03:07:37.003 +08:00] [INFO] [stats_syncload.go:255] ["SubLoadWorker: exits now because the domain is closed."] [category=stats]
[2026/07/13 03:07:37.003 +08:00] [INFO] [wait_group_wrapper.go:150] ["background process exited"] [source=domain] [process=dumpFileGcChecker]
[2026/07/13 03:07:37.003 +08:00] [INFO] [wait_group_wrapper.go:150] ["background process exited"] [source=domain] [process=loadStatsWorker]
[2026/07/13 03:07:37.003 +08:00] [INFO] [domain.go:1816] ["PlanReplayerTaskDumpHandle exited."]
[2026/07/13 03:07:37.003 +08:00] [INFO] [wait_group_wrapper.go:150] ["background process exited"] [source=domain] [process=PlanReplayerTaskDumpHandle]
[2026/07/13 03:07:37.003 +08:00] [INFO] [manager.go:385] ["break campaign loop, context is done"] [key=/tidb/br-stream/owner] [id=331b82e6-3a0a-4eb6-abcc-db17af5dc0e7]
[2026/07/13 03:07:37.003 +08:00] [INFO] [wait_group_wrapper.go:150] ["background process exited"] [source=domain] [process=loadSigningCertLoop]
[2026/07/13 03:07:37.003 +08:00] [INFO] [scheduler_manager.go:409] ["cleanup loop exits"] [server-id=:4000]
[2026/07/13 03:07:37.003 +08:00] [INFO] [domain.go:2978] ["readTableCostWorker exited."]
[2026/07/13 03:07:37.003 +08:00] [INFO] [wait_group_wrapper.go:150] ["background process exited"] [source=domain] [process=readTableCostWorker]
[2026/07/13 03:07:37.003 +08:00] [INFO] [domain.go:2903] ["planCacheMetricsAndVars exited."]
[2026/07/13 03:07:37.003 +08:00] [INFO] [domain.go:2385] ["analyzeJobsCleanupWorker exited."]
[2026/07/13 03:07:37.003 +08:00] [INFO] [wait_group_wrapper.go:150] ["background process exited"] [source=domain] [process=planCacheMetricsAndVars]
[2026/07/13 03:07:37.003 +08:00] [INFO] [domain.go:1392] ["loadPrivilegeInLoop exited."]
[2026/07/13 03:07:37.004 +08:00] [INFO] [wait_group_wrapper.go:150] ["background process exited"] [source=domain] [process=loadPrivilegeInLoop]
[2026/07/13 03:07:37.003 +08:00] [INFO] [wait_group_wrapper.go:150] ["background process exited"] [source=domain] [process=analyzeJobsCleanupWorker]
[2026/07/13 03:07:37.003 +08:00] [INFO] [scheduler_manager.go:222] ["schedule task loop exits"] [server-id=:4000]
[2026/07/13 03:07:37.004 +08:00] [INFO] [domain.go:1238] ["dist task scheduler manager stopped"] [id=886c3187-81f4-47db-8049-370989a51b10]
[2026/07/13 03:07:37.003 +08:00] [INFO] [stats_syncload.go:255] ["SubLoadWorker: exits now because the domain is closed."] [category=stats]
[2026/07/13 03:07:37.004 +08:00] [INFO] [stats_syncload.go:245] ["SubLoadWorker: exited."] [category=stats]
[2026/07/13 03:07:37.003 +08:00] [INFO] [domain.go:2271] ["dumpColStatsUsageWorker exited."]
[2026/07/13 03:07:37.004 +08:00] [INFO] [wait_group_wrapper.go:150] ["background process exited"] [source=domain] [process=dumpColStatsUsageWorker]
[2026/07/13 03:07:37.003 +08:00] [INFO] [wait_group_wrapper.go:150] ["background process exited"] [source=domain] [process=infoSyncerKeeper]
[2026/07/13 03:07:37.003 +08:00] [INFO] [stats_syncload.go:245] ["SubLoadWorker: exited."] [category=stats]
[2026/07/13 03:07:37.003 +08:00] [INFO] [domain.go:2934] ["planCacheEvictTrigger exited."]
[2026/07/13 03:07:37.004 +08:00] [INFO] [wait_group_wrapper.go:150] ["background process exited"] [source=domain] [process=planCacheEvictTrigger]
[2026/07/13 03:07:37.003 +08:00] [INFO] [manager.go:420] ["watch owner finished"] [key=/tidb/stats/owner] [id=886c3187-81f4-47db-8049-370989a51b10] []
[2026/07/13 03:07:37.004 +08:00] [INFO] [manager.go:333] ["retire owner"] [key=/tidb/stats/owner] [id=886c3187-81f4-47db-8049-370989a51b10]
[2026/07/13 03:07:37.004 +08:00] [INFO] [manager.go:420] ["watch owner finished"] [key=/tidb/bindinfo/owner] [id=886c3187-81f4-47db-8049-370989a51b10] []
[2026/07/13 03:07:37.004 +08:00] [INFO] [manager.go:333] ["retire owner"] [key=/tidb/bindinfo/owner] [id=886c3187-81f4-47db-8049-370989a51b10]
[2026/07/13 03:07:37.004 +08:00] [INFO] [manager.go:424] ["is not the owner"] [key=/tidb/bindinfo/owner] [id=886c3187-81f4-47db-8049-370989a51b10]
[2026/07/13 03:07:37.004 +08:00] [INFO] [manager.go:424] ["is not the owner"] [key=/tidb/stats/owner] [id=886c3187-81f4-47db-8049-370989a51b10]
[2026/07/13 03:07:37.004 +08:00] [INFO] [manager.go:385] ["break campaign loop, context is done"] [key=/tidb/bindinfo/owner] [id=886c3187-81f4-47db-8049-370989a51b10]
[2026/07/13 03:07:37.004 +08:00] [INFO] [domain.go:1221] ["stopping dist task executor manager"]
[2026/07/13 03:07:37.004 +08:00] [INFO] [manager.go:385] ["break campaign loop, context is done"] [key=/tidb/stats/owner] [id=886c3187-81f4-47db-8049-370989a51b10]
[2026/07/13 03:07:37.004 +08:00] [INFO] [manager.go:285] ["recoverMetaLoop done"] [server-id=:4000]
[2026/07/13 03:07:37.004 +08:00] [INFO] [manager.go:157] ["handle tasks loop done"] [server-id=:4000]
[2026/07/13 03:07:37.004 +08:00] [INFO] [domain.go:1223] ["dist task executor manager stopped"]
[2026/07/13 03:07:37.004 +08:00] [INFO] [wait_group_wrapper.go:150] ["background process exited"] [source=domain] [process=distTaskFrameworkLoop]
[2026/07/13 03:07:37.004 +08:00] [INFO] [domain.go:2214] ["deltaUpdateTicker exit preprocessing finished"]
[2026/07/13 03:07:37.004 +08:00] [INFO] [wait_group_wrapper.go:150] ["background process exited"] [source=domain] [process=deltaUpdateTickerWorker]
[2026/07/13 03:07:37.020 +08:00] [INFO] [domain.go:978] ["closestReplicaReadCheckLoop exited."]
[2026/07/13 03:07:37.020 +08:00] [INFO] [wait_group_wrapper.go:150] ["background process exited"] [source=domain] [process=closestReplicaReadCheckLoop]
[2026/07/13 03:07:37.020 +08:00] [INFO] [manager.go:431] ["etcd session close failed"] [key=/tidb/stats/owner] [id=886c3187-81f4-47db-8049-370989a51b10] [error="context canceled"]
[2026/07/13 03:07:37.020 +08:00] [INFO] [wait_group_wrapper.go:150] ["background process exited"] [source=domain] [process=mdlCheckLoop]
[2026/07/13 03:07:37.020 +08:00] [INFO] [domain.go:2190] ["gcStatsWorker exit preprocessing finished"]
[2026/07/13 03:07:37.020 +08:00] [INFO] [syncer.go:304] ["info schema sync loop exited."]
[2026/07/13 03:07:37.020 +08:00] [INFO] [wait_group_wrapper.go:150] ["background process exited"] [source=domain] [process=loadSchemaInLoop]
[2026/07/13 03:07:37.020 +08:00] [INFO] [domain.go:2235] ["gcStatsWorker exited."]
[2026/07/13 03:07:37.020 +08:00] [INFO] [manager.go:431] ["etcd session close failed"] [key=/tidb/bindinfo/owner] [id=886c3187-81f4-47db-8049-370989a51b10] [error="context canceled"]
[2026/07/13 03:07:37.020 +08:00] [INFO] [wait_group_wrapper.go:150] ["background process exited"] [source=domain] [process=gcStatsWorker]
[2026/07/13 03:07:37.020 +08:00] [INFO] [domain.go:1605] ["globalBindHandleWorkerLoop exited."]
[2026/07/13 03:07:37.020 +08:00] [INFO] [wait_group_wrapper.go:150] ["background process exited"] [source=domain] [process=globalBindHandleWorkerLoop]
[2026/07/13 03:07:37.020 +08:00] [INFO] [domain.go:390] ["topNSlowQueryLoop exited."]
[2026/07/13 03:07:37.020 +08:00] [INFO] [wait_group_wrapper.go:150] ["background process exited"] [source=domain] [process=topNSlowQueryLoop]
[2026/07/13 03:07:37.020 +08:00] [INFO] [owner_daemon.go:87] ["daemon loop exits"] [id=331b82e6-3a0a-4eb6-abcc-db17af5dc0e7] [daemon-id=LogBackup::Advancer]
[2026/07/13 03:07:37.020 +08:00] [INFO] [wait_group_wrapper.go:150] ["background process exited"] [source=domain] [process=logBackupAdvancer]
[2026/07/13 03:07:37.020 +08:00] [INFO] [advancer_cliext.go:194] ["Start collecting remaining events in the channel."] [category="log backup advancer"] [remained=0]
[2026/07/13 03:07:37.020 +08:00] [INFO] [advancer_cliext.go:199] ["Finish collecting remaining events in the channel."] [category="log backup advancer"]
[2026/07/13 03:07:37.058 +08:00] [INFO] [domain.go:549] ["domain closed"] ["take time"=73.715916ms]
[2026/07/13 03:07:37.073 +08:00] [INFO] [client.go:356] ["[pd] http client closed"] [source=tikv-driver]
[2026/07/13 03:07:37.073 +08:00] [INFO] [dispatcher.go:208] ["[tso] stop fetching the pending tso requests due to context canceled"]
[2026/07/13 03:07:37.073 +08:00] [INFO] [dispatcher.go:150] ["[tso] exit tso dispatcher"]
[2026/07/13 03:07:37.073 +08:00] [INFO] [watcher.go:73] ["[pd] exit the deadline watcher"] [source=tso]
[2026/07/13 03:07:37.073 +08:00] [INFO] [resource_manager_client.go:341] ["[resource manager] exit resource token dispatcher"]
[2026/07/13 03:07:37.073 +08:00] [INFO] [stream.go:360] ["tsoStream.recvLoop ended"] [stream=127.0.0.1:2379-3] [error="rpc error: code = Canceled desc = context canceled"] [errorVerbose="rpc error: code = Canceled desc = context canceled\ngithub.com/tikv/pd/client/clients/tso.(*tsoStream).recvLoop\n\t/Users/bba/.gvm/pkgsets/go1.25.1/global/pkg/mod/github.com/tikv/pd/client@v0.0.0-20260601035915-3ef6a3b10c84/clients/tso/stream.go:428\nruntime.goexit\n\t/Users/bba/.gvm/pkgsets/go1.25.1/global/pkg/mod/golang.org/toolchain@v0.0.1-go1.25.10.darwin-arm64/src/runtime/asm_arm64.s:1268"]
[2026/07/13 03:07:37.073 +08:00] [INFO] [service_discovery.go:555] ["[pd] exit member loop due to context canceled"]
[2026/07/13 03:07:37.074 +08:00] [INFO] [inner_client.go:96] ["[pd] exit router client initializer"]
[2026/07/13 03:07:37.074 +08:00] [INFO] [router_service_discovery.go:304] ["[router service] exit health check member loop"]
[2026/07/13 03:07:37.074 +08:00] [INFO] [client.go:273] ["[tso] exit tso connection contexts updater"]
[2026/07/13 03:07:37.074 +08:00] [INFO] [router_service_discovery.go:262] ["[router service] exit check member loop"]
[2026/07/13 03:07:37.074 +08:00] [INFO] [router_service_discovery.go:276] ["[router service] closing router service discovery"]
[2026/07/13 03:07:37.074 +08:00] [INFO] [router_service_discovery.go:292] ["[router service] is closed"]
[2026/07/13 03:07:37.074 +08:00] [INFO] [client.go:155] ["[tso] closing tso client"]
[2026/07/13 03:07:37.074 +08:00] [INFO] [client.go:160] ["[tso] close tso client"]
[2026/07/13 03:07:37.074 +08:00] [INFO] [client.go:162] ["[tso] tso client is closed"]
[2026/07/13 03:07:37.074 +08:00] [INFO] [service_discovery.go:646] ["[pd] close service discovery client"]
[2026/07/13 03:07:37.074 +08:00] [INFO] [inner_client.go:275] ["[pd] close client successfully"]
--- PASS: TestAINativeAbortDeletesActuallyStaleRestoreGREEN (2.24s)
PASS
ok  	github.com/pingcap/tidb/tests/realtikvtest/brregistrytest	8.912s
