===== /Users/bba/.tiup/data/agent-test-ddl-fk-rename-reuse-20260725/tidb-0/tidb.log =====
[2026/07/25 00:03:43.373 +08:00] [INFO] [meminfo.go:196] ["use physical memory hook"] [cgroupMemorySize=0] [physicalMemorySize=38654705664]
[2026/07/25 00:03:43.374 +08:00] [INFO] [cpuprofile.go:113] ["parallel cpu profiler started"]
[2026/07/25 00:03:43.374 +08:00] [INFO] [printer.go:77] ["Welcome to TiDB."] ["Release Version"=v8.4.0-this-is-a-placeholder] [Edition=Community] ["Git Commit Hash"=None] ["Git Branch"=None] ["UTC Build Time"=None] [GoVersion=go1.25.10] ["Race Enabled"=false] ["Check Table Before Drop"=false] ["Kernel Type"=Classic]
[2026/07/25 00:03:43.374 +08:00] [INFO] [printer.go:82] ["loaded config"] [config="{\"host\":\"127.0.0.1\",\"advertise-address\":\"127.0.0.1\",\"port\":4000,\"cors\":\"\",\"store\":\"tikv\",\"path\":\"127.0.0.1:2379\",\"socket\":\"/tmp/tidb-4000.sock\",\"lease\":\"45s\",\"split-table\":true,\"token-limit\":1000,\"max-allowed-packet\":67108864,\"temp-dir\":\"/tmp/tidb\",\"tmp-storage-path\":\"/var/folders/zx/f9809dyn2m54rzv1vxmr52080000gn/T/501_tidb/MTI3LjAuMC4xOjQwMDAvMC4wLjAuMDoxMDA4MA==/tmp-storage\",\"tmp-storage-quota\":-1,\"server-version\":\"\",\"version-comment\":\"\",\"tidb-edition\":\"\",\"tidb-release-version\":\"\",\"deploy-mode\":\"premium\",\"dxf-resource-limit\":100,\"keyspace-name\":\"\",\"tikv-worker-url\":\"\",\"log\":{\"level\":\"info\",\"format\":\"text\",\"disable-timestamp\":null,\"enable-timestamp\":null,\"disable-error-stack\":null,\"enable-error-stack\":null,\"file\":{\"filename\":\"/Users/bba/.tiup/data/agent-test-ddl-fk-rename-reuse-20260725/tidb-0/tidb.log\",\"max-size\":300,\"max-days\":0,\"max-backups\":0,\"compression\":\"\",\"is-buffered\":false,\"buffer-size\":0,\"buffer-flush-interval\":0},\"slow-query-file\":\"tidb-slow.log\",\"expensive-threshold\":10000,\"general-log-file\":\"\",\"query-log-max-len\":4096,\"enable-slow-log\":true,\"slow-threshold\":300,\"record-plan-in-slow-log\":1,\"timeout\":0},\"instance\":{\"tidb_general_log\":false,\"tidb_pprof_sql_cpu\":false,\"ddl_slow_threshold\":300,\"tidb_expensive_query_time_threshold\":60,\"tidb_expensive_txn_time_threshold\":600,\"tidb_stmt_summary_enable_persistent\":false,\"tidb_stmt_summary_filename\":\"tidb-statements.log\",\"tidb_stmt_summary_file_max_days\":3,\"tidb_stmt_summary_file_max_size\":64,\"tidb_stmt_summary_file_max_backups\":0,\"tidb_stmt_summary_max_stmt_count\":0,\"tidb_server_memory_limit\":\"\",\"tidb_mem_arbitrator_mode\":\"\",\"tidb_mem_arbitrator_soft_limit\":\"\",\"tidb_server_memory_limit_gc_trigger\":\"\",\"tidb_instance_plan_cache_max_size\":\"\",\"tidb_stats_cache_mem_quota\":0,\"tidb_mem_quota_binding_cache\":0,\"tidb_schema_cache_size\":\"\",\"tidb_enable_slow_log\":true,\"tidb_slow_log_threshold\":300,\"tidb_record_plan_in_slow_log\":1,\"tidb_check_mb4_value_in_utf8\":true,\"tidb_force_priority\":\"NO_PRIORITY\",\"tidb_memory_usage_alarm_ratio\":0.8,\"tidb_enable_collect_execution_info\":true,\"plugin_dir\":\"/data/deploy/plugin\",\"plugin_load\":\"\",\"plugin_audit_log_buffer_size\":0,\"plugin_audit_log_flush_interval\":30,\"max_connections\":0,\"tidb_enable_ddl\":true,\"tidb_enable_stats_owner\":true,\"tidb_rc_read_check_ts\":false,\"tidb_service_scope\":\"\"},\"security\":{\"skip-grant-table\":false,\"ssl-ca\":\"\",\"ssl-cert\":\"\",\"ssl-key\":\"\",\"cluster-ssl-ca\":\"\",\"cluster-ssl-cert\":\"\",\"cluster-ssl-key\":\"\",\"cluster-verify-cn\":null,\"session-token-signing-cert\":\"\",\"session-token-signing-key\":\"\",\"spilled-file-encryption-method\":\"plaintext\",\"enable-sem\":false,\"sem-config\":\"\",\"auto-tls\":true,\"tls-version\":\"\",\"rsa-key-size\":4096,\"secure-bootstrap\":false,\"auth-token-jwks\":\"\",\"auth-token-refresh-interval\":\"1h0m0s\",\"disconnect-on-expired-password\":true},\"status\":{\"status-host\":\"0.0.0.0\",\"metrics-addr\":\"\",\"status-port\":10080,\"metrics-interval\":15,\"report-status\":true,\"record-db-qps\":false,\"record-db-label\":false,\"grpc-keepalive-time\":10,\"grpc-keepalive-timeout\":3,\"grpc-concurrent-streams\":1024,\"grpc-initial-window-size\":2097152,\"grpc-max-send-msg-size\":2147483647},\"performance\":{\"max-procs\":0,\"max-memory\":0,\"server-memory-quota\":0,\"stats-lease\":\"3s\",\"stmt-count-limit\":5000,\"pseudo-estimate-ratio\":0.8,\"bind-info-lease\":\"3s\",\"txn-entry-size-limit\":6291456,\"txn-total-size-limit\":104857600,\"tcp-keep-alive\":true,\"tcp-no-delay\":true,\"cross-join\":true,\"distinct-agg-push-down\":false,\"max-txn-ttl\":3600000,\"index-usage-sync-lease\":\"\",\"plan-replayer-gc-lease\":\"10m\",\"gogc\":100,\"enforce-mpp\":false,\"stats-load-concurrency\":0,\"stats-load-queue-size\":1000,\"analyze-partition-concurrency-quota\":16,\"plan-replayer-dump-worker-concurrency\":1,\"enable-stats-cache-mem-quota\":true,\"committer-concurrency\":128,\"run-auto-analyze\":true,\"force-priority\":\"NO_PRIORITY\",\"memory-usage-alarm-ratio\":0.8,\"enable-load-fmsketch\":false,\"skip-init-stats\":false,\"lite-init-stats\":true,\"force-init-stats\":true,\"concurrently-init-stats\":true,\"projection-push-down\":true,\"enable-async-batch-get\":true},\"prepared-plan-cache\":{\"enabled\":true,\"capacity\":100,\"memory-guard-ratio\":0.1},\"opentracing\":{\"enable\":false,\"rpc-metrics\":false,\"sampler\":{\"type\":\"const\",\"param\":1,\"sampling-server-url\":\"\",\"max-operations\":0,\"sampling-refresh-interval\":0},\"reporter\":{\"queue-size\":0,\"buffer-flush-interval\":0,\"log-spans\":false,\"local-agent-host-port\":\"\"}},\"proxy-protocol\":{\"networks\":\"\",\"header-timeout\":5,\"fallbackable\":true},\"pd-client\":{\"pd-server-timeout\":3},\"tikv-client\":{\"grpc-connection-count\":4,\"grpc-keepalive-time\":10,\"grpc-keepalive-timeout\":3,\"grpc-compression-type\":\"none\",\"grpc-shared-buffer-pool\":false,\"grpc-initial-window-size\":134217728,\"grpc-initial-conn-window-size\":134217728,\"commit-timeout\":\"41s\",\"async-commit\":{\"keys-limit\":256,\"total-key-size-limit\":4096,\"safe-window\":2000000000,\"allowed-clock-drift\":500000000},\"batch-policy\":\"standard\",\"max-batch-size\":128,\"overload-threshold\":200,\"max-batch-wait-time\":0,\"batch-wait-size\":8,\"enable-chunk-rpc\":true,\"region-cache-ttl\":600,\"store-limit\":0,\"store-liveness-timeout\":\"1s\",\"copr-cache\":{\"capacity-mb\":1000},\"copr-req-timeout\":60000000000,\"ttl-refreshed-txn-size\":33554432,\"resolve-lock-lite-threshold\":512,\"max-concurrency-request-limit\":9223372036854775807,\"enable-replica-selector-v2\":true,\"ru-v2\":{\"ru-scale\":2.1,\"tikv-kv-engine-cache-miss\":0.45975389,\"resource-manager-write-cnt-tikv\":0.09642181,\"executor-inputs\":0.0000315,\"tikv-coprocessor-executor-iterations\":0.05775369,\"tikv-coprocessor-response-bytes\":8.7e-7,\"tikv-raftstore-store-write-trigger-wb-bytes\":0.000061,\"tikv-storage-processed-keys-batch-get\":0.00266791,\"tikv-storage-processed-keys-get\":0.01416829}},\"ru-v2\":{\"ru-scale\":2.01,\"result-chunk-cells\":0.0001,\"executor-l1\":0.00013278,\"executor-l2\":0.00000383,\"executor-l3\":0.00141739,\"executor-l5-insert-rows\":0.00472572,\"plan-cnt\":0.15392217,\"plan-derive-stats-paths\":0.24968182,\"resource-manager-read-cnt\":0.02072003,\"resource-manager-write-cnt\":0.07179779,\"write-keys\":0.330760861554226,\"session-parser-total\":0.19230499,\"txn-cnt\":0.03013709},\"compatible-kill-query\":false,\"pessimistic-txn\":{\"max-retry-count\":256,\"deadlock-history-capacity\":10,\"deadlock-history-collect-retryable\":false,\"pessimistic-auto-commit\":false,\"constraint-check-in-place-pessimistic\":true},\"max-index-length\":3072,\"index-limit\":64,\"table-column-count-limit\":1017,\"graceful-wait-before-shutdown\":0,\"alter-primary-key\":false,\"treat-old-version-utf8-as-utf8mb4\":true,\"enable-table-lock\":false,\"delay-clean-table-lock\":0,\"split-region-max-num\":1000,\"top-sql\":{\"receiver-address\":\"\"},\"repair-mode\":false,\"repair-table-list\":[],\"isolation-read\":{\"engines\":[\"tikv\",\"tiflash\",\"tidb\"]},\"new_collations_enabled_on_first_bootstrap\":true,\"experimental\":{\"allow-expression-index\":false},\"skip-register-to-dashboard\":false,\"enable-telemetry\":false,\"labels\":{},\"error-msg-extension\":null,\"keyspace-observability\":{},\"enable-global-index\":false,\"deprecate-integer-display-length\":true,\"enable-enum-length-limit\":true,\"stores-refresh-interval\":60,\"enable-tcp4-only\":false,\"enable-forwarding\":false,\"max-ballast-object-size\":0,\"ballast-object-size\":0,\"transaction-summary\":{\"transaction-summary-capacity\":500,\"transaction-id-digest-min-duration\":2147483647},\"enable-global-kill\":true,\"enable-32bits-connection-id\":true,\"initialize-sql-file\":\"\",\"keyspace-activate\":false,\"standby\":{\"standby-mode\":false,\"max-idle-seconds\":0,\"activation-timeout\":0,\"enable-zero-backend\":false},\"starter-params\":{},\"external-workload\":{},\"enable-batch-dml\":false,\"mem-quota-query\":1073741824,\"oom-action\":\"cancel\",\"oom-use-tmp-storage\":true,\"check-mb4-value-in-utf8\":true,\"enable-collect-execution-info\":true,\"plugin\":{\"dir\":\"/data/deploy/plugin\",\"load\":\"\"},\"max-server-connections\":0,\"run-ddl\":true,\"disaggregated-tiflash\":false,\"autoscaler-type\":\"aws\",\"autoscaler-addr\":\"tiflash-autoscale-lb.tiflash-autoscale.svc.cluster.local:8081\",\"is-tiflashcompute-fixed-pool\":false,\"autoscaler-cluster-id\":\"\",\"use-autoscaler\":false,\"tidb-max-reuse-chunk\":64,\"tidb-max-reuse-column\":256,\"tidb-enable-exit-check\":false,\"in-mem-slow-query-topn-num\":30,\"in-mem-slow-query-recent-num\":500,\"metering-storage-uri\":\"\",\"cse\":{\"columnar-store-type\":\"tiflash\",\"columnar-collect-timeout\":5000000000}}"]
[2026/07/25 00:03:43.374 +08:00] [INFO] [main.go:704] ["disable Prometheus push client"]
[2026/07/25 00:03:43.374 +08:00] [INFO] [systime_mon.go:26] ["start system time monitor"]
[2026/07/25 00:03:43.374 +08:00] [INFO] [store.go:95] ["new store"] [path=tikv://127.0.0.1:2379]
[2026/07/25 00:03:43.377 +08:00] [INFO] [service_discovery.go:1030] ["[pd] switch leader"] [new-leader=http://127.0.0.1:2379] [old-leader=]
[2026/07/25 00:03:43.377 +08:00] [INFO] [service_discovery.go:509] ["[pd] init cluster id"] [cluster-id=7666125879708727181]
[2026/07/25 00:03:43.377 +08:00] [INFO] [client.go:214] ["[tso] switch the tso leader serving url"] [new-url=http://127.0.0.1:2379]
[2026/07/25 00:03:43.377 +08:00] [INFO] [watcher.go:56] ["[pd] start the deadline watcher"] [source=tso]
[2026/07/25 00:03:43.377 +08:00] [INFO] [inner_client.go:173] ["[pd] tso provider changed to pd"]
[2026/07/25 00:03:43.377 +08:00] [INFO] [client.go:251] ["[tso] start tso connection contexts updater"]
[2026/07/25 00:03:43.377 +08:00] [INFO] [dispatcher.go:146] ["[tso] tso dispatcher created"]
[2026/07/25 00:03:43.377 +08:00] [INFO] [dispatcher.go:598] ["[tso] switching tso rpc concurrency"] [old=0] [new=1]
[2026/07/25 00:03:43.377 +08:00] [INFO] [inner_client.go:154] ["[pd] service mode changed"] [new-mode=PD_SVC_MODE]
[2026/07/25 00:03:43.377 +08:00] [INFO] [router_service_discovery.go:162] ["[router service] created router service discovery"] [cluster-id=7666125879708727181] [keyspace-id=4294967295] [default-discovery-key=/ms/7666125879708727181/router/registry/]
[2026/07/25 00:03:43.377 +08:00] [INFO] [router_service_discovery.go:174] ["[router service] initializing router service discovery"] [max-retry-times=100] [retry-interval=1s]
[2026/07/25 00:03:43.378 +08:00] [INFO] [router_service_discovery.go:260] ["[router service] update member sorted urls"] [new-sorted-urls="[]"]
[2026/07/25 00:03:43.378 +08:00] [INFO] [router_service_discovery.go:245] ["[router service] updating nodes succeeded"] [urls="[]"] [clients-length=0]
[2026/07/25 00:03:43.379 +08:00] [INFO] [tikv_driver.go:194] ["using API V1."]
[2026/07/25 00:03:43.379 +08:00] [INFO] [client.go:424] ["[router] connection daemon is started"]
[2026/07/25 00:03:43.379 +08:00] [INFO] [client.go:585] ["[router] dispatcher is started"]
[2026/07/25 00:03:43.379 +08:00] [INFO] [client.go:509] ["[router] successfully established the leader router stream connection"] [url=http://127.0.0.1:2379]
[2026/07/25 00:03:43.379 +08:00] [INFO] [inner_client.go:91] ["[pd] start router client initializer"]
[2026/07/25 00:03:43.379 +08:00] [INFO] [metamanager.go:146] ["return meta service group info"] [meta-service-info="{\"PDAddrs\":[\"127.0.0.1:2379\"],\"Group\":{\"GroupID\":\"0\",\"Addrs\":[\"127.0.0.1:2379\"]}}"]
[2026/07/25 00:03:43.381 +08:00] [INFO] [store.go:104] ["new store with retry success"]
[2026/07/25 00:03:43.383 +08:00] [INFO] [store_cache.go:572] ["change store resolve state"] [store=1] [addr=127.0.0.1:20160] [from=unresolved] [to=resolved] [liveness-state=reachable]
[2026/07/25 00:03:43.393 +08:00] [INFO] [session.go:4205] ["init DDL tables"] [currVer=0] [targetVer=1]
[2026/07/25 00:03:43.394 +08:00] [INFO] [add_column.go:1339] ["Automatically convert BLOB(65535) to MEDIUMBLOB"] [category=ddl]
[2026/07/25 00:03:43.394 +08:00] [INFO] [add_column.go:1339] ["Automatically convert BLOB(65535) to MEDIUMBLOB"] [category=ddl]
[2026/07/25 00:03:43.395 +08:00] [INFO] [add_column.go:1339] ["Automatically convert BLOB(65535) to MEDIUMBLOB"] [category=ddl]
[2026/07/25 00:03:43.395 +08:00] [INFO] [add_column.go:1339] ["Automatically convert BLOB(65535) to MEDIUMBLOB"] [category=ddl]
[2026/07/25 00:03:43.395 +08:00] [INFO] [split_region.go:86] ["split batch regions request"] ["split key count"=3] ["batch count"=1] ["first batch, region ID"=2] ["first split key"=748000FFFFFFFFFFFE]
[2026/07/25 00:03:43.401 +08:00] [INFO] [split_region.go:192] ["batch split regions complete"] ["batch region ID"=2] ["first at"=748000FFFFFFFFFFFE] ["first new region left"="{Id:4 StartKey: EndKey:748000FFFFFFFFFFFFFC00000000000000F8 RegionEpoch:{ConfVer:1 Version:4} Peers:[id:5 store_id:1 ] EncryptionMeta:<nil> IsInFlashback:false FlashbackStartTs:0}"] ["new region count"=3]
[2026/07/25 00:03:43.401 +08:00] [INFO] [split_region.go:241] ["split regions complete"] ["region count"=3] ["region IDs"="[4,6,8]"]
[2026/07/25 00:03:43.403 +08:00] [INFO] [session.go:4205] ["init DDL tables"] [currVer=0] [targetVer=2]
[2026/07/25 00:03:43.403 +08:00] [INFO] [add_column.go:1339] ["Automatically convert BLOB(65535) to MEDIUMBLOB"] [category=ddl]
[2026/07/25 00:03:43.403 +08:00] [INFO] [split_region.go:86] ["split batch regions request"] ["split key count"=1] ["batch count"=1] ["first batch, region ID"=4] ["first split key"=748000FFFFFFFFFFFB]
[2026/07/25 00:03:43.408 +08:00] [INFO] [split_region.go:192] ["batch split regions complete"] ["batch region ID"=4] ["first at"=748000FFFFFFFFFFFB] ["first new region left"="{Id:10 StartKey: EndKey:748000FFFFFFFFFFFFFB00000000000000F8 RegionEpoch:{ConfVer:1 Version:5} Peers:[id:11 store_id:1 ] EncryptionMeta:<nil> IsInFlashback:false FlashbackStartTs:0}"] ["new region count"=1]
[2026/07/25 00:03:43.408 +08:00] [INFO] [split_region.go:241] ["split regions complete"] ["region count"=1] ["region IDs"="[10]"]
[2026/07/25 00:03:43.408 +08:00] [INFO] [session.go:4205] ["init DDL tables"] [currVer=0] [targetVer=3]
[2026/07/25 00:03:43.408 +08:00] [INFO] [split_region.go:86] ["split batch regions request"] ["split key count"=2] ["batch count"=1] ["first batch, region ID"=10] ["first split key"=748000FFFFFFFFFFFA]
[2026/07/25 00:03:43.413 +08:00] [INFO] [split_region.go:192] ["batch split regions complete"] ["batch region ID"=10] ["first at"=748000FFFFFFFFFFFA] ["first new region left"="{Id:12 StartKey: EndKey:748000FFFFFFFFFFFFF900000000000000F8 RegionEpoch:{ConfVer:1 Version:7} Peers:[id:13 store_id:1 ] EncryptionMeta:<nil> IsInFlashback:false FlashbackStartTs:0}"] ["new region count"=2]
[2026/07/25 00:03:43.413 +08:00] [INFO] [split_region.go:241] ["split regions complete"] ["region count"=2] ["region IDs"="[12,14]"]
[2026/07/25 00:03:43.413 +08:00] [INFO] [session.go:4205] ["init DDL tables"] [currVer=0] [targetVer=4]
[2026/07/25 00:03:43.414 +08:00] [INFO] [split_region.go:86] ["split batch regions request"] ["split key count"=1] ["batch count"=1] ["first batch, region ID"=12] ["first split key"=748000FFFFFFFFFFF8]
[2026/07/25 00:03:43.419 +08:00] [INFO] [split_region.go:192] ["batch split regions complete"] ["batch region ID"=12] ["first at"=748000FFFFFFFFFFF8] ["first new region left"="{Id:16 StartKey: EndKey:748000FFFFFFFFFFFFF800000000000000F8 RegionEpoch:{ConfVer:1 Version:8} Peers:[id:17 store_id:1 ] EncryptionMeta:<nil> IsInFlashback:false FlashbackStartTs:0}"] ["new region count"=1]
[2026/07/25 00:03:43.419 +08:00] [INFO] [split_region.go:241] ["split regions complete"] ["region count"=1] ["region IDs"="[16]"]
[2026/07/25 00:03:43.425 +08:00] [INFO] [tidb.go:103] ["new domain"] [store=tikv-7666125879708727181/] ["ddl lease"=45s] ["stats lease"=3s]
[2026/07/25 00:03:43.462 +08:00] [INFO] [info.go:279] ["init TiFlashReplicaManager"]
[2026/07/25 00:03:43.487 +08:00] [INFO] [domain.go:2708] [acquireServerID] [serverID=1705] ["lease id"=22319f94de415a50]
[2026/07/25 00:03:43.491 +08:00] [INFO] [global_controller.go:219] ["load resource controller config"] [config="{\"degraded-mode-wait-duration\":\"0s\",\"ltb-max-wait-duration\":\"30s\",\"ltb-token-rpc-max-delay\":\"1s\",\"request-unit\":{\"read-base-cost\":0.125,\"read-per-batch-base-cost\":0.5,\"read-cost-per-byte\":0.0000152587890625,\"write-base-cost\":1,\"write-per-batch-base-cost\":1,\"write-cost-per-byte\":0.0009765625,\"read-cpu-ms-cost\":0.3333333333333333},\"enable-controller-trace-log\":\"false\",\"token-rpc-params\":{\"wait-retry-interval\":\"50ms\",\"wait-retry-times\":20}}"] [ru-config="{\"ReadBaseCost\":0.125,\"ReadPerBatchBaseCost\":0.5,\"ReadBytesCost\":0.0000152587890625,\"WriteBaseCost\":1,\"WritePerBatchBaseCost\":1,\"WriteBytesCost\":0.0009765625,\"CPUMsCost\":0.3333333333333333,\"LTBMaxWaitDuration\":30000000000,\"WaitRetryInterval\":50000000,\"WaitRetryTimes\":20,\"DegradedModeWaitDuration\":0}"] [keyspace-id=4294967295]
[2026/07/25 00:03:43.497 +08:00] [INFO] [loader.go:281] ["full load InfoSchema success"] [mode=auto] [isV2=true] [currentSchemaVersion=0] [neededSchemaVersion=0] ["elapsed time"=5.23325ms]
[2026/07/25 00:03:43.497 +08:00] [INFO] [syncer.go:456] ["full load and reset schema validator"]
[2026/07/25 00:03:43.497 +08:00] [INFO] [ddl.go:1068] ["change job version in use"] [category=ddl] [old=v1] [new=v2]
[2026/07/25 00:03:43.497 +08:00] [INFO] [ddl.go:992] ["job version in use is not v2 or global index v1 not supported, maybe in upgrade, start detecting"] [category=ddl] [current=v2] [globalIndexV1Supported=false]
[2026/07/25 00:03:43.497 +08:00] [INFO] [ddl.go:881] ["start DDL"] [category=ddl] [ID=16ac8e42-d04f-495e-a429-2dc006386f55] [runWorker=true] [jobVersion=v2] [startMode=bootstrap]
[2026/07/25 00:03:43.497 +08:00] [INFO] [ddl.go:856] ["start delRangeManager OK"] [category=ddl] ["is a emulator"=false]
[2026/07/25 00:03:43.502 +08:00] [INFO] [manager.go:289] ["start campaign owner"] [key=/tidb/ddl/fg/owner] [id=16ac8e42-d04f-495e-a429-2dc006386f55]
[2026/07/25 00:03:43.507 +08:00] [INFO] [env.go:123] ["the ingest sorted directory"] [category=ddl-ingest] ["data path"=/tmp/tidb/tmp_ddl-4000]
[2026/07/25 00:03:43.507 +08:00] [WARN] [env.go:84] ["ingest backfill may not be available"] [category=ddl-ingest] [error="the available disk space(46418509824) in /tmp/tidb/tmp_ddl-4000 should be greater than @@tidb_ddl_disk_quota(107374182400)"]
[2026/07/25 00:03:43.507 +08:00] [INFO] [env.go:88] ["init global ingest backend environment finished"] [category=ddl-ingest] ["memory limitation"=19327352832] ["disk usage info"="disk usage: 948244074496/994662584320, backend usage: 0"] ["max open file number"=138240] ["lightning is initialized"=true]
[2026/07/25 00:03:43.507 +08:00] [INFO] [wait_group_wrapper.go:141] ["background process started"] [source=domain] [process=loadSchemaInLoop]
[2026/07/25 00:03:43.507 +08:00] [INFO] [wait_group_wrapper.go:141] ["background process started"] [source=domain] [process=mdlCheckLoop]
[2026/07/25 00:03:43.507 +08:00] [INFO] [wait_group_wrapper.go:141] ["background process started"] [source=domain] [process=topNSlowQueryLoop]
[2026/07/25 00:03:43.507 +08:00] [INFO] [wait_group_wrapper.go:141] ["background process started"] [source=domain] [process=infoSyncerKeeper]
[2026/07/25 00:03:43.507 +08:00] [INFO] [wait_group_wrapper.go:141] ["background process started"] [source=domain] [process=globalConfigSyncerKeeper]
[2026/07/25 00:03:43.507 +08:00] [INFO] [wait_group_wrapper.go:141] ["background process started"] [source=domain] [process=runawayRecordFlushLoop]
[2026/07/25 00:03:43.507 +08:00] [INFO] [wait_group_wrapper.go:141] ["background process started"] [source=domain] [process=runawayWatchSyncLoop]
[2026/07/25 00:03:43.507 +08:00] [INFO] [wait_group_wrapper.go:141] ["background process started"] [source=domain] [process=requestUnitsWriterLoop]
[2026/07/25 00:03:43.507 +08:00] [INFO] [wait_group_wrapper.go:141] ["background process started"] [source=domain] [process=topologySyncerKeeper]
[2026/07/25 00:03:43.507 +08:00] [INFO] [wait_group_wrapper.go:141] ["background process started"] [source=domain] [process=closestReplicaReadCheckLoop]
[2026/07/25 00:03:43.507 +08:00] [INFO] [owner_daemon.go:70] ["begin advancer daemon"] [daemon-id=LogBackup::Advancer]
[2026/07/25 00:03:43.507 +08:00] [INFO] [manager.go:289] ["start campaign owner"] [key=/tidb/br-stream/owner] [id=da691d95-76a5-4444-a550-4e8d10070780]
[2026/07/25 00:03:43.508 +08:00] [WARN] [global_controller.go:850] ["[resource group controller] resource group name does not exist"] [name=default]
[2026/07/25 00:03:43.515 +08:00] [INFO] [manager.go:527] ["get owner"] [key=/tidb/ddl/fg/owner] ["owner key"=/tidb/ddl/fg/owner/22319f94de415a5b] [ownerID=16ac8e42-d04f-495e-a429-2dc006386f55]
[2026/07/25 00:03:43.515 +08:00] [INFO] [manager.go:324] ["become owner"] [key=/tidb/ddl/fg/owner] [id=16ac8e42-d04f-495e-a429-2dc006386f55]
[2026/07/25 00:03:43.515 +08:00] [INFO] [manager.go:616] ["watching owner key"] [key=/tidb/ddl/fg/owner] [id=16ac8e42-d04f-495e-a429-2dc006386f55] [ownerKey=/tidb/ddl/fg/owner/22319f94de415a5b] [currRev=26]
[2026/07/25 00:03:43.519 +08:00] [INFO] [job_scheduler.go:363] ["get global state and global state change"] [category=ddl] [oldState=false] [currState=false]
[2026/07/25 00:03:43.519 +08:00] [INFO] [manager.go:561] ["set owner op is the same as the original, so do nothing."] [key=/tidb/ddl/fg/owner] [id=16ac8e42-d04f-495e-a429-2dc006386f55] [op=none]
[2026/07/25 00:03:43.519 +08:00] [INFO] [job_scheduler.go:375] ["the owner sets owner operator value"] [category=ddl] [ownerOp=none]
[2026/07/25 00:03:43.519 +08:00] [INFO] [wait_group_wrapper.go:141] ["background process started"] [source=domain] [process=logBackupAdvancer]
[2026/07/25 00:03:43.519 +08:00] [INFO] [owner_daemon.go:81] ["begin running daemon"] [id=da691d95-76a5-4444-a550-4e8d10070780] [daemon-id=LogBackup::Advancer]
[2026/07/25 00:03:43.519 +08:00] [INFO] [manager.go:527] ["get owner"] [key=/tidb/br-stream/owner] ["owner key"=/tidb/br-stream/owner/22319f94de415a5f] [ownerID=da691d95-76a5-4444-a550-4e8d10070780]
[2026/07/25 00:03:43.519 +08:00] [INFO] [manager.go:324] ["become owner"] [key=/tidb/br-stream/owner] [id=da691d95-76a5-4444-a550-4e8d10070780]
[2026/07/25 00:03:43.519 +08:00] [INFO] [manager.go:616] ["watching owner key"] [key=/tidb/br-stream/owner] [id=da691d95-76a5-4444-a550-4e8d10070780] [ownerKey=/tidb/br-stream/owner/22319f94de415a5f] [currRev=27]
[2026/07/25 00:03:43.521 +08:00] [INFO] [session.go:5229] ["CRUCIAL OPERATION"] [conn=0] [schemaVersion=0] [cur_db=mysql] [sql="CREATE DATABASE IF NOT EXISTS `mysql`"] [user=]
[2026/07/25 00:03:43.523 +08:00] [WARN] [global_controller.go:850] ["[resource group controller] resource group name does not exist"] [name=default]
[2026/07/25 00:03:43.525 +08:00] [WARN] [global_controller.go:850] ["[resource group controller] resource group name does not exist"] [name=default]
[2026/07/25 00:03:43.526 +08:00] [INFO] [job_submitter.go:118] ["add DDL jobs"] [category=ddl] ["batch count"=1] [jobs="ID:3, Type:create schema, State:queueing, SchemaState:none, SchemaID:2, TableID:0, RowCount:0, ArgLen:1, start time: 2026-07-25 00:03:43.478 +0800 CST, Err:<nil>, ErrCount:0, SnapshotVersion:0, Version: v2; "] [fast_create=true]
[2026/07/25 00:03:43.526 +08:00] [INFO] [executor.go:7285] ["DDL job submitted"] [category=ddl] [job="ID:3, Type:create schema, State:queueing, SchemaState:none, SchemaID:2, TableID:0, RowCount:0, ArgLen:1, start time: 2026-07-25 00:03:43.478 +0800 CST, Err:<nil>, ErrCount:0, SnapshotVersion:0, Version: v2"] [query="CREATE DATABASE IF NOT EXISTS `sys`"]
[2026/07/25 00:03:43.527 +08:00] [WARN] [global_controller.go:850] ["[resource group controller] resource group name does not exist"] [name=default]
[2026/07/25 00:03:43.528 +08:00] [WARN] [global_controller.go:850] ["[resource group controller] resource group name does not exist"] [name=default]
[2026/07/25 00:03:43.528 +08:00] [INFO] [job_worker.go:854] ["run one job step"] [category=ddl] [jobID=3] [job="ID:3, Type:create schema, State:queueing, SchemaState:none, SchemaID:2, TableID:0, RowCount:0, ArgLen:0, start time: 2026-07-25 00:03:43.478 +0800 CST, Err:<nil>, ErrCount:0, SnapshotVersion:0, Version: v2"]
[2026/07/25 00:03:43.529 +08:00] [WARN] [global_controller.go:850] ["[resource group controller] resource group name does not exist"] [name=default]
[2026/07/25 00:03:43.530 +08:00] [WARN] [global_controller.go:850] ["[resource group controller] resource group name does not exist"] [name=default]
[2026/07/25 00:03:43.530 +08:00] [WARN] [global_controller.go:850] ["[resource group controller] resource group name does not exist"] [name=default]
[2026/07/25 00:03:43.543 +08:00] [INFO] [loader.go:281] ["full load InfoSchema success"] [mode=auto] [isV2=true] [currentSchemaVersion=0] [neededSchemaVersion=1] ["elapsed time"=5.606417ms]
[2026/07/25 00:03:43.543 +08:00] [INFO] [syncer.go:456] ["full load and reset schema validator"]
[2026/07/25 00:03:43.544 +08:00] [INFO] [syncer.go:258] ["session manager is nil"]
[2026/07/25 00:03:43.544 +08:00] [INFO] [syncer.go:281] ["mdl gets lock, update self version to owner"] [jobID=3] [version=1]
[2026/07/25 00:03:43.549 +08:00] [INFO] [schema_version.go:397] ["wait schema version synced success"] [category=ddl] [ver=1] [checkAssumedSvr=false] ["take time"=13.132375ms] [job="ID:3, Type:create schema, State:done, SchemaState:public, SchemaID:2, TableID:0, RowCount:0, ArgLen:1, start time: 2026-07-25 00:03:43.478 +0800 CST, Err:<nil>, ErrCount:0, SnapshotVersion:0, Version: v2"] [summary="server count: 1"]
[2026/07/25 00:03:43.551 +08:00] [WARN] [global_controller.go:850] ["[resource group controller] resource group name does not exist"] [name=default]
[2026/07/25 00:03:43.551 +08:00] [WARN] [global_controller.go:850] ["[resource group controller] resource group name does not exist"] [name=default]
[2026/07/25 00:03:43.552 +08:00] [WARN] [global_controller.go:850] ["[resource group controller] resource group name does not exist"] [name=default]
[2026/07/25 00:03:43.552 +08:00] [WARN] [global_controller.go:850] ["[resource group controller] resource group name does not exist"] [name=default]
[2026/07/25 00:03:43.552 +08:00] [WARN] [global_controller.go:850] ["[resource group controller] resource group name does not exist"] [name=default]
[2026/07/25 00:03:43.552 +08:00] [INFO] [job_worker.go:447] ["finish DDL job"] [category=ddl] [jobID=3] [job="ID:3, Type:create schema, State:synced, SchemaState:public, SchemaID:2, TableID:0, RowCount:0, ArgLen:0, start time: 2026-07-25 00:03:43.478 +0800 CST, Err:<nil>, ErrCount:0, SnapshotVersion:0, Version: v2"]
[2026/07/25 00:03:43.553 +08:00] [WARN] [global_controller.go:850] ["[resource group controller] resource group name does not exist"] [name=default]
[2026/07/25 00:03:43.555 +08:00] [WARN] [global_controller.go:850] ["[resource group controller] resource group name does not exist"] [name=default]
[2026/07/25 00:03:43.555 +08:00] [INFO] [executor.go:7423] ["DDL job is finished"] [category=ddl] [jobID=3]
[2026/07/25 00:03:43.555 +08:00] [INFO] [session.go:5229] ["CRUCIAL OPERATION"] [conn=0] [schemaVersion=1] [cur_db=mysql] [sql="CREATE DATABASE IF NOT EXISTS `sys`"] [user=]
[2026/07/25 00:03:43.555 +08:00] [WARN] [global_controller.go:850] ["[resource group controller] resource group name does not exist"] [name=default]
[2026/07/25 00:03:43.555 +08:00] [INFO] [executor.go:7606] ["system variable tidb_scatter_region not found, use default value"] [category=ddl]
[2026/07/25 00:03:43.556 +08:00] [WARN] [global_controller.go:850] ["[resource group controller] resource group name does not exist"] [name=default]
[2026/07/25 00:03:43.560 +08:00] [WARN] [global_controller.go:850] ["[resource group controller] resource group name does not exist"] [name=default]
[2026/07/25 00:03:43.561 +08:00] [WARN] [global_controller.go:850] ["[resource group controller] resource group name does not exist"] [name=default]
[2026/07/25 00:03:43.562 +08:00] [INFO] [job_submitter.go:118] ["add DDL jobs"] [category=ddl] ["batch count"=1] [jobs="ID:5, Type:create table, State:queueing, SchemaState:none, SchemaID:1, TableID:4, RowCount:0, ArgLen:1, start time: 2026-07-25 00:03:43.528 +0800 CST, Err:<nil>, ErrCount:0, SnapshotVersion:0, Version: v2; "] [fast_create=true]
[2026/07/25 00:03:43.562 +08:00] [INFO] [executor.go:7285] ["DDL job submitted"] [category=ddl] [job="ID:5, Type:create table, State:queueing, SchemaState:none, SchemaID:1, TableID:4, RowCount:0, ArgLen:1, start time: 2026-07-25 00:03:43.528 +0800 CST, Err:<nil>, ErrCount:0, SnapshotVersion:0, Version: v2"] [query="CREATE TABLE IF NOT EXISTS mysql.user (\n\t\tHost\t\t\t\t\tCHAR(255),\n\t\tUser\t\t\t\t\tCHAR(32),\n\t\tauthentication_string\tTEXT,\n\t\tplugin\t\t\t\t\tCHAR(64),\n\t\tSelect_priv\t\t\t\tENUM('N','Y') NOT NULL DEFAULT 'N',\n\t\tInsert_priv\t\t\t\tENUM('N','Y') NOT NULL DEFAULT 'N',\n\t\tUpdate_priv\t\t\t\tENUM('N','Y') NOT NULL DEFAULT 'N',\n\t\tDelete_priv\t\t\t\tENUM('N','Y') NOT NULL DEFAULT 'N',\n\t\tCreate_priv\t\t\t\tENUM('N','Y') NOT NULL DEFAULT 'N',\n\t\tDrop_priv\t\t\t\tENUM('N','Y') NOT NULL DEFAULT 'N',\n\t\tProcess_priv\t\t\tENUM('N','Y') NOT NULL DEFAULT 'N',\n\t\tGrant_priv\t\t\t\tENUM('N','Y') NOT NULL DEFAULT 'N',\n\t\tReferences_priv\t\t\tENUM('N','Y') NOT NULL DEFAULT 'N',\n\t\tAlter_priv\t\t\t\tENUM('N','Y') NOT NULL DEFAULT 'N',\n\t\tShow_db_priv\t\t\tENUM('N','Y') NOT NULL DEFAULT 'N',\n\t\tSuper_priv\t\t\t\tENUM('N','Y') NOT NULL DEFAULT 'N',\n\t\tCreate_tmp_table_priv\tENUM('N','Y') NOT NULL DEFAULT 'N',\n\t\tLock_tables_priv\t\tENUM('N','Y') NOT NULL DEFAULT 'N',\n\t\tExecute_priv\t\t\tENUM('N','Y') NOT NULL DEFAULT 'N',\n\t\tCreate_view_priv\t\tENUM('N','Y') NOT NULL DEFAULT 'N',\n\t\tShow_view_priv\t\t\tENUM('N','Y') NOT NULL DEFAULT 'N',\n\t\tCreate_routine_priv\t\tENUM('N','Y') NOT NULL DEFAULT 'N',\n\t\tAlter_routine_priv\t\tENUM('N','Y') NOT NULL DEFAULT 'N',\n\t\tIndex_priv\t\t\t\tENUM('N','Y') NOT NULL DEFAULT 'N',\n\t\tCreate_user_priv\t\tENUM('N','Y') NOT NULL DEFAULT 'N',\n\t\tEvent_priv\t\t\t\tENUM('N','Y') NOT NULL DEFAULT 'N',\n\t\tRepl_slave_priv\t    \tENUM('N','Y') NOT NULL DEFAULT 'N',\n\t\tRepl_client_priv\t\tENUM('N','Y') NOT NULL DEFAULT 'N',\n\t\tTrigger_priv\t\t\tENUM('N','Y') NOT NULL DEFAULT 'N',\n\t\tCreate_role_priv\t\tENUM('N','Y') NOT NULL DEFAULT 'N',\n\t\tDrop_role_priv\t\t\tENUM('N','Y') NOT NULL DEFAULT 'N',\n\t\tAccount_locked\t\t\tENUM('N','Y') NOT NULL DEFAULT 'N',\n\t\tShutdown_priv\t\t\tENUM('N','Y') NOT NULL DEFAULT 'N',\n\t\tReload_priv\t\t\t\tENUM('N','Y') NOT NULL DEFAULT 'N',\n\t\tFILE_priv\t\t\t\tENUM('N','Y') NOT NULL DEFAULT 'N',\n\t\tConfig_priv\t\t\t\tENUM('N','Y') NOT NULL DEFAULT 'N',\n\t\tCreate_Tablespace_Priv  ENUM('N','Y') NOT NULL DEFAULT 'N',\n\t\tPassword_reuse_history  smallint unsigned DEFAULT NULL,\n\t\tPassword_reuse_time     smallint unsigned DEFAULT NULL,\n\t\tUser_attributes\t\t\tjson,\n\t\tToken_issuer\t\t\tVARCHAR(255),\n\t\tPassword_expired\t\tENUM('N','Y') NOT NULL DEFAULT 'N',\n\t\tPassword_last_changed\tTIMESTAMP DEFAULT CURRENT_TIMESTAMP(),\n\t\tPassword_lifetime\t\tSMALLINT UNSIGNED DEFAULT NULL,\n\t\tMax_user_connections \tINT UNSIGNED NOT NULL DEFAULT 0,\n\t\tPRIMARY KEY (Host, User),\n\t\tKEY i_user (User));"]
[2026/07/25 00:03:43.563 +08:00] [WARN] [global_controller.go:850] ["[resource group controller] resource group name does not exist"] [name=default]
[2026/07/25 00:03:43.563 +08:00] [INFO] [lock_resolver.go:1631] ["txn lock cleanup resolve-lock rpc finished"] [action=commit] [txnStartTS=467903191063724050] [commitTS=467903191063724051] [regionID=2] [resolveLite=true] [resolvedByCheckTxnStatus=false]
[2026/07/25 00:03:43.567 +08:00] [WARN] [global_controller.go:850] ["[resource group controller] resource group name does not exist"] [name=default]
[2026/07/25 00:03:43.571 +08:00] [INFO] [job_worker.go:854] ["run one job step"] [category=ddl] [jobID=5] [job="ID:5, Type:create table, State:queueing, SchemaState:none, SchemaID:1, TableID:4, RowCount:0, ArgLen:0, start time: 2026-07-25 00:03:43.528 +0800 CST, Err:<nil>, ErrCount:0, SnapshotVersion:0, Version: v2"]
[2026/07/25 00:03:43.573 +08:00] [WARN] [global_controller.go:850] ["[resource group controller] resource group name does not exist"] [name=default]
[2026/07/25 00:03:43.573 +08:00] [WARN] [global_controller.go:850] ["[resource group controller] resource group name does not exist"] [name=default]
[2026/07/25 00:03:43.574 +08:00] [WARN] [global_controller.go:850] ["[resource group controller] resource group name does not exist"] [name=default]
[2026/07/25 00:03:43.581 +08:00] [INFO] [loader.go:216] ["diff load InfoSchema success"] [mode=auto] [isV2=true] [currVer=1] [neededVer=2] [gotVer=2] ["elapsed time"=576.708µs] [phyTblIDs="[4]"] [actionTypes="[3]"] [diffTypes="[\"create table\"]"]
[2026/07/25 00:03:43.581 +08:00] [INFO] [syncer.go:258] ["session manager is nil"]
[2026/07/25 00:03:43.581 +08:00] [INFO] [syncer.go:281] ["mdl gets lock, update self version to owner"] [jobID=5] [version=2]
[2026/07/25 00:03:43.586 +08:00] [INFO] [schema_version.go:397] ["wait schema version synced success"] [category=ddl] [ver=2] [checkAssumedSvr=false] ["take time"=6.0565ms] [job="ID:5, Type:create table, State:done, SchemaState:public, SchemaID:1, TableID:4, RowCount:0, ArgLen:1, start time: 2026-07-25 00:03:43.528 +0800 CST, Err:<nil>, ErrCount:0, SnapshotVersion:0, Version: v2"] [summary="server count: 1"]
[2026/07/25 00:03:43.587 +08:00] [WARN] [global_controller.go:850] ["[resource group controller] resource group name does not exist"] [name=default]
[2026/07/25 00:03:43.587 +08:00] [WARN] [global_controller.go:850] ["[resource group controller] resource group name does not exist"] [name=default]
[2026/07/25 00:03:43.588 +08:00] [WARN] [global_controller.go:850] ["[resource group controller] resource group name does not exist"] [name=default]
[2026/07/25 00:03:43.588 +08:00] [WARN] [global_controller.go:850] ["[resource group controller] resource group name does not exist"] [name=default]
[2026/07/25 00:03:43.588 +08:00] [WARN] [global_controller.go:850] ["[resource group controller] resource group name does not exist"] [name=default]
[2026/07/25 00:03:43.588 +08:00] [INFO] [job_worker.go:447] ["finish DDL job"] [category=ddl] [jobID=5] [job="ID:5, Type:create table, State:synced, SchemaState:public, SchemaID:1, TableID:4, RowCount:0, ArgLen:0, start time: 2026-07-25 00:03:43.528 +0800 CST, Err:<nil>, ErrCount:0, SnapshotVersion:0, Version: v2"]
[2026/07/25 00:03:43.589 +08:00] [WARN] [global_controller.go:850] ["[resource group controller] resource group name does not exist"] [name=default]
[2026/07/25 00:03:43.590 +08:00] [WARN] [global_controller.go:850] ["[resource group controller] resource group name does not exist"] [name=default]
[2026/07/25 00:03:43.591 +08:00] [WARN] [global_controller.go:850] ["[resource group controller] resource group name does not exist"] [name=default]
[2026/07/25 00:03:43.591 +08:00] [INFO] [executor.go:7423] ["DDL job is finished"] [category=ddl] [jobID=5]
[2026/07/25 00:03:43.591 +08:00] [INFO] [session.go:5229] ["CRUCIAL OPERATION"] [conn=0] [schemaVersion=2] [cur_db=mysql] [sql="CREATE TABLE IF NOT EXISTS mysql.user (\n\t\tHost\t\t\t\t\tCHAR(255),\n\t\tUser\t\t\t\t\tCHAR(32),\n\t\tauthentication_string\tTEXT,\n\t\tplugin\t\t\t\t\tCHAR(64),\n\t\tSelect_priv\t\t\t\tENUM('N','Y') NOT NULL DEFAULT 'N',\n\t\tInsert_priv\t\t\t\tENUM('N','Y') NOT NULL DEFAULT 'N',\n\t\tUpdate_priv\t\t\t\tENUM('N','Y') NOT NULL DEFAULT 'N',\n\t\tDelete_priv\t\t\t\tENUM('N','Y') NOT NULL DEFAULT 'N',\n\t\tCreate_priv\t\t\t\tENUM('N','Y') NOT NULL DEFAULT 'N',\n\t\tDrop_priv\t\t\t\tENUM('N','Y') NOT NULL DEFAULT 'N',\n\t\tProcess_priv\t\t\tENUM('N','Y') NOT NULL DEFAULT 'N',\n\t\tGrant_priv\t\t\t\tENUM('N','Y') NOT NULL DEFAULT 'N',\n\t\tReferences_priv\t\t\tENUM('N','Y') NOT NULL DEFAULT 'N',\n\t\tAlter_priv\t\t\t\tENUM('N','Y') NOT NULL DEFAULT 'N',\n\t\tShow_db_priv\t\t\tENUM('N','Y') NOT NULL DEFAULT 'N',\n\t\tSuper_priv\t\t\t\tENUM('N','Y') NOT NULL DEFAULT 'N',\n\t\tCreate_tmp_table_priv\tENUM('N','Y') NOT NULL DEFAULT 'N',\n\t\tLock_tables_priv\t\tENUM('N','Y') NOT NULL DEFAULT 'N',\n\t\tExecute_priv\t\t\tENUM('N','Y') NOT NULL DEFAULT 'N',\n\t\tCreate_view_priv\t\tENUM('N','Y') NOT NULL DEFAULT 'N',\n\t\tShow_view_priv\t\t\tENUM('N','Y') NOT NULL DEFAULT 'N',\n\t\tCreate_routine_priv\t\tENUM('N','Y') NOT NULL DEFAULT 'N',\n\t\tAlter_routine_priv\t\tENUM('N','Y') NOT NULL DEFAULT 'N',\n\t\tIndex_priv\t\t\t\tENUM('N','Y') NOT NULL DEFAULT 'N',\n\t\tCreate_user_priv\t\tENUM('N','Y') NOT NULL DEFAULT 'N',\n\t\tEvent_priv\t\t\t\tENUM('N','Y') NOT NULL DEFAULT 'N',\n\t\tRepl_slave_priv\t    \tENUM('N','Y') NOT NULL DEFAULT 'N',\n\t\tRepl_client_priv\t\tENUM('N','Y') NOT NULL DEFAULT 'N',\n\t\tTrigger_priv\t\t\tENUM('N','Y') NOT NULL DEFAULT 'N',\n\t\tCreate_role_priv\t\tENUM('N','Y') NOT NULL DEFAULT 'N',\n\t\tDrop_role_priv\t\t\tENUM('N','Y') NOT NULL DEFAULT 'N',\n\t\tAccount_locked\t\t\tENUM('N','Y') NOT NULL DEFAULT 'N',\n\t\tShutdown_priv\t\t\tENUM('N','Y') NOT NULL DEFAULT 'N',\n\t\tReload_priv\t\t\t\tENUM('N','Y') NOT NULL DEFAULT 'N',\n\t\tFILE_priv\t\t\t\tENUM('N','Y') NOT NULL DEFAULT 'N',\n\t\tConfig_priv\t\t\t\tENUM('N','Y') NOT NULL DEFAULT 'N',\n\t\tCreate_Tablespace_Priv  ENUM('N','Y') NOT NULL DEFAULT 'N',\n\t\tPassword_reuse_history  smallint unsigned DEFAULT NULL,\n\t\tPassword_reuse_time     smallint unsigned DEFAULT NULL,\n\t\tUser_attributes\t\t\tjson,\n\t\tToken_issuer\t\t\tVARCHAR(255),\n\t\tPassword_expired\t\tENUM('N','Y') NOT NULL DEFAULT 'N',\n\t\tPassword_last_changed\tTIMESTAMP DEFAULT CURRENT_TIMESTAMP(),\n\t\tPassword_lifetime\t\tSMALLINT UNSIGNED DEFAULT NULL,\n\t\tMax_user_connections \tINT UNSIGNED NOT NULL DEFAULT 0,\n\t\tPRIMARY KEY (Host, User),\n\t\tKEY i_user (User));"] [user=]
[2026/07/25 00:03:43.591 +08:00] [INFO] [split_region.go:86] ["split batch regions request"] ["split key count"=1] ["batch count"=1] ["first batch, region ID"=16] ["first split key"=748000000000000004]
[2026/07/25 00:03:43.591 +08:00] [INFO] [executor.go:7606] ["system variable tidb_scatter_region not found, use default value"] [category=ddl]
[2026/07/25 00:03:43.595 +08:00] [WARN] [global_controller.go:850] ["[resource group controller] resource group name does not exist"] [name=default]
[2026/07/25 00:03:43.595 +08:00] [WARN] [global_controller.go:850] ["[resource group controller] resource group name does not exist"] [name=default]
[2026/07/25 00:03:43.603 +08:00] [INFO] [split_region.go:192] ["batch split regions complete"] ["batch region ID"=16] ["first at"=748000000000000004] ["first new region left"="{Id:18 StartKey: EndKey:7480000000000000FF0400000000000000F8 RegionEpoch:{ConfVer:1 Version:9} Peers:[id:19 store_id:1 ] EncryptionMeta:<nil> IsInFlashback:false FlashbackStartTs:0}"] ["new region count"=1]
[2026/07/25 00:03:43.603 +08:00] [INFO] [split_region.go:241] ["split regions complete"] ["region count"=1] ["region IDs"="[18]"]
[2026/07/25 00:03:43.604 +08:00] [WARN] [global_controller.go:850] ["[resource group controller] resource group name does not exist"] [name=default]
[2026/07/25 00:03:43.605 +08:00] [INFO] [job_submitter.go:118] ["add DDL jobs"] [category=ddl] ["batch count"=1] [jobs="ID:7, Type:create table, State:queueing, SchemaState:none, SchemaID:1, TableID:6, RowCount:0, ArgLen:1, start time: 2026-07-25 00:03:43.578 +0800 CST, Err:<nil>, ErrCount:0, SnapshotVersion:0, Version: v2; "] [fast_create=true]
[2026/07/25 00:03:43.605 +08:00] [INFO] [executor.go:7285] ["DDL job submitted"] [category=ddl] [job="ID:7, Type:create table, State:queueing, SchemaState:none, SchemaID:1, TableID:6, RowCount:0, ArgLen:1, start time: 2026-07-25 00:03:43.578 +0800 CST, Err:<nil>, ErrCount:0, SnapshotVersion:0, Version: v2"] [query="CREATE TABLE  IF NOT EXISTS mysql.password_history (\n         Host char(255)  NOT NULL DEFAULT '',\n         User char(32)  NOT NULL DEFAULT '',\n         Password_timestamp timestamp(6) NOT NULL DEFAULT CURRENT_TIMESTAMP(6),\n         Password text,\n         PRIMARY KEY (Host,User,Password_timestamp )\n        ) COMMENT='Password history for user accounts' "]
[2026/07/25 00:03:43.605 +08:00] [WARN] [global_controller.go:850] ["[resource group controller] resource group name does not exist"] [name=default]
[2026/07/25 00:03:43.606 +08:00] [WARN] [global_controller.go:850] ["[resource group controller] resource group name does not exist"] [name=default]
[2026/07/25 00:03:43.606 +08:00] [INFO] [job_worker.go:854] ["run one job step"] [category=ddl] [jobID=7] [job="ID:7, Type:create table, State:queueing, SchemaState:none, SchemaID:1, TableID:6, RowCount:0, ArgLen:0, start time: 2026-07-25 00:03:43.578 +0800 CST, Err:<nil>, ErrCount:0, SnapshotVersion:0, Version: v2"]
[2026/07/25 00:03:43.607 +08:00] [WARN] [global_controller.go:850] ["[resource group controller] resource group name does not exist"] [name=default]
[2026/07/25 00:03:43.607 +08:00] [WARN] [global_controller.go:850] ["[resource group controller] resource group name does not exist"] [name=default]
[2026/07/25 00:03:43.607 +08:00] [WARN] [global_controller.go:850] ["[resource group controller] resource group name does not exist"] [name=default]
[2026/07/25 00:03:43.614 +08:00] [INFO] [loader.go:216] ["diff load InfoSchema success"] [mode=auto] [isV2=true] [currVer=2] [neededVer=3] [gotVer=3] ["elapsed time"=289.125µs] [phyTblIDs="[6]"] [actionTypes="[3]"] [diffTypes="[\"create table\"]"]
[2026/07/25 00:03:43.614 +08:00] [INFO] [syncer.go:258] ["session manager is nil"]
[2026/07/25 00:03:43.614 +08:00] [INFO] [syncer.go:281] ["mdl gets lock, update self version to owner"] [jobID=7] [version=3]
[2026/07/25 00:03:43.619 +08:00] [INFO] [schema_version.go:397] ["wait schema version synced success"] [category=ddl] [ver=3] [checkAssumedSvr=false] ["take time"=5.82225ms] [job="ID:7, Type:create table, State:done, SchemaState:public, SchemaID:1, TableID:6, RowCount:0, ArgLen:1, start time: 2026-07-25 00:03:43.578 +0800 CST, Err:<nil>, ErrCount:0, SnapshotVersion:0, Version: v2"] [summary="server count: 1"]
[2026/07/25 00:03:43.620 +08:00] [WARN] [global_controller.go:850] ["[resource group controller] resource group name does not exist"] [name=default]
[2026/07/25 00:03:43.620 +08:00] [WARN] [global_controller.go:850] ["[resource group controller] resource group name does not exist"] [name=default]
[2026/07/25 00:03:43.620 +08:00] [WARN] [global_controller.go:850] ["[resource group controller] resource group name does not exist"] [name=default]
[2026/07/25 00:03:43.621 +08:00] [WARN] [global_controller.go:850] ["[resource group controller] resource group name does not exist"] [name=default]
[2026/07/25 00:03:43.621 +08:00] [WARN] [global_controller.go:850] ["[resource group controller] resource group name does not exist"] [name=default]
[2026/07/25 00:03:43.621 +08:00] [INFO] [job_worker.go:447] ["finish DDL job"] [category=ddl] [jobID=7] [job="ID:7, Type:create table, State:synced, SchemaState:public, SchemaID:1, TableID:6, RowCount:0, ArgLen:0, start time: 2026-07-25 00:03:43.578 +0800 CST, Err:<nil>, ErrCount:0, SnapshotVersion:0, Version: v2"]
[2026/07/25 00:03:43.621 +08:00] [WARN] [global_controller.go:850] ["[resource group controller] resource group name does not exist"] [name=default]
[2026/07/25 00:03:43.622 +08:00] [WARN] [global_controller.go:850] ["[resource group controller] resource group name does not exist"] [name=default]
[2026/07/25 00:03:43.623 +08:00] [INFO] [executor.go:7423] ["DDL job is finished"] [category=ddl] [jobID=7]
[2026/07/25 00:03:43.623 +08:00] [WARN] [global_controller.go:850] ["[resource group controller] resource group name does not exist"] [name=default]
[2026/07/25 00:03:43.623 +08:00] [INFO] [session.go:5229] ["CRUCIAL OPERATION"] [conn=0] [schemaVersion=3] [cur_db=mysql] [sql="CREATE TABLE  IF NOT EXISTS mysql.password_history (\n         Host char(255)  NOT NULL DEFAULT '',\n         User char(32)  NOT NULL DEFAULT '',\n         Password_timestamp timestamp(6) NOT NULL DEFAULT CURRENT_TIMESTAMP(6),\n         Password text,\n         PRIMARY KEY (Host,User,Password_timestamp )\n        ) COMMENT='Password history for user accounts' "] [user=]
[2026/07/25 00:03:43.623 +08:00] [INFO] [split_region.go:86] ["split batch regions request"] ["split key count"=1] ["batch count"=1] ["first batch, region ID"=16] ["first split key"=748000000000000006]
[2026/07/25 00:03:43.623 +08:00] [INFO] [executor.go:7606] ["system variable tidb_scatter_region not found, use default value"] [category=ddl]
[2026/07/25 00:03:43.623 +08:00] [WARN] [global_controller.go:850] ["[resource group controller] resource group name does not exist"] [name=default]
[2026/07/25 00:03:43.627 +08:00] [WARN] [global_controller.go:850] ["[resource group controller] resource group name does not exist"] [name=default]
[2026/07/25 00:03:43.628 +08:00] [WARN] [global_controller.go:850] ["[resource group controller] resource group name does not exist"] [name=default]
[2026/07/25 00:03:43.631 +08:00] [INFO] [split_region.go:192] ["batch split regions complete"] ["batch region ID"=16] ["first at"=748000000000000006] ["first new region left"="{Id:20 StartKey:7480000000000000FF0400000000000000F8 EndKey:7480000000000000FF0600000000000000F8 RegionEpoch:{ConfVer:1 Version:10} Peers:[id:21 store_id:1 ] EncryptionMeta:<nil> IsInFlashback:false FlashbackStartTs:0}"] ["new region count"=1]
[2026/07/25 00:03:43.631 +08:00] [INFO] [split_region.go:241] ["split regions complete"] ["region count"=1] ["region IDs"="[20]"]
[2026/07/25 00:03:43.631 +08:00] [INFO] [job_submitter.go:118] ["add DDL jobs"] [category=ddl] ["batch count"=1] [jobs="ID:9, Type:create table, State:queueing, SchemaState:none, SchemaID:1, TableID:8, RowCount:0, ArgLen:1, start time: 2026-07-25 00:03:43.578 +0800 CST, Err:<nil>, ErrCount:0, SnapshotVersion:0, Version: v2; "] [fast_create=true]
[2026/07/25 00:03:43.631 +08:00] [INFO] [executor.go:7285] ["DDL job submitted"] [category=ddl] [job="ID:9, Type:create table, State:queueing, SchemaState:none, SchemaID:1, TableID:8, RowCount:0, ArgLen:1, start time: 2026-07-25 00:03:43.578 +0800 CST, Err:<nil>, ErrCount:0, SnapshotVersion:0, Version: v2"] [query="CREATE TABLE IF NOT EXISTS mysql.global_priv (\n\t\tHost CHAR(255) NOT NULL DEFAULT '',\n\t\tUser CHAR(80) NOT NULL DEFAULT '',\n\t\tPriv LONGTEXT NOT NULL DEFAULT '',\n\t\tPRIMARY KEY (Host, User),\n\t\tKEY i_user (User))"]
[2026/07/25 00:03:43.632 +08:00] [WARN] [global_controller.go:850] ["[resource group controller] resource group name does not exist"] [name=default]
[2026/07/25 00:03:43.632 +08:00] [WARN] [global_controller.go:850] ["[resource group controller] resource group name does not exist"] [name=default]
[2026/07/25 00:03:43.632 +08:00] [INFO] [job_worker.go:854] ["run one job step"] [category=ddl] [jobID=9] [job="ID:9, Type:create table, State:queueing, SchemaState:none, SchemaID:1, TableID:8, RowCount:0, ArgLen:0, start time: 2026-07-25 00:03:43.578 +0800 CST, Err:<nil>, ErrCount:0, SnapshotVersion:0, Version: v2"]
[2026/07/25 00:03:43.633 +08:00] [WARN] [global_controller.go:850] ["[resource group controller] resource group name does not exist"] [name=default]
[2026/07/25 00:03:43.633 +08:00] [WARN] [global_controller.go:850] ["[resource group controller] resource group name does not exist"] [name=default]
[2026/07/25 00:03:43.633 +08:00] [WARN] [global_controller.go:850] ["[resource group controller] resource group name does not exist"] [name=default]
[2026/07/25 00:03:43.639 +08:00] [INFO] [loader.go:216] ["diff load InfoSchema success"] [mode=auto] [isV2=true] [currVer=3] [neededVer=4] [gotVer=4] ["elapsed time"=281.167µs] [phyTblIDs="[8]"] [actionTypes="[3]"] [diffTypes="[\"create table\"]"]
[2026/07/25 00:03:43.640 +08:00] [INFO] [syncer.go:258] ["session manager is nil"]
[2026/07/25 00:03:43.640 +08:00] [INFO] [syncer.go:281] ["mdl gets lock, update self version to owner"] [jobID=9] [version=4]
[2026/07/25 00:03:43.644 +08:00] [INFO] [schema_version.go:397] ["wait schema version synced success"] [category=ddl] [ver=4] [checkAssumedSvr=false] ["take time"=5.02425ms] [job="ID:9, Type:create table, State:done, SchemaState:public, SchemaID:1, TableID:8, RowCount:0, ArgLen:1, start time: 2026-07-25 00:03:43.578 +0800 CST, Err:<nil>, ErrCount:0, SnapshotVersion:0, Version: v2"] [summary="server count: 1"]
[2026/07/25 00:03:43.645 +08:00] [WARN] [global_controller.go:850] ["[resource group controller] resource group name does not exist"] [name=default]
[2026/07/25 00:03:43.645 +08:00] [WARN] [global_controller.go:850] ["[resource group controller] resource group name does not exist"] [name=default]
[2026/07/25 00:03:43.645 +08:00] [WARN] [global_controller.go:850] ["[resource group controller] resource group name does not exist"] [name=default]
[2026/07/25 00:03:43.646 +08:00] [WARN] [global_controller.go:850] ["[resource group controller] resource group name does not exist"] [name=default]
[2026/07/25 00:03:43.646 +08:00] [WARN] [global_controller.go:850] ["[resource group controller] resource group name does not exist"] [name=default]
[2026/07/25 00:03:43.646 +08:00] [INFO] [job_worker.go:447] ["finish DDL job"] [category=ddl] [jobID=9] [job="ID:9, Type:create table, State:synced, SchemaState:public, SchemaID:1, TableID:8, RowCount:0, ArgLen:0, start time: 2026-07-25 00:03:43.578 +0800 CST, Err:<nil>, ErrCount:0, SnapshotVersion:0, Version: v2"]
[2026/07/25 00:03:43.646 +08:00] [WARN] [global_controller.go:850] ["[resource group controller] resource group name does not exist"] [name=default]
[2026/07/25 00:03:43.647 +08:00] [WARN] [global_controller.go:850] ["[resource group controller] resource group name does not exist"] [name=default]
[2026/07/25 00:03:43.647 +08:00] [INFO] [executor.go:7423] ["DDL job is finished"] [category=ddl] [jobID=9]
[2026/07/25 00:03:43.648 +08:00] [WARN] [global_controller.go:850] ["[resource group controller] resource group name does not exist"] [name=default]
[2026/07/25 00:03:43.648 +08:00] [INFO] [session.go:5229] ["CRUCIAL OPERATION"] [conn=0] [schemaVersion=4] [cur_db=mysql] [sql="CREATE TABLE IF NOT EXISTS mysql.global_priv (\n\t\tHost CHAR(255) NOT NULL DEFAULT '',\n\t\tUser CHAR(80) NOT NULL DEFAULT '',\n\t\tPriv LONGTEXT NOT NULL DEFAULT '',\n\t\tPRIMARY KEY (Host, User),\n\t\tKEY i_user (User))"] [user=]
[2026/07/25 00:03:43.648 +08:00] [INFO] [split_region.go:86] ["split batch regions request"] ["split key count"=1] ["batch count"=1] ["first batch, region ID"=16] ["first split key"=748000000000000008]
[2026/07/25 00:03:43.648 +08:00] [INFO] [executor.go:7606] ["system variable tidb_scatter_region not found, use default value"] [category=ddl]
[2026/07/25 00:03:43.648 +08:00] [WARN] [global_controller.go:850] ["[resource group controller] resource group name does not exist"] [name=default]
[2026/07/25 00:03:43.652 +08:00] [WARN] [global_controller.go:850] ["[resource group controller] resource group name does not exist"] [name=default]
[2026/07/25 00:03:43.653 +08:00] [WARN] [global_controller.go:850] ["[resource group controller] resource group name does not exist"] [name=default]
[2026/07/25 00:03:43.656 +08:00] [INFO] [split_region.go:192] ["batch split regions complete"] ["batch region ID"=16] ["first at"=748000000000000008] ["first new region left"="{Id:22 StartKey:7480000000000000FF0600000000000000F8 EndKey:7480000000000000FF0800000000000000F8 RegionEpoch:{ConfVer:1 Version:11} Peers:[id:23 store_id:1 ] EncryptionMeta:<nil> IsInFlashback:false FlashbackStartTs:0}"] ["new region count"=1]
[2026/07/25 00:03:43.656 +08:00] [INFO] [split_region.go:241] ["split regions complete"] ["region count"=1] ["region IDs"="[22]"]
[2026/07/25 00:03:43.656 +08:00] [INFO] [job_submitter.go:118] ["add DDL jobs"] [category=ddl] ["batch count"=1] [jobs="ID:11, Type:create table, State:queueing, SchemaState:none, SchemaID:1, TableID:10, RowCount:0, ArgLen:1, start time: 2026-07-25 00:03:43.628 +0800 CST, Err:<nil>, ErrCount:0, SnapshotVersion:0, Version: v2; "] [fast_create=true]
[2026/07/25 00:03:43.656 +08:00] [INFO] [executor.go:7285] ["DDL job submitted"] [category=ddl] [job="ID:11, Type:create table, State:queueing, SchemaState:none, SchemaID:1, TableID:10, RowCount:0, ArgLen:1, start time: 2026-07-25 00:03:43.628 +0800 CST, Err:<nil>, ErrCount:0, SnapshotVersion:0, Version: v2"] [query="CREATE TABLE IF NOT EXISTS mysql.db (\n\t\tHost\t\t\t\t\tCHAR(255),\n\t\tDB\t\t\t\t\t\tCHAR(64) CHARSET utf8mb4 COLLATE utf8mb4_general_ci,\n\t\tUser\t\t\t\t\tCHAR(32),\n\t\tSelect_priv\t\t\t\tENUM('N','Y') NOT NULL DEFAULT 'N',\n\t\tInsert_priv\t\t\t\tENUM('N','Y') NOT NULL DEFAULT 'N',\n\t\tUpdate_priv\t\t\t\tENUM('N','Y') NOT NULL DEFAULT 'N',\n\t\tDelete_priv\t\t\t\tENUM('N','Y') NOT NULL DEFAULT 'N',\n\t\tCreate_priv\t\t\t\tENUM('N','Y') NOT NULL DEFAULT 'N',\n\t\tDrop_priv\t\t\t\tENUM('N','Y') NOT NULL DEFAULT 'N',\n\t\tGrant_priv\t\t\t\tENUM('N','Y') NOT NULL DEFAULT 'N',\n\t\tReferences_priv \t\tENUM('N','Y') NOT NULL DEFAULT 'N',\n\t\tIndex_priv\t\t\t\tENUM('N','Y') NOT NULL DEFAULT 'N',\n\t\tAlter_priv\t\t\t\tENUM('N','Y') NOT NULL DEFAULT 'N',\n\t\tCreate_tmp_table_priv\tENUM('N','Y') NOT NULL DEFAULT 'N',\n\t\tLock_tables_priv\t\tENUM('N','Y') NOT NULL DEFAULT 'N',\n\t\tCreate_view_priv\t\tENUM('N','Y') NOT NULL DEFAULT 'N',\n\t\tShow_view_priv\t\t\tENUM('N','Y') NOT NULL DEFAULT 'N',\n\t\tCreate_routine_priv\t\tENUM('N','Y') NOT NULL DEFAULT 'N',\n\t\tAlter_routine_priv\t\tENUM('N','Y') NOT NULL DEFAULT 'N',\n\t\tExecute_priv\t\t\tENUM('N','Y') NOT NULL DEFAULT 'N',\n\t\tEvent_priv\t\t\t\tENUM('N','Y') NOT NULL DEFAULT 'N',\n\t\tTrigger_priv\t\t\tENUM('N','Y') NOT NULL DEFAULT 'N',\n\t\tPRIMARY KEY (Host, DB, User),\n\t\tKEY i_user (User));"]
[2026/07/25 00:03:43.657 +08:00] [WARN] [global_controller.go:850] ["[resource group controller] resource group name does not exist"] [name=default]
[2026/07/25 00:03:43.657 +08:00] [WARN] [global_controller.go:850] ["[resource group controller] resource group name does not exist"] [name=default]
[2026/07/25 00:03:43.657 +08:00] [INFO] [job_worker.go:854] ["run one job step"] [category=ddl] [jobID=11] [job="ID:11, Type:create table, State:queueing, SchemaState:none, SchemaID:1, TableID:10, RowCount:0, ArgLen:0, start time: 2026-07-25 00:03:43.628 +0800 CST, Err:<nil>, ErrCount:0, SnapshotVersion:0, Version: v2"]
[2026/07/25 00:03:43.658 +08:00] [WARN] [global_controller.go:850] ["[resource group controller] resource group name does not exist"] [name=default]
[2026/07/25 00:03:43.659 +08:00] [WARN] [global_controller.go:850] ["[resource group controller] resource group name does not exist"] [name=default]
[2026/07/25 00:03:43.659 +08:00] [WARN] [global_controller.go:850] ["[resource group controller] resource group name does not exist"] [name=default]
[2026/07/25 00:03:43.667 +08:00] [INFO] [loader.go:216] ["diff load InfoSchema success"] [mode=auto] [isV2=true] [currVer=4] [neededVer=5] [gotVer=5] ["elapsed time"=387.625µs] [phyTblIDs="[10]"] [actionTypes="[3]"] [diffTypes="[\"create table\"]"]
[2026/07/25 00:03:43.667 +08:00] [INFO] [syncer.go:258] ["session manager is nil"]
[2026/07/25 00:03:43.667 +08:00] [INFO] [syncer.go:281] ["mdl gets lock, update self version to owner"] [jobID=11] [version=5]
[2026/07/25 00:03:43.680 +08:00] [INFO] [schema_version.go:397] ["wait schema version synced success"] [category=ddl] [ver=5] [checkAssumedSvr=false] ["take time"=13.827833ms] [job="ID:11, Type:create table, State:done, SchemaState:public, SchemaID:1, TableID:10, RowCount:0, ArgLen:1, start time: 2026-07-25 00:03:43.628 +0800 CST, Err:<nil>, ErrCount:0, SnapshotVersion:0, Version: v2"] [summary="server count: 1"]
[2026/07/25 00:03:43.681 +08:00] [WARN] [global_controller.go:850] ["[resource group controller] resource group name does not exist"] [name=default]
[2026/07/25 00:03:43.681 +08:00] [WARN] [global_controller.go:850] ["[resource group controller] resource group name does not exist"] [name=default]
[2026/07/25 00:03:43.681 +08:00] [WARN] [global_controller.go:850] ["[resource group controller] resource group name does not exist"] [name=default]
[2026/07/25 00:03:43.682 +08:00] [WARN] [global_controller.go:850] ["[resource group controller] resource group name does not exist"] [name=default]
[2026/07/25 00:03:43.682 +08:00] [WARN] [global_controller.go:850] ["[resource group controller] resource group name does not exist"] [name=default]
[2026/07/25 00:03:43.682 +08:00] [INFO] [job_worker.go:447] ["finish DDL job"] [category=ddl] [jobID=11] [job="ID:11, Type:create table, State:synced, SchemaState:public, SchemaID:1, TableID:10, RowCount:0, ArgLen:0, start time: 2026-07-25 00:03:43.628 +0800 CST, Err:<nil>, ErrCount:0, SnapshotVersion:0, Version: v2"]
[2026/07/25 00:03:43.682 +08:00] [WARN] [global_controller.go:850] ["[resource group controller] resource group name does not exist"] [name=default]
[2026/07/25 00:03:43.684 +08:00] [WARN] [global_controller.go:850] ["[resource group controller] resource group name does not exist"] [name=default]
[2026/07/25 00:03:43.684 +08:00] [WARN] [global_controller.go:850] ["[resource group controller] resource group name does not exist"] [name=default]
[2026/07/25 00:03:43.684 +08:00] [INFO] [executor.go:7423] ["DDL job is finished"] [category=ddl] [jobID=11]
[2026/07/25 00:03:43.684 +08:00] [INFO] [session.go:5229] ["CRUCIAL OPERATION"] [conn=0] [schemaVersion=5] [cur_db=mysql] [sql="CREATE TABLE IF NOT EXISTS mysql.db (\n\t\tHost\t\t\t\t\tCHAR(255),\n\t\tDB\t\t\t\t\t\tCHAR(64) CHARSET utf8mb4 COLLATE utf8mb4_general_ci,\n\t\tUser\t\t\t\t\tCHAR(32),\n\t\tSelect_priv\t\t\t\tENUM('N','Y') NOT NULL DEFAULT 'N',\n\t\tInsert_priv\t\t\t\tENUM('N','Y') NOT NULL DEFAULT 'N',\n\t\tUpdate_priv\t\t\t\tENUM('N','Y') NOT NULL DEFAULT 'N',\n\t\tDelete_priv\t\t\t\tENUM('N','Y') NOT NULL DEFAULT 'N',\n\t\tCreate_priv\t\t\t\tENUM('N','Y') NOT NULL DEFAULT 'N',\n\t\tDrop_priv\t\t\t\tENUM('N','Y') NOT NULL DEFAULT 'N',\n\t\tGrant_priv\t\t\t\tENUM('N','Y') NOT NULL DEFAULT 'N',\n\t\tReferences_priv \t\tENUM('N','Y') NOT NULL DEFAULT 'N',\n\t\tIndex_priv\t\t\t\tENUM('N','Y') NOT NULL DEFAULT 'N',\n\t\tAlter_priv\t\t\t\tENUM('N','Y') NOT NULL DEFAULT 'N',\n\t\tCreate_tmp_table_priv\tENUM('N','Y') NOT NULL DEFAULT 'N',\n\t\tLock_tables_priv\t\tENUM('N','Y') NOT NULL DEFAULT 'N',\n\t\tCreate_view_priv\t\tENUM('N','Y') NOT NULL DEFAULT 'N',\n\t\tShow_view_priv\t\t\tENUM('N','Y') NOT NULL DEFAULT 'N',\n\t\tCreate_routine_priv\t\tENUM('N','Y') NOT NULL DEFAULT 'N',\n\t\tAlter_routine_priv\t\tENUM('N','Y') NOT NULL DEFAULT 'N',\n\t\tExecute_priv\t\t\tENUM('N','Y') NOT NULL DEFAULT 'N',\n\t\tEvent_priv\t\t\t\tENUM('N','Y') NOT NULL DEFAULT 'N',\n\t\tTrigger_priv\t\t\tENUM('N','Y') NOT NULL DEFAULT 'N',\n\t\tPRIMARY KEY (Host, DB, User),\n\t\tKEY i_user (User));"] [user=]
[2026/07/25 00:03:43.684 +08:00] [INFO] [split_region.go:86] ["split batch regions request"] ["split key count"=1] ["batch count"=1] ["first batch, region ID"=16] ["first split key"=74800000000000000A]
[2026/07/25 00:03:43.684 +08:00] [INFO] [executor.go:7606] ["system variable tidb_scatter_region not found, use default value"] [category=ddl]
[2026/07/25 00:03:43.685 +08:00] [WARN] [global_controller.go:850] ["[resource group controller] resource group name does not exist"] [name=default]
[2026/07/25 00:03:43.689 +08:00] [WARN] [global_controller.go:850] ["[resource group controller] resource group name does not exist"] [name=default]
[2026/07/25 00:03:43.689 +08:00] [WARN] [global_controller.go:850] ["[resource group controller] resource group name does not exist"] [name=default]
[2026/07/25 00:03:43.693 +08:00] [INFO] [split_region.go:192] ["batch split regions complete"] ["batch region ID"=16] ["first at"=74800000000000000A] ["first new region left"="{Id:24 StartKey:7480000000000000FF0800000000000000F8 EndKey:7480000000000000FF0A00000000000000F8 RegionEpoch:{ConfVer:1 Version:12} Peers:[id:25 store_id:1 ] EncryptionMeta:<nil> IsInFlashback:false FlashbackStartTs:0}"] ["new region count"=1]
[2026/07/25 00:03:43.693 +08:00] [INFO] [split_region.go:241] ["split regions complete"] ["region count"=1] ["region IDs"="[24]"]
[2026/07/25 00:03:43.693 +08:00] [INFO] [job_submitter.go:118] ["add DDL jobs"] [category=ddl] ["batch count"=1] [jobs="ID:13, Type:create table, State:queueing, SchemaState:none, SchemaID:1, TableID:12, RowCount:0, ArgLen:1, start time: 2026-07-25 00:03:43.678 +0800 CST, Err:<nil>, ErrCount:0, SnapshotVersion:0, Version: v2; "] [fast_create=true]
[2026/07/25 00:03:43.693 +08:00] [INFO] [executor.go:7285] ["DDL job submitted"] [category=ddl] [job="ID:13, Type:create table, State:queueing, SchemaState:none, SchemaID:1, TableID:12, RowCount:0, ArgLen:1, start time: 2026-07-25 00:03:43.678 +0800 CST, Err:<nil>, ErrCount:0, SnapshotVersion:0, Version: v2"] [query="CREATE TABLE IF NOT EXISTS mysql.tables_priv (\n\t\tHost\t\tCHAR(255),\n\t\tDB\t\t\tCHAR(64) CHARSET utf8mb4 COLLATE utf8mb4_general_ci,\n\t\tUser\t\tCHAR(32),\n\t\tTable_name\tCHAR(64) CHARSET utf8mb4 COLLATE utf8mb4_general_ci,\n\t\tGrantor\t\tCHAR(77),\n\t\tTimestamp\tTIMESTAMP DEFAULT CURRENT_TIMESTAMP,\n\t\tTable_priv\tSET('Select','Insert','Update','Delete','Create','Drop','Grant','Index','Alter','Create View','Show View','Trigger','References'),\n\t\tColumn_priv\tSET('Select','Insert','Update','References'),\n\t\tPRIMARY KEY (Host, DB, User, Table_name),\n\t\tKEY i_user (User));"]
[2026/07/25 00:03:43.694 +08:00] [WARN] [global_controller.go:850] ["[resource group controller] resource group name does not exist"] [name=default]
[2026/07/25 00:03:43.694 +08:00] [WARN] [global_controller.go:850] ["[resource group controller] resource group name does not exist"] [name=default]
[2026/07/25 00:03:43.694 +08:00] [INFO] [job_worker.go:854] ["run one job step"] [category=ddl] [jobID=13] [job="ID:13, Type:create table, State:queueing, SchemaState:none, SchemaID:1, TableID:12, RowCount:0, ArgLen:0, start time: 2026-07-25 00:03:43.678 +0800 CST, Err:<nil>, ErrCount:0, SnapshotVersion:0, Version: v2"]
[2026/07/25 00:03:43.695 +08:00] [WARN] [global_controller.go:850] ["[resource group controller] resource group name does not exist"] [name=default]
[2026/07/25 00:03:43.696 +08:00] [WARN] [global_controller.go:850] ["[resource group controller] resource group name does not exist"] [name=default]
[2026/07/25 00:03:43.696 +08:00] [WARN] [global_controller.go:850] ["[resource group controller] resource group name does not exist"] [name=default]
[2026/07/25 00:03:43.702 +08:00] [INFO] [loader.go:216] ["diff load InfoSchema success"] [mode=auto] [isV2=true] [currVer=5] [neededVer=6] [gotVer=6] ["elapsed time"=345.583µs] [phyTblIDs="[12]"] [actionTypes="[3]"] [diffTypes="[\"create table\"]"]
[2026/07/25 00:03:43.702 +08:00] [INFO] [syncer.go:258] ["session manager is nil"]
[2026/07/25 00:03:43.702 +08:00] [INFO] [syncer.go:281] ["mdl gets lock, update self version to owner"] [jobID=13] [version=6]
[2026/07/25 00:03:43.707 +08:00] [INFO] [schema_version.go:397] ["wait schema version synced success"] [category=ddl] [ver=6] [checkAssumedSvr=false] ["take time"=5.8395ms] [job="ID:13, Type:create table, State:done, SchemaState:public, SchemaID:1, TableID:12, RowCount:0, ArgLen:1, start time: 2026-07-25 00:03:43.678 +0800 CST, Err:<nil>, ErrCount:0, SnapshotVersion:0, Version: v2"] [summary="server count: 1"]
[2026/07/25 00:03:43.707 +08:00] [WARN] [global_controller.go:850] ["[resource group controller] resource group name does not exist"] [name=default]
[2026/07/25 00:03:43.708 +08:00] [WARN] [global_controller.go:850] ["[resource group controller] resource group name does not exist"] [name=default]
[2026/07/25 00:03:43.708 +08:00] [WARN] [global_controller.go:850] ["[resource group controller] resource group name does not exist"] [name=default]
[2026/07/25 00:03:43.708 +08:00] [WARN] [global_controller.go:850] ["[resource group controller] resource group name does not exist"] [name=default]
[2026/07/25 00:03:43.708 +08:00] [WARN] [global_controller.go:850] ["[resource group controller] resource group name does not exist"] [name=default]
[2026/07/25 00:03:43.708 +08:00] [INFO] [job_worker.go:447] ["finish DDL job"] [category=ddl] [jobID=13] [job="ID:13, Type:create table, State:synced, SchemaState:public, SchemaID:1, TableID:12, RowCount:0, ArgLen:0, start time: 2026-07-25 00:03:43.678 +0800 CST, Err:<nil>, ErrCount:0, SnapshotVersion:0, Version: v2"]
[2026/07/25 00:03:43.709 +08:00] [WARN] [global_controller.go:850] ["[resource group controller] resource group name does not exist"] [name=default]
[2026/07/25 00:03:43.710 +08:00] [WARN] [global_controller.go:850] ["[resource group controller] resource group name does not exist"] [name=default]
[2026/07/25 00:03:43.710 +08:00] [WARN] [global_controller.go:850] ["[resource group controller] resource group name does not exist"] [name=default]
[2026/07/25 00:03:43.710 +08:00] [INFO] [executor.go:7423] ["DDL job is finished"] [category=ddl] [jobID=13]
[2026/07/25 00:03:43.710 +08:00] [INFO] [session.go:5229] ["CRUCIAL OPERATION"] [conn=0] [schemaVersion=6] [cur_db=mysql] [sql="CREATE TABLE IF NOT EXISTS mysql.tables_priv (\n\t\tHost\t\tCHAR(255),\n\t\tDB\t\t\tCHAR(64) CHARSET utf8mb4 COLLATE utf8mb4_general_ci,\n\t\tUser\t\tCHAR(32),\n\t\tTable_name\tCHAR(64) CHARSET utf8mb4 COLLATE utf8mb4_general_ci,\n\t\tGrantor\t\tCHAR(77),\n\t\tTimestamp\tTIMESTAMP DEFAULT CURRENT_TIMESTAMP,\n\t\tTable_priv\tSET('Select','Insert','Update','Delete','Create','Drop','Grant','Index','Alter','Create View','Show View','Trigger','References'),\n\t\tColumn_priv\tSET('Select','Insert','Update','References'),\n\t\tPRIMARY KEY (Host, DB, User, Table_name),\n\t\tKEY i_user (User));"] [user=]
[2026/07/25 00:03:43.710 +08:00] [INFO] [split_region.go:86] ["split batch regions request"] ["split key count"=1] ["batch count"=1] ["first batch, region ID"=16] ["first split key"=74800000000000000C]
[2026/07/25 00:03:43.711 +08:00] [INFO] [executor.go:7606] ["system variable tidb_scatter_region not found, use default value"] [category=ddl]
[2026/07/25 00:03:43.711 +08:00] [WARN] [global_controller.go:850] ["[resource group controller] resource group name does not exist"] [name=default]
[2026/07/25 00:03:43.715 +08:00] [WARN] [global_controller.go:850] ["[resource group controller] resource group name does not exist"] [name=default]
[2026/07/25 00:03:43.715 +08:00] [WARN] [global_controller.go:850] ["[resource group controller] resource group name does not exist"] [name=default]
[2026/07/25 00:03:43.719 +08:00] [INFO] [split_region.go:192] ["batch split regions complete"] ["batch region ID"=16] ["first at"=74800000000000000C] ["first new region left"="{Id:26 StartKey:7480000000000000FF0A00000000000000F8 EndKey:7480000000000000FF0C00000000000000F8 RegionEpoch:{ConfVer:1 Version:13} Peers:[id:27 store_id:1 ] EncryptionMeta:<nil> IsInFlashback:false FlashbackStartTs:0}"] ["new region count"=1]
[2026/07/25 00:03:43.719 +08:00] [INFO] [split_region.go:241] ["split regions complete"] ["region count"=1] ["region IDs"="[26]"]
[2026/07/25 00:03:43.720 +08:00] [INFO] [job_submitter.go:118] ["add DDL jobs"] [category=ddl] ["batch count"=1] [jobs="ID:15, Type:create table, State:queueing, SchemaState:none, SchemaID:1, TableID:14, RowCount:0, ArgLen:1, start time: 2026-07-25 00:03:43.678 +0800 CST, Err:<nil>, ErrCount:0, SnapshotVersion:0, Version: v2; "] [fast_create=true]
[2026/07/25 00:03:43.720 +08:00] [INFO] [executor.go:7285] ["DDL job submitted"] [category=ddl] [job="ID:15, Type:create table, State:queueing, SchemaState:none, SchemaID:1, TableID:14, RowCount:0, ArgLen:1, start time: 2026-07-25 00:03:43.678 +0800 CST, Err:<nil>, ErrCount:0, SnapshotVersion:0, Version: v2"] [query="CREATE TABLE IF NOT EXISTS mysql.columns_priv (\n\t\tHost\t\tCHAR(255),\n\t\tDB\t\t\tCHAR(64) CHARSET utf8mb4 COLLATE utf8mb4_general_ci,\n\t\tUser\t\tCHAR(32),\n\t\tTable_name\tCHAR(64) CHARSET utf8mb4 COLLATE utf8mb4_general_ci,\n\t\tColumn_name\tCHAR(64) CHARSET utf8mb4 COLLATE utf8mb4_general_ci,\n\t\tTimestamp\tTIMESTAMP DEFAULT CURRENT_TIMESTAMP,\n\t\tColumn_priv\tSET('Select','Insert','Update','References'),\n\t\tPRIMARY KEY (Host, DB, User, Table_name, Column_name),\n\t\tKEY i_user (User));"]
[2026/07/25 00:03:43.720 +08:00] [WARN] [global_controller.go:850] ["[resource group controller] resource group name does not exist"] [name=default]
[2026/07/25 00:03:43.720 +08:00] [WARN] [global_controller.go:850] ["[resource group controller] resource group name does not exist"] [name=default]
[2026/07/25 00:03:43.720 +08:00] [INFO] [job_worker.go:854] ["run one job step"] [category=ddl] [jobID=15] [job="ID:15, Type:create table, State:queueing, SchemaState:none, SchemaID:1, TableID:14, RowCount:0, ArgLen:0, start time: 2026-07-25 00:03:43.678 +0800 CST, Err:<nil>, ErrCount:0, SnapshotVersion:0, Version: v2"]
[2026/07/25 00:03:43.721 +08:00] [WARN] [global_controller.go:850] ["[resource group controller] resource group name does not exist"] [name=default]
[2026/07/25 00:03:43.722 +08:00] [WARN] [global_controller.go:850] ["[resource group controller] resource group name does not exist"] [name=default]
[2026/07/25 00:03:43.722 +08:00] [WARN] [global_controller.go:850] ["[resource group controller] resource group name does not exist"] [name=default]
[2026/07/25 00:03:43.728 +08:00] [INFO] [loader.go:216] ["diff load InfoSchema success"] [mode=auto] [isV2=true] [currVer=6] [neededVer=7] [gotVer=7] ["elapsed time"=317.75µs] [phyTblIDs="[14]"] [actionTypes="[3]"] [diffTypes="[\"create table\"]"]
[2026/07/25 00:03:43.728 +08:00] [INFO] [syncer.go:258] ["session manager is nil"]
[2026/07/25 00:03:43.728 +08:00] [INFO] [syncer.go:281] ["mdl gets lock, update self version to owner"] [jobID=15] [version=7]
[2026/07/25 00:03:43.732 +08:00] [INFO] [schema_version.go:397] ["wait schema version synced success"] [category=ddl] [ver=7] [checkAssumedSvr=false] ["take time"=5.786125ms] [job="ID:15, Type:create table, State:done, SchemaState:public, SchemaID:1, TableID:14, RowCount:0, ArgLen:1, start time: 2026-07-25 00:03:43.678 +0800 CST, Err:<nil>, ErrCount:0, SnapshotVersion:0, Version: v2"] [summary="server count: 1"]
[2026/07/25 00:03:43.733 +08:00] [WARN] [global_controller.go:850] ["[resource group controller] resource group name does not exist"] [name=default]
[2026/07/25 00:03:43.734 +08:00] [WARN] [global_controller.go:850] ["[resource group controller] resource group name does not exist"] [name=default]
[2026/07/25 00:03:43.734 +08:00] [WARN] [global_controller.go:850] ["[resource group controller] resource group name does not exist"] [name=default]
[2026/07/25 00:03:43.734 +08:00] [WARN] [global_controller.go:850] ["[resource group controller] resource group name does not exist"] [name=default]
[2026/07/25 00:03:43.734 +08:00] [WARN] [global_controller.go:850] ["[resource group controller] resource group name does not exist"] [name=default]
[2026/07/25 00:03:43.734 +08:00] [INFO] [job_worker.go:447] ["finish DDL job"] [category=ddl] [jobID=15] [job="ID:15, Type:create table, State:synced, SchemaState:public, SchemaID:1, TableID:14, RowCount:0, ArgLen:0, start time: 2026-07-25 00:03:43.678 +0800 CST, Err:<nil>, ErrCount:0, SnapshotVersion:0, Version: v2"]
[2026/07/25 00:03:43.735 +08:00] [WARN] [global_controller.go:850] ["[resource group controller] resource group name does not exist"] [name=default]
[2026/07/25 00:03:43.736 +08:00] [WARN] [global_controller.go:850] ["[resource group controller] resource group name does not exist"] [name=default]
[2026/07/25 00:03:43.736 +08:00] [WARN] [global_controller.go:850] ["[resource group controller] resource group name does not exist"] [name=default]
[2026/07/25 00:03:43.736 +08:00] [INFO] [executor.go:7423] ["DDL job is finished"] [category=ddl] [jobID=15]
[2026/07/25 00:03:43.736 +08:00] [INFO] [session.go:5229] ["CRUCIAL OPERATION"] [conn=0] [schemaVersion=7] [cur_db=mysql] [sql="CREATE TABLE IF NOT EXISTS mysql.columns_priv (\n\t\tHost\t\tCHAR(255),\n\t\tDB\t\t\tCHAR(64) CHARSET utf8mb4 COLLATE utf8mb4_general_ci,\n\t\tUser\t\tCHAR(32),\n\t\tTable_name\tCHAR(64) CHARSET utf8mb4 COLLATE utf8mb4_general_ci,\n\t\tColumn_name\tCHAR(64) CHARSET utf8mb4 COLLATE utf8mb4_general_ci,\n\t\tTimestamp\tTIMESTAMP DEFAULT CURRENT_TIMESTAMP,\n\t\tColumn_priv\tSET('Select','Insert','Update','References'),\n\t\tPRIMARY KEY (Host, DB, User, Table_name, Column_name),\n\t\tKEY i_user (User));"] [user=]
[2026/07/25 00:03:43.736 +08:00] [INFO] [split_region.go:86] ["split batch regions request"] ["split key count"=1] ["batch count"=1] ["first batch, region ID"=16] ["first split key"=74800000000000000E]
[2026/07/25 00:03:43.737 +08:00] [INFO] [executor.go:7606] ["system variable tidb_scatter_region not found, use default value"] [category=ddl]
[2026/07/25 00:03:43.737 +08:00] [WARN] [global_controller.go:850] ["[resource group controller] resource group name does not exist"] [name=default]
[2026/07/25 00:03:43.741 +08:00] [WARN] [global_controller.go:850] ["[resource group controller] resource group name does not exist"] [name=default]
[2026/07/25 00:03:43.741 +08:00] [WARN] [global_controller.go:850] ["[resource group controller] resource group name does not exist"] [name=default]
[2026/07/25 00:03:43.745 +08:00] [INFO] [split_region.go:192] ["batch split regions complete"] ["batch region ID"=16] ["first at"=74800000000000000E] ["first new region left"="{Id:28 StartKey:7480000000000000FF0C00000000000000F8 EndKey:7480000000000000FF0E00000000000000F8 RegionEpoch:{ConfVer:1 Version:14} Peers:[id:29 store_id:1 ] EncryptionMeta:<nil> IsInFlashback:false FlashbackStartTs:0}"] ["new region count"=1]
[2026/07/25 00:03:43.745 +08:00] [INFO] [split_region.go:241] ["split regions complete"] ["region count"=1] ["region IDs"="[28]"]
[2026/07/25 00:03:43.745 +08:00] [INFO] [job_submitter.go:118] ["add DDL jobs"] [category=ddl] ["batch count"=1] [jobs="ID:17, Type:create table, State:queueing, SchemaState:none, SchemaID:1, TableID:16, RowCount:0, ArgLen:1, start time: 2026-07-25 00:03:43.728 +0800 CST, Err:<nil>, ErrCount:0, SnapshotVersion:0, Version: v2; "] [fast_create=true]
[2026/07/25 00:03:43.745 +08:00] [INFO] [executor.go:7285] ["DDL job submitted"] [category=ddl] [job="ID:17, Type:create table, State:queueing, SchemaState:none, SchemaID:1, TableID:16, RowCount:0, ArgLen:1, start time: 2026-07-25 00:03:43.728 +0800 CST, Err:<nil>, ErrCount:0, SnapshotVersion:0, Version: v2"] [query="CREATE TABLE IF NOT EXISTS mysql.global_variables (\n\t\tVARIABLE_NAME  VARCHAR(64) NOT NULL PRIMARY KEY,\n\t\tVARIABLE_VALUE VARCHAR(16383) DEFAULT NULL);"]
[2026/07/25 00:03:43.746 +08:00] [WARN] [global_controller.go:850] ["[resource group controller] resource group name does not exist"] [name=default]
[2026/07/25 00:03:43.746 +08:00] [WARN] [global_controller.go:850] ["[resource group controller] resource group name does not exist"] [name=default]
[2026/07/25 00:03:43.746 +08:00] [INFO] [job_worker.go:854] ["run one job step"] [category=ddl] [jobID=17] [job="ID:17, Type:create table, State:queueing, SchemaState:none, SchemaID:1, TableID:16, RowCount:0, ArgLen:0, start time: 2026-07-25 00:03:43.728 +0800 CST, Err:<nil>, ErrCount:0, SnapshotVersion:0, Version: v2"]
[2026/07/25 00:03:43.747 +08:00] [WARN] [global_controller.go:850] ["[resource group controller] resource group name does not exist"] [name=default]
[2026/07/25 00:03:43.747 +08:00] [WARN] [global_controller.go:850] ["[resource group controller] resource group name does not exist"] [name=default]
[2026/07/25 00:03:43.747 +08:00] [WARN] [global_controller.go:850] ["[resource group controller] resource group name does not exist"] [name=default]
[2026/07/25 00:03:43.753 +08:00] [INFO] [loader.go:216] ["diff load InfoSchema success"] [mode=auto] [isV2=true] [currVer=7] [neededVer=8] [gotVer=8] ["elapsed time"=310.667µs] [phyTblIDs="[16]"] [actionTypes="[3]"] [diffTypes="[\"create table\"]"]
[2026/07/25 00:03:43.754 +08:00] [INFO] [syncer.go:258] ["session manager is nil"]
[2026/07/25 00:03:43.754 +08:00] [INFO] [syncer.go:281] ["mdl gets lock, update self version to owner"] [jobID=17] [version=8]
[2026/07/25 00:03:43.758 +08:00] [INFO] [schema_version.go:397] ["wait schema version synced success"] [category=ddl] [ver=8] [checkAssumedSvr=false] ["take time"=4.859958ms] [job="ID:17, Type:create table, State:done, SchemaState:public, SchemaID:1, TableID:16, RowCount:0, ArgLen:1, start time: 2026-07-25 00:03:43.728 +0800 CST, Err:<nil>, ErrCount:0, SnapshotVersion:0, Version: v2"] [summary="server count: 1"]
[2026/07/25 00:03:43.758 +08:00] [WARN] [global_controller.go:850] ["[resource group controller] resource group name does not exist"] [name=default]
[2026/07/25 00:03:43.759 +08:00] [WARN] [global_controller.go:850] ["[resource group controller] resource group name does not exist"] [name=default]
[2026/07/25 00:03:43.759 +08:00] [WARN] [global_controller.go:850] ["[resource group controller] resource group name does not exist"] [name=default]
[2026/07/25 00:03:43.759 +08:00] [WARN] [global_controller.go:850] ["[resource group controller] resource group name does not exist"] [name=default]
[2026/07/25 00:03:43.759 +08:00] [WARN] [global_controller.go:850] ["[resource group controller] resource group name does not exist"] [name=default]
[2026/07/25 00:03:43.759 +08:00] [INFO] [job_worker.go:447] ["finish DDL job"] [category=ddl] [jobID=17] [job="ID:17, Type:create table, State:synced, SchemaState:public, SchemaID:1, TableID:16, RowCount:0, ArgLen:0, start time: 2026-07-25 00:03:43.728 +0800 CST, Err:<nil>, ErrCount:0, SnapshotVersion:0, Version: v2"]
[2026/07/25 00:03:43.759 +08:00] [WARN] [global_controller.go:850] ["[resource group controller] resource group name does not exist"] [name=default]
[2026/07/25 00:03:43.761 +08:00] [WARN] [global_controller.go:850] ["[resource group controller] resource group name does not exist"] [name=default]
[2026/07/25 00:03:43.761 +08:00] [INFO] [executor.go:7423] ["DDL job is finished"] [category=ddl] [jobID=17]
[2026/07/25 00:03:43.761 +08:00] [WARN] [global_controller.go:850] ["[resource group controller] resource group name does not exist"] [name=default]
[2026/07/25 00:03:43.761 +08:00] [INFO] [session.go:5229] ["CRUCIAL OPERATION"] [conn=0] [schemaVersion=8] [cur_db=mysql] [sql="CREATE TABLE IF NOT EXISTS mysql.global_variables (\n\t\tVARIABLE_NAME  VARCHAR(64) NOT NULL PRIMARY KEY,\n\t\tVARIABLE_VALUE VARCHAR(16383) DEFAULT NULL);"] [user=]
[2026/07/25 00:03:43.761 +08:00] [INFO] [split_region.go:86] ["split batch regions request"] ["split key count"=1] ["batch count"=1] ["first batch, region ID"=16] ["first split key"=748000000000000010]
[2026/07/25 00:03:43.762 +08:00] [INFO] [executor.go:7606] ["system variable tidb_scatter_region not found, use default value"] [category=ddl]
[2026/07/25 00:03:43.762 +08:00] [WARN] [global_controller.go:850] ["[resource group controller] resource group name does not exist"] [name=default]
[2026/07/25 00:03:43.766 +08:00] [WARN] [global_controller.go:850] ["[resource group controller] resource group name does not exist"] [name=default]
[2026/07/25 00:03:43.766 +08:00] [WARN] [global_controller.go:850] ["[resource group controller] resource group name does not exist"] [name=default]
[2026/07/25 00:03:43.770 +08:00] [INFO] [split_region.go:192] ["batch split regions complete"] ["batch region ID"=16] ["first at"=748000000000000010] ["first new region left"="{Id:30 StartKey:7480000000000000FF0E00000000000000F8 EndKey:7480000000000000FF1000000000000000F8 RegionEpoch:{ConfVer:1 Version:15} Peers:[id:31 store_id:1 ] EncryptionMeta:<nil> IsInFlashback:false FlashbackStartTs:0}"] ["new region count"=1]
[2026/07/25 00:03:43.770 +08:00] [INFO] [split_region.go:241] ["split regions complete"] ["region count"=1] ["region IDs"="[30]"]
[2026/07/25 00:03:43.770 +08:00] [INFO] [job_submitter.go:118] ["add DDL jobs"] [category=ddl] ["batch count"=1] [jobs="ID:19, Type:create table, State:queueing, SchemaState:none, SchemaID:1, TableID:18, RowCount:0, ArgLen:1, start time: 2026-07-25 00:03:43.728 +0800 CST, Err:<nil>, ErrCount:0, SnapshotVersion:0, Version: v2; "] [fast_create=true]
[2026/07/25 00:03:43.770 +08:00] [INFO] [executor.go:7285] ["DDL job submitted"] [category=ddl] [job="ID:19, Type:create table, State:queueing, SchemaState:none, SchemaID:1, TableID:18, RowCount:0, ArgLen:1, start time: 2026-07-25 00:03:43.728 +0800 CST, Err:<nil>, ErrCount:0, SnapshotVersion:0, Version: v2"] [query="CREATE TABLE IF NOT EXISTS mysql.tidb (\n\t\tVARIABLE_NAME  \tVARCHAR(64) NOT NULL PRIMARY KEY,\n\t\tVARIABLE_VALUE \tVARCHAR(1024) DEFAULT NULL,\n\t\tCOMMENT \t\tVARCHAR(1024));"]
[2026/07/25 00:03:43.771 +08:00] [WARN] [global_controller.go:850] ["[resource group controller] resource group name does not exist"] [name=default]
[2026/07/25 00:03:43.771 +08:00] [WARN] [global_controller.go:850] ["[resource group controller] resource group name does not exist"] [name=default]
[2026/07/25 00:03:43.771 +08:00] [INFO] [job_worker.go:854] ["run one job step"] [category=ddl] [jobID=19] [job="ID:19, Type:create table, State:queueing, SchemaState:none, SchemaID:1, TableID:18, RowCount:0, ArgLen:0, start time: 2026-07-25 00:03:43.728 +0800 CST, Err:<nil>, ErrCount:0, SnapshotVersion:0, Version: v2"]
[2026/07/25 00:03:43.772 +08:00] [WARN] [global_controller.go:850] ["[resource group controller] resource group name does not exist"] [name=default]
[2026/07/25 00:03:43.772 +08:00] [WARN] [global_controller.go:850] ["[resource group controller] resource group name does not exist"] [name=default]
[2026/07/25 00:03:43.772 +08:00] [WARN] [global_controller.go:850] ["[resource group controller] resource group name does not exist"] [name=default]
[2026/07/25 00:03:43.778 +08:00] [INFO] [loader.go:216] ["diff load InfoSchema success"] [mode=auto] [isV2=true] [currVer=8] [neededVer=9] [gotVer=9] ["elapsed time"=327.208µs] [phyTblIDs="[18]"] [actionTypes="[3]"] [diffTypes="[\"create table\"]"]
[2026/07/25 00:03:43.778 +08:00] [INFO] [syncer.go:258] ["session manager is nil"]
[2026/07/25 00:03:43.778 +08:00] [INFO] [syncer.go:281] ["mdl gets lock, update self version to owner"] [jobID=19] [version=9]
[2026/07/25 00:03:43.793 +08:00] [INFO] [schema_version.go:397] ["wait schema version synced success"] [category=ddl] [ver=9] [checkAssumedSvr=false] ["take time"=15.988208ms] [job="ID:19, Type:create table, State:done, SchemaState:public, SchemaID:1, TableID:18, RowCount:0, ArgLen:1, start time: 2026-07-25 00:03:43.728 +0800 CST, Err:<nil>, ErrCount:0, SnapshotVersion:0, Version: v2"] [summary="server count: 1"]
[2026/07/25 00:03:43.794 +08:00] [WARN] [global_controller.go:850] ["[resource group controller] resource group name does not exist"] [name=default]
[2026/07/25 00:03:43.794 +08:00] [WARN] [global_controller.go:850] ["[resource group controller] resource group name does not exist"] [name=default]
[2026/07/25 00:03:43.794 +08:00] [WARN] [global_controller.go:850] ["[resource group controller] resource group name does not exist"] [name=default]
[2026/07/25 00:03:43.795 +08:00] [WARN] [global_controller.go:850] ["[resource group controller] resource group name does not exist"] [name=default]
[2026/07/25 00:03:43.795 +08:00] [WARN] [global_controller.go:850] ["[resource group controller] resource group name does not exist"] [name=default]
[2026/07/25 00:03:43.795 +08:00] [INFO] [job_worker.go:447] ["finish DDL job"] [category=ddl] [jobID=19] [job="ID:19, Type:create table, State:synced, SchemaState:public, SchemaID:1, TableID:18, RowCount:0, ArgLen:0, start time: 2026-07-25 00:03:43.728 +0800 CST, Err:<nil>, ErrCount:0, SnapshotVersion:0, Version: v2"]
[2026/07/25 00:03:43.795 +08:00] [WARN] [global_controller.go:850] ["[resource group controller] resource group name does not exist"] [name=default]
[2026/07/25 00:03:43.796 +08:00] [WARN] [global_controller.go:850] ["[resource group controller] resource group name does not exist"] [name=default]
[2026/07/25 00:03:43.797 +08:00] [INFO] [executor.go:7423] ["DDL job is finished"] [category=ddl] [jobID=19]
[2026/07/25 00:03:43.797 +08:00] [INFO] [session.go:5229] ["CRUCIAL OPERATION"] [conn=0] [schemaVersion=9] [cur_db=mysql] [sql="CREATE TABLE IF NOT EXISTS mysql.tidb (\n\t\tVARIABLE_NAME  \tVARCHAR(64) NOT NULL PRIMARY KEY,\n\t\tVARIABLE_VALUE \tVARCHAR(1024) DEFAULT NULL,\n\t\tCOMMENT \t\tVARCHAR(1024));"] [user=]
[2026/07/25 00:03:43.797 +08:00] [WARN] [global_controller.go:850] ["[resource group controller] resource group name does not exist"] [name=default]
[2026/07/25 00:03:43.797 +08:00] [INFO] [split_region.go:86] ["split batch regions request"] ["split key count"=1] ["batch count"=1] ["first batch, region ID"=16] ["first split key"=748000000000000012]
[2026/07/25 00:03:43.797 +08:00] [INFO] [executor.go:7606] ["system variable tidb_scatter_region not found, use default value"] [category=ddl]
[2026/07/25 00:03:43.797 +08:00] [WARN] [global_controller.go:850] ["[resource group controller] resource group name does not exist"] [name=default]
[2026/07/25 00:03:43.801 +08:00] [WARN] [global_controller.go:850] ["[resource group controller] resource group name does not exist"] [name=default]
[2026/07/25 00:03:43.801 +08:00] [WARN] [global_controller.go:850] ["[resource group controller] resource group name does not exist"] [name=default]
[2026/07/25 00:03:43.805 +08:00] [INFO] [split_region.go:192] ["batch split regions complete"] ["batch region ID"=16] ["first at"=748000000000000012] ["first new region left"="{Id:32 StartKey:7480000000000000FF1000000000000000F8 EndKey:7480000000000000FF1200000000000000F8 RegionEpoch:{ConfVer:1 Version:16} Peers:[id:33 store_id:1 ] EncryptionMeta:<nil> IsInFlashback:false FlashbackStartTs:0}"] ["new region count"=1]
[2026/07/25 00:03:43.805 +08:00] [INFO] [split_region.go:241] ["split regions complete"] ["region count"=1] ["region IDs"="[32]"]
[2026/07/25 00:03:43.805 +08:00] [INFO] [job_submitter.go:118] ["add DDL jobs"] [category=ddl] ["batch count"=1] [jobs="ID:21, Type:create table, State:queueing, SchemaState:none, SchemaID:1, TableID:20, RowCount:0, ArgLen:1, start time: 2026-07-25 00:03:43.778 +0800 CST, Err:<nil>, ErrCount:0, SnapshotVersion:0, Version: v2; "] [fast_create=true]
[2026/07/25 00:03:43.806 +08:00] [INFO] [executor.go:7285] ["DDL job submitted"] [category=ddl] [job="ID:21, Type:create table, State:queueing, SchemaState:none, SchemaID:1, TableID:20, RowCount:0, ArgLen:1, start time: 2026-07-25 00:03:43.778 +0800 CST, Err:<nil>, ErrCount:0, SnapshotVersion:0, Version: v2"] [query="CREATE TABLE IF NOT EXISTS mysql.help_topic (\n\t\thelp_topic_id \t\tINT(10) UNSIGNED NOT NULL,\n\t\tname \t\t\t\tCHAR(64) NOT NULL,\n\t\thelp_category_id \tSMALLINT(5) UNSIGNED NOT NULL,\n\t\tdescription \t\tTEXT NOT NULL,\n\t\texample \t\t\tTEXT NOT NULL,\n\t\turl \t\t\t\tTEXT NOT NULL,\n\t\tPRIMARY KEY (help_topic_id) clustered,\n\t\tUNIQUE KEY name (name)\n\t\t) ENGINE=InnoDB DEFAULT CHARSET=utf8 STATS_PERSISTENT=0 COMMENT='help topics';"]
[2026/07/25 00:03:43.806 +08:00] [WARN] [global_controller.go:850] ["[resource group controller] resource group name does not exist"] [name=default]
[2026/07/25 00:03:43.806 +08:00] [WARN] [global_controller.go:850] ["[resource group controller] resource group name does not exist"] [name=default]
[2026/07/25 00:03:43.806 +08:00] [INFO] [job_worker.go:854] ["run one job step"] [category=ddl] [jobID=21] [job="ID:21, Type:create table, State:queueing, SchemaState:none, SchemaID:1, TableID:20, RowCount:0, ArgLen:0, start time: 2026-07-25 00:03:43.778 +0800 CST, Err:<nil>, ErrCount:0, SnapshotVersion:0, Version: v2"]
[2026/07/25 00:03:43.807 +08:00] [WARN] [global_controller.go:850] ["[resource group controller] resource group name does not exist"] [name=default]
[2026/07/25 00:03:43.807 +08:00] [WARN] [global_controller.go:850] ["[resource group controller] resource group name does not exist"] [name=default]
[2026/07/25 00:03:43.808 +08:00] [WARN] [global_controller.go:850] ["[resource group controller] resource group name does not exist"] [name=default]
[2026/07/25 00:03:43.814 +08:00] [INFO] [loader.go:216] ["diff load InfoSchema success"] [mode=auto] [isV2=true] [currVer=9] [neededVer=10] [gotVer=10] ["elapsed time"=287.416µs] [phyTblIDs="[20]"] [actionTypes="[3]"] [diffTypes="[\"create table\"]"]
[2026/07/25 00:03:43.814 +08:00] [INFO] [syncer.go:258] ["session manager is nil"]
[2026/07/25 00:03:43.814 +08:00] [INFO] [syncer.go:281] ["mdl gets lock, update self version to owner"] [jobID=21] [version=10]
[2026/07/25 00:03:43.818 +08:00] [INFO] [schema_version.go:397] ["wait schema version synced success"] [category=ddl] [ver=10] [checkAssumedSvr=false] ["take time"=4.947458ms] [job="ID:21, Type:create table, State:done, SchemaState:public, SchemaID:1, TableID:20, RowCount:0, ArgLen:1, start time: 2026-07-25 00:03:43.778 +0800 CST, Err:<nil>, ErrCount:0, SnapshotVersion:0, Version: v2"] [summary="server count: 1"]
[2026/07/25 00:03:43.819 +08:00] [WARN] [global_controller.go:850] ["[resource group controller] resource group name does not exist"] [name=default]
[2026/07/25 00:03:43.819 +08:00] [WARN] [global_controller.go:850] ["[resource group controller] resource group name does not exist"] [name=default]
[2026/07/25 00:03:43.820 +08:00] [WARN] [global_controller.go:850] ["[resource group controller] resource group name does not exist"] [name=default]
[2026/07/25 00:03:43.820 +08:00] [WARN] [global_controller.go:850] ["[resource group controller] resource group name does not exist"] [name=default]
[2026/07/25 00:03:43.820 +08:00] [WARN] [global_controller.go:850] ["[resource group controller] resource group name does not exist"] [name=default]
[2026/07/25 00:03:43.820 +08:00] [INFO] [job_worker.go:447] ["finish DDL job"] [category=ddl] [jobID=21] [job="ID:21, Type:create table, State:synced, SchemaState:public, SchemaID:1, TableID:20, RowCount:0, ArgLen:0, start time: 2026-07-25 00:03:43.778 +0800 CST, Err:<nil>, ErrCount:0, SnapshotVersion:0, Version: v2"]
[2026/07/25 00:03:43.820 +08:00] [WARN] [global_controller.go:850] ["[resource group controller] resource group name does not exist"] [name=default]
[2026/07/25 00:03:43.821 +08:00] [WARN] [global_controller.go:850] ["[resource group controller] resource group name does not exist"] [name=default]
[2026/07/25 00:03:43.822 +08:00] [INFO] [executor.go:7423] ["DDL job is finished"] [category=ddl] [jobID=21]
[2026/07/25 00:03:43.822 +08:00] [WARN] [global_controller.go:850] ["[resource group controller] resource group name does not exist"] [name=default]
[2026/07/25 00:03:43.822 +08:00] [INFO] [split_region.go:86] ["split batch regions request"] ["split key count"=1] ["batch count"=1] ["first batch, region ID"=16] ["first split key"=748000000000000014]
[2026/07/25 00:03:43.822 +08:00] [INFO] [session.go:5229] ["CRUCIAL OPERATION"] [conn=0] [schemaVersion=10] [cur_db=mysql] [sql="CREATE TABLE IF NOT EXISTS mysql.help_topic (\n\t\thelp_topic_id \t\tINT(10) UNSIGNED NOT NULL,\n\t\tname \t\t\t\tCHAR(64) NOT NULL,\n\t\thelp_category_id \tSMALLINT(5) UNSIGNED NOT NULL,\n\t\tdescription \t\tTEXT NOT NULL,\n\t\texample \t\t\tTEXT NOT NULL,\n\t\turl \t\t\t\tTEXT NOT NULL,\n\t\tPRIMARY KEY (help_topic_id) clustered,\n\t\tUNIQUE KEY name (name)\n\t\t) ENGINE=InnoDB DEFAULT CHARSET=utf8 STATS_PERSISTENT=0 COMMENT='help topics';"] [user=]
[2026/07/25 00:03:43.822 +08:00] [INFO] [executor.go:7606] ["system variable tidb_scatter_region not found, use default value"] [category=ddl]
[2026/07/25 00:03:43.822 +08:00] [WARN] [global_controller.go:850] ["[resource group controller] resource group name does not exist"] [name=default]
[2026/07/25 00:03:43.826 +08:00] [WARN] [global_controller.go:850] ["[resource group controller] resource group name does not exist"] [name=default]
[2026/07/25 00:03:43.827 +08:00] [WARN] [global_controller.go:850] ["[resource group controller] resource group name does not exist"] [name=default]
[2026/07/25 00:03:43.830 +08:00] [INFO] [split_region.go:192] ["batch split regions complete"] ["batch region ID"=16] ["first at"=748000000000000014] ["first new region left"="{Id:34 StartKey:7480000000000000FF1200000000000000F8 EndKey:7480000000000000FF1400000000000000F8 RegionEpoch:{ConfVer:1 Version:17} Peers:[id:35 store_id:1 ] EncryptionMeta:<nil> IsInFlashback:false FlashbackStartTs:0}"] ["new region count"=1]
[2026/07/25 00:03:43.830 +08:00] [INFO] [split_region.go:241] ["split regions complete"] ["region count"=1] ["region IDs"="[34]"]
[2026/07/25 00:03:43.830 +08:00] [INFO] [job_submitter.go:118] ["add DDL jobs"] [category=ddl] ["batch count"=1] [jobs="ID:23, Type:create table, State:queueing, SchemaState:none, SchemaID:1, TableID:22, RowCount:0, ArgLen:1, start time: 2026-07-25 00:03:43.778 +0800 CST, Err:<nil>, ErrCount:0, SnapshotVersion:0, Version: v2; "] [fast_create=true]
[2026/07/25 00:03:43.830 +08:00] [INFO] [executor.go:7285] ["DDL job submitted"] [category=ddl] [job="ID:23, Type:create table, State:queueing, SchemaState:none, SchemaID:1, TableID:22, RowCount:0, ArgLen:1, start time: 2026-07-25 00:03:43.778 +0800 CST, Err:<nil>, ErrCount:0, SnapshotVersion:0, Version: v2"] [query="CREATE TABLE IF NOT EXISTS mysql.stats_meta (\n\t\tversion \t\t\t\t\tBIGINT(64) UNSIGNED NOT NULL,\n\t\ttable_id \t\t\t\t\tBIGINT(64) NOT NULL,\n\t\tmodify_count\t\t\t\tBIGINT(64) NOT NULL DEFAULT 0,\n\t\tcount \t\t\t\t\t\tBIGINT(64) UNSIGNED NOT NULL DEFAULT 0,\n\t\tsnapshot        \t\t\tBIGINT(64) UNSIGNED NOT NULL DEFAULT 0,\n\t\tlast_stats_histograms_version \tBIGINT(64) UNSIGNED DEFAULT NULL,\n\t\tPRIMARY KEY (table_id) CLUSTERED,\n\t\tINDEX idx_ver(version)\n\t);"]
[2026/07/25 00:03:43.831 +08:00] [WARN] [global_controller.go:850] ["[resource group controller] resource group name does not exist"] [name=default]
[2026/07/25 00:03:43.831 +08:00] [WARN] [global_controller.go:850] ["[resource group controller] resource group name does not exist"] [name=default]
[2026/07/25 00:03:43.831 +08:00] [INFO] [job_worker.go:854] ["run one job step"] [category=ddl] [jobID=23] [job="ID:23, Type:create table, State:queueing, SchemaState:none, SchemaID:1, TableID:22, RowCount:0, ArgLen:0, start time: 2026-07-25 00:03:43.778 +0800 CST, Err:<nil>, ErrCount:0, SnapshotVersion:0, Version: v2"]
[2026/07/25 00:03:43.832 +08:00] [WARN] [global_controller.go:850] ["[resource group controller] resource group name does not exist"] [name=default]
[2026/07/25 00:03:43.832 +08:00] [WARN] [global_controller.go:850] ["[resource group controller] resource group name does not exist"] [name=default]
[2026/07/25 00:03:43.833 +08:00] [WARN] [global_controller.go:850] ["[resource group controller] resource group name does not exist"] [name=default]
[2026/07/25 00:03:43.839 +08:00] [INFO] [loader.go:216] ["diff load InfoSchema success"] [mode=auto] [isV2=true] [currVer=10] [neededVer=11] [gotVer=11] ["elapsed time"=296.25µs] [phyTblIDs="[22]"] [actionTypes="[3]"] [diffTypes="[\"create table\"]"]
[2026/07/25 00:03:43.839 +08:00] [INFO] [syncer.go:258] ["session manager is nil"]
[2026/07/25 00:03:43.839 +08:00] [INFO] [syncer.go:281] ["mdl gets lock, update self version to owner"] [jobID=23] [version=11]
[2026/07/25 00:03:43.844 +08:00] [INFO] [schema_version.go:397] ["wait schema version synced success"] [category=ddl] [ver=11] [checkAssumedSvr=false] ["take time"=5.938791ms] [job="ID:23, Type:create table, State:done, SchemaState:public, SchemaID:1, TableID:22, RowCount:0, ArgLen:1, start time: 2026-07-25 00:03:43.778 +0800 CST, Err:<nil>, ErrCount:0, SnapshotVersion:0, Version: v2"] [summary="server count: 1"]
[2026/07/25 00:03:43.845 +08:00] [WARN] [global_controller.go:850] ["[resource group controller] resource group name does not exist"] [name=default]
[2026/07/25 00:03:43.845 +08:00] [WARN] [global_controller.go:850] ["[resource group controller] resource group name does not exist"] [name=default]
[2026/07/25 00:03:43.845 +08:00] [WARN] [global_controller.go:850] ["[resource group controller] resource group name does not exist"] [name=default]
[2026/07/25 00:03:43.846 +08:00] [WARN] [global_controller.go:850] ["[resource group controller] resource group name does not exist"] [name=default]
[2026/07/25 00:03:43.846 +08:00] [WARN] [global_controller.go:850] ["[resource group controller] resource group name does not exist"] [name=default]
[2026/07/25 00:03:43.846 +08:00] [INFO] [job_worker.go:447] ["finish DDL job"] [category=ddl] [jobID=23] [job="ID:23, Type:create table, State:synced, SchemaState:public, SchemaID:1, TableID:22, RowCount:0, ArgLen:0, start time: 2026-07-25 00:03:43.778 +0800 CST, Err:<nil>, ErrCount:0, SnapshotVersion:0, Version: v2"]
[2026/07/25 00:03:43.846 +08:00] [WARN] [global_controller.go:850] ["[resource group controller] resource group name does not exist"] [name=default]
[2026/07/25 00:03:43.847 +08:00] [WARN] [global_controller.go:850] ["[resource group controller] resource group name does not exist"] [name=default]
[2026/07/25 00:03:43.848 +08:00] [WARN] [global_controller.go:850] ["[resource group controller] resource group name does not exist"] [name=default]
[2026/07/25 00:03:43.848 +08:00] [INFO] [executor.go:7423] ["DDL job is finished"] [category=ddl] [jobID=23]
[2026/07/25 00:03:43.848 +08:00] [INFO] [session.go:5229] ["CRUCIAL OPERATION"] [conn=0] [schemaVersion=11] [cur_db=mysql] [sql="CREATE TABLE IF NOT EXISTS mysql.stats_meta (\n\t\tversion \t\t\t\t\tBIGINT(64) UNSIGNED NOT NULL,\n\t\ttable_id \t\t\t\t\tBIGINT(64) NOT NULL,\n\t\tmodify_count\t\t\t\tBIGINT(64) NOT NULL DEFAULT 0,\n\t\tcount \t\t\t\t\t\tBIGINT(64) UNSIGNED NOT NULL DEFAULT 0,\n\t\tsnapshot        \t\t\tBIGINT(64) UNSIGNED NOT NULL DEFAULT 0,\n\t\tlast_stats_histograms_version \tBIGINT(64) UNSIGNED DEFAULT NULL,\n\t\tPRIMARY KEY (table_id) CLUSTERED,\n\t\tINDEX idx_ver(version)\n\t);"] [user=]
[2026/07/25 00:03:43.848 +08:00] [INFO] [split_region.go:86] ["split batch regions request"] ["split key count"=1] ["batch count"=1] ["first batch, region ID"=16] ["first split key"=748000000000000016]
[2026/07/25 00:03:43.848 +08:00] [INFO] [add_column.go:1339] ["Automatically convert BLOB(6291456) to MEDIUMBLOB"] [category=ddl]
[2026/07/25 00:03:43.848 +08:00] [INFO] [executor.go:7606] ["system variable tidb_scatter_region not found, use default value"] [category=ddl]
[2026/07/25 00:03:43.848 +08:00] [WARN] [global_controller.go:850] ["[resource group controller] resource group name does not exist"] [name=default]
[2026/07/25 00:03:43.853 +08:00] [WARN] [global_controller.go:850] ["[resource group controller] resource group name does not exist"] [name=default]
[2026/07/25 00:03:43.853 +08:00] [WARN] [global_controller.go:850] ["[resource group controller] resource group name does not exist"] [name=default]
[2026/07/25 00:03:43.857 +08:00] [INFO] [split_region.go:192] ["batch split regions complete"] ["batch region ID"=16] ["first at"=748000000000000016] ["first new region left"="{Id:36 StartKey:7480000000000000FF1400000000000000F8 EndKey:7480000000000000FF1600000000000000F8 RegionEpoch:{ConfVer:1 Version:18} Peers:[id:37 store_id:1 ] EncryptionMeta:<nil> IsInFlashback:false FlashbackStartTs:0}"] ["new region count"=1]
[2026/07/25 00:03:43.857 +08:00] [INFO] [split_region.go:241] ["split regions complete"] ["region count"=1] ["region IDs"="[36]"]
[2026/07/25 00:03:43.857 +08:00] [INFO] [job_submitter.go:118] ["add DDL jobs"] [category=ddl] ["batch count"=1] [jobs="ID:25, Type:create table, State:queueing, SchemaState:none, SchemaID:1, TableID:24, RowCount:0, ArgLen:1, start time: 2026-07-25 00:03:43.828 +0800 CST, Err:<nil>, ErrCount:0, SnapshotVersion:0, Version: v2; "] [fast_create=true]
[2026/07/25 00:03:43.857 +08:00] [INFO] [executor.go:7285] ["DDL job submitted"] [category=ddl] [job="ID:25, Type:create table, State:queueing, SchemaState:none, SchemaID:1, TableID:24, RowCount:0, ArgLen:1, start time: 2026-07-25 00:03:43.828 +0800 CST, Err:<nil>, ErrCount:0, SnapshotVersion:0, Version: v2"] [query="CREATE TABLE IF NOT EXISTS mysql.stats_histograms (\n\t\ttable_id \t\t\tBIGINT(64) NOT NULL,\n\t\tis_index \t\t\tTINYINT(2) NOT NULL,\n\t\thist_id \t\t\tBIGINT(64) NOT NULL,\n\t\tdistinct_count \t\tBIGINT(64) NOT NULL,\n\t\tnull_count \t\t\tBIGINT(64) NOT NULL DEFAULT 0,\n\t\ttot_col_size \t\tBIGINT(64) NOT NULL DEFAULT 0,\n\t\tmodify_count \t\tBIGINT(64) NOT NULL DEFAULT 0,\n\t\tversion \t\t\tBIGINT(64) UNSIGNED NOT NULL DEFAULT 0,\n\t\tcm_sketch \t\t\tBLOB(6291456),\n\t\tstats_ver \t\t\tBIGINT(64) NOT NULL DEFAULT 0,\n\t\tflag \t\t\t\tBIGINT(64) NOT NULL DEFAULT 0,\n\t\tcorrelation \t\tDOUBLE NOT NULL DEFAULT 0,\n\t\tlast_analyze_pos \tLONGBLOB DEFAULT NULL,\n\t\tPRIMARY KEY (table_id, is_index, hist_id) CLUSTERED\n\t);"]
[2026/07/25 00:03:43.858 +08:00] [WARN] [global_controller.go:850] ["[resource group controller] resource group name does not exist"] [name=default]
[2026/07/25 00:03:43.858 +08:00] [WARN] [global_controller.go:850] ["[resource group controller] resource group name does not exist"] [name=default]
[2026/07/25 00:03:43.858 +08:00] [INFO] [job_worker.go:854] ["run one job step"] [category=ddl] [jobID=25] [job="ID:25, Type:create table, State:queueing, SchemaState:none, SchemaID:1, TableID:24, RowCount:0, ArgLen:0, start time: 2026-07-25 00:03:43.828 +0800 CST, Err:<nil>, ErrCount:0, SnapshotVersion:0, Version: v2"]
[2026/07/25 00:03:43.859 +08:00] [WARN] [global_controller.go:850] ["[resource group controller] resource group name does not exist"] [name=default]
[2026/07/25 00:03:43.859 +08:00] [WARN] [global_controller.go:850] ["[resource group controller] resource group name does not exist"] [name=default]
[2026/07/25 00:03:43.860 +08:00] [WARN] [global_controller.go:850] ["[resource group controller] resource group name does not exist"] [name=default]
[2026/07/25 00:03:43.867 +08:00] [INFO] [loader.go:216] ["diff load InfoSchema success"] [mode=auto] [isV2=true] [currVer=11] [neededVer=12] [gotVer=12] ["elapsed time"=337.625µs] [phyTblIDs="[24]"] [actionTypes="[3]"] [diffTypes="[\"create table\"]"]
[2026/07/25 00:03:43.867 +08:00] [INFO] [syncer.go:258] ["session manager is nil"]
[2026/07/25 00:03:43.867 +08:00] [INFO] [syncer.go:281] ["mdl gets lock, update self version to owner"] [jobID=25] [version=12]
[2026/07/25 00:03:43.872 +08:00] [INFO] [schema_version.go:397] ["wait schema version synced success"] [category=ddl] [ver=12] [checkAssumedSvr=false] ["take time"=5.917458ms] [job="ID:25, Type:create table, State:done, SchemaState:public, SchemaID:1, TableID:24, RowCount:0, ArgLen:1, start time: 2026-07-25 00:03:43.828 +0800 CST, Err:<nil>, ErrCount:0, SnapshotVersion:0, Version: v2"] [summary="server count: 1"]
[2026/07/25 00:03:43.873 +08:00] [WARN] [global_controller.go:850] ["[resource group controller] resource group name does not exist"] [name=default]
[2026/07/25 00:03:43.873 +08:00] [WARN] [global_controller.go:850] ["[resource group controller] resource group name does not exist"] [name=default]
[2026/07/25 00:03:43.873 +08:00] [WARN] [global_controller.go:850] ["[resource group controller] resource group name does not exist"] [name=default]
[2026/07/25 00:03:43.874 +08:00] [WARN] [global_controller.go:850] ["[resource group controller] resource group name does not exist"] [name=default]
[2026/07/25 00:03:43.874 +08:00] [WARN] [global_controller.go:850] ["[resource group controller] resource group name does not exist"] [name=default]
[2026/07/25 00:03:43.874 +08:00] [INFO] [job_worker.go:447] ["finish DDL job"] [category=ddl] [jobID=25] [job="ID:25, Type:create table, State:synced, SchemaState:public, SchemaID:1, TableID:24, RowCount:0, ArgLen:0, start time: 2026-07-25 00:03:43.828 +0800 CST, Err:<nil>, ErrCount:0, SnapshotVersion:0, Version: v2"]
[2026/07/25 00:03:43.874 +08:00] [WARN] [global_controller.go:850] ["[resource group controller] resource group name does not exist"] [name=default]
[2026/07/25 00:03:43.875 +08:00] [WARN] [global_controller.go:850] ["[resource group controller] resource group name does not exist"] [name=default]
[2026/07/25 00:03:43.876 +08:00] [WARN] [global_controller.go:850] ["[resource group controller] resource group name does not exist"] [name=default]
[2026/07/25 00:03:43.876 +08:00] [INFO] [executor.go:7423] ["DDL job is finished"] [category=ddl] [jobID=25]
[2026/07/25 00:03:43.876 +08:00] [INFO] [session.go:5229] ["CRUCIAL OPERATION"] [conn=0] [schemaVersion=12] [cur_db=mysql] [sql="CREATE TABLE IF NOT EXISTS mysql.stats_histograms (\n\t\ttable_id \t\t\tBIGINT(64) NOT NULL,\n\t\tis_index \t\t\tTINYINT(2) NOT NULL,\n\t\thist_id \t\t\tBIGINT(64) NOT NULL,\n\t\tdistinct_count \t\tBIGINT(64) NOT NULL,\n\t\tnull_count \t\t\tBIGINT(64) NOT NULL DEFAULT 0,\n\t\ttot_col_size \t\tBIGINT(64) NOT NULL DEFAULT 0,\n\t\tmodify_count \t\tBIGINT(64) NOT NULL DEFAULT 0,\n\t\tversion \t\t\tBIGINT(64) UNSIGNED NOT NULL DEFAULT 0,\n\t\tcm_sketch \t\t\tBLOB(6291456),\n\t\tstats_ver \t\t\tBIGINT(64) NOT NULL DEFAULT 0,\n\t\tflag \t\t\t\tBIGINT(64) NOT NULL DEFAULT 0,\n\t\tcorrelation \t\tDOUBLE NOT NULL DEFAULT 0,\n\t\tlast_analyze_pos \tLONGBLOB DEFAULT NULL,\n\t\tPRIMARY KEY (table_id, is_index, hist_id) CLUSTERED\n\t);"] [user=]
[2026/07/25 00:03:43.876 +08:00] [INFO] [split_region.go:86] ["split batch regions request"] ["split key count"=1] ["batch count"=1] ["first batch, region ID"=16] ["first split key"=748000000000000018]
[2026/07/25 00:03:43.876 +08:00] [INFO] [executor.go:7606] ["system variable tidb_scatter_region not found, use default value"] [category=ddl]
[2026/07/25 00:03:43.877 +08:00] [WARN] [global_controller.go:850] ["[resource group controller] resource group name does not exist"] [name=default]
[2026/07/25 00:03:43.880 +08:00] [WARN] [global_controller.go:850] ["[resource group controller] resource group name does not exist"] [name=default]
[2026/07/25 00:03:43.880 +08:00] [WARN] [global_controller.go:850] ["[resource group controller] resource group name does not exist"] [name=default]
[2026/07/25 00:03:43.884 +08:00] [INFO] [split_region.go:192] ["batch split regions complete"] ["batch region ID"=16] ["first at"=748000000000000018] ["first new region left"="{Id:38 StartKey:7480000000000000FF1600000000000000F8 EndKey:7480000000000000FF1800000000000000F8 RegionEpoch:{ConfVer:1 Version:19} Peers:[id:39 store_id:1 ] EncryptionMeta:<nil> IsInFlashback:false FlashbackStartTs:0}"] ["new region count"=1]
[2026/07/25 00:03:43.884 +08:00] [INFO] [split_region.go:241] ["split regions complete"] ["region count"=1] ["region IDs"="[38]"]
[2026/07/25 00:03:43.884 +08:00] [INFO] [job_submitter.go:118] ["add DDL jobs"] [category=ddl] ["batch count"=1] [jobs="ID:27, Type:create table, State:queueing, SchemaState:none, SchemaID:1, TableID:26, RowCount:0, ArgLen:1, start time: 2026-07-25 00:03:43.878 +0800 CST, Err:<nil>, ErrCount:0, SnapshotVersion:0, Version: v2; "] [fast_create=true]
[2026/07/25 00:03:43.884 +08:00] [INFO] [executor.go:7285] ["DDL job submitted"] [category=ddl] [job="ID:27, Type:create table, State:queueing, SchemaState:none, SchemaID:1, TableID:26, RowCount:0, ArgLen:1, start time: 2026-07-25 00:03:43.878 +0800 CST, Err:<nil>, ErrCount:0, SnapshotVersion:0, Version: v2"] [query="CREATE TABLE IF NOT EXISTS mysql.stats_buckets (\n\t\ttable_id \tBIGINT(64) NOT NULL,\n\t\tis_index \tTINYINT(2) NOT NULL,\n\t\thist_id \tBIGINT(64) NOT NULL,\n\t\tbucket_id \tBIGINT(64) NOT NULL,\n\t\tcount \t\tBIGINT(64) NOT NULL,\n\t\trepeats \tBIGINT(64) NOT NULL,\n\t\tupper_bound LONGBLOB NOT NULL,\n\t\tlower_bound LONGBLOB ,\n\t\tndv         BIGINT NOT NULL DEFAULT 0,\n\t\tPRIMARY KEY (table_id, is_index, hist_id, bucket_id) CLUSTERED\n\t);"]
[2026/07/25 00:03:43.885 +08:00] [WARN] [global_controller.go:850] ["[resource group controller] resource group name does not exist"] [name=default]
[2026/07/25 00:03:43.885 +08:00] [WARN] [global_controller.go:850] ["[resource group controller] resource group name does not exist"] [name=default]
[2026/07/25 00:03:43.885 +08:00] [INFO] [job_worker.go:854] ["run one job step"] [category=ddl] [jobID=27] [job="ID:27, Type:create table, State:queueing, SchemaState:none, SchemaID:1, TableID:26, RowCount:0, ArgLen:0, start time: 2026-07-25 00:03:43.878 +0800 CST, Err:<nil>, ErrCount:0, SnapshotVersion:0, Version: v2"]
[2026/07/25 00:03:43.886 +08:00] [WARN] [global_controller.go:850] ["[resource group controller] resource group name does not exist"] [name=default]
[2026/07/25 00:03:43.886 +08:00] [WARN] [global_controller.go:850] ["[resource group controller] resource group name does not exist"] [name=default]
[2026/07/25 00:03:43.887 +08:00] [WARN] [global_controller.go:850] ["[resource group controller] resource group name does not exist"] [name=default]
[2026/07/25 00:03:43.892 +08:00] [INFO] [loader.go:216] ["diff load InfoSchema success"] [mode=auto] [isV2=true] [currVer=12] [neededVer=13] [gotVer=13] ["elapsed time"=324.542µs] [phyTblIDs="[26]"] [actionTypes="[3]"] [diffTypes="[\"create table\"]"]
[2026/07/25 00:03:43.893 +08:00] [INFO] [syncer.go:258] ["session manager is nil"]
[2026/07/25 00:03:43.897 +08:00] [INFO] [syncer.go:281] ["mdl gets lock, update self version to owner"] [jobID=27] [version=13]
[2026/07/25 00:03:43.905 +08:00] [INFO] [schema_version.go:397] ["wait schema version synced success"] [category=ddl] [ver=13] [checkAssumedSvr=false] ["take time"=13.086ms] [job="ID:27, Type:create table, State:done, SchemaState:public, SchemaID:1, TableID:26, RowCount:0, ArgLen:1, start time: 2026-07-25 00:03:43.878 +0800 CST, Err:<nil>, ErrCount:0, SnapshotVersion:0, Version: v2"] [summary="server count: 1"]
[2026/07/25 00:03:43.906 +08:00] [WARN] [global_controller.go:850] ["[resource group controller] resource group name does not exist"] [name=default]
[2026/07/25 00:03:43.906 +08:00] [WARN] [global_controller.go:850] ["[resource group controller] resource group name does not exist"] [name=default]
[2026/07/25 00:03:43.906 +08:00] [WARN] [global_controller.go:850] ["[resource group controller] resource group name does not exist"] [name=default]
[2026/07/25 00:03:43.906 +08:00] [WARN] [global_controller.go:850] ["[resource group controller] resource group name does not exist"] [name=default]
[2026/07/25 00:03:43.907 +08:00] [WARN] [global_controller.go:850] ["[resource group controller] resource group name does not exist"] [name=default]
[2026/07/25 00:03:43.907 +08:00] [INFO] [job_worker.go:447] ["finish DDL job"] [category=ddl] [jobID=27] [job="ID:27, Type:create table, State:synced, SchemaState:public, SchemaID:1, TableID:26, RowCount:0, ArgLen:0, start time: 2026-07-25 00:03:43.878 +0800 CST, Err:<nil>, ErrCount:0, SnapshotVersion:0, Version: v2"]
[2026/07/25 00:03:43.907 +08:00] [WARN] [global_controller.go:850] ["[resource group controller] resource group name does not exist"] [name=default]
[2026/07/25 00:03:43.908 +08:00] [WARN] [global_controller.go:850] ["[resource group controller] resource group name does not exist"] [name=default]
[2026/07/25 00:03:43.908 +08:00] [WARN] [global_controller.go:850] ["[resource group controller] resource group name does not exist"] [name=default]
[2026/07/25 00:03:43.909 +08:00] [INFO] [executor.go:7423] ["DDL job is finished"] [category=ddl] [jobID=27]
[2026/07/25 00:03:43.909 +08:00] [INFO] [session.go:5229] ["CRUCIAL OPERATION"] [conn=0] [schemaVersion=13] [cur_db=mysql] [sql="CREATE TABLE IF NOT EXISTS mysql.stats_buckets (\n\t\ttable_id \tBIGINT(64) NOT NULL,\n\t\tis_index \tTINYINT(2) NOT NULL,\n\t\thist_id \tBIGINT(64) NOT NULL,\n\t\tbucket_id \tBIGINT(64) NOT NULL,\n\t\tcount \t\tBIGINT(64) NOT NULL,\n\t\trepeats \tBIGINT(64) NOT NULL,\n\t\tupper_bound LONGBLOB NOT NULL,\n\t\tlower_bound LONGBLOB ,\n\t\tndv         BIGINT NOT NULL DEFAULT 0,\n\t\tPRIMARY KEY (table_id, is_index, hist_id, bucket_id) CLUSTERED\n\t);"] [user=]
[2026/07/25 00:03:43.909 +08:00] [INFO] [split_region.go:86] ["split batch regions request"] ["split key count"=1] ["batch count"=1] ["first batch, region ID"=16] ["first split key"=74800000000000001A]
[2026/07/25 00:03:43.909 +08:00] [INFO] [executor.go:7606] ["system variable tidb_scatter_region not found, use default value"] [category=ddl]
[2026/07/25 00:03:43.909 +08:00] [WARN] [global_controller.go:850] ["[resource group controller] resource group name does not exist"] [name=default]
[2026/07/25 00:03:43.913 +08:00] [WARN] [global_controller.go:850] ["[resource group controller] resource group name does not exist"] [name=default]
[2026/07/25 00:03:43.913 +08:00] [WARN] [global_controller.go:850] ["[resource group controller] resource group name does not exist"] [name=default]
[2026/07/25 00:03:43.917 +08:00] [INFO] [split_region.go:192] ["batch split regions complete"] ["batch region ID"=16] ["first at"=74800000000000001A] ["first new region left"="{Id:40 StartKey:7480000000000000FF1800000000000000F8 EndKey:7480000000000000FF1A00000000000000F8 RegionEpoch:{ConfVer:1 Version:20} Peers:[id:41 store_id:1 ] EncryptionMeta:<nil> IsInFlashback:false FlashbackStartTs:0}"] ["new region count"=1]
[2026/07/25 00:03:43.917 +08:00] [INFO] [split_region.go:241] ["split regions complete"] ["region count"=1] ["region IDs"="[40]"]
[2026/07/25 00:03:43.917 +08:00] [INFO] [job_submitter.go:118] ["add DDL jobs"] [category=ddl] ["batch count"=1] [jobs="ID:29, Type:create table, State:queueing, SchemaState:none, SchemaID:1, TableID:28, RowCount:0, ArgLen:1, start time: 2026-07-25 00:03:43.878 +0800 CST, Err:<nil>, ErrCount:0, SnapshotVersion:0, Version: v2; "] [fast_create=true]
[2026/07/25 00:03:43.917 +08:00] [INFO] [executor.go:7285] ["DDL job submitted"] [category=ddl] [job="ID:29, Type:create table, State:queueing, SchemaState:none, SchemaID:1, TableID:28, RowCount:0, ArgLen:1, start time: 2026-07-25 00:03:43.878 +0800 CST, Err:<nil>, ErrCount:0, SnapshotVersion:0, Version: v2"] [query="CREATE TABLE IF NOT EXISTS mysql.gc_delete_range (\n\t\tjob_id \t\tBIGINT NOT NULL COMMENT \"the DDL job ID\",\n\t\telement_id \tBIGINT NOT NULL COMMENT \"the schema element ID\",\n\t\tstart_key \tVARCHAR(255) NOT NULL COMMENT \"encoded in hex\",\n\t\tend_key \tVARCHAR(255) NOT NULL COMMENT \"encoded in hex\",\n\t\tts \t\t\tBIGINT NOT NULL COMMENT \"timestamp in uint64\",\n\t\tUNIQUE KEY delete_range_index (job_id, element_id)\n\t);"]
[2026/07/25 00:03:43.918 +08:00] [WARN] [global_controller.go:850] ["[resource group controller] resource group name does not exist"] [name=default]
[2026/07/25 00:03:43.918 +08:00] [WARN] [global_controller.go:850] ["[resource group controller] resource group name does not exist"] [name=default]
[2026/07/25 00:03:43.918 +08:00] [INFO] [job_worker.go:854] ["run one job step"] [category=ddl] [jobID=29] [job="ID:29, Type:create table, State:queueing, SchemaState:none, SchemaID:1, TableID:28, RowCount:0, ArgLen:0, start time: 2026-07-25 00:03:43.878 +0800 CST, Err:<nil>, ErrCount:0, SnapshotVersion:0, Version: v2"]
[2026/07/25 00:03:43.919 +08:00] [WARN] [global_controller.go:850] ["[resource group controller] resource group name does not exist"] [name=default]
[2026/07/25 00:03:43.920 +08:00] [WARN] [global_controller.go:850] ["[resource group controller] resource group name does not exist"] [name=default]
[2026/07/25 00:03:43.920 +08:00] [WARN] [global_controller.go:850] ["[resource group controller] resource group name does not exist"] [name=default]
[2026/07/25 00:03:43.925 +08:00] [INFO] [loader.go:216] ["diff load InfoSchema success"] [mode=auto] [isV2=true] [currVer=13] [neededVer=14] [gotVer=14] ["elapsed time"=282.083µs] [phyTblIDs="[28]"] [actionTypes="[3]"] [diffTypes="[\"create table\"]"]
[2026/07/25 00:03:43.926 +08:00] [INFO] [syncer.go:258] ["session manager is nil"]
[2026/07/25 00:03:43.926 +08:00] [INFO] [syncer.go:281] ["mdl gets lock, update self version to owner"] [jobID=29] [version=14]
[2026/07/25 00:03:43.931 +08:00] [INFO] [schema_version.go:397] ["wait schema version synced success"] [category=ddl] [ver=14] [checkAssumedSvr=false] ["take time"=5.839ms] [job="ID:29, Type:create table, State:done, SchemaState:public, SchemaID:1, TableID:28, RowCount:0, ArgLen:1, start time: 2026-07-25 00:03:43.878 +0800 CST, Err:<nil>, ErrCount:0, SnapshotVersion:0, Version: v2"] [summary="server count: 1"]
[2026/07/25 00:03:43.931 +08:00] [WARN] [global_controller.go:850] ["[resource group controller] resource group name does not exist"] [name=default]
[2026/07/25 00:03:43.932 +08:00] [WARN] [global_controller.go:850] ["[resource group controller] resource group name does not exist"] [name=default]
[2026/07/25 00:03:43.932 +08:00] [WARN] [global_controller.go:850] ["[resource group controller] resource group name does not exist"] [name=default]
[2026/07/25 00:03:43.932 +08:00] [WARN] [global_controller.go:850] ["[resource group controller] resource group name does not exist"] [name=default]
[2026/07/25 00:03:43.932 +08:00] [WARN] [global_controller.go:850] ["[resource group controller] resource group name does not exist"] [name=default]
[2026/07/25 00:03:43.932 +08:00] [INFO] [job_worker.go:447] ["finish DDL job"] [category=ddl] [jobID=29] [job="ID:29, Type:create table, State:synced, SchemaState:public, SchemaID:1, TableID:28, RowCount:0, ArgLen:0, start time: 2026-07-25 00:03:43.878 +0800 CST, Err:<nil>, ErrCount:0, SnapshotVersion:0, Version: v2"]
[2026/07/25 00:03:43.933 +08:00] [WARN] [global_controller.go:850] ["[resource group controller] resource group name does not exist"] [name=default]
[2026/07/25 00:03:43.934 +08:00] [WARN] [global_controller.go:850] ["[resource group controller] resource group name does not exist"] [name=default]
[2026/07/25 00:03:43.934 +08:00] [WARN] [global_controller.go:850] ["[resource group controller] resource group name does not exist"] [name=default]
[2026/07/25 00:03:43.934 +08:00] [INFO] [executor.go:7423] ["DDL job is finished"] [category=ddl] [jobID=29]
[2026/07/25 00:03:43.934 +08:00] [INFO] [session.go:5229] ["CRUCIAL OPERATION"] [conn=0] [schemaVersion=14] [cur_db=mysql] [sql="CREATE TABLE IF NOT EXISTS mysql.gc_delete_range (\n\t\tjob_id \t\tBIGINT NOT NULL COMMENT \"the DDL job ID\",\n\t\telement_id \tBIGINT NOT NULL COMMENT \"the schema element ID\",\n\t\tstart_key \tVARCHAR(255) NOT NULL COMMENT \"encoded in hex\",\n\t\tend_key \tVARCHAR(255) NOT NULL COMMENT \"encoded in hex\",\n\t\tts \t\t\tBIGINT NOT NULL COMMENT \"timestamp in uint64\",\n\t\tUNIQUE KEY delete_range_index (job_id, element_id)\n\t);"] [user=]
[2026/07/25 00:03:43.934 +08:00] [INFO] [split_region.go:86] ["split batch regions request"] ["split key count"=1] ["batch count"=1] ["first batch, region ID"=16] ["first split key"=74800000000000001C]
[2026/07/25 00:03:43.935 +08:00] [INFO] [executor.go:7606] ["system variable tidb_scatter_region not found, use default value"] [category=ddl]
[2026/07/25 00:03:43.935 +08:00] [WARN] [global_controller.go:850] ["[resource group controller] resource group name does not exist"] [name=default]
[2026/07/25 00:03:43.939 +08:00] [WARN] [global_controller.go:850] ["[resource group controller] resource group name does not exist"] [name=default]
[2026/07/25 00:03:43.939 +08:00] [WARN] [global_controller.go:850] ["[resource group controller] resource group name does not exist"] [name=default]
[2026/07/25 00:03:43.943 +08:00] [INFO] [split_region.go:192] ["batch split regions complete"] ["batch region ID"=16] ["first at"=74800000000000001C] ["first new region left"="{Id:42 StartKey:7480000000000000FF1A00000000000000F8 EndKey:7480000000000000FF1C00000000000000F8 RegionEpoch:{ConfVer:1 Version:21} Peers:[id:43 store_id:1 ] EncryptionMeta:<nil> IsInFlashback:false FlashbackStartTs:0}"] ["new region count"=1]
[2026/07/25 00:03:43.943 +08:00] [INFO] [split_region.go:241] ["split regions complete"] ["region count"=1] ["region IDs"="[42]"]
[2026/07/25 00:03:43.944 +08:00] [INFO] [job_submitter.go:118] ["add DDL jobs"] [category=ddl] ["batch count"=1] [jobs="ID:31, Type:create table, State:queueing, SchemaState:none, SchemaID:1, TableID:30, RowCount:0, ArgLen:1, start time: 2026-07-25 00:03:43.928 +0800 CST, Err:<nil>, ErrCount:0, SnapshotVersion:0, Version: v2; "] [fast_create=true]
[2026/07/25 00:03:43.944 +08:00] [INFO] [executor.go:7285] ["DDL job submitted"] [category=ddl] [job="ID:31, Type:create table, State:queueing, SchemaState:none, SchemaID:1, TableID:30, RowCount:0, ArgLen:1, start time: 2026-07-25 00:03:43.928 +0800 CST, Err:<nil>, ErrCount:0, SnapshotVersion:0, Version: v2"] [query="CREATE TABLE IF NOT EXISTS mysql.gc_delete_range_done (\n\t\tjob_id \t\tBIGINT NOT NULL COMMENT \"the DDL job ID\",\n\t\telement_id \tBIGINT NOT NULL COMMENT \"the schema element ID\",\n\t\tstart_key \tVARCHAR(255) NOT NULL COMMENT \"encoded in hex\",\n\t\tend_key \tVARCHAR(255) NOT NULL COMMENT \"encoded in hex\",\n\t\tts \t\t\tBIGINT NOT NULL COMMENT \"timestamp in uint64\",\n\t\tUNIQUE KEY delete_range_done_index (job_id, element_id)\n\t);"]
[2026/07/25 00:03:43.944 +08:00] [WARN] [global_controller.go:850] ["[resource group controller] resource group name does not exist"] [name=default]
[2026/07/25 00:03:43.944 +08:00] [WARN] [global_controller.go:850] ["[resource group controller] resource group name does not exist"] [name=default]
[2026/07/25 00:03:43.944 +08:00] [INFO] [job_worker.go:854] ["run one job step"] [category=ddl] [jobID=31] [job="ID:31, Type:create table, State:queueing, SchemaState:none, SchemaID:1, TableID:30, RowCount:0, ArgLen:0, start time: 2026-07-25 00:03:43.928 +0800 CST, Err:<nil>, ErrCount:0, SnapshotVersion:0, Version: v2"]
[2026/07/25 00:03:43.945 +08:00] [WARN] [global_controller.go:850] ["[resource group controller] resource group name does not exist"] [name=default]
[2026/07/25 00:03:43.945 +08:00] [WARN] [global_controller.go:850] ["[resource group controller] resource group name does not exist"] [name=default]
[2026/07/25 00:03:43.946 +08:00] [WARN] [global_controller.go:850] ["[resource group controller] resource group name does not exist"] [name=default]
[2026/07/25 00:03:43.952 +08:00] [INFO] [loader.go:216] ["diff load InfoSchema success"] [mode=auto] [isV2=true] [currVer=14] [neededVer=15] [gotVer=15] ["elapsed time"=317.708µs] [phyTblIDs="[30]"] [actionTypes="[3]"] [diffTypes="[\"create table\"]"]
[2026/07/25 00:03:43.952 +08:00] [INFO] [syncer.go:258] ["session manager is nil"]
[2026/07/25 00:03:43.952 +08:00] [INFO] [syncer.go:281] ["mdl gets lock, update self version to owner"] [jobID=31] [version=15]
[2026/07/25 00:03:43.957 +08:00] [INFO] [schema_version.go:397] ["wait schema version synced success"] [category=ddl] [ver=15] [checkAssumedSvr=false] ["take time"=5.8375ms] [job="ID:31, Type:create table, State:done, SchemaState:public, SchemaID:1, TableID:30, RowCount:0, ArgLen:1, start time: 2026-07-25 00:03:43.928 +0800 CST, Err:<nil>, ErrCount:0, SnapshotVersion:0, Version: v2"] [summary="server count: 1"]
[2026/07/25 00:03:43.957 +08:00] [WARN] [global_controller.go:850] ["[resource group controller] resource group name does not exist"] [name=default]
[2026/07/25 00:03:43.958 +08:00] [WARN] [global_controller.go:850] ["[resource group controller] resource group name does not exist"] [name=default]
[2026/07/25 00:03:43.958 +08:00] [WARN] [global_controller.go:850] ["[resource group controller] resource group name does not exist"] [name=default]
[2026/07/25 00:03:43.958 +08:00] [WARN] [global_controller.go:850] ["[resource group controller] resource group name does not exist"] [name=default]
[2026/07/25 00:03:43.958 +08:00] [WARN] [global_controller.go:850] ["[resource group controller] resource group name does not exist"] [name=default]
[2026/07/25 00:03:43.958 +08:00] [INFO] [job_worker.go:447] ["finish DDL job"] [category=ddl] [jobID=31] [job="ID:31, Type:create table, State:synced, SchemaState:public, SchemaID:1, TableID:30, RowCount:0, ArgLen:0, start time: 2026-07-25 00:03:43.928 +0800 CST, Err:<nil>, ErrCount:0, SnapshotVersion:0, Version: v2"]
[2026/07/25 00:03:43.959 +08:00] [WARN] [global_controller.go:850] ["[resource group controller] resource group name does not exist"] [name=default]
[2026/07/25 00:03:43.960 +08:00] [WARN] [global_controller.go:850] ["[resource group controller] resource group name does not exist"] [name=default]
[2026/07/25 00:03:43.960 +08:00] [INFO] [executor.go:7423] ["DDL job is finished"] [category=ddl] [jobID=31]
[2026/07/25 00:03:43.960 +08:00] [WARN] [global_controller.go:850] ["[resource group controller] resource group name does not exist"] [name=default]
[2026/07/25 00:03:43.960 +08:00] [INFO] [session.go:5229] ["CRUCIAL OPERATION"] [conn=0] [schemaVersion=15] [cur_db=mysql] [sql="CREATE TABLE IF NOT EXISTS mysql.gc_delete_range_done (\n\t\tjob_id \t\tBIGINT NOT NULL COMMENT \"the DDL job ID\",\n\t\telement_id \tBIGINT NOT NULL COMMENT \"the schema element ID\",\n\t\tstart_key \tVARCHAR(255) NOT NULL COMMENT \"encoded in hex\",\n\t\tend_key \tVARCHAR(255) NOT NULL COMMENT \"encoded in hex\",\n\t\tts \t\t\tBIGINT NOT NULL COMMENT \"timestamp in uint64\",\n\t\tUNIQUE KEY delete_range_done_index (job_id, element_id)\n\t);"] [user=]
[2026/07/25 00:03:43.960 +08:00] [INFO] [split_region.go:86] ["split batch regions request"] ["split key count"=1] ["batch count"=1] ["first batch, region ID"=16] ["first split key"=74800000000000001E]
[2026/07/25 00:03:43.960 +08:00] [INFO] [executor.go:7606] ["system variable tidb_scatter_region not found, use default value"] [category=ddl]
[2026/07/25 00:03:43.961 +08:00] [WARN] [global_controller.go:850] ["[resource group controller] resource group name does not exist"] [name=default]
[2026/07/25 00:03:43.965 +08:00] [WARN] [global_controller.go:850] ["[resource group controller] resource group name does not exist"] [name=default]
[2026/07/25 00:03:43.965 +08:00] [WARN] [global_controller.go:850] ["[resource group controller] resource group name does not exist"] [name=default]
[2026/07/25 00:03:43.969 +08:00] [INFO] [split_region.go:192] ["batch split regions complete"] ["batch region ID"=16] ["first at"=74800000000000001E] ["first new region left"="{Id:44 StartKey:7480000000000000FF1C00000000000000F8 EndKey:7480000000000000FF1E00000000000000F8 RegionEpoch:{ConfVer:1 Version:22} Peers:[id:45 store_id:1 ] EncryptionMeta:<nil> IsInFlashback:false FlashbackStartTs:0}"] ["new region count"=1]
[2026/07/25 00:03:43.969 +08:00] [INFO] [split_region.go:241] ["split regions complete"] ["region count"=1] ["region IDs"="[44]"]
[2026/07/25 00:03:43.969 +08:00] [INFO] [job_submitter.go:118] ["add DDL jobs"] [category=ddl] ["batch count"=1] [jobs="ID:33, Type:create table, State:queueing, SchemaState:none, SchemaID:1, TableID:32, RowCount:0, ArgLen:1, start time: 2026-07-25 00:03:43.928 +0800 CST, Err:<nil>, ErrCount:0, SnapshotVersion:0, Version: v2; "] [fast_create=true]
[2026/07/25 00:03:43.969 +08:00] [INFO] [executor.go:7285] ["DDL job submitted"] [category=ddl] [job="ID:33, Type:create table, State:queueing, SchemaState:none, SchemaID:1, TableID:32, RowCount:0, ArgLen:1, start time: 2026-07-25 00:03:43.928 +0800 CST, Err:<nil>, ErrCount:0, SnapshotVersion:0, Version: v2"] [query="CREATE TABLE IF NOT EXISTS mysql.stats_feedback (\n\t\ttable_id \tBIGINT(64) NOT NULL,\n\t\tis_index \tTINYINT(2) NOT NULL,\n\t\thist_id \tBIGINT(64) NOT NULL,\n\t\tfeedback \tBLOB NOT NULL,\n\t\tINDEX hist(table_id, is_index, hist_id)\n\t);"]
[2026/07/25 00:03:43.970 +08:00] [WARN] [global_controller.go:850] ["[resource group controller] resource group name does not exist"] [name=default]
[2026/07/25 00:03:43.970 +08:00] [WARN] [global_controller.go:850] ["[resource group controller] resource group name does not exist"] [name=default]
[2026/07/25 00:03:43.970 +08:00] [INFO] [job_worker.go:854] ["run one job step"] [category=ddl] [jobID=33] [job="ID:33, Type:create table, State:queueing, SchemaState:none, SchemaID:1, TableID:32, RowCount:0, ArgLen:0, start time: 2026-07-25 00:03:43.928 +0800 CST, Err:<nil>, ErrCount:0, SnapshotVersion:0, Version: v2"]
[2026/07/25 00:03:43.971 +08:00] [WARN] [global_controller.go:850] ["[resource group controller] resource group name does not exist"] [name=default]
[2026/07/25 00:03:43.971 +08:00] [WARN] [global_controller.go:850] ["[resource group controller] resource group name does not exist"] [name=default]
[2026/07/25 00:03:43.972 +08:00] [WARN] [global_controller.go:850] ["[resource group controller] resource group name does not exist"] [name=default]
[2026/07/25 00:03:43.978 +08:00] [INFO] [loader.go:216] ["diff load InfoSchema success"] [mode=auto] [isV2=true] [currVer=15] [neededVer=16] [gotVer=16] ["elapsed time"=345.583µs] [phyTblIDs="[32]"] [actionTypes="[3]"] [diffTypes="[\"create table\"]"]
[2026/07/25 00:03:43.978 +08:00] [INFO] [syncer.go:258] ["session manager is nil"]
[2026/07/25 00:03:43.978 +08:00] [INFO] [syncer.go:281] ["mdl gets lock, update self version to owner"] [jobID=33] [version=16]
[2026/07/25 00:03:43.983 +08:00] [INFO] [schema_version.go:397] ["wait schema version synced success"] [category=ddl] [ver=16] [checkAssumedSvr=false] ["take time"=5.851792ms] [job="ID:33, Type:create table, State:done, SchemaState:public, SchemaID:1, TableID:32, RowCount:0, ArgLen:1, start time: 2026-07-25 00:03:43.928 +0800 CST, Err:<nil>, ErrCount:0, SnapshotVersion:0, Version: v2"] [summary="server count: 1"]
[2026/07/25 00:03:43.983 +08:00] [WARN] [global_controller.go:850] ["[resource group controller] resource group name does not exist"] [name=default]
[2026/07/25 00:03:43.984 +08:00] [WARN] [global_controller.go:850] ["[resource group controller] resource group name does not exist"] [name=default]
[2026/07/25 00:03:43.984 +08:00] [WARN] [global_controller.go:850] ["[resource group controller] resource group name does not exist"] [name=default]
[2026/07/25 00:03:43.984 +08:00] [WARN] [global_controller.go:850] ["[resource group controller] resource group name does not exist"] [name=default]
[2026/07/25 00:03:43.984 +08:00] [WARN] [global_controller.go:850] ["[resource group controller] resource group name does not exist"] [name=default]
[2026/07/25 00:03:43.984 +08:00] [INFO] [job_worker.go:447] ["finish DDL job"] [category=ddl] [jobID=33] [job="ID:33, Type:create table, State:synced, SchemaState:public, SchemaID:1, TableID:32, RowCount:0, ArgLen:0, start time: 2026-07-25 00:03:43.928 +0800 CST, Err:<nil>, ErrCount:0, SnapshotVersion:0, Version: v2"]
[2026/07/25 00:03:43.984 +08:00] [WARN] [global_controller.go:850] ["[resource group controller] resource group name does not exist"] [name=default]
[2026/07/25 00:03:43.986 +08:00] [WARN] [global_controller.go:850] ["[resource group controller] resource group name does not exist"] [name=default]
[2026/07/25 00:03:43.986 +08:00] [WARN] [global_controller.go:850] ["[resource group controller] resource group name does not exist"] [name=default]
[2026/07/25 00:03:43.986 +08:00] [INFO] [executor.go:7423] ["DDL job is finished"] [category=ddl] [jobID=33]
[2026/07/25 00:03:43.986 +08:00] [INFO] [session.go:5229] ["CRUCIAL OPERATION"] [conn=0] [schemaVersion=16] [cur_db=mysql] [sql="CREATE TABLE IF NOT EXISTS mysql.stats_feedback (\n\t\ttable_id \tBIGINT(64) NOT NULL,\n\t\tis_index \tTINYINT(2) NOT NULL,\n\t\thist_id \tBIGINT(64) NOT NULL,\n\t\tfeedback \tBLOB NOT NULL,\n\t\tINDEX hist(table_id, is_index, hist_id)\n\t);"] [user=]
[2026/07/25 00:03:43.986 +08:00] [INFO] [split_region.go:86] ["split batch regions request"] ["split key count"=1] ["batch count"=1] ["first batch, region ID"=16] ["first split key"=748000000000000020]
[2026/07/25 00:03:43.986 +08:00] [INFO] [executor.go:7606] ["system variable tidb_scatter_region not found, use default value"] [category=ddl]
[2026/07/25 00:03:43.987 +08:00] [WARN] [global_controller.go:850] ["[resource group controller] resource group name does not exist"] [name=default]
[2026/07/25 00:03:43.991 +08:00] [WARN] [global_controller.go:850] ["[resource group controller] resource group name does not exist"] [name=default]
[2026/07/25 00:03:43.991 +08:00] [WARN] [global_controller.go:850] ["[resource group controller] resource group name does not exist"] [name=default]
[2026/07/25 00:03:43.995 +08:00] [INFO] [split_region.go:192] ["batch split regions complete"] ["batch region ID"=16] ["first at"=748000000000000020] ["first new region left"="{Id:46 StartKey:7480000000000000FF1E00000000000000F8 EndKey:7480000000000000FF2000000000000000F8 RegionEpoch:{ConfVer:1 Version:23} Peers:[id:47 store_id:1 ] EncryptionMeta:<nil> IsInFlashback:false FlashbackStartTs:0}"] ["new region count"=1]
[2026/07/25 00:03:43.995 +08:00] [INFO] [split_region.go:241] ["split regions complete"] ["region count"=1] ["region IDs"="[46]"]
[2026/07/25 00:03:43.996 +08:00] [INFO] [job_submitter.go:118] ["add DDL jobs"] [category=ddl] ["batch count"=1] [jobs="ID:35, Type:create table, State:queueing, SchemaState:none, SchemaID:1, TableID:34, RowCount:0, ArgLen:1, start time: 2026-07-25 00:03:43.978 +0800 CST, Err:<nil>, ErrCount:0, SnapshotVersion:0, Version: v2; "] [fast_create=true]
[2026/07/25 00:03:43.996 +08:00] [INFO] [executor.go:7285] ["DDL job submitted"] [category=ddl] [job="ID:35, Type:create table, State:queueing, SchemaState:none, SchemaID:1, TableID:34, RowCount:0, ArgLen:1, start time: 2026-07-25 00:03:43.978 +0800 CST, Err:<nil>, ErrCount:0, SnapshotVersion:0, Version: v2"] [query="CREATE TABLE IF NOT EXISTS mysql.role_edges (\n\t\tFROM_HOST \t\t\tCHAR(60) COLLATE utf8_bin NOT NULL DEFAULT '',\n\t\tFROM_USER \t\t\tCHAR(32) COLLATE utf8_bin NOT NULL DEFAULT '',\n\t\tTO_HOST \t\t\tCHAR(60) COLLATE utf8_bin NOT NULL DEFAULT '',\n\t\tTO_USER \t\t\tCHAR(32) COLLATE utf8_bin NOT NULL DEFAULT '',\n\t\tWITH_ADMIN_OPTION \tENUM('N','Y') CHARACTER SET utf8 COLLATE utf8_general_ci NOT NULL DEFAULT 'N',\n\t\tPRIMARY KEY (FROM_HOST,FROM_USER,TO_HOST,TO_USER)\n\t);"]
[2026/07/25 00:03:43.996 +08:00] [WARN] [global_controller.go:850] ["[resource group controller] resource group name does not exist"] [name=default]
[2026/07/25 00:03:43.996 +08:00] [WARN] [global_controller.go:850] ["[resource group controller] resource group name does not exist"] [name=default]
[2026/07/25 00:03:43.997 +08:00] [INFO] [job_worker.go:854] ["run one job step"] [category=ddl] [jobID=35] [job="ID:35, Type:create table, State:queueing, SchemaState:none, SchemaID:1, TableID:34, RowCount:0, ArgLen:0, start time: 2026-07-25 00:03:43.978 +0800 CST, Err:<nil>, ErrCount:0, SnapshotVersion:0, Version: v2"]
[2026/07/25 00:03:43.998 +08:00] [WARN] [global_controller.go:850] ["[resource group controller] resource group name does not exist"] [name=default]
[2026/07/25 00:03:43.998 +08:00] [WARN] [global_controller.go:850] ["[resource group controller] resource group name does not exist"] [name=default]
[2026/07/25 00:03:43.998 +08:00] [WARN] [global_controller.go:850] ["[resource group controller] resource group name does not exist"] [name=default]
[2026/07/25 00:03:44.015 +08:00] [INFO] [loader.go:216] ["diff load InfoSchema success"] [mode=auto] [isV2=true] [currVer=16] [neededVer=17] [gotVer=17] ["elapsed time"=390.208µs] [phyTblIDs="[34]"] [actionTypes="[3]"] [diffTypes="[\"create table\"]"]
[2026/07/25 00:03:44.015 +08:00] [INFO] [syncer.go:258] ["session manager is nil"]
[2026/07/25 00:03:44.015 +08:00] [INFO] [syncer.go:281] ["mdl gets lock, update self version to owner"] [jobID=35] [version=17]
[2026/07/25 00:03:44.022 +08:00] [INFO] [schema_version.go:397] ["wait schema version synced success"] [category=ddl] [ver=17] [checkAssumedSvr=false] ["take time"=7.892792ms] [job="ID:35, Type:create table, State:done, SchemaState:public, SchemaID:1, TableID:34, RowCount:0, ArgLen:1, start time: 2026-07-25 00:03:43.978 +0800 CST, Err:<nil>, ErrCount:0, SnapshotVersion:0, Version: v2"] [summary="server count: 1"]
[2026/07/25 00:03:44.023 +08:00] [WARN] [global_controller.go:850] ["[resource group controller] resource group name does not exist"] [name=default]
[2026/07/25 00:03:44.023 +08:00] [WARN] [global_controller.go:850] ["[resource group controller] resource group name does not exist"] [name=default]
[2026/07/25 00:03:44.023 +08:00] [WARN] [global_controller.go:850] ["[resource group controller] resource group name does not exist"] [name=default]
[2026/07/25 00:03:44.024 +08:00] [WARN] [global_controller.go:850] ["[resource group controller] resource group name does not exist"] [name=default]
[2026/07/25 00:03:44.024 +08:00] [WARN] [global_controller.go:850] ["[resource group controller] resource group name does not exist"] [name=default]
[2026/07/25 00:03:44.024 +08:00] [INFO] [job_worker.go:447] ["finish DDL job"] [category=ddl] [jobID=35] [job="ID:35, Type:create table, State:synced, SchemaState:public, SchemaID:1, TableID:34, RowCount:0, ArgLen:0, start time: 2026-07-25 00:03:43.978 +0800 CST, Err:<nil>, ErrCount:0, SnapshotVersion:0, Version: v2"]
[2026/07/25 00:03:44.024 +08:00] [WARN] [global_controller.go:850] ["[resource group controller] resource group name does not exist"] [name=default]
[2026/07/25 00:03:44.026 +08:00] [WARN] [global_controller.go:850] ["[resource group controller] resource group name does not exist"] [name=default]
[2026/07/25 00:03:44.026 +08:00] [INFO] [executor.go:7423] ["DDL job is finished"] [category=ddl] [jobID=35]
[2026/07/25 00:03:44.026 +08:00] [WARN] [global_controller.go:850] ["[resource group controller] resource group name does not exist"] [name=default]
[2026/07/25 00:03:44.026 +08:00] [INFO] [split_region.go:86] ["split batch regions request"] ["split key count"=1] ["batch count"=1] ["first batch, region ID"=16] ["first split key"=748000000000000022]
[2026/07/25 00:03:44.026 +08:00] [INFO] [session.go:5229] ["CRUCIAL OPERATION"] [conn=0] [schemaVersion=17] [cur_db=mysql] [sql="CREATE TABLE IF NOT EXISTS mysql.role_edges (\n\t\tFROM_HOST \t\t\tCHAR(60) COLLATE utf8_bin NOT NULL DEFAULT '',\n\t\tFROM_USER \t\t\tCHAR(32) COLLATE utf8_bin NOT NULL DEFAULT '',\n\t\tTO_HOST \t\t\tCHAR(60) COLLATE utf8_bin NOT NULL DEFAULT '',\n\t\tTO_USER \t\t\tCHAR(32) COLLATE utf8_bin NOT NULL DEFAULT '',\n\t\tWITH_ADMIN_OPTION \tENUM('N','Y') CHARACTER SET utf8 COLLATE utf8_general_ci NOT NULL DEFAULT 'N',\n\t\tPRIMARY KEY (FROM_HOST,FROM_USER,TO_HOST,TO_USER)\n\t);"] [user=]
[2026/07/25 00:03:44.027 +08:00] [INFO] [executor.go:7606] ["system variable tidb_scatter_region not found, use default value"] [category=ddl]
[2026/07/25 00:03:44.027 +08:00] [WARN] [global_controller.go:850] ["[resource group controller] resource group name does not exist"] [name=default]
[2026/07/25 00:03:44.031 +08:00] [WARN] [global_controller.go:850] ["[resource group controller] resource group name does not exist"] [name=default]
[2026/07/25 00:03:44.031 +08:00] [WARN] [global_controller.go:850] ["[resource group controller] resource group name does not exist"] [name=default]
[2026/07/25 00:03:44.035 +08:00] [INFO] [split_region.go:192] ["batch split regions complete"] ["batch region ID"=16] ["first at"=748000000000000022] ["first new region left"="{Id:48 StartKey:7480000000000000FF2000000000000000F8 EndKey:7480000000000000FF2200000000000000F8 RegionEpoch:{ConfVer:1 Version:24} Peers:[id:49 store_id:1 ] EncryptionMeta:<nil> IsInFlashback:false FlashbackStartTs:0}"] ["new region count"=1]
[2026/07/25 00:03:44.035 +08:00] [INFO] [split_region.go:241] ["split regions complete"] ["region count"=1] ["region IDs"="[48]"]
[2026/07/25 00:03:44.036 +08:00] [INFO] [job_submitter.go:118] ["add DDL jobs"] [category=ddl] ["batch count"=1] [jobs="ID:37, Type:create table, State:queueing, SchemaState:none, SchemaID:1, TableID:36, RowCount:0, ArgLen:1, start time: 2026-07-25 00:03:44.028 +0800 CST, Err:<nil>, ErrCount:0, SnapshotVersion:0, Version: v2; "] [fast_create=true]
[2026/07/25 00:03:44.036 +08:00] [INFO] [executor.go:7285] ["DDL job submitted"] [category=ddl] [job="ID:37, Type:create table, State:queueing, SchemaState:none, SchemaID:1, TableID:36, RowCount:0, ArgLen:1, start time: 2026-07-25 00:03:44.028 +0800 CST, Err:<nil>, ErrCount:0, SnapshotVersion:0, Version: v2"] [query="CREATE TABLE IF NOT EXISTS mysql.default_roles (\n\t\tHOST \t\t\t\tCHAR(60) COLLATE utf8_bin NOT NULL DEFAULT '',\n\t\tUSER \t\t\t\tCHAR(32) COLLATE utf8_bin NOT NULL DEFAULT '',\n\t\tDEFAULT_ROLE_HOST \tCHAR(60) COLLATE utf8_bin NOT NULL DEFAULT '%',\n\t\tDEFAULT_ROLE_USER \tCHAR(32) COLLATE utf8_bin NOT NULL DEFAULT '',\n\t\tPRIMARY KEY (HOST,USER,DEFAULT_ROLE_HOST,DEFAULT_ROLE_USER),\n\t\tKEY i_user (USER))"]
[2026/07/25 00:03:44.036 +08:00] [WARN] [global_controller.go:850] ["[resource group controller] resource group name does not exist"] [name=default]
[2026/07/25 00:03:44.036 +08:00] [WARN] [global_controller.go:850] ["[resource group controller] resource group name does not exist"] [name=default]
[2026/07/25 00:03:44.036 +08:00] [INFO] [job_worker.go:854] ["run one job step"] [category=ddl] [jobID=37] [job="ID:37, Type:create table, State:queueing, SchemaState:none, SchemaID:1, TableID:36, RowCount:0, ArgLen:0, start time: 2026-07-25 00:03:44.028 +0800 CST, Err:<nil>, ErrCount:0, SnapshotVersion:0, Version: v2"]
[2026/07/25 00:03:44.037 +08:00] [WARN] [global_controller.go:850] ["[resource group controller] resource group name does not exist"] [name=default]
[2026/07/25 00:03:44.038 +08:00] [WARN] [global_controller.go:850] ["[resource group controller] resource group name does not exist"] [name=default]
[2026/07/25 00:03:44.038 +08:00] [WARN] [global_controller.go:850] ["[resource group controller] resource group name does not exist"] [name=default]
[2026/07/25 00:03:44.044 +08:00] [INFO] [loader.go:216] ["diff load InfoSchema success"] [mode=auto] [isV2=true] [currVer=17] [neededVer=18] [gotVer=18] ["elapsed time"=297.417µs] [phyTblIDs="[36]"] [actionTypes="[3]"] [diffTypes="[\"create table\"]"]
[2026/07/25 00:03:44.044 +08:00] [INFO] [syncer.go:258] ["session manager is nil"]
[2026/07/25 00:03:44.044 +08:00] [INFO] [syncer.go:281] ["mdl gets lock, update self version to owner"] [jobID=37] [version=18]
[2026/07/25 00:03:44.049 +08:00] [INFO] [schema_version.go:397] ["wait schema version synced success"] [category=ddl] [ver=18] [checkAssumedSvr=false] ["take time"=5.833625ms] [job="ID:37, Type:create table, State:done, SchemaState:public, SchemaID:1, TableID:36, RowCount:0, ArgLen:1, start time: 2026-07-25 00:03:44.028 +0800 CST, Err:<nil>, ErrCount:0, SnapshotVersion:0, Version: v2"] [summary="server count: 1"]
[2026/07/25 00:03:44.049 +08:00] [WARN] [global_controller.go:850] ["[resource group controller] resource group name does not exist"] [name=default]
[2026/07/25 00:03:44.050 +08:00] [WARN] [global_controller.go:850] ["[resource group controller] resource group name does not exist"] [name=default]
[2026/07/25 00:03:44.050 +08:00] [WARN] [global_controller.go:850] ["[resource group controller] resource group name does not exist"] [name=default]
[2026/07/25 00:03:44.050 +08:00] [WARN] [global_controller.go:850] ["[resource group controller] resource group name does not exist"] [name=default]
[2026/07/25 00:03:44.050 +08:00] [WARN] [global_controller.go:850] ["[resource group controller] resource group name does not exist"] [name=default]
[2026/07/25 00:03:44.050 +08:00] [INFO] [job_worker.go:447] ["finish DDL job"] [category=ddl] [jobID=37] [job="ID:37, Type:create table, State:synced, SchemaState:public, SchemaID:1, TableID:36, RowCount:0, ArgLen:0, start time: 2026-07-25 00:03:44.028 +0800 CST, Err:<nil>, ErrCount:0, SnapshotVersion:0, Version: v2"]
[2026/07/25 00:03:44.050 +08:00] [WARN] [global_controller.go:850] ["[resource group controller] resource group name does not exist"] [name=default]
[2026/07/25 00:03:44.052 +08:00] [WARN] [global_controller.go:850] ["[resource group controller] resource group name does not exist"] [name=default]
[2026/07/25 00:03:44.052 +08:00] [WARN] [global_controller.go:850] ["[resource group controller] resource group name does not exist"] [name=default]
[2026/07/25 00:03:44.052 +08:00] [INFO] [executor.go:7423] ["DDL job is finished"] [category=ddl] [jobID=37]
[2026/07/25 00:03:44.052 +08:00] [INFO] [session.go:5229] ["CRUCIAL OPERATION"] [conn=0] [schemaVersion=18] [cur_db=mysql] [sql="CREATE TABLE IF NOT EXISTS mysql.default_roles (\n\t\tHOST \t\t\t\tCHAR(60) COLLATE utf8_bin NOT NULL DEFAULT '',\n\t\tUSER \t\t\t\tCHAR(32) COLLATE utf8_bin NOT NULL DEFAULT '',\n\t\tDEFAULT_ROLE_HOST \tCHAR(60) COLLATE utf8_bin NOT NULL DEFAULT '%',\n\t\tDEFAULT_ROLE_USER \tCHAR(32) COLLATE utf8_bin NOT NULL DEFAULT '',\n\t\tPRIMARY KEY (HOST,USER,DEFAULT_ROLE_HOST,DEFAULT_ROLE_USER),\n\t\tKEY i_user (USER))"] [user=]
[2026/07/25 00:03:44.052 +08:00] [INFO] [split_region.go:86] ["split batch regions request"] ["split key count"=1] ["batch count"=1] ["first batch, region ID"=16] ["first split key"=748000000000000024]
[2026/07/25 00:03:44.052 +08:00] [INFO] [executor.go:7606] ["system variable tidb_scatter_region not found, use default value"] [category=ddl]
[2026/07/25 00:03:44.053 +08:00] [WARN] [global_controller.go:850] ["[resource group controller] resource group name does not exist"] [name=default]
[2026/07/25 00:03:44.057 +08:00] [WARN] [global_controller.go:850] ["[resource group controller] resource group name does not exist"] [name=default]
[2026/07/25 00:03:44.057 +08:00] [WARN] [global_controller.go:850] ["[resource group controller] resource group name does not exist"] [name=default]
[2026/07/25 00:03:44.061 +08:00] [INFO] [split_region.go:192] ["batch split regions complete"] ["batch region ID"=16] ["first at"=748000000000000024] ["first new region left"="{Id:50 StartKey:7480000000000000FF2200000000000000F8 EndKey:7480000000000000FF2400000000000000F8 RegionEpoch:{ConfVer:1 Version:25} Peers:[id:51 store_id:1 ] EncryptionMeta:<nil> IsInFlashback:false FlashbackStartTs:0}"] ["new region count"=1]
[2026/07/25 00:03:44.061 +08:00] [INFO] [split_region.go:241] ["split regions complete"] ["region count"=1] ["region IDs"="[50]"]
[2026/07/25 00:03:44.061 +08:00] [INFO] [job_submitter.go:118] ["add DDL jobs"] [category=ddl] ["batch count"=1] [jobs="ID:39, Type:create table, State:queueing, SchemaState:none, SchemaID:1, TableID:38, RowCount:0, ArgLen:1, start time: 2026-07-25 00:03:44.028 +0800 CST, Err:<nil>, ErrCount:0, SnapshotVersion:0, Version: v2; "] [fast_create=true]
[2026/07/25 00:03:44.061 +08:00] [INFO] [executor.go:7285] ["DDL job submitted"] [category=ddl] [job="ID:39, Type:create table, State:queueing, SchemaState:none, SchemaID:1, TableID:38, RowCount:0, ArgLen:1, start time: 2026-07-25 00:03:44.028 +0800 CST, Err:<nil>, ErrCount:0, SnapshotVersion:0, Version: v2"] [query="CREATE TABLE IF NOT EXISTS mysql.bind_info (\n\t\toriginal_sql LONGTEXT NOT NULL,\n\t\tbind_sql LONGTEXT NOT NULL,\n\t\tdefault_db TEXT NOT NULL,\n\t\tstatus TEXT NOT NULL,\n\t\tcreate_time TIMESTAMP(6) NOT NULL,\n\t\tupdate_time TIMESTAMP(6) NOT NULL,\n\t\tcharset TEXT NOT NULL,\n\t\tcollation TEXT NOT NULL,\n\t\tsource VARCHAR(10) NOT NULL DEFAULT 'unknown',\n\t\tsql_digest varchar(64) DEFAULT NULL,\n\t\tplan_digest varchar(64) DEFAULT NULL,\n\t\tlast_used_date date DEFAULT NULL,\n\t\tINDEX sql_index(original_sql(700),default_db(68)) COMMENT \"accelerate the speed when add global binding query\",\n\t\tINDEX time_index(update_time) COMMENT \"accelerate the speed when querying with last update time\",\n\t\tUNIQUE INDEX digest_index(plan_digest, sql_digest) COMMENT \"avoid duplicated records\"\n\t) ENGINE=InnoDB DEFAULT CHARSET=utf8mb4 COLLATE=utf8mb4_bin;"]
[2026/07/25 00:03:44.062 +08:00] [WARN] [global_controller.go:850] ["[resource group controller] resource group name does not exist"] [name=default]
[2026/07/25 00:03:44.062 +08:00] [WARN] [global_controller.go:850] ["[resource group controller] resource group name does not exist"] [name=default]
[2026/07/25 00:03:44.062 +08:00] [INFO] [job_worker.go:854] ["run one job step"] [category=ddl] [jobID=39] [job="ID:39, Type:create table, State:queueing, SchemaState:none, SchemaID:1, TableID:38, RowCount:0, ArgLen:0, start time: 2026-07-25 00:03:44.028 +0800 CST, Err:<nil>, ErrCount:0, SnapshotVersion:0, Version: v2"]
[2026/07/25 00:03:44.063 +08:00] [WARN] [global_controller.go:850] ["[resource group controller] resource group name does not exist"] [name=default]
[2026/07/25 00:03:44.063 +08:00] [WARN] [global_controller.go:850] ["[resource group controller] resource group name does not exist"] [name=default]
[2026/07/25 00:03:44.064 +08:00] [WARN] [global_controller.go:850] ["[resource group controller] resource group name does not exist"] [name=default]
[2026/07/25 00:03:44.070 +08:00] [INFO] [loader.go:216] ["diff load InfoSchema success"] [mode=auto] [isV2=true] [currVer=18] [neededVer=19] [gotVer=19] ["elapsed time"=395.875µs] [phyTblIDs="[38]"] [actionTypes="[3]"] [diffTypes="[\"create table\"]"]
[2026/07/25 00:03:44.070 +08:00] [INFO] [syncer.go:258] ["session manager is nil"]
[2026/07/25 00:03:44.070 +08:00] [INFO] [syncer.go:281] ["mdl gets lock, update self version to owner"] [jobID=39] [version=19]
[2026/07/25 00:03:44.075 +08:00] [INFO] [schema_version.go:397] ["wait schema version synced success"] [category=ddl] [ver=19] [checkAssumedSvr=false] ["take time"=5.877625ms] [job="ID:39, Type:create table, State:done, SchemaState:public, SchemaID:1, TableID:38, RowCount:0, ArgLen:1, start time: 2026-07-25 00:03:44.028 +0800 CST, Err:<nil>, ErrCount:0, SnapshotVersion:0, Version: v2"] [summary="server count: 1"]
[2026/07/25 00:03:44.076 +08:00] [WARN] [global_controller.go:850] ["[resource group controller] resource group name does not exist"] [name=default]
[2026/07/25 00:03:44.076 +08:00] [WARN] [global_controller.go:850] ["[resource group controller] resource group name does not exist"] [name=default]
[2026/07/25 00:03:44.076 +08:00] [WARN] [global_controller.go:850] ["[resource group controller] resource group name does not exist"] [name=default]
[2026/07/25 00:03:44.076 +08:00] [WARN] [global_controller.go:850] ["[resource group controller] resource group name does not exist"] [name=default]
[2026/07/25 00:03:44.077 +08:00] [WARN] [global_controller.go:850] ["[resource group controller] resource group name does not exist"] [name=default]
[2026/07/25 00:03:44.077 +08:00] [INFO] [job_worker.go:447] ["finish DDL job"] [category=ddl] [jobID=39] [job="ID:39, Type:create table, State:synced, SchemaState:public, SchemaID:1, TableID:38, RowCount:0, ArgLen:0, start time: 2026-07-25 00:03:44.028 +0800 CST, Err:<nil>, ErrCount:0, SnapshotVersion:0, Version: v2"]
[2026/07/25 00:03:44.077 +08:00] [WARN] [global_controller.go:850] ["[resource group controller] resource group name does not exist"] [name=default]
[2026/07/25 00:03:44.078 +08:00] [WARN] [global_controller.go:850] ["[resource group controller] resource group name does not exist"] [name=default]
[2026/07/25 00:03:44.079 +08:00] [WARN] [global_controller.go:850] ["[resource group controller] resource group name does not exist"] [name=default]
[2026/07/25 00:03:44.079 +08:00] [INFO] [executor.go:7423] ["DDL job is finished"] [category=ddl] [jobID=39]
[2026/07/25 00:03:44.079 +08:00] [INFO] [session.go:5229] ["CRUCIAL OPERATION"] [conn=0] [schemaVersion=19] [cur_db=mysql] [sql="CREATE TABLE IF NOT EXISTS mysql.bind_info (\n\t\toriginal_sql LONGTEXT NOT NULL,\n\t\tbind_sql LONGTEXT NOT NULL,\n\t\tdefault_db TEXT NOT NULL,\n\t\tstatus TEXT NOT NULL,\n\t\tcreate_time TIMESTAMP(6) NOT NULL,\n\t\tupdate_time TIMESTAMP(6) NOT NULL,\n\t\tcharset TEXT NOT NULL,\n\t\tcollation TEXT NOT NULL,\n\t\tsource VARCHAR(10) NOT NULL DEFAULT 'unknown',\n\t\tsql_digest varchar(64) DEFAULT NULL,\n\t\tplan_digest varchar(64) DEFAULT NULL,\n\t\tlast_used_date date DEFAULT NULL,\n\t\tINDEX sql_index(original_sql(700),default_db(68)) COMMENT \"accelerate the speed when add global binding query\",\n\t\tINDEX time_index(update_time) COMMENT \"accelerate the speed when querying with last update time\",\n\t\tUNIQUE INDEX digest_index(plan_digest, sql_digest) COMMENT \"avoid duplicated records\"\n\t) ENGINE=InnoDB DEFAULT CHARSET=utf8mb4 COLLATE=utf8mb4_bin;"] [user=]
[2026/07/25 00:03:44.079 +08:00] [INFO] [split_region.go:86] ["split batch regions request"] ["split key count"=1] ["batch count"=1] ["first batch, region ID"=16] ["first split key"=748000000000000026]
[2026/07/25 00:03:44.079 +08:00] [INFO] [executor.go:7606] ["system variable tidb_scatter_region not found, use default value"] [category=ddl]
[2026/07/25 00:03:44.079 +08:00] [WARN] [global_controller.go:850] ["[resource group controller] resource group name does not exist"] [name=default]
[2026/07/25 00:03:44.083 +08:00] [WARN] [global_controller.go:850] ["[resource group controller] resource group name does not exist"] [name=default]
[2026/07/25 00:03:44.083 +08:00] [WARN] [global_controller.go:850] ["[resource group controller] resource group name does not exist"] [name=default]
[2026/07/25 00:03:44.087 +08:00] [INFO] [split_region.go:192] ["batch split regions complete"] ["batch region ID"=16] ["first at"=748000000000000026] ["first new region left"="{Id:52 StartKey:7480000000000000FF2400000000000000F8 EndKey:7480000000000000FF2600000000000000F8 RegionEpoch:{ConfVer:1 Version:26} Peers:[id:53 store_id:1 ] EncryptionMeta:<nil> IsInFlashback:false FlashbackStartTs:0}"] ["new region count"=1]
[2026/07/25 00:03:44.087 +08:00] [INFO] [split_region.go:241] ["split regions complete"] ["region count"=1] ["region IDs"="[52]"]
[2026/07/25 00:03:44.087 +08:00] [INFO] [job_submitter.go:118] ["add DDL jobs"] [category=ddl] ["batch count"=1] [jobs="ID:41, Type:create table, State:queueing, SchemaState:none, SchemaID:1, TableID:40, RowCount:0, ArgLen:1, start time: 2026-07-25 00:03:44.078 +0800 CST, Err:<nil>, ErrCount:0, SnapshotVersion:0, Version: v2; "] [fast_create=true]
[2026/07/25 00:03:44.087 +08:00] [INFO] [executor.go:7285] ["DDL job submitted"] [category=ddl] [job="ID:41, Type:create table, State:queueing, SchemaState:none, SchemaID:1, TableID:40, RowCount:0, ArgLen:1, start time: 2026-07-25 00:03:44.078 +0800 CST, Err:<nil>, ErrCount:0, SnapshotVersion:0, Version: v2"] [query="CREATE TABLE IF NOT EXISTS mysql.stats_top_n (\n\t\ttable_id \tBIGINT(64) NOT NULL,\n\t\tis_index \tTINYINT(2) NOT NULL,\n\t\thist_id \tBIGINT(64) NOT NULL,\n\t\tvalue \t\tLONGBLOB,\n\t\tcount \t\tBIGINT(64) UNSIGNED NOT NULL,\n\t\tINDEX tbl(table_id, is_index, hist_id)\n\t);"]
[2026/07/25 00:03:44.088 +08:00] [WARN] [global_controller.go:850] ["[resource group controller] resource group name does not exist"] [name=default]
[2026/07/25 00:03:44.088 +08:00] [WARN] [global_controller.go:850] ["[resource group controller] resource group name does not exist"] [name=default]
[2026/07/25 00:03:44.088 +08:00] [INFO] [job_worker.go:854] ["run one job step"] [category=ddl] [jobID=41] [job="ID:41, Type:create table, State:queueing, SchemaState:none, SchemaID:1, TableID:40, RowCount:0, ArgLen:0, start time: 2026-07-25 00:03:44.078 +0800 CST, Err:<nil>, ErrCount:0, SnapshotVersion:0, Version: v2"]
[2026/07/25 00:03:44.089 +08:00] [WARN] [global_controller.go:850] ["[resource group controller] resource group name does not exist"] [name=default]
[2026/07/25 00:03:44.089 +08:00] [WARN] [global_controller.go:850] ["[resource group controller] resource group name does not exist"] [name=default]
[2026/07/25 00:03:44.089 +08:00] [WARN] [global_controller.go:850] ["[resource group controller] resource group name does not exist"] [name=default]
[2026/07/25 00:03:44.095 +08:00] [INFO] [loader.go:216] ["diff load InfoSchema success"] [mode=auto] [isV2=true] [currVer=19] [neededVer=20] [gotVer=20] ["elapsed time"=265.167µs] [phyTblIDs="[40]"] [actionTypes="[3]"] [diffTypes="[\"create table\"]"]
[2026/07/25 00:03:44.095 +08:00] [INFO] [syncer.go:258] ["session manager is nil"]
[2026/07/25 00:03:44.095 +08:00] [INFO] [syncer.go:281] ["mdl gets lock, update self version to owner"] [jobID=41] [version=20]
[2026/07/25 00:03:44.100 +08:00] [INFO] [schema_version.go:397] ["wait schema version synced success"] [category=ddl] [ver=20] [checkAssumedSvr=false] ["take time"=5.828ms] [job="ID:41, Type:create table, State:done, SchemaState:public, SchemaID:1, TableID:40, RowCount:0, ArgLen:1, start time: 2026-07-25 00:03:44.078 +0800 CST, Err:<nil>, ErrCount:0, SnapshotVersion:0, Version: v2"] [summary="server count: 1"]
[2026/07/25 00:03:44.102 +08:00] [WARN] [global_controller.go:850] ["[resource group controller] resource group name does not exist"] [name=default]
[2026/07/25 00:03:44.103 +08:00] [WARN] [global_controller.go:850] ["[resource group controller] resource group name does not exist"] [name=default]
[2026/07/25 00:03:44.107 +08:00] [WARN] [global_controller.go:850] ["[resource group controller] resource group name does not exist"] [name=default]
[2026/07/25 00:03:44.107 +08:00] [WARN] [global_controller.go:850] ["[resource group controller] resource group name does not exist"] [name=default]
[2026/07/25 00:03:44.107 +08:00] [WARN] [global_controller.go:850] ["[resource group controller] resource group name does not exist"] [name=default]
[2026/07/25 00:03:44.107 +08:00] [INFO] [job_worker.go:447] ["finish DDL job"] [category=ddl] [jobID=41] [job="ID:41, Type:create table, State:synced, SchemaState:public, SchemaID:1, TableID:40, RowCount:0, ArgLen:0, start time: 2026-07-25 00:03:44.078 +0800 CST, Err:<nil>, ErrCount:0, SnapshotVersion:0, Version: v2"]
[2026/07/25 00:03:44.108 +08:00] [WARN] [global_controller.go:850] ["[resource group controller] resource group name does not exist"] [name=default]
[2026/07/25 00:03:44.109 +08:00] [WARN] [global_controller.go:850] ["[resource group controller] resource group name does not exist"] [name=default]
[2026/07/25 00:03:44.109 +08:00] [WARN] [global_controller.go:850] ["[resource group controller] resource group name does not exist"] [name=default]
[2026/07/25 00:03:44.109 +08:00] [INFO] [executor.go:7423] ["DDL job is finished"] [category=ddl] [jobID=41]
[2026/07/25 00:03:44.109 +08:00] [INFO] [session.go:5229] ["CRUCIAL OPERATION"] [conn=0] [schemaVersion=20] [cur_db=mysql] [sql="CREATE TABLE IF NOT EXISTS mysql.stats_top_n (\n\t\ttable_id \tBIGINT(64) NOT NULL,\n\t\tis_index \tTINYINT(2) NOT NULL,\n\t\thist_id \tBIGINT(64) NOT NULL,\n\t\tvalue \t\tLONGBLOB,\n\t\tcount \t\tBIGINT(64) UNSIGNED NOT NULL,\n\t\tINDEX tbl(table_id, is_index, hist_id)\n\t);"] [user=]
[2026/07/25 00:03:44.109 +08:00] [INFO] [split_region.go:86] ["split batch regions request"] ["split key count"=1] ["batch count"=1] ["first batch, region ID"=16] ["first split key"=748000000000000028]
[2026/07/25 00:03:44.109 +08:00] [INFO] [executor.go:7606] ["system variable tidb_scatter_region not found, use default value"] [category=ddl]
[2026/07/25 00:03:44.110 +08:00] [WARN] [global_controller.go:850] ["[resource group controller] resource group name does not exist"] [name=default]
[2026/07/25 00:03:44.114 +08:00] [WARN] [global_controller.go:850] ["[resource group controller] resource group name does not exist"] [name=default]
[2026/07/25 00:03:44.114 +08:00] [WARN] [global_controller.go:850] ["[resource group controller] resource group name does not exist"] [name=default]
[2026/07/25 00:03:44.122 +08:00] [INFO] [split_region.go:192] ["batch split regions complete"] ["batch region ID"=16] ["first at"=748000000000000028] ["first new region left"="{Id:54 StartKey:7480000000000000FF2600000000000000F8 EndKey:7480000000000000FF2800000000000000F8 RegionEpoch:{ConfVer:1 Version:27} Peers:[id:55 store_id:1 ] EncryptionMeta:<nil> IsInFlashback:false FlashbackStartTs:0}"] ["new region count"=1]
[2026/07/25 00:03:44.122 +08:00] [INFO] [split_region.go:241] ["split regions complete"] ["region count"=1] ["region IDs"="[54]"]
[2026/07/25 00:03:44.126 +08:00] [INFO] [job_submitter.go:118] ["add DDL jobs"] [category=ddl] ["batch count"=1] [jobs="ID:43, Type:create table, State:queueing, SchemaState:none, SchemaID:1, TableID:42, RowCount:0, ArgLen:1, start time: 2026-07-25 00:03:44.078 +0800 CST, Err:<nil>, ErrCount:0, SnapshotVersion:0, Version: v2; "] [fast_create=true]
[2026/07/25 00:03:44.126 +08:00] [INFO] [executor.go:7285] ["DDL job submitted"] [category=ddl] [job="ID:43, Type:create table, State:queueing, SchemaState:none, SchemaID:1, TableID:42, RowCount:0, ArgLen:1, start time: 2026-07-25 00:03:44.078 +0800 CST, Err:<nil>, ErrCount:0, SnapshotVersion:0, Version: v2"] [query="CREATE TABLE IF NOT EXISTS mysql.expr_pushdown_blacklist (\n\t\tname \t\tCHAR(100) NOT NULL,\n\t\tstore_type \tCHAR(100) NOT NULL DEFAULT 'tikv,tiflash,tidb',\n\t\treason \t\tVARCHAR(200)\n\t);"]
[2026/07/25 00:03:44.127 +08:00] [WARN] [global_controller.go:850] ["[resource group controller] resource group name does not exist"] [name=default]
[2026/07/25 00:03:44.127 +08:00] [WARN] [global_controller.go:850] ["[resource group controller] resource group name does not exist"] [name=default]
[2026/07/25 00:03:44.127 +08:00] [INFO] [job_worker.go:854] ["run one job step"] [category=ddl] [jobID=43] [job="ID:43, Type:create table, State:queueing, SchemaState:none, SchemaID:1, TableID:42, RowCount:0, ArgLen:0, start time: 2026-07-25 00:03:44.078 +0800 CST, Err:<nil>, ErrCount:0, SnapshotVersion:0, Version: v2"]
[2026/07/25 00:03:44.128 +08:00] [WARN] [global_controller.go:850] ["[resource group controller] resource group name does not exist"] [name=default]
[2026/07/25 00:03:44.129 +08:00] [WARN] [global_controller.go:850] ["[resource group controller] resource group name does not exist"] [name=default]
[2026/07/25 00:03:44.129 +08:00] [WARN] [global_controller.go:850] ["[resource group controller] resource group name does not exist"] [name=default]
[2026/07/25 00:03:44.134 +08:00] [INFO] [loader.go:216] ["diff load InfoSchema success"] [mode=auto] [isV2=true] [currVer=20] [neededVer=21] [gotVer=21] ["elapsed time"=253.416µs] [phyTblIDs="[42]"] [actionTypes="[3]"] [diffTypes="[\"create table\"]"]
[2026/07/25 00:03:44.135 +08:00] [INFO] [syncer.go:258] ["session manager is nil"]
[2026/07/25 00:03:44.135 +08:00] [INFO] [syncer.go:281] ["mdl gets lock, update self version to owner"] [jobID=43] [version=21]
[2026/07/25 00:03:44.139 +08:00] [INFO] [schema_version.go:397] ["wait schema version synced success"] [category=ddl] [ver=21] [checkAssumedSvr=false] ["take time"=5.077167ms] [job="ID:43, Type:create table, State:done, SchemaState:public, SchemaID:1, TableID:42, RowCount:0, ArgLen:1, start time: 2026-07-25 00:03:44.078 +0800 CST, Err:<nil>, ErrCount:0, SnapshotVersion:0, Version: v2"] [summary="server count: 1"]
[2026/07/25 00:03:44.140 +08:00] [WARN] [global_controller.go:850] ["[resource group controller] resource group name does not exist"] [name=default]
[2026/07/25 00:03:44.140 +08:00] [WARN] [global_controller.go:850] ["[resource group controller] resource group name does not exist"] [name=default]
[2026/07/25 00:03:44.140 +08:00] [WARN] [global_controller.go:850] ["[resource group controller] resource group name does not exist"] [name=default]
[2026/07/25 00:03:44.140 +08:00] [WARN] [global_controller.go:850] ["[resource group controller] resource group name does not exist"] [name=default]
[2026/07/25 00:03:44.140 +08:00] [WARN] [global_controller.go:850] ["[resource group controller] resource group name does not exist"] [name=default]
[2026/07/25 00:03:44.140 +08:00] [INFO] [job_worker.go:447] ["finish DDL job"] [category=ddl] [jobID=43] [job="ID:43, Type:create table, State:synced, SchemaState:public, SchemaID:1, TableID:42, RowCount:0, ArgLen:0, start time: 2026-07-25 00:03:44.078 +0800 CST, Err:<nil>, ErrCount:0, SnapshotVersion:0, Version: v2"]
[2026/07/25 00:03:44.141 +08:00] [WARN] [global_controller.go:850] ["[resource group controller] resource group name does not exist"] [name=default]
[2026/07/25 00:03:44.142 +08:00] [WARN] [global_controller.go:850] ["[resource group controller] resource group name does not exist"] [name=default]
[2026/07/25 00:03:44.142 +08:00] [INFO] [executor.go:7423] ["DDL job is finished"] [category=ddl] [jobID=43]
[2026/07/25 00:03:44.142 +08:00] [INFO] [session.go:5229] ["CRUCIAL OPERATION"] [conn=0] [schemaVersion=21] [cur_db=mysql] [sql="CREATE TABLE IF NOT EXISTS mysql.expr_pushdown_blacklist (\n\t\tname \t\tCHAR(100) NOT NULL,\n\t\tstore_type \tCHAR(100) NOT NULL DEFAULT 'tikv,tiflash,tidb',\n\t\treason \t\tVARCHAR(200)\n\t);"] [user=]
[2026/07/25 00:03:44.142 +08:00] [WARN] [global_controller.go:850] ["[resource group controller] resource group name does not exist"] [name=default]
[2026/07/25 00:03:44.142 +08:00] [INFO] [split_region.go:86] ["split batch regions request"] ["split key count"=1] ["batch count"=1] ["first batch, region ID"=16] ["first split key"=74800000000000002A]
[2026/07/25 00:03:44.142 +08:00] [INFO] [executor.go:7606] ["system variable tidb_scatter_region not found, use default value"] [category=ddl]
[2026/07/25 00:03:44.143 +08:00] [WARN] [global_controller.go:850] ["[resource group controller] resource group name does not exist"] [name=default]
[2026/07/25 00:03:44.146 +08:00] [WARN] [global_controller.go:850] ["[resource group controller] resource group name does not exist"] [name=default]
[2026/07/25 00:03:44.146 +08:00] [WARN] [global_controller.go:850] ["[resource group controller] resource group name does not exist"] [name=default]
[2026/07/25 00:03:44.150 +08:00] [INFO] [split_region.go:192] ["batch split regions complete"] ["batch region ID"=16] ["first at"=74800000000000002A] ["first new region left"="{Id:56 StartKey:7480000000000000FF2800000000000000F8 EndKey:7480000000000000FF2A00000000000000F8 RegionEpoch:{ConfVer:1 Version:28} Peers:[id:57 store_id:1 ] EncryptionMeta:<nil> IsInFlashback:false FlashbackStartTs:0}"] ["new region count"=1]
[2026/07/25 00:03:44.150 +08:00] [INFO] [split_region.go:241] ["split regions complete"] ["region count"=1] ["region IDs"="[56]"]
[2026/07/25 00:03:44.150 +08:00] [INFO] [job_submitter.go:118] ["add DDL jobs"] [category=ddl] ["batch count"=1] [jobs="ID:45, Type:create table, State:queueing, SchemaState:none, SchemaID:1, TableID:44, RowCount:0, ArgLen:1, start time: 2026-07-25 00:03:44.128 +0800 CST, Err:<nil>, ErrCount:0, SnapshotVersion:0, Version: v2; "] [fast_create=true]
[2026/07/25 00:03:44.150 +08:00] [INFO] [executor.go:7285] ["DDL job submitted"] [category=ddl] [job="ID:45, Type:create table, State:queueing, SchemaState:none, SchemaID:1, TableID:44, RowCount:0, ArgLen:1, start time: 2026-07-25 00:03:44.128 +0800 CST, Err:<nil>, ErrCount:0, SnapshotVersion:0, Version: v2"] [query="CREATE TABLE IF NOT EXISTS mysql.opt_rule_blacklist (\n\t\tname \tCHAR(100) NOT NULL\n\t);"]
[2026/07/25 00:03:44.151 +08:00] [WARN] [global_controller.go:850] ["[resource group controller] resource group name does not exist"] [name=default]
[2026/07/25 00:03:44.151 +08:00] [WARN] [global_controller.go:850] ["[resource group controller] resource group name does not exist"] [name=default]
[2026/07/25 00:03:44.151 +08:00] [INFO] [job_worker.go:854] ["run one job step"] [category=ddl] [jobID=45] [job="ID:45, Type:create table, State:queueing, SchemaState:none, SchemaID:1, TableID:44, RowCount:0, ArgLen:0, start time: 2026-07-25 00:03:44.128 +0800 CST, Err:<nil>, ErrCount:0, SnapshotVersion:0, Version: v2"]
[2026/07/25 00:03:44.152 +08:00] [WARN] [global_controller.go:850] ["[resource group controller] resource group name does not exist"] [name=default]
[2026/07/25 00:03:44.152 +08:00] [WARN] [global_controller.go:850] ["[resource group controller] resource group name does not exist"] [name=default]
[2026/07/25 00:03:44.152 +08:00] [WARN] [global_controller.go:850] ["[resource group controller] resource group name does not exist"] [name=default]
[2026/07/25 00:03:44.158 +08:00] [INFO] [loader.go:216] ["diff load InfoSchema success"] [mode=auto] [isV2=true] [currVer=21] [neededVer=22] [gotVer=22] ["elapsed time"=246.417µs] [phyTblIDs="[44]"] [actionTypes="[3]"] [diffTypes="[\"create table\"]"]
[2026/07/25 00:03:44.159 +08:00] [INFO] [syncer.go:258] ["session manager is nil"]
[2026/07/25 00:03:44.159 +08:00] [INFO] [syncer.go:281] ["mdl gets lock, update self version to owner"] [jobID=45] [version=22]
[2026/07/25 00:03:44.163 +08:00] [INFO] [schema_version.go:397] ["wait schema version synced success"] [category=ddl] [ver=22] [checkAssumedSvr=false] ["take time"=5.067625ms] [job="ID:45, Type:create table, State:done, SchemaState:public, SchemaID:1, TableID:44, RowCount:0, ArgLen:1, start time: 2026-07-25 00:03:44.128 +0800 CST, Err:<nil>, ErrCount:0, SnapshotVersion:0, Version: v2"] [summary="server count: 1"]
[2026/07/25 00:03:44.164 +08:00] [WARN] [global_controller.go:850] ["[resource group controller] resource group name does not exist"] [name=default]
[2026/07/25 00:03:44.164 +08:00] [WARN] [global_controller.go:850] ["[resource group controller] resource group name does not exist"] [name=default]
[2026/07/25 00:03:44.164 +08:00] [WARN] [global_controller.go:850] ["[resource group controller] resource group name does not exist"] [name=default]
[2026/07/25 00:03:44.164 +08:00] [WARN] [global_controller.go:850] ["[resource group controller] resource group name does not exist"] [name=default]
[2026/07/25 00:03:44.164 +08:00] [WARN] [global_controller.go:850] ["[resource group controller] resource group name does not exist"] [name=default]
[2026/07/25 00:03:44.164 +08:00] [INFO] [job_worker.go:447] ["finish DDL job"] [category=ddl] [jobID=45] [job="ID:45, Type:create table, State:synced, SchemaState:public, SchemaID:1, TableID:44, RowCount:0, ArgLen:0, start time: 2026-07-25 00:03:44.128 +0800 CST, Err:<nil>, ErrCount:0, SnapshotVersion:0, Version: v2"]
[2026/07/25 00:03:44.165 +08:00] [WARN] [global_controller.go:850] ["[resource group controller] resource group name does not exist"] [name=default]
[2026/07/25 00:03:44.166 +08:00] [WARN] [global_controller.go:850] ["[resource group controller] resource group name does not exist"] [name=default]
[2026/07/25 00:03:44.166 +08:00] [INFO] [executor.go:7423] ["DDL job is finished"] [category=ddl] [jobID=45]
[2026/07/25 00:03:44.166 +08:00] [INFO] [session.go:5229] ["CRUCIAL OPERATION"] [conn=0] [schemaVersion=22] [cur_db=mysql] [sql="CREATE TABLE IF NOT EXISTS mysql.opt_rule_blacklist (\n\t\tname \tCHAR(100) NOT NULL\n\t);"] [user=]
[2026/07/25 00:03:44.166 +08:00] [WARN] [global_controller.go:850] ["[resource group controller] resource group name does not exist"] [name=default]
[2026/07/25 00:03:44.166 +08:00] [INFO] [split_region.go:86] ["split batch regions request"] ["split key count"=1] ["batch count"=1] ["first batch, region ID"=16] ["first split key"=74800000000000002C]
[2026/07/25 00:03:44.167 +08:00] [INFO] [executor.go:7606] ["system variable tidb_scatter_region not found, use default value"] [category=ddl]
[2026/07/25 00:03:44.167 +08:00] [WARN] [global_controller.go:850] ["[resource group controller] resource group name does not exist"] [name=default]
[2026/07/25 00:03:44.171 +08:00] [WARN] [global_controller.go:850] ["[resource group controller] resource group name does not exist"] [name=default]
[2026/07/25 00:03:44.171 +08:00] [WARN] [global_controller.go:850] ["[resource group controller] resource group name does not exist"] [name=default]
[2026/07/25 00:03:44.175 +08:00] [INFO] [split_region.go:192] ["batch split regions complete"] ["batch region ID"=16] ["first at"=74800000000000002C] ["first new region left"="{Id:58 StartKey:7480000000000000FF2A00000000000000F8 EndKey:7480000000000000FF2C00000000000000F8 RegionEpoch:{ConfVer:1 Version:29} Peers:[id:59 store_id:1 ] EncryptionMeta:<nil> IsInFlashback:false FlashbackStartTs:0}"] ["new region count"=1]
[2026/07/25 00:03:44.175 +08:00] [INFO] [split_region.go:241] ["split regions complete"] ["region count"=1] ["region IDs"="[58]"]
[2026/07/25 00:03:44.175 +08:00] [INFO] [job_submitter.go:118] ["add DDL jobs"] [category=ddl] ["batch count"=1] [jobs="ID:47, Type:create table, State:queueing, SchemaState:none, SchemaID:1, TableID:46, RowCount:0, ArgLen:1, start time: 2026-07-25 00:03:44.128 +0800 CST, Err:<nil>, ErrCount:0, SnapshotVersion:0, Version: v2; "] [fast_create=true]
[2026/07/25 00:03:44.175 +08:00] [INFO] [executor.go:7285] ["DDL job submitted"] [category=ddl] [job="ID:47, Type:create table, State:queueing, SchemaState:none, SchemaID:1, TableID:46, RowCount:0, ArgLen:1, start time: 2026-07-25 00:03:44.128 +0800 CST, Err:<nil>, ErrCount:0, SnapshotVersion:0, Version: v2"] [query="CREATE TABLE IF NOT EXISTS mysql.stats_extended (\n\t\tname varchar(32) NOT NULL,\n\t\ttype tinyint(4) NOT NULL,\n\t\ttable_id bigint(64) NOT NULL,\n\t\tcolumn_ids varchar(32) NOT NULL,\n\t\tstats blob DEFAULT NULL,\n\t\tversion bigint(64) unsigned NOT NULL,\n\t\tstatus tinyint(4) NOT NULL,\n\t\tPRIMARY KEY(name, table_id),\n\t\tKEY idx_1 (table_id, status, version),\n\t\tKEY idx_2 (status, version)\n\t);"]
[2026/07/25 00:03:44.176 +08:00] [WARN] [global_controller.go:850] ["[resource group controller] resource group name does not exist"] [name=default]
[2026/07/25 00:03:44.176 +08:00] [WARN] [global_controller.go:850] ["[resource group controller] resource group name does not exist"] [name=default]
[2026/07/25 00:03:44.176 +08:00] [INFO] [job_worker.go:854] ["run one job step"] [category=ddl] [jobID=47] [job="ID:47, Type:create table, State:queueing, SchemaState:none, SchemaID:1, TableID:46, RowCount:0, ArgLen:0, start time: 2026-07-25 00:03:44.128 +0800 CST, Err:<nil>, ErrCount:0, SnapshotVersion:0, Version: v2"]
[2026/07/25 00:03:44.178 +08:00] [WARN] [global_controller.go:850] ["[resource group controller] resource group name does not exist"] [name=default]
[2026/07/25 00:03:44.178 +08:00] [WARN] [global_controller.go:850] ["[resource group controller] resource group name does not exist"] [name=default]
[2026/07/25 00:03:44.178 +08:00] [WARN] [global_controller.go:850] ["[resource group controller] resource group name does not exist"] [name=default]
[2026/07/25 00:03:44.183 +08:00] [INFO] [loader.go:216] ["diff load InfoSchema success"] [mode=auto] [isV2=true] [currVer=22] [neededVer=23] [gotVer=23] ["elapsed time"=311.042µs] [phyTblIDs="[46]"] [actionTypes="[3]"] [diffTypes="[\"create table\"]"]
[2026/07/25 00:03:44.184 +08:00] [INFO] [syncer.go:258] ["session manager is nil"]
[2026/07/25 00:03:44.184 +08:00] [INFO] [syncer.go:281] ["mdl gets lock, update self version to owner"] [jobID=47] [version=23]
[2026/07/25 00:03:44.188 +08:00] [INFO] [schema_version.go:397] ["wait schema version synced success"] [category=ddl] [ver=23] [checkAssumedSvr=false] ["take time"=5.135292ms] [job="ID:47, Type:create table, State:done, SchemaState:public, SchemaID:1, TableID:46, RowCount:0, ArgLen:1, start time: 2026-07-25 00:03:44.128 +0800 CST, Err:<nil>, ErrCount:0, SnapshotVersion:0, Version: v2"] [summary="server count: 1"]
[2026/07/25 00:03:44.189 +08:00] [WARN] [global_controller.go:850] ["[resource group controller] resource group name does not exist"] [name=default]
[2026/07/25 00:03:44.189 +08:00] [WARN] [global_controller.go:850] ["[resource group controller] resource group name does not exist"] [name=default]
[2026/07/25 00:03:44.189 +08:00] [WARN] [global_controller.go:850] ["[resource group controller] resource group name does not exist"] [name=default]
[2026/07/25 00:03:44.190 +08:00] [WARN] [global_controller.go:850] ["[resource group controller] resource group name does not exist"] [name=default]
[2026/07/25 00:03:44.190 +08:00] [WARN] [global_controller.go:850] ["[resource group controller] resource group name does not exist"] [name=default]
[2026/07/25 00:03:44.190 +08:00] [INFO] [job_worker.go:447] ["finish DDL job"] [category=ddl] [jobID=47] [job="ID:47, Type:create table, State:synced, SchemaState:public, SchemaID:1, TableID:46, RowCount:0, ArgLen:0, start time: 2026-07-25 00:03:44.128 +0800 CST, Err:<nil>, ErrCount:0, SnapshotVersion:0, Version: v2"]
[2026/07/25 00:03:44.190 +08:00] [WARN] [global_controller.go:850] ["[resource group controller] resource group name does not exist"] [name=default]
[2026/07/25 00:03:44.191 +08:00] [WARN] [global_controller.go:850] ["[resource group controller] resource group name does not exist"] [name=default]
[2026/07/25 00:03:44.191 +08:00] [WARN] [global_controller.go:850] ["[resource group controller] resource group name does not exist"] [name=default]
[2026/07/25 00:03:44.192 +08:00] [INFO] [executor.go:7423] ["DDL job is finished"] [category=ddl] [jobID=47]
[2026/07/25 00:03:44.192 +08:00] [INFO] [session.go:5229] ["CRUCIAL OPERATION"] [conn=0] [schemaVersion=23] [cur_db=mysql] [sql="CREATE TABLE IF NOT EXISTS mysql.stats_extended (\n\t\tname varchar(32) NOT NULL,\n\t\ttype tinyint(4) NOT NULL,\n\t\ttable_id bigint(64) NOT NULL,\n\t\tcolumn_ids varchar(32) NOT NULL,\n\t\tstats blob DEFAULT NULL,\n\t\tversion bigint(64) unsigned NOT NULL,\n\t\tstatus tinyint(4) NOT NULL,\n\t\tPRIMARY KEY(name, table_id),\n\t\tKEY idx_1 (table_id, status, version),\n\t\tKEY idx_2 (status, version)\n\t);"] [user=]
[2026/07/25 00:03:44.192 +08:00] [INFO] [split_region.go:86] ["split batch regions request"] ["split key count"=1] ["batch count"=1] ["first batch, region ID"=16] ["first split key"=74800000000000002E]
[2026/07/25 00:03:44.192 +08:00] [INFO] [executor.go:7606] ["system variable tidb_scatter_region not found, use default value"] [category=ddl]
[2026/07/25 00:03:44.192 +08:00] [WARN] [global_controller.go:850] ["[resource group controller] resource group name does not exist"] [name=default]
[2026/07/25 00:03:44.196 +08:00] [WARN] [global_controller.go:850] ["[resource group controller] resource group name does not exist"] [name=default]
[2026/07/25 00:03:44.196 +08:00] [WARN] [global_controller.go:850] ["[resource group controller] resource group name does not exist"] [name=default]
[2026/07/25 00:03:44.200 +08:00] [INFO] [split_region.go:192] ["batch split regions complete"] ["batch region ID"=16] ["first at"=74800000000000002E] ["first new region left"="{Id:60 StartKey:7480000000000000FF2C00000000000000F8 EndKey:7480000000000000FF2E00000000000000F8 RegionEpoch:{ConfVer:1 Version:30} Peers:[id:61 store_id:1 ] EncryptionMeta:<nil> IsInFlashback:false FlashbackStartTs:0}"] ["new region count"=1]
[2026/07/25 00:03:44.200 +08:00] [INFO] [split_region.go:241] ["split regions complete"] ["region count"=1] ["region IDs"="[60]"]
[2026/07/25 00:03:44.200 +08:00] [INFO] [job_submitter.go:118] ["add DDL jobs"] [category=ddl] ["batch count"=1] [jobs="ID:49, Type:create table, State:queueing, SchemaState:none, SchemaID:1, TableID:48, RowCount:0, ArgLen:1, start time: 2026-07-25 00:03:44.178 +0800 CST, Err:<nil>, ErrCount:0, SnapshotVersion:0, Version: v2; "] [fast_create=true]
[2026/07/25 00:03:44.200 +08:00] [INFO] [executor.go:7285] ["DDL job submitted"] [category=ddl] [job="ID:49, Type:create table, State:queueing, SchemaState:none, SchemaID:1, TableID:48, RowCount:0, ArgLen:1, start time: 2026-07-25 00:03:44.178 +0800 CST, Err:<nil>, ErrCount:0, SnapshotVersion:0, Version: v2"] [query="CREATE TABLE IF NOT EXISTS mysql.stats_fm_sketch (\n\t\ttable_id \tBIGINT(64) NOT NULL,\n\t\tis_index \tTINYINT(2) NOT NULL,\n\t\thist_id \tBIGINT(64) NOT NULL,\n\t\tvalue \t\tLONGBLOB,\n\t\tPRIMARY KEY (table_id, is_index, hist_id) CLUSTERED\n\t);"]
[2026/07/25 00:03:44.201 +08:00] [WARN] [global_controller.go:850] ["[resource group controller] resource group name does not exist"] [name=default]
[2026/07/25 00:03:44.201 +08:00] [WARN] [global_controller.go:850] ["[resource group controller] resource group name does not exist"] [name=default]
[2026/07/25 00:03:44.201 +08:00] [INFO] [job_worker.go:854] ["run one job step"] [category=ddl] [jobID=49] [job="ID:49, Type:create table, State:queueing, SchemaState:none, SchemaID:1, TableID:48, RowCount:0, ArgLen:0, start time: 2026-07-25 00:03:44.178 +0800 CST, Err:<nil>, ErrCount:0, SnapshotVersion:0, Version: v2"]
[2026/07/25 00:03:44.203 +08:00] [WARN] [global_controller.go:850] ["[resource group controller] resource group name does not exist"] [name=default]
[2026/07/25 00:03:44.203 +08:00] [WARN] [global_controller.go:850] ["[resource group controller] resource group name does not exist"] [name=default]
[2026/07/25 00:03:44.203 +08:00] [WARN] [global_controller.go:850] ["[resource group controller] resource group name does not exist"] [name=default]
[2026/07/25 00:03:44.208 +08:00] [INFO] [loader.go:216] ["diff load InfoSchema success"] [mode=auto] [isV2=true] [currVer=23] [neededVer=24] [gotVer=24] ["elapsed time"=278.625µs] [phyTblIDs="[48]"] [actionTypes="[3]"] [diffTypes="[\"create table\"]"]
[2026/07/25 00:03:44.209 +08:00] [INFO] [syncer.go:258] ["session manager is nil"]
[2026/07/25 00:03:44.209 +08:00] [INFO] [syncer.go:281] ["mdl gets lock, update self version to owner"] [jobID=49] [version=24]
[2026/07/25 00:03:44.213 +08:00] [INFO] [schema_version.go:397] ["wait schema version synced success"] [category=ddl] [ver=24] [checkAssumedSvr=false] ["take time"=5.065667ms] [job="ID:49, Type:create table, State:done, SchemaState:public, SchemaID:1, TableID:48, RowCount:0, ArgLen:1, start time: 2026-07-25 00:03:44.178 +0800 CST, Err:<nil>, ErrCount:0, SnapshotVersion:0, Version: v2"] [summary="server count: 1"]
[2026/07/25 00:03:44.214 +08:00] [WARN] [global_controller.go:850] ["[resource group controller] resource group name does not exist"] [name=default]
[2026/07/25 00:03:44.214 +08:00] [WARN] [global_controller.go:850] ["[resource group controller] resource group name does not exist"] [name=default]
[2026/07/25 00:03:44.214 +08:00] [WARN] [global_controller.go:850] ["[resource group controller] resource group name does not exist"] [name=default]
[2026/07/25 00:03:44.214 +08:00] [WARN] [global_controller.go:850] ["[resource group controller] resource group name does not exist"] [name=default]
[2026/07/25 00:03:44.214 +08:00] [WARN] [global_controller.go:850] ["[resource group controller] resource group name does not exist"] [name=default]
[2026/07/25 00:03:44.214 +08:00] [INFO] [job_worker.go:447] ["finish DDL job"] [category=ddl] [jobID=49] [job="ID:49, Type:create table, State:synced, SchemaState:public, SchemaID:1, TableID:48, RowCount:0, ArgLen:0, start time: 2026-07-25 00:03:44.178 +0800 CST, Err:<nil>, ErrCount:0, SnapshotVersion:0, Version: v2"]
[2026/07/25 00:03:44.215 +08:00] [WARN] [global_controller.go:850] ["[resource group controller] resource group name does not exist"] [name=default]
[2026/07/25 00:03:44.216 +08:00] [WARN] [global_controller.go:850] ["[resource group controller] resource group name does not exist"] [name=default]
[2026/07/25 00:03:44.216 +08:00] [WARN] [global_controller.go:850] ["[resource group controller] resource group name does not exist"] [name=default]
[2026/07/25 00:03:44.216 +08:00] [INFO] [executor.go:7423] ["DDL job is finished"] [category=ddl] [jobID=49]
[2026/07/25 00:03:44.216 +08:00] [INFO] [session.go:5229] ["CRUCIAL OPERATION"] [conn=0] [schemaVersion=24] [cur_db=mysql] [sql="CREATE TABLE IF NOT EXISTS mysql.stats_fm_sketch (\n\t\ttable_id \tBIGINT(64) NOT NULL,\n\t\tis_index \tTINYINT(2) NOT NULL,\n\t\thist_id \tBIGINT(64) NOT NULL,\n\t\tvalue \t\tLONGBLOB,\n\t\tPRIMARY KEY (table_id, is_index, hist_id) CLUSTERED\n\t);"] [user=]
[2026/07/25 00:03:44.216 +08:00] [INFO] [split_region.go:86] ["split batch regions request"] ["split key count"=1] ["batch count"=1] ["first batch, region ID"=16] ["first split key"=748000000000000030]
[2026/07/25 00:03:44.216 +08:00] [INFO] [executor.go:7606] ["system variable tidb_scatter_region not found, use default value"] [category=ddl]
[2026/07/25 00:03:44.217 +08:00] [WARN] [global_controller.go:850] ["[resource group controller] resource group name does not exist"] [name=default]
[2026/07/25 00:03:44.221 +08:00] [WARN] [global_controller.go:850] ["[resource group controller] resource group name does not exist"] [name=default]
[2026/07/25 00:03:44.221 +08:00] [WARN] [global_controller.go:850] ["[resource group controller] resource group name does not exist"] [name=default]
[2026/07/25 00:03:44.225 +08:00] [INFO] [split_region.go:192] ["batch split regions complete"] ["batch region ID"=16] ["first at"=748000000000000030] ["first new region left"="{Id:62 StartKey:7480000000000000FF2E00000000000000F8 EndKey:7480000000000000FF3000000000000000F8 RegionEpoch:{ConfVer:1 Version:31} Peers:[id:63 store_id:1 ] EncryptionMeta:<nil> IsInFlashback:false FlashbackStartTs:0}"] ["new region count"=1]
[2026/07/25 00:03:44.225 +08:00] [INFO] [split_region.go:241] ["split regions complete"] ["region count"=1] ["region IDs"="[62]"]
[2026/07/25 00:03:44.225 +08:00] [INFO] [job_submitter.go:118] ["add DDL jobs"] [category=ddl] ["batch count"=1] [jobs="ID:51, Type:create table, State:queueing, SchemaState:none, SchemaID:1, TableID:50, RowCount:0, ArgLen:1, start time: 2026-07-25 00:03:44.178 +0800 CST, Err:<nil>, ErrCount:0, SnapshotVersion:0, Version: v2; "] [fast_create=true]
[2026/07/25 00:03:44.225 +08:00] [INFO] [executor.go:7285] ["DDL job submitted"] [category=ddl] [job="ID:51, Type:create table, State:queueing, SchemaState:none, SchemaID:1, TableID:50, RowCount:0, ArgLen:1, start time: 2026-07-25 00:03:44.178 +0800 CST, Err:<nil>, ErrCount:0, SnapshotVersion:0, Version: v2"] [query="CREATE TABLE IF NOT EXISTS mysql.global_grants (\n\t\tUSER char(32) NOT NULL DEFAULT '',\n\t\tHOST char(255) NOT NULL DEFAULT '',\n\t\tPRIV char(32) NOT NULL DEFAULT '',\n\t\tWITH_GRANT_OPTION enum('N','Y') NOT NULL DEFAULT 'N',\n\t\tPRIMARY KEY (USER,HOST,PRIV),\n\t\tKEY i_user (USER)\n\t);"]
[2026/07/25 00:03:44.226 +08:00] [WARN] [global_controller.go:850] ["[resource group controller] resource group name does not exist"] [name=default]
[2026/07/25 00:03:44.226 +08:00] [WARN] [global_controller.go:850] ["[resource group controller] resource group name does not exist"] [name=default]
[2026/07/25 00:03:44.229 +08:00] [INFO] [job_worker.go:854] ["run one job step"] [category=ddl] [jobID=51] [job="ID:51, Type:create table, State:queueing, SchemaState:none, SchemaID:1, TableID:50, RowCount:0, ArgLen:0, start time: 2026-07-25 00:03:44.178 +0800 CST, Err:<nil>, ErrCount:0, SnapshotVersion:0, Version: v2"]
[2026/07/25 00:03:44.234 +08:00] [WARN] [global_controller.go:850] ["[resource group controller] resource group name does not exist"] [name=default]
[2026/07/25 00:03:44.235 +08:00] [WARN] [global_controller.go:850] ["[resource group controller] resource group name does not exist"] [name=default]
[2026/07/25 00:03:44.235 +08:00] [WARN] [global_controller.go:850] ["[resource group controller] resource group name does not exist"] [name=default]
[2026/07/25 00:03:44.240 +08:00] [INFO] [loader.go:216] ["diff load InfoSchema success"] [mode=auto] [isV2=true] [currVer=24] [neededVer=25] [gotVer=25] ["elapsed time"=281.75µs] [phyTblIDs="[50]"] [actionTypes="[3]"] [diffTypes="[\"create table\"]"]
[2026/07/25 00:03:44.241 +08:00] [INFO] [syncer.go:258] ["session manager is nil"]
[2026/07/25 00:03:44.241 +08:00] [INFO] [syncer.go:281] ["mdl gets lock, update self version to owner"] [jobID=51] [version=25]
[2026/07/25 00:03:44.246 +08:00] [INFO] [schema_version.go:397] ["wait schema version synced success"] [category=ddl] [ver=25] [checkAssumedSvr=false] ["take time"=6.097375ms] [job="ID:51, Type:create table, State:done, SchemaState:public, SchemaID:1, TableID:50, RowCount:0, ArgLen:1, start time: 2026-07-25 00:03:44.178 +0800 CST, Err:<nil>, ErrCount:0, SnapshotVersion:0, Version: v2"] [summary="server count: 1"]
[2026/07/25 00:03:44.247 +08:00] [WARN] [global_controller.go:850] ["[resource group controller] resource group name does not exist"] [name=default]
[2026/07/25 00:03:44.247 +08:00] [WARN] [global_controller.go:850] ["[resource group controller] resource group name does not exist"] [name=default]
[2026/07/25 00:03:44.247 +08:00] [WARN] [global_controller.go:850] ["[resource group controller] resource group name does not exist"] [name=default]
[2026/07/25 00:03:44.247 +08:00] [WARN] [global_controller.go:850] ["[resource group controller] resource group name does not exist"] [name=default]
[2026/07/25 00:03:44.247 +08:00] [WARN] [global_controller.go:850] ["[resource group controller] resource group name does not exist"] [name=default]
[2026/07/25 00:03:44.247 +08:00] [INFO] [job_worker.go:447] ["finish DDL job"] [category=ddl] [jobID=51] [job="ID:51, Type:create table, State:synced, SchemaState:public, SchemaID:1, TableID:50, RowCount:0, ArgLen:0, start time: 2026-07-25 00:03:44.178 +0800 CST, Err:<nil>, ErrCount:0, SnapshotVersion:0, Version: v2"]
[2026/07/25 00:03:44.248 +08:00] [WARN] [global_controller.go:850] ["[resource group controller] resource group name does not exist"] [name=default]
[2026/07/25 00:03:44.249 +08:00] [WARN] [global_controller.go:850] ["[resource group controller] resource group name does not exist"] [name=default]
[2026/07/25 00:03:44.249 +08:00] [WARN] [global_controller.go:850] ["[resource group controller] resource group name does not exist"] [name=default]
[2026/07/25 00:03:44.249 +08:00] [INFO] [executor.go:7423] ["DDL job is finished"] [category=ddl] [jobID=51]
[2026/07/25 00:03:44.249 +08:00] [INFO] [session.go:5229] ["CRUCIAL OPERATION"] [conn=0] [schemaVersion=25] [cur_db=mysql] [sql="CREATE TABLE IF NOT EXISTS mysql.global_grants (\n\t\tUSER char(32) NOT NULL DEFAULT '',\n\t\tHOST char(255) NOT NULL DEFAULT '',\n\t\tPRIV char(32) NOT NULL DEFAULT '',\n\t\tWITH_GRANT_OPTION enum('N','Y') NOT NULL DEFAULT 'N',\n\t\tPRIMARY KEY (USER,HOST,PRIV),\n\t\tKEY i_user (USER)\n\t);"] [user=]
[2026/07/25 00:03:44.249 +08:00] [INFO] [split_region.go:86] ["split batch regions request"] ["split key count"=1] ["batch count"=1] ["first batch, region ID"=16] ["first split key"=748000000000000032]
[2026/07/25 00:03:44.250 +08:00] [INFO] [executor.go:7606] ["system variable tidb_scatter_region not found, use default value"] [category=ddl]
[2026/07/25 00:03:44.250 +08:00] [WARN] [global_controller.go:850] ["[resource group controller] resource group name does not exist"] [name=default]
[2026/07/25 00:03:44.254 +08:00] [WARN] [global_controller.go:850] ["[resource group controller] resource group name does not exist"] [name=default]
[2026/07/25 00:03:44.254 +08:00] [WARN] [global_controller.go:850] ["[resource group controller] resource group name does not exist"] [name=default]
[2026/07/25 00:03:44.258 +08:00] [INFO] [split_region.go:192] ["batch split regions complete"] ["batch region ID"=16] ["first at"=748000000000000032] ["first new region left"="{Id:64 StartKey:7480000000000000FF3000000000000000F8 EndKey:7480000000000000FF3200000000000000F8 RegionEpoch:{ConfVer:1 Version:32} Peers:[id:65 store_id:1 ] EncryptionMeta:<nil> IsInFlashback:false FlashbackStartTs:0}"] ["new region count"=1]
[2026/07/25 00:03:44.258 +08:00] [INFO] [split_region.go:241] ["split regions complete"] ["region count"=1] ["region IDs"="[64]"]
[2026/07/25 00:03:44.258 +08:00] [INFO] [job_submitter.go:118] ["add DDL jobs"] [category=ddl] ["batch count"=1] [jobs="ID:53, Type:create table, State:queueing, SchemaState:none, SchemaID:1, TableID:52, RowCount:0, ArgLen:1, start time: 2026-07-25 00:03:44.228 +0800 CST, Err:<nil>, ErrCount:0, SnapshotVersion:0, Version: v2; "] [fast_create=true]
[2026/07/25 00:03:44.258 +08:00] [INFO] [executor.go:7285] ["DDL job submitted"] [category=ddl] [job="ID:53, Type:create table, State:queueing, SchemaState:none, SchemaID:1, TableID:52, RowCount:0, ArgLen:1, start time: 2026-07-25 00:03:44.228 +0800 CST, Err:<nil>, ErrCount:0, SnapshotVersion:0, Version: v2"] [query="CREATE TABLE IF NOT EXISTS mysql.capture_plan_baselines_blacklist (\n\t\tid bigint(64) auto_increment,\n\t\tfilter_type varchar(32) NOT NULL COMMENT \"type of the filter, only db, table and frequency supported now\",\n\t\tfilter_value varchar(32) NOT NULL,\n\t\tkey idx(filter_type),\n\t\tprimary key(id)\n\t);"]
[2026/07/25 00:03:44.259 +08:00] [WARN] [global_controller.go:850] ["[resource group controller] resource group name does not exist"] [name=default]
[2026/07/25 00:03:44.259 +08:00] [WARN] [global_controller.go:850] ["[resource group controller] resource group name does not exist"] [name=default]
[2026/07/25 00:03:44.259 +08:00] [INFO] [job_worker.go:854] ["run one job step"] [category=ddl] [jobID=53] [job="ID:53, Type:create table, State:queueing, SchemaState:none, SchemaID:1, TableID:52, RowCount:0, ArgLen:0, start time: 2026-07-25 00:03:44.228 +0800 CST, Err:<nil>, ErrCount:0, SnapshotVersion:0, Version: v2"]
[2026/07/25 00:03:44.260 +08:00] [WARN] [global_controller.go:850] ["[resource group controller] resource group name does not exist"] [name=default]
[2026/07/25 00:03:44.260 +08:00] [WARN] [global_controller.go:850] ["[resource group controller] resource group name does not exist"] [name=default]
[2026/07/25 00:03:44.261 +08:00] [WARN] [global_controller.go:850] ["[resource group controller] resource group name does not exist"] [name=default]
[2026/07/25 00:03:44.266 +08:00] [INFO] [loader.go:216] ["diff load InfoSchema success"] [mode=auto] [isV2=true] [currVer=25] [neededVer=26] [gotVer=26] ["elapsed time"=266.958µs] [phyTblIDs="[52]"] [actionTypes="[3]"] [diffTypes="[\"create table\"]"]
[2026/07/25 00:03:44.267 +08:00] [INFO] [syncer.go:258] ["session manager is nil"]
[2026/07/25 00:03:44.267 +08:00] [INFO] [syncer.go:281] ["mdl gets lock, update self version to owner"] [jobID=53] [version=26]
[2026/07/25 00:03:44.272 +08:00] [INFO] [schema_version.go:397] ["wait schema version synced success"] [category=ddl] [ver=26] [checkAssumedSvr=false] ["take time"=6.128958ms] [job="ID:53, Type:create table, State:done, SchemaState:public, SchemaID:1, TableID:52, RowCount:0, ArgLen:1, start time: 2026-07-25 00:03:44.228 +0800 CST, Err:<nil>, ErrCount:0, SnapshotVersion:0, Version: v2"] [summary="server count: 1"]
[2026/07/25 00:03:44.273 +08:00] [WARN] [global_controller.go:850] ["[resource group controller] resource group name does not exist"] [name=default]
[2026/07/25 00:03:44.273 +08:00] [WARN] [global_controller.go:850] ["[resource group controller] resource group name does not exist"] [name=default]
[2026/07/25 00:03:44.273 +08:00] [WARN] [global_controller.go:850] ["[resource group controller] resource group name does not exist"] [name=default]
[2026/07/25 00:03:44.273 +08:00] [WARN] [global_controller.go:850] ["[resource group controller] resource group name does not exist"] [name=default]
[2026/07/25 00:03:44.273 +08:00] [WARN] [global_controller.go:850] ["[resource group controller] resource group name does not exist"] [name=default]
[2026/07/25 00:03:44.273 +08:00] [INFO] [job_worker.go:447] ["finish DDL job"] [category=ddl] [jobID=53] [job="ID:53, Type:create table, State:synced, SchemaState:public, SchemaID:1, TableID:52, RowCount:0, ArgLen:0, start time: 2026-07-25 00:03:44.228 +0800 CST, Err:<nil>, ErrCount:0, SnapshotVersion:0, Version: v2"]
[2026/07/25 00:03:44.274 +08:00] [WARN] [global_controller.go:850] ["[resource group controller] resource group name does not exist"] [name=default]
[2026/07/25 00:03:44.275 +08:00] [WARN] [global_controller.go:850] ["[resource group controller] resource group name does not exist"] [name=default]
[2026/07/25 00:03:44.275 +08:00] [INFO] [executor.go:7423] ["DDL job is finished"] [category=ddl] [jobID=53]
[2026/07/25 00:03:44.275 +08:00] [WARN] [global_controller.go:850] ["[resource group controller] resource group name does not exist"] [name=default]
[2026/07/25 00:03:44.275 +08:00] [INFO] [session.go:5229] ["CRUCIAL OPERATION"] [conn=0] [schemaVersion=26] [cur_db=mysql] [sql="CREATE TABLE IF NOT EXISTS mysql.capture_plan_baselines_blacklist (\n\t\tid bigint(64) auto_increment,\n\t\tfilter_type varchar(32) NOT NULL COMMENT \"type of the filter, only db, table and frequency supported now\",\n\t\tfilter_value varchar(32) NOT NULL,\n\t\tkey idx(filter_type),\n\t\tprimary key(id)\n\t);"] [user=]
[2026/07/25 00:03:44.275 +08:00] [INFO] [split_region.go:86] ["split batch regions request"] ["split key count"=1] ["batch count"=1] ["first batch, region ID"=16] ["first split key"=748000000000000034]
[2026/07/25 00:03:44.275 +08:00] [INFO] [executor.go:7606] ["system variable tidb_scatter_region not found, use default value"] [category=ddl]
[2026/07/25 00:03:44.276 +08:00] [WARN] [global_controller.go:850] ["[resource group controller] resource group name does not exist"] [name=default]
[2026/07/25 00:03:44.280 +08:00] [WARN] [global_controller.go:850] ["[resource group controller] resource group name does not exist"] [name=default]
[2026/07/25 00:03:44.280 +08:00] [WARN] [global_controller.go:850] ["[resource group controller] resource group name does not exist"] [name=default]
[2026/07/25 00:03:44.284 +08:00] [INFO] [split_region.go:192] ["batch split regions complete"] ["batch region ID"=16] ["first at"=748000000000000034] ["first new region left"="{Id:66 StartKey:7480000000000000FF3200000000000000F8 EndKey:7480000000000000FF3400000000000000F8 RegionEpoch:{ConfVer:1 Version:33} Peers:[id:67 store_id:1 ] EncryptionMeta:<nil> IsInFlashback:false FlashbackStartTs:0}"] ["new region count"=1]
[2026/07/25 00:03:44.284 +08:00] [INFO] [split_region.go:241] ["split regions complete"] ["region count"=1] ["region IDs"="[66]"]
[2026/07/25 00:03:44.285 +08:00] [INFO] [job_submitter.go:118] ["add DDL jobs"] [category=ddl] ["batch count"=1] [jobs="ID:55, Type:create table, State:queueing, SchemaState:none, SchemaID:1, TableID:54, RowCount:0, ArgLen:1, start time: 2026-07-25 00:03:44.278 +0800 CST, Err:<nil>, ErrCount:0, SnapshotVersion:0, Version: v2; "] [fast_create=true]
[2026/07/25 00:03:44.285 +08:00] [INFO] [executor.go:7285] ["DDL job submitted"] [category=ddl] [job="ID:55, Type:create table, State:queueing, SchemaState:none, SchemaID:1, TableID:54, RowCount:0, ArgLen:1, start time: 2026-07-25 00:03:44.278 +0800 CST, Err:<nil>, ErrCount:0, SnapshotVersion:0, Version: v2"] [query="CREATE TABLE IF NOT EXISTS mysql.column_stats_usage (\n\t\ttable_id BIGINT(64) NOT NULL,\n\t\tcolumn_id BIGINT(64) NOT NULL,\n\t\tlast_used_at TIMESTAMP,\n\t\tlast_analyzed_at TIMESTAMP,\n\t\tPRIMARY KEY (table_id, column_id) CLUSTERED\n\t);"]
[2026/07/25 00:03:44.285 +08:00] [WARN] [global_controller.go:850] ["[resource group controller] resource group name does not exist"] [name=default]
[2026/07/25 00:03:44.285 +08:00] [WARN] [global_controller.go:850] ["[resource group controller] resource group name does not exist"] [name=default]
[2026/07/25 00:03:44.285 +08:00] [INFO] [job_worker.go:854] ["run one job step"] [category=ddl] [jobID=55] [job="ID:55, Type:create table, State:queueing, SchemaState:none, SchemaID:1, TableID:54, RowCount:0, ArgLen:0, start time: 2026-07-25 00:03:44.278 +0800 CST, Err:<nil>, ErrCount:0, SnapshotVersion:0, Version: v2"]
[2026/07/25 00:03:44.287 +08:00] [WARN] [global_controller.go:850] ["[resource group controller] resource group name does not exist"] [name=default]
[2026/07/25 00:03:44.287 +08:00] [WARN] [global_controller.go:850] ["[resource group controller] resource group name does not exist"] [name=default]
[2026/07/25 00:03:44.287 +08:00] [WARN] [global_controller.go:850] ["[resource group controller] resource group name does not exist"] [name=default]
[2026/07/25 00:03:44.292 +08:00] [INFO] [loader.go:216] ["diff load InfoSchema success"] [mode=auto] [isV2=true] [currVer=26] [neededVer=27] [gotVer=27] ["elapsed time"=288.25µs] [phyTblIDs="[54]"] [actionTypes="[3]"] [diffTypes="[\"create table\"]"]
[2026/07/25 00:03:44.293 +08:00] [INFO] [syncer.go:258] ["session manager is nil"]
[2026/07/25 00:03:44.293 +08:00] [INFO] [syncer.go:281] ["mdl gets lock, update self version to owner"] [jobID=55] [version=27]
[2026/07/25 00:03:44.298 +08:00] [INFO] [schema_version.go:397] ["wait schema version synced success"] [category=ddl] [ver=27] [checkAssumedSvr=false] ["take time"=6.355625ms] [job="ID:55, Type:create table, State:done, SchemaState:public, SchemaID:1, TableID:54, RowCount:0, ArgLen:1, start time: 2026-07-25 00:03:44.278 +0800 CST, Err:<nil>, ErrCount:0, SnapshotVersion:0, Version: v2"] [summary="server count: 1"]
[2026/07/25 00:03:44.299 +08:00] [WARN] [global_controller.go:850] ["[resource group controller] resource group name does not exist"] [name=default]
[2026/07/25 00:03:44.299 +08:00] [WARN] [global_controller.go:850] ["[resource group controller] resource group name does not exist"] [name=default]
[2026/07/25 00:03:44.299 +08:00] [WARN] [global_controller.go:850] ["[resource group controller] resource group name does not exist"] [name=default]
[2026/07/25 00:03:44.300 +08:00] [WARN] [global_controller.go:850] ["[resource group controller] resource group name does not exist"] [name=default]
[2026/07/25 00:03:44.300 +08:00] [WARN] [global_controller.go:850] ["[resource group controller] resource group name does not exist"] [name=default]
[2026/07/25 00:03:44.300 +08:00] [INFO] [job_worker.go:447] ["finish DDL job"] [category=ddl] [jobID=55] [job="ID:55, Type:create table, State:synced, SchemaState:public, SchemaID:1, TableID:54, RowCount:0, ArgLen:0, start time: 2026-07-25 00:03:44.278 +0800 CST, Err:<nil>, ErrCount:0, SnapshotVersion:0, Version: v2"]
[2026/07/25 00:03:44.300 +08:00] [WARN] [global_controller.go:850] ["[resource group controller] resource group name does not exist"] [name=default]
[2026/07/25 00:03:44.301 +08:00] [WARN] [global_controller.go:850] ["[resource group controller] resource group name does not exist"] [name=default]
[2026/07/25 00:03:44.302 +08:00] [INFO] [executor.go:7423] ["DDL job is finished"] [category=ddl] [jobID=55]
[2026/07/25 00:03:44.302 +08:00] [WARN] [global_controller.go:850] ["[resource group controller] resource group name does not exist"] [name=default]
[2026/07/25 00:03:44.302 +08:00] [INFO] [session.go:5229] ["CRUCIAL OPERATION"] [conn=0] [schemaVersion=27] [cur_db=mysql] [sql="CREATE TABLE IF NOT EXISTS mysql.column_stats_usage (\n\t\ttable_id BIGINT(64) NOT NULL,\n\t\tcolumn_id BIGINT(64) NOT NULL,\n\t\tlast_used_at TIMESTAMP,\n\t\tlast_analyzed_at TIMESTAMP,\n\t\tPRIMARY KEY (table_id, column_id) CLUSTERED\n\t);"] [user=]
[2026/07/25 00:03:44.302 +08:00] [INFO] [split_region.go:86] ["split batch regions request"] ["split key count"=1] ["batch count"=1] ["first batch, region ID"=16] ["first split key"=748000000000000036]
[2026/07/25 00:03:44.302 +08:00] [INFO] [executor.go:7606] ["system variable tidb_scatter_region not found, use default value"] [category=ddl]
[2026/07/25 00:03:44.302 +08:00] [WARN] [global_controller.go:850] ["[resource group controller] resource group name does not exist"] [name=default]
[2026/07/25 00:03:44.306 +08:00] [WARN] [global_controller.go:850] ["[resource group controller] resource group name does not exist"] [name=default]
[2026/07/25 00:03:44.306 +08:00] [WARN] [global_controller.go:850] ["[resource group controller] resource group name does not exist"] [name=default]
[2026/07/25 00:03:44.310 +08:00] [INFO] [split_region.go:192] ["batch split regions complete"] ["batch region ID"=16] ["first at"=748000000000000036] ["first new region left"="{Id:68 StartKey:7480000000000000FF3400000000000000F8 EndKey:7480000000000000FF3600000000000000F8 RegionEpoch:{ConfVer:1 Version:34} Peers:[id:69 store_id:1 ] EncryptionMeta:<nil> IsInFlashback:false FlashbackStartTs:0}"] ["new region count"=1]
[2026/07/25 00:03:44.310 +08:00] [INFO] [split_region.go:241] ["split regions complete"] ["region count"=1] ["region IDs"="[68]"]
[2026/07/25 00:03:44.311 +08:00] [INFO] [job_submitter.go:118] ["add DDL jobs"] [category=ddl] ["batch count"=1] [jobs="ID:57, Type:create table, State:queueing, SchemaState:none, SchemaID:1, TableID:56, RowCount:0, ArgLen:1, start time: 2026-07-25 00:03:44.278 +0800 CST, Err:<nil>, ErrCount:0, SnapshotVersion:0, Version: v2; "] [fast_create=true]
[2026/07/25 00:03:44.311 +08:00] [INFO] [executor.go:7285] ["DDL job submitted"] [category=ddl] [job="ID:57, Type:create table, State:queueing, SchemaState:none, SchemaID:1, TableID:56, RowCount:0, ArgLen:1, start time: 2026-07-25 00:03:44.278 +0800 CST, Err:<nil>, ErrCount:0, SnapshotVersion:0, Version: v2"] [query="CREATE TABLE IF NOT EXISTS mysql.table_cache_meta (\n\t\ttid bigint(11) NOT NULL DEFAULT 0,\n\t\tlock_type enum('NONE','READ', 'INTEND', 'WRITE') NOT NULL DEFAULT 'NONE',\n\t\tlease bigint(20) NOT NULL DEFAULT 0,\n\t\toldReadLease bigint(20) NOT NULL DEFAULT 0,\n\t\tPRIMARY KEY (tid)\n\t);"]
[2026/07/25 00:03:44.312 +08:00] [WARN] [global_controller.go:850] ["[resource group controller] resource group name does not exist"] [name=default]
[2026/07/25 00:03:44.312 +08:00] [WARN] [global_controller.go:850] ["[resource group controller] resource group name does not exist"] [name=default]
[2026/07/25 00:03:44.312 +08:00] [INFO] [job_worker.go:854] ["run one job step"] [category=ddl] [jobID=57] [job="ID:57, Type:create table, State:queueing, SchemaState:none, SchemaID:1, TableID:56, RowCount:0, ArgLen:0, start time: 2026-07-25 00:03:44.278 +0800 CST, Err:<nil>, ErrCount:0, SnapshotVersion:0, Version: v2"]
[2026/07/25 00:03:44.313 +08:00] [WARN] [global_controller.go:850] ["[resource group controller] resource group name does not exist"] [name=default]
[2026/07/25 00:03:44.313 +08:00] [WARN] [global_controller.go:850] ["[resource group controller] resource group name does not exist"] [name=default]
[2026/07/25 00:03:44.313 +08:00] [WARN] [global_controller.go:850] ["[resource group controller] resource group name does not exist"] [name=default]
[2026/07/25 00:03:44.319 +08:00] [INFO] [loader.go:216] ["diff load InfoSchema success"] [mode=auto] [isV2=true] [currVer=27] [neededVer=28] [gotVer=28] ["elapsed time"=279.667µs] [phyTblIDs="[56]"] [actionTypes="[3]"] [diffTypes="[\"create table\"]"]
[2026/07/25 00:03:44.320 +08:00] [INFO] [syncer.go:258] ["session manager is nil"]
[2026/07/25 00:03:44.320 +08:00] [INFO] [syncer.go:281] ["mdl gets lock, update self version to owner"] [jobID=57] [version=28]
[2026/07/25 00:03:44.325 +08:00] [INFO] [schema_version.go:397] ["wait schema version synced success"] [category=ddl] [ver=28] [checkAssumedSvr=false] ["take time"=6.087958ms] [job="ID:57, Type:create table, State:done, SchemaState:public, SchemaID:1, TableID:56, RowCount:0, ArgLen:1, start time: 2026-07-25 00:03:44.278 +0800 CST, Err:<nil>, ErrCount:0, SnapshotVersion:0, Version: v2"] [summary="server count: 1"]
[2026/07/25 00:03:44.326 +08:00] [WARN] [global_controller.go:850] ["[resource group controller] resource group name does not exist"] [name=default]
[2026/07/25 00:03:44.326 +08:00] [WARN] [global_controller.go:850] ["[resource group controller] resource group name does not exist"] [name=default]
[2026/07/25 00:03:44.326 +08:00] [WARN] [global_controller.go:850] ["[resource group controller] resource group name does not exist"] [name=default]
[2026/07/25 00:03:44.327 +08:00] [WARN] [global_controller.go:850] ["[resource group controller] resource group name does not exist"] [name=default]
[2026/07/25 00:03:44.327 +08:00] [WARN] [global_controller.go:850] ["[resource group controller] resource group name does not exist"] [name=default]
[2026/07/25 00:03:44.327 +08:00] [INFO] [job_worker.go:447] ["finish DDL job"] [category=ddl] [jobID=57] [job="ID:57, Type:create table, State:synced, SchemaState:public, SchemaID:1, TableID:56, RowCount:0, ArgLen:0, start time: 2026-07-25 00:03:44.278 +0800 CST, Err:<nil>, ErrCount:0, SnapshotVersion:0, Version: v2"]
[2026/07/25 00:03:44.327 +08:00] [WARN] [global_controller.go:850] ["[resource group controller] resource group name does not exist"] [name=default]
[2026/07/25 00:03:44.329 +08:00] [WARN] [global_controller.go:850] ["[resource group controller] resource group name does not exist"] [name=default]
[2026/07/25 00:03:44.329 +08:00] [INFO] [executor.go:7423] ["DDL job is finished"] [category=ddl] [jobID=57]
[2026/07/25 00:03:44.329 +08:00] [INFO] [session.go:5229] ["CRUCIAL OPERATION"] [conn=0] [schemaVersion=28] [cur_db=mysql] [sql="CREATE TABLE IF NOT EXISTS mysql.table_cache_meta (\n\t\ttid bigint(11) NOT NULL DEFAULT 0,\n\t\tlock_type enum('NONE','READ', 'INTEND', 'WRITE') NOT NULL DEFAULT 'NONE',\n\t\tlease bigint(20) NOT NULL DEFAULT 0,\n\t\toldReadLease bigint(20) NOT NULL DEFAULT 0,\n\t\tPRIMARY KEY (tid)\n\t);"] [user=]
[2026/07/25 00:03:44.329 +08:00] [WARN] [global_controller.go:850] ["[resource group controller] resource group name does not exist"] [name=default]
[2026/07/25 00:03:44.329 +08:00] [INFO] [split_region.go:86] ["split batch regions request"] ["split key count"=1] ["batch count"=1] ["first batch, region ID"=16] ["first split key"=748000000000000038]
[2026/07/25 00:03:44.329 +08:00] [INFO] [add_column.go:1339] ["Automatically convert BLOB(19372) to MEDIUMBLOB"] [category=ddl]
[2026/07/25 00:03:44.329 +08:00] [INFO] [executor.go:7606] ["system variable tidb_scatter_region not found, use default value"] [category=ddl]
[2026/07/25 00:03:44.330 +08:00] [WARN] [global_controller.go:850] ["[resource group controller] resource group name does not exist"] [name=default]
[2026/07/25 00:03:44.334 +08:00] [WARN] [global_controller.go:850] ["[resource group controller] resource group name does not exist"] [name=default]
[2026/07/25 00:03:44.334 +08:00] [WARN] [global_controller.go:850] ["[resource group controller] resource group name does not exist"] [name=default]
[2026/07/25 00:03:44.342 +08:00] [INFO] [split_region.go:192] ["batch split regions complete"] ["batch region ID"=16] ["first at"=748000000000000038] ["first new region left"="{Id:70 StartKey:7480000000000000FF3600000000000000F8 EndKey:7480000000000000FF3800000000000000F8 RegionEpoch:{ConfVer:1 Version:35} Peers:[id:71 store_id:1 ] EncryptionMeta:<nil> IsInFlashback:false FlashbackStartTs:0}"] ["new region count"=1]
[2026/07/25 00:03:44.342 +08:00] [INFO] [split_region.go:241] ["split regions complete"] ["region count"=1] ["region IDs"="[70]"]
[2026/07/25 00:03:44.346 +08:00] [INFO] [job_submitter.go:118] ["add DDL jobs"] [category=ddl] ["batch count"=1] [jobs="ID:59, Type:create table, State:queueing, SchemaState:none, SchemaID:1, TableID:58, RowCount:0, ArgLen:1, start time: 2026-07-25 00:03:44.328 +0800 CST, Err:<nil>, ErrCount:0, SnapshotVersion:0, Version: v2; "] [fast_create=true]
[2026/07/25 00:03:44.346 +08:00] [INFO] [executor.go:7285] ["DDL job submitted"] [category=ddl] [job="ID:59, Type:create table, State:queueing, SchemaState:none, SchemaID:1, TableID:58, RowCount:0, ArgLen:1, start time: 2026-07-25 00:03:44.328 +0800 CST, Err:<nil>, ErrCount:0, SnapshotVersion:0, Version: v2"] [query="CREATE TABLE IF NOT EXISTS mysql.analyze_options (\n\t\ttable_id BIGINT(64) NOT NULL,\n\t\tsample_num BIGINT(64) NOT NULL DEFAULT 0,\n\t\tsample_rate DOUBLE NOT NULL DEFAULT -1,\n\t\tbuckets BIGINT(64) NOT NULL DEFAULT 0,\n\t\ttopn BIGINT(64) NOT NULL DEFAULT -1,\n\t\tcolumn_choice enum('DEFAULT','ALL','PREDICATE','LIST') NOT NULL DEFAULT 'DEFAULT',\n\t\tcolumn_ids TEXT(19372),\n\t\tPRIMARY KEY (table_id) CLUSTERED\n\t);"]
[2026/07/25 00:03:44.347 +08:00] [WARN] [global_controller.go:850] ["[resource group controller] resource group name does not exist"] [name=default]
[2026/07/25 00:03:44.347 +08:00] [WARN] [global_controller.go:850] ["[resource group controller] resource group name does not exist"] [name=default]
[2026/07/25 00:03:44.347 +08:00] [INFO] [job_worker.go:854] ["run one job step"] [category=ddl] [jobID=59] [job="ID:59, Type:create table, State:queueing, SchemaState:none, SchemaID:1, TableID:58, RowCount:0, ArgLen:0, start time: 2026-07-25 00:03:44.328 +0800 CST, Err:<nil>, ErrCount:0, SnapshotVersion:0, Version: v2"]
[2026/07/25 00:03:44.348 +08:00] [WARN] [global_controller.go:850] ["[resource group controller] resource group name does not exist"] [name=default]
[2026/07/25 00:03:44.348 +08:00] [WARN] [global_controller.go:850] ["[resource group controller] resource group name does not exist"] [name=default]
[2026/07/25 00:03:44.349 +08:00] [WARN] [global_controller.go:850] ["[resource group controller] resource group name does not exist"] [name=default]
[2026/07/25 00:03:44.355 +08:00] [INFO] [loader.go:216] ["diff load InfoSchema success"] [mode=auto] [isV2=true] [currVer=28] [neededVer=29] [gotVer=29] ["elapsed time"=318.333µs] [phyTblIDs="[58]"] [actionTypes="[3]"] [diffTypes="[\"create table\"]"]
[2026/07/25 00:03:44.355 +08:00] [INFO] [syncer.go:258] ["session manager is nil"]
[2026/07/25 00:03:44.355 +08:00] [INFO] [syncer.go:281] ["mdl gets lock, update self version to owner"] [jobID=59] [version=29]
[2026/07/25 00:03:44.360 +08:00] [INFO] [schema_version.go:397] ["wait schema version synced success"] [category=ddl] [ver=29] [checkAssumedSvr=false] ["take time"=5.996459ms] [job="ID:59, Type:create table, State:done, SchemaState:public, SchemaID:1, TableID:58, RowCount:0, ArgLen:1, start time: 2026-07-25 00:03:44.328 +0800 CST, Err:<nil>, ErrCount:0, SnapshotVersion:0, Version: v2"] [summary="server count: 1"]
[2026/07/25 00:03:44.361 +08:00] [WARN] [global_controller.go:850] ["[resource group controller] resource group name does not exist"] [name=default]
[2026/07/25 00:03:44.361 +08:00] [WARN] [global_controller.go:850] ["[resource group controller] resource group name does not exist"] [name=default]
[2026/07/25 00:03:44.362 +08:00] [WARN] [global_controller.go:850] ["[resource group controller] resource group name does not exist"] [name=default]
[2026/07/25 00:03:44.362 +08:00] [WARN] [global_controller.go:850] ["[resource group controller] resource group name does not exist"] [name=default]
[2026/07/25 00:03:44.362 +08:00] [WARN] [global_controller.go:850] ["[resource group controller] resource group name does not exist"] [name=default]
[2026/07/25 00:03:44.362 +08:00] [INFO] [job_worker.go:447] ["finish DDL job"] [category=ddl] [jobID=59] [job="ID:59, Type:create table, State:synced, SchemaState:public, SchemaID:1, TableID:58, RowCount:0, ArgLen:0, start time: 2026-07-25 00:03:44.328 +0800 CST, Err:<nil>, ErrCount:0, SnapshotVersion:0, Version: v2"]
[2026/07/25 00:03:44.362 +08:00] [WARN] [global_controller.go:850] ["[resource group controller] resource group name does not exist"] [name=default]
[2026/07/25 00:03:44.364 +08:00] [WARN] [global_controller.go:850] ["[resource group controller] resource group name does not exist"] [name=default]
[2026/07/25 00:03:44.364 +08:00] [INFO] [executor.go:7423] ["DDL job is finished"] [category=ddl] [jobID=59]
[2026/07/25 00:03:44.364 +08:00] [WARN] [global_controller.go:850] ["[resource group controller] resource group name does not exist"] [name=default]
[2026/07/25 00:03:44.364 +08:00] [INFO] [session.go:5229] ["CRUCIAL OPERATION"] [conn=0] [schemaVersion=29] [cur_db=mysql] [sql="CREATE TABLE IF NOT EXISTS mysql.analyze_options (\n\t\ttable_id BIGINT(64) NOT NULL,\n\t\tsample_num BIGINT(64) NOT NULL DEFAULT 0,\n\t\tsample_rate DOUBLE NOT NULL DEFAULT -1,\n\t\tbuckets BIGINT(64) NOT NULL DEFAULT 0,\n\t\ttopn BIGINT(64) NOT NULL DEFAULT -1,\n\t\tcolumn_choice enum('DEFAULT','ALL','PREDICATE','LIST') NOT NULL DEFAULT 'DEFAULT',\n\t\tcolumn_ids TEXT(19372),\n\t\tPRIMARY KEY (table_id) CLUSTERED\n\t);"] [user=]
[2026/07/25 00:03:44.364 +08:00] [INFO] [split_region.go:86] ["split batch regions request"] ["split key count"=1] ["batch count"=1] ["first batch, region ID"=16] ["first split key"=74800000000000003A]
[2026/07/25 00:03:44.364 +08:00] [INFO] [executor.go:7606] ["system variable tidb_scatter_region not found, use default value"] [category=ddl]
[2026/07/25 00:03:44.365 +08:00] [WARN] [global_controller.go:850] ["[resource group controller] resource group name does not exist"] [name=default]
[2026/07/25 00:03:44.369 +08:00] [WARN] [global_controller.go:850] ["[resource group controller] resource group name does not exist"] [name=default]
[2026/07/25 00:03:44.369 +08:00] [WARN] [global_controller.go:850] ["[resource group controller] resource group name does not exist"] [name=default]
[2026/07/25 00:03:44.372 +08:00] [INFO] [split_region.go:192] ["batch split regions complete"] ["batch region ID"=16] ["first at"=74800000000000003A] ["first new region left"="{Id:72 StartKey:7480000000000000FF3800000000000000F8 EndKey:7480000000000000FF3A00000000000000F8 RegionEpoch:{ConfVer:1 Version:36} Peers:[id:73 store_id:1 ] EncryptionMeta:<nil> IsInFlashback:false FlashbackStartTs:0}"] ["new region count"=1]
[2026/07/25 00:03:44.372 +08:00] [INFO] [split_region.go:241] ["split regions complete"] ["region count"=1] ["region IDs"="[72]"]
[2026/07/25 00:03:44.373 +08:00] [INFO] [job_submitter.go:118] ["add DDL jobs"] [category=ddl] ["batch count"=1] [jobs="ID:61, Type:create table, State:queueing, SchemaState:none, SchemaID:1, TableID:60, RowCount:0, ArgLen:1, start time: 2026-07-25 00:03:44.328 +0800 CST, Err:<nil>, ErrCount:0, SnapshotVersion:0, Version: v2; "] [fast_create=true]
[2026/07/25 00:03:44.373 +08:00] [INFO] [executor.go:7285] ["DDL job submitted"] [category=ddl] [job="ID:61, Type:create table, State:queueing, SchemaState:none, SchemaID:1, TableID:60, RowCount:0, ArgLen:1, start time: 2026-07-25 00:03:44.328 +0800 CST, Err:<nil>, ErrCount:0, SnapshotVersion:0, Version: v2"] [query="CREATE TABLE IF NOT EXISTS mysql.stats_history (\n\t\ttable_id bigint(64) NOT NULL,\n\t\tstats_data longblob NOT NULL,\n\t\tseq_no bigint(64) NOT NULL comment 'sequence number of the gzipped data slice',\n\t\tversion bigint(64) NOT NULL comment 'stats version which corresponding to stats:version in EXPLAIN',\n\t\tcreate_time datetime(6) NOT NULL,\n\t\tPRIMARY KEY (table_id, version, seq_no) CLUSTERED,\n\t\tKEY table_create_time (table_id, create_time, seq_no),\n    \tKEY idx_create_time (create_time)\n\t);"]
[2026/07/25 00:03:44.373 +08:00] [WARN] [global_controller.go:850] ["[resource group controller] resource group name does not exist"] [name=default]
[2026/07/25 00:03:44.373 +08:00] [WARN] [global_controller.go:850] ["[resource group controller] resource group name does not exist"] [name=default]
[2026/07/25 00:03:44.373 +08:00] [INFO] [job_worker.go:854] ["run one job step"] [category=ddl] [jobID=61] [job="ID:61, Type:create table, State:queueing, SchemaState:none, SchemaID:1, TableID:60, RowCount:0, ArgLen:0, start time: 2026-07-25 00:03:44.328 +0800 CST, Err:<nil>, ErrCount:0, SnapshotVersion:0, Version: v2"]
[2026/07/25 00:03:44.375 +08:00] [WARN] [global_controller.go:850] ["[resource group controller] resource group name does not exist"] [name=default]
[2026/07/25 00:03:44.375 +08:00] [WARN] [global_controller.go:850] ["[resource group controller] resource group name does not exist"] [name=default]
[2026/07/25 00:03:44.375 +08:00] [WARN] [global_controller.go:850] ["[resource group controller] resource group name does not exist"] [name=default]
[2026/07/25 00:03:44.381 +08:00] [INFO] [loader.go:216] ["diff load InfoSchema success"] [mode=auto] [isV2=true] [currVer=29] [neededVer=30] [gotVer=30] ["elapsed time"=358.834µs] [phyTblIDs="[60]"] [actionTypes="[3]"] [diffTypes="[\"create table\"]"]
[2026/07/25 00:03:44.382 +08:00] [INFO] [syncer.go:258] ["session manager is nil"]
[2026/07/25 00:03:44.382 +08:00] [INFO] [syncer.go:281] ["mdl gets lock, update self version to owner"] [jobID=61] [version=30]
[2026/07/25 00:03:44.387 +08:00] [INFO] [schema_version.go:397] ["wait schema version synced success"] [category=ddl] [ver=30] [checkAssumedSvr=false] ["take time"=6.146542ms] [job="ID:61, Type:create table, State:done, SchemaState:public, SchemaID:1, TableID:60, RowCount:0, ArgLen:1, start time: 2026-07-25 00:03:44.328 +0800 CST, Err:<nil>, ErrCount:0, SnapshotVersion:0, Version: v2"] [summary="server count: 1"]
[2026/07/25 00:03:44.388 +08:00] [WARN] [global_controller.go:850] ["[resource group controller] resource group name does not exist"] [name=default]
[2026/07/25 00:03:44.388 +08:00] [WARN] [global_controller.go:850] ["[resource group controller] resource group name does not exist"] [name=default]
[2026/07/25 00:03:44.388 +08:00] [WARN] [global_controller.go:850] ["[resource group controller] resource group name does not exist"] [name=default]
[2026/07/25 00:03:44.389 +08:00] [WARN] [global_controller.go:850] ["[resource group controller] resource group name does not exist"] [name=default]
[2026/07/25 00:03:44.389 +08:00] [WARN] [global_controller.go:850] ["[resource group controller] resource group name does not exist"] [name=default]
[2026/07/25 00:03:44.389 +08:00] [INFO] [job_worker.go:447] ["finish DDL job"] [category=ddl] [jobID=61] [job="ID:61, Type:create table, State:synced, SchemaState:public, SchemaID:1, TableID:60, RowCount:0, ArgLen:0, start time: 2026-07-25 00:03:44.328 +0800 CST, Err:<nil>, ErrCount:0, SnapshotVersion:0, Version: v2"]
[2026/07/25 00:03:44.389 +08:00] [WARN] [global_controller.go:850] ["[resource group controller] resource group name does not exist"] [name=default]
[2026/07/25 00:03:44.390 +08:00] [WARN] [global_controller.go:850] ["[resource group controller] resource group name does not exist"] [name=default]
[2026/07/25 00:03:44.391 +08:00] [WARN] [global_controller.go:850] ["[resource group controller] resource group name does not exist"] [name=default]
[2026/07/25 00:03:44.391 +08:00] [INFO] [executor.go:7423] ["DDL job is finished"] [category=ddl] [jobID=61]
[2026/07/25 00:03:44.391 +08:00] [INFO] [session.go:5229] ["CRUCIAL OPERATION"] [conn=0] [schemaVersion=30] [cur_db=mysql] [sql="CREATE TABLE IF NOT EXISTS mysql.stats_history (\n\t\ttable_id bigint(64) NOT NULL,\n\t\tstats_data longblob NOT NULL,\n\t\tseq_no bigint(64) NOT NULL comment 'sequence number of the gzipped data slice',\n\t\tversion bigint(64) NOT NULL comment 'stats version which corresponding to stats:version in EXPLAIN',\n\t\tcreate_time datetime(6) NOT NULL,\n\t\tPRIMARY KEY (table_id, version, seq_no) CLUSTERED,\n\t\tKEY table_create_time (table_id, create_time, seq_no),\n    \tKEY idx_create_time (create_time)\n\t);"] [user=]
[2026/07/25 00:03:44.391 +08:00] [INFO] [split_region.go:86] ["split batch regions request"] ["split key count"=1] ["batch count"=1] ["first batch, region ID"=16] ["first split key"=74800000000000003C]
[2026/07/25 00:03:44.391 +08:00] [INFO] [executor.go:7606] ["system variable tidb_scatter_region not found, use default value"] [category=ddl]
[2026/07/25 00:03:44.392 +08:00] [WARN] [global_controller.go:850] ["[resource group controller] resource group name does not exist"] [name=default]
[2026/07/25 00:03:44.395 +08:00] [WARN] [global_controller.go:850] ["[resource group controller] resource group name does not exist"] [name=default]
[2026/07/25 00:03:44.395 +08:00] [WARN] [global_controller.go:850] ["[resource group controller] resource group name does not exist"] [name=default]
[2026/07/25 00:03:44.399 +08:00] [INFO] [split_region.go:192] ["batch split regions complete"] ["batch region ID"=16] ["first at"=74800000000000003C] ["first new region left"="{Id:74 StartKey:7480000000000000FF3A00000000000000F8 EndKey:7480000000000000FF3C00000000000000F8 RegionEpoch:{ConfVer:1 Version:37} Peers:[id:75 store_id:1 ] EncryptionMeta:<nil> IsInFlashback:false FlashbackStartTs:0}"] ["new region count"=1]
[2026/07/25 00:03:44.399 +08:00] [INFO] [split_region.go:241] ["split regions complete"] ["region count"=1] ["region IDs"="[74]"]
[2026/07/25 00:03:44.399 +08:00] [INFO] [job_submitter.go:118] ["add DDL jobs"] [category=ddl] ["batch count"=1] [jobs="ID:63, Type:create table, State:queueing, SchemaState:none, SchemaID:1, TableID:62, RowCount:0, ArgLen:1, start time: 2026-07-25 00:03:44.378 +0800 CST, Err:<nil>, ErrCount:0, SnapshotVersion:0, Version: v2; "] [fast_create=true]
[2026/07/25 00:03:44.399 +08:00] [INFO] [executor.go:7285] ["DDL job submitted"] [category=ddl] [job="ID:63, Type:create table, State:queueing, SchemaState:none, SchemaID:1, TableID:62, RowCount:0, ArgLen:1, start time: 2026-07-25 00:03:44.378 +0800 CST, Err:<nil>, ErrCount:0, SnapshotVersion:0, Version: v2"] [query="CREATE TABLE IF NOT EXISTS mysql.stats_meta_history (\n\t\ttable_id bigint(64) NOT NULL,\n\t\tmodify_count bigint(64) NOT NULL,\n\t\tcount bigint(64) NOT NULL,\n\t\tversion bigint(64) NOT NULL comment 'stats version which corresponding to stats:version in EXPLAIN',\n    \tsource varchar(40) NOT NULL,\n\t\tcreate_time datetime(6) NOT NULL,\n\t\tPRIMARY KEY (table_id, version) CLUSTERED,\n\t\tKEY table_create_time (table_id, create_time),\n    \tKEY idx_create_time (create_time)\n\t);"]
[2026/07/25 00:03:44.400 +08:00] [WARN] [global_controller.go:850] ["[resource group controller] resource group name does not exist"] [name=default]
[2026/07/25 00:03:44.400 +08:00] [WARN] [global_controller.go:850] ["[resource group controller] resource group name does not exist"] [name=default]
[2026/07/25 00:03:44.400 +08:00] [INFO] [job_worker.go:854] ["run one job step"] [category=ddl] [jobID=63] [job="ID:63, Type:create table, State:queueing, SchemaState:none, SchemaID:1, TableID:62, RowCount:0, ArgLen:0, start time: 2026-07-25 00:03:44.378 +0800 CST, Err:<nil>, ErrCount:0, SnapshotVersion:0, Version: v2"]
[2026/07/25 00:03:44.401 +08:00] [WARN] [global_controller.go:850] ["[resource group controller] resource group name does not exist"] [name=default]
[2026/07/25 00:03:44.401 +08:00] [WARN] [global_controller.go:850] ["[resource group controller] resource group name does not exist"] [name=default]
[2026/07/25 00:03:44.402 +08:00] [WARN] [global_controller.go:850] ["[resource group controller] resource group name does not exist"] [name=default]
[2026/07/25 00:03:44.407 +08:00] [INFO] [loader.go:216] ["diff load InfoSchema success"] [mode=auto] [isV2=true] [currVer=30] [neededVer=31] [gotVer=31] ["elapsed time"=300µs] [phyTblIDs="[62]"] [actionTypes="[3]"] [diffTypes="[\"create table\"]"]
[2026/07/25 00:03:44.408 +08:00] [INFO] [syncer.go:258] ["session manager is nil"]
[2026/07/25 00:03:44.408 +08:00] [INFO] [syncer.go:281] ["mdl gets lock, update self version to owner"] [jobID=63] [version=31]
[2026/07/25 00:03:44.412 +08:00] [INFO] [schema_version.go:397] ["wait schema version synced success"] [category=ddl] [ver=31] [checkAssumedSvr=false] ["take time"=5.09725ms] [job="ID:63, Type:create table, State:done, SchemaState:public, SchemaID:1, TableID:62, RowCount:0, ArgLen:1, start time: 2026-07-25 00:03:44.378 +0800 CST, Err:<nil>, ErrCount:0, SnapshotVersion:0, Version: v2"] [summary="server count: 1"]
[2026/07/25 00:03:44.413 +08:00] [WARN] [global_controller.go:850] ["[resource group controller] resource group name does not exist"] [name=default]
[2026/07/25 00:03:44.413 +08:00] [WARN] [global_controller.go:850] ["[resource group controller] resource group name does not exist"] [name=default]
[2026/07/25 00:03:44.413 +08:00] [WARN] [global_controller.go:850] ["[resource group controller] resource group name does not exist"] [name=default]
[2026/07/25 00:03:44.413 +08:00] [WARN] [global_controller.go:850] ["[resource group controller] resource group name does not exist"] [name=default]
[2026/07/25 00:03:44.413 +08:00] [WARN] [global_controller.go:850] ["[resource group controller] resource group name does not exist"] [name=default]
[2026/07/25 00:03:44.413 +08:00] [INFO] [job_worker.go:447] ["finish DDL job"] [category=ddl] [jobID=63] [job="ID:63, Type:create table, State:synced, SchemaState:public, SchemaID:1, TableID:62, RowCount:0, ArgLen:0, start time: 2026-07-25 00:03:44.378 +0800 CST, Err:<nil>, ErrCount:0, SnapshotVersion:0, Version: v2"]
[2026/07/25 00:03:44.414 +08:00] [WARN] [global_controller.go:850] ["[resource group controller] resource group name does not exist"] [name=default]
[2026/07/25 00:03:44.415 +08:00] [WARN] [global_controller.go:850] ["[resource group controller] resource group name does not exist"] [name=default]
[2026/07/25 00:03:44.415 +08:00] [WARN] [global_controller.go:850] ["[resource group controller] resource group name does not exist"] [name=default]
[2026/07/25 00:03:44.415 +08:00] [INFO] [executor.go:7423] ["DDL job is finished"] [category=ddl] [jobID=63]
[2026/07/25 00:03:44.415 +08:00] [INFO] [session.go:5229] ["CRUCIAL OPERATION"] [conn=0] [schemaVersion=31] [cur_db=mysql] [sql="CREATE TABLE IF NOT EXISTS mysql.stats_meta_history (\n\t\ttable_id bigint(64) NOT NULL,\n\t\tmodify_count bigint(64) NOT NULL,\n\t\tcount bigint(64) NOT NULL,\n\t\tversion bigint(64) NOT NULL comment 'stats version which corresponding to stats:version in EXPLAIN',\n    \tsource varchar(40) NOT NULL,\n\t\tcreate_time datetime(6) NOT NULL,\n\t\tPRIMARY KEY (table_id, version) CLUSTERED,\n\t\tKEY table_create_time (table_id, create_time),\n    \tKEY idx_create_time (create_time)\n\t);"] [user=]
[2026/07/25 00:03:44.415 +08:00] [INFO] [split_region.go:86] ["split batch regions request"] ["split key count"=1] ["batch count"=1] ["first batch, region ID"=16] ["first split key"=74800000000000003E]
[2026/07/25 00:03:44.416 +08:00] [INFO] [executor.go:7606] ["system variable tidb_scatter_region not found, use default value"] [category=ddl]
[2026/07/25 00:03:44.416 +08:00] [WARN] [global_controller.go:850] ["[resource group controller] resource group name does not exist"] [name=default]
[2026/07/25 00:03:44.420 +08:00] [WARN] [global_controller.go:850] ["[resource group controller] resource group name does not exist"] [name=default]
[2026/07/25 00:03:44.421 +08:00] [WARN] [global_controller.go:850] ["[resource group controller] resource group name does not exist"] [name=default]
[2026/07/25 00:03:44.424 +08:00] [INFO] [split_region.go:192] ["batch split regions complete"] ["batch region ID"=16] ["first at"=74800000000000003E] ["first new region left"="{Id:76 StartKey:7480000000000000FF3C00000000000000F8 EndKey:7480000000000000FF3E00000000000000F8 RegionEpoch:{ConfVer:1 Version:38} Peers:[id:77 store_id:1 ] EncryptionMeta:<nil> IsInFlashback:false FlashbackStartTs:0}"] ["new region count"=1]
[2026/07/25 00:03:44.424 +08:00] [INFO] [split_region.go:241] ["split regions complete"] ["region count"=1] ["region IDs"="[76]"]
[2026/07/25 00:03:44.425 +08:00] [INFO] [job_submitter.go:118] ["add DDL jobs"] [category=ddl] ["batch count"=1] [jobs="ID:65, Type:create table, State:queueing, SchemaState:none, SchemaID:1, TableID:64, RowCount:0, ArgLen:1, start time: 2026-07-25 00:03:44.378 +0800 CST, Err:<nil>, ErrCount:0, SnapshotVersion:0, Version: v2; "] [fast_create=true]
[2026/07/25 00:03:44.425 +08:00] [INFO] [executor.go:7285] ["DDL job submitted"] [category=ddl] [job="ID:65, Type:create table, State:queueing, SchemaState:none, SchemaID:1, TableID:64, RowCount:0, ArgLen:1, start time: 2026-07-25 00:03:44.378 +0800 CST, Err:<nil>, ErrCount:0, SnapshotVersion:0, Version: v2"] [query="CREATE TABLE IF NOT EXISTS mysql.analyze_jobs (\n\t\tid BIGINT(64) UNSIGNED NOT NULL AUTO_INCREMENT,\n\t\tupdate_time TIMESTAMP NOT NULL DEFAULT CURRENT_TIMESTAMP ON UPDATE CURRENT_TIMESTAMP,\n\t\ttable_schema CHAR(64) NOT NULL DEFAULT '',\n\t\ttable_name CHAR(64) NOT NULL DEFAULT '',\n\t\tpartition_name CHAR(64) NOT NULL DEFAULT '',\n\t\tjob_info TEXT NOT NULL,\n\t\tprocessed_rows BIGINT(64) UNSIGNED NOT NULL DEFAULT 0,\n\t\tstart_time TIMESTAMP,\n\t\tend_time TIMESTAMP,\n\t\tstate ENUM('pending', 'running', 'finished', 'failed') NOT NULL,\n\t\tfail_reason TEXT,\n\t\tinstance VARCHAR(512) NOT NULL comment 'address of the TiDB instance executing the analyze job',\n\t\tprocess_id BIGINT(64) UNSIGNED comment 'ID of the process executing the analyze job',\n\t\tPRIMARY KEY (id),\n\t\tKEY (update_time),\n\t\tINDEX idx_schema_table_state (table_schema, table_name, state),\n\t\tINDEX idx_schema_table_partition_state (table_schema, table_name, partition_name, state)\n\t);"]
[2026/07/25 00:03:44.425 +08:00] [WARN] [global_controller.go:850] ["[resource group controller] resource group name does not exist"] [name=default]
[2026/07/25 00:03:44.425 +08:00] [WARN] [global_controller.go:850] ["[resource group controller] resource group name does not exist"] [name=default]
[2026/07/25 00:03:44.425 +08:00] [INFO] [job_worker.go:854] ["run one job step"] [category=ddl] [jobID=65] [job="ID:65, Type:create table, State:queueing, SchemaState:none, SchemaID:1, TableID:64, RowCount:0, ArgLen:0, start time: 2026-07-25 00:03:44.378 +0800 CST, Err:<nil>, ErrCount:0, SnapshotVersion:0, Version: v2"]
[2026/07/25 00:03:44.427 +08:00] [WARN] [global_controller.go:850] ["[resource group controller] resource group name does not exist"] [name=default]
[2026/07/25 00:03:44.427 +08:00] [WARN] [global_controller.go:850] ["[resource group controller] resource group name does not exist"] [name=default]
[2026/07/25 00:03:44.428 +08:00] [WARN] [global_controller.go:850] ["[resource group controller] resource group name does not exist"] [name=default]
[2026/07/25 00:03:44.433 +08:00] [INFO] [loader.go:216] ["diff load InfoSchema success"] [mode=auto] [isV2=true] [currVer=31] [neededVer=32] [gotVer=32] ["elapsed time"=348.5µs] [phyTblIDs="[64]"] [actionTypes="[3]"] [diffTypes="[\"create table\"]"]
[2026/07/25 00:03:44.434 +08:00] [INFO] [syncer.go:258] ["session manager is nil"]
[2026/07/25 00:03:44.434 +08:00] [INFO] [syncer.go:281] ["mdl gets lock, update self version to owner"] [jobID=65] [version=32]
[2026/07/25 00:03:44.439 +08:00] [INFO] [schema_version.go:397] ["wait schema version synced success"] [category=ddl] [ver=32] [checkAssumedSvr=false] ["take time"=6.092042ms] [job="ID:65, Type:create table, State:done, SchemaState:public, SchemaID:1, TableID:64, RowCount:0, ArgLen:1, start time: 2026-07-25 00:03:44.378 +0800 CST, Err:<nil>, ErrCount:0, SnapshotVersion:0, Version: v2"] [summary="server count: 1"]
[2026/07/25 00:03:44.440 +08:00] [WARN] [global_controller.go:850] ["[resource group controller] resource group name does not exist"] [name=default]
[2026/07/25 00:03:44.440 +08:00] [WARN] [global_controller.go:850] ["[resource group controller] resource group name does not exist"] [name=default]
[2026/07/25 00:03:44.440 +08:00] [WARN] [global_controller.go:850] ["[resource group controller] resource group name does not exist"] [name=default]
[2026/07/25 00:03:44.441 +08:00] [WARN] [global_controller.go:850] ["[resource group controller] resource group name does not exist"] [name=default]
[2026/07/25 00:03:44.441 +08:00] [WARN] [global_controller.go:850] ["[resource group controller] resource group name does not exist"] [name=default]
[2026/07/25 00:03:44.441 +08:00] [INFO] [job_worker.go:447] ["finish DDL job"] [category=ddl] [jobID=65] [job="ID:65, Type:create table, State:synced, SchemaState:public, SchemaID:1, TableID:64, RowCount:0, ArgLen:0, start time: 2026-07-25 00:03:44.378 +0800 CST, Err:<nil>, ErrCount:0, SnapshotVersion:0, Version: v2"]
[2026/07/25 00:03:44.441 +08:00] [WARN] [global_controller.go:850] ["[resource group controller] resource group name does not exist"] [name=default]
[2026/07/25 00:03:44.443 +08:00] [WARN] [global_controller.go:850] ["[resource group controller] resource group name does not exist"] [name=default]
[2026/07/25 00:03:44.443 +08:00] [WARN] [global_controller.go:850] ["[resource group controller] resource group name does not exist"] [name=default]
[2026/07/25 00:03:44.443 +08:00] [INFO] [executor.go:7423] ["DDL job is finished"] [category=ddl] [jobID=65]
[2026/07/25 00:03:44.443 +08:00] [INFO] [session.go:5229] ["CRUCIAL OPERATION"] [conn=0] [schemaVersion=32] [cur_db=mysql] [sql="CREATE TABLE IF NOT EXISTS mysql.analyze_jobs (\n\t\tid BIGINT(64) UNSIGNED NOT NULL AUTO_INCREMENT,\n\t\tupdate_time TIMESTAMP NOT NULL DEFAULT CURRENT_TIMESTAMP ON UPDATE CURRENT_TIMESTAMP,\n\t\ttable_schema CHAR(64) NOT NULL DEFAULT '',\n\t\ttable_name CHAR(64) NOT NULL DEFAULT '',\n\t\tpartition_name CHAR(64) NOT NULL DEFAULT '',\n\t\tjob_info TEXT NOT NULL,\n\t\tprocessed_rows BIGINT(64) UNSIGNED NOT NULL DEFAULT 0,\n\t\tstart_time TIMESTAMP,\n\t\tend_time TIMESTAMP,\n\t\tstate ENUM('pending', 'running', 'finished', 'failed') NOT NULL,\n\t\tfail_reason TEXT,\n\t\tinstance VARCHAR(512) NOT NULL comment 'address of the TiDB instance executing the analyze job',\n\t\tprocess_id BIGINT(64) UNSIGNED comment 'ID of the process executing the analyze job',\n\t\tPRIMARY KEY (id),\n\t\tKEY (update_time),\n\t\tINDEX idx_schema_table_state (table_schema, table_name, state),\n\t\tINDEX idx_schema_table_partition_state (table_schema, table_name, partition_name, state)\n\t);"] [user=]
[2026/07/25 00:03:44.443 +08:00] [INFO] [split_region.go:86] ["split batch regions request"] ["split key count"=1] ["batch count"=1] ["first batch, region ID"=16] ["first split key"=748000000000000040]
[2026/07/25 00:03:44.443 +08:00] [INFO] [executor.go:7606] ["system variable tidb_scatter_region not found, use default value"] [category=ddl]
[2026/07/25 00:03:44.444 +08:00] [WARN] [global_controller.go:850] ["[resource group controller] resource group name does not exist"] [name=default]
[2026/07/25 00:03:44.448 +08:00] [WARN] [global_controller.go:850] ["[resource group controller] resource group name does not exist"] [name=default]
[2026/07/25 00:03:44.456 +08:00] [WARN] [global_controller.go:850] ["[resource group controller] resource group name does not exist"] [name=default]
[2026/07/25 00:03:44.462 +08:00] [INFO] [split_region.go:192] ["batch split regions complete"] ["batch region ID"=16] ["first at"=748000000000000040] ["first new region left"="{Id:78 StartKey:7480000000000000FF3E00000000000000F8 EndKey:7480000000000000FF4000000000000000F8 RegionEpoch:{ConfVer:1 Version:39} Peers:[id:79 store_id:1 ] EncryptionMeta:<nil> IsInFlashback:false FlashbackStartTs:0}"] ["new region count"=1]
[2026/07/25 00:03:44.462 +08:00] [INFO] [split_region.go:241] ["split regions complete"] ["region count"=1] ["region IDs"="[78]"]
[2026/07/25 00:03:44.462 +08:00] [INFO] [job_submitter.go:118] ["add DDL jobs"] [category=ddl] ["batch count"=1] [jobs="ID:67, Type:create table, State:queueing, SchemaState:none, SchemaID:1, TableID:66, RowCount:0, ArgLen:1, start time: 2026-07-25 00:03:44.428 +0800 CST, Err:<nil>, ErrCount:0, SnapshotVersion:0, Version: v2; "] [fast_create=true]
[2026/07/25 00:03:44.462 +08:00] [INFO] [executor.go:7285] ["DDL job submitted"] [category=ddl] [job="ID:67, Type:create table, State:queueing, SchemaState:none, SchemaID:1, TableID:66, RowCount:0, ArgLen:1, start time: 2026-07-25 00:03:44.428 +0800 CST, Err:<nil>, ErrCount:0, SnapshotVersion:0, Version: v2"] [query="CREATE TABLE IF NOT EXISTS mysql.advisory_locks (\n\t\tlock_name VARCHAR(64) NOT NULL PRIMARY KEY\n\t);"]
[2026/07/25 00:03:44.463 +08:00] [WARN] [global_controller.go:850] ["[resource group controller] resource group name does not exist"] [name=default]
[2026/07/25 00:03:44.463 +08:00] [WARN] [global_controller.go:850] ["[resource group controller] resource group name does not exist"] [name=default]
[2026/07/25 00:03:44.463 +08:00] [INFO] [job_worker.go:854] ["run one job step"] [category=ddl] [jobID=67] [job="ID:67, Type:create table, State:queueing, SchemaState:none, SchemaID:1, TableID:66, RowCount:0, ArgLen:0, start time: 2026-07-25 00:03:44.428 +0800 CST, Err:<nil>, ErrCount:0, SnapshotVersion:0, Version: v2"]
[2026/07/25 00:03:44.464 +08:00] [WARN] [global_controller.go:850] ["[resource group controller] resource group name does not exist"] [name=default]
[2026/07/25 00:03:44.464 +08:00] [WARN] [global_controller.go:850] ["[resource group controller] resource group name does not exist"] [name=default]
[2026/07/25 00:03:44.465 +08:00] [WARN] [global_controller.go:850] ["[resource group controller] resource group name does not exist"] [name=default]
[2026/07/25 00:03:44.470 +08:00] [INFO] [loader.go:216] ["diff load InfoSchema success"] [mode=auto] [isV2=true] [currVer=32] [neededVer=33] [gotVer=33] ["elapsed time"=261.75µs] [phyTblIDs="[66]"] [actionTypes="[3]"] [diffTypes="[\"create table\"]"]
[2026/07/25 00:03:44.471 +08:00] [INFO] [syncer.go:258] ["session manager is nil"]
[2026/07/25 00:03:44.471 +08:00] [INFO] [syncer.go:281] ["mdl gets lock, update self version to owner"] [jobID=67] [version=33]
[2026/07/25 00:03:44.476 +08:00] [INFO] [schema_version.go:397] ["wait schema version synced success"] [category=ddl] [ver=33] [checkAssumedSvr=false] ["take time"=6.024208ms] [job="ID:67, Type:create table, State:done, SchemaState:public, SchemaID:1, TableID:66, RowCount:0, ArgLen:1, start time: 2026-07-25 00:03:44.428 +0800 CST, Err:<nil>, ErrCount:0, SnapshotVersion:0, Version: v2"] [summary="server count: 1"]
[2026/07/25 00:03:44.477 +08:00] [WARN] [global_controller.go:850] ["[resource group controller] resource group name does not exist"] [name=default]
[2026/07/25 00:03:44.477 +08:00] [WARN] [global_controller.go:850] ["[resource group controller] resource group name does not exist"] [name=default]
[2026/07/25 00:03:44.477 +08:00] [WARN] [global_controller.go:850] ["[resource group controller] resource group name does not exist"] [name=default]
[2026/07/25 00:03:44.478 +08:00] [WARN] [global_controller.go:850] ["[resource group controller] resource group name does not exist"] [name=default]
[2026/07/25 00:03:44.478 +08:00] [WARN] [global_controller.go:850] ["[resource group controller] resource group name does not exist"] [name=default]
[2026/07/25 00:03:44.478 +08:00] [INFO] [job_worker.go:447] ["finish DDL job"] [category=ddl] [jobID=67] [job="ID:67, Type:create table, State:synced, SchemaState:public, SchemaID:1, TableID:66, RowCount:0, ArgLen:0, start time: 2026-07-25 00:03:44.428 +0800 CST, Err:<nil>, ErrCount:0, SnapshotVersion:0, Version: v2"]
[2026/07/25 00:03:44.478 +08:00] [WARN] [global_controller.go:850] ["[resource group controller] resource group name does not exist"] [name=default]
[2026/07/25 00:03:44.479 +08:00] [WARN] [global_controller.go:850] ["[resource group controller] resource group name does not exist"] [name=default]
[2026/07/25 00:03:44.480 +08:00] [INFO] [executor.go:7423] ["DDL job is finished"] [category=ddl] [jobID=67]
[2026/07/25 00:03:44.480 +08:00] [INFO] [session.go:5229] ["CRUCIAL OPERATION"] [conn=0] [schemaVersion=33] [cur_db=mysql] [sql="CREATE TABLE IF NOT EXISTS mysql.advisory_locks (\n\t\tlock_name VARCHAR(64) NOT NULL PRIMARY KEY\n\t);"] [user=]
[2026/07/25 00:03:44.480 +08:00] [INFO] [split_region.go:86] ["split batch regions request"] ["split key count"=1] ["batch count"=1] ["first batch, region ID"=16] ["first split key"=748000000000000042]
[2026/07/25 00:03:44.480 +08:00] [WARN] [global_controller.go:850] ["[resource group controller] resource group name does not exist"] [name=default]
[2026/07/25 00:03:44.480 +08:00] [INFO] [executor.go:7606] ["system variable tidb_scatter_region not found, use default value"] [category=ddl]
[2026/07/25 00:03:44.480 +08:00] [WARN] [global_controller.go:850] ["[resource group controller] resource group name does not exist"] [name=default]
[2026/07/25 00:03:44.484 +08:00] [WARN] [global_controller.go:850] ["[resource group controller] resource group name does not exist"] [name=default]
[2026/07/25 00:03:44.484 +08:00] [WARN] [global_controller.go:850] ["[resource group controller] resource group name does not exist"] [name=default]
[2026/07/25 00:03:44.488 +08:00] [INFO] [split_region.go:192] ["batch split regions complete"] ["batch region ID"=16] ["first at"=748000000000000042] ["first new region left"="{Id:80 StartKey:7480000000000000FF4000000000000000F8 EndKey:7480000000000000FF4200000000000000F8 RegionEpoch:{ConfVer:1 Version:40} Peers:[id:81 store_id:1 ] EncryptionMeta:<nil> IsInFlashback:false FlashbackStartTs:0}"] ["new region count"=1]
[2026/07/25 00:03:44.488 +08:00] [INFO] [split_region.go:241] ["split regions complete"] ["region count"=1] ["region IDs"="[80]"]
[2026/07/25 00:03:44.488 +08:00] [INFO] [job_submitter.go:118] ["add DDL jobs"] [category=ddl] ["batch count"=1] [jobs="ID:69, Type:create table, State:queueing, SchemaState:none, SchemaID:1, TableID:68, RowCount:0, ArgLen:1, start time: 2026-07-25 00:03:44.478 +0800 CST, Err:<nil>, ErrCount:0, SnapshotVersion:0, Version: v2; "] [fast_create=true]
[2026/07/25 00:03:44.488 +08:00] [INFO] [executor.go:7285] ["DDL job submitted"] [category=ddl] [job="ID:69, Type:create table, State:queueing, SchemaState:none, SchemaID:1, TableID:68, RowCount:0, ArgLen:1, start time: 2026-07-25 00:03:44.478 +0800 CST, Err:<nil>, ErrCount:0, SnapshotVersion:0, Version: v2"] [query="CREATE TABLE IF NOT EXISTS mysql.plan_replayer_status (\n\t\tsql_digest VARCHAR(128),\n\t\tplan_digest VARCHAR(128),\n\t\torigin_sql TEXT,\n\t\ttoken VARCHAR(128),\n\t\tupdate_time TIMESTAMP NOT NULL DEFAULT CURRENT_TIMESTAMP ON UPDATE CURRENT_TIMESTAMP,\n\t\tfail_reason TEXT,\n\t\tinstance VARCHAR(512) NOT NULL comment 'address of the TiDB instance executing the plan replayer job');"]
[2026/07/25 00:03:44.489 +08:00] [WARN] [global_controller.go:850] ["[resource group controller] resource group name does not exist"] [name=default]
[2026/07/25 00:03:44.489 +08:00] [WARN] [global_controller.go:850] ["[resource group controller] resource group name does not exist"] [name=default]
[2026/07/25 00:03:44.489 +08:00] [INFO] [job_worker.go:854] ["run one job step"] [category=ddl] [jobID=69] [job="ID:69, Type:create table, State:queueing, SchemaState:none, SchemaID:1, TableID:68, RowCount:0, ArgLen:0, start time: 2026-07-25 00:03:44.478 +0800 CST, Err:<nil>, ErrCount:0, SnapshotVersion:0, Version: v2"]
[2026/07/25 00:03:44.490 +08:00] [WARN] [global_controller.go:850] ["[resource group controller] resource group name does not exist"] [name=default]
[2026/07/25 00:03:44.490 +08:00] [WARN] [global_controller.go:850] ["[resource group controller] resource group name does not exist"] [name=default]
[2026/07/25 00:03:44.491 +08:00] [WARN] [global_controller.go:850] ["[resource group controller] resource group name does not exist"] [name=default]
[2026/07/25 00:03:44.496 +08:00] [INFO] [loader.go:216] ["diff load InfoSchema success"] [mode=auto] [isV2=true] [currVer=33] [neededVer=34] [gotVer=34] ["elapsed time"=286.667µs] [phyTblIDs="[68]"] [actionTypes="[3]"] [diffTypes="[\"create table\"]"]
[2026/07/25 00:03:44.497 +08:00] [INFO] [syncer.go:258] ["session manager is nil"]
[2026/07/25 00:03:44.497 +08:00] [INFO] [syncer.go:281] ["mdl gets lock, update self version to owner"] [jobID=69] [version=34]
[2026/07/25 00:03:44.501 +08:00] [INFO] [schema_version.go:397] ["wait schema version synced success"] [category=ddl] [ver=34] [checkAssumedSvr=false] ["take time"=5.062417ms] [job="ID:69, Type:create table, State:done, SchemaState:public, SchemaID:1, TableID:68, RowCount:0, ArgLen:1, start time: 2026-07-25 00:03:44.478 +0800 CST, Err:<nil>, ErrCount:0, SnapshotVersion:0, Version: v2"] [summary="server count: 1"]
[2026/07/25 00:03:44.502 +08:00] [WARN] [global_controller.go:850] ["[resource group controller] resource group name does not exist"] [name=default]
[2026/07/25 00:03:44.502 +08:00] [WARN] [global_controller.go:850] ["[resource group controller] resource group name does not exist"] [name=default]
[2026/07/25 00:03:44.503 +08:00] [WARN] [global_controller.go:850] ["[resource group controller] resource group name does not exist"] [name=default]
[2026/07/25 00:03:44.503 +08:00] [WARN] [global_controller.go:850] ["[resource group controller] resource group name does not exist"] [name=default]
[2026/07/25 00:03:44.503 +08:00] [WARN] [global_controller.go:850] ["[resource group controller] resource group name does not exist"] [name=default]
[2026/07/25 00:03:44.503 +08:00] [INFO] [job_worker.go:447] ["finish DDL job"] [category=ddl] [jobID=69] [job="ID:69, Type:create table, State:synced, SchemaState:public, SchemaID:1, TableID:68, RowCount:0, ArgLen:0, start time: 2026-07-25 00:03:44.478 +0800 CST, Err:<nil>, ErrCount:0, SnapshotVersion:0, Version: v2"]
[2026/07/25 00:03:44.503 +08:00] [WARN] [global_controller.go:850] ["[resource group controller] resource group name does not exist"] [name=default]
[2026/07/25 00:03:44.504 +08:00] [WARN] [global_controller.go:850] ["[resource group controller] resource group name does not exist"] [name=default]
[2026/07/25 00:03:44.505 +08:00] [WARN] [global_controller.go:850] ["[resource group controller] resource group name does not exist"] [name=default]
[2026/07/25 00:03:44.505 +08:00] [INFO] [executor.go:7423] ["DDL job is finished"] [category=ddl] [jobID=69]
[2026/07/25 00:03:44.505 +08:00] [INFO] [session.go:5229] ["CRUCIAL OPERATION"] [conn=0] [schemaVersion=34] [cur_db=mysql] [sql="CREATE TABLE IF NOT EXISTS mysql.plan_replayer_status (\n\t\tsql_digest VARCHAR(128),\n\t\tplan_digest VARCHAR(128),\n\t\torigin_sql TEXT,\n\t\ttoken VARCHAR(128),\n\t\tupdate_time TIMESTAMP NOT NULL DEFAULT CURRENT_TIMESTAMP ON UPDATE CURRENT_TIMESTAMP,\n\t\tfail_reason TEXT,\n\t\tinstance VARCHAR(512) NOT NULL comment 'address of the TiDB instance executing the plan replayer job');"] [user=]
[2026/07/25 00:03:44.505 +08:00] [INFO] [split_region.go:86] ["split batch regions request"] ["split key count"=1] ["batch count"=1] ["first batch, region ID"=16] ["first split key"=748000000000000044]
[2026/07/25 00:03:44.505 +08:00] [INFO] [executor.go:7606] ["system variable tidb_scatter_region not found, use default value"] [category=ddl]
[2026/07/25 00:03:44.505 +08:00] [WARN] [global_controller.go:850] ["[resource group controller] resource group name does not exist"] [name=default]
[2026/07/25 00:03:44.509 +08:00] [WARN] [global_controller.go:850] ["[resource group controller] resource group name does not exist"] [name=default]
[2026/07/25 00:03:44.509 +08:00] [WARN] [global_controller.go:850] ["[resource group controller] resource group name does not exist"] [name=default]
[2026/07/25 00:03:44.513 +08:00] [INFO] [split_region.go:192] ["batch split regions complete"] ["batch region ID"=16] ["first at"=748000000000000044] ["first new region left"="{Id:82 StartKey:7480000000000000FF4200000000000000F8 EndKey:7480000000000000FF4400000000000000F8 RegionEpoch:{ConfVer:1 Version:41} Peers:[id:83 store_id:1 ] EncryptionMeta:<nil> IsInFlashback:false FlashbackStartTs:0}"] ["new region count"=1]
[2026/07/25 00:03:44.513 +08:00] [INFO] [split_region.go:241] ["split regions complete"] ["region count"=1] ["region IDs"="[82]"]
[2026/07/25 00:03:44.513 +08:00] [INFO] [job_submitter.go:118] ["add DDL jobs"] [category=ddl] ["batch count"=1] [jobs="ID:71, Type:create table, State:queueing, SchemaState:none, SchemaID:1, TableID:70, RowCount:0, ArgLen:1, start time: 2026-07-25 00:03:44.478 +0800 CST, Err:<nil>, ErrCount:0, SnapshotVersion:0, Version: v2; "] [fast_create=true]
[2026/07/25 00:03:44.513 +08:00] [INFO] [executor.go:7285] ["DDL job submitted"] [category=ddl] [job="ID:71, Type:create table, State:queueing, SchemaState:none, SchemaID:1, TableID:70, RowCount:0, ArgLen:1, start time: 2026-07-25 00:03:44.478 +0800 CST, Err:<nil>, ErrCount:0, SnapshotVersion:0, Version: v2"] [query="CREATE TABLE IF NOT EXISTS mysql.plan_replayer_task (\n\t\tsql_digest VARCHAR(128) NOT NULL,\n\t\tplan_digest VARCHAR(128) NOT NULL,\n\t\tupdate_time TIMESTAMP NOT NULL DEFAULT CURRENT_TIMESTAMP ON UPDATE CURRENT_TIMESTAMP,\n\t\tPRIMARY KEY (sql_digest,plan_digest));"]
[2026/07/25 00:03:44.514 +08:00] [WARN] [global_controller.go:850] ["[resource group controller] resource group name does not exist"] [name=default]
[2026/07/25 00:03:44.514 +08:00] [WARN] [global_controller.go:850] ["[resource group controller] resource group name does not exist"] [name=default]
[2026/07/25 00:03:44.514 +08:00] [INFO] [job_worker.go:854] ["run one job step"] [category=ddl] [jobID=71] [job="ID:71, Type:create table, State:queueing, SchemaState:none, SchemaID:1, TableID:70, RowCount:0, ArgLen:0, start time: 2026-07-25 00:03:44.478 +0800 CST, Err:<nil>, ErrCount:0, SnapshotVersion:0, Version: v2"]
[2026/07/25 00:03:44.515 +08:00] [WARN] [global_controller.go:850] ["[resource group controller] resource group name does not exist"] [name=default]
[2026/07/25 00:03:44.515 +08:00] [WARN] [global_controller.go:850] ["[resource group controller] resource group name does not exist"] [name=default]
[2026/07/25 00:03:44.515 +08:00] [WARN] [global_controller.go:850] ["[resource group controller] resource group name does not exist"] [name=default]
[2026/07/25 00:03:44.520 +08:00] [WARN] [global_controller.go:850] ["[resource group controller] resource group name does not exist"] [name=default]
[2026/07/25 00:03:44.521 +08:00] [INFO] [loader.go:216] ["diff load InfoSchema success"] [mode=auto] [isV2=true] [currVer=34] [neededVer=35] [gotVer=35] ["elapsed time"=262.417µs] [phyTblIDs="[70]"] [actionTypes="[3]"] [diffTypes="[\"create table\"]"]
[2026/07/25 00:03:44.522 +08:00] [INFO] [syncer.go:258] ["session manager is nil"]
[2026/07/25 00:03:44.522 +08:00] [INFO] [syncer.go:281] ["mdl gets lock, update self version to owner"] [jobID=71] [version=35]
[2026/07/25 00:03:44.526 +08:00] [INFO] [schema_version.go:397] ["wait schema version synced success"] [category=ddl] [ver=35] [checkAssumedSvr=false] ["take time"=5.173209ms] [job="ID:71, Type:create table, State:done, SchemaState:public, SchemaID:1, TableID:70, RowCount:0, ArgLen:1, start time: 2026-07-25 00:03:44.478 +0800 CST, Err:<nil>, ErrCount:0, SnapshotVersion:0, Version: v2"] [summary="server count: 1"]
[2026/07/25 00:03:44.527 +08:00] [WARN] [global_controller.go:850] ["[resource group controller] resource group name does not exist"] [name=default]
[2026/07/25 00:03:44.527 +08:00] [WARN] [global_controller.go:850] ["[resource group controller] resource group name does not exist"] [name=default]
[2026/07/25 00:03:44.528 +08:00] [WARN] [global_controller.go:850] ["[resource group controller] resource group name does not exist"] [name=default]
[2026/07/25 00:03:44.528 +08:00] [WARN] [global_controller.go:850] ["[resource group controller] resource group name does not exist"] [name=default]
[2026/07/25 00:03:44.528 +08:00] [WARN] [global_controller.go:850] ["[resource group controller] resource group name does not exist"] [name=default]
[2026/07/25 00:03:44.528 +08:00] [INFO] [job_worker.go:447] ["finish DDL job"] [category=ddl] [jobID=71] [job="ID:71, Type:create table, State:synced, SchemaState:public, SchemaID:1, TableID:70, RowCount:0, ArgLen:0, start time: 2026-07-25 00:03:44.478 +0800 CST, Err:<nil>, ErrCount:0, SnapshotVersion:0, Version: v2"]
[2026/07/25 00:03:44.528 +08:00] [WARN] [global_controller.go:850] ["[resource group controller] resource group name does not exist"] [name=default]
[2026/07/25 00:03:44.530 +08:00] [WARN] [global_controller.go:850] ["[resource group controller] resource group name does not exist"] [name=default]
[2026/07/25 00:03:44.530 +08:00] [WARN] [global_controller.go:850] ["[resource group controller] resource group name does not exist"] [name=default]
[2026/07/25 00:03:44.530 +08:00] [INFO] [executor.go:7423] ["DDL job is finished"] [category=ddl] [jobID=71]
[2026/07/25 00:03:44.530 +08:00] [INFO] [session.go:5229] ["CRUCIAL OPERATION"] [conn=0] [schemaVersion=35] [cur_db=mysql] [sql="CREATE TABLE IF NOT EXISTS mysql.plan_replayer_task (\n\t\tsql_digest VARCHAR(128) NOT NULL,\n\t\tplan_digest VARCHAR(128) NOT NULL,\n\t\tupdate_time TIMESTAMP NOT NULL DEFAULT CURRENT_TIMESTAMP ON UPDATE CURRENT_TIMESTAMP,\n\t\tPRIMARY KEY (sql_digest,plan_digest));"] [user=]
[2026/07/25 00:03:44.530 +08:00] [INFO] [split_region.go:86] ["split batch regions request"] ["split key count"=1] ["batch count"=1] ["first batch, region ID"=16] ["first split key"=748000000000000046]
[2026/07/25 00:03:44.530 +08:00] [INFO] [executor.go:7606] ["system variable tidb_scatter_region not found, use default value"] [category=ddl]
[2026/07/25 00:03:44.531 +08:00] [WARN] [global_controller.go:850] ["[resource group controller] resource group name does not exist"] [name=default]
[2026/07/25 00:03:44.535 +08:00] [WARN] [global_controller.go:850] ["[resource group controller] resource group name does not exist"] [name=default]
[2026/07/25 00:03:44.536 +08:00] [WARN] [global_controller.go:850] ["[resource group controller] resource group name does not exist"] [name=default]
[2026/07/25 00:03:44.539 +08:00] [INFO] [split_region.go:192] ["batch split regions complete"] ["batch region ID"=16] ["first at"=748000000000000046] ["first new region left"="{Id:84 StartKey:7480000000000000FF4400000000000000F8 EndKey:7480000000000000FF4600000000000000F8 RegionEpoch:{ConfVer:1 Version:42} Peers:[id:85 store_id:1 ] EncryptionMeta:<nil> IsInFlashback:false FlashbackStartTs:0}"] ["new region count"=1]
[2026/07/25 00:03:44.539 +08:00] [INFO] [split_region.go:241] ["split regions complete"] ["region count"=1] ["region IDs"="[84]"]
[2026/07/25 00:03:44.540 +08:00] [INFO] [job_submitter.go:118] ["add DDL jobs"] [category=ddl] ["batch count"=1] [jobs="ID:73, Type:create table, State:queueing, SchemaState:none, SchemaID:1, TableID:72, RowCount:0, ArgLen:1, start time: 2026-07-25 00:03:44.528 +0800 CST, Err:<nil>, ErrCount:0, SnapshotVersion:0, Version: v2; "] [fast_create=true]
[2026/07/25 00:03:44.540 +08:00] [INFO] [executor.go:7285] ["DDL job submitted"] [category=ddl] [job="ID:73, Type:create table, State:queueing, SchemaState:none, SchemaID:1, TableID:72, RowCount:0, ArgLen:1, start time: 2026-07-25 00:03:44.528 +0800 CST, Err:<nil>, ErrCount:0, SnapshotVersion:0, Version: v2"] [query="CREATE TABLE IF NOT EXISTS mysql.stats_table_locked (\n\t\ttable_id bigint(64) NOT NULL,\n\t\tmodify_count bigint(64) NOT NULL DEFAULT 0,\n\t\tcount bigint(64) NOT NULL DEFAULT 0,\n\t\tversion bigint(64) UNSIGNED NOT NULL DEFAULT 0,\n\t\tPRIMARY KEY (table_id) CLUSTERED);"]
[2026/07/25 00:03:44.540 +08:00] [WARN] [global_controller.go:850] ["[resource group controller] resource group name does not exist"] [name=default]
[2026/07/25 00:03:44.540 +08:00] [WARN] [global_controller.go:850] ["[resource group controller] resource group name does not exist"] [name=default]
[2026/07/25 00:03:44.540 +08:00] [INFO] [job_worker.go:854] ["run one job step"] [category=ddl] [jobID=73] [job="ID:73, Type:create table, State:queueing, SchemaState:none, SchemaID:1, TableID:72, RowCount:0, ArgLen:0, start time: 2026-07-25 00:03:44.528 +0800 CST, Err:<nil>, ErrCount:0, SnapshotVersion:0, Version: v2"]
[2026/07/25 00:03:44.541 +08:00] [WARN] [global_controller.go:850] ["[resource group controller] resource group name does not exist"] [name=default]
[2026/07/25 00:03:44.542 +08:00] [WARN] [global_controller.go:850] ["[resource group controller] resource group name does not exist"] [name=default]
[2026/07/25 00:03:44.542 +08:00] [WARN] [global_controller.go:850] ["[resource group controller] resource group name does not exist"] [name=default]
[2026/07/25 00:03:44.547 +08:00] [INFO] [loader.go:216] ["diff load InfoSchema success"] [mode=auto] [isV2=true] [currVer=35] [neededVer=36] [gotVer=36] ["elapsed time"=274.5µs] [phyTblIDs="[72]"] [actionTypes="[3]"] [diffTypes="[\"create table\"]"]
[2026/07/25 00:03:44.548 +08:00] [INFO] [syncer.go:258] ["session manager is nil"]
[2026/07/25 00:03:44.548 +08:00] [INFO] [syncer.go:281] ["mdl gets lock, update self version to owner"] [jobID=73] [version=36]
[2026/07/25 00:03:44.553 +08:00] [INFO] [schema_version.go:397] ["wait schema version synced success"] [category=ddl] [ver=36] [checkAssumedSvr=false] ["take time"=6.076833ms] [job="ID:73, Type:create table, State:done, SchemaState:public, SchemaID:1, TableID:72, RowCount:0, ArgLen:1, start time: 2026-07-25 00:03:44.528 +0800 CST, Err:<nil>, ErrCount:0, SnapshotVersion:0, Version: v2"] [summary="server count: 1"]
[2026/07/25 00:03:44.554 +08:00] [WARN] [global_controller.go:850] ["[resource group controller] resource group name does not exist"] [name=default]
[2026/07/25 00:03:44.554 +08:00] [WARN] [global_controller.go:850] ["[resource group controller] resource group name does not exist"] [name=default]
[2026/07/25 00:03:44.554 +08:00] [WARN] [global_controller.go:850] ["[resource group controller] resource group name does not exist"] [name=default]
[2026/07/25 00:03:44.554 +08:00] [WARN] [global_controller.go:850] ["[resource group controller] resource group name does not exist"] [name=default]
[2026/07/25 00:03:44.554 +08:00] [WARN] [global_controller.go:850] ["[resource group controller] resource group name does not exist"] [name=default]
[2026/07/25 00:03:44.554 +08:00] [INFO] [job_worker.go:447] ["finish DDL job"] [category=ddl] [jobID=73] [job="ID:73, Type:create table, State:synced, SchemaState:public, SchemaID:1, TableID:72, RowCount:0, ArgLen:0, start time: 2026-07-25 00:03:44.528 +0800 CST, Err:<nil>, ErrCount:0, SnapshotVersion:0, Version: v2"]
[2026/07/25 00:03:44.555 +08:00] [WARN] [global_controller.go:850] ["[resource group controller] resource group name does not exist"] [name=default]
[2026/07/25 00:03:44.556 +08:00] [WARN] [global_controller.go:850] ["[resource group controller] resource group name does not exist"] [name=default]
[2026/07/25 00:03:44.560 +08:00] [INFO] [executor.go:7423] ["DDL job is finished"] [category=ddl] [jobID=73]
[2026/07/25 00:03:44.560 +08:00] [WARN] [global_controller.go:850] ["[resource group controller] resource group name does not exist"] [name=default]
[2026/07/25 00:03:44.564 +08:00] [INFO] [session.go:5229] ["CRUCIAL OPERATION"] [conn=0] [schemaVersion=36] [cur_db=mysql] [sql="CREATE TABLE IF NOT EXISTS mysql.stats_table_locked (\n\t\ttable_id bigint(64) NOT NULL,\n\t\tmodify_count bigint(64) NOT NULL DEFAULT 0,\n\t\tcount bigint(64) NOT NULL DEFAULT 0,\n\t\tversion bigint(64) UNSIGNED NOT NULL DEFAULT 0,\n\t\tPRIMARY KEY (table_id) CLUSTERED);"] [user=]
[2026/07/25 00:03:44.564 +08:00] [INFO] [split_region.go:86] ["split batch regions request"] ["split key count"=1] ["batch count"=1] ["first batch, region ID"=16] ["first split key"=748000000000000048]
[2026/07/25 00:03:44.564 +08:00] [INFO] [executor.go:7606] ["system variable tidb_scatter_region not found, use default value"] [category=ddl]
[2026/07/25 00:03:44.564 +08:00] [WARN] [global_controller.go:850] ["[resource group controller] resource group name does not exist"] [name=default]
[2026/07/25 00:03:44.568 +08:00] [WARN] [global_controller.go:850] ["[resource group controller] resource group name does not exist"] [name=default]
[2026/07/25 00:03:44.569 +08:00] [WARN] [global_controller.go:850] ["[resource group controller] resource group name does not exist"] [name=default]
[2026/07/25 00:03:44.572 +08:00] [INFO] [split_region.go:192] ["batch split regions complete"] ["batch region ID"=16] ["first at"=748000000000000048] ["first new region left"="{Id:86 StartKey:7480000000000000FF4600000000000000F8 EndKey:7480000000000000FF4800000000000000F8 RegionEpoch:{ConfVer:1 Version:43} Peers:[id:87 store_id:1 ] EncryptionMeta:<nil> IsInFlashback:false FlashbackStartTs:0}"] ["new region count"=1]
[2026/07/25 00:03:44.572 +08:00] [INFO] [split_region.go:241] ["split regions complete"] ["region count"=1] ["region IDs"="[86]"]
[2026/07/25 00:03:44.572 +08:00] [INFO] [job_submitter.go:118] ["add DDL jobs"] [category=ddl] ["batch count"=1] [jobs="ID:75, Type:create table, State:queueing, SchemaState:none, SchemaID:1, TableID:74, RowCount:0, ArgLen:1, start time: 2026-07-25 00:03:44.528 +0800 CST, Err:<nil>, ErrCount:0, SnapshotVersion:0, Version: v2; "] [fast_create=true]
[2026/07/25 00:03:44.572 +08:00] [INFO] [executor.go:7285] ["DDL job submitted"] [category=ddl] [job="ID:75, Type:create table, State:queueing, SchemaState:none, SchemaID:1, TableID:74, RowCount:0, ArgLen:1, start time: 2026-07-25 00:03:44.528 +0800 CST, Err:<nil>, ErrCount:0, SnapshotVersion:0, Version: v2"] [query="CREATE TABLE IF NOT EXISTS mysql.tidb_ttl_table_status (\n\t\ttable_id bigint(64) PRIMARY KEY,\n        parent_table_id bigint(64),\n        table_statistics text DEFAULT NULL,\n\t\tlast_job_id varchar(64) DEFAULT NULL,\n\t\tlast_job_start_time timestamp NULL DEFAULT NULL,\n\t\tlast_job_finish_time timestamp NULL DEFAULT NULL,\n\t\tlast_job_ttl_expire timestamp NULL DEFAULT NULL,\n        last_job_summary text DEFAULT NULL,\n\t\tcurrent_job_id varchar(64) DEFAULT NULL,\n\t\tcurrent_job_owner_id varchar(64) DEFAULT NULL,\n\t\tcurrent_job_owner_addr varchar(256) DEFAULT NULL,\n\t\tcurrent_job_owner_hb_time timestamp,\n\t\tcurrent_job_start_time timestamp NULL DEFAULT NULL,\n\t\tcurrent_job_ttl_expire timestamp NULL DEFAULT NULL,\n\t\tcurrent_job_state text DEFAULT NULL,\n\t\tcurrent_job_status varchar(64) DEFAULT NULL,\n  \t\tcurrent_job_status_update_time timestamp NULL DEFAULT NULL);"]
[2026/07/25 00:03:44.573 +08:00] [WARN] [global_controller.go:850] ["[resource group controller] resource group name does not exist"] [name=default]
[2026/07/25 00:03:44.573 +08:00] [WARN] [global_controller.go:850] ["[resource group controller] resource group name does not exist"] [name=default]
[2026/07/25 00:03:44.573 +08:00] [INFO] [job_worker.go:854] ["run one job step"] [category=ddl] [jobID=75] [job="ID:75, Type:create table, State:queueing, SchemaState:none, SchemaID:1, TableID:74, RowCount:0, ArgLen:0, start time: 2026-07-25 00:03:44.528 +0800 CST, Err:<nil>, ErrCount:0, SnapshotVersion:0, Version: v2"]
[2026/07/25 00:03:44.574 +08:00] [WARN] [global_controller.go:850] ["[resource group controller] resource group name does not exist"] [name=default]
[2026/07/25 00:03:44.575 +08:00] [WARN] [global_controller.go:850] ["[resource group controller] resource group name does not exist"] [name=default]
[2026/07/25 00:03:44.575 +08:00] [WARN] [global_controller.go:850] ["[resource group controller] resource group name does not exist"] [name=default]
[2026/07/25 00:03:44.581 +08:00] [INFO] [loader.go:216] ["diff load InfoSchema success"] [mode=auto] [isV2=true] [currVer=36] [neededVer=37] [gotVer=37] ["elapsed time"=343.041µs] [phyTblIDs="[74]"] [actionTypes="[3]"] [diffTypes="[\"create table\"]"]
[2026/07/25 00:03:44.582 +08:00] [INFO] [syncer.go:258] ["session manager is nil"]
[2026/07/25 00:03:44.582 +08:00] [INFO] [syncer.go:281] ["mdl gets lock, update self version to owner"] [jobID=75] [version=37]
[2026/07/25 00:03:44.587 +08:00] [INFO] [schema_version.go:397] ["wait schema version synced success"] [category=ddl] [ver=37] [checkAssumedSvr=false] ["take time"=6.090083ms] [job="ID:75, Type:create table, State:done, SchemaState:public, SchemaID:1, TableID:74, RowCount:0, ArgLen:1, start time: 2026-07-25 00:03:44.528 +0800 CST, Err:<nil>, ErrCount:0, SnapshotVersion:0, Version: v2"] [summary="server count: 1"]
[2026/07/25 00:03:44.588 +08:00] [WARN] [global_controller.go:850] ["[resource group controller] resource group name does not exist"] [name=default]
[2026/07/25 00:03:44.588 +08:00] [WARN] [global_controller.go:850] ["[resource group controller] resource group name does not exist"] [name=default]
[2026/07/25 00:03:44.588 +08:00] [WARN] [global_controller.go:850] ["[resource group controller] resource group name does not exist"] [name=default]
[2026/07/25 00:03:44.588 +08:00] [WARN] [global_controller.go:850] ["[resource group controller] resource group name does not exist"] [name=default]
[2026/07/25 00:03:44.589 +08:00] [WARN] [global_controller.go:850] ["[resource group controller] resource group name does not exist"] [name=default]
[2026/07/25 00:03:44.589 +08:00] [INFO] [job_worker.go:447] ["finish DDL job"] [category=ddl] [jobID=75] [job="ID:75, Type:create table, State:synced, SchemaState:public, SchemaID:1, TableID:74, RowCount:0, ArgLen:0, start time: 2026-07-25 00:03:44.528 +0800 CST, Err:<nil>, ErrCount:0, SnapshotVersion:0, Version: v2"]
[2026/07/25 00:03:44.589 +08:00] [WARN] [global_controller.go:850] ["[resource group controller] resource group name does not exist"] [name=default]
[2026/07/25 00:03:44.590 +08:00] [WARN] [global_controller.go:850] ["[resource group controller] resource group name does not exist"] [name=default]
[2026/07/25 00:03:44.591 +08:00] [WARN] [global_controller.go:850] ["[resource group controller] resource group name does not exist"] [name=default]
[2026/07/25 00:03:44.591 +08:00] [INFO] [executor.go:7423] ["DDL job is finished"] [category=ddl] [jobID=75]
[2026/07/25 00:03:44.591 +08:00] [INFO] [session.go:5229] ["CRUCIAL OPERATION"] [conn=0] [schemaVersion=37] [cur_db=mysql] [sql="CREATE TABLE IF NOT EXISTS mysql.tidb_ttl_table_status (\n\t\ttable_id bigint(64) PRIMARY KEY,\n        parent_table_id bigint(64),\n        table_statistics text DEFAULT NULL,\n\t\tlast_job_id varchar(64) DEFAULT NULL,\n\t\tlast_job_start_time timestamp NULL DEFAULT NULL,\n\t\tlast_job_finish_time timestamp NULL DEFAULT NULL,\n\t\tlast_job_ttl_expire timestamp NULL DEFAULT NULL,\n        last_job_summary text DEFAULT NULL,\n\t\tcurrent_job_id varchar(64) DEFAULT NULL,\n\t\tcurrent_job_owner_id varchar(64) DEFAULT NULL,\n\t\tcurrent_job_owner_addr varchar(256) DEFAULT NULL,\n\t\tcurrent_job_owner_hb_time timestamp,\n\t\tcurrent_job_start_time timestamp NULL DEFAULT NULL,\n\t\tcurrent_job_ttl_expire timestamp NULL DEFAULT NULL,\n\t\tcurrent_job_state text DEFAULT NULL,\n\t\tcurrent_job_status varchar(64) DEFAULT NULL,\n  \t\tcurrent_job_status_update_time timestamp NULL DEFAULT NULL);"] [user=]
[2026/07/25 00:03:44.591 +08:00] [INFO] [split_region.go:86] ["split batch regions request"] ["split key count"=1] ["batch count"=1] ["first batch, region ID"=16] ["first split key"=74800000000000004A]
[2026/07/25 00:03:44.591 +08:00] [INFO] [executor.go:7606] ["system variable tidb_scatter_region not found, use default value"] [category=ddl]
[2026/07/25 00:03:44.591 +08:00] [WARN] [global_controller.go:850] ["[resource group controller] resource group name does not exist"] [name=default]
[2026/07/25 00:03:44.595 +08:00] [WARN] [global_controller.go:850] ["[resource group controller] resource group name does not exist"] [name=default]
[2026/07/25 00:03:44.596 +08:00] [WARN] [global_controller.go:850] ["[resource group controller] resource group name does not exist"] [name=default]
[2026/07/25 00:03:44.599 +08:00] [INFO] [split_region.go:192] ["batch split regions complete"] ["batch region ID"=16] ["first at"=74800000000000004A] ["first new region left"="{Id:88 StartKey:7480000000000000FF4800000000000000F8 EndKey:7480000000000000FF4A00000000000000F8 RegionEpoch:{ConfVer:1 Version:44} Peers:[id:89 store_id:1 ] EncryptionMeta:<nil> IsInFlashback:false FlashbackStartTs:0}"] ["new region count"=1]
[2026/07/25 00:03:44.599 +08:00] [INFO] [split_region.go:241] ["split regions complete"] ["region count"=1] ["region IDs"="[88]"]
[2026/07/25 00:03:44.600 +08:00] [INFO] [job_submitter.go:118] ["add DDL jobs"] [category=ddl] ["batch count"=1] [jobs="ID:77, Type:create table, State:queueing, SchemaState:none, SchemaID:1, TableID:76, RowCount:0, ArgLen:1, start time: 2026-07-25 00:03:44.578 +0800 CST, Err:<nil>, ErrCount:0, SnapshotVersion:0, Version: v2; "] [fast_create=true]
[2026/07/25 00:03:44.600 +08:00] [INFO] [executor.go:7285] ["DDL job submitted"] [category=ddl] [job="ID:77, Type:create table, State:queueing, SchemaState:none, SchemaID:1, TableID:76, RowCount:0, ArgLen:1, start time: 2026-07-25 00:03:44.578 +0800 CST, Err:<nil>, ErrCount:0, SnapshotVersion:0, Version: v2"] [query="CREATE TABLE IF NOT EXISTS mysql.tidb_ttl_task (\n\t\tjob_id varchar(64) NOT NULL,\n\t\ttable_id bigint(64) NOT NULL,\n\t\tscan_id int NOT NULL,\n\t\tscan_range_start BLOB,\n\t\tscan_range_end BLOB,\n\t\texpire_time timestamp NOT NULL,\n\t\towner_id varchar(64) DEFAULT NULL,\n\t\towner_addr varchar(64) DEFAULT NULL,\n\t\towner_hb_time timestamp DEFAULT NULL,\n\t\tstatus varchar(64) DEFAULT 'waiting',\n\t\tstatus_update_time timestamp NULL DEFAULT NULL,\n\t\tstate text,\n\t\tcreated_time timestamp NOT NULL,\n\t\tprimary key(job_id, scan_id),\n\t\tkey(created_time));"]
[2026/07/25 00:03:44.600 +08:00] [WARN] [global_controller.go:850] ["[resource group controller] resource group name does not exist"] [name=default]
[2026/07/25 00:03:44.600 +08:00] [WARN] [global_controller.go:850] ["[resource group controller] resource group name does not exist"] [name=default]
[2026/07/25 00:03:44.600 +08:00] [INFO] [job_worker.go:854] ["run one job step"] [category=ddl] [jobID=77] [job="ID:77, Type:create table, State:queueing, SchemaState:none, SchemaID:1, TableID:76, RowCount:0, ArgLen:0, start time: 2026-07-25 00:03:44.578 +0800 CST, Err:<nil>, ErrCount:0, SnapshotVersion:0, Version: v2"]
[2026/07/25 00:03:44.602 +08:00] [WARN] [global_controller.go:850] ["[resource group controller] resource group name does not exist"] [name=default]
[2026/07/25 00:03:44.602 +08:00] [WARN] [global_controller.go:850] ["[resource group controller] resource group name does not exist"] [name=default]
[2026/07/25 00:03:44.602 +08:00] [WARN] [global_controller.go:850] ["[resource group controller] resource group name does not exist"] [name=default]
[2026/07/25 00:03:44.608 +08:00] [INFO] [loader.go:216] ["diff load InfoSchema success"] [mode=auto] [isV2=true] [currVer=37] [neededVer=38] [gotVer=38] ["elapsed time"=970.75µs] [phyTblIDs="[76]"] [actionTypes="[3]"] [diffTypes="[\"create table\"]"]
[2026/07/25 00:03:44.610 +08:00] [INFO] [syncer.go:258] ["session manager is nil"]
[2026/07/25 00:03:44.610 +08:00] [INFO] [syncer.go:281] ["mdl gets lock, update self version to owner"] [jobID=77] [version=38]
[2026/07/25 00:03:44.614 +08:00] [INFO] [schema_version.go:397] ["wait schema version synced success"] [category=ddl] [ver=38] [checkAssumedSvr=false] ["take time"=7.401125ms] [job="ID:77, Type:create table, State:done, SchemaState:public, SchemaID:1, TableID:76, RowCount:0, ArgLen:1, start time: 2026-07-25 00:03:44.578 +0800 CST, Err:<nil>, ErrCount:0, SnapshotVersion:0, Version: v2"] [summary="server count: 1"]
[2026/07/25 00:03:44.615 +08:00] [WARN] [global_controller.go:850] ["[resource group controller] resource group name does not exist"] [name=default]
[2026/07/25 00:03:44.615 +08:00] [WARN] [global_controller.go:850] ["[resource group controller] resource group name does not exist"] [name=default]
[2026/07/25 00:03:44.616 +08:00] [WARN] [global_controller.go:850] ["[resource group controller] resource group name does not exist"] [name=default]
[2026/07/25 00:03:44.616 +08:00] [WARN] [global_controller.go:850] ["[resource group controller] resource group name does not exist"] [name=default]
[2026/07/25 00:03:44.616 +08:00] [WARN] [global_controller.go:850] ["[resource group controller] resource group name does not exist"] [name=default]
[2026/07/25 00:03:44.616 +08:00] [INFO] [job_worker.go:447] ["finish DDL job"] [category=ddl] [jobID=77] [job="ID:77, Type:create table, State:synced, SchemaState:public, SchemaID:1, TableID:76, RowCount:0, ArgLen:0, start time: 2026-07-25 00:03:44.578 +0800 CST, Err:<nil>, ErrCount:0, SnapshotVersion:0, Version: v2"]
[2026/07/25 00:03:44.617 +08:00] [WARN] [global_controller.go:850] ["[resource group controller] resource group name does not exist"] [name=default]
[2026/07/25 00:03:44.618 +08:00] [WARN] [global_controller.go:850] ["[resource group controller] resource group name does not exist"] [name=default]
[2026/07/25 00:03:44.618 +08:00] [WARN] [global_controller.go:850] ["[resource group controller] resource group name does not exist"] [name=default]
[2026/07/25 00:03:44.618 +08:00] [INFO] [executor.go:7423] ["DDL job is finished"] [category=ddl] [jobID=77]
[2026/07/25 00:03:44.619 +08:00] [INFO] [session.go:5229] ["CRUCIAL OPERATION"] [conn=0] [schemaVersion=38] [cur_db=mysql] [sql="CREATE TABLE IF NOT EXISTS mysql.tidb_ttl_task (\n\t\tjob_id varchar(64) NOT NULL,\n\t\ttable_id bigint(64) NOT NULL,\n\t\tscan_id int NOT NULL,\n\t\tscan_range_start BLOB,\n\t\tscan_range_end BLOB,\n\t\texpire_time timestamp NOT NULL,\n\t\towner_id varchar(64) DEFAULT NULL,\n\t\towner_addr varchar(64) DEFAULT NULL,\n\t\towner_hb_time timestamp DEFAULT NULL,\n\t\tstatus varchar(64) DEFAULT 'waiting',\n\t\tstatus_update_time timestamp NULL DEFAULT NULL,\n\t\tstate text,\n\t\tcreated_time timestamp NOT NULL,\n\t\tprimary key(job_id, scan_id),\n\t\tkey(created_time));"] [user=]
[2026/07/25 00:03:44.619 +08:00] [INFO] [split_region.go:86] ["split batch regions request"] ["split key count"=1] ["batch count"=1] ["first batch, region ID"=16] ["first split key"=74800000000000004C]
[2026/07/25 00:03:44.619 +08:00] [INFO] [executor.go:7606] ["system variable tidb_scatter_region not found, use default value"] [category=ddl]
[2026/07/25 00:03:44.619 +08:00] [WARN] [global_controller.go:850] ["[resource group controller] resource group name does not exist"] [name=default]
[2026/07/25 00:03:44.623 +08:00] [WARN] [global_controller.go:850] ["[resource group controller] resource group name does not exist"] [name=default]
[2026/07/25 00:03:44.624 +08:00] [WARN] [global_controller.go:850] ["[resource group controller] resource group name does not exist"] [name=default]
[2026/07/25 00:03:44.627 +08:00] [INFO] [split_region.go:192] ["batch split regions complete"] ["batch region ID"=16] ["first at"=74800000000000004C] ["first new region left"="{Id:90 StartKey:7480000000000000FF4A00000000000000F8 EndKey:7480000000000000FF4C00000000000000F8 RegionEpoch:{ConfVer:1 Version:45} Peers:[id:91 store_id:1 ] EncryptionMeta:<nil> IsInFlashback:false FlashbackStartTs:0}"] ["new region count"=1]
[2026/07/25 00:03:44.627 +08:00] [INFO] [split_region.go:241] ["split regions complete"] ["region count"=1] ["region IDs"="[90]"]
[2026/07/25 00:03:44.627 +08:00] [INFO] [job_submitter.go:118] ["add DDL jobs"] [category=ddl] ["batch count"=1] [jobs="ID:79, Type:create table, State:queueing, SchemaState:none, SchemaID:1, TableID:78, RowCount:0, ArgLen:1, start time: 2026-07-25 00:03:44.578 +0800 CST, Err:<nil>, ErrCount:0, SnapshotVersion:0, Version: v2; "] [fast_create=true]
[2026/07/25 00:03:44.627 +08:00] [INFO] [executor.go:7285] ["DDL job submitted"] [category=ddl] [job="ID:79, Type:create table, State:queueing, SchemaState:none, SchemaID:1, TableID:78, RowCount:0, ArgLen:1, start time: 2026-07-25 00:03:44.578 +0800 CST, Err:<nil>, ErrCount:0, SnapshotVersion:0, Version: v2"] [query="CREATE TABLE IF NOT EXISTS mysql.tidb_ttl_job_history (\n\t\tjob_id varchar(64) PRIMARY KEY,\n\t\ttable_id bigint(64) NOT NULL,\n        parent_table_id bigint(64) NOT NULL,\n    \ttable_schema varchar(64) NOT NULL,\n\t\ttable_name varchar(64) NOT NULL,\n    \tpartition_name varchar(64) DEFAULT NULL,\n\t\tcreate_time timestamp NOT NULL,\n\t\tfinish_time timestamp NOT NULL,\n\t\tttl_expire timestamp NOT NULL,\n        summary_text text,\n\t\texpired_rows bigint(64) DEFAULT NULL,\n    \tdeleted_rows bigint(64) DEFAULT NULL,\n    \terror_delete_rows bigint(64) DEFAULT NULL,\n    \tstatus varchar(64) NOT NULL,\n    \tkey(table_schema, table_name, create_time),\n    \tkey(parent_table_id, create_time),\n    \tkey(create_time)\n\t);"]
[2026/07/25 00:03:44.628 +08:00] [WARN] [global_controller.go:850] ["[resource group controller] resource group name does not exist"] [name=default]
[2026/07/25 00:03:44.628 +08:00] [WARN] [global_controller.go:850] ["[resource group controller] resource group name does not exist"] [name=default]
[2026/07/25 00:03:44.628 +08:00] [INFO] [job_worker.go:854] ["run one job step"] [category=ddl] [jobID=79] [job="ID:79, Type:create table, State:queueing, SchemaState:none, SchemaID:1, TableID:78, RowCount:0, ArgLen:0, start time: 2026-07-25 00:03:44.578 +0800 CST, Err:<nil>, ErrCount:0, SnapshotVersion:0, Version: v2"]
[2026/07/25 00:03:44.630 +08:00] [WARN] [global_controller.go:850] ["[resource group controller] resource group name does not exist"] [name=default]
[2026/07/25 00:03:44.630 +08:00] [WARN] [global_controller.go:850] ["[resource group controller] resource group name does not exist"] [name=default]
[2026/07/25 00:03:44.630 +08:00] [WARN] [global_controller.go:850] ["[resource group controller] resource group name does not exist"] [name=default]
[2026/07/25 00:03:44.637 +08:00] [INFO] [loader.go:216] ["diff load InfoSchema success"] [mode=auto] [isV2=true] [currVer=38] [neededVer=39] [gotVer=39] ["elapsed time"=387.917µs] [phyTblIDs="[78]"] [actionTypes="[3]"] [diffTypes="[\"create table\"]"]
[2026/07/25 00:03:44.638 +08:00] [INFO] [syncer.go:258] ["session manager is nil"]
[2026/07/25 00:03:44.641 +08:00] [INFO] [syncer.go:281] ["mdl gets lock, update self version to owner"] [jobID=79] [version=39]
[2026/07/25 00:03:44.645 +08:00] [INFO] [schema_version.go:397] ["wait schema version synced success"] [category=ddl] [ver=39] [checkAssumedSvr=false] ["take time"=8.683209ms] [job="ID:79, Type:create table, State:done, SchemaState:public, SchemaID:1, TableID:78, RowCount:0, ArgLen:1, start time: 2026-07-25 00:03:44.578 +0800 CST, Err:<nil>, ErrCount:0, SnapshotVersion:0, Version: v2"] [summary="server count: 1"]
[2026/07/25 00:03:44.646 +08:00] [WARN] [global_controller.go:850] ["[resource group controller] resource group name does not exist"] [name=default]
[2026/07/25 00:03:44.646 +08:00] [WARN] [global_controller.go:850] ["[resource group controller] resource group name does not exist"] [name=default]
[2026/07/25 00:03:44.646 +08:00] [WARN] [global_controller.go:850] ["[resource group controller] resource group name does not exist"] [name=default]
[2026/07/25 00:03:44.647 +08:00] [WARN] [global_controller.go:850] ["[resource group controller] resource group name does not exist"] [name=default]
[2026/07/25 00:03:44.647 +08:00] [WARN] [global_controller.go:850] ["[resource group controller] resource group name does not exist"] [name=default]
[2026/07/25 00:03:44.647 +08:00] [INFO] [job_worker.go:447] ["finish DDL job"] [category=ddl] [jobID=79] [job="ID:79, Type:create table, State:synced, SchemaState:public, SchemaID:1, TableID:78, RowCount:0, ArgLen:0, start time: 2026-07-25 00:03:44.578 +0800 CST, Err:<nil>, ErrCount:0, SnapshotVersion:0, Version: v2"]
[2026/07/25 00:03:44.647 +08:00] [WARN] [global_controller.go:850] ["[resource group controller] resource group name does not exist"] [name=default]
[2026/07/25 00:03:44.648 +08:00] [WARN] [global_controller.go:850] ["[resource group controller] resource group name does not exist"] [name=default]
[2026/07/25 00:03:44.649 +08:00] [WARN] [global_controller.go:850] ["[resource group controller] resource group name does not exist"] [name=default]
[2026/07/25 00:03:44.649 +08:00] [INFO] [executor.go:7423] ["DDL job is finished"] [category=ddl] [jobID=79]
[2026/07/25 00:03:44.649 +08:00] [INFO] [session.go:5229] ["CRUCIAL OPERATION"] [conn=0] [schemaVersion=39] [cur_db=mysql] [sql="CREATE TABLE IF NOT EXISTS mysql.tidb_ttl_job_history (\n\t\tjob_id varchar(64) PRIMARY KEY,\n\t\ttable_id bigint(64) NOT NULL,\n        parent_table_id bigint(64) NOT NULL,\n    \ttable_schema varchar(64) NOT NULL,\n\t\ttable_name varchar(64) NOT NULL,\n    \tpartition_name varchar(64) DEFAULT NULL,\n\t\tcreate_time timestamp NOT NULL,\n\t\tfinish_time timestamp NOT NULL,\n\t\tttl_expire timestamp NOT NULL,\n        summary_text text,\n\t\texpired_rows bigint(64) DEFAULT NULL,\n    \tdeleted_rows bigint(64) DEFAULT NULL,\n    \terror_delete_rows bigint(64) DEFAULT NULL,\n    \tstatus varchar(64) NOT NULL,\n    \tkey(table_schema, table_name, create_time),\n    \tkey(parent_table_id, create_time),\n    \tkey(create_time)\n\t);"] [user=]
[2026/07/25 00:03:44.649 +08:00] [INFO] [split_region.go:86] ["split batch regions request"] ["split key count"=1] ["batch count"=1] ["first batch, region ID"=16] ["first split key"=74800000000000004E]
[2026/07/25 00:03:44.649 +08:00] [INFO] [executor.go:7606] ["system variable tidb_scatter_region not found, use default value"] [category=ddl]
[2026/07/25 00:03:44.649 +08:00] [WARN] [global_controller.go:850] ["[resource group controller] resource group name does not exist"] [name=default]
[2026/07/25 00:03:44.653 +08:00] [WARN] [global_controller.go:850] ["[resource group controller] resource group name does not exist"] [name=default]
[2026/07/25 00:03:44.654 +08:00] [WARN] [global_controller.go:850] ["[resource group controller] resource group name does not exist"] [name=default]
[2026/07/25 00:03:44.657 +08:00] [INFO] [split_region.go:192] ["batch split regions complete"] ["batch region ID"=16] ["first at"=74800000000000004E] ["first new region left"="{Id:92 StartKey:7480000000000000FF4C00000000000000F8 EndKey:7480000000000000FF4E00000000000000F8 RegionEpoch:{ConfVer:1 Version:46} Peers:[id:93 store_id:1 ] EncryptionMeta:<nil> IsInFlashback:false FlashbackStartTs:0}"] ["new region count"=1]
[2026/07/25 00:03:44.657 +08:00] [INFO] [split_region.go:241] ["split regions complete"] ["region count"=1] ["region IDs"="[92]"]
[2026/07/25 00:03:44.657 +08:00] [INFO] [job_submitter.go:118] ["add DDL jobs"] [category=ddl] ["batch count"=1] [jobs="ID:81, Type:create table, State:queueing, SchemaState:none, SchemaID:1, TableID:80, RowCount:0, ArgLen:1, start time: 2026-07-25 00:03:44.628 +0800 CST, Err:<nil>, ErrCount:0, SnapshotVersion:0, Version: v2; "] [fast_create=true]
[2026/07/25 00:03:44.657 +08:00] [INFO] [executor.go:7285] ["DDL job submitted"] [category=ddl] [job="ID:81, Type:create table, State:queueing, SchemaState:none, SchemaID:1, TableID:80, RowCount:0, ArgLen:1, start time: 2026-07-25 00:03:44.628 +0800 CST, Err:<nil>, ErrCount:0, SnapshotVersion:0, Version: v2"] [query="CREATE TABLE IF NOT EXISTS mysql.tidb_global_task (\n\t\tid BIGINT(20) NOT NULL AUTO_INCREMENT PRIMARY KEY,\n    \ttask_key VARCHAR(256) NOT NULL,\n\t\ttype VARCHAR(256) NOT NULL,\n\t\tdispatcher_id VARCHAR(261),\n\t\tstate VARCHAR(64) NOT NULL,\n\t\tpriority INT DEFAULT 1,\n\t\tcreate_time TIMESTAMP,\n\t\tstart_time TIMESTAMP,\n\t\tstate_update_time TIMESTAMP,\n\t\tend_time TIMESTAMP,\n\t\tmeta LONGBLOB,\n\t\tconcurrency INT(11),\n\t\tstep INT(11),\n\t\ttarget_scope VARCHAR(256) DEFAULT \"\",\n\t\terror BLOB,\n\t\tmodify_params json,\n\t\tmax_node_count INT DEFAULT 0,\n\t\textra_params json,\n\t\tkeyspace varchar(64) default '',\n\t\tkey(state),\n\t\tkey idx_keyspace(keyspace),\n\t\tUNIQUE KEY task_key(task_key)\n\t);"]
[2026/07/25 00:03:44.658 +08:00] [WARN] [global_controller.go:850] ["[resource group controller] resource group name does not exist"] [name=default]
[2026/07/25 00:03:44.658 +08:00] [WARN] [global_controller.go:850] ["[resource group controller] resource group name does not exist"] [name=default]
[2026/07/25 00:03:44.658 +08:00] [INFO] [job_worker.go:854] ["run one job step"] [category=ddl] [jobID=81] [job="ID:81, Type:create table, State:queueing, SchemaState:none, SchemaID:1, TableID:80, RowCount:0, ArgLen:0, start time: 2026-07-25 00:03:44.628 +0800 CST, Err:<nil>, ErrCount:0, SnapshotVersion:0, Version: v2"]
[2026/07/25 00:03:44.659 +08:00] [WARN] [global_controller.go:850] ["[resource group controller] resource group name does not exist"] [name=default]
[2026/07/25 00:03:44.659 +08:00] [WARN] [global_controller.go:850] ["[resource group controller] resource group name does not exist"] [name=default]
[2026/07/25 00:03:44.660 +08:00] [WARN] [global_controller.go:850] ["[resource group controller] resource group name does not exist"] [name=default]
[2026/07/25 00:03:44.674 +08:00] [INFO] [loader.go:216] ["diff load InfoSchema success"] [mode=auto] [isV2=true] [currVer=39] [neededVer=40] [gotVer=40] ["elapsed time"=382.25µs] [phyTblIDs="[80]"] [actionTypes="[3]"] [diffTypes="[\"create table\"]"]
[2026/07/25 00:03:44.674 +08:00] [INFO] [syncer.go:258] ["session manager is nil"]
[2026/07/25 00:03:44.674 +08:00] [INFO] [syncer.go:281] ["mdl gets lock, update self version to owner"] [jobID=81] [version=40]
[2026/07/25 00:03:44.679 +08:00] [INFO] [schema_version.go:397] ["wait schema version synced success"] [category=ddl] [ver=40] [checkAssumedSvr=false] ["take time"=5.806542ms] [job="ID:81, Type:create table, State:done, SchemaState:public, SchemaID:1, TableID:80, RowCount:0, ArgLen:1, start time: 2026-07-25 00:03:44.628 +0800 CST, Err:<nil>, ErrCount:0, SnapshotVersion:0, Version: v2"] [summary="server count: 1"]
[2026/07/25 00:03:44.680 +08:00] [WARN] [global_controller.go:850] ["[resource group controller] resource group name does not exist"] [name=default]
[2026/07/25 00:03:44.680 +08:00] [WARN] [global_controller.go:850] ["[resource group controller] resource group name does not exist"] [name=default]
[2026/07/25 00:03:44.680 +08:00] [WARN] [global_controller.go:850] ["[resource group controller] resource group name does not exist"] [name=default]
[2026/07/25 00:03:44.680 +08:00] [WARN] [global_controller.go:850] ["[resource group controller] resource group name does not exist"] [name=default]
[2026/07/25 00:03:44.680 +08:00] [WARN] [global_controller.go:850] ["[resource group controller] resource group name does not exist"] [name=default]
[2026/07/25 00:03:44.680 +08:00] [INFO] [job_worker.go:447] ["finish DDL job"] [category=ddl] [jobID=81] [job="ID:81, Type:create table, State:synced, SchemaState:public, SchemaID:1, TableID:80, RowCount:0, ArgLen:0, start time: 2026-07-25 00:03:44.628 +0800 CST, Err:<nil>, ErrCount:0, SnapshotVersion:0, Version: v2"]
[2026/07/25 00:03:44.681 +08:00] [WARN] [global_controller.go:850] ["[resource group controller] resource group name does not exist"] [name=default]
[2026/07/25 00:03:44.682 +08:00] [WARN] [global_controller.go:850] ["[resource group controller] resource group name does not exist"] [name=default]
[2026/07/25 00:03:44.682 +08:00] [WARN] [global_controller.go:850] ["[resource group controller] resource group name does not exist"] [name=default]
[2026/07/25 00:03:44.682 +08:00] [INFO] [executor.go:7423] ["DDL job is finished"] [category=ddl] [jobID=81]
[2026/07/25 00:03:44.682 +08:00] [INFO] [session.go:5229] ["CRUCIAL OPERATION"] [conn=0] [schemaVersion=40] [cur_db=mysql] [sql="CREATE TABLE IF NOT EXISTS mysql.tidb_global_task (\n\t\tid BIGINT(20) NOT NULL AUTO_INCREMENT PRIMARY KEY,\n    \ttask_key VARCHAR(256) NOT NULL,\n\t\ttype VARCHAR(256) NOT NULL,\n\t\tdispatcher_id VARCHAR(261),\n\t\tstate VARCHAR(64) NOT NULL,\n\t\tpriority INT DEFAULT 1,\n\t\tcreate_time TIMESTAMP,\n\t\tstart_time TIMESTAMP,\n\t\tstate_update_time TIMESTAMP,\n\t\tend_time TIMESTAMP,\n\t\tmeta LONGBLOB,\n\t\tconcurrency INT(11),\n\t\tstep INT(11),\n\t\ttarget_scope VARCHAR(256) DEFAULT \"\",\n\t\terror BLOB,\n\t\tmodify_params json,\n\t\tmax_node_count INT DEFAULT 0,\n\t\textra_params json,\n\t\tkeyspace varchar(64) default '',\n\t\tkey(state),\n\t\tkey idx_keyspace(keyspace),\n\t\tUNIQUE KEY task_key(task_key)\n\t);"] [user=]
[2026/07/25 00:03:44.682 +08:00] [INFO] [split_region.go:86] ["split batch regions request"] ["split key count"=1] ["batch count"=1] ["first batch, region ID"=16] ["first split key"=748000000000000050]
[2026/07/25 00:03:44.683 +08:00] [INFO] [executor.go:7606] ["system variable tidb_scatter_region not found, use default value"] [category=ddl]
[2026/07/25 00:03:44.683 +08:00] [WARN] [global_controller.go:850] ["[resource group controller] resource group name does not exist"] [name=default]
[2026/07/25 00:03:44.687 +08:00] [WARN] [global_controller.go:850] ["[resource group controller] resource group name does not exist"] [name=default]
[2026/07/25 00:03:44.687 +08:00] [WARN] [global_controller.go:850] ["[resource group controller] resource group name does not exist"] [name=default]
[2026/07/25 00:03:44.691 +08:00] [INFO] [split_region.go:192] ["batch split regions complete"] ["batch region ID"=16] ["first at"=748000000000000050] ["first new region left"="{Id:94 StartKey:7480000000000000FF4E00000000000000F8 EndKey:7480000000000000FF5000000000000000F8 RegionEpoch:{ConfVer:1 Version:47} Peers:[id:95 store_id:1 ] EncryptionMeta:<nil> IsInFlashback:false FlashbackStartTs:0}"] ["new region count"=1]
[2026/07/25 00:03:44.691 +08:00] [INFO] [split_region.go:241] ["split regions complete"] ["region count"=1] ["region IDs"="[94]"]
[2026/07/25 00:03:44.691 +08:00] [INFO] [job_submitter.go:118] ["add DDL jobs"] [category=ddl] ["batch count"=1] [jobs="ID:83, Type:create table, State:queueing, SchemaState:none, SchemaID:1, TableID:82, RowCount:0, ArgLen:1, start time: 2026-07-25 00:03:44.678 +0800 CST, Err:<nil>, ErrCount:0, SnapshotVersion:0, Version: v2; "] [fast_create=true]
[2026/07/25 00:03:44.691 +08:00] [INFO] [executor.go:7285] ["DDL job submitted"] [category=ddl] [job="ID:83, Type:create table, State:queueing, SchemaState:none, SchemaID:1, TableID:82, RowCount:0, ArgLen:1, start time: 2026-07-25 00:03:44.678 +0800 CST, Err:<nil>, ErrCount:0, SnapshotVersion:0, Version: v2"] [query="CREATE TABLE IF NOT EXISTS mysql.tidb_global_task_history (\n\t\tid BIGINT(20) NOT NULL AUTO_INCREMENT PRIMARY KEY,\n    \ttask_key VARCHAR(256) NOT NULL,\n\t\ttype VARCHAR(256) NOT NULL,\n\t\tdispatcher_id VARCHAR(261),\n\t\tstate VARCHAR(64) NOT NULL,\n\t\tpriority INT DEFAULT 1,\n\t\tcreate_time TIMESTAMP,\n\t\tstart_time TIMESTAMP,\n\t\tstate_update_time TIMESTAMP,\n\t\tend_time TIMESTAMP,\n\t\tmeta LONGBLOB,\n\t\tconcurrency INT(11),\n\t\tstep INT(11),\n\t\ttarget_scope VARCHAR(256) DEFAULT \"\",\n\t\terror BLOB,\n\t\tmodify_params json,\n\t\tmax_node_count INT DEFAULT 0,\n\t\textra_params json,\n\t\tkeyspace varchar(64) default '',\n\t\tkey(state),\n\t\tkey idx_keyspace(keyspace),\n\t\tUNIQUE KEY task_key(task_key)\n\t);"]
[2026/07/25 00:03:44.692 +08:00] [WARN] [global_controller.go:850] ["[resource group controller] resource group name does not exist"] [name=default]
[2026/07/25 00:03:44.692 +08:00] [WARN] [global_controller.go:850] ["[resource group controller] resource group name does not exist"] [name=default]
[2026/07/25 00:03:44.692 +08:00] [INFO] [job_worker.go:854] ["run one job step"] [category=ddl] [jobID=83] [job="ID:83, Type:create table, State:queueing, SchemaState:none, SchemaID:1, TableID:82, RowCount:0, ArgLen:0, start time: 2026-07-25 00:03:44.678 +0800 CST, Err:<nil>, ErrCount:0, SnapshotVersion:0, Version: v2"]
[2026/07/25 00:03:44.693 +08:00] [WARN] [global_controller.go:850] ["[resource group controller] resource group name does not exist"] [name=default]
[2026/07/25 00:03:44.693 +08:00] [WARN] [global_controller.go:850] ["[resource group controller] resource group name does not exist"] [name=default]
[2026/07/25 00:03:44.694 +08:00] [WARN] [global_controller.go:850] ["[resource group controller] resource group name does not exist"] [name=default]
[2026/07/25 00:03:44.699 +08:00] [INFO] [loader.go:216] ["diff load InfoSchema success"] [mode=auto] [isV2=true] [currVer=40] [neededVer=41] [gotVer=41] ["elapsed time"=360.959µs] [phyTblIDs="[82]"] [actionTypes="[3]"] [diffTypes="[\"create table\"]"]
[2026/07/25 00:03:44.700 +08:00] [INFO] [syncer.go:258] ["session manager is nil"]
[2026/07/25 00:03:44.700 +08:00] [INFO] [syncer.go:281] ["mdl gets lock, update self version to owner"] [jobID=83] [version=41]
[2026/07/25 00:03:44.704 +08:00] [INFO] [schema_version.go:397] ["wait schema version synced success"] [category=ddl] [ver=41] [checkAssumedSvr=false] ["take time"=4.918ms] [job="ID:83, Type:create table, State:done, SchemaState:public, SchemaID:1, TableID:82, RowCount:0, ArgLen:1, start time: 2026-07-25 00:03:44.678 +0800 CST, Err:<nil>, ErrCount:0, SnapshotVersion:0, Version: v2"] [summary="server count: 1"]
[2026/07/25 00:03:44.704 +08:00] [WARN] [global_controller.go:850] ["[resource group controller] resource group name does not exist"] [name=default]
[2026/07/25 00:03:44.705 +08:00] [WARN] [global_controller.go:850] ["[resource group controller] resource group name does not exist"] [name=default]
[2026/07/25 00:03:44.705 +08:00] [WARN] [global_controller.go:850] ["[resource group controller] resource group name does not exist"] [name=default]
[2026/07/25 00:03:44.705 +08:00] [WARN] [global_controller.go:850] ["[resource group controller] resource group name does not exist"] [name=default]
[2026/07/25 00:03:44.705 +08:00] [WARN] [global_controller.go:850] ["[resource group controller] resource group name does not exist"] [name=default]
[2026/07/25 00:03:44.705 +08:00] [INFO] [job_worker.go:447] ["finish DDL job"] [category=ddl] [jobID=83] [job="ID:83, Type:create table, State:synced, SchemaState:public, SchemaID:1, TableID:82, RowCount:0, ArgLen:0, start time: 2026-07-25 00:03:44.678 +0800 CST, Err:<nil>, ErrCount:0, SnapshotVersion:0, Version: v2"]
[2026/07/25 00:03:44.706 +08:00] [WARN] [global_controller.go:850] ["[resource group controller] resource group name does not exist"] [name=default]
[2026/07/25 00:03:44.707 +08:00] [WARN] [global_controller.go:850] ["[resource group controller] resource group name does not exist"] [name=default]
[2026/07/25 00:03:44.707 +08:00] [WARN] [global_controller.go:850] ["[resource group controller] resource group name does not exist"] [name=default]
[2026/07/25 00:03:44.707 +08:00] [INFO] [executor.go:7423] ["DDL job is finished"] [category=ddl] [jobID=83]
[2026/07/25 00:03:44.707 +08:00] [INFO] [session.go:5229] ["CRUCIAL OPERATION"] [conn=0] [schemaVersion=41] [cur_db=mysql] [sql="CREATE TABLE IF NOT EXISTS mysql.tidb_global_task_history (\n\t\tid BIGINT(20) NOT NULL AUTO_INCREMENT PRIMARY KEY,\n    \ttask_key VARCHAR(256) NOT NULL,\n\t\ttype VARCHAR(256) NOT NULL,\n\t\tdispatcher_id VARCHAR(261),\n\t\tstate VARCHAR(64) NOT NULL,\n\t\tpriority INT DEFAULT 1,\n\t\tcreate_time TIMESTAMP,\n\t\tstart_time TIMESTAMP,\n\t\tstate_update_time TIMESTAMP,\n\t\tend_time TIMESTAMP,\n\t\tmeta LONGBLOB,\n\t\tconcurrency INT(11),\n\t\tstep INT(11),\n\t\ttarget_scope VARCHAR(256) DEFAULT \"\",\n\t\terror BLOB,\n\t\tmodify_params json,\n\t\tmax_node_count INT DEFAULT 0,\n\t\textra_params json,\n\t\tkeyspace varchar(64) default '',\n\t\tkey(state),\n\t\tkey idx_keyspace(keyspace),\n\t\tUNIQUE KEY task_key(task_key)\n\t);"] [user=]
[2026/07/25 00:03:44.707 +08:00] [INFO] [split_region.go:86] ["split batch regions request"] ["split key count"=1] ["batch count"=1] ["first batch, region ID"=16] ["first split key"=748000000000000052]
[2026/07/25 00:03:44.708 +08:00] [INFO] [executor.go:7606] ["system variable tidb_scatter_region not found, use default value"] [category=ddl]
[2026/07/25 00:03:44.708 +08:00] [WARN] [global_controller.go:850] ["[resource group controller] resource group name does not exist"] [name=default]
[2026/07/25 00:03:44.712 +08:00] [WARN] [global_controller.go:850] ["[resource group controller] resource group name does not exist"] [name=default]
[2026/07/25 00:03:44.713 +08:00] [WARN] [global_controller.go:850] ["[resource group controller] resource group name does not exist"] [name=default]
[2026/07/25 00:03:44.716 +08:00] [INFO] [split_region.go:192] ["batch split regions complete"] ["batch region ID"=16] ["first at"=748000000000000052] ["first new region left"="{Id:96 StartKey:7480000000000000FF5000000000000000F8 EndKey:7480000000000000FF5200000000000000F8 RegionEpoch:{ConfVer:1 Version:48} Peers:[id:97 store_id:1 ] EncryptionMeta:<nil> IsInFlashback:false FlashbackStartTs:0}"] ["new region count"=1]
[2026/07/25 00:03:44.716 +08:00] [INFO] [split_region.go:241] ["split regions complete"] ["region count"=1] ["region IDs"="[96]"]
[2026/07/25 00:03:44.716 +08:00] [INFO] [job_submitter.go:118] ["add DDL jobs"] [category=ddl] ["batch count"=1] [jobs="ID:85, Type:create table, State:queueing, SchemaState:none, SchemaID:1, TableID:84, RowCount:0, ArgLen:1, start time: 2026-07-25 00:03:44.678 +0800 CST, Err:<nil>, ErrCount:0, SnapshotVersion:0, Version: v2; "] [fast_create=true]
[2026/07/25 00:03:44.716 +08:00] [INFO] [executor.go:7285] ["DDL job submitted"] [category=ddl] [job="ID:85, Type:create table, State:queueing, SchemaState:none, SchemaID:1, TableID:84, RowCount:0, ArgLen:1, start time: 2026-07-25 00:03:44.678 +0800 CST, Err:<nil>, ErrCount:0, SnapshotVersion:0, Version: v2"] [query="CREATE TABLE IF NOT EXISTS mysql.tidb_import_jobs (\n\t\tid bigint(64) NOT NULL AUTO_INCREMENT,\n\t\tcreate_time TIMESTAMP(6) NOT NULL DEFAULT CURRENT_TIMESTAMP(6),\n\t\tstart_time TIMESTAMP(6) NULL DEFAULT NULL,\n\t\tupdate_time TIMESTAMP(6) NULL DEFAULT NULL,\n\t\tend_time TIMESTAMP(6) NULL DEFAULT NULL,\n\t\ttable_schema VARCHAR(64) NOT NULL,\n\t\ttable_name VARCHAR(64) NOT NULL,\n\t\ttable_id bigint(64) NOT NULL,\n\t\tcreated_by VARCHAR(300) NOT NULL,\n\t\tgroup_key VARCHAR(256) NOT NULL DEFAULT \"\",\n\t\tparameters text NOT NULL,\n\t\tsource_file_size bigint(64) NOT NULL,\n\t\tstatus VARCHAR(64) NOT NULL,\n\t\tstep VARCHAR(64) NOT NULL,\n\t\tsummary text DEFAULT NULL,\n\t\terror_message TEXT DEFAULT NULL,\n\t\tPRIMARY KEY (id),\n\t\tKEY (created_by),\n\t\tKEY idx_group_key(group_key),\n\t\tKEY (status));"]
[2026/07/25 00:03:44.717 +08:00] [WARN] [global_controller.go:850] ["[resource group controller] resource group name does not exist"] [name=default]
[2026/07/25 00:03:44.717 +08:00] [WARN] [global_controller.go:850] ["[resource group controller] resource group name does not exist"] [name=default]
[2026/07/25 00:03:44.717 +08:00] [INFO] [job_worker.go:854] ["run one job step"] [category=ddl] [jobID=85] [job="ID:85, Type:create table, State:queueing, SchemaState:none, SchemaID:1, TableID:84, RowCount:0, ArgLen:0, start time: 2026-07-25 00:03:44.678 +0800 CST, Err:<nil>, ErrCount:0, SnapshotVersion:0, Version: v2"]
[2026/07/25 00:03:44.718 +08:00] [WARN] [global_controller.go:850] ["[resource group controller] resource group name does not exist"] [name=default]
[2026/07/25 00:03:44.718 +08:00] [WARN] [global_controller.go:850] ["[resource group controller] resource group name does not exist"] [name=default]
[2026/07/25 00:03:44.719 +08:00] [WARN] [global_controller.go:850] ["[resource group controller] resource group name does not exist"] [name=default]
[2026/07/25 00:03:44.725 +08:00] [INFO] [loader.go:216] ["diff load InfoSchema success"] [mode=auto] [isV2=true] [currVer=41] [neededVer=42] [gotVer=42] ["elapsed time"=419.084µs] [phyTblIDs="[84]"] [actionTypes="[3]"] [diffTypes="[\"create table\"]"]
[2026/07/25 00:03:44.725 +08:00] [INFO] [syncer.go:258] ["session manager is nil"]
[2026/07/25 00:03:44.725 +08:00] [INFO] [syncer.go:281] ["mdl gets lock, update self version to owner"] [jobID=85] [version=42]
[2026/07/25 00:03:44.730 +08:00] [INFO] [schema_version.go:397] ["wait schema version synced success"] [category=ddl] [ver=42] [checkAssumedSvr=false] ["take time"=5.667458ms] [job="ID:85, Type:create table, State:done, SchemaState:public, SchemaID:1, TableID:84, RowCount:0, ArgLen:1, start time: 2026-07-25 00:03:44.678 +0800 CST, Err:<nil>, ErrCount:0, SnapshotVersion:0, Version: v2"] [summary="server count: 1"]
[2026/07/25 00:03:44.730 +08:00] [WARN] [global_controller.go:850] ["[resource group controller] resource group name does not exist"] [name=default]
[2026/07/25 00:03:44.730 +08:00] [WARN] [global_controller.go:850] ["[resource group controller] resource group name does not exist"] [name=default]
[2026/07/25 00:03:44.731 +08:00] [WARN] [global_controller.go:850] ["[resource group controller] resource group name does not exist"] [name=default]
[2026/07/25 00:03:44.731 +08:00] [WARN] [global_controller.go:850] ["[resource group controller] resource group name does not exist"] [name=default]
[2026/07/25 00:03:44.731 +08:00] [WARN] [global_controller.go:850] ["[resource group controller] resource group name does not exist"] [name=default]
[2026/07/25 00:03:44.731 +08:00] [INFO] [job_worker.go:447] ["finish DDL job"] [category=ddl] [jobID=85] [job="ID:85, Type:create table, State:synced, SchemaState:public, SchemaID:1, TableID:84, RowCount:0, ArgLen:0, start time: 2026-07-25 00:03:44.678 +0800 CST, Err:<nil>, ErrCount:0, SnapshotVersion:0, Version: v2"]
[2026/07/25 00:03:44.732 +08:00] [WARN] [global_controller.go:850] ["[resource group controller] resource group name does not exist"] [name=default]
[2026/07/25 00:03:44.733 +08:00] [WARN] [global_controller.go:850] ["[resource group controller] resource group name does not exist"] [name=default]
[2026/07/25 00:03:44.733 +08:00] [WARN] [global_controller.go:850] ["[resource group controller] resource group name does not exist"] [name=default]
[2026/07/25 00:03:44.733 +08:00] [INFO] [executor.go:7423] ["DDL job is finished"] [category=ddl] [jobID=85]
[2026/07/25 00:03:44.733 +08:00] [INFO] [session.go:5229] ["CRUCIAL OPERATION"] [conn=0] [schemaVersion=42] [cur_db=mysql] [sql="CREATE TABLE IF NOT EXISTS mysql.tidb_import_jobs (\n\t\tid bigint(64) NOT NULL AUTO_INCREMENT,\n\t\tcreate_time TIMESTAMP(6) NOT NULL DEFAULT CURRENT_TIMESTAMP(6),\n\t\tstart_time TIMESTAMP(6) NULL DEFAULT NULL,\n\t\tupdate_time TIMESTAMP(6) NULL DEFAULT NULL,\n\t\tend_time TIMESTAMP(6) NULL DEFAULT NULL,\n\t\ttable_schema VARCHAR(64) NOT NULL,\n\t\ttable_name VARCHAR(64) NOT NULL,\n\t\ttable_id bigint(64) NOT NULL,\n\t\tcreated_by VARCHAR(300) NOT NULL,\n\t\tgroup_key VARCHAR(256) NOT NULL DEFAULT \"\",\n\t\tparameters text NOT NULL,\n\t\tsource_file_size bigint(64) NOT NULL,\n\t\tstatus VARCHAR(64) NOT NULL,\n\t\tstep VARCHAR(64) NOT NULL,\n\t\tsummary text DEFAULT NULL,\n\t\terror_message TEXT DEFAULT NULL,\n\t\tPRIMARY KEY (id),\n\t\tKEY (created_by),\n\t\tKEY idx_group_key(group_key),\n\t\tKEY (status));"] [user=]
[2026/07/25 00:03:44.733 +08:00] [INFO] [split_region.go:86] ["split batch regions request"] ["split key count"=1] ["batch count"=1] ["first batch, region ID"=16] ["first split key"=748000000000000054]
[2026/07/25 00:03:44.733 +08:00] [INFO] [executor.go:7606] ["system variable tidb_scatter_region not found, use default value"] [category=ddl]
[2026/07/25 00:03:44.734 +08:00] [WARN] [global_controller.go:850] ["[resource group controller] resource group name does not exist"] [name=default]
[2026/07/25 00:03:44.737 +08:00] [WARN] [global_controller.go:850] ["[resource group controller] resource group name does not exist"] [name=default]
[2026/07/25 00:03:44.738 +08:00] [WARN] [global_controller.go:850] ["[resource group controller] resource group name does not exist"] [name=default]
[2026/07/25 00:03:44.741 +08:00] [INFO] [split_region.go:192] ["batch split regions complete"] ["batch region ID"=16] ["first at"=748000000000000054] ["first new region left"="{Id:98 StartKey:7480000000000000FF5200000000000000F8 EndKey:7480000000000000FF5400000000000000F8 RegionEpoch:{ConfVer:1 Version:49} Peers:[id:99 store_id:1 ] EncryptionMeta:<nil> IsInFlashback:false FlashbackStartTs:0}"] ["new region count"=1]
[2026/07/25 00:03:44.741 +08:00] [INFO] [split_region.go:241] ["split regions complete"] ["region count"=1] ["region IDs"="[98]"]
[2026/07/25 00:03:44.741 +08:00] [INFO] [job_submitter.go:118] ["add DDL jobs"] [category=ddl] ["batch count"=1] [jobs="ID:87, Type:create table, State:queueing, SchemaState:none, SchemaID:1, TableID:86, RowCount:0, ArgLen:1, start time: 2026-07-25 00:03:44.728 +0800 CST, Err:<nil>, ErrCount:0, SnapshotVersion:0, Version: v2; "] [fast_create=true]
[2026/07/25 00:03:44.741 +08:00] [INFO] [executor.go:7285] ["DDL job submitted"] [category=ddl] [job="ID:87, Type:create table, State:queueing, SchemaState:none, SchemaID:1, TableID:86, RowCount:0, ArgLen:1, start time: 2026-07-25 00:03:44.728 +0800 CST, Err:<nil>, ErrCount:0, SnapshotVersion:0, Version: v2"] [query="CREATE TABLE IF NOT EXISTS mysql.tidb_runaway_watch (\n\t\tid BIGINT(20) NOT NULL AUTO_INCREMENT PRIMARY KEY,\n\t\tresource_group_name varchar(32) not null,\n\t\tstart_time datetime(6) NOT NULL,\n\t\tend_time datetime(6),\n\t\twatch bigint(10) NOT NULL,\n\t\twatch_text TEXT NOT NULL,\n\t\tsource varchar(512) NOT NULL,\n\t\taction bigint(10),\n\t\tswitch_group_name VARCHAR(32) DEFAULT '',\n\t\trule VARCHAR(512) DEFAULT '',\n\t\tINDEX sql_index(resource_group_name,watch_text(700)) COMMENT \"accelerate the speed when select quarantined query\",\n\t\tINDEX time_index(end_time) COMMENT \"accelerate the speed when querying with active watch\",\n\t\tINDEX idx_start_time(start_time) COMMENT \"accelerate the speed when syncing new watch records\"\n\t) ENGINE=InnoDB DEFAULT CHARSET=utf8mb4 COLLATE=utf8mb4_bin;"]
[2026/07/25 00:03:44.742 +08:00] [WARN] [global_controller.go:850] ["[resource group controller] resource group name does not exist"] [name=default]
[2026/07/25 00:03:44.742 +08:00] [WARN] [global_controller.go:850] ["[resource group controller] resource group name does not exist"] [name=default]
[2026/07/25 00:03:44.742 +08:00] [INFO] [job_worker.go:854] ["run one job step"] [category=ddl] [jobID=87] [job="ID:87, Type:create table, State:queueing, SchemaState:none, SchemaID:1, TableID:86, RowCount:0, ArgLen:0, start time: 2026-07-25 00:03:44.728 +0800 CST, Err:<nil>, ErrCount:0, SnapshotVersion:0, Version: v2"]
[2026/07/25 00:03:44.743 +08:00] [WARN] [global_controller.go:850] ["[resource group controller] resource group name does not exist"] [name=default]
[2026/07/25 00:03:44.744 +08:00] [WARN] [global_controller.go:850] ["[resource group controller] resource group name does not exist"] [name=default]
[2026/07/25 00:03:44.744 +08:00] [WARN] [global_controller.go:850] ["[resource group controller] resource group name does not exist"] [name=default]
[2026/07/25 00:03:44.750 +08:00] [INFO] [loader.go:216] ["diff load InfoSchema success"] [mode=auto] [isV2=true] [currVer=42] [neededVer=43] [gotVer=43] ["elapsed time"=333.5µs] [phyTblIDs="[86]"] [actionTypes="[3]"] [diffTypes="[\"create table\"]"]
[2026/07/25 00:03:44.750 +08:00] [INFO] [syncer.go:258] ["session manager is nil"]
[2026/07/25 00:03:44.750 +08:00] [INFO] [syncer.go:281] ["mdl gets lock, update self version to owner"] [jobID=87] [version=43]
[2026/07/25 00:03:44.755 +08:00] [INFO] [schema_version.go:397] ["wait schema version synced success"] [category=ddl] [ver=43] [checkAssumedSvr=false] ["take time"=5.983917ms] [job="ID:87, Type:create table, State:done, SchemaState:public, SchemaID:1, TableID:86, RowCount:0, ArgLen:1, start time: 2026-07-25 00:03:44.728 +0800 CST, Err:<nil>, ErrCount:0, SnapshotVersion:0, Version: v2"] [summary="server count: 1"]
[2026/07/25 00:03:44.756 +08:00] [WARN] [global_controller.go:850] ["[resource group controller] resource group name does not exist"] [name=default]
[2026/07/25 00:03:44.756 +08:00] [WARN] [global_controller.go:850] ["[resource group controller] resource group name does not exist"] [name=default]
[2026/07/25 00:03:44.756 +08:00] [WARN] [global_controller.go:850] ["[resource group controller] resource group name does not exist"] [name=default]
[2026/07/25 00:03:44.756 +08:00] [WARN] [global_controller.go:850] ["[resource group controller] resource group name does not exist"] [name=default]
[2026/07/25 00:03:44.756 +08:00] [WARN] [global_controller.go:850] ["[resource group controller] resource group name does not exist"] [name=default]
[2026/07/25 00:03:44.756 +08:00] [INFO] [job_worker.go:447] ["finish DDL job"] [category=ddl] [jobID=87] [job="ID:87, Type:create table, State:synced, SchemaState:public, SchemaID:1, TableID:86, RowCount:0, ArgLen:0, start time: 2026-07-25 00:03:44.728 +0800 CST, Err:<nil>, ErrCount:0, SnapshotVersion:0, Version: v2"]
[2026/07/25 00:03:44.757 +08:00] [WARN] [global_controller.go:850] ["[resource group controller] resource group name does not exist"] [name=default]
[2026/07/25 00:03:44.758 +08:00] [WARN] [global_controller.go:850] ["[resource group controller] resource group name does not exist"] [name=default]
[2026/07/25 00:03:44.759 +08:00] [INFO] [executor.go:7423] ["DDL job is finished"] [category=ddl] [jobID=87]
[2026/07/25 00:03:44.759 +08:00] [WARN] [global_controller.go:850] ["[resource group controller] resource group name does not exist"] [name=default]
[2026/07/25 00:03:44.759 +08:00] [INFO] [session.go:5229] ["CRUCIAL OPERATION"] [conn=0] [schemaVersion=43] [cur_db=mysql] [sql="CREATE TABLE IF NOT EXISTS mysql.tidb_runaway_watch (\n\t\tid BIGINT(20) NOT NULL AUTO_INCREMENT PRIMARY KEY,\n\t\tresource_group_name varchar(32) not null,\n\t\tstart_time datetime(6) NOT NULL,\n\t\tend_time datetime(6),\n\t\twatch bigint(10) NOT NULL,\n\t\twatch_text TEXT NOT NULL,\n\t\tsource varchar(512) NOT NULL,\n\t\taction bigint(10),\n\t\tswitch_group_name VARCHAR(32) DEFAULT '',\n\t\trule VARCHAR(512) DEFAULT '',\n\t\tINDEX sql_index(resource_group_name,watch_text(700)) COMMENT \"accelerate the speed when select quarantined query\",\n\t\tINDEX time_index(end_time) COMMENT \"accelerate the speed when querying with active watch\",\n\t\tINDEX idx_start_time(start_time) COMMENT \"accelerate the speed when syncing new watch records\"\n\t) ENGINE=InnoDB DEFAULT CHARSET=utf8mb4 COLLATE=utf8mb4_bin;"] [user=]
[2026/07/25 00:03:44.759 +08:00] [INFO] [split_region.go:86] ["split batch regions request"] ["split key count"=1] ["batch count"=1] ["first batch, region ID"=16] ["first split key"=748000000000000056]
[2026/07/25 00:03:44.759 +08:00] [INFO] [executor.go:7606] ["system variable tidb_scatter_region not found, use default value"] [category=ddl]
[2026/07/25 00:03:44.759 +08:00] [WARN] [global_controller.go:850] ["[resource group controller] resource group name does not exist"] [name=default]
[2026/07/25 00:03:44.763 +08:00] [WARN] [global_controller.go:850] ["[resource group controller] resource group name does not exist"] [name=default]
[2026/07/25 00:03:44.764 +08:00] [WARN] [global_controller.go:850] ["[resource group controller] resource group name does not exist"] [name=default]
[2026/07/25 00:03:44.767 +08:00] [INFO] [split_region.go:192] ["batch split regions complete"] ["batch region ID"=16] ["first at"=748000000000000056] ["first new region left"="{Id:100 StartKey:7480000000000000FF5400000000000000F8 EndKey:7480000000000000FF5600000000000000F8 RegionEpoch:{ConfVer:1 Version:50} Peers:[id:101 store_id:1 ] EncryptionMeta:<nil> IsInFlashback:false FlashbackStartTs:0}"] ["new region count"=1]
[2026/07/25 00:03:44.767 +08:00] [INFO] [split_region.go:241] ["split regions complete"] ["region count"=1] ["region IDs"="[100]"]
[2026/07/25 00:03:44.767 +08:00] [INFO] [job_submitter.go:118] ["add DDL jobs"] [category=ddl] ["batch count"=1] [jobs="ID:89, Type:create table, State:queueing, SchemaState:none, SchemaID:1, TableID:88, RowCount:0, ArgLen:1, start time: 2026-07-25 00:03:44.728 +0800 CST, Err:<nil>, ErrCount:0, SnapshotVersion:0, Version: v2; "] [fast_create=true]
[2026/07/25 00:03:44.767 +08:00] [INFO] [executor.go:7285] ["DDL job submitted"] [category=ddl] [job="ID:89, Type:create table, State:queueing, SchemaState:none, SchemaID:1, TableID:88, RowCount:0, ArgLen:1, start time: 2026-07-25 00:03:44.728 +0800 CST, Err:<nil>, ErrCount:0, SnapshotVersion:0, Version: v2"] [query="CREATE TABLE IF NOT EXISTS mysql.tidb_runaway_queries (\n\t\tresource_group_name varchar(32) not null,\n\t\tstart_time TIMESTAMP NOT NULL,\n\t\trepeats int default 1,\n\t\tmatch_type varchar(12) NOT NULL,\n\t\taction varchar(64) NOT NULL,\n\t\tsample_sql TEXT NOT NULL,\n\t\tsql_digest varchar(64) NOT NULL,\n\t\tplan_digest varchar(64) NOT NULL,\n\t\ttidb_server varchar(512),\n\t\trule VARCHAR(512) DEFAULT '',\n\t\tINDEX plan_index(plan_digest(64)) COMMENT \"accelerate the speed when select runaway query\",\n\t\tINDEX time_index(start_time) COMMENT \"accelerate the speed when querying with active watch\"\n\t) ENGINE=InnoDB DEFAULT CHARSET=utf8mb4 COLLATE=utf8mb4_bin;"]
[2026/07/25 00:03:44.768 +08:00] [WARN] [global_controller.go:850] ["[resource group controller] resource group name does not exist"] [name=default]
[2026/07/25 00:03:44.768 +08:00] [WARN] [global_controller.go:850] ["[resource group controller] resource group name does not exist"] [name=default]
[2026/07/25 00:03:44.768 +08:00] [INFO] [job_worker.go:854] ["run one job step"] [category=ddl] [jobID=89] [job="ID:89, Type:create table, State:queueing, SchemaState:none, SchemaID:1, TableID:88, RowCount:0, ArgLen:0, start time: 2026-07-25 00:03:44.728 +0800 CST, Err:<nil>, ErrCount:0, SnapshotVersion:0, Version: v2"]
[2026/07/25 00:03:44.770 +08:00] [WARN] [global_controller.go:850] ["[resource group controller] resource group name does not exist"] [name=default]
[2026/07/25 00:03:44.770 +08:00] [WARN] [global_controller.go:850] ["[resource group controller] resource group name does not exist"] [name=default]
[2026/07/25 00:03:44.770 +08:00] [WARN] [global_controller.go:850] ["[resource group controller] resource group name does not exist"] [name=default]
[2026/07/25 00:03:44.784 +08:00] [INFO] [loader.go:216] ["diff load InfoSchema success"] [mode=auto] [isV2=true] [currVer=43] [neededVer=44] [gotVer=44] ["elapsed time"=368.25µs] [phyTblIDs="[88]"] [actionTypes="[3]"] [diffTypes="[\"create table\"]"]
[2026/07/25 00:03:44.784 +08:00] [INFO] [syncer.go:258] ["session manager is nil"]
[2026/07/25 00:03:44.784 +08:00] [INFO] [syncer.go:281] ["mdl gets lock, update self version to owner"] [jobID=89] [version=44]
[2026/07/25 00:03:44.789 +08:00] [INFO] [schema_version.go:397] ["wait schema version synced success"] [category=ddl] [ver=44] [checkAssumedSvr=false] ["take time"=5.951584ms] [job="ID:89, Type:create table, State:done, SchemaState:public, SchemaID:1, TableID:88, RowCount:0, ArgLen:1, start time: 2026-07-25 00:03:44.728 +0800 CST, Err:<nil>, ErrCount:0, SnapshotVersion:0, Version: v2"] [summary="server count: 1"]
[2026/07/25 00:03:44.790 +08:00] [WARN] [global_controller.go:850] ["[resource group controller] resource group name does not exist"] [name=default]
[2026/07/25 00:03:44.790 +08:00] [WARN] [global_controller.go:850] ["[resource group controller] resource group name does not exist"] [name=default]
[2026/07/25 00:03:44.790 +08:00] [WARN] [global_controller.go:850] ["[resource group controller] resource group name does not exist"] [name=default]
[2026/07/25 00:03:44.790 +08:00] [WARN] [global_controller.go:850] ["[resource group controller] resource group name does not exist"] [name=default]
[2026/07/25 00:03:44.790 +08:00] [WARN] [global_controller.go:850] ["[resource group controller] resource group name does not exist"] [name=default]
[2026/07/25 00:03:44.790 +08:00] [INFO] [job_worker.go:447] ["finish DDL job"] [category=ddl] [jobID=89] [job="ID:89, Type:create table, State:synced, SchemaState:public, SchemaID:1, TableID:88, RowCount:0, ArgLen:0, start time: 2026-07-25 00:03:44.728 +0800 CST, Err:<nil>, ErrCount:0, SnapshotVersion:0, Version: v2"]
[2026/07/25 00:03:44.791 +08:00] [WARN] [global_controller.go:850] ["[resource group controller] resource group name does not exist"] [name=default]
[2026/07/25 00:03:44.792 +08:00] [WARN] [global_controller.go:850] ["[resource group controller] resource group name does not exist"] [name=default]
[2026/07/25 00:03:44.792 +08:00] [WARN] [global_controller.go:850] ["[resource group controller] resource group name does not exist"] [name=default]
[2026/07/25 00:03:44.792 +08:00] [INFO] [executor.go:7423] ["DDL job is finished"] [category=ddl] [jobID=89]
[2026/07/25 00:03:44.792 +08:00] [INFO] [session.go:5229] ["CRUCIAL OPERATION"] [conn=0] [schemaVersion=44] [cur_db=mysql] [sql="CREATE TABLE IF NOT EXISTS mysql.tidb_runaway_queries (\n\t\tresource_group_name varchar(32) not null,\n\t\tstart_time TIMESTAMP NOT NULL,\n\t\trepeats int default 1,\n\t\tmatch_type varchar(12) NOT NULL,\n\t\taction varchar(64) NOT NULL,\n\t\tsample_sql TEXT NOT NULL,\n\t\tsql_digest varchar(64) NOT NULL,\n\t\tplan_digest varchar(64) NOT NULL,\n\t\ttidb_server varchar(512),\n\t\trule VARCHAR(512) DEFAULT '',\n\t\tINDEX plan_index(plan_digest(64)) COMMENT \"accelerate the speed when select runaway query\",\n\t\tINDEX time_index(start_time) COMMENT \"accelerate the speed when querying with active watch\"\n\t) ENGINE=InnoDB DEFAULT CHARSET=utf8mb4 COLLATE=utf8mb4_bin;"] [user=]
[2026/07/25 00:03:44.792 +08:00] [INFO] [split_region.go:86] ["split batch regions request"] ["split key count"=1] ["batch count"=1] ["first batch, region ID"=16] ["first split key"=748000000000000058]
[2026/07/25 00:03:44.793 +08:00] [INFO] [executor.go:7606] ["system variable tidb_scatter_region not found, use default value"] [category=ddl]
[2026/07/25 00:03:44.793 +08:00] [WARN] [global_controller.go:850] ["[resource group controller] resource group name does not exist"] [name=default]
[2026/07/25 00:03:44.797 +08:00] [WARN] [global_controller.go:850] ["[resource group controller] resource group name does not exist"] [name=default]
[2026/07/25 00:03:44.798 +08:00] [WARN] [global_controller.go:850] ["[resource group controller] resource group name does not exist"] [name=default]
[2026/07/25 00:03:44.801 +08:00] [INFO] [split_region.go:192] ["batch split regions complete"] ["batch region ID"=16] ["first at"=748000000000000058] ["first new region left"="{Id:102 StartKey:7480000000000000FF5600000000000000F8 EndKey:7480000000000000FF5800000000000000F8 RegionEpoch:{ConfVer:1 Version:51} Peers:[id:103 store_id:1 ] EncryptionMeta:<nil> IsInFlashback:false FlashbackStartTs:0}"] ["new region count"=1]
[2026/07/25 00:03:44.801 +08:00] [INFO] [split_region.go:241] ["split regions complete"] ["region count"=1] ["region IDs"="[102]"]
[2026/07/25 00:03:44.802 +08:00] [INFO] [job_submitter.go:118] ["add DDL jobs"] [category=ddl] ["batch count"=1] [jobs="ID:91, Type:create table, State:queueing, SchemaState:none, SchemaID:1, TableID:90, RowCount:0, ArgLen:1, start time: 2026-07-25 00:03:44.779 +0800 CST, Err:<nil>, ErrCount:0, SnapshotVersion:0, Version: v2; "] [fast_create=true]
[2026/07/25 00:03:44.802 +08:00] [INFO] [executor.go:7285] ["DDL job submitted"] [category=ddl] [job="ID:91, Type:create table, State:queueing, SchemaState:none, SchemaID:1, TableID:90, RowCount:0, ArgLen:1, start time: 2026-07-25 00:03:44.779 +0800 CST, Err:<nil>, ErrCount:0, SnapshotVersion:0, Version: v2"] [query="CREATE TABLE IF NOT EXISTS mysql.tidb_timers (\n\t\tID BIGINT(64) UNSIGNED NOT NULL AUTO_INCREMENT,\n\t\tNAMESPACE VARCHAR(256) NOT NULL,\n\t\tTIMER_KEY VARCHAR(256) NOT NULL,\n\t\tTIMER_DATA BLOB,\n\t\tTIMEZONE VARCHAR(64) NOT NULL,\n\t\tSCHED_POLICY_TYPE VARCHAR(32) NOT NULL,\n\t\tSCHED_POLICY_EXPR VARCHAR(256) NOT NULL,\n\t\tHOOK_CLASS VARCHAR(64) NOT NULL,\n\t\tWATERMARK TIMESTAMP DEFAULT NULL,\n\t\tENABLE TINYINT(2) NOT NULL,\n\t\tTIMER_EXT JSON NOT NULL,\n\t\tEVENT_STATUS VARCHAR(32) NOT NULL,\n\t\tEVENT_ID VARCHAR(64) NOT NULL,\n\t\tEVENT_DATA BLOB,\n\t\tEVENT_START TIMESTAMP DEFAULT NULL,\n\t\tSUMMARY_DATA BLOB,\n\t\tCREATE_TIME TIMESTAMP NOT NULL DEFAULT CURRENT_TIMESTAMP,\n\t\tUPDATE_TIME TIMESTAMP NOT NULL DEFAULT CURRENT_TIMESTAMP ON UPDATE CURRENT_TIMESTAMP,\n\t\tVERSION BIGINT(64) UNSIGNED NOT NULL,\n\t\tPRIMARY KEY (ID),\n\t\tUNIQUE KEY timer_key(NAMESPACE, TIMER_KEY),\n\t\tKEY hook_class(HOOK_CLASS)\n\t)"]
[2026/07/25 00:03:44.802 +08:00] [WARN] [global_controller.go:850] ["[resource group controller] resource group name does not exist"] [name=default]
[2026/07/25 00:03:44.803 +08:00] [WARN] [global_controller.go:850] ["[resource group controller] resource group name does not exist"] [name=default]
[2026/07/25 00:03:44.803 +08:00] [INFO] [job_worker.go:854] ["run one job step"] [category=ddl] [jobID=91] [job="ID:91, Type:create table, State:queueing, SchemaState:none, SchemaID:1, TableID:90, RowCount:0, ArgLen:0, start time: 2026-07-25 00:03:44.779 +0800 CST, Err:<nil>, ErrCount:0, SnapshotVersion:0, Version: v2"]
[2026/07/25 00:03:44.804 +08:00] [WARN] [global_controller.go:850] ["[resource group controller] resource group name does not exist"] [name=default]
[2026/07/25 00:03:44.804 +08:00] [WARN] [global_controller.go:850] ["[resource group controller] resource group name does not exist"] [name=default]
[2026/07/25 00:03:44.805 +08:00] [WARN] [global_controller.go:850] ["[resource group controller] resource group name does not exist"] [name=default]
[2026/07/25 00:03:44.811 +08:00] [INFO] [loader.go:216] ["diff load InfoSchema success"] [mode=auto] [isV2=true] [currVer=44] [neededVer=45] [gotVer=45] ["elapsed time"=436.875µs] [phyTblIDs="[90]"] [actionTypes="[3]"] [diffTypes="[\"create table\"]"]
[2026/07/25 00:03:44.811 +08:00] [INFO] [syncer.go:258] ["session manager is nil"]
[2026/07/25 00:03:44.811 +08:00] [INFO] [syncer.go:281] ["mdl gets lock, update self version to owner"] [jobID=91] [version=45]
[2026/07/25 00:03:44.816 +08:00] [INFO] [schema_version.go:397] ["wait schema version synced success"] [category=ddl] [ver=45] [checkAssumedSvr=false] ["take time"=5.935375ms] [job="ID:91, Type:create table, State:done, SchemaState:public, SchemaID:1, TableID:90, RowCount:0, ArgLen:1, start time: 2026-07-25 00:03:44.779 +0800 CST, Err:<nil>, ErrCount:0, SnapshotVersion:0, Version: v2"] [summary="server count: 1"]
[2026/07/25 00:03:44.817 +08:00] [WARN] [global_controller.go:850] ["[resource group controller] resource group name does not exist"] [name=default]
[2026/07/25 00:03:44.817 +08:00] [WARN] [global_controller.go:850] ["[resource group controller] resource group name does not exist"] [name=default]
[2026/07/25 00:03:44.817 +08:00] [WARN] [global_controller.go:850] ["[resource group controller] resource group name does not exist"] [name=default]
[2026/07/25 00:03:44.818 +08:00] [WARN] [global_controller.go:850] ["[resource group controller] resource group name does not exist"] [name=default]
[2026/07/25 00:03:44.818 +08:00] [WARN] [global_controller.go:850] ["[resource group controller] resource group name does not exist"] [name=default]
[2026/07/25 00:03:44.818 +08:00] [INFO] [job_worker.go:447] ["finish DDL job"] [category=ddl] [jobID=91] [job="ID:91, Type:create table, State:synced, SchemaState:public, SchemaID:1, TableID:90, RowCount:0, ArgLen:0, start time: 2026-07-25 00:03:44.779 +0800 CST, Err:<nil>, ErrCount:0, SnapshotVersion:0, Version: v2"]
[2026/07/25 00:03:44.818 +08:00] [WARN] [global_controller.go:850] ["[resource group controller] resource group name does not exist"] [name=default]
[2026/07/25 00:03:44.820 +08:00] [WARN] [global_controller.go:850] ["[resource group controller] resource group name does not exist"] [name=default]
[2026/07/25 00:03:44.820 +08:00] [WARN] [global_controller.go:850] ["[resource group controller] resource group name does not exist"] [name=default]
[2026/07/25 00:03:44.820 +08:00] [INFO] [executor.go:7423] ["DDL job is finished"] [category=ddl] [jobID=91]
[2026/07/25 00:03:44.820 +08:00] [INFO] [session.go:5229] ["CRUCIAL OPERATION"] [conn=0] [schemaVersion=45] [cur_db=mysql] [sql="CREATE TABLE IF NOT EXISTS mysql.tidb_timers (\n\t\tID BIGINT(64) UNSIGNED NOT NULL AUTO_INCREMENT,\n\t\tNAMESPACE VARCHAR(256) NOT NULL,\n\t\tTIMER_KEY VARCHAR(256) NOT NULL,\n\t\tTIMER_DATA BLOB,\n\t\tTIMEZONE VARCHAR(64) NOT NULL,\n\t\tSCHED_POLICY_TYPE VARCHAR(32) NOT NULL,\n\t\tSCHED_POLICY_EXPR VARCHAR(256) NOT NULL,\n\t\tHOOK_CLASS VARCHAR(64) NOT NULL,\n\t\tWATERMARK TIMESTAMP DEFAULT NULL,\n\t\tENABLE TINYINT(2) NOT NULL,\n\t\tTIMER_EXT JSON NOT NULL,\n\t\tEVENT_STATUS VARCHAR(32) NOT NULL,\n\t\tEVENT_ID VARCHAR(64) NOT NULL,\n\t\tEVENT_DATA BLOB,\n\t\tEVENT_START TIMESTAMP DEFAULT NULL,\n\t\tSUMMARY_DATA BLOB,\n\t\tCREATE_TIME TIMESTAMP NOT NULL DEFAULT CURRENT_TIMESTAMP,\n\t\tUPDATE_TIME TIMESTAMP NOT NULL DEFAULT CURRENT_TIMESTAMP ON UPDATE CURRENT_TIMESTAMP,\n\t\tVERSION BIGINT(64) UNSIGNED NOT NULL,\n\t\tPRIMARY KEY (ID),\n\t\tUNIQUE KEY timer_key(NAMESPACE, TIMER_KEY),\n\t\tKEY hook_class(HOOK_CLASS)\n\t)"] [user=]
[2026/07/25 00:03:44.820 +08:00] [INFO] [split_region.go:86] ["split batch regions request"] ["split key count"=1] ["batch count"=1] ["first batch, region ID"=16] ["first split key"=74800000000000005A]
[2026/07/25 00:03:44.820 +08:00] [INFO] [executor.go:7606] ["system variable tidb_scatter_region not found, use default value"] [category=ddl]
[2026/07/25 00:03:44.821 +08:00] [WARN] [global_controller.go:850] ["[resource group controller] resource group name does not exist"] [name=default]
[2026/07/25 00:03:44.824 +08:00] [WARN] [global_controller.go:850] ["[resource group controller] resource group name does not exist"] [name=default]
[2026/07/25 00:03:44.825 +08:00] [WARN] [global_controller.go:850] ["[resource group controller] resource group name does not exist"] [name=default]
[2026/07/25 00:03:44.828 +08:00] [INFO] [split_region.go:192] ["batch split regions complete"] ["batch region ID"=16] ["first at"=74800000000000005A] ["first new region left"="{Id:104 StartKey:7480000000000000FF5800000000000000F8 EndKey:7480000000000000FF5A00000000000000F8 RegionEpoch:{ConfVer:1 Version:52} Peers:[id:105 store_id:1 ] EncryptionMeta:<nil> IsInFlashback:false FlashbackStartTs:0}"] ["new region count"=1]
[2026/07/25 00:03:44.828 +08:00] [INFO] [split_region.go:241] ["split regions complete"] ["region count"=1] ["region IDs"="[104]"]
[2026/07/25 00:03:44.829 +08:00] [INFO] [job_submitter.go:118] ["add DDL jobs"] [category=ddl] ["batch count"=1] [jobs="ID:93, Type:create table, State:queueing, SchemaState:none, SchemaID:1, TableID:92, RowCount:0, ArgLen:1, start time: 2026-07-25 00:03:44.779 +0800 CST, Err:<nil>, ErrCount:0, SnapshotVersion:0, Version: v2; "] [fast_create=true]
[2026/07/25 00:03:44.829 +08:00] [INFO] [executor.go:7285] ["DDL job submitted"] [category=ddl] [job="ID:93, Type:create table, State:queueing, SchemaState:none, SchemaID:1, TableID:92, RowCount:0, ArgLen:1, start time: 2026-07-25 00:03:44.779 +0800 CST, Err:<nil>, ErrCount:0, SnapshotVersion:0, Version: v2"] [query="CREATE TABLE IF NOT EXISTS mysql.tidb_runaway_watch_done (\n\t\tid BIGINT(20) NOT NULL AUTO_INCREMENT PRIMARY KEY,\n\t\trecord_id BIGINT(20) not null,\n\t\tresource_group_name varchar(32) not null,\n\t\tstart_time datetime(6) NOT NULL,\n\t\tend_time datetime(6),\n\t\twatch bigint(10) NOT NULL,\n\t\twatch_text TEXT NOT NULL,\n\t\tsource varchar(512) NOT NULL,\n\t\taction bigint(10),\n\t\tswitch_group_name VARCHAR(32) DEFAULT '',\n\t\trule VARCHAR(512) DEFAULT '',\n\t\tdone_time TIMESTAMP(6) NOT NULL,\n\t\tINDEX idx_done_time(done_time) COMMENT \"accelerate the speed when syncing done watch records\"\n\t) ENGINE=InnoDB DEFAULT CHARSET=utf8mb4 COLLATE=utf8mb4_bin;"]
[2026/07/25 00:03:44.829 +08:00] [WARN] [global_controller.go:850] ["[resource group controller] resource group name does not exist"] [name=default]
[2026/07/25 00:03:44.830 +08:00] [WARN] [global_controller.go:850] ["[resource group controller] resource group name does not exist"] [name=default]
[2026/07/25 00:03:44.830 +08:00] [INFO] [job_worker.go:854] ["run one job step"] [category=ddl] [jobID=93] [job="ID:93, Type:create table, State:queueing, SchemaState:none, SchemaID:1, TableID:92, RowCount:0, ArgLen:0, start time: 2026-07-25 00:03:44.779 +0800 CST, Err:<nil>, ErrCount:0, SnapshotVersion:0, Version: v2"]
[2026/07/25 00:03:44.831 +08:00] [WARN] [global_controller.go:850] ["[resource group controller] resource group name does not exist"] [name=default]
[2026/07/25 00:03:44.831 +08:00] [WARN] [global_controller.go:850] ["[resource group controller] resource group name does not exist"] [name=default]
[2026/07/25 00:03:44.831 +08:00] [WARN] [global_controller.go:850] ["[resource group controller] resource group name does not exist"] [name=default]
[2026/07/25 00:03:44.837 +08:00] [INFO] [loader.go:216] ["diff load InfoSchema success"] [mode=auto] [isV2=true] [currVer=45] [neededVer=46] [gotVer=46] ["elapsed time"=496.375µs] [phyTblIDs="[92]"] [actionTypes="[3]"] [diffTypes="[\"create table\"]"]
[2026/07/25 00:03:44.838 +08:00] [INFO] [syncer.go:258] ["session manager is nil"]
[2026/07/25 00:03:44.838 +08:00] [INFO] [syncer.go:281] ["mdl gets lock, update self version to owner"] [jobID=93] [version=46]
[2026/07/25 00:03:44.842 +08:00] [INFO] [schema_version.go:397] ["wait schema version synced success"] [category=ddl] [ver=46] [checkAssumedSvr=false] ["take time"=5.856167ms] [job="ID:93, Type:create table, State:done, SchemaState:public, SchemaID:1, TableID:92, RowCount:0, ArgLen:1, start time: 2026-07-25 00:03:44.779 +0800 CST, Err:<nil>, ErrCount:0, SnapshotVersion:0, Version: v2"] [summary="server count: 1"]
[2026/07/25 00:03:44.843 +08:00] [WARN] [global_controller.go:850] ["[resource group controller] resource group name does not exist"] [name=default]
[2026/07/25 00:03:44.843 +08:00] [WARN] [global_controller.go:850] ["[resource group controller] resource group name does not exist"] [name=default]
[2026/07/25 00:03:44.843 +08:00] [WARN] [global_controller.go:850] ["[resource group controller] resource group name does not exist"] [name=default]
[2026/07/25 00:03:44.843 +08:00] [WARN] [global_controller.go:850] ["[resource group controller] resource group name does not exist"] [name=default]
[2026/07/25 00:03:44.844 +08:00] [WARN] [global_controller.go:850] ["[resource group controller] resource group name does not exist"] [name=default]
[2026/07/25 00:03:44.844 +08:00] [INFO] [job_worker.go:447] ["finish DDL job"] [category=ddl] [jobID=93] [job="ID:93, Type:create table, State:synced, SchemaState:public, SchemaID:1, TableID:92, RowCount:0, ArgLen:0, start time: 2026-07-25 00:03:44.779 +0800 CST, Err:<nil>, ErrCount:0, SnapshotVersion:0, Version: v2"]
[2026/07/25 00:03:44.844 +08:00] [WARN] [global_controller.go:850] ["[resource group controller] resource group name does not exist"] [name=default]
[2026/07/25 00:03:44.845 +08:00] [WARN] [global_controller.go:850] ["[resource group controller] resource group name does not exist"] [name=default]
[2026/07/25 00:03:44.846 +08:00] [WARN] [global_controller.go:850] ["[resource group controller] resource group name does not exist"] [name=default]
[2026/07/25 00:03:44.846 +08:00] [INFO] [executor.go:7423] ["DDL job is finished"] [category=ddl] [jobID=93]
[2026/07/25 00:03:44.846 +08:00] [INFO] [session.go:5229] ["CRUCIAL OPERATION"] [conn=0] [schemaVersion=46] [cur_db=mysql] [sql="CREATE TABLE IF NOT EXISTS mysql.tidb_runaway_watch_done (\n\t\tid BIGINT(20) NOT NULL AUTO_INCREMENT PRIMARY KEY,\n\t\trecord_id BIGINT(20) not null,\n\t\tresource_group_name varchar(32) not null,\n\t\tstart_time datetime(6) NOT NULL,\n\t\tend_time datetime(6),\n\t\twatch bigint(10) NOT NULL,\n\t\twatch_text TEXT NOT NULL,\n\t\tsource varchar(512) NOT NULL,\n\t\taction bigint(10),\n\t\tswitch_group_name VARCHAR(32) DEFAULT '',\n\t\trule VARCHAR(512) DEFAULT '',\n\t\tdone_time TIMESTAMP(6) NOT NULL,\n\t\tINDEX idx_done_time(done_time) COMMENT \"accelerate the speed when syncing done watch records\"\n\t) ENGINE=InnoDB DEFAULT CHARSET=utf8mb4 COLLATE=utf8mb4_bin;"] [user=]
[2026/07/25 00:03:44.846 +08:00] [INFO] [split_region.go:86] ["split batch regions request"] ["split key count"=1] ["batch count"=1] ["first batch, region ID"=16] ["first split key"=74800000000000005C]
[2026/07/25 00:03:44.846 +08:00] [INFO] [executor.go:7606] ["system variable tidb_scatter_region not found, use default value"] [category=ddl]
[2026/07/25 00:03:44.846 +08:00] [WARN] [global_controller.go:850] ["[resource group controller] resource group name does not exist"] [name=default]
[2026/07/25 00:03:44.850 +08:00] [WARN] [global_controller.go:850] ["[resource group controller] resource group name does not exist"] [name=default]
[2026/07/25 00:03:44.851 +08:00] [WARN] [global_controller.go:850] ["[resource group controller] resource group name does not exist"] [name=default]
[2026/07/25 00:03:44.854 +08:00] [INFO] [split_region.go:192] ["batch split regions complete"] ["batch region ID"=16] ["first at"=74800000000000005C] ["first new region left"="{Id:106 StartKey:7480000000000000FF5A00000000000000F8 EndKey:7480000000000000FF5C00000000000000F8 RegionEpoch:{ConfVer:1 Version:53} Peers:[id:107 store_id:1 ] EncryptionMeta:<nil> IsInFlashback:false FlashbackStartTs:0}"] ["new region count"=1]
[2026/07/25 00:03:44.854 +08:00] [INFO] [split_region.go:241] ["split regions complete"] ["region count"=1] ["region IDs"="[106]"]
[2026/07/25 00:03:44.855 +08:00] [INFO] [job_submitter.go:118] ["add DDL jobs"] [category=ddl] ["batch count"=1] [jobs="ID:95, Type:create table, State:queueing, SchemaState:none, SchemaID:1, TableID:94, RowCount:0, ArgLen:1, start time: 2026-07-25 00:03:44.828 +0800 CST, Err:<nil>, ErrCount:0, SnapshotVersion:0, Version: v2; "] [fast_create=true]
[2026/07/25 00:03:44.855 +08:00] [INFO] [executor.go:7285] ["DDL job submitted"] [category=ddl] [job="ID:95, Type:create table, State:queueing, SchemaState:none, SchemaID:1, TableID:94, RowCount:0, ArgLen:1, start time: 2026-07-25 00:03:44.828 +0800 CST, Err:<nil>, ErrCount:0, SnapshotVersion:0, Version: v2"] [query="CREATE TABLE IF NOT EXISTS mysql.dist_framework_meta (\n        host VARCHAR(261) NOT NULL PRIMARY KEY,\n        role VARCHAR(64),\n        cpu_count int default 0,\n        keyspace_id bigint(8) NOT NULL DEFAULT -1\n    );"]
[2026/07/25 00:03:44.855 +08:00] [WARN] [global_controller.go:850] ["[resource group controller] resource group name does not exist"] [name=default]
[2026/07/25 00:03:44.855 +08:00] [WARN] [global_controller.go:850] ["[resource group controller] resource group name does not exist"] [name=default]
[2026/07/25 00:03:44.855 +08:00] [INFO] [job_worker.go:854] ["run one job step"] [category=ddl] [jobID=95] [job="ID:95, Type:create table, State:queueing, SchemaState:none, SchemaID:1, TableID:94, RowCount:0, ArgLen:0, start time: 2026-07-25 00:03:44.828 +0800 CST, Err:<nil>, ErrCount:0, SnapshotVersion:0, Version: v2"]
[2026/07/25 00:03:44.856 +08:00] [WARN] [global_controller.go:850] ["[resource group controller] resource group name does not exist"] [name=default]
[2026/07/25 00:03:44.857 +08:00] [WARN] [global_controller.go:850] ["[resource group controller] resource group name does not exist"] [name=default]
[2026/07/25 00:03:44.857 +08:00] [WARN] [global_controller.go:850] ["[resource group controller] resource group name does not exist"] [name=default]
[2026/07/25 00:03:44.863 +08:00] [INFO] [loader.go:216] ["diff load InfoSchema success"] [mode=auto] [isV2=true] [currVer=46] [neededVer=47] [gotVer=47] ["elapsed time"=287.25µs] [phyTblIDs="[94]"] [actionTypes="[3]"] [diffTypes="[\"create table\"]"]
[2026/07/25 00:03:44.863 +08:00] [INFO] [syncer.go:258] ["session manager is nil"]
[2026/07/25 00:03:44.863 +08:00] [INFO] [syncer.go:281] ["mdl gets lock, update self version to owner"] [jobID=95] [version=47]
[2026/07/25 00:03:44.868 +08:00] [INFO] [schema_version.go:397] ["wait schema version synced success"] [category=ddl] [ver=47] [checkAssumedSvr=false] ["take time"=5.966042ms] [job="ID:95, Type:create table, State:done, SchemaState:public, SchemaID:1, TableID:94, RowCount:0, ArgLen:1, start time: 2026-07-25 00:03:44.828 +0800 CST, Err:<nil>, ErrCount:0, SnapshotVersion:0, Version: v2"] [summary="server count: 1"]
[2026/07/25 00:03:44.869 +08:00] [WARN] [global_controller.go:850] ["[resource group controller] resource group name does not exist"] [name=default]
[2026/07/25 00:03:44.869 +08:00] [WARN] [global_controller.go:850] ["[resource group controller] resource group name does not exist"] [name=default]
[2026/07/25 00:03:44.870 +08:00] [WARN] [global_controller.go:850] ["[resource group controller] resource group name does not exist"] [name=default]
[2026/07/25 00:03:44.870 +08:00] [WARN] [global_controller.go:850] ["[resource group controller] resource group name does not exist"] [name=default]
[2026/07/25 00:03:44.870 +08:00] [WARN] [global_controller.go:850] ["[resource group controller] resource group name does not exist"] [name=default]
[2026/07/25 00:03:44.870 +08:00] [INFO] [job_worker.go:447] ["finish DDL job"] [category=ddl] [jobID=95] [job="ID:95, Type:create table, State:synced, SchemaState:public, SchemaID:1, TableID:94, RowCount:0, ArgLen:0, start time: 2026-07-25 00:03:44.828 +0800 CST, Err:<nil>, ErrCount:0, SnapshotVersion:0, Version: v2"]
[2026/07/25 00:03:44.870 +08:00] [WARN] [global_controller.go:850] ["[resource group controller] resource group name does not exist"] [name=default]
[2026/07/25 00:03:44.872 +08:00] [WARN] [global_controller.go:850] ["[resource group controller] resource group name does not exist"] [name=default]
[2026/07/25 00:03:44.872 +08:00] [INFO] [executor.go:7423] ["DDL job is finished"] [category=ddl] [jobID=95]
[2026/07/25 00:03:44.872 +08:00] [INFO] [session.go:5229] ["CRUCIAL OPERATION"] [conn=0] [schemaVersion=47] [cur_db=mysql] [sql="CREATE TABLE IF NOT EXISTS mysql.dist_framework_meta (\n        host VARCHAR(261) NOT NULL PRIMARY KEY,\n        role VARCHAR(64),\n        cpu_count int default 0,\n        keyspace_id bigint(8) NOT NULL DEFAULT -1\n    );"] [user=]
[2026/07/25 00:03:44.872 +08:00] [INFO] [split_region.go:86] ["split batch regions request"] ["split key count"=1] ["batch count"=1] ["first batch, region ID"=16] ["first split key"=74800000000000005E]
[2026/07/25 00:03:44.872 +08:00] [WARN] [global_controller.go:850] ["[resource group controller] resource group name does not exist"] [name=default]
[2026/07/25 00:03:44.872 +08:00] [INFO] [executor.go:7606] ["system variable tidb_scatter_region not found, use default value"] [category=ddl]
[2026/07/25 00:03:44.872 +08:00] [WARN] [global_controller.go:850] ["[resource group controller] resource group name does not exist"] [name=default]
[2026/07/25 00:03:44.876 +08:00] [WARN] [global_controller.go:850] ["[resource group controller] resource group name does not exist"] [name=default]
[2026/07/25 00:03:44.877 +08:00] [WARN] [global_controller.go:850] ["[resource group controller] resource group name does not exist"] [name=default]
[2026/07/25 00:03:44.880 +08:00] [INFO] [split_region.go:192] ["batch split regions complete"] ["batch region ID"=16] ["first at"=74800000000000005E] ["first new region left"="{Id:108 StartKey:7480000000000000FF5C00000000000000F8 EndKey:7480000000000000FF5E00000000000000F8 RegionEpoch:{ConfVer:1 Version:54} Peers:[id:109 store_id:1 ] EncryptionMeta:<nil> IsInFlashback:false FlashbackStartTs:0}"] ["new region count"=1]
[2026/07/25 00:03:44.880 +08:00] [INFO] [split_region.go:241] ["split regions complete"] ["region count"=1] ["region IDs"="[108]"]
[2026/07/25 00:03:44.880 +08:00] [INFO] [executor.go:7285] ["DDL job submitted"] [category=ddl] [job="ID:97, Type:create table, State:queueing, SchemaState:none, SchemaID:1, TableID:96, RowCount:0, ArgLen:1, start time: 2026-07-25 00:03:44.828 +0800 CST, Err:<nil>, ErrCount:0, SnapshotVersion:0, Version: v2"] [query="CREATE TABLE IF NOT EXISTS mysql.request_unit_by_group (\n\t\tstart_time TIMESTAMP(6) NOT NULL,\n\t\tend_time TIMESTAMP(6) NOT NULL,\n\t\tresource_group VARCHAR(32) NOT null,\n\t\ttotal_ru bigint(64) UNSIGNED NOT NULL,\n\t\tPRIMARY KEY (start_time, end_time, resource_group),\n\t\tKEY (resource_group)\n\t);"]
[2026/07/25 00:03:44.880 +08:00] [INFO] [job_submitter.go:118] ["add DDL jobs"] [category=ddl] ["batch count"=1] [jobs="ID:97, Type:create table, State:queueing, SchemaState:none, SchemaID:1, TableID:96, RowCount:0, ArgLen:1, start time: 2026-07-25 00:03:44.828 +0800 CST, Err:<nil>, ErrCount:0, SnapshotVersion:0, Version: v2; "] [fast_create=true]
[2026/07/25 00:03:44.881 +08:00] [WARN] [global_controller.go:850] ["[resource group controller] resource group name does not exist"] [name=default]
[2026/07/25 00:03:44.881 +08:00] [WARN] [global_controller.go:850] ["[resource group controller] resource group name does not exist"] [name=default]
[2026/07/25 00:03:44.881 +08:00] [INFO] [job_worker.go:854] ["run one job step"] [category=ddl] [jobID=97] [job="ID:97, Type:create table, State:queueing, SchemaState:none, SchemaID:1, TableID:96, RowCount:0, ArgLen:0, start time: 2026-07-25 00:03:44.828 +0800 CST, Err:<nil>, ErrCount:0, SnapshotVersion:0, Version: v2"]
[2026/07/25 00:03:44.882 +08:00] [WARN] [global_controller.go:850] ["[resource group controller] resource group name does not exist"] [name=default]
[2026/07/25 00:03:44.882 +08:00] [WARN] [global_controller.go:850] ["[resource group controller] resource group name does not exist"] [name=default]
[2026/07/25 00:03:44.883 +08:00] [WARN] [global_controller.go:850] ["[resource group controller] resource group name does not exist"] [name=default]
[2026/07/25 00:03:44.896 +08:00] [INFO] [loader.go:216] ["diff load InfoSchema success"] [mode=auto] [isV2=true] [currVer=47] [neededVer=48] [gotVer=48] ["elapsed time"=297.166µs] [phyTblIDs="[96]"] [actionTypes="[3]"] [diffTypes="[\"create table\"]"]
[2026/07/25 00:03:44.896 +08:00] [INFO] [syncer.go:258] ["session manager is nil"]
[2026/07/25 00:03:44.896 +08:00] [INFO] [syncer.go:281] ["mdl gets lock, update self version to owner"] [jobID=97] [version=48]
[2026/07/25 00:03:44.901 +08:00] [INFO] [schema_version.go:397] ["wait schema version synced success"] [category=ddl] [ver=48] [checkAssumedSvr=false] ["take time"=5.854041ms] [job="ID:97, Type:create table, State:done, SchemaState:public, SchemaID:1, TableID:96, RowCount:0, ArgLen:1, start time: 2026-07-25 00:03:44.828 +0800 CST, Err:<nil>, ErrCount:0, SnapshotVersion:0, Version: v2"] [summary="server count: 1"]
[2026/07/25 00:03:44.902 +08:00] [WARN] [global_controller.go:850] ["[resource group controller] resource group name does not exist"] [name=default]
[2026/07/25 00:03:44.902 +08:00] [WARN] [global_controller.go:850] ["[resource group controller] resource group name does not exist"] [name=default]
[2026/07/25 00:03:44.902 +08:00] [WARN] [global_controller.go:850] ["[resource group controller] resource group name does not exist"] [name=default]
[2026/07/25 00:03:44.903 +08:00] [WARN] [global_controller.go:850] ["[resource group controller] resource group name does not exist"] [name=default]
[2026/07/25 00:03:44.903 +08:00] [WARN] [global_controller.go:850] ["[resource group controller] resource group name does not exist"] [name=default]
[2026/07/25 00:03:44.903 +08:00] [INFO] [job_worker.go:447] ["finish DDL job"] [category=ddl] [jobID=97] [job="ID:97, Type:create table, State:synced, SchemaState:public, SchemaID:1, TableID:96, RowCount:0, ArgLen:0, start time: 2026-07-25 00:03:44.828 +0800 CST, Err:<nil>, ErrCount:0, SnapshotVersion:0, Version: v2"]
[2026/07/25 00:03:44.903 +08:00] [WARN] [global_controller.go:850] ["[resource group controller] resource group name does not exist"] [name=default]
[2026/07/25 00:03:44.904 +08:00] [WARN] [global_controller.go:850] ["[resource group controller] resource group name does not exist"] [name=default]
[2026/07/25 00:03:44.905 +08:00] [INFO] [executor.go:7423] ["DDL job is finished"] [category=ddl] [jobID=97]
[2026/07/25 00:03:44.905 +08:00] [WARN] [global_controller.go:850] ["[resource group controller] resource group name does not exist"] [name=default]
[2026/07/25 00:03:44.905 +08:00] [INFO] [session.go:5229] ["CRUCIAL OPERATION"] [conn=0] [schemaVersion=48] [cur_db=mysql] [sql="CREATE TABLE IF NOT EXISTS mysql.request_unit_by_group (\n\t\tstart_time TIMESTAMP(6) NOT NULL,\n\t\tend_time TIMESTAMP(6) NOT NULL,\n\t\tresource_group VARCHAR(32) NOT null,\n\t\ttotal_ru bigint(64) UNSIGNED NOT NULL,\n\t\tPRIMARY KEY (start_time, end_time, resource_group),\n\t\tKEY (resource_group)\n\t);"] [user=]
[2026/07/25 00:03:44.905 +08:00] [INFO] [split_region.go:86] ["split batch regions request"] ["split key count"=1] ["batch count"=1] ["first batch, region ID"=16] ["first split key"=748000000000000060]
[2026/07/25 00:03:44.905 +08:00] [INFO] [add_column.go:1339] ["Automatically convert BLOB(524288) to MEDIUMBLOB"] [category=ddl]
[2026/07/25 00:03:44.905 +08:00] [INFO] [executor.go:7606] ["system variable tidb_scatter_region not found, use default value"] [category=ddl]
[2026/07/25 00:03:44.906 +08:00] [WARN] [global_controller.go:850] ["[resource group controller] resource group name does not exist"] [name=default]
[2026/07/25 00:03:44.909 +08:00] [WARN] [global_controller.go:850] ["[resource group controller] resource group name does not exist"] [name=default]
[2026/07/25 00:03:44.910 +08:00] [WARN] [global_controller.go:850] ["[resource group controller] resource group name does not exist"] [name=default]
[2026/07/25 00:03:44.913 +08:00] [INFO] [split_region.go:192] ["batch split regions complete"] ["batch region ID"=16] ["first at"=748000000000000060] ["first new region left"="{Id:110 StartKey:7480000000000000FF5E00000000000000F8 EndKey:7480000000000000FF6000000000000000F8 RegionEpoch:{ConfVer:1 Version:55} Peers:[id:111 store_id:1 ] EncryptionMeta:<nil> IsInFlashback:false FlashbackStartTs:0}"] ["new region count"=1]
[2026/07/25 00:03:44.913 +08:00] [INFO] [split_region.go:241] ["split regions complete"] ["region count"=1] ["region IDs"="[110]"]
[2026/07/25 00:03:44.914 +08:00] [INFO] [job_submitter.go:118] ["add DDL jobs"] [category=ddl] ["batch count"=1] [jobs="ID:99, Type:create table, State:queueing, SchemaState:none, SchemaID:1, TableID:98, RowCount:0, ArgLen:1, start time: 2026-07-25 00:03:44.878 +0800 CST, Err:<nil>, ErrCount:0, SnapshotVersion:0, Version: v2; "] [fast_create=true]
[2026/07/25 00:03:44.914 +08:00] [INFO] [executor.go:7285] ["DDL job submitted"] [category=ddl] [job="ID:99, Type:create table, State:queueing, SchemaState:none, SchemaID:1, TableID:98, RowCount:0, ArgLen:1, start time: 2026-07-25 00:03:44.878 +0800 CST, Err:<nil>, ErrCount:0, SnapshotVersion:0, Version: v2"] [query="CREATE TABLE IF NOT EXISTS mysql.tidb_pitr_id_map (\n\t\trestore_id BIGINT NOT NULL DEFAULT 0,\n\t\trestored_ts BIGINT NOT NULL,\n\t\tupstream_cluster_id BIGINT NOT NULL,\n\t\tsegment_id BIGINT NOT NULL,\n\t\tid_map BLOB(524288) NOT NULL,\n\t\tupdate_time TIMESTAMP DEFAULT CURRENT_TIMESTAMP,\n\t\tPRIMARY KEY (restore_id, restored_ts, upstream_cluster_id, segment_id));"]
[2026/07/25 00:03:44.914 +08:00] [WARN] [global_controller.go:850] ["[resource group controller] resource group name does not exist"] [name=default]
[2026/07/25 00:03:44.914 +08:00] [WARN] [global_controller.go:850] ["[resource group controller] resource group name does not exist"] [name=default]
[2026/07/25 00:03:44.914 +08:00] [INFO] [job_worker.go:854] ["run one job step"] [category=ddl] [jobID=99] [job="ID:99, Type:create table, State:queueing, SchemaState:none, SchemaID:1, TableID:98, RowCount:0, ArgLen:0, start time: 2026-07-25 00:03:44.878 +0800 CST, Err:<nil>, ErrCount:0, SnapshotVersion:0, Version: v2"]
[2026/07/25 00:03:44.915 +08:00] [WARN] [global_controller.go:850] ["[resource group controller] resource group name does not exist"] [name=default]
[2026/07/25 00:03:44.916 +08:00] [WARN] [global_controller.go:850] ["[resource group controller] resource group name does not exist"] [name=default]
[2026/07/25 00:03:44.916 +08:00] [WARN] [global_controller.go:850] ["[resource group controller] resource group name does not exist"] [name=default]
[2026/07/25 00:03:44.922 +08:00] [INFO] [loader.go:216] ["diff load InfoSchema success"] [mode=auto] [isV2=true] [currVer=48] [neededVer=49] [gotVer=49] ["elapsed time"=315µs] [phyTblIDs="[98]"] [actionTypes="[3]"] [diffTypes="[\"create table\"]"]
[2026/07/25 00:03:44.922 +08:00] [INFO] [syncer.go:258] ["session manager is nil"]
[2026/07/25 00:03:44.922 +08:00] [INFO] [syncer.go:281] ["mdl gets lock, update self version to owner"] [jobID=99] [version=49]
[2026/07/25 00:03:44.927 +08:00] [INFO] [schema_version.go:397] ["wait schema version synced success"] [category=ddl] [ver=49] [checkAssumedSvr=false] ["take time"=5.873ms] [job="ID:99, Type:create table, State:done, SchemaState:public, SchemaID:1, TableID:98, RowCount:0, ArgLen:1, start time: 2026-07-25 00:03:44.878 +0800 CST, Err:<nil>, ErrCount:0, SnapshotVersion:0, Version: v2"] [summary="server count: 1"]
[2026/07/25 00:03:44.928 +08:00] [WARN] [global_controller.go:850] ["[resource group controller] resource group name does not exist"] [name=default]
[2026/07/25 00:03:44.928 +08:00] [WARN] [global_controller.go:850] ["[resource group controller] resource group name does not exist"] [name=default]
[2026/07/25 00:03:44.928 +08:00] [WARN] [global_controller.go:850] ["[resource group controller] resource group name does not exist"] [name=default]
[2026/07/25 00:03:44.929 +08:00] [WARN] [global_controller.go:850] ["[resource group controller] resource group name does not exist"] [name=default]
[2026/07/25 00:03:44.929 +08:00] [WARN] [global_controller.go:850] ["[resource group controller] resource group name does not exist"] [name=default]
[2026/07/25 00:03:44.929 +08:00] [INFO] [job_worker.go:447] ["finish DDL job"] [category=ddl] [jobID=99] [job="ID:99, Type:create table, State:synced, SchemaState:public, SchemaID:1, TableID:98, RowCount:0, ArgLen:0, start time: 2026-07-25 00:03:44.878 +0800 CST, Err:<nil>, ErrCount:0, SnapshotVersion:0, Version: v2"]
[2026/07/25 00:03:44.929 +08:00] [WARN] [global_controller.go:850] ["[resource group controller] resource group name does not exist"] [name=default]
[2026/07/25 00:03:44.930 +08:00] [WARN] [global_controller.go:850] ["[resource group controller] resource group name does not exist"] [name=default]
[2026/07/25 00:03:44.931 +08:00] [WARN] [global_controller.go:850] ["[resource group controller] resource group name does not exist"] [name=default]
[2026/07/25 00:03:44.931 +08:00] [INFO] [executor.go:7423] ["DDL job is finished"] [category=ddl] [jobID=99]
[2026/07/25 00:03:44.931 +08:00] [INFO] [session.go:5229] ["CRUCIAL OPERATION"] [conn=0] [schemaVersion=49] [cur_db=mysql] [sql="CREATE TABLE IF NOT EXISTS mysql.tidb_pitr_id_map (\n\t\trestore_id BIGINT NOT NULL DEFAULT 0,\n\t\trestored_ts BIGINT NOT NULL,\n\t\tupstream_cluster_id BIGINT NOT NULL,\n\t\tsegment_id BIGINT NOT NULL,\n\t\tid_map BLOB(524288) NOT NULL,\n\t\tupdate_time TIMESTAMP DEFAULT CURRENT_TIMESTAMP,\n\t\tPRIMARY KEY (restore_id, restored_ts, upstream_cluster_id, segment_id));"] [user=]
[2026/07/25 00:03:44.931 +08:00] [INFO] [split_region.go:86] ["split batch regions request"] ["split key count"=1] ["batch count"=1] ["first batch, region ID"=16] ["first split key"=748000000000000062]
[2026/07/25 00:03:44.931 +08:00] [INFO] [executor.go:7606] ["system variable tidb_scatter_region not found, use default value"] [category=ddl]
[2026/07/25 00:03:44.931 +08:00] [WARN] [global_controller.go:850] ["[resource group controller] resource group name does not exist"] [name=default]
[2026/07/25 00:03:44.935 +08:00] [WARN] [global_controller.go:850] ["[resource group controller] resource group name does not exist"] [name=default]
[2026/07/25 00:03:44.936 +08:00] [WARN] [global_controller.go:850] ["[resource group controller] resource group name does not exist"] [name=default]
[2026/07/25 00:03:44.939 +08:00] [INFO] [split_region.go:192] ["batch split regions complete"] ["batch region ID"=16] ["first at"=748000000000000062] ["first new region left"="{Id:112 StartKey:7480000000000000FF6000000000000000F8 EndKey:7480000000000000FF6200000000000000F8 RegionEpoch:{ConfVer:1 Version:56} Peers:[id:113 store_id:1 ] EncryptionMeta:<nil> IsInFlashback:false FlashbackStartTs:0}"] ["new region count"=1]
[2026/07/25 00:03:44.939 +08:00] [INFO] [split_region.go:241] ["split regions complete"] ["region count"=1] ["region IDs"="[112]"]
[2026/07/25 00:03:44.939 +08:00] [INFO] [job_submitter.go:118] ["add DDL jobs"] [category=ddl] ["batch count"=1] [jobs="ID:101, Type:create table, State:queueing, SchemaState:none, SchemaID:1, TableID:100, RowCount:0, ArgLen:1, start time: 2026-07-25 00:03:44.928 +0800 CST, Err:<nil>, ErrCount:0, SnapshotVersion:0, Version: v2; "] [fast_create=true]
[2026/07/25 00:03:44.939 +08:00] [INFO] [executor.go:7285] ["DDL job submitted"] [category=ddl] [job="ID:101, Type:create table, State:queueing, SchemaState:none, SchemaID:1, TableID:100, RowCount:0, ArgLen:1, start time: 2026-07-25 00:03:44.928 +0800 CST, Err:<nil>, ErrCount:0, SnapshotVersion:0, Version: v2"] [query="CREATE TABLE IF NOT EXISTS mysql.tidb_restore_registry (\n\t\tid BIGINT UNSIGNED NOT NULL AUTO_INCREMENT PRIMARY KEY,\n\t\tfilter_strings TEXT NOT NULL,\n\t\tfilter_hash VARCHAR(64) NOT NULL,\n\t\tstart_ts BIGINT UNSIGNED NOT NULL,\n\t\trestored_ts BIGINT UNSIGNED NOT NULL,\n\t\tupstream_cluster_id BIGINT UNSIGNED,\n\t\twith_sys_table BOOLEAN NOT NULL DEFAULT TRUE,\n\t\tstatus VARCHAR(20) NOT NULL DEFAULT 'running',\n\t\tcmd TEXT,\n\t\ttask_start_time TIMESTAMP(6) DEFAULT CURRENT_TIMESTAMP(6),\n\t\tlast_heartbeat_time TIMESTAMP(6) DEFAULT CURRENT_TIMESTAMP(6),\n\t\tUNIQUE KEY unique_registration_params (\n\t\t\tfilter_hash,\n\t\t\tstart_ts,\n\t\t\trestored_ts,\n\t\t\tupstream_cluster_id,\n\t\t\twith_sys_table,\n\t\t\tcmd(256)\n\t\t)\n\t) AUTO_INCREMENT = 1;"]
[2026/07/25 00:03:44.940 +08:00] [WARN] [global_controller.go:850] ["[resource group controller] resource group name does not exist"] [name=default]
[2026/07/25 00:03:44.940 +08:00] [WARN] [global_controller.go:850] ["[resource group controller] resource group name does not exist"] [name=default]
[2026/07/25 00:03:44.940 +08:00] [INFO] [job_worker.go:854] ["run one job step"] [category=ddl] [jobID=101] [job="ID:101, Type:create table, State:queueing, SchemaState:none, SchemaID:1, TableID:100, RowCount:0, ArgLen:0, start time: 2026-07-25 00:03:44.928 +0800 CST, Err:<nil>, ErrCount:0, SnapshotVersion:0, Version: v2"]
[2026/07/25 00:03:44.941 +08:00] [WARN] [global_controller.go:850] ["[resource group controller] resource group name does not exist"] [name=default]
[2026/07/25 00:03:44.942 +08:00] [WARN] [global_controller.go:850] ["[resource group controller] resource group name does not exist"] [name=default]
[2026/07/25 00:03:44.942 +08:00] [WARN] [global_controller.go:850] ["[resource group controller] resource group name does not exist"] [name=default]
[2026/07/25 00:03:44.948 +08:00] [INFO] [loader.go:216] ["diff load InfoSchema success"] [mode=auto] [isV2=true] [currVer=49] [neededVer=50] [gotVer=50] ["elapsed time"=339.709µs] [phyTblIDs="[100]"] [actionTypes="[3]"] [diffTypes="[\"create table\"]"]
[2026/07/25 00:03:44.948 +08:00] [INFO] [syncer.go:258] ["session manager is nil"]
[2026/07/25 00:03:44.948 +08:00] [INFO] [syncer.go:281] ["mdl gets lock, update self version to owner"] [jobID=101] [version=50]
[2026/07/25 00:03:44.953 +08:00] [INFO] [schema_version.go:397] ["wait schema version synced success"] [category=ddl] [ver=50] [checkAssumedSvr=false] ["take time"=6.074084ms] [job="ID:101, Type:create table, State:done, SchemaState:public, SchemaID:1, TableID:100, RowCount:0, ArgLen:1, start time: 2026-07-25 00:03:44.928 +0800 CST, Err:<nil>, ErrCount:0, SnapshotVersion:0, Version: v2"] [summary="server count: 1"]
[2026/07/25 00:03:44.954 +08:00] [WARN] [global_controller.go:850] ["[resource group controller] resource group name does not exist"] [name=default]
[2026/07/25 00:03:44.954 +08:00] [WARN] [global_controller.go:850] ["[resource group controller] resource group name does not exist"] [name=default]
[2026/07/25 00:03:44.955 +08:00] [WARN] [global_controller.go:850] ["[resource group controller] resource group name does not exist"] [name=default]
[2026/07/25 00:03:44.955 +08:00] [WARN] [global_controller.go:850] ["[resource group controller] resource group name does not exist"] [name=default]
[2026/07/25 00:03:44.955 +08:00] [WARN] [global_controller.go:850] ["[resource group controller] resource group name does not exist"] [name=default]
[2026/07/25 00:03:44.955 +08:00] [INFO] [job_worker.go:447] ["finish DDL job"] [category=ddl] [jobID=101] [job="ID:101, Type:create table, State:synced, SchemaState:public, SchemaID:1, TableID:100, RowCount:0, ArgLen:0, start time: 2026-07-25 00:03:44.928 +0800 CST, Err:<nil>, ErrCount:0, SnapshotVersion:0, Version: v2"]
[2026/07/25 00:03:44.955 +08:00] [WARN] [global_controller.go:850] ["[resource group controller] resource group name does not exist"] [name=default]
[2026/07/25 00:03:44.957 +08:00] [WARN] [global_controller.go:850] ["[resource group controller] resource group name does not exist"] [name=default]
[2026/07/25 00:03:44.957 +08:00] [WARN] [global_controller.go:850] ["[resource group controller] resource group name does not exist"] [name=default]
[2026/07/25 00:03:44.957 +08:00] [INFO] [executor.go:7423] ["DDL job is finished"] [category=ddl] [jobID=101]
[2026/07/25 00:03:44.957 +08:00] [INFO] [session.go:5229] ["CRUCIAL OPERATION"] [conn=0] [schemaVersion=50] [cur_db=mysql] [sql="CREATE TABLE IF NOT EXISTS mysql.tidb_restore_registry (\n\t\tid BIGINT UNSIGNED NOT NULL AUTO_INCREMENT PRIMARY KEY,\n\t\tfilter_strings TEXT NOT NULL,\n\t\tfilter_hash VARCHAR(64) NOT NULL,\n\t\tstart_ts BIGINT UNSIGNED NOT NULL,\n\t\trestored_ts BIGINT UNSIGNED NOT NULL,\n\t\tupstream_cluster_id BIGINT UNSIGNED,\n\t\twith_sys_table BOOLEAN NOT NULL DEFAULT TRUE,\n\t\tstatus VARCHAR(20) NOT NULL DEFAULT 'running',\n\t\tcmd TEXT,\n\t\ttask_start_time TIMESTAMP(6) DEFAULT CURRENT_TIMESTAMP(6),\n\t\tlast_heartbeat_time TIMESTAMP(6) DEFAULT CURRENT_TIMESTAMP(6),\n\t\tUNIQUE KEY unique_registration_params (\n\t\t\tfilter_hash,\n\t\t\tstart_ts,\n\t\t\trestored_ts,\n\t\t\tupstream_cluster_id,\n\t\t\twith_sys_table,\n\t\t\tcmd(256)\n\t\t)\n\t) AUTO_INCREMENT = 1;"] [user=]
[2026/07/25 00:03:44.957 +08:00] [INFO] [split_region.go:86] ["split batch regions request"] ["split key count"=1] ["batch count"=1] ["first batch, region ID"=16] ["first split key"=748000000000000064]
[2026/07/25 00:03:44.957 +08:00] [INFO] [executor.go:7606] ["system variable tidb_scatter_region not found, use default value"] [category=ddl]
[2026/07/25 00:03:44.958 +08:00] [WARN] [global_controller.go:850] ["[resource group controller] resource group name does not exist"] [name=default]
[2026/07/25 00:03:44.962 +08:00] [WARN] [global_controller.go:850] ["[resource group controller] resource group name does not exist"] [name=default]
[2026/07/25 00:03:44.963 +08:00] [WARN] [global_controller.go:850] ["[resource group controller] resource group name does not exist"] [name=default]
[2026/07/25 00:03:44.966 +08:00] [INFO] [split_region.go:192] ["batch split regions complete"] ["batch region ID"=16] ["first at"=748000000000000064] ["first new region left"="{Id:114 StartKey:7480000000000000FF6200000000000000F8 EndKey:7480000000000000FF6400000000000000F8 RegionEpoch:{ConfVer:1 Version:57} Peers:[id:115 store_id:1 ] EncryptionMeta:<nil> IsInFlashback:false FlashbackStartTs:0}"] ["new region count"=1]
[2026/07/25 00:03:44.966 +08:00] [INFO] [split_region.go:241] ["split regions complete"] ["region count"=1] ["region IDs"="[114]"]
[2026/07/25 00:03:44.966 +08:00] [INFO] [job_submitter.go:118] ["add DDL jobs"] [category=ddl] ["batch count"=1] [jobs="ID:103, Type:create table, State:queueing, SchemaState:none, SchemaID:1, TableID:102, RowCount:0, ArgLen:1, start time: 2026-07-25 00:03:44.928 +0800 CST, Err:<nil>, ErrCount:0, SnapshotVersion:0, Version: v2; "] [fast_create=true]
[2026/07/25 00:03:44.966 +08:00] [INFO] [executor.go:7285] ["DDL job submitted"] [category=ddl] [job="ID:103, Type:create table, State:queueing, SchemaState:none, SchemaID:1, TableID:102, RowCount:0, ArgLen:1, start time: 2026-07-25 00:03:44.928 +0800 CST, Err:<nil>, ErrCount:0, SnapshotVersion:0, Version: v2"] [query="CREATE TABLE IF NOT EXISTS mysql.index_advisor_results (\n       id bigint primary key not null auto_increment,\n       created_at datetime not null,\n       updated_at datetime not null,\n\n       schema_name varchar(64) not null,\n       table_name varchar(64) not null,\n       index_name varchar(127) not null,\n       index_columns varchar(500) not null COMMENT 'split by \",\", e.g. \"c1\", \"c1,c2\", \"c1,c2,c3,c4,c5\"',\n\n       index_details json,        -- est_index_size, reason, DDL to create this index, ...\n       top_impacted_queries json, -- improvement, plan before and after this index, ...\n       workload_impact json,      -- improvement and more details, ...\n       extra json,                -- for the cloud env to save more info like RU, cost_saving, ...\n       index idx_create(created_at),\n       index idx_update(updated_at),\n       unique index idx(schema_name, table_name, index_columns));"]
[2026/07/25 00:03:44.967 +08:00] [WARN] [global_controller.go:850] ["[resource group controller] resource group name does not exist"] [name=default]
[2026/07/25 00:03:44.967 +08:00] [WARN] [global_controller.go:850] ["[resource group controller] resource group name does not exist"] [name=default]
[2026/07/25 00:03:44.967 +08:00] [INFO] [job_worker.go:854] ["run one job step"] [category=ddl] [jobID=103] [job="ID:103, Type:create table, State:queueing, SchemaState:none, SchemaID:1, TableID:102, RowCount:0, ArgLen:0, start time: 2026-07-25 00:03:44.928 +0800 CST, Err:<nil>, ErrCount:0, SnapshotVersion:0, Version: v2"]
[2026/07/25 00:03:44.969 +08:00] [WARN] [global_controller.go:850] ["[resource group controller] resource group name does not exist"] [name=default]
[2026/07/25 00:03:44.969 +08:00] [WARN] [global_controller.go:850] ["[resource group controller] resource group name does not exist"] [name=default]
[2026/07/25 00:03:44.969 +08:00] [WARN] [global_controller.go:850] ["[resource group controller] resource group name does not exist"] [name=default]
[2026/07/25 00:03:44.977 +08:00] [INFO] [loader.go:216] ["diff load InfoSchema success"] [mode=auto] [isV2=true] [currVer=50] [neededVer=51] [gotVer=51] ["elapsed time"=472.542µs] [phyTblIDs="[102]"] [actionTypes="[3]"] [diffTypes="[\"create table\"]"]
[2026/07/25 00:03:44.977 +08:00] [INFO] [syncer.go:258] ["session manager is nil"]
[2026/07/25 00:03:44.977 +08:00] [INFO] [syncer.go:281] ["mdl gets lock, update self version to owner"] [jobID=103] [version=51]
[2026/07/25 00:03:44.982 +08:00] [INFO] [schema_version.go:397] ["wait schema version synced success"] [category=ddl] [ver=51] [checkAssumedSvr=false] ["take time"=6.038917ms] [job="ID:103, Type:create table, State:done, SchemaState:public, SchemaID:1, TableID:102, RowCount:0, ArgLen:1, start time: 2026-07-25 00:03:44.928 +0800 CST, Err:<nil>, ErrCount:0, SnapshotVersion:0, Version: v2"] [summary="server count: 1"]
[2026/07/25 00:03:44.983 +08:00] [WARN] [global_controller.go:850] ["[resource group controller] resource group name does not exist"] [name=default]
[2026/07/25 00:03:44.983 +08:00] [WARN] [global_controller.go:850] ["[resource group controller] resource group name does not exist"] [name=default]
[2026/07/25 00:03:44.983 +08:00] [WARN] [global_controller.go:850] ["[resource group controller] resource group name does not exist"] [name=default]
[2026/07/25 00:03:44.983 +08:00] [WARN] [global_controller.go:850] ["[resource group controller] resource group name does not exist"] [name=default]
[2026/07/25 00:03:44.983 +08:00] [WARN] [global_controller.go:850] ["[resource group controller] resource group name does not exist"] [name=default]
[2026/07/25 00:03:44.983 +08:00] [INFO] [job_worker.go:447] ["finish DDL job"] [category=ddl] [jobID=103] [job="ID:103, Type:create table, State:synced, SchemaState:public, SchemaID:1, TableID:102, RowCount:0, ArgLen:0, start time: 2026-07-25 00:03:44.928 +0800 CST, Err:<nil>, ErrCount:0, SnapshotVersion:0, Version: v2"]
[2026/07/25 00:03:44.984 +08:00] [WARN] [global_controller.go:850] ["[resource group controller] resource group name does not exist"] [name=default]
[2026/07/25 00:03:44.986 +08:00] [WARN] [global_controller.go:850] ["[resource group controller] resource group name does not exist"] [name=default]
[2026/07/25 00:03:44.986 +08:00] [WARN] [global_controller.go:850] ["[resource group controller] resource group name does not exist"] [name=default]
[2026/07/25 00:03:44.986 +08:00] [INFO] [executor.go:7423] ["DDL job is finished"] [category=ddl] [jobID=103]
[2026/07/25 00:03:44.986 +08:00] [INFO] [session.go:5229] ["CRUCIAL OPERATION"] [conn=0] [schemaVersion=51] [cur_db=mysql] [sql="CREATE TABLE IF NOT EXISTS mysql.index_advisor_results (\n       id bigint primary key not null auto_increment,\n       created_at datetime not null,\n       updated_at datetime not null,\n\n       schema_name varchar(64) not null,\n       table_name varchar(64) not null,\n       index_name varchar(127) not null,\n       index_columns varchar(500) not null COMMENT 'split by \",\", e.g. \"c1\", \"c1,c2\", \"c1,c2,c3,c4,c5\"',\n\n       index_details json,        -- est_index_size, reason, DDL to create this index, ...\n       top_impacted_queries json, -- improvement, plan before and after this index, ...\n       workload_impact json,      -- improvement and more details, ...\n       extra json,                -- for the cloud env to save more info like RU, cost_saving, ...\n       index idx_create(created_at),\n       index idx_update(updated_at),\n       unique index idx(schema_name, table_name, index_columns));"] [user=]
[2026/07/25 00:03:44.986 +08:00] [INFO] [split_region.go:86] ["split batch regions request"] ["split key count"=1] ["batch count"=1] ["first batch, region ID"=16] ["first split key"=748000000000000066]
[2026/07/25 00:03:44.987 +08:00] [INFO] [executor.go:7606] ["system variable tidb_scatter_region not found, use default value"] [category=ddl]
[2026/07/25 00:03:44.987 +08:00] [WARN] [global_controller.go:850] ["[resource group controller] resource group name does not exist"] [name=default]
[2026/07/25 00:03:44.992 +08:00] [WARN] [global_controller.go:850] ["[resource group controller] resource group name does not exist"] [name=default]
[2026/07/25 00:03:44.999 +08:00] [INFO] [split_region.go:192] ["batch split regions complete"] ["batch region ID"=16] ["first at"=748000000000000066] ["first new region left"="{Id:116 StartKey:7480000000000000FF6400000000000000F8 EndKey:7480000000000000FF6600000000000000F8 RegionEpoch:{ConfVer:1 Version:58} Peers:[id:117 store_id:1 ] EncryptionMeta:<nil> IsInFlashback:false FlashbackStartTs:0}"] ["new region count"=1]
[2026/07/25 00:03:44.999 +08:00] [INFO] [split_region.go:241] ["split regions complete"] ["region count"=1] ["region IDs"="[116]"]
[2026/07/25 00:03:45.005 +08:00] [INFO] [job_submitter.go:118] ["add DDL jobs"] [category=ddl] ["batch count"=1] [jobs="ID:105, Type:create table, State:queueing, SchemaState:none, SchemaID:1, TableID:104, RowCount:0, ArgLen:1, start time: 2026-07-25 00:03:44.978 +0800 CST, Err:<nil>, ErrCount:0, SnapshotVersion:0, Version: v2; "] [fast_create=true]
[2026/07/25 00:03:45.005 +08:00] [INFO] [executor.go:7285] ["DDL job submitted"] [category=ddl] [job="ID:105, Type:create table, State:queueing, SchemaState:none, SchemaID:1, TableID:104, RowCount:0, ArgLen:1, start time: 2026-07-25 00:03:44.978 +0800 CST, Err:<nil>, ErrCount:0, SnapshotVersion:0, Version: v2"] [query="CREATE TABLE IF NOT EXISTS mysql.tidb_kernel_options (\n        module varchar(128),\n        name varchar(128),\n        value varchar(128),\n        updated_at datetime,\n        status varchar(128),\n        description text,\n        primary key(module, name));"]
[2026/07/25 00:03:45.005 +08:00] [WARN] [global_controller.go:850] ["[resource group controller] resource group name does not exist"] [name=default]
[2026/07/25 00:03:45.006 +08:00] [WARN] [global_controller.go:850] ["[resource group controller] resource group name does not exist"] [name=default]
[2026/07/25 00:03:45.006 +08:00] [INFO] [job_worker.go:854] ["run one job step"] [category=ddl] [jobID=105] [job="ID:105, Type:create table, State:queueing, SchemaState:none, SchemaID:1, TableID:104, RowCount:0, ArgLen:0, start time: 2026-07-25 00:03:44.978 +0800 CST, Err:<nil>, ErrCount:0, SnapshotVersion:0, Version: v2"]
[2026/07/25 00:03:45.006 +08:00] [WARN] [global_controller.go:850] ["[resource group controller] resource group name does not exist"] [name=default]
[2026/07/25 00:03:45.007 +08:00] [WARN] [global_controller.go:850] ["[resource group controller] resource group name does not exist"] [name=default]
[2026/07/25 00:03:45.007 +08:00] [WARN] [global_controller.go:850] ["[resource group controller] resource group name does not exist"] [name=default]
[2026/07/25 00:03:45.008 +08:00] [WARN] [global_controller.go:850] ["[resource group controller] resource group name does not exist"] [name=default]
[2026/07/25 00:03:45.014 +08:00] [INFO] [loader.go:216] ["diff load InfoSchema success"] [mode=auto] [isV2=true] [currVer=51] [neededVer=52] [gotVer=52] ["elapsed time"=349.25µs] [phyTblIDs="[104]"] [actionTypes="[3]"] [diffTypes="[\"create table\"]"]
[2026/07/25 00:03:45.014 +08:00] [INFO] [syncer.go:258] ["session manager is nil"]
[2026/07/25 00:03:45.014 +08:00] [INFO] [syncer.go:281] ["mdl gets lock, update self version to owner"] [jobID=105] [version=52]
[2026/07/25 00:03:45.019 +08:00] [INFO] [schema_version.go:397] ["wait schema version synced success"] [category=ddl] [ver=52] [checkAssumedSvr=false] ["take time"=5.959375ms] [job="ID:105, Type:create table, State:done, SchemaState:public, SchemaID:1, TableID:104, RowCount:0, ArgLen:1, start time: 2026-07-25 00:03:44.978 +0800 CST, Err:<nil>, ErrCount:0, SnapshotVersion:0, Version: v2"] [summary="server count: 1"]
[2026/07/25 00:03:45.020 +08:00] [WARN] [global_controller.go:850] ["[resource group controller] resource group name does not exist"] [name=default]
[2026/07/25 00:03:45.021 +08:00] [WARN] [global_controller.go:850] ["[resource group controller] resource group name does not exist"] [name=default]
[2026/07/25 00:03:45.021 +08:00] [WARN] [global_controller.go:850] ["[resource group controller] resource group name does not exist"] [name=default]
[2026/07/25 00:03:45.021 +08:00] [WARN] [global_controller.go:850] ["[resource group controller] resource group name does not exist"] [name=default]
[2026/07/25 00:03:45.021 +08:00] [WARN] [global_controller.go:850] ["[resource group controller] resource group name does not exist"] [name=default]
[2026/07/25 00:03:45.021 +08:00] [INFO] [job_worker.go:447] ["finish DDL job"] [category=ddl] [jobID=105] [job="ID:105, Type:create table, State:synced, SchemaState:public, SchemaID:1, TableID:104, RowCount:0, ArgLen:0, start time: 2026-07-25 00:03:44.978 +0800 CST, Err:<nil>, ErrCount:0, SnapshotVersion:0, Version: v2"]
[2026/07/25 00:03:45.022 +08:00] [WARN] [global_controller.go:850] ["[resource group controller] resource group name does not exist"] [name=default]
[2026/07/25 00:03:45.023 +08:00] [WARN] [global_controller.go:850] ["[resource group controller] resource group name does not exist"] [name=default]
[2026/07/25 00:03:45.023 +08:00] [INFO] [executor.go:7423] ["DDL job is finished"] [category=ddl] [jobID=105]
[2026/07/25 00:03:45.023 +08:00] [WARN] [global_controller.go:850] ["[resource group controller] resource group name does not exist"] [name=default]
[2026/07/25 00:03:45.023 +08:00] [INFO] [session.go:5229] ["CRUCIAL OPERATION"] [conn=0] [schemaVersion=52] [cur_db=mysql] [sql="CREATE TABLE IF NOT EXISTS mysql.tidb_kernel_options (\n        module varchar(128),\n        name varchar(128),\n        value varchar(128),\n        updated_at datetime,\n        status varchar(128),\n        description text,\n        primary key(module, name));"] [user=]
[2026/07/25 00:03:45.023 +08:00] [INFO] [split_region.go:86] ["split batch regions request"] ["split key count"=1] ["batch count"=1] ["first batch, region ID"=16] ["first split key"=748000000000000068]
[2026/07/25 00:03:45.024 +08:00] [INFO] [executor.go:7606] ["system variable tidb_scatter_region not found, use default value"] [category=ddl]
[2026/07/25 00:03:45.024 +08:00] [WARN] [global_controller.go:850] ["[resource group controller] resource group name does not exist"] [name=default]
[2026/07/25 00:03:45.028 +08:00] [WARN] [global_controller.go:850] ["[resource group controller] resource group name does not exist"] [name=default]
[2026/07/25 00:03:45.029 +08:00] [WARN] [global_controller.go:850] ["[resource group controller] resource group name does not exist"] [name=default]
[2026/07/25 00:03:45.033 +08:00] [INFO] [split_region.go:192] ["batch split regions complete"] ["batch region ID"=16] ["first at"=748000000000000068] ["first new region left"="{Id:118 StartKey:7480000000000000FF6600000000000000F8 EndKey:7480000000000000FF6800000000000000F8 RegionEpoch:{ConfVer:1 Version:59} Peers:[id:119 store_id:1 ] EncryptionMeta:<nil> IsInFlashback:false FlashbackStartTs:0}"] ["new region count"=1]
[2026/07/25 00:03:45.033 +08:00] [INFO] [split_region.go:241] ["split regions complete"] ["region count"=1] ["region IDs"="[118]"]
[2026/07/25 00:03:45.034 +08:00] [INFO] [job_submitter.go:118] ["add DDL jobs"] [category=ddl] ["batch count"=1] [jobs="ID:107, Type:create table, State:queueing, SchemaState:none, SchemaID:1, TableID:106, RowCount:0, ArgLen:1, start time: 2026-07-25 00:03:44.978 +0800 CST, Err:<nil>, ErrCount:0, SnapshotVersion:0, Version: v2; "] [fast_create=true]
[2026/07/25 00:03:45.034 +08:00] [INFO] [executor.go:7285] ["DDL job submitted"] [category=ddl] [job="ID:107, Type:create table, State:queueing, SchemaState:none, SchemaID:1, TableID:106, RowCount:0, ArgLen:1, start time: 2026-07-25 00:03:44.978 +0800 CST, Err:<nil>, ErrCount:0, SnapshotVersion:0, Version: v2"] [query="CREATE TABLE IF NOT EXISTS mysql.tidb_workload_values (\n\t\tid bigint(20) NOT NULL AUTO_INCREMENT PRIMARY KEY,\n\t\tversion bigint(20) NOT NULL,\n\t\tcategory varchar(64) NOT NULL,\n\t\ttype varchar(64) NOT NULL,\n\t\ttable_id bigint(20) NOT NULL,\n\t\tvalue json NOT NULL,\n\t\tindex idx_version_category_type (version, category, type),\n\t\tindex idx_table_id (table_id));"]
[2026/07/25 00:03:45.034 +08:00] [WARN] [global_controller.go:850] ["[resource group controller] resource group name does not exist"] [name=default]
[2026/07/25 00:03:45.035 +08:00] [WARN] [global_controller.go:850] ["[resource group controller] resource group name does not exist"] [name=default]
[2026/07/25 00:03:45.035 +08:00] [INFO] [job_worker.go:854] ["run one job step"] [category=ddl] [jobID=107] [job="ID:107, Type:create table, State:queueing, SchemaState:none, SchemaID:1, TableID:106, RowCount:0, ArgLen:0, start time: 2026-07-25 00:03:44.978 +0800 CST, Err:<nil>, ErrCount:0, SnapshotVersion:0, Version: v2"]
[2026/07/25 00:03:45.036 +08:00] [WARN] [global_controller.go:850] ["[resource group controller] resource group name does not exist"] [name=default]
[2026/07/25 00:03:45.037 +08:00] [WARN] [global_controller.go:850] ["[resource group controller] resource group name does not exist"] [name=default]
[2026/07/25 00:03:45.037 +08:00] [WARN] [global_controller.go:850] ["[resource group controller] resource group name does not exist"] [name=default]
[2026/07/25 00:03:45.043 +08:00] [INFO] [loader.go:216] ["diff load InfoSchema success"] [mode=auto] [isV2=true] [currVer=52] [neededVer=53] [gotVer=53] ["elapsed time"=389.5µs] [phyTblIDs="[106]"] [actionTypes="[3]"] [diffTypes="[\"create table\"]"]
[2026/07/25 00:03:45.043 +08:00] [INFO] [syncer.go:258] ["session manager is nil"]
[2026/07/25 00:03:45.043 +08:00] [INFO] [syncer.go:281] ["mdl gets lock, update self version to owner"] [jobID=107] [version=53]
[2026/07/25 00:03:45.048 +08:00] [INFO] [schema_version.go:397] ["wait schema version synced success"] [category=ddl] [ver=53] [checkAssumedSvr=false] ["take time"=5.791208ms] [job="ID:107, Type:create table, State:done, SchemaState:public, SchemaID:1, TableID:106, RowCount:0, ArgLen:1, start time: 2026-07-25 00:03:44.978 +0800 CST, Err:<nil>, ErrCount:0, SnapshotVersion:0, Version: v2"] [summary="server count: 1"]
[2026/07/25 00:03:45.049 +08:00] [WARN] [global_controller.go:850] ["[resource group controller] resource group name does not exist"] [name=default]
[2026/07/25 00:03:45.049 +08:00] [WARN] [global_controller.go:850] ["[resource group controller] resource group name does not exist"] [name=default]
[2026/07/25 00:03:45.049 +08:00] [WARN] [global_controller.go:850] ["[resource group controller] resource group name does not exist"] [name=default]
[2026/07/25 00:03:45.049 +08:00] [WARN] [global_controller.go:850] ["[resource group controller] resource group name does not exist"] [name=default]
[2026/07/25 00:03:45.049 +08:00] [WARN] [global_controller.go:850] ["[resource group controller] resource group name does not exist"] [name=default]
[2026/07/25 00:03:45.049 +08:00] [INFO] [job_worker.go:447] ["finish DDL job"] [category=ddl] [jobID=107] [job="ID:107, Type:create table, State:synced, SchemaState:public, SchemaID:1, TableID:106, RowCount:0, ArgLen:0, start time: 2026-07-25 00:03:44.978 +0800 CST, Err:<nil>, ErrCount:0, SnapshotVersion:0, Version: v2"]
[2026/07/25 00:03:45.050 +08:00] [WARN] [global_controller.go:850] ["[resource group controller] resource group name does not exist"] [name=default]
[2026/07/25 00:03:45.051 +08:00] [WARN] [global_controller.go:850] ["[resource group controller] resource group name does not exist"] [name=default]
[2026/07/25 00:03:45.052 +08:00] [INFO] [executor.go:7423] ["DDL job is finished"] [category=ddl] [jobID=107]
[2026/07/25 00:03:45.052 +08:00] [INFO] [session.go:5229] ["CRUCIAL OPERATION"] [conn=0] [schemaVersion=53] [cur_db=mysql] [sql="CREATE TABLE IF NOT EXISTS mysql.tidb_workload_values (\n\t\tid bigint(20) NOT NULL AUTO_INCREMENT PRIMARY KEY,\n\t\tversion bigint(20) NOT NULL,\n\t\tcategory varchar(64) NOT NULL,\n\t\ttype varchar(64) NOT NULL,\n\t\ttable_id bigint(20) NOT NULL,\n\t\tvalue json NOT NULL,\n\t\tindex idx_version_category_type (version, category, type),\n\t\tindex idx_table_id (table_id));"] [user=]
[2026/07/25 00:03:45.052 +08:00] [INFO] [split_region.go:86] ["split batch regions request"] ["split key count"=1] ["batch count"=1] ["first batch, region ID"=16] ["first split key"=74800000000000006A]
[2026/07/25 00:03:45.052 +08:00] [WARN] [global_controller.go:850] ["[resource group controller] resource group name does not exist"] [name=default]
[2026/07/25 00:03:45.052 +08:00] [INFO] [executor.go:7606] ["system variable tidb_scatter_region not found, use default value"] [category=ddl]
[2026/07/25 00:03:45.052 +08:00] [WARN] [global_controller.go:850] ["[resource group controller] resource group name does not exist"] [name=default]
[2026/07/25 00:03:45.056 +08:00] [WARN] [global_controller.go:850] ["[resource group controller] resource group name does not exist"] [name=default]
[2026/07/25 00:03:45.057 +08:00] [WARN] [global_controller.go:850] ["[resource group controller] resource group name does not exist"] [name=default]
[2026/07/25 00:03:45.060 +08:00] [INFO] [split_region.go:192] ["batch split regions complete"] ["batch region ID"=16] ["first at"=74800000000000006A] ["first new region left"="{Id:120 StartKey:7480000000000000FF6800000000000000F8 EndKey:7480000000000000FF6A00000000000000F8 RegionEpoch:{ConfVer:1 Version:60} Peers:[id:121 store_id:1 ] EncryptionMeta:<nil> IsInFlashback:false FlashbackStartTs:0}"] ["new region count"=1]
[2026/07/25 00:03:45.060 +08:00] [INFO] [split_region.go:241] ["split regions complete"] ["region count"=1] ["region IDs"="[120]"]
[2026/07/25 00:03:45.061 +08:00] [INFO] [job_submitter.go:118] ["add DDL jobs"] [category=ddl] ["batch count"=1] [jobs="ID:109, Type:create table, State:queueing, SchemaState:none, SchemaID:1, TableID:108, RowCount:0, ArgLen:1, start time: 2026-07-25 00:03:45.028 +0800 CST, Err:<nil>, ErrCount:0, SnapshotVersion:0, Version: v2; "] [fast_create=true]
[2026/07/25 00:03:45.061 +08:00] [INFO] [executor.go:7285] ["DDL job submitted"] [category=ddl] [job="ID:109, Type:create table, State:queueing, SchemaState:none, SchemaID:1, TableID:108, RowCount:0, ArgLen:1, start time: 2026-07-25 00:03:45.028 +0800 CST, Err:<nil>, ErrCount:0, SnapshotVersion:0, Version: v2"] [query="CREATE TABLE IF NOT EXISTS mysql.tidb_masking_policy (\n\t\tpolicy_id BIGINT(64) NOT NULL AUTO_INCREMENT,\n\t\tpolicy_name VARCHAR(64) NOT NULL,\n\t\tdb_name VARCHAR(64) NOT NULL,\n\t\ttable_name VARCHAR(64) NOT NULL,\n\t\ttable_id BIGINT(64) NOT NULL,\n\t\tcolumn_name VARCHAR(64) NOT NULL,\n\t\tcolumn_id BIGINT(64) NOT NULL,\n\t\texpression TEXT NOT NULL,\n\t\tstatus VARCHAR(16) NOT NULL,\n\t\tmasking_type VARCHAR(32) NOT NULL,\n\t\trestrict_on VARCHAR(256) NOT NULL DEFAULT 'NONE',\n\t\tcreated_at DATETIME(6) NOT NULL,\n\t\tupdated_at DATETIME(6) NOT NULL,\n\t\tcreated_by VARCHAR(288) NOT NULL DEFAULT '',\n\t\tPRIMARY KEY(policy_id),\n\t\tUNIQUE KEY uk_table_policy(table_id, policy_name),\n\t\tUNIQUE KEY uk_table_column(table_id, column_id)\n\t\t);"]
[2026/07/25 00:03:45.061 +08:00] [WARN] [global_controller.go:850] ["[resource group controller] resource group name does not exist"] [name=default]
[2026/07/25 00:03:45.062 +08:00] [WARN] [global_controller.go:850] ["[resource group controller] resource group name does not exist"] [name=default]
[2026/07/25 00:03:45.062 +08:00] [INFO] [job_worker.go:854] ["run one job step"] [category=ddl] [jobID=109] [job="ID:109, Type:create table, State:queueing, SchemaState:none, SchemaID:1, TableID:108, RowCount:0, ArgLen:0, start time: 2026-07-25 00:03:45.028 +0800 CST, Err:<nil>, ErrCount:0, SnapshotVersion:0, Version: v2"]
[2026/07/25 00:03:45.063 +08:00] [WARN] [global_controller.go:850] ["[resource group controller] resource group name does not exist"] [name=default]
[2026/07/25 00:03:45.063 +08:00] [WARN] [global_controller.go:850] ["[resource group controller] resource group name does not exist"] [name=default]
[2026/07/25 00:03:45.063 +08:00] [WARN] [global_controller.go:850] ["[resource group controller] resource group name does not exist"] [name=default]
[2026/07/25 00:03:45.069 +08:00] [INFO] [loader.go:216] ["diff load InfoSchema success"] [mode=auto] [isV2=true] [currVer=53] [neededVer=54] [gotVer=54] ["elapsed time"=430.292µs] [phyTblIDs="[108]"] [actionTypes="[3]"] [diffTypes="[\"create table\"]"]
[2026/07/25 00:03:45.070 +08:00] [INFO] [syncer.go:258] ["session manager is nil"]
[2026/07/25 00:03:45.070 +08:00] [INFO] [syncer.go:281] ["mdl gets lock, update self version to owner"] [jobID=109] [version=54]
[2026/07/25 00:03:45.074 +08:00] [INFO] [schema_version.go:397] ["wait schema version synced success"] [category=ddl] [ver=54] [checkAssumedSvr=false] ["take time"=5.858084ms] [job="ID:109, Type:create table, State:done, SchemaState:public, SchemaID:1, TableID:108, RowCount:0, ArgLen:1, start time: 2026-07-25 00:03:45.028 +0800 CST, Err:<nil>, ErrCount:0, SnapshotVersion:0, Version: v2"] [summary="server count: 1"]
[2026/07/25 00:03:45.075 +08:00] [WARN] [global_controller.go:850] ["[resource group controller] resource group name does not exist"] [name=default]
[2026/07/25 00:03:45.075 +08:00] [WARN] [global_controller.go:850] ["[resource group controller] resource group name does not exist"] [name=default]
[2026/07/25 00:03:45.075 +08:00] [WARN] [global_controller.go:850] ["[resource group controller] resource group name does not exist"] [name=default]
[2026/07/25 00:03:45.076 +08:00] [WARN] [global_controller.go:850] ["[resource group controller] resource group name does not exist"] [name=default]
[2026/07/25 00:03:45.076 +08:00] [WARN] [global_controller.go:850] ["[resource group controller] resource group name does not exist"] [name=default]
[2026/07/25 00:03:45.076 +08:00] [INFO] [job_worker.go:447] ["finish DDL job"] [category=ddl] [jobID=109] [job="ID:109, Type:create table, State:synced, SchemaState:public, SchemaID:1, TableID:108, RowCount:0, ArgLen:0, start time: 2026-07-25 00:03:45.028 +0800 CST, Err:<nil>, ErrCount:0, SnapshotVersion:0, Version: v2"]
[2026/07/25 00:03:45.076 +08:00] [WARN] [global_controller.go:850] ["[resource group controller] resource group name does not exist"] [name=default]
[2026/07/25 00:03:45.077 +08:00] [WARN] [global_controller.go:850] ["[resource group controller] resource group name does not exist"] [name=default]
[2026/07/25 00:03:45.078 +08:00] [WARN] [global_controller.go:850] ["[resource group controller] resource group name does not exist"] [name=default]
[2026/07/25 00:03:45.078 +08:00] [INFO] [executor.go:7423] ["DDL job is finished"] [category=ddl] [jobID=109]
[2026/07/25 00:03:45.078 +08:00] [INFO] [session.go:5229] ["CRUCIAL OPERATION"] [conn=0] [schemaVersion=54] [cur_db=mysql] [sql="CREATE TABLE IF NOT EXISTS mysql.tidb_masking_policy (\n\t\tpolicy_id BIGINT(64) NOT NULL AUTO_INCREMENT,\n\t\tpolicy_name VARCHAR(64) NOT NULL,\n\t\tdb_name VARCHAR(64) NOT NULL,\n\t\ttable_name VARCHAR(64) NOT NULL,\n\t\ttable_id BIGINT(64) NOT NULL,\n\t\tcolumn_name VARCHAR(64) NOT NULL,\n\t\tcolumn_id BIGINT(64) NOT NULL,\n\t\texpression TEXT NOT NULL,\n\t\tstatus VARCHAR(16) NOT NULL,\n\t\tmasking_type VARCHAR(32) NOT NULL,\n\t\trestrict_on VARCHAR(256) NOT NULL DEFAULT 'NONE',\n\t\tcreated_at DATETIME(6) NOT NULL,\n\t\tupdated_at DATETIME(6) NOT NULL,\n\t\tcreated_by VARCHAR(288) NOT NULL DEFAULT '',\n\t\tPRIMARY KEY(policy_id),\n\t\tUNIQUE KEY uk_table_policy(table_id, policy_name),\n\t\tUNIQUE KEY uk_table_column(table_id, column_id)\n\t\t);"] [user=]
[2026/07/25 00:03:45.078 +08:00] [INFO] [split_region.go:86] ["split batch regions request"] ["split key count"=1] ["batch count"=1] ["first batch, region ID"=16] ["first split key"=74800000000000006C]
[2026/07/25 00:03:45.082 +08:00] [WARN] [global_controller.go:850] ["[resource group controller] resource group name does not exist"] [name=default]
[2026/07/25 00:03:45.086 +08:00] [INFO] [split_region.go:192] ["batch split regions complete"] ["batch region ID"=16] ["first at"=74800000000000006C] ["first new region left"="{Id:122 StartKey:7480000000000000FF6A00000000000000F8 EndKey:7480000000000000FF6C00000000000000F8 RegionEpoch:{ConfVer:1 Version:61} Peers:[id:123 store_id:1 ] EncryptionMeta:<nil> IsInFlashback:false FlashbackStartTs:0}"] ["new region count"=1]
[2026/07/25 00:03:45.086 +08:00] [INFO] [split_region.go:241] ["split regions complete"] ["region count"=1] ["region IDs"="[122]"]
[2026/07/25 00:03:45.087 +08:00] [INFO] [executor.go:7606] ["system variable tidb_scatter_region not found, use default value"] [category=ddl]
[2026/07/25 00:03:45.088 +08:00] [WARN] [global_controller.go:850] ["[resource group controller] resource group name does not exist"] [name=default]
[2026/07/25 00:03:45.089 +08:00] [WARN] [global_controller.go:850] ["[resource group controller] resource group name does not exist"] [name=default]
[2026/07/25 00:03:45.089 +08:00] [INFO] [job_submitter.go:118] ["add DDL jobs"] [category=ddl] ["batch count"=1] [jobs="ID:111, Type:create view, State:queueing, SchemaState:none, SchemaID:1, TableID:110, RowCount:0, ArgLen:1, start time: 2026-07-25 00:03:45.078 +0800 CST, Err:<nil>, ErrCount:0, SnapshotVersion:0, Version: v2; "] [fast_create=true]
[2026/07/25 00:03:45.089 +08:00] [INFO] [executor.go:7285] ["DDL job submitted"] [category=ddl] [job="ID:111, Type:create view, State:queueing, SchemaState:none, SchemaID:1, TableID:110, RowCount:0, ArgLen:1, start time: 2026-07-25 00:03:45.078 +0800 CST, Err:<nil>, ErrCount:0, SnapshotVersion:0, Version: v2"] [query="CREATE OR REPLACE SQL SECURITY INVOKER VIEW mysql.tidb_mdl_view as (\n\t\tSELECT tidb_mdl_info.job_id,\n\t\t\tJSON_UNQUOTE(JSON_EXTRACT(cast(cast(job_meta as char) as json), \"$.schema_name\")) as db_name,\n\t\t\tJSON_UNQUOTE(JSON_EXTRACT(cast(cast(job_meta as char) as json), \"$.table_name\")) as table_name,\n\t\t\tJSON_UNQUOTE(JSON_EXTRACT(cast(cast(job_meta as char) as json), \"$.query\")) as query,\n\t\t\tsession_id,\n\t\t\tcluster_tidb_trx.start_time,\n\t\t\ttidb_decode_sql_digests(all_sql_digests, 4096) AS SQL_DIGESTS\n\t\tFROM mysql.tidb_ddl_job,\n\t\t\tmysql.tidb_mdl_info,\n\t\t\tinformation_schema.cluster_tidb_trx\n\t\tWHERE tidb_ddl_job.job_id=tidb_mdl_info.job_id\n\t\t\tAND CONCAT(',', tidb_mdl_info.table_ids, ',') REGEXP CONCAT(',(', REPLACE(cluster_tidb_trx.related_table_ids, ',', '|'), '),') != 0\n\t);"]
[2026/07/25 00:03:45.090 +08:00] [WARN] [global_controller.go:850] ["[resource group controller] resource group name does not exist"] [name=default]
[2026/07/25 00:03:45.090 +08:00] [WARN] [global_controller.go:850] ["[resource group controller] resource group name does not exist"] [name=default]
[2026/07/25 00:03:45.090 +08:00] [INFO] [job_worker.go:854] ["run one job step"] [category=ddl] [jobID=111] [job="ID:111, Type:create view, State:queueing, SchemaState:none, SchemaID:1, TableID:110, RowCount:0, ArgLen:0, start time: 2026-07-25 00:03:45.078 +0800 CST, Err:<nil>, ErrCount:0, SnapshotVersion:0, Version: v2"]
[2026/07/25 00:03:45.093 +08:00] [WARN] [global_controller.go:850] ["[resource group controller] resource group name does not exist"] [name=default]
[2026/07/25 00:03:45.093 +08:00] [WARN] [global_controller.go:850] ["[resource group controller] resource group name does not exist"] [name=default]
[2026/07/25 00:03:45.093 +08:00] [WARN] [global_controller.go:850] ["[resource group controller] resource group name does not exist"] [name=default]
[2026/07/25 00:03:45.100 +08:00] [INFO] [loader.go:216] ["diff load InfoSchema success"] [mode=auto] [isV2=true] [currVer=54] [neededVer=55] [gotVer=55] ["elapsed time"=311.708µs] [phyTblIDs="[110]"] [actionTypes="[21]"] [diffTypes="[\"create view\"]"]
[2026/07/25 00:03:45.100 +08:00] [INFO] [syncer.go:258] ["session manager is nil"]
[2026/07/25 00:03:45.100 +08:00] [INFO] [syncer.go:281] ["mdl gets lock, update self version to owner"] [jobID=111] [version=55]
[2026/07/25 00:03:45.113 +08:00] [INFO] [schema_version.go:397] ["wait schema version synced success"] [category=ddl] [ver=55] [checkAssumedSvr=false] ["take time"=14.117ms] [job="ID:111, Type:create view, State:done, SchemaState:public, SchemaID:1, TableID:110, RowCount:0, ArgLen:1, start time: 2026-07-25 00:03:45.078 +0800 CST, Err:<nil>, ErrCount:0, SnapshotVersion:0, Version: v2"] [summary="server count: 1"]
[2026/07/25 00:03:45.114 +08:00] [WARN] [global_controller.go:850] ["[resource group controller] resource group name does not exist"] [name=default]
[2026/07/25 00:03:45.114 +08:00] [WARN] [global_controller.go:850] ["[resource group controller] resource group name does not exist"] [name=default]
[2026/07/25 00:03:45.115 +08:00] [WARN] [global_controller.go:850] ["[resource group controller] resource group name does not exist"] [name=default]
[2026/07/25 00:03:45.115 +08:00] [WARN] [global_controller.go:850] ["[resource group controller] resource group name does not exist"] [name=default]
[2026/07/25 00:03:45.115 +08:00] [WARN] [global_controller.go:850] ["[resource group controller] resource group name does not exist"] [name=default]
[2026/07/25 00:03:45.115 +08:00] [INFO] [job_worker.go:447] ["finish DDL job"] [category=ddl] [jobID=111] [job="ID:111, Type:create view, State:synced, SchemaState:public, SchemaID:1, TableID:110, RowCount:0, ArgLen:0, start time: 2026-07-25 00:03:45.078 +0800 CST, Err:<nil>, ErrCount:0, SnapshotVersion:0, Version: v2"]
[2026/07/25 00:03:45.115 +08:00] [WARN] [global_controller.go:850] ["[resource group controller] resource group name does not exist"] [name=default]
[2026/07/25 00:03:45.117 +08:00] [WARN] [global_controller.go:850] ["[resource group controller] resource group name does not exist"] [name=default]
[2026/07/25 00:03:45.117 +08:00] [WARN] [global_controller.go:850] ["[resource group controller] resource group name does not exist"] [name=default]
[2026/07/25 00:03:45.117 +08:00] [INFO] [executor.go:7423] ["DDL job is finished"] [category=ddl] [jobID=111]
[2026/07/25 00:03:45.121 +08:00] [INFO] [split_region.go:86] ["split batch regions request"] ["split key count"=1] ["batch count"=1] ["first batch, region ID"=16] ["first split key"=74800000000000006E]
[2026/07/25 00:03:45.121 +08:00] [INFO] [executor.go:7606] ["system variable tidb_scatter_region not found, use default value"] [category=ddl]
[2026/07/25 00:03:45.122 +08:00] [WARN] [global_controller.go:850] ["[resource group controller] resource group name does not exist"] [name=default]
[2026/07/25 00:03:45.125 +08:00] [WARN] [global_controller.go:850] ["[resource group controller] resource group name does not exist"] [name=default]
[2026/07/25 00:03:45.126 +08:00] [WARN] [global_controller.go:850] ["[resource group controller] resource group name does not exist"] [name=default]
[2026/07/25 00:03:45.129 +08:00] [INFO] [split_region.go:192] ["batch split regions complete"] ["batch region ID"=16] ["first at"=74800000000000006E] ["first new region left"="{Id:124 StartKey:7480000000000000FF6C00000000000000F8 EndKey:7480000000000000FF6E00000000000000F8 RegionEpoch:{ConfVer:1 Version:62} Peers:[id:125 store_id:1 ] EncryptionMeta:<nil> IsInFlashback:false FlashbackStartTs:0}"] ["new region count"=1]
[2026/07/25 00:03:45.129 +08:00] [INFO] [split_region.go:241] ["split regions complete"] ["region count"=1] ["region IDs"="[124]"]
[2026/07/25 00:03:45.129 +08:00] [INFO] [job_submitter.go:118] ["add DDL jobs"] [category=ddl] ["batch count"=1] [jobs="ID:113, Type:create view, State:queueing, SchemaState:none, SchemaID:2, TableID:112, RowCount:0, ArgLen:1, start time: 2026-07-25 00:03:45.078 +0800 CST, Err:<nil>, ErrCount:0, SnapshotVersion:0, Version: v2; "] [fast_create=true]
[2026/07/25 00:03:45.130 +08:00] [INFO] [executor.go:7285] ["DDL job submitted"] [category=ddl] [job="ID:113, Type:create view, State:queueing, SchemaState:none, SchemaID:2, TableID:112, RowCount:0, ArgLen:1, start time: 2026-07-25 00:03:45.078 +0800 CST, Err:<nil>, ErrCount:0, SnapshotVersion:0, Version: v2"] [query="CREATE OR REPLACE VIEW sys.schema_unused_indexes AS\n\t\tSELECT\n\t\t\ttable_schema as object_schema,\n\t\t\ttable_name as object_name,\n\t\t\tindex_name\n\t\tFROM information_schema.cluster_tidb_index_usage\n\t\tWHERE\n\t\t\ttable_schema not in ('sys', 'mysql', 'INFORMATION_SCHEMA', 'PERFORMANCE_SCHEMA') and\n\t\t\tindex_name != 'PRIMARY'\n\t\tGROUP BY table_schema, table_name, index_name\n\t\tHAVING\n\t\t\tsum(last_access_time) is null;"]
[2026/07/25 00:03:45.130 +08:00] [WARN] [global_controller.go:850] ["[resource group controller] resource group name does not exist"] [name=default]
[2026/07/25 00:03:45.130 +08:00] [WARN] [global_controller.go:850] ["[resource group controller] resource group name does not exist"] [name=default]
[2026/07/25 00:03:45.130 +08:00] [INFO] [job_worker.go:854] ["run one job step"] [category=ddl] [jobID=113] [job="ID:113, Type:create view, State:queueing, SchemaState:none, SchemaID:2, TableID:112, RowCount:0, ArgLen:0, start time: 2026-07-25 00:03:45.078 +0800 CST, Err:<nil>, ErrCount:0, SnapshotVersion:0, Version: v2"]
[2026/07/25 00:03:45.131 +08:00] [WARN] [global_controller.go:850] ["[resource group controller] resource group name does not exist"] [name=default]
[2026/07/25 00:03:45.132 +08:00] [WARN] [global_controller.go:850] ["[resource group controller] resource group name does not exist"] [name=default]
[2026/07/25 00:03:45.132 +08:00] [WARN] [global_controller.go:850] ["[resource group controller] resource group name does not exist"] [name=default]
[2026/07/25 00:03:45.138 +08:00] [INFO] [loader.go:216] ["diff load InfoSchema success"] [mode=auto] [isV2=true] [currVer=55] [neededVer=56] [gotVer=56] ["elapsed time"=290.334µs] [phyTblIDs="[112]"] [actionTypes="[21]"] [diffTypes="[\"create view\"]"]
[2026/07/25 00:03:45.138 +08:00] [INFO] [syncer.go:258] ["session manager is nil"]
[2026/07/25 00:03:45.138 +08:00] [INFO] [syncer.go:281] ["mdl gets lock, update self version to owner"] [jobID=113] [version=56]
[2026/07/25 00:03:45.143 +08:00] [INFO] [schema_version.go:397] ["wait schema version synced success"] [category=ddl] [ver=56] [checkAssumedSvr=false] ["take time"=6.184708ms] [job="ID:113, Type:create view, State:done, SchemaState:public, SchemaID:2, TableID:112, RowCount:0, ArgLen:1, start time: 2026-07-25 00:03:45.078 +0800 CST, Err:<nil>, ErrCount:0, SnapshotVersion:0, Version: v2"] [summary="server count: 1"]
[2026/07/25 00:03:45.144 +08:00] [WARN] [global_controller.go:850] ["[resource group controller] resource group name does not exist"] [name=default]
[2026/07/25 00:03:45.145 +08:00] [WARN] [global_controller.go:850] ["[resource group controller] resource group name does not exist"] [name=default]
[2026/07/25 00:03:45.145 +08:00] [WARN] [global_controller.go:850] ["[resource group controller] resource group name does not exist"] [name=default]
[2026/07/25 00:03:45.145 +08:00] [WARN] [global_controller.go:850] ["[resource group controller] resource group name does not exist"] [name=default]
[2026/07/25 00:03:45.145 +08:00] [WARN] [global_controller.go:850] ["[resource group controller] resource group name does not exist"] [name=default]
[2026/07/25 00:03:45.145 +08:00] [INFO] [job_worker.go:447] ["finish DDL job"] [category=ddl] [jobID=113] [job="ID:113, Type:create view, State:synced, SchemaState:public, SchemaID:2, TableID:112, RowCount:0, ArgLen:0, start time: 2026-07-25 00:03:45.078 +0800 CST, Err:<nil>, ErrCount:0, SnapshotVersion:0, Version: v2"]
[2026/07/25 00:03:45.146 +08:00] [WARN] [global_controller.go:850] ["[resource group controller] resource group name does not exist"] [name=default]
[2026/07/25 00:03:45.147 +08:00] [WARN] [global_controller.go:850] ["[resource group controller] resource group name does not exist"] [name=default]
[2026/07/25 00:03:45.147 +08:00] [INFO] [executor.go:7423] ["DDL job is finished"] [category=ddl] [jobID=113]
[2026/07/25 00:03:45.147 +08:00] [WARN] [global_controller.go:850] ["[resource group controller] resource group name does not exist"] [name=default]
[2026/07/25 00:03:45.147 +08:00] [INFO] [split_region.go:86] ["split batch regions request"] ["split key count"=1] ["batch count"=1] ["first batch, region ID"=16] ["first split key"=748000000000000070]
[2026/07/25 00:03:45.148 +08:00] [WARN] [global_controller.go:850] ["[resource group controller] resource group name does not exist"] [name=default]
[2026/07/25 00:03:45.152 +08:00] [WARN] [global_controller.go:850] ["[resource group controller] resource group name does not exist"] [name=default]
[2026/07/25 00:03:45.153 +08:00] [WARN] [global_controller.go:850] ["[resource group controller] resource group name does not exist"] [name=default]
[2026/07/25 00:03:45.156 +08:00] [INFO] [split_region.go:192] ["batch split regions complete"] ["batch region ID"=16] ["first at"=748000000000000070] ["first new region left"="{Id:126 StartKey:7480000000000000FF6E00000000000000F8 EndKey:7480000000000000FF7000000000000000F8 RegionEpoch:{ConfVer:1 Version:63} Peers:[id:127 store_id:1 ] EncryptionMeta:<nil> IsInFlashback:false FlashbackStartTs:0}"] ["new region count"=1]
[2026/07/25 00:03:45.156 +08:00] [INFO] [split_region.go:241] ["split regions complete"] ["region count"=1] ["region IDs"="[126]"]
[2026/07/25 00:03:45.157 +08:00] [INFO] [job_submitter.go:118] ["add DDL jobs"] [category=ddl] ["batch count"=1] [jobs="ID:115, Type:create schema, State:queueing, SchemaState:none, SchemaID:114, TableID:0, RowCount:0, ArgLen:1, start time: 2026-07-25 00:03:45.129 +0800 CST, Err:<nil>, ErrCount:0, SnapshotVersion:0, Version: v2; "] [fast_create=true]
[2026/07/25 00:03:45.157 +08:00] [INFO] [executor.go:7285] ["DDL job submitted"] [category=ddl] [job="ID:115, Type:create schema, State:queueing, SchemaState:none, SchemaID:114, TableID:0, RowCount:0, ArgLen:1, start time: 2026-07-25 00:03:45.129 +0800 CST, Err:<nil>, ErrCount:0, SnapshotVersion:0, Version: v2"] [query="CREATE DATABASE IF NOT EXISTS test"]
[2026/07/25 00:03:45.157 +08:00] [WARN] [global_controller.go:850] ["[resource group controller] resource group name does not exist"] [name=default]
[2026/07/25 00:03:45.158 +08:00] [WARN] [global_controller.go:850] ["[resource group controller] resource group name does not exist"] [name=default]
[2026/07/25 00:03:45.158 +08:00] [INFO] [job_worker.go:854] ["run one job step"] [category=ddl] [jobID=115] [job="ID:115, Type:create schema, State:queueing, SchemaState:none, SchemaID:114, TableID:0, RowCount:0, ArgLen:0, start time: 2026-07-25 00:03:45.129 +0800 CST, Err:<nil>, ErrCount:0, SnapshotVersion:0, Version: v2"]
[2026/07/25 00:03:45.159 +08:00] [WARN] [global_controller.go:850] ["[resource group controller] resource group name does not exist"] [name=default]
[2026/07/25 00:03:45.159 +08:00] [WARN] [global_controller.go:850] ["[resource group controller] resource group name does not exist"] [name=default]
[2026/07/25 00:03:45.159 +08:00] [WARN] [global_controller.go:850] ["[resource group controller] resource group name does not exist"] [name=default]
[2026/07/25 00:03:45.165 +08:00] [INFO] [loader.go:216] ["diff load InfoSchema success"] [mode=auto] [isV2=true] [currVer=56] [neededVer=57] [gotVer=57] ["elapsed time"=133.083µs] [phyTblIDs="[]"] [actionTypes="[]"] [diffTypes="[\"create schema\"]"]
[2026/07/25 00:03:45.166 +08:00] [INFO] [syncer.go:258] ["session manager is nil"]
[2026/07/25 00:03:45.166 +08:00] [INFO] [syncer.go:281] ["mdl gets lock, update self version to owner"] [jobID=115] [version=57]
[2026/07/25 00:03:45.171 +08:00] [INFO] [schema_version.go:397] ["wait schema version synced success"] [category=ddl] [ver=57] [checkAssumedSvr=false] ["take time"=6.128042ms] [job="ID:115, Type:create schema, State:done, SchemaState:public, SchemaID:114, TableID:0, RowCount:0, ArgLen:1, start time: 2026-07-25 00:03:45.129 +0800 CST, Err:<nil>, ErrCount:0, SnapshotVersion:0, Version: v2"] [summary="server count: 1"]
[2026/07/25 00:03:45.172 +08:00] [WARN] [global_controller.go:850] ["[resource group controller] resource group name does not exist"] [name=default]
[2026/07/25 00:03:45.173 +08:00] [WARN] [global_controller.go:850] ["[resource group controller] resource group name does not exist"] [name=default]
[2026/07/25 00:03:45.173 +08:00] [WARN] [global_controller.go:850] ["[resource group controller] resource group name does not exist"] [name=default]
[2026/07/25 00:03:45.173 +08:00] [WARN] [global_controller.go:850] ["[resource group controller] resource group name does not exist"] [name=default]
[2026/07/25 00:03:45.173 +08:00] [WARN] [global_controller.go:850] ["[resource group controller] resource group name does not exist"] [name=default]
[2026/07/25 00:03:45.173 +08:00] [INFO] [job_worker.go:447] ["finish DDL job"] [category=ddl] [jobID=115] [job="ID:115, Type:create schema, State:synced, SchemaState:public, SchemaID:114, TableID:0, RowCount:0, ArgLen:0, start time: 2026-07-25 00:03:45.129 +0800 CST, Err:<nil>, ErrCount:0, SnapshotVersion:0, Version: v2"]
[2026/07/25 00:03:45.173 +08:00] [WARN] [global_controller.go:850] ["[resource group controller] resource group name does not exist"] [name=default]
[2026/07/25 00:03:45.175 +08:00] [WARN] [global_controller.go:850] ["[resource group controller] resource group name does not exist"] [name=default]
[2026/07/25 00:03:45.175 +08:00] [INFO] [executor.go:7423] ["DDL job is finished"] [category=ddl] [jobID=115]
[2026/07/25 00:03:45.175 +08:00] [INFO] [session.go:5229] ["CRUCIAL OPERATION"] [conn=0] [schemaVersion=57] [cur_db=mysql] [sql="CREATE DATABASE IF NOT EXISTS test"] [user=]
[2026/07/25 00:03:45.175 +08:00] [WARN] [global_controller.go:850] ["[resource group controller] resource group name does not exist"] [name=default]
[2026/07/25 00:03:45.180 +08:00] [WARN] [global_controller.go:850] ["[resource group controller] resource group name does not exist"] [name=default]
[2026/07/25 00:03:45.194 +08:00] [INFO] [bootstrap.go:90] ["bootstrap successful"] ["take time"=1.674718083s]
[2026/07/25 00:03:45.195 +08:00] [INFO] [job_scheduler.go:269] ["scheduleLoop quit due to context canceled"] [category=ddl]
[2026/07/25 00:03:45.195 +08:00] [INFO] [syncer.go:488] ["schema version sync loop interrupted, retrying..."] [category=ddl]
[2026/07/25 00:03:45.195 +08:00] [INFO] [manager.go:420] ["watch owner finished"] [key=/tidb/ddl/fg/owner] [id=16ac8e42-d04f-495e-a429-2dc006386f55] []
[2026/07/25 00:03:45.195 +08:00] [INFO] [manager.go:333] ["retire owner"] [key=/tidb/ddl/fg/owner] [id=16ac8e42-d04f-495e-a429-2dc006386f55]
[2026/07/25 00:03:45.195 +08:00] [INFO] [ddl_workerpool.go:78] ["closing workerPool"] [category=ddl]
[2026/07/25 00:03:45.195 +08:00] [INFO] [ddl_workerpool.go:78] ["closing workerPool"] [category=ddl]
[2026/07/25 00:03:45.195 +08:00] [INFO] [job_worker.go:267] ["DDL worker closed"] [category=ddl] [worker="worker 8, tp general"] ["take time"=2.167µs]
[2026/07/25 00:03:45.195 +08:00] [INFO] [job_worker.go:267] ["DDL worker closed"] [category=ddl] [worker="worker 9, tp general"] ["take time"=1.75µs]
[2026/07/25 00:03:45.195 +08:00] [INFO] [job_worker.go:267] ["DDL worker closed"] [category=ddl] [worker="worker 10, tp general"] ["take time"=1.875µs]
[2026/07/25 00:03:45.195 +08:00] [INFO] [job_worker.go:267] ["DDL worker closed"] [category=ddl] [worker="worker 1, tp general"] ["take time"=1.458µs]
[2026/07/25 00:03:45.195 +08:00] [INFO] [job_worker.go:267] ["DDL worker closed"] [category=ddl] [worker="worker 2, tp general"] ["take time"=1.875µs]
[2026/07/25 00:03:45.195 +08:00] [INFO] [job_worker.go:267] ["DDL worker closed"] [category=ddl] [worker="worker 3, tp general"] ["take time"=1.666µs]
[2026/07/25 00:03:45.195 +08:00] [INFO] [job_worker.go:267] ["DDL worker closed"] [category=ddl] [worker="worker 4, tp general"] ["take time"=1.959µs]
[2026/07/25 00:03:45.195 +08:00] [INFO] [job_worker.go:267] ["DDL worker closed"] [category=ddl] [worker="worker 5, tp general"] ["take time"=2.083µs]
[2026/07/25 00:03:45.195 +08:00] [INFO] [job_worker.go:267] ["DDL worker closed"] [category=ddl] [worker="worker 6, tp general"] ["take time"=1.666µs]
[2026/07/25 00:03:45.195 +08:00] [INFO] [job_worker.go:267] ["DDL worker closed"] [category=ddl] [worker="worker 7, tp general"] ["take time"=1.333µs]
[2026/07/25 00:03:45.195 +08:00] [INFO] [manager.go:424] ["is not the owner"] [key=/tidb/ddl/fg/owner] [id=16ac8e42-d04f-495e-a429-2dc006386f55]
[2026/07/25 00:03:45.195 +08:00] [INFO] [manager.go:385] ["break campaign loop, context is done"] [key=/tidb/ddl/fg/owner] [id=16ac8e42-d04f-495e-a429-2dc006386f55]
[2026/07/25 00:03:45.200 +08:00] [INFO] [delete_range.go:162] ["closing delRange"] [category=ddl]
[2026/07/25 00:03:45.200 +08:00] [INFO] [session_pool.go:133] ["closing session pool"] [category=ddl]
[2026/07/25 00:03:45.200 +08:00] [INFO] [ddl.go:1157] ["DDL closed"] [category=ddl] [ID=16ac8e42-d04f-495e-a429-2dc006386f55] ["take time"=5.470416ms]
[2026/07/25 00:03:45.201 +08:00] [INFO] [ddl.go:848] ["stop DDL"] [category=ddl] [ID=16ac8e42-d04f-495e-a429-2dc006386f55]
[2026/07/25 00:03:45.201 +08:00] [INFO] [domain.go:2868] ["serverIDSession need restart"]
[2026/07/25 00:03:45.213 +08:00] [INFO] [domain.go:2733] ["releaseServerID succeed"] [serverID=1705] [leaseID=2463925932881173072]
[2026/07/25 00:03:45.213 +08:00] [INFO] [wait_group_wrapper.go:150] ["background process exited"] [source=domain] [process=requestUnitsWriterLoop]
[2026/07/25 00:03:45.213 +08:00] [INFO] [syncer.go:288] ["server info sync loop exited."]
[2026/07/25 00:03:45.213 +08:00] [INFO] [wait_group_wrapper.go:150] ["background process exited"] [source=domain] [process=infoSyncerKeeper]
[2026/07/25 00:03:45.213 +08:00] [INFO] [domain.go:419] ["globalConfigSyncerKeeper exited."]
[2026/07/25 00:03:45.213 +08:00] [INFO] [domain.go:2800] ["serverIDKeeper exited."]
[2026/07/25 00:03:45.213 +08:00] [INFO] [wait_group_wrapper.go:150] ["background process exited"] [source=domain] [process=globalConfigSyncerKeeper]
[2026/07/25 00:03:45.213 +08:00] [INFO] [manager.go:241] ["runaway watch sync loop exit"]
[2026/07/25 00:03:45.213 +08:00] [INFO] [wait_group_wrapper.go:150] ["background process exited"] [source=domain] [process=runawayWatchSyncLoop]
[2026/07/25 00:03:45.213 +08:00] [INFO] [flusher.go:89] ["flushing remaining records before stop"] [name=runaway-record]
[2026/07/25 00:03:45.213 +08:00] [INFO] [flusher.go:91] ["stopped flusher"] [name=runaway-record]
[2026/07/25 00:03:45.213 +08:00] [INFO] [flusher.go:89] ["flushing remaining records before stop"] [name=quarantine-record]
[2026/07/25 00:03:45.213 +08:00] [INFO] [flusher.go:91] ["stopped flusher"] [name=quarantine-record]
[2026/07/25 00:03:45.213 +08:00] [INFO] [manager.go:420] ["watch owner finished"] [key=/tidb/br-stream/owner] [id=da691d95-76a5-4444-a550-4e8d10070780] []
[2026/07/25 00:03:45.213 +08:00] [INFO] [manager.go:333] ["retire owner"] [key=/tidb/br-stream/owner] [id=da691d95-76a5-4444-a550-4e8d10070780]
[2026/07/25 00:03:45.213 +08:00] [INFO] [syncer.go:422] ["topology sync loop exited."]
[2026/07/25 00:03:45.213 +08:00] [INFO] [wait_group_wrapper.go:150] ["background process exited"] [source=domain] [process=topologySyncerKeeper]
[2026/07/25 00:03:45.213 +08:00] [INFO] [flusher.go:89] ["flushing remaining records before stop"] [name=stale-quarantine-record]
[2026/07/25 00:03:45.213 +08:00] [INFO] [flusher.go:91] ["stopped flusher"] [name=stale-quarantine-record]
[2026/07/25 00:03:45.213 +08:00] [INFO] [manager.go:424] ["is not the owner"] [key=/tidb/br-stream/owner] [id=da691d95-76a5-4444-a550-4e8d10070780]
[2026/07/25 00:03:45.213 +08:00] [INFO] [manager.go:385] ["break campaign loop, context is done"] [key=/tidb/br-stream/owner] [id=da691d95-76a5-4444-a550-4e8d10070780]
[2026/07/25 00:03:45.213 +08:00] [INFO] [manager.go:205] ["runaway record flush loop exit"]
[2026/07/25 00:03:45.213 +08:00] [INFO] [wait_group_wrapper.go:150] ["background process exited"] [source=domain] [process=runawayRecordFlushLoop]
[2026/07/25 00:03:45.226 +08:00] [INFO] [domain.go:391] ["topNSlowQueryLoop exited."]
[2026/07/25 00:03:45.226 +08:00] [INFO] [advancer_cliext.go:194] ["Start collecting remaining events in the channel."] [category="log backup advancer"] [remained=0]
[2026/07/25 00:03:45.226 +08:00] [INFO] [advancer_cliext.go:199] ["Finish collecting remaining events in the channel."] [category="log backup advancer"]
[2026/07/25 00:03:45.226 +08:00] [WARN] [meta_storage_client.go:165] ["watch stream closed"] [error="rpc error: code = Canceled desc = context canceled"]
[2026/07/25 00:03:45.226 +08:00] [WARN] [meta_storage_client.go:165] ["watch stream closed"] [error="rpc error: code = Canceled desc = context canceled"]
[2026/07/25 00:03:45.226 +08:00] [INFO] [owner_daemon.go:87] ["daemon loop exits"] [id=da691d95-76a5-4444-a550-4e8d10070780] [daemon-id=LogBackup::Advancer]
[2026/07/25 00:03:45.226 +08:00] [INFO] [wait_group_wrapper.go:150] ["background process exited"] [source=domain] [process=logBackupAdvancer]
[2026/07/25 00:03:45.226 +08:00] [INFO] [syncer.go:304] ["info schema sync loop exited."]
[2026/07/25 00:03:45.226 +08:00] [INFO] [wait_group_wrapper.go:150] ["background process exited"] [source=domain] [process=loadSchemaInLoop]
[2026/07/25 00:03:45.226 +08:00] [INFO] [domain.go:979] ["closestReplicaReadCheckLoop exited."]
[2026/07/25 00:03:45.226 +08:00] [INFO] [wait_group_wrapper.go:150] ["background process exited"] [source=domain] [process=closestReplicaReadCheckLoop]
[2026/07/25 00:03:45.226 +08:00] [INFO] [wait_group_wrapper.go:150] ["background process exited"] [source=domain] [process=topNSlowQueryLoop]
[2026/07/25 00:03:45.226 +08:00] [INFO] [wait_group_wrapper.go:150] ["background process exited"] [source=domain] [process=mdlCheckLoop]
[2026/07/25 00:03:45.241 +08:00] [INFO] [domain.go:550] ["domain closed"] ["take time"=45.890292ms]
[2026/07/25 00:03:45.241 +08:00] [INFO] [session.go:4700] ["bootstrap cluster finished"] [bootMode=bootstrap] [cost=1.815522375s]
[2026/07/25 00:03:45.241 +08:00] [INFO] [tidb.go:103] ["new domain"] [store=tikv-7666125879708727181/] ["ddl lease"=45s] ["stats lease"=3s]
[2026/07/25 00:03:45.264 +08:00] [INFO] [info.go:279] ["init TiFlashReplicaManager"]
[2026/07/25 00:03:45.290 +08:00] [INFO] [domain.go:2708] [acquireServerID] [serverID=1689] ["lease id"=22319f94de415ba3]
[2026/07/25 00:03:45.294 +08:00] [INFO] [global_controller.go:219] ["load resource controller config"] [config="{\"degraded-mode-wait-duration\":\"0s\",\"ltb-max-wait-duration\":\"30s\",\"ltb-token-rpc-max-delay\":\"1s\",\"request-unit\":{\"read-base-cost\":0.125,\"read-per-batch-base-cost\":0.5,\"read-cost-per-byte\":0.0000152587890625,\"write-base-cost\":1,\"write-per-batch-base-cost\":1,\"write-cost-per-byte\":0.0009765625,\"read-cpu-ms-cost\":0.3333333333333333},\"enable-controller-trace-log\":\"false\",\"token-rpc-params\":{\"wait-retry-interval\":\"50ms\",\"wait-retry-times\":20}}"] [ru-config="{\"ReadBaseCost\":0.125,\"ReadPerBatchBaseCost\":0.5,\"ReadBytesCost\":0.0000152587890625,\"WriteBaseCost\":1,\"WritePerBatchBaseCost\":1,\"WriteBytesCost\":0.0009765625,\"CPUMsCost\":0.3333333333333333,\"LTBMaxWaitDuration\":30000000000,\"WaitRetryInterval\":50000000,\"WaitRetryTimes\":20,\"DegradedModeWaitDuration\":0}"] [keyspace-id=4294967295]
[2026/07/25 00:03:45.301 +08:00] [INFO] [loader.go:281] ["full load InfoSchema success"] [mode=auto] [isV2=true] [currentSchemaVersion=0] [neededSchemaVersion=57] ["elapsed time"=6.028917ms]
[2026/07/25 00:03:45.301 +08:00] [INFO] [syncer.go:456] ["full load and reset schema validator"]
[2026/07/25 00:03:45.308 +08:00] [INFO] [ddl.go:1157] ["DDL closed"] [category=ddl] [ID=16ac8e42-d04f-495e-a429-2dc006386f55] ["take time"=4.472417ms]
[2026/07/25 00:03:45.308 +08:00] [INFO] [ddl.go:848] ["stop DDL"] [category=ddl] [ID=16ac8e42-d04f-495e-a429-2dc006386f55]
[2026/07/25 00:03:45.321 +08:00] [INFO] [domain.go:2733] ["releaseServerID succeed"] [serverID=1689] [leaseID=2463925932881173411]
[2026/07/25 00:03:45.321 +08:00] [WARN] [meta_storage_client.go:165] ["watch stream closed"] [error="rpc error: code = Canceled desc = context canceled"]
[2026/07/25 00:03:45.321 +08:00] [WARN] [meta_storage_client.go:165] ["watch stream closed"] [error="rpc error: code = Canceled desc = context canceled"]
[2026/07/25 00:03:45.335 +08:00] [INFO] [domain.go:550] ["domain closed"] ["take time"=31.832333ms]
[2026/07/25 00:03:45.335 +08:00] [INFO] [tidb.go:103] ["new domain"] [store=tikv-7666125879708727181/] ["ddl lease"=45s] ["stats lease"=3s]
[2026/07/25 00:03:45.357 +08:00] [INFO] [info.go:279] ["init TiFlashReplicaManager"]
[2026/07/25 00:03:45.380 +08:00] [INFO] [pd.go:434] ["adaptive update ts interval state transition"] [configuredInterval=2s] [prevAdaptiveUpdateInterval=2s] [newAdaptiveUpdateInterval=2s] [requiredStaleness=0s] [prevState=unknown(0)] [newState=normal]
[2026/07/25 00:03:45.386 +08:00] [INFO] [domain.go:2708] [acquireServerID] [serverID=855] ["lease id"=22319f94de415bbc]
[2026/07/25 00:03:45.394 +08:00] [INFO] [global_controller.go:219] ["load resource controller config"] [config="{\"degraded-mode-wait-duration\":\"0s\",\"ltb-max-wait-duration\":\"30s\",\"ltb-token-rpc-max-delay\":\"1s\",\"request-unit\":{\"read-base-cost\":0.125,\"read-per-batch-base-cost\":0.5,\"read-cost-per-byte\":0.0000152587890625,\"write-base-cost\":1,\"write-per-batch-base-cost\":1,\"write-cost-per-byte\":0.0009765625,\"read-cpu-ms-cost\":0.3333333333333333},\"enable-controller-trace-log\":\"false\",\"token-rpc-params\":{\"wait-retry-interval\":\"50ms\",\"wait-retry-times\":20}}"] [ru-config="{\"ReadBaseCost\":0.125,\"ReadPerBatchBaseCost\":0.5,\"ReadBytesCost\":0.0000152587890625,\"WriteBaseCost\":1,\"WritePerBatchBaseCost\":1,\"WriteBytesCost\":0.0009765625,\"CPUMsCost\":0.3333333333333333,\"LTBMaxWaitDuration\":30000000000,\"WaitRetryInterval\":50000000,\"WaitRetryTimes\":20,\"DegradedModeWaitDuration\":0}"] [keyspace-id=4294967295]
[2026/07/25 00:03:45.401 +08:00] [INFO] [loader.go:281] ["full load InfoSchema success"] [mode=auto] [isV2=true] [currentSchemaVersion=0] [neededSchemaVersion=57] ["elapsed time"=6.622959ms]
[2026/07/25 00:03:45.401 +08:00] [INFO] [syncer.go:456] ["full load and reset schema validator"]
[2026/07/25 00:03:45.402 +08:00] [INFO] [ddl.go:992] ["job version in use is not v2 or global index v1 not supported, maybe in upgrade, start detecting"] [category=ddl] [current=v2] [globalIndexV1Supported=false]
[2026/07/25 00:03:45.402 +08:00] [INFO] [ddl.go:881] ["start DDL"] [category=ddl] [ID=16ac8e42-d04f-495e-a429-2dc006386f55] [runWorker=true] [jobVersion=v2] [startMode=normal]
[2026/07/25 00:03:45.402 +08:00] [INFO] [ddl.go:856] ["start delRangeManager OK"] [category=ddl] ["is a emulator"=false]
[2026/07/25 00:03:45.404 +08:00] [WARN] [global_controller.go:850] ["[resource group controller] resource group name does not exist"] [name=default]
[2026/07/25 00:03:45.407 +08:00] [INFO] [manager.go:294] ["start campaign owner with existing session"] [key=/tidb/ddl/fg/owner] [id=16ac8e42-d04f-495e-a429-2dc006386f55] [lease=22319f94de415a5b]
[2026/07/25 00:03:45.407 +08:00] [INFO] [env.go:123] ["the ingest sorted directory"] [category=ddl-ingest] ["data path"=/tmp/tidb/tmp_ddl-4000]
[2026/07/25 00:03:45.407 +08:00] [WARN] [env.go:84] ["ingest backfill may not be available"] [category=ddl-ingest] [error="the available disk space(46414245888) in /tmp/tidb/tmp_ddl-4000 should be greater than @@tidb_ddl_disk_quota(107374182400)"]
[2026/07/25 00:03:45.407 +08:00] [INFO] [env.go:88] ["init global ingest backend environment finished"] [category=ddl-ingest] ["memory limitation"=19327352832] ["disk usage info"="disk usage: 948248338432/994662584320, backend usage: 0"] ["max open file number"=138240] ["lightning is initialized"=true]
[2026/07/25 00:03:45.407 +08:00] [INFO] [wait_group_wrapper.go:141] ["background process started"] [source=domain] [process=loadSchemaInLoop]
[2026/07/25 00:03:45.407 +08:00] [INFO] [wait_group_wrapper.go:141] ["background process started"] [source=domain] [process=mdlCheckLoop]
[2026/07/25 00:03:45.407 +08:00] [INFO] [wait_group_wrapper.go:141] ["background process started"] [source=domain] [process=topNSlowQueryLoop]
[2026/07/25 00:03:45.407 +08:00] [INFO] [wait_group_wrapper.go:141] ["background process started"] [source=domain] [process=infoSyncerKeeper]
[2026/07/25 00:03:45.407 +08:00] [INFO] [wait_group_wrapper.go:141] ["background process started"] [source=domain] [process=globalConfigSyncerKeeper]
[2026/07/25 00:03:45.407 +08:00] [INFO] [wait_group_wrapper.go:141] ["background process started"] [source=domain] [process=runawayRecordFlushLoop]
[2026/07/25 00:03:45.407 +08:00] [INFO] [wait_group_wrapper.go:141] ["background process started"] [source=domain] [process=runawayWatchSyncLoop]
[2026/07/25 00:03:45.407 +08:00] [INFO] [wait_group_wrapper.go:141] ["background process started"] [source=domain] [process=requestUnitsWriterLoop]
[2026/07/25 00:03:45.407 +08:00] [INFO] [wait_group_wrapper.go:141] ["background process started"] [source=domain] [process=topologySyncerKeeper]
[2026/07/25 00:03:45.407 +08:00] [INFO] [wait_group_wrapper.go:141] ["background process started"] [source=domain] [process=closestReplicaReadCheckLoop]
[2026/07/25 00:03:45.407 +08:00] [INFO] [owner_daemon.go:70] ["begin advancer daemon"] [daemon-id=LogBackup::Advancer]
[2026/07/25 00:03:45.407 +08:00] [INFO] [manager.go:289] ["start campaign owner"] [key=/tidb/br-stream/owner] [id=1ca63308-7be5-4e09-b0e6-1f2f7e050caa]
[2026/07/25 00:03:45.416 +08:00] [INFO] [manager.go:527] ["get owner"] [key=/tidb/ddl/fg/owner] ["owner key"=/tidb/ddl/fg/owner/22319f94de415a5b] [ownerID=16ac8e42-d04f-495e-a429-2dc006386f55]
[2026/07/25 00:03:45.416 +08:00] [INFO] [manager.go:324] ["become owner"] [key=/tidb/ddl/fg/owner] [id=16ac8e42-d04f-495e-a429-2dc006386f55]
[2026/07/25 00:03:45.416 +08:00] [INFO] [manager.go:616] ["watching owner key"] [key=/tidb/ddl/fg/owner] [id=16ac8e42-d04f-495e-a429-2dc006386f55] [ownerKey=/tidb/ddl/fg/owner/22319f94de415a5b] [currRev=221]
[2026/07/25 00:03:45.430 +08:00] [INFO] [job_scheduler.go:363] ["get global state and global state change"] [category=ddl] [oldState=false] [currState=false]
[2026/07/25 00:03:45.430 +08:00] [INFO] [manager.go:561] ["set owner op is the same as the original, so do nothing."] [key=/tidb/ddl/fg/owner] [id=16ac8e42-d04f-495e-a429-2dc006386f55] [op=none]
[2026/07/25 00:03:45.430 +08:00] [INFO] [job_scheduler.go:375] ["the owner sets owner operator value"] [category=ddl] [ownerOp=none]
[2026/07/25 00:03:45.430 +08:00] [INFO] [wait_group_wrapper.go:141] ["background process started"] [source=domain] [process=logBackupAdvancer]
[2026/07/25 00:03:45.430 +08:00] [INFO] [owner_daemon.go:81] ["begin running daemon"] [id=1ca63308-7be5-4e09-b0e6-1f2f7e050caa] [daemon-id=LogBackup::Advancer]
[2026/07/25 00:03:45.431 +08:00] [INFO] [manager.go:527] ["get owner"] [key=/tidb/br-stream/owner] ["owner key"=/tidb/br-stream/owner/22319f94de415bc8] [ownerID=1ca63308-7be5-4e09-b0e6-1f2f7e050caa]
[2026/07/25 00:03:45.431 +08:00] [INFO] [manager.go:324] ["become owner"] [key=/tidb/br-stream/owner] [id=1ca63308-7be5-4e09-b0e6-1f2f7e050caa]
[2026/07/25 00:03:45.431 +08:00] [INFO] [manager.go:616] ["watching owner key"] [key=/tidb/br-stream/owner] [id=1ca63308-7be5-4e09-b0e6-1f2f7e050caa] [ownerKey=/tidb/br-stream/owner/22319f94de415bc8] [currRev=222]
[2026/07/25 00:03:45.431 +08:00] [WARN] [sysvar_cache.go:53] ["sysvar cache is empty, triggering rebuild"]
[2026/07/25 00:03:45.432 +08:00] [INFO] [inner_client.go:103] ["[pd] notified to disable the router client"]
[2026/07/25 00:03:45.432 +08:00] [INFO] [client.go:325] ["[router] closing router client"]
[2026/07/25 00:03:45.432 +08:00] [INFO] [client.go:606] ["[router] stop fetching the pending router requests due to context canceled"]
[2026/07/25 00:03:45.432 +08:00] [INFO] [client.go:587] ["[router] dispatcher is exiting"]
[2026/07/25 00:03:45.432 +08:00] [INFO] [client.go:592] ["[router] dispatcher exited"]
[2026/07/25 00:03:45.432 +08:00] [INFO] [client.go:430] ["[router] connection daemon is exiting"]
[2026/07/25 00:03:45.432 +08:00] [INFO] [client.go:330] ["[router] router client is closed"]
[2026/07/25 00:03:45.432 +08:00] [INFO] [sysvar.go:3400] ["set resource control"] [enable=true]
[2026/07/25 00:03:45.433 +08:00] [INFO] [global_controller.go:586] ["[resource group controller] create resource group cost controller"] [name=default]
[2026/07/25 00:03:45.433 +08:00] [INFO] [wait_group_wrapper.go:141] ["background process started"] [source=domain] [process=loadPrivilegeInLoop]
[2026/07/25 00:03:45.435 +08:00] [INFO] [wait_group_wrapper.go:141] ["background process started"] [source=domain] [process=LoadSysVarCacheLoop]
[2026/07/25 00:03:45.439 +08:00] [INFO] [binding_cache.go:75] ["load bindings"] [category=sql-bind] [fullLoad=true] [fromRemote=false] [cacheSizeChange=false] [hasNewBinding=false] [cacheCapacity=67108864] [cacheUsage=0] [cachedBindingNum=0] [duration=1.394292ms] []
[2026/07/25 00:03:45.439 +08:00] [INFO] [manager.go:289] ["start campaign owner"] [key=/tidb/bindinfo/owner] [id=16ac8e42-d04f-495e-a429-2dc006386f55]
[2026/07/25 00:03:45.443 +08:00] [INFO] [wait_group_wrapper.go:141] ["background process started"] [source=domain] [process=globalBindHandleWorkerLoop]
[2026/07/25 00:03:45.446 +08:00] [INFO] [wait_group_wrapper.go:141] ["background process started"] [source=domain] [process=PlanReplayerTaskCollectHandle]
[2026/07/25 00:03:45.448 +08:00] [INFO] [wait_group_wrapper.go:141] ["background process started"] [source=domain] [process=PlanReplayerTaskDumpHandle]
[2026/07/25 00:03:45.448 +08:00] [INFO] [domain.go:1803] ["PlanReplayerTaskCollectHandle started"]
[2026/07/25 00:03:45.448 +08:00] [INFO] [wait_group_wrapper.go:141] ["background process started"] [source=domain] [process=dumpFileGcChecker]
[2026/07/25 00:03:45.448 +08:00] [INFO] [domain.go:1825] ["PlanReplayerTaskDumpHandle started"]
[2026/07/25 00:03:45.448 +08:00] [INFO] [wait_group_wrapper.go:141] ["background process started"] [source=domain] [process=HistoricalStatsWorker]
[2026/07/25 00:03:45.448 +08:00] [INFO] [domain.go:1857] ["dumpFileGcChecker started"]
[2026/07/25 00:03:45.448 +08:00] [INFO] [plan_replayer.go:407] ["planReplayerTaskDumpWorker started."]
[2026/07/25 00:03:45.448 +08:00] [INFO] [domain.go:1890] ["HistoricalStatsWorker started"]
[2026/07/25 00:03:45.448 +08:00] [INFO] [wait_group_wrapper.go:141] ["background process started"] [source=domain] [process=loadStatsWorker]
[2026/07/25 00:03:45.448 +08:00] [INFO] [manager.go:289] ["start campaign owner"] [key=/tidb/stats/owner] [id=16ac8e42-d04f-495e-a429-2dc006386f55]
[2026/07/25 00:03:45.448 +08:00] [INFO] [manager.go:527] ["get owner"] [key=/tidb/bindinfo/owner] ["owner key"=/tidb/bindinfo/owner/22319f94de415bd2] [ownerID=16ac8e42-d04f-495e-a429-2dc006386f55]
[2026/07/25 00:03:45.448 +08:00] [INFO] [manager.go:324] ["become owner"] [key=/tidb/bindinfo/owner] [id=16ac8e42-d04f-495e-a429-2dc006386f55]
[2026/07/25 00:03:45.448 +08:00] [INFO] [manager.go:616] ["watching owner key"] [key=/tidb/bindinfo/owner] [id=16ac8e42-d04f-495e-a429-2dc006386f55] [ownerKey=/tidb/bindinfo/owner/22319f94de415bd2] [currRev=223]
[2026/07/25 00:03:45.453 +08:00] [INFO] [wait_group_wrapper.go:141] ["background process started"] [source=domain] [process=indexUsageWorker]
[2026/07/25 00:03:45.453 +08:00] [INFO] [wait_group_wrapper.go:141] ["background process started"] [source=domain] [process=asyncLoadHistogram]
[2026/07/25 00:03:45.453 +08:00] [INFO] [wait_group_wrapper.go:141] ["background process started"] [source=domain] [process=deltaUpdateTickerWorker]
[2026/07/25 00:03:45.453 +08:00] [INFO] [wait_group_wrapper.go:141] ["background process started"] [source=domain] [process=dumpColStatsUsageWorker]
[2026/07/25 00:03:45.453 +08:00] [INFO] [wait_group_wrapper.go:141] ["background process started"] [source=domain] [process=gcStatsWorker]
[2026/07/25 00:03:45.453 +08:00] [INFO] [wait_group_wrapper.go:141] ["background process started"] [source=domain] [process=autoAnalyzeWorker]
[2026/07/25 00:03:45.453 +08:00] [INFO] [domain.go:2274] ["dumpColStatsUsageWorker started."]
[2026/07/25 00:03:45.453 +08:00] [INFO] [domain.go:2301] ["deltaUpdateTickerWorker started."]
[2026/07/25 00:03:45.453 +08:00] [INFO] [wait_group_wrapper.go:141] ["background process started"] [source=domain] [process=analyzeJobsCleanupWorker]
[2026/07/25 00:03:45.453 +08:00] [INFO] [domain.go:2058] ["start load stats sub workers"] [workerCount=6]
[2026/07/25 00:03:45.453 +08:00] [INFO] [wait_group_wrapper.go:141] ["background process started"] [source=domain] [process=planCacheEvictTrigger]
[2026/07/25 00:03:45.453 +08:00] [INFO] [wait_group_wrapper.go:141] ["background process started"] [source=domain] [process=planCacheMetricsAndVars]
[2026/07/25 00:03:45.453 +08:00] [INFO] [wait_group_wrapper.go:141] ["background process started"] [source=domain] [process=readTableCostWorker]
[2026/07/25 00:03:45.454 +08:00] [INFO] [wait_group_wrapper.go:141] ["background process started"] [source=domain] [process=loadSigningCertLoop]
[2026/07/25 00:03:45.454 +08:00] [INFO] [gc_worker.go:216] [start] [category="gc worker"] [uuid=67e537942540008]
[2026/07/25 00:03:45.454 +08:00] [INFO] [notifier.go:225] ["etcd notify loop to watch timer events started"] [EtcdKey=/tidb/timer/cluster/1/notify/67f11af6-64e2-4156-bed6-5755c94b3c34]
[2026/07/25 00:03:45.454 +08:00] [INFO] [task_manager.go:248] ["scale ttl worker"] [ttl-worker=job-manager] [ttl-worker=task-manager] [originalCount=0] [newCount=4]
[2026/07/25 00:03:45.458 +08:00] [INFO] [task_manager.go:248] ["scale ttl worker"] [ttl-worker=job-manager] [ttl-worker=task-manager] [originalCount=0] [newCount=4]
[2026/07/25 00:03:45.458 +08:00] [INFO] [job_manager.go:519] ["TTL leader to collect delay metrics"] [ttl-worker=job-manager]
[2026/07/25 00:03:45.458 +08:00] [INFO] [manager.go:527] ["get owner"] [key=/tidb/stats/owner] ["owner key"=/tidb/stats/owner/22319f94de415bd6] [ownerID=16ac8e42-d04f-495e-a429-2dc006386f55]
[2026/07/25 00:03:45.458 +08:00] [INFO] [manager.go:324] ["become owner"] [key=/tidb/stats/owner] [id=16ac8e42-d04f-495e-a429-2dc006386f55]
[2026/07/25 00:03:45.458 +08:00] [INFO] [manager.go:616] ["watching owner key"] [key=/tidb/stats/owner] [id=16ac8e42-d04f-495e-a429-2dc006386f55] [ownerKey=/tidb/stats/owner/22319f94de415bd6] [currRev=224]
[2026/07/25 00:03:45.461 +08:00] [INFO] [job_manager.go:1096] ["TTL leader to DoGC"] [ttl-worker=job-manager]
[2026/07/25 00:03:45.474 +08:00] [INFO] [gc_worker.go:444] ["another gc job has just finished, skipped."] [category="gc worker"] ["leaderTick on "=67e537942540008]
[2026/07/25 00:03:45.474 +08:00] [INFO] [domain.go:1204] ["initialize node resource"] [total-cpu=14] [total-mem=36GiB] [dxf-resource-limit=100] [dxf-usable-cpu=14] [dxf-usable-mem=36GiB] [total-disk=926.4GiB]
[2026/07/25 00:03:45.476 +08:00] [INFO] [wait_group_wrapper.go:141] ["background process started"] [source=domain] [process=distTaskFrameworkLoop]
[2026/07/25 00:03:45.476 +08:00] [INFO] [manager.go:124] ["task executor manager start"]
[2026/07/25 00:03:45.477 +08:00] [INFO] [domain.go:1220] ["dist task executor manager started"]
[2026/07/25 00:03:45.477 +08:00] [INFO] [rate_limiter_param.go:98] ["meta kv not found in meta store, initialized to default and persisted"] [key=maxBatchSplitRanges] [value=2048]
[2026/07/25 00:03:45.477 +08:00] [INFO] [rate_limiter_param.go:98] ["meta kv not found in meta store, initialized to default and persisted"] [key=maxSplitRangesPerSec] [value=0]
[2026/07/25 00:03:45.477 +08:00] [INFO] [rate_limiter_param.go:98] ["meta kv not found in meta store, initialized to default and persisted"] [key=maxIngestInflight] [value=0]
[2026/07/25 00:03:45.477 +08:00] [INFO] [rate_limiter_param.go:98] ["meta kv not found in meta store, initialized to default and persisted"] [key=maxIngestPerSec] [value=0]
[2026/07/25 00:03:46.454 +08:00] [INFO] [runtime.go:172] ["TimerGroupRuntime loop started"] [groupID=ttl]
[2026/07/25 00:03:46.454 +08:00] [INFO] [runtime.go:444] ["create watch chan if possible for timer runtime"] [groupID=ttl] [storeSupportWatch=true]
[2026/07/25 00:03:46.454 +08:00] [INFO] [notifier.go:140] ["new etcd watcher created to watch timer events"] [EtcdKey=/tidb/timer/cluster/1/notify/67f11af6-64e2-4156-bed6-5755c94b3c34] [watcherID=7c569bae-7d9c-4c96-bd89-50f9f3cdf9f5]
[2026/07/25 00:03:46.477 +08:00] [INFO] [slots.go:220] ["initialize slot capacity"] [capacity=14]
[2026/07/25 00:03:46.478 +08:00] [INFO] [scheduler_manager.go:217] ["schedule task loop start"]
[2026/07/25 00:03:46.478 +08:00] [INFO] [scheduler_manager.go:331] ["subtask table gc loop start"]
[2026/07/25 00:03:46.478 +08:00] [INFO] [scheduler_manager.go:544] ["collect loop start"]
[2026/07/25 00:03:46.478 +08:00] [INFO] [scheduler_manager.go:407] ["cleanup loop start"]
[2026/07/25 00:03:47.408 +08:00] [INFO] [info.go:988] [SetTiFlashGroupConfig]
[2026/07/25 00:03:47.408 +08:00] [WARN] [info.go:456] ["response not 200"] [method=GET] [host=127.0.0.1:2379] [url=/pd/api/v1/config/rule_group/tiflash] ["http status"=404]
[2026/07/25 00:03:47.832 +08:00] [INFO] [misc.go:624] ["TLS Certificates created"] [cert="/var/folders/zx/f9809dyn2m54rzv1vxmr52080000gn/T/501_tidb/MTI3LjAuMC4xOjQwMDAvMC4wLjAuMDoxMDA4MA==/tmp-storage/cert.pem"] [key="/var/folders/zx/f9809dyn2m54rzv1vxmr52080000gn/T/501_tidb/MTI3LjAuMC4xOjQwMDAvMC4wLjAuMDoxMDA4MA==/tmp-storage/key.pem"] [validity=2160h0m0s] [rsaKeySize=4096]
[2026/07/25 00:03:47.833 +08:00] [INFO] [misc.go:468] ["Enabled ciphersuites"] [cipherNames="[TLS_AES_128_GCM_SHA256,TLS_AES_256_GCM_SHA384,TLS_CHACHA20_POLY1305_SHA256,TLS_ECDHE_ECDSA_WITH_AES_128_CBC_SHA,TLS_ECDHE_ECDSA_WITH_AES_256_CBC_SHA,TLS_ECDHE_RSA_WITH_AES_128_CBC_SHA,TLS_ECDHE_RSA_WITH_AES_256_CBC_SHA,TLS_ECDHE_ECDSA_WITH_AES_128_GCM_SHA256,TLS_ECDHE_ECDSA_WITH_AES_256_GCM_SHA384,TLS_ECDHE_RSA_WITH_AES_128_GCM_SHA256,TLS_ECDHE_RSA_WITH_AES_256_GCM_SHA384,TLS_ECDHE_RSA_WITH_CHACHA20_POLY1305_SHA256,TLS_ECDHE_ECDSA_WITH_CHACHA20_POLY1305_SHA256]"]
[2026/07/25 00:03:47.833 +08:00] [INFO] [server.go:358] ["mysql protocol server secure connection is enabled"] ["client verification enabled"=false]
[2026/07/25 00:03:47.833 +08:00] [INFO] [cpu.go:97] ["sql cpu collector started"]
[2026/07/25 00:03:47.833 +08:00] [INFO] [http_status.go:109] ["for status and metrics report"] ["listening on addr"=0.0.0.0:10080]
[2026/07/25 00:03:47.834 +08:00] [INFO] [store.go:95] ["new store"] [path=tikv://127.0.0.1:2379]
[2026/07/25 00:03:47.835 +08:00] [INFO] [service_discovery.go:1030] ["[pd] switch leader"] [new-leader=http://127.0.0.1:2379] [old-leader=]
[2026/07/25 00:03:47.835 +08:00] [INFO] [service_discovery.go:509] ["[pd] init cluster id"] [cluster-id=7666125879708727181]
[2026/07/25 00:03:47.835 +08:00] [INFO] [client.go:214] ["[tso] switch the tso leader serving url"] [new-url=http://127.0.0.1:2379]
[2026/07/25 00:03:47.835 +08:00] [INFO] [inner_client.go:173] ["[pd] tso provider changed to pd"]
[2026/07/25 00:03:47.835 +08:00] [INFO] [dispatcher.go:146] ["[tso] tso dispatcher created"]
[2026/07/25 00:03:47.835 +08:00] [INFO] [watcher.go:56] ["[pd] start the deadline watcher"] [source=tso]
[2026/07/25 00:03:47.835 +08:00] [INFO] [client.go:251] ["[tso] start tso connection contexts updater"]
[2026/07/25 00:03:47.835 +08:00] [INFO] [dispatcher.go:598] ["[tso] switching tso rpc concurrency"] [old=0] [new=1]
[2026/07/25 00:03:47.835 +08:00] [INFO] [inner_client.go:154] ["[pd] service mode changed"] [new-mode=PD_SVC_MODE]
[2026/07/25 00:03:47.835 +08:00] [INFO] [router_service_discovery.go:162] ["[router service] created router service discovery"] [cluster-id=7666125879708727181] [keyspace-id=4294967295] [default-discovery-key=/ms/7666125879708727181/router/registry/]
[2026/07/25 00:03:47.835 +08:00] [INFO] [router_service_discovery.go:174] ["[router service] initializing router service discovery"] [max-retry-times=100] [retry-interval=1s]
[2026/07/25 00:03:47.835 +08:00] [INFO] [router_service_discovery.go:260] ["[router service] update member sorted urls"] [new-sorted-urls="[]"]
[2026/07/25 00:03:47.835 +08:00] [INFO] [router_service_discovery.go:245] ["[router service] updating nodes succeeded"] [urls="[]"] [clients-length=0]
[2026/07/25 00:03:47.835 +08:00] [INFO] [client.go:424] ["[router] connection daemon is started"]
[2026/07/25 00:03:47.835 +08:00] [INFO] [router_service_discovery.go:315] ["[router service] exit health check member loop"]
[2026/07/25 00:03:47.835 +08:00] [INFO] [client.go:585] ["[router] dispatcher is started"]
[2026/07/25 00:03:47.835 +08:00] [INFO] [client.go:277] ["[tso] exit tso connection contexts updater"]
[2026/07/25 00:03:47.835 +08:00] [INFO] [service_discovery.go:562] ["[pd] exit member loop due to context canceled"]
[2026/07/25 00:03:47.835 +08:00] [INFO] [client.go:587] ["[router] dispatcher is exiting"]
[2026/07/25 00:03:47.835 +08:00] [INFO] [stream.go:366] ["tsoStream.recvLoop ended"] [stream=127.0.0.1:2379-2] [error="rpc error: code = Canceled desc = context canceled"]
[2026/07/25 00:03:47.835 +08:00] [INFO] [client.go:592] ["[router] dispatcher exited"]
[2026/07/25 00:03:47.835 +08:00] [INFO] [dispatcher.go:207] ["[tso] stop fetching the pending tso requests due to context canceled"]
[2026/07/25 00:03:47.835 +08:00] [INFO] [dispatcher.go:149] ["[tso] exit tso dispatcher"]
[2026/07/25 00:03:47.835 +08:00] [INFO] [watcher.go:73] ["[pd] exit the deadline watcher"] [source=tso]
[2026/07/25 00:03:47.835 +08:00] [ERROR] [client.go:500] ["[router] failed to create the leader router stream connection"] [error="rpc error: code = Canceled desc = context canceled"]
[2026/07/25 00:03:47.835 +08:00] [WARN] [client.go:511] ["[router] failed to create the leader router stream connection"]
[2026/07/25 00:03:47.835 +08:00] [INFO] [client.go:430] ["[router] connection daemon is exiting"]
[2026/07/25 00:03:47.835 +08:00] [INFO] [inner_client.go:91] ["[pd] start router client initializer"]
[2026/07/25 00:03:47.835 +08:00] [INFO] [inner_client.go:96] ["[pd] exit router client initializer"]
[2026/07/25 00:03:47.835 +08:00] [INFO] [resource_manager_client.go:341] ["[resource manager] exit resource token dispatcher"]
[2026/07/25 00:03:47.835 +08:00] [INFO] [router_service_discovery.go:287] ["[router service] closing router service discovery"]
[2026/07/25 00:03:47.835 +08:00] [INFO] [router_service_discovery.go:273] ["[router service] exit check member loop"]
[2026/07/25 00:03:47.835 +08:00] [INFO] [router_service_discovery.go:303] ["[router service] is closed"]
[2026/07/25 00:03:47.835 +08:00] [INFO] [client.go:155] ["[tso] closing tso client"]
[2026/07/25 00:03:47.835 +08:00] [INFO] [client.go:160] ["[tso] close tso client"]
[2026/07/25 00:03:47.835 +08:00] [INFO] [client.go:162] ["[tso] tso client is closed"]
[2026/07/25 00:03:47.835 +08:00] [INFO] [service_discovery.go:653] ["[pd] close service discovery client"]
[2026/07/25 00:03:47.835 +08:00] [INFO] [inner_client.go:275] ["[pd] close client successfully"]
[2026/07/25 00:03:47.835 +08:00] [INFO] [store.go:104] ["new store with retry success"]
[2026/07/25 00:03:47.836 +08:00] [INFO] [manager.go:289] ["start campaign owner"] [key=tidb/autoid/leader] [id=127.0.0.1:10080]
[2026/07/25 00:03:47.840 +08:00] [INFO] [http_status.go:634] ["register auto service at"] [addr=127.0.0.1:10080]
[2026/07/25 00:03:47.846 +08:00] [INFO] [manager.go:527] ["get owner"] [key=tidb/autoid/leader] ["owner key"=tidb/autoid/leader/22319f94de415bff] [ownerID=127.0.0.1:10080]
[2026/07/25 00:03:47.846 +08:00] [INFO] [manager.go:324] ["become owner"] [key=tidb/autoid/leader] [id=127.0.0.1:10080]
[2026/07/25 00:03:47.846 +08:00] [INFO] [autoid.go:610] ["leader change of autoid service, this node become owner"] [addr=127.0.0.1:10080] [category="autoid service"]
[2026/07/25 00:03:47.846 +08:00] [INFO] [manager.go:616] ["watching owner key"] [key=tidb/autoid/leader] [id=127.0.0.1:10080] [ownerKey=tidb/autoid/leader/22319f94de415bff] [currRev=239]
[2026/07/25 00:03:47.862 +08:00] [INFO] [bootstrap.go:872] ["Complete loading the stats meta in the lite mode"] [category=stats] [duration=1.525125ms]
[2026/07/25 00:03:47.863 +08:00] [INFO] [bootstrap.go:879] ["Complete loading the histogram in the lite mode"] [category=stats] [duration=993.875µs]
[2026/07/25 00:03:47.863 +08:00] [INFO] [domain.go:2101] ["Init stats succeed"] [category=stats] [isLiteInitStats=true] [duration=2.414665s]
[2026/07/25 00:03:47.863 +08:00] [INFO] [domain.go:2235] ["gcStatsWorker started."]
[2026/07/25 00:03:47.863 +08:00] [INFO] [server.go:389] ["server is running MySQL protocol"] [addr=127.0.0.1:4000]
[2026/07/25 00:03:47.863 +08:00] [INFO] [server.go:403] ["server is running MySQL protocol"] [socket=/tmp/tidb-4000.sock]
[2026/07/25 00:03:50.879 +08:00] [INFO] [queue.go:570] ["Fetched all tables"] [category=stats] [tableCount=0] [duration=7.872041ms]
[2026/07/25 00:03:50.880 +08:00] [INFO] [queue.go:454] ["Priority queue initialized"] [category=stats] [duration=12.573458ms]
[2026/07/25 00:03:50.880 +08:00] [INFO] [refresher.go:199] ["No tables to analyze"] [category=stats] [sampled=]
[2026/07/25 00:03:57.430 +08:00] [INFO] [owner_daemon.go:56] ["daemon became owner"] [id=1ca63308-7be5-4e09-b0e6-1f2f7e050caa] [daemon-id=LogBackup::Advancer]
[2026/07/25 00:03:57.431 +08:00] [INFO] [advancer.go:650] ["Subscription handler spawned."] [category="log backup subscription manager"]
[2026/07/25 00:03:57.437 +08:00] [INFO] [advancer.go:290] ["refreshed TiKV log-backup.max-flush-interval for advancer intervals"] [previous-resolve-lock-interval=24s] [resolve-lock-interval=3m0s] [previous-try-advance-threshold=4m0s] [try-advance-threshold=4m0s]
[2026/07/25 00:04:27.654 +08:00] [INFO] [set.go:194] ["set global var"] [conn=1793064968] [name=tidb_enable_foreign_key] [val=1]
[2026/07/25 00:04:27.654 +08:00] [INFO] [session.go:5229] ["CRUCIAL OPERATION"] [conn=1793064968] [schemaVersion=57] [cur_db=] [sql="DROP DATABASE IF EXISTS ai_rename_fk"] [user=root@%]
[2026/07/25 00:04:27.657 +08:00] [INFO] [job_submitter.go:118] ["add DDL jobs"] [category=ddl] ["batch count"=1] [jobs="ID:117, Type:create schema, State:queueing, SchemaState:none, SchemaID:116, TableID:0, RowCount:0, ArgLen:1, start time: 2026-07-25 00:04:27.628 +0800 CST, Err:<nil>, ErrCount:0, SnapshotVersion:0, Version: v2; "] [fast_create=true]
[2026/07/25 00:04:27.657 +08:00] [INFO] [executor.go:7285] ["DDL job submitted"] [category=ddl] [job="ID:117, Type:create schema, State:queueing, SchemaState:none, SchemaID:116, TableID:0, RowCount:0, ArgLen:1, start time: 2026-07-25 00:04:27.628 +0800 CST, Err:<nil>, ErrCount:0, SnapshotVersion:0, Version: v2"] [query="CREATE DATABASE ai_rename_fk"]
[2026/07/25 00:04:27.658 +08:00] [INFO] [job_worker.go:854] ["run one job step"] [category=ddl] [jobID=117] [conn=1793064968] [job="ID:117, Type:create schema, State:queueing, SchemaState:none, SchemaID:116, TableID:0, RowCount:0, ArgLen:0, start time: 2026-07-25 00:04:27.628 +0800 CST, Err:<nil>, ErrCount:0, SnapshotVersion:0, Version: v2"]
[2026/07/25 00:04:27.666 +08:00] [INFO] [loader.go:216] ["diff load InfoSchema success"] [mode=auto] [isV2=true] [currVer=57] [neededVer=58] [gotVer=58] ["elapsed time"=215.541µs] [phyTblIDs="[]"] [actionTypes="[]"] [diffTypes="[\"create schema\"]"]
[2026/07/25 00:04:27.667 +08:00] [INFO] [syncer.go:281] ["mdl gets lock, update self version to owner"] [jobID=117] [version=58]
[2026/07/25 00:04:27.672 +08:00] [INFO] [schema_version.go:397] ["wait schema version synced success"] [category=ddl] [ver=58] [checkAssumedSvr=false] ["take time"=6.715ms] [job="ID:117, Type:create schema, State:done, SchemaState:public, SchemaID:116, TableID:0, RowCount:0, ArgLen:1, start time: 2026-07-25 00:04:27.628 +0800 CST, Err:<nil>, ErrCount:0, SnapshotVersion:0, Version: v2"] [summary="server count: 1"]
[2026/07/25 00:04:27.679 +08:00] [INFO] [job_worker.go:447] ["finish DDL job"] [category=ddl] [jobID=117] [conn=1793064968] [job="ID:117, Type:create schema, State:synced, SchemaState:public, SchemaID:116, TableID:0, RowCount:0, ArgLen:0, start time: 2026-07-25 00:04:27.628 +0800 CST, Err:<nil>, ErrCount:0, SnapshotVersion:0, Version: v2"]
[2026/07/25 00:04:27.686 +08:00] [INFO] [executor.go:7423] ["DDL job is finished"] [category=ddl] [jobID=117]
[2026/07/25 00:04:27.686 +08:00] [INFO] [session.go:5229] ["CRUCIAL OPERATION"] [conn=1793064968] [schemaVersion=58] [cur_db=] [sql="CREATE DATABASE ai_rename_fk"] [user=root@%]
[2026/07/25 00:04:27.702 +08:00] [INFO] [job_submitter.go:118] ["add DDL jobs"] [category=ddl] ["batch count"=1] [jobs="ID:119, Type:create table, State:queueing, SchemaState:none, SchemaID:116, TableID:118, RowCount:0, ArgLen:1, start time: 2026-07-25 00:04:27.677 +0800 CST, Err:<nil>, ErrCount:0, SnapshotVersion:0, Version: v2; "] [fast_create=true]
[2026/07/25 00:04:27.702 +08:00] [INFO] [executor.go:7285] ["DDL job submitted"] [category=ddl] [job="ID:119, Type:create table, State:queueing, SchemaState:none, SchemaID:116, TableID:118, RowCount:0, ArgLen:1, start time: 2026-07-25 00:04:27.677 +0800 CST, Err:<nil>, ErrCount:0, SnapshotVersion:0, Version: v2"] [query="CREATE TABLE p1 (id INT PRIMARY KEY)"]
[2026/07/25 00:04:27.702 +08:00] [INFO] [lock_resolver.go:1631] ["txn lock cleanup resolve-lock rpc finished"] [action=commit] [txnStartTS=467903202637119499] [commitTS=467903202637119500] [regionID=128] [resolveLite=true] [resolvedByCheckTxnStatus=false]
[2026/07/25 00:04:27.703 +08:00] [INFO] [job_worker.go:854] ["run one job step"] [category=ddl] [jobID=119] [conn=1793064968] [job="ID:119, Type:create table, State:queueing, SchemaState:none, SchemaID:116, TableID:118, RowCount:0, ArgLen:0, start time: 2026-07-25 00:04:27.677 +0800 CST, Err:<nil>, ErrCount:0, SnapshotVersion:0, Version: v2"]
[2026/07/25 00:04:27.712 +08:00] [INFO] [loader.go:216] ["diff load InfoSchema success"] [mode=auto] [isV2=true] [currVer=58] [neededVer=59] [gotVer=59] ["elapsed time"=266.916µs] [phyTblIDs="[118]"] [actionTypes="[3]"] [diffTypes="[\"create table\"]"]
[2026/07/25 00:04:27.712 +08:00] [INFO] [syncer.go:281] ["mdl gets lock, update self version to owner"] [jobID=119] [version=59]
[2026/07/25 00:04:27.717 +08:00] [INFO] [schema_version.go:397] ["wait schema version synced success"] [category=ddl] [ver=59] [checkAssumedSvr=false] ["take time"=6.056125ms] [job="ID:119, Type:create table, State:done, SchemaState:public, SchemaID:116, TableID:118, RowCount:0, ArgLen:1, start time: 2026-07-25 00:04:27.677 +0800 CST, Err:<nil>, ErrCount:0, SnapshotVersion:0, Version: v2"] [summary="server count: 1"]
[2026/07/25 00:04:27.719 +08:00] [INFO] [job_worker.go:447] ["finish DDL job"] [category=ddl] [jobID=119] [conn=1793064968] [job="ID:119, Type:create table, State:synced, SchemaState:public, SchemaID:116, TableID:118, RowCount:0, ArgLen:0, start time: 2026-07-25 00:04:27.677 +0800 CST, Err:<nil>, ErrCount:0, SnapshotVersion:0, Version: v2"]
[2026/07/25 00:04:27.721 +08:00] [INFO] [executor.go:7423] ["DDL job is finished"] [category=ddl] [jobID=119]
[2026/07/25 00:04:27.721 +08:00] [INFO] [split_region.go:86] ["split batch regions request"] ["split key count"=1] ["batch count"=1] ["first batch, region ID"=16] ["first split key"=748000000000000076]
[2026/07/25 00:04:27.721 +08:00] [INFO] [session.go:5229] ["CRUCIAL OPERATION"] [conn=1793064968] [schemaVersion=59] [cur_db=ai_rename_fk] [sql="CREATE TABLE p1 (id INT PRIMARY KEY)"] [user=root@%]
[2026/07/25 00:04:27.731 +08:00] [INFO] [split_region.go:192] ["batch split regions complete"] ["batch region ID"=16] ["first at"=748000000000000076] ["first new region left"="{Id:132 StartKey:7480000000000000FF7000000000000000F8 EndKey:7480000000000000FF7600000000000000F8 RegionEpoch:{ConfVer:1 Version:64} Peers:[id:133 store_id:1 ] EncryptionMeta:<nil> IsInFlashback:false FlashbackStartTs:0}"] ["new region count"=1]
[2026/07/25 00:04:27.731 +08:00] [INFO] [split_region.go:241] ["split regions complete"] ["region count"=1] ["region IDs"="[132]"]
[2026/07/25 00:04:27.731 +08:00] [INFO] [job_submitter.go:118] ["add DDL jobs"] [category=ddl] ["batch count"=1] [jobs="ID:121, Type:create table, State:queueing, SchemaState:none, SchemaID:116, TableID:120, RowCount:0, ArgLen:1, start time: 2026-07-25 00:04:27.677 +0800 CST, Err:<nil>, ErrCount:0, SnapshotVersion:0, Version: v2; "] [fast_create=true]
[2026/07/25 00:04:27.731 +08:00] [INFO] [executor.go:7285] ["DDL job submitted"] [category=ddl] [job="ID:121, Type:create table, State:queueing, SchemaState:none, SchemaID:116, TableID:120, RowCount:0, ArgLen:1, start time: 2026-07-25 00:04:27.677 +0800 CST, Err:<nil>, ErrCount:0, SnapshotVersion:0, Version: v2"] [query="CREATE TABLE p2 (id INT PRIMARY KEY)"]
[2026/07/25 00:04:27.731 +08:00] [INFO] [lock_resolver.go:1631] ["txn lock cleanup resolve-lock rpc finished"] [action=commit] [txnStartTS=467903202637119521] [commitTS=467903202637119523] [regionID=128] [resolveLite=true] [resolvedByCheckTxnStatus=false]
[2026/07/25 00:04:27.732 +08:00] [INFO] [job_worker.go:854] ["run one job step"] [category=ddl] [jobID=121] [conn=1793064968] [job="ID:121, Type:create table, State:queueing, SchemaState:none, SchemaID:116, TableID:120, RowCount:0, ArgLen:0, start time: 2026-07-25 00:04:27.677 +0800 CST, Err:<nil>, ErrCount:0, SnapshotVersion:0, Version: v2"]
[2026/07/25 00:04:27.741 +08:00] [INFO] [loader.go:216] ["diff load InfoSchema success"] [mode=auto] [isV2=true] [currVer=59] [neededVer=60] [gotVer=60] ["elapsed time"=239.917µs] [phyTblIDs="[120]"] [actionTypes="[3]"] [diffTypes="[\"create table\"]"]
[2026/07/25 00:04:27.741 +08:00] [INFO] [syncer.go:281] ["mdl gets lock, update self version to owner"] [jobID=121] [version=60]
[2026/07/25 00:04:27.746 +08:00] [INFO] [schema_version.go:397] ["wait schema version synced success"] [category=ddl] [ver=60] [checkAssumedSvr=false] ["take time"=6.166209ms] [job="ID:121, Type:create table, State:done, SchemaState:public, SchemaID:116, TableID:120, RowCount:0, ArgLen:1, start time: 2026-07-25 00:04:27.677 +0800 CST, Err:<nil>, ErrCount:0, SnapshotVersion:0, Version: v2"] [summary="server count: 1"]
[2026/07/25 00:04:27.748 +08:00] [INFO] [job_worker.go:447] ["finish DDL job"] [category=ddl] [jobID=121] [conn=1793064968] [job="ID:121, Type:create table, State:synced, SchemaState:public, SchemaID:116, TableID:120, RowCount:0, ArgLen:0, start time: 2026-07-25 00:04:27.677 +0800 CST, Err:<nil>, ErrCount:0, SnapshotVersion:0, Version: v2"]
[2026/07/25 00:04:27.750 +08:00] [INFO] [executor.go:7423] ["DDL job is finished"] [category=ddl] [jobID=121]
[2026/07/25 00:04:27.750 +08:00] [INFO] [split_region.go:86] ["split batch regions request"] ["split key count"=1] ["batch count"=1] ["first batch, region ID"=16] ["first split key"=748000000000000078]
[2026/07/25 00:04:27.750 +08:00] [INFO] [session.go:5229] ["CRUCIAL OPERATION"] [conn=1793064968] [schemaVersion=60] [cur_db=ai_rename_fk] [sql="CREATE TABLE p2 (id INT PRIMARY KEY)"] [user=root@%]
[2026/07/25 00:04:27.759 +08:00] [INFO] [split_region.go:192] ["batch split regions complete"] ["batch region ID"=16] ["first at"=748000000000000078] ["first new region left"="{Id:134 StartKey:7480000000000000FF7600000000000000F8 EndKey:7480000000000000FF7800000000000000F8 RegionEpoch:{ConfVer:1 Version:65} Peers:[id:135 store_id:1 ] EncryptionMeta:<nil> IsInFlashback:false FlashbackStartTs:0}"] ["new region count"=1]
[2026/07/25 00:04:27.759 +08:00] [INFO] [split_region.go:241] ["split regions complete"] ["region count"=1] ["region IDs"="[134]"]
[2026/07/25 00:04:27.759 +08:00] [INFO] [job_submitter.go:118] ["add DDL jobs"] [category=ddl] ["batch count"=1] [jobs="ID:123, Type:create table, State:queueing, SchemaState:none, SchemaID:116, TableID:122, RowCount:0, ArgLen:1, start time: 2026-07-25 00:04:27.727 +0800 CST, Err:<nil>, ErrCount:0, SnapshotVersion:0, Version: v2; "] [fast_create=true]
[2026/07/25 00:04:27.759 +08:00] [INFO] [executor.go:7285] ["DDL job submitted"] [category=ddl] [job="ID:123, Type:create table, State:queueing, SchemaState:none, SchemaID:116, TableID:122, RowCount:0, ArgLen:1, start time: 2026-07-25 00:04:27.727 +0800 CST, Err:<nil>, ErrCount:0, SnapshotVersion:0, Version: v2"] [query="CREATE TABLE p3 (id INT PRIMARY KEY)"]
[2026/07/25 00:04:27.759 +08:00] [INFO] [lock_resolver.go:1631] ["txn lock cleanup resolve-lock rpc finished"] [action=commit] [txnStartTS=467903202650226709] [commitTS=467903202650226711] [regionID=128] [resolveLite=true] [resolvedByCheckTxnStatus=false]
[2026/07/25 00:04:27.760 +08:00] [INFO] [job_worker.go:854] ["run one job step"] [category=ddl] [jobID=123] [conn=1793064968] [job="ID:123, Type:create table, State:queueing, SchemaState:none, SchemaID:116, TableID:122, RowCount:0, ArgLen:0, start time: 2026-07-25 00:04:27.727 +0800 CST, Err:<nil>, ErrCount:0, SnapshotVersion:0, Version: v2"]
[2026/07/25 00:04:27.768 +08:00] [INFO] [loader.go:216] ["diff load InfoSchema success"] [mode=auto] [isV2=true] [currVer=60] [neededVer=61] [gotVer=61] ["elapsed time"=321.166µs] [phyTblIDs="[122]"] [actionTypes="[3]"] [diffTypes="[\"create table\"]"]
[2026/07/25 00:04:27.769 +08:00] [INFO] [syncer.go:281] ["mdl gets lock, update self version to owner"] [jobID=123] [version=61]
[2026/07/25 00:04:27.773 +08:00] [INFO] [schema_version.go:397] ["wait schema version synced success"] [category=ddl] [ver=61] [checkAssumedSvr=false] ["take time"=5.785625ms] [job="ID:123, Type:create table, State:done, SchemaState:public, SchemaID:116, TableID:122, RowCount:0, ArgLen:1, start time: 2026-07-25 00:04:27.727 +0800 CST, Err:<nil>, ErrCount:0, SnapshotVersion:0, Version: v2"] [summary="server count: 1"]
[2026/07/25 00:04:27.775 +08:00] [INFO] [job_worker.go:447] ["finish DDL job"] [category=ddl] [jobID=123] [conn=1793064968] [job="ID:123, Type:create table, State:synced, SchemaState:public, SchemaID:116, TableID:122, RowCount:0, ArgLen:0, start time: 2026-07-25 00:04:27.727 +0800 CST, Err:<nil>, ErrCount:0, SnapshotVersion:0, Version: v2"]
[2026/07/25 00:04:27.777 +08:00] [INFO] [executor.go:7423] ["DDL job is finished"] [category=ddl] [jobID=123]
[2026/07/25 00:04:27.777 +08:00] [INFO] [split_region.go:86] ["split batch regions request"] ["split key count"=1] ["batch count"=1] ["first batch, region ID"=16] ["first split key"=74800000000000007A]
[2026/07/25 00:04:27.777 +08:00] [INFO] [session.go:5229] ["CRUCIAL OPERATION"] [conn=1793064968] [schemaVersion=61] [cur_db=ai_rename_fk] [sql="CREATE TABLE p3 (id INT PRIMARY KEY)"] [user=root@%]
[2026/07/25 00:04:27.786 +08:00] [INFO] [split_region.go:192] ["batch split regions complete"] ["batch region ID"=16] ["first at"=74800000000000007A] ["first new region left"="{Id:136 StartKey:7480000000000000FF7800000000000000F8 EndKey:7480000000000000FF7A00000000000000F8 RegionEpoch:{ConfVer:1 Version:66} Peers:[id:137 store_id:1 ] EncryptionMeta:<nil> IsInFlashback:false FlashbackStartTs:0}"] ["new region count"=1]
[2026/07/25 00:04:27.786 +08:00] [INFO] [split_region.go:241] ["split regions complete"] ["region count"=1] ["region IDs"="[136]"]
[2026/07/25 00:04:27.786 +08:00] [INFO] [job_submitter.go:118] ["add DDL jobs"] [category=ddl] ["batch count"=1] [jobs="ID:125, Type:create table, State:queueing, SchemaState:none, SchemaID:116, TableID:124, RowCount:0, ArgLen:1, start time: 2026-07-25 00:04:27.777 +0800 CST, Err:<nil>, ErrCount:0, SnapshotVersion:0, Version: v2; "] [fast_create=true]
[2026/07/25 00:04:27.786 +08:00] [INFO] [executor.go:7285] ["DDL job submitted"] [category=ddl] [job="ID:125, Type:create table, State:queueing, SchemaState:none, SchemaID:116, TableID:124, RowCount:0, ArgLen:1, start time: 2026-07-25 00:04:27.777 +0800 CST, Err:<nil>, ErrCount:0, SnapshotVersion:0, Version: v2"] [query="CREATE TABLE c1 (\n  id INT PRIMARY KEY,\n  pid INT,\n  INDEX (pid),\n  CONSTRAINT fk_c1 FOREIGN KEY (pid) REFERENCES p1(id)\n)"]
[2026/07/25 00:04:27.786 +08:00] [INFO] [lock_resolver.go:1631] ["txn lock cleanup resolve-lock rpc finished"] [action=commit] [txnStartTS=467903202663333890] [commitTS=467903202663333892] [regionID=128] [resolveLite=true] [resolvedByCheckTxnStatus=false]
[2026/07/25 00:04:27.787 +08:00] [INFO] [job_worker.go:854] ["run one job step"] [category=ddl] [jobID=125] [conn=1793064968] [job="ID:125, Type:create table, State:queueing, SchemaState:none, SchemaID:116, TableID:124, RowCount:0, ArgLen:0, start time: 2026-07-25 00:04:27.777 +0800 CST, Err:<nil>, ErrCount:0, SnapshotVersion:0, Version: v2"]
[2026/07/25 00:04:27.795 +08:00] [INFO] [loader.go:216] ["diff load InfoSchema success"] [mode=auto] [isV2=true] [currVer=61] [neededVer=62] [gotVer=62] ["elapsed time"=271.5µs] [phyTblIDs="[124]"] [actionTypes="[3]"] [diffTypes="[\"create table\"]"]
[2026/07/25 00:04:27.795 +08:00] [INFO] [syncer.go:281] ["mdl gets lock, update self version to owner"] [jobID=125] [version=62]
[2026/07/25 00:04:27.808 +08:00] [INFO] [schema_version.go:397] ["wait schema version synced success"] [category=ddl] [ver=62] [checkAssumedSvr=false] ["take time"=13.884166ms] [job="ID:125, Type:create table, State:running, SchemaState:delete only, SchemaID:116, TableID:124, RowCount:0, ArgLen:1, start time: 2026-07-25 00:04:27.777 +0800 CST, Err:<nil>, ErrCount:0, SnapshotVersion:0, Version: v2"] [summary="server count: 1"]
[2026/07/25 00:04:27.810 +08:00] [INFO] [job_worker.go:854] ["run one job step"] [category=ddl] [jobID=125] [conn=1793064968] [job="ID:125, Type:create table, State:running, SchemaState:delete only, SchemaID:116, TableID:124, RowCount:0, ArgLen:0, start time: 2026-07-25 00:04:27.777 +0800 CST, Err:<nil>, ErrCount:0, SnapshotVersion:0, Version: v2"]
[2026/07/25 00:04:27.819 +08:00] [INFO] [loader.go:216] ["diff load InfoSchema success"] [mode=auto] [isV2=true] [currVer=62] [neededVer=63] [gotVer=63] ["elapsed time"=322.75µs] [phyTblIDs="[124]"] [actionTypes="[3]"] [diffTypes="[\"create table\"]"]
[2026/07/25 00:04:27.820 +08:00] [INFO] [syncer.go:281] ["mdl gets lock, update self version to owner"] [jobID=125] [version=63]
[2026/07/25 00:04:27.824 +08:00] [INFO] [schema_version.go:397] ["wait schema version synced success"] [category=ddl] [ver=63] [checkAssumedSvr=false] ["take time"=5.923125ms] [job="ID:125, Type:create table, State:done, SchemaState:public, SchemaID:116, TableID:124, RowCount:0, ArgLen:1, start time: 2026-07-25 00:04:27.777 +0800 CST, Err:<nil>, ErrCount:0, SnapshotVersion:0, Version: v2"] [summary="server count: 1"]
[2026/07/25 00:04:27.825 +08:00] [INFO] [job_worker.go:447] ["finish DDL job"] [category=ddl] [jobID=125] [conn=1793064968] [job="ID:125, Type:create table, State:synced, SchemaState:public, SchemaID:116, TableID:124, RowCount:0, ArgLen:0, start time: 2026-07-25 00:04:27.777 +0800 CST, Err:<nil>, ErrCount:0, SnapshotVersion:0, Version: v2"]
[2026/07/25 00:04:27.827 +08:00] [INFO] [executor.go:7423] ["DDL job is finished"] [category=ddl] [jobID=125]
[2026/07/25 00:04:27.827 +08:00] [INFO] [split_region.go:86] ["split batch regions request"] ["split key count"=1] ["batch count"=1] ["first batch, region ID"=16] ["first split key"=74800000000000007C]
[2026/07/25 00:04:27.827 +08:00] [INFO] [session.go:5229] ["CRUCIAL OPERATION"] [conn=1793064968] [schemaVersion=63] [cur_db=ai_rename_fk] [sql="CREATE TABLE c1 (\n  id INT PRIMARY KEY,\n  pid INT,\n  INDEX (pid),\n  CONSTRAINT fk_c1 FOREIGN KEY (pid) REFERENCES p1(id)\n)"] [user=root@%]
[2026/07/25 00:04:27.837 +08:00] [INFO] [split_region.go:192] ["batch split regions complete"] ["batch region ID"=16] ["first at"=74800000000000007C] ["first new region left"="{Id:138 StartKey:7480000000000000FF7A00000000000000F8 EndKey:7480000000000000FF7C00000000000000F8 RegionEpoch:{ConfVer:1 Version:67} Peers:[id:139 store_id:1 ] EncryptionMeta:<nil> IsInFlashback:false FlashbackStartTs:0}"] ["new region count"=1]
[2026/07/25 00:04:27.837 +08:00] [INFO] [split_region.go:241] ["split regions complete"] ["region count"=1] ["region IDs"="[138]"]
[2026/07/25 00:04:27.840 +08:00] [INFO] [job_submitter.go:118] ["add DDL jobs"] [category=ddl] ["batch count"=1] [jobs="ID:126, Type:rename tables, State:queueing, SchemaState:none, SchemaID:116, TableID:118, RowCount:0, ArgLen:1, start time: 2026-07-25 00:04:27.827 +0800 CST, Err:<nil>, ErrCount:0, SnapshotVersion:0, Version: v2; "] [fast_create=true]
[2026/07/25 00:04:27.840 +08:00] [INFO] [executor.go:7285] ["DDL job submitted"] [category=ddl] [job="ID:126, Type:rename tables, State:queueing, SchemaState:none, SchemaID:116, TableID:118, RowCount:0, ArgLen:1, start time: 2026-07-25 00:04:27.827 +0800 CST, Err:<nil>, ErrCount:0, SnapshotVersion:0, Version: v2"] [query="RENAME TABLE p1 TO tmp, p2 TO p1, tmp TO p2, p3 TO tmp"]
[2026/07/25 00:04:27.841 +08:00] [INFO] [job_worker.go:854] ["run one job step"] [category=ddl] [jobID=126] [conn=1793064968] [job="ID:126, Type:rename tables, State:queueing, SchemaState:none, SchemaID:116, TableID:118, RowCount:0, ArgLen:0, start time: 2026-07-25 00:04:27.827 +0800 CST, Err:<nil>, ErrCount:0, SnapshotVersion:0, Version: v2"]
[2026/07/25 00:04:27.875 +08:00] [INFO] [loader.go:216] ["diff load InfoSchema success"] [mode=auto] [isV2=true] [currVer=63] [neededVer=64] [gotVer=64] ["elapsed time"=745.291µs] [phyTblIDs="[118,120,118,122,124]"] [actionTypes="[47,47,47,47,47]"] [diffTypes="[\"rename tables\"]"]
[2026/07/25 00:04:27.876 +08:00] [INFO] [syncer.go:281] ["mdl gets lock, update self version to owner"] [jobID=126] [version=64]
[2026/07/25 00:04:27.881 +08:00] [INFO] [schema_version.go:397] ["wait schema version synced success"] [category=ddl] [ver=64] [checkAssumedSvr=false] ["take time"=7.016708ms] [job="ID:126, Type:rename tables, State:running, SchemaState:public, SchemaID:116, TableID:122, RowCount:0, ArgLen:1, start time: 2026-07-25 00:04:27.827 +0800 CST, Err:<nil>, ErrCount:0, SnapshotVersion:0, Version: v2"] [summary="server count: 1"]
[2026/07/25 00:04:27.883 +08:00] [INFO] [job_worker.go:854] ["run one job step"] [category=ddl] [jobID=126] [conn=1793064968] [job="ID:126, Type:rename tables, State:running, SchemaState:public, SchemaID:116, TableID:122, RowCount:0, ArgLen:0, start time: 2026-07-25 00:04:27.827 +0800 CST, Err:<nil>, ErrCount:0, SnapshotVersion:0, Version: v2"]
[2026/07/25 00:04:27.897 +08:00] [INFO] [loader.go:216] ["diff load InfoSchema success"] [mode=auto] [isV2=true] [currVer=64] [neededVer=65] [gotVer=65] ["elapsed time"=530.292µs] [phyTblIDs="[118,120,118,122]"] [actionTypes="[47,47,47,47]"] [diffTypes="[\"rename tables\"]"]
[2026/07/25 00:04:27.898 +08:00] [INFO] [syncer.go:281] ["mdl gets lock, update self version to owner"] [jobID=126] [version=65]
[2026/07/25 00:04:27.902 +08:00] [INFO] [schema_version.go:397] ["wait schema version synced success"] [category=ddl] [ver=65] [checkAssumedSvr=false] ["take time"=5.905708ms] [job="ID:126, Type:rename tables, State:done, SchemaState:public, SchemaID:116, TableID:122, RowCount:0, ArgLen:1, start time: 2026-07-25 00:04:27.827 +0800 CST, Err:<nil>, ErrCount:0, SnapshotVersion:0, Version: v2"] [summary="server count: 1"]
[2026/07/25 00:04:27.904 +08:00] [INFO] [job_worker.go:447] ["finish DDL job"] [category=ddl] [jobID=126] [conn=1793064968] [job="ID:126, Type:rename tables, State:synced, SchemaState:public, SchemaID:116, TableID:122, RowCount:0, ArgLen:0, start time: 2026-07-25 00:04:27.827 +0800 CST, Err:<nil>, ErrCount:0, SnapshotVersion:0, Version: v2"]
[2026/07/25 00:04:27.906 +08:00] [INFO] [executor.go:7423] ["DDL job is finished"] [category=ddl] [jobID=126]
[2026/07/25 00:04:27.906 +08:00] [INFO] [session.go:5229] ["CRUCIAL OPERATION"] [conn=1793064968] [schemaVersion=65] [cur_db=ai_rename_fk] [sql="RENAME TABLE p1 TO tmp, p2 TO p1, tmp TO p2, p3 TO tmp"] [user=root@%]
[2026/07/25 00:04:27.931 +08:00] [INFO] [job_submitter.go:118] ["add DDL jobs"] [category=ddl] ["batch count"=1] [jobs="ID:128, Type:create table, State:queueing, SchemaState:none, SchemaID:116, TableID:127, RowCount:0, ArgLen:1, start time: 2026-07-25 00:04:27.928 +0800 CST, Err:<nil>, ErrCount:0, SnapshotVersion:0, Version: v2; "] [fast_create=true]
[2026/07/25 00:04:27.931 +08:00] [INFO] [executor.go:7285] ["DDL job submitted"] [category=ddl] [job="ID:128, Type:create table, State:queueing, SchemaState:none, SchemaID:116, TableID:127, RowCount:0, ArgLen:1, start time: 2026-07-25 00:04:27.928 +0800 CST, Err:<nil>, ErrCount:0, SnapshotVersion:0, Version: v2"] [query="CREATE TABLE parent_old (id INT PRIMARY KEY)"]
[2026/07/25 00:04:27.932 +08:00] [INFO] [job_worker.go:854] ["run one job step"] [category=ddl] [jobID=128] [conn=1793064968] [job="ID:128, Type:create table, State:queueing, SchemaState:none, SchemaID:116, TableID:127, RowCount:0, ArgLen:0, start time: 2026-07-25 00:04:27.928 +0800 CST, Err:<nil>, ErrCount:0, SnapshotVersion:0, Version: v2"]
[2026/07/25 00:04:27.940 +08:00] [INFO] [loader.go:216] ["diff load InfoSchema success"] [mode=auto] [isV2=true] [currVer=65] [neededVer=66] [gotVer=66] ["elapsed time"=251.833µs] [phyTblIDs="[127]"] [actionTypes="[3]"] [diffTypes="[\"create table\"]"]
[2026/07/25 00:04:27.940 +08:00] [INFO] [syncer.go:281] ["mdl gets lock, update self version to owner"] [jobID=128] [version=66]
[2026/07/25 00:04:27.945 +08:00] [INFO] [schema_version.go:397] ["wait schema version synced success"] [category=ddl] [ver=66] [checkAssumedSvr=false] ["take time"=5.926417ms] [job="ID:128, Type:create table, State:done, SchemaState:public, SchemaID:116, TableID:127, RowCount:0, ArgLen:1, start time: 2026-07-25 00:04:27.928 +0800 CST, Err:<nil>, ErrCount:0, SnapshotVersion:0, Version: v2"] [summary="server count: 1"]
[2026/07/25 00:04:27.947 +08:00] [INFO] [job_worker.go:447] ["finish DDL job"] [category=ddl] [jobID=128] [conn=1793064968] [job="ID:128, Type:create table, State:synced, SchemaState:public, SchemaID:116, TableID:127, RowCount:0, ArgLen:0, start time: 2026-07-25 00:04:27.928 +0800 CST, Err:<nil>, ErrCount:0, SnapshotVersion:0, Version: v2"]
[2026/07/25 00:04:27.948 +08:00] [INFO] [executor.go:7423] ["DDL job is finished"] [category=ddl] [jobID=128]
[2026/07/25 00:04:27.948 +08:00] [INFO] [session.go:5229] ["CRUCIAL OPERATION"] [conn=1793064968] [schemaVersion=66] [cur_db=ai_rename_fk] [sql="CREATE TABLE parent_old (id INT PRIMARY KEY)"] [user=root@%]
[2026/07/25 00:04:27.948 +08:00] [INFO] [split_region.go:86] ["split batch regions request"] ["split key count"=1] ["batch count"=1] ["first batch, region ID"=16] ["first split key"=74800000000000007F]
[2026/07/25 00:04:27.957 +08:00] [INFO] [split_region.go:192] ["batch split regions complete"] ["batch region ID"=16] ["first at"=74800000000000007F] ["first new region left"="{Id:140 StartKey:7480000000000000FF7C00000000000000F8 EndKey:7480000000000000FF7F00000000000000F8 RegionEpoch:{ConfVer:1 Version:68} Peers:[id:141 store_id:1 ] EncryptionMeta:<nil> IsInFlashback:false FlashbackStartTs:0}"] ["new region count"=1]
[2026/07/25 00:04:27.957 +08:00] [INFO] [split_region.go:241] ["split regions complete"] ["region count"=1] ["region IDs"="[140]"]
[2026/07/25 00:04:27.958 +08:00] [INFO] [job_submitter.go:118] ["add DDL jobs"] [category=ddl] ["batch count"=1] [jobs="ID:130, Type:create table, State:queueing, SchemaState:none, SchemaID:116, TableID:129, RowCount:0, ArgLen:1, start time: 2026-07-25 00:04:27.928 +0800 CST, Err:<nil>, ErrCount:0, SnapshotVersion:0, Version: v2; "] [fast_create=true]
[2026/07/25 00:04:27.958 +08:00] [INFO] [executor.go:7285] ["DDL job submitted"] [category=ddl] [job="ID:130, Type:create table, State:queueing, SchemaState:none, SchemaID:116, TableID:129, RowCount:0, ArgLen:1, start time: 2026-07-25 00:04:27.928 +0800 CST, Err:<nil>, ErrCount:0, SnapshotVersion:0, Version: v2"] [query="CREATE TABLE child (\n  id INT PRIMARY KEY,\n  pid INT,\n  INDEX (pid),\n  CONSTRAINT fk_child FOREIGN KEY (pid) REFERENCES parent_old(id)\n)"]
[2026/07/25 00:04:27.958 +08:00] [INFO] [job_worker.go:854] ["run one job step"] [category=ddl] [jobID=130] [conn=1793064968] [job="ID:130, Type:create table, State:queueing, SchemaState:none, SchemaID:116, TableID:129, RowCount:0, ArgLen:0, start time: 2026-07-25 00:04:27.928 +0800 CST, Err:<nil>, ErrCount:0, SnapshotVersion:0, Version: v2"]
[2026/07/25 00:04:27.967 +08:00] [INFO] [loader.go:216] ["diff load InfoSchema success"] [mode=auto] [isV2=true] [currVer=66] [neededVer=67] [gotVer=67] ["elapsed time"=336.417µs] [phyTblIDs="[129]"] [actionTypes="[3]"] [diffTypes="[\"create table\"]"]
[2026/07/25 00:04:27.968 +08:00] [INFO] [syncer.go:281] ["mdl gets lock, update self version to owner"] [jobID=130] [version=67]
[2026/07/25 00:04:27.973 +08:00] [INFO] [schema_version.go:397] ["wait schema version synced success"] [category=ddl] [ver=67] [checkAssumedSvr=false] ["take time"=7.3015ms] [job="ID:130, Type:create table, State:running, SchemaState:delete only, SchemaID:116, TableID:129, RowCount:0, ArgLen:1, start time: 2026-07-25 00:04:27.928 +0800 CST, Err:<nil>, ErrCount:0, SnapshotVersion:0, Version: v2"] [summary="server count: 1"]
[2026/07/25 00:04:27.975 +08:00] [INFO] [job_worker.go:854] ["run one job step"] [category=ddl] [jobID=130] [conn=1793064968] [job="ID:130, Type:create table, State:running, SchemaState:delete only, SchemaID:116, TableID:129, RowCount:0, ArgLen:0, start time: 2026-07-25 00:04:27.928 +0800 CST, Err:<nil>, ErrCount:0, SnapshotVersion:0, Version: v2"]
[2026/07/25 00:04:27.983 +08:00] [INFO] [loader.go:216] ["diff load InfoSchema success"] [mode=auto] [isV2=true] [currVer=67] [neededVer=68] [gotVer=68] ["elapsed time"=284.542µs] [phyTblIDs="[129]"] [actionTypes="[3]"] [diffTypes="[\"create table\"]"]
[2026/07/25 00:04:27.983 +08:00] [INFO] [syncer.go:281] ["mdl gets lock, update self version to owner"] [jobID=130] [version=68]
[2026/07/25 00:04:27.988 +08:00] [INFO] [schema_version.go:397] ["wait schema version synced success"] [category=ddl] [ver=68] [checkAssumedSvr=false] ["take time"=5.886625ms] [job="ID:130, Type:create table, State:done, SchemaState:public, SchemaID:116, TableID:129, RowCount:0, ArgLen:1, start time: 2026-07-25 00:04:27.928 +0800 CST, Err:<nil>, ErrCount:0, SnapshotVersion:0, Version: v2"] [summary="server count: 1"]
[2026/07/25 00:04:27.990 +08:00] [INFO] [job_worker.go:447] ["finish DDL job"] [category=ddl] [jobID=130] [conn=1793064968] [job="ID:130, Type:create table, State:synced, SchemaState:public, SchemaID:116, TableID:129, RowCount:0, ArgLen:0, start time: 2026-07-25 00:04:27.928 +0800 CST, Err:<nil>, ErrCount:0, SnapshotVersion:0, Version: v2"]
[2026/07/25 00:04:27.992 +08:00] [INFO] [executor.go:7423] ["DDL job is finished"] [category=ddl] [jobID=130]
[2026/07/25 00:04:27.992 +08:00] [INFO] [split_region.go:86] ["split batch regions request"] ["split key count"=1] ["batch count"=1] ["first batch, region ID"=16] ["first split key"=748000000000000081]
[2026/07/25 00:04:27.992 +08:00] [INFO] [session.go:5229] ["CRUCIAL OPERATION"] [conn=1793064968] [schemaVersion=68] [cur_db=ai_rename_fk] [sql="CREATE TABLE child (\n  id INT PRIMARY KEY,\n  pid INT,\n  INDEX (pid),\n  CONSTRAINT fk_child FOREIGN KEY (pid) REFERENCES parent_old(id)\n)"] [user=root@%]
[2026/07/25 00:04:28.001 +08:00] [INFO] [split_region.go:192] ["batch split regions complete"] ["batch region ID"=16] ["first at"=748000000000000081] ["first new region left"="{Id:142 StartKey:7480000000000000FF7F00000000000000F8 EndKey:7480000000000000FF8100000000000000F8 RegionEpoch:{ConfVer:1 Version:69} Peers:[id:143 store_id:1 ] EncryptionMeta:<nil> IsInFlashback:false FlashbackStartTs:0}"] ["new region count"=1]
[2026/07/25 00:04:28.001 +08:00] [INFO] [split_region.go:241] ["split regions complete"] ["region count"=1] ["region IDs"="[142]"]
[2026/07/25 00:04:28.002 +08:00] [INFO] [job_submitter.go:118] ["add DDL jobs"] [category=ddl] ["batch count"=1] [jobs="ID:131, Type:rename table, State:queueing, SchemaState:none, SchemaID:116, TableID:127, RowCount:0, ArgLen:1, start time: 2026-07-25 00:04:27.977 +0800 CST, Err:<nil>, ErrCount:0, SnapshotVersion:0, Version: v2; "] [fast_create=true]
[2026/07/25 00:04:28.002 +08:00] [INFO] [executor.go:7285] ["DDL job submitted"] [category=ddl] [job="ID:131, Type:rename table, State:queueing, SchemaState:none, SchemaID:116, TableID:127, RowCount:0, ArgLen:1, start time: 2026-07-25 00:04:27.977 +0800 CST, Err:<nil>, ErrCount:0, SnapshotVersion:0, Version: v2"] [query="RENAME TABLE parent_old TO parent_new"]
[2026/07/25 00:04:28.003 +08:00] [INFO] [job_worker.go:854] ["run one job step"] [category=ddl] [jobID=131] [conn=1793064968] [job="ID:131, Type:rename table, State:queueing, SchemaState:none, SchemaID:116, TableID:127, RowCount:0, ArgLen:0, start time: 2026-07-25 00:04:27.977 +0800 CST, Err:<nil>, ErrCount:0, SnapshotVersion:0, Version: v2"]
[2026/07/25 00:04:28.017 +08:00] [INFO] [loader.go:216] ["diff load InfoSchema success"] [mode=auto] [isV2=true] [currVer=68] [neededVer=69] [gotVer=69] ["elapsed time"=420.042µs] [phyTblIDs="[127,129]"] [actionTypes="[14,14]"] [diffTypes="[\"rename table\"]"]
[2026/07/25 00:04:28.018 +08:00] [INFO] [syncer.go:281] ["mdl gets lock, update self version to owner"] [jobID=131] [version=69]
[2026/07/25 00:04:28.032 +08:00] [INFO] [schema_version.go:397] ["wait schema version synced success"] [category=ddl] [ver=69] [checkAssumedSvr=false] ["take time"=16.12275ms] [job="ID:131, Type:rename table, State:running, SchemaState:public, SchemaID:116, TableID:127, RowCount:0, ArgLen:1, start time: 2026-07-25 00:04:27.977 +0800 CST, Err:<nil>, ErrCount:0, SnapshotVersion:0, Version: v2"] [summary="server count: 1"]
[2026/07/25 00:04:28.034 +08:00] [INFO] [job_worker.go:854] ["run one job step"] [category=ddl] [jobID=131] [conn=1793064968] [job="ID:131, Type:rename table, State:running, SchemaState:public, SchemaID:116, TableID:127, RowCount:0, ArgLen:0, start time: 2026-07-25 00:04:27.977 +0800 CST, Err:<nil>, ErrCount:0, SnapshotVersion:0, Version: v2"]
[2026/07/25 00:04:28.043 +08:00] [INFO] [loader.go:216] ["diff load InfoSchema success"] [mode=auto] [isV2=true] [currVer=69] [neededVer=70] [gotVer=70] ["elapsed time"=496.833µs] [phyTblIDs="[127]"] [actionTypes="[14]"] [diffTypes="[\"rename table\"]"]
[2026/07/25 00:04:28.044 +08:00] [INFO] [syncer.go:281] ["mdl gets lock, update self version to owner"] [jobID=131] [version=70]
[2026/07/25 00:04:28.048 +08:00] [INFO] [schema_version.go:397] ["wait schema version synced success"] [category=ddl] [ver=70] [checkAssumedSvr=false] ["take time"=5.838125ms] [job="ID:131, Type:rename table, State:done, SchemaState:public, SchemaID:116, TableID:127, RowCount:0, ArgLen:1, start time: 2026-07-25 00:04:27.977 +0800 CST, Err:<nil>, ErrCount:0, SnapshotVersion:0, Version: v2"] [summary="server count: 1"]
[2026/07/25 00:04:28.050 +08:00] [INFO] [job_worker.go:447] ["finish DDL job"] [category=ddl] [jobID=131] [conn=1793064968] [job="ID:131, Type:rename table, State:synced, SchemaState:public, SchemaID:116, TableID:127, RowCount:0, ArgLen:0, start time: 2026-07-25 00:04:27.977 +0800 CST, Err:<nil>, ErrCount:0, SnapshotVersion:0, Version: v2"]
[2026/07/25 00:04:28.052 +08:00] [INFO] [executor.go:7423] ["DDL job is finished"] [category=ddl] [jobID=131]
[2026/07/25 00:04:28.052 +08:00] [INFO] [session.go:5229] ["CRUCIAL OPERATION"] [conn=1793064968] [schemaVersion=70] [cur_db=ai_rename_fk] [sql="RENAME TABLE parent_old TO parent_new"] [user=root@%]
[2026/07/25 00:05:50.878 +08:00] [INFO] [queue.go:718] ["Start to fetch DML changes of tables"] [category=stats] [sampled=]
[2026/07/25 00:05:50.882 +08:00] [INFO] [queue.go:776] ["Updating last fetch timestamp"] [category=stats] [sampled=] [new_max_version=467903212742770689]
[2026/07/25 00:08:45.407 +08:00] [INFO] [domain.go:2791] ["refreshServerIDTTL succeed"] [serverID=855] ["lease id"=22319f94de415bbc]
[2026/07/25 00:08:50.875 +08:00] [INFO] [queue.go:724] ["Start to requeue must retry jobs"] [category=stats] [sampled=]
[2026/07/25 00:08:53.859 +08:00] [INFO] [refresher.go:199] ["No tables to analyze"] [category=stats] [sampled=]
