=== RUN   TestAINativeImportIntoWritesToRenamedOldTarget
    testkit.go:256: create realtikv store with keyspace: SYSTEM
[2026/07/25 02:08:57.888 +08:00] [INFO] [service_discovery.go:1030] ["[pd] switch leader"] [new-leader=http://127.0.0.1:2379] [old-leader=]
[2026/07/25 02:08:57.888 +08:00] [INFO] [service_discovery.go:509] ["[pd] init cluster id"] [cluster-id=7666155928670674007]
[2026/07/25 02:08:57.890 +08:00] [INFO] [client.go:214] ["[tso] switch the tso leader serving url"] [new-url=http://127.0.0.1:2379]
[2026/07/25 02:08:57.890 +08:00] [INFO] [inner_client.go:173] ["[pd] tso provider changed to pd"]
[2026/07/25 02:08:57.890 +08:00] [INFO] [watcher.go:56] ["[pd] start the deadline watcher"] [source=tso]
[2026/07/25 02:08:57.890 +08:00] [INFO] [client.go:251] ["[tso] start tso connection contexts updater"]
[2026/07/25 02:08:57.890 +08:00] [INFO] [dispatcher.go:146] ["[tso] tso dispatcher created"]
[2026/07/25 02:08:57.890 +08:00] [INFO] [dispatcher.go:598] ["[tso] switching tso rpc concurrency"] [old=0] [new=1]
[2026/07/25 02:08:57.891 +08:00] [INFO] [inner_client.go:154] ["[pd] service mode changed"] [new-mode=PD_SVC_MODE]
[2026/07/25 02:08:57.892 +08:00] [INFO] [router_service_discovery.go:162] ["[router service] created router service discovery"] [cluster-id=7666155928670674007] [keyspace-id=1] [default-discovery-key=/ms/7666155928670674007/router/registry/]
[2026/07/25 02:08:57.892 +08:00] [INFO] [router_service_discovery.go:174] ["[router service] initializing router service discovery"] [max-retry-times=100] [retry-interval=1s]
[2026/07/25 02:08:57.893 +08:00] [INFO] [router_service_discovery.go:260] ["[router service] update member sorted urls"] [new-sorted-urls="[]"]
[2026/07/25 02:08:57.893 +08:00] [INFO] [router_service_discovery.go:245] ["[router service] updating nodes succeeded"] [urls="[]"] [clients-length=0]
[2026/07/25 02:08:57.893 +08:00] [INFO] [client.go:407] ["[pd] create pd client with endpoints and keyspace"] [pd-address="[127.0.0.1:2379]"] [keyspace-name=SYSTEM] [keyspace-id=1]
[2026/07/25 02:08:57.893 +08:00] [INFO] [inner_client.go:91] ["[pd] start router client initializer"]
[2026/07/25 02:08:57.893 +08:00] [INFO] [inner_client.go:103] ["[pd] notified to disable the router client"]
[2026/07/25 02:08:57.893 +08:00] [INFO] [tikv_driver.go:198] ["using API V2."] [keyspaceName=SYSTEM]
[2026/07/25 02:08:57.894 +08:00] [INFO] [metamanager.go:130] ["get default keyspace meta service group info "] [group-info="{\"GroupID\":\"0\",\"Addrs\":[\"127.0.0.1:2379\"]}"]
[2026/07/25 02:08:57.894 +08:00] [INFO] [metamanager.go:158] ["return keyspace meta service group info"] [meta-service-info="{\"PDAddrs\":[\"127.0.0.1:2379\"],\"Group\":{\"GroupID\":\"0\",\"Addrs\":[\"127.0.0.1:2379\"]}}"]
[2026/07/25 02:08:57.897 +08:00] [WARN] [kv.go:206] ["GC states API is not available, which is possibly caused by cluster version < 9.0. Txn safe point updating will be fallen back to direct etcd reading."] [error="rpc error: code = Unimplemented desc = unknown method GetGCState for service pdpb.PD"] [errorVerbose="rpc error: code = Unimplemented desc = unknown method GetGCState for service pdpb.PD\ngithub.com/tikv/pd/client.(*client).respForErr\n\t/Users/bba/.gvm/pkgsets/go1.25.1/global/pkg/mod/github.com/tikv/pd/client@v0.0.0-20260708075407-4e05b9d2c2d3/client.go:1516\ngithub.com/tikv/pd/client.gcStatesClient.GetGCState\n\t/Users/bba/.gvm/pkgsets/go1.25.1/global/pkg/mod/github.com/tikv/pd/client@v0.0.0-20260708075407-4e05b9d2c2d3/gc_client.go:324\ngithub.com/tikv/client-go/v2/tikv.(*KVStore).loadTxnSafePoint\n\t/Users/bba/.gvm/pkgsets/go1.25.1/global/pkg/mod/github.com/tikv/client-go/v2@v2.0.8-0.20260708122311-01bd8f99f4da/tikv/kv.go:203\ngithub.com/tikv/client-go/v2/tikv.NewKVStore\n\t/Users/bba/.gvm/pkgsets/go1.25.1/global/pkg/mod/github.com/tikv/client-go/v2@v2.0.8-0.20260708122311-01bd8f99f4da/tikv/kv.go:365\ngithub.com/pingcap/tidb/pkg/store/driver.(*TiKVDriver).OpenWithOptions\n\t/Users/bba/pc/tidb-ai-critical-scan/pkg/store/driver/tikv_driver.go:219\ngithub.com/pingcap/tidb/pkg/store/driver.(*TiKVDriver).Open\n\t/Users/bba/pc/tidb-ai-critical-scan/pkg/store/driver/tikv_driver.go:112\ngithub.com/pingcap/tidb/tests/realtikvtest.CreateMockStoreAndDomainAndSetup\n\t/Users/bba/pc/tidb-ai-critical-scan/tests/realtikvtest/testkit.go:283\ngithub.com/pingcap/tidb/tests/realtikvtest.PrepareForCrossKSTestWithNewCollation\n\t/Users/bba/pc/tidb-ai-critical-scan/tests/realtikvtest/testkit.go:214\ngithub.com/pingcap/tidb/tests/realtikvtest.PrepareForCrossKSTest\n\t/Users/bba/pc/tidb-ai-critical-scan/tests/realtikvtest/testkit.go:179\ngithub.com/pingcap/tidb/tests/realtikvtest/importintotest3.TestAINativeImportIntoWritesToRenamedOldTarget\n\t/Users/bba/pc/tidb-ai-critical-scan/tests/realtikvtest/importintotest3/cross_ks_test.go:791\ntesting.tRunner\n\t/Users/bba/.gvm/pkgsets/go1.25.1/global/pkg/mod/golang.org/toolchain@v0.0.1-go1.25.10.darwin-arm64/src/testing/testing.go:1934\nruntime.goexit\n\t/Users/bba/.gvm/pkgsets/go1.25.1/global/pkg/mod/golang.org/toolchain@v0.0.1-go1.25.10.darwin-arm64/src/runtime/asm_arm64.s:1268"]
[2026/07/25 02:08:57.901 +08:00] [INFO] [store_cache.go:572] ["change store resolve state"] [store=1] [addr=127.0.0.1:20160] [from=unresolved] [to=resolved] [liveness-state=reachable]
[2026/07/25 02:08:57.908 +08:00] [INFO] [session.go:4452] ["cluster already bootstrapped"] [version=283]
[2026/07/25 02:08:57.909 +08:00] [INFO] [tidb.go:103] ["new domain"] [store=tikv-7666155928670674007/SYSTEM] ["ddl lease"=500ms] ["stats lease"=3s]
[2026/07/25 02:08:57.919 +08:00] [INFO] [info.go:279] ["init TiFlashReplicaManager"]
[2026/07/25 02:08:57.924 +08:00] [INFO] [domain.go:2708] [acquireServerID] [serverID=874] ["lease id"=22319f95490692bd]
[2026/07/25 02:08:57.925 +08:00] [INFO] [global_controller.go:219] ["load resource controller config"] [config="{\"degraded-mode-wait-duration\":\"0s\",\"ltb-max-wait-duration\":\"30s\",\"ltb-token-rpc-max-delay\":\"1s\",\"request-unit\":{\"read-base-cost\":0.125,\"read-per-batch-base-cost\":0.5,\"read-cost-per-byte\":0.0000152587890625,\"write-base-cost\":1,\"write-per-batch-base-cost\":1,\"write-cost-per-byte\":0.0009765625,\"read-cpu-ms-cost\":0.3333333333333333},\"enable-controller-trace-log\":\"false\",\"token-rpc-params\":{\"wait-retry-interval\":\"50ms\",\"wait-retry-times\":20}}"] [ru-config="{\"ReadBaseCost\":0.125,\"ReadPerBatchBaseCost\":0.5,\"ReadBytesCost\":0.0000152587890625,\"WriteBaseCost\":1,\"WritePerBatchBaseCost\":1,\"WriteBytesCost\":0.0009765625,\"CPUMsCost\":0.3333333333333333,\"LTBMaxWaitDuration\":30000000000,\"WaitRetryInterval\":50000000,\"WaitRetryTimes\":20,\"DegradedModeWaitDuration\":0}"] [keyspace-id=1]
[2026/07/25 02:08:57.935 +08:00] [INFO] [loader.go:281] ["full load InfoSchema success"] [mode=auto] [isV2=true] [currentSchemaVersion=0] [neededSchemaVersion=3] ["elapsed time"=7.98275ms]
[2026/07/25 02:08:57.935 +08:00] [INFO] [syncer.go:456] ["full load and reset schema validator"]
[2026/07/25 02:08:57.940 +08:00] [INFO] [ddl.go:1157] ["DDL closed"] [category=ddl] [ID=29cbba67-2054-40b5-95e0-d8b668c99ee5] ["take time"=775.5µs]
[2026/07/25 02:08:57.940 +08:00] [INFO] [ddl.go:848] ["stop DDL"] [category=ddl] [ID=29cbba67-2054-40b5-95e0-d8b668c99ee5]
[2026/07/25 02:08:57.941 +08:00] [INFO] [domain.go:2733] ["releaseServerID succeed"] [serverID=874] [leaseID=2463925934672483005]
[2026/07/25 02:08:57.941 +08:00] [WARN] [meta_storage_client.go:165] ["watch stream closed"] [error="rpc error: code = Canceled desc = context canceled"]
[2026/07/25 02:08:57.941 +08:00] [WARN] [meta_storage_client.go:165] ["watch stream closed"] [error="rpc error: code = Canceled desc = context canceled"]
[2026/07/25 02:08:57.944 +08:00] [INFO] [domain.go:550] ["domain closed"] ["take time"=4.519541ms]
[2026/07/25 02:08:57.944 +08:00] [INFO] [tidb.go:103] ["new domain"] [store=tikv-7666155928670674007/SYSTEM] ["ddl lease"=500ms] ["stats lease"=3s]
[2026/07/25 02:08:57.948 +08:00] [INFO] [info.go:279] ["init TiFlashReplicaManager"]
[2026/07/25 02:08:57.954 +08:00] [INFO] [domain.go:2708] [acquireServerID] [serverID=1283] ["lease id"=22319f95490692d6]
[2026/07/25 02:08:57.955 +08:00] [INFO] [global_controller.go:219] ["load resource controller config"] [config="{\"degraded-mode-wait-duration\":\"0s\",\"ltb-max-wait-duration\":\"30s\",\"ltb-token-rpc-max-delay\":\"1s\",\"request-unit\":{\"read-base-cost\":0.125,\"read-per-batch-base-cost\":0.5,\"read-cost-per-byte\":0.0000152587890625,\"write-base-cost\":1,\"write-per-batch-base-cost\":1,\"write-cost-per-byte\":0.0009765625,\"read-cpu-ms-cost\":0.3333333333333333},\"enable-controller-trace-log\":\"false\",\"token-rpc-params\":{\"wait-retry-interval\":\"50ms\",\"wait-retry-times\":20}}"] [ru-config="{\"ReadBaseCost\":0.125,\"ReadPerBatchBaseCost\":0.5,\"ReadBytesCost\":0.0000152587890625,\"WriteBaseCost\":1,\"WritePerBatchBaseCost\":1,\"WriteBytesCost\":0.0009765625,\"CPUMsCost\":0.3333333333333333,\"LTBMaxWaitDuration\":30000000000,\"WaitRetryInterval\":50000000,\"WaitRetryTimes\":20,\"DegradedModeWaitDuration\":0}"] [keyspace-id=1]
[2026/07/25 02:08:57.965 +08:00] [INFO] [loader.go:281] ["full load InfoSchema success"] [mode=auto] [isV2=true] [currentSchemaVersion=0] [neededSchemaVersion=3] ["elapsed time"=8.419667ms]
[2026/07/25 02:08:57.965 +08:00] [INFO] [syncer.go:456] ["full load and reset schema validator"]
[2026/07/25 02:08:57.965 +08:00] [INFO] [ddl.go:881] ["start DDL"] [category=ddl] [ID=29cbba67-2054-40b5-95e0-d8b668c99ee5] [runWorker=true] [jobVersion=v2] [startMode=normal]
[2026/07/25 02:08:57.965 +08:00] [INFO] [ddl.go:856] ["start delRangeManager OK"] [category=ddl] ["is a emulator"=false]
[2026/07/25 02:08:57.966 +08:00] [INFO] [manager.go:289] ["start campaign owner"] [key=/tidb/ddl/fg/owner] [id=29cbba67-2054-40b5-95e0-d8b668c99ee5]
[2026/07/25 02:08:57.968 +08:00] [INFO] [env.go:123] ["the ingest sorted directory"] [category=ddl-ingest] ["data path"=/tmp/tidb/tmp_ddl-4001]
[2026/07/25 02:08:57.968 +08:00] [WARN] [env.go:84] ["ingest backfill may not be available"] [category=ddl-ingest] [error="the available disk space(33694113792) in /tmp/tidb/tmp_ddl-4001 should be greater than @@tidb_ddl_disk_quota(107374182400)"] [errorVerbose="the available disk space(33694113792) in /tmp/tidb/tmp_ddl-4001 should be greater than @@tidb_ddl_disk_quota(107374182400)\ngithub.com/pingcap/tidb/pkg/ddl/ingest.(*diskRootImpl).StartupCheck\n\t/Users/bba/pc/tidb-ai-critical-scan/pkg/ddl/ingest/disk_root.go:191\ngithub.com/pingcap/tidb/pkg/ddl/ingest.InitGlobalLightningEnv\n\t/Users/bba/pc/tidb-ai-critical-scan/pkg/ddl/ingest/env.go:82\ngithub.com/pingcap/tidb/pkg/ddl.(*ddl).Start\n\t/Users/bba/pc/tidb-ai-critical-scan/pkg/ddl/ddl.go:942\ngithub.com/pingcap/tidb/pkg/domain.(*Domain).Start\n\t/Users/bba/pc/tidb-ai-critical-scan/pkg/domain/domain.go:809\ngithub.com/pingcap/tidb/pkg/session.bootstrapSessionImpl\n\t/Users/bba/pc/tidb-ai-critical-scan/pkg/session/session.go:4517\ngithub.com/pingcap/tidb/pkg/session.BootstrapSession\n\t/Users/bba/pc/tidb-ai-critical-scan/pkg/session/session.go:4387\ngithub.com/pingcap/tidb/tests/realtikvtest.CreateMockStoreAndDomainAndSetup\n\t/Users/bba/pc/tidb-ai-critical-scan/tests/realtikvtest/testkit.go:297\ngithub.com/pingcap/tidb/tests/realtikvtest.PrepareForCrossKSTestWithNewCollation\n\t/Users/bba/pc/tidb-ai-critical-scan/tests/realtikvtest/testkit.go:214\ngithub.com/pingcap/tidb/tests/realtikvtest.PrepareForCrossKSTest\n\t/Users/bba/pc/tidb-ai-critical-scan/tests/realtikvtest/testkit.go:179\ngithub.com/pingcap/tidb/tests/realtikvtest/importintotest3.TestAINativeImportIntoWritesToRenamedOldTarget\n\t/Users/bba/pc/tidb-ai-critical-scan/tests/realtikvtest/importintotest3/cross_ks_test.go:791\ntesting.tRunner\n\t/Users/bba/.gvm/pkgsets/go1.25.1/global/pkg/mod/golang.org/toolchain@v0.0.1-go1.25.10.darwin-arm64/src/testing/testing.go:1934\nruntime.goexit\n\t/Users/bba/.gvm/pkgsets/go1.25.1/global/pkg/mod/golang.org/toolchain@v0.0.1-go1.25.10.darwin-arm64/src/runtime/asm_arm64.s:1268"]
[2026/07/25 02:08:57.968 +08:00] [INFO] [env.go:88] ["init global ingest backend environment finished"] [category=ddl-ingest] ["memory limitation"=19327352832] ["disk usage info"="disk usage: 960968470528/994662584320, backend usage: 0"] ["max open file number"=138240] ["lightning is initialized"=true]
[2026/07/25 02:08:57.968 +08:00] [INFO] [wait_group_wrapper.go:141] ["background process started"] [source=domain] [process=loadSchemaInLoop]
[2026/07/25 02:08:57.968 +08:00] [INFO] [wait_group_wrapper.go:141] ["background process started"] [source=domain] [process=mdlCheckLoop]
[2026/07/25 02:08:57.968 +08:00] [INFO] [wait_group_wrapper.go:141] ["background process started"] [source=domain] [process=topNSlowQueryLoop]
[2026/07/25 02:08:57.968 +08:00] [INFO] [wait_group_wrapper.go:141] ["background process started"] [source=domain] [process=infoSyncerKeeper]
[2026/07/25 02:08:57.968 +08:00] [INFO] [wait_group_wrapper.go:141] ["background process started"] [source=domain] [process=globalConfigSyncerKeeper]
[2026/07/25 02:08:57.968 +08:00] [INFO] [wait_group_wrapper.go:141] ["background process started"] [source=domain] [process=runawayRecordFlushLoop]
[2026/07/25 02:08:57.968 +08:00] [INFO] [wait_group_wrapper.go:141] ["background process started"] [source=domain] [process=runawayWatchSyncLoop]
[2026/07/25 02:08:57.968 +08:00] [INFO] [wait_group_wrapper.go:141] ["background process started"] [source=domain] [process=requestUnitsWriterLoop]
[2026/07/25 02:08:57.968 +08:00] [INFO] [wait_group_wrapper.go:141] ["background process started"] [source=domain] [process=topologySyncerKeeper]
[2026/07/25 02:08:57.968 +08:00] [INFO] [wait_group_wrapper.go:141] ["background process started"] [source=domain] [process=closestReplicaReadCheckLoop]
[2026/07/25 02:08:57.968 +08:00] [INFO] [wait_group_wrapper.go:150] ["background process exited"] [source=domain] [process=requestUnitsWriterLoop]
[2026/07/25 02:08:57.968 +08:00] [INFO] [owner_daemon.go:70] ["begin advancer daemon"] [daemon-id=LogBackup::Advancer]
[2026/07/25 02:08:57.968 +08:00] [INFO] [manager.go:289] ["start campaign owner"] [key=/tidb/br-stream/owner] [id=c7ef619a-c50a-4ad4-9f33-692ceb56e0e0]
[2026/07/25 02:08:57.970 +08:00] [WARN] [global_controller.go:850] ["[resource group controller] resource group name does not exist"] [name=default]
[2026/07/25 02:08:57.970 +08:00] [INFO] [manager.go:527] ["get owner"] [key=/tidb/ddl/fg/owner] ["owner key"=/tidb/ddl/fg/owner/22319f95490692e0] [ownerID=29cbba67-2054-40b5-95e0-d8b668c99ee5]
[2026/07/25 02:08:57.970 +08:00] [INFO] [manager.go:324] ["become owner"] [key=/tidb/ddl/fg/owner] [id=29cbba67-2054-40b5-95e0-d8b668c99ee5]
[2026/07/25 02:08:57.970 +08:00] [INFO] [manager.go:616] ["watching owner key"] [key=/tidb/ddl/fg/owner] [id=29cbba67-2054-40b5-95e0-d8b668c99ee5] [ownerKey=/tidb/ddl/fg/owner/22319f95490692e0] [currRev=575]
[2026/07/25 02:08:57.971 +08:00] [INFO] [manager.go:527] ["get owner"] [key=/tidb/br-stream/owner] ["owner key"=/tidb/br-stream/owner/22319f95490692e4] [ownerID=c7ef619a-c50a-4ad4-9f33-692ceb56e0e0]
[2026/07/25 02:08:57.971 +08:00] [INFO] [manager.go:324] ["become owner"] [key=/tidb/br-stream/owner] [id=c7ef619a-c50a-4ad4-9f33-692ceb56e0e0]
[2026/07/25 02:08:57.971 +08:00] [INFO] [manager.go:616] ["watching owner key"] [key=/tidb/br-stream/owner] [id=c7ef619a-c50a-4ad4-9f33-692ceb56e0e0] [ownerKey=/tidb/br-stream/owner/22319f95490692e4] [currRev=576]
[2026/07/25 02:08:57.972 +08:00] [INFO] [job_scheduler.go:363] ["get global state and global state change"] [category=ddl] [oldState=false] [currState=false]
[2026/07/25 02:08:57.972 +08:00] [INFO] [wait_group_wrapper.go:141] ["background process started"] [source=domain] [process=logBackupAdvancer]
[2026/07/25 02:08:57.972 +08:00] [INFO] [wait_group_wrapper.go:141] ["background process started"] [source=domain] [process=crossKSSessMgrGCLoop]
[2026/07/25 02:08:57.972 +08:00] [INFO] [owner_daemon.go:81] ["begin running daemon"] [id=c7ef619a-c50a-4ad4-9f33-692ceb56e0e0] [daemon-id=LogBackup::Advancer]
[2026/07/25 02:08:57.972 +08:00] [WARN] [sysvar_cache.go:53] ["sysvar cache is empty, triggering rebuild"]
[2026/07/25 02:08:57.972 +08:00] [INFO] [manager.go:561] ["set owner op is the same as the original, so do nothing."] [key=/tidb/ddl/fg/owner] [id=29cbba67-2054-40b5-95e0-d8b668c99ee5] [op=none]
[2026/07/25 02:08:57.972 +08:00] [INFO] [job_scheduler.go:375] ["the owner sets owner operator value"] [category=ddl] [ownerOp=none]
[2026/07/25 02:08:57.975 +08:00] [INFO] [sysvar.go:3400] ["set resource control"] [enable=true]
[2026/07/25 02:08:57.976 +08:00] [INFO] [global_controller.go:586] ["[resource group controller] create resource group cost controller"] [name=default]
[2026/07/25 02:08:57.977 +08:00] [INFO] [wait_group_wrapper.go:141] ["background process started"] [source=domain] [process=loadPrivilegeInLoop]
[2026/07/25 02:08:57.979 +08:00] [INFO] [wait_group_wrapper.go:141] ["background process started"] [source=domain] [process=LoadSysVarCacheLoop]
[2026/07/25 02:08:57.983 +08:00] [INFO] [binding_cache.go:75] ["load bindings"] [category=sql-bind] [fullLoad=true] [fromRemote=false] [cacheSizeChange=false] [hasNewBinding=false] [cacheCapacity=67108864] [cacheUsage=0] [cachedBindingNum=0] [duration=2.432458ms] []
[2026/07/25 02:08:57.983 +08:00] [INFO] [manager.go:289] ["start campaign owner"] [key=/tidb/bindinfo/owner] [id=29cbba67-2054-40b5-95e0-d8b668c99ee5]
[2026/07/25 02:08:57.984 +08:00] [INFO] [wait_group_wrapper.go:141] ["background process started"] [source=domain] [process=globalBindHandleWorkerLoop]
[2026/07/25 02:08:57.985 +08:00] [INFO] [manager.go:527] ["get owner"] [key=/tidb/bindinfo/owner] ["owner key"=/tidb/bindinfo/owner/22319f95490692ef] [ownerID=29cbba67-2054-40b5-95e0-d8b668c99ee5]
[2026/07/25 02:08:57.985 +08:00] [INFO] [manager.go:324] ["become owner"] [key=/tidb/bindinfo/owner] [id=29cbba67-2054-40b5-95e0-d8b668c99ee5]
[2026/07/25 02:08:57.985 +08:00] [INFO] [manager.go:616] ["watching owner key"] [key=/tidb/bindinfo/owner] [id=29cbba67-2054-40b5-95e0-d8b668c99ee5] [ownerKey=/tidb/bindinfo/owner/22319f95490692ef] [currRev=577]
[2026/07/25 02:08:57.987 +08:00] [INFO] [wait_group_wrapper.go:141] ["background process started"] [source=domain] [process=PlanReplayerTaskCollectHandle]
[2026/07/25 02:08:57.987 +08:00] [INFO] [wait_group_wrapper.go:141] ["background process started"] [source=domain] [process=PlanReplayerTaskDumpHandle]
[2026/07/25 02:08:57.987 +08:00] [INFO] [wait_group_wrapper.go:141] ["background process started"] [source=domain] [process=dumpFileGcChecker]
[2026/07/25 02:08:57.987 +08:00] [INFO] [domain.go:1803] ["PlanReplayerTaskCollectHandle started"]
[2026/07/25 02:08:57.987 +08:00] [INFO] [wait_group_wrapper.go:141] ["background process started"] [source=domain] [process=HistoricalStatsWorker]
[2026/07/25 02:08:57.987 +08:00] [INFO] [domain.go:1825] ["PlanReplayerTaskDumpHandle started"]
[2026/07/25 02:08:57.987 +08:00] [INFO] [domain.go:1890] ["HistoricalStatsWorker started"]
[2026/07/25 02:08:57.987 +08:00] [INFO] [plan_replayer.go:407] ["planReplayerTaskDumpWorker started."]
[2026/07/25 02:08:57.987 +08:00] [INFO] [domain.go:1857] ["dumpFileGcChecker started"]
[2026/07/25 02:08:57.987 +08:00] [INFO] [wait_group_wrapper.go:141] ["background process started"] [source=domain] [process=loadStatsWorker]
[2026/07/25 02:08:57.987 +08:00] [INFO] [manager.go:289] ["start campaign owner"] [key=/tidb/stats/owner] [id=29cbba67-2054-40b5-95e0-d8b668c99ee5]
[2026/07/25 02:08:57.988 +08:00] [INFO] [wait_group_wrapper.go:141] ["background process started"] [source=domain] [process=indexUsageWorker]
[2026/07/25 02:08:57.988 +08:00] [INFO] [wait_group_wrapper.go:141] ["background process started"] [source=domain] [process=asyncLoadHistogram]
[2026/07/25 02:08:57.988 +08:00] [INFO] [wait_group_wrapper.go:141] ["background process started"] [source=domain] [process=deltaUpdateTickerWorker]
[2026/07/25 02:08:57.988 +08:00] [INFO] [wait_group_wrapper.go:141] ["background process started"] [source=domain] [process=dumpColStatsUsageWorker]
[2026/07/25 02:08:57.988 +08:00] [INFO] [wait_group_wrapper.go:141] ["background process started"] [source=domain] [process=gcStatsWorker]
[2026/07/25 02:08:57.988 +08:00] [INFO] [wait_group_wrapper.go:141] ["background process started"] [source=domain] [process=autoAnalyzeWorker]
[2026/07/25 02:08:57.988 +08:00] [INFO] [wait_group_wrapper.go:141] ["background process started"] [source=domain] [process=analyzeJobsCleanupWorker]
[2026/07/25 02:08:57.988 +08:00] [INFO] [domain.go:2058] ["start load stats sub workers"] [workerCount=6]
[2026/07/25 02:08:57.988 +08:00] [INFO] [wait_group_wrapper.go:141] ["background process started"] [source=domain] [process=planCacheEvictTrigger]
[2026/07/25 02:08:57.988 +08:00] [INFO] [domain.go:2301] ["deltaUpdateTickerWorker started."]
[2026/07/25 02:08:57.988 +08:00] [INFO] [domain.go:2274] ["dumpColStatsUsageWorker started."]
[2026/07/25 02:08:57.988 +08:00] [INFO] [wait_group_wrapper.go:141] ["background process started"] [source=domain] [process=planCacheMetricsAndVars]
[2026/07/25 02:08:57.988 +08:00] [INFO] [wait_group_wrapper.go:141] ["background process started"] [source=domain] [process=readTableCostWorker]
[2026/07/25 02:08:57.988 +08:00] [INFO] [wait_group_wrapper.go:141] ["background process started"] [source=domain] [process=loadSigningCertLoop]
[2026/07/25 02:08:57.988 +08:00] [INFO] [notifier.go:225] ["etcd notify loop to watch timer events started"] [EtcdKey=/tidb/timer/cluster/1/notify/aaf7614b-55e4-46f7-b515-d4e58c114baa]
[2026/07/25 02:08:57.989 +08:00] [INFO] [wait_group_wrapper.go:141] ["background process started"] [source=domain] [process=dxfMeteringFlushLoop]
[2026/07/25 02:08:57.989 +08:00] [INFO] [domain.go:1204] ["initialize node resource"] [total-cpu=14] [total-mem=36GiB] [dxf-resource-limit=100] [dxf-usable-cpu=14] [dxf-usable-mem=36GiB] [total-disk=926.4GiB]
[2026/07/25 02:08:57.989 +08:00] [INFO] [task_manager.go:248] ["scale ttl worker"] [ttl-worker=job-manager] [ttl-worker=29cbba67-2054-40b5-95e0-d8b668c99ee5] [ttl-worker=task-manager] [ttl-worker=29cbba67-2054-40b5-95e0-d8b668c99ee5] [originalCount=0] [newCount=4]
[2026/07/25 02:08:57.989 +08:00] [INFO] [task_manager.go:248] ["scale ttl worker"] [ttl-worker=job-manager] [ttl-worker=29cbba67-2054-40b5-95e0-d8b668c99ee5] [ttl-worker=task-manager] [ttl-worker=29cbba67-2054-40b5-95e0-d8b668c99ee5] [originalCount=0] [newCount=4]
[2026/07/25 02:08:57.989 +08:00] [INFO] [job_manager.go:519] ["TTL leader to collect delay metrics"] [ttl-worker=job-manager] [ttl-worker=29cbba67-2054-40b5-95e0-d8b668c99ee5]
[2026/07/25 02:08:57.989 +08:00] [INFO] [manager.go:527] ["get owner"] [key=/tidb/stats/owner] ["owner key"=/tidb/stats/owner/22319f95490692f4] [ownerID=29cbba67-2054-40b5-95e0-d8b668c99ee5]
[2026/07/25 02:08:57.989 +08:00] [INFO] [manager.go:324] ["become owner"] [key=/tidb/stats/owner] [id=29cbba67-2054-40b5-95e0-d8b668c99ee5]
[2026/07/25 02:08:57.989 +08:00] [INFO] [manager.go:616] ["watching owner key"] [key=/tidb/stats/owner] [id=29cbba67-2054-40b5-95e0-d8b668c99ee5] [ownerKey=/tidb/stats/owner/22319f95490692f4] [currRev=578]
[2026/07/25 02:08:57.990 +08:00] [INFO] [bootstrap.go:872] ["Complete loading the stats meta in the lite mode"] [category=stats] [duration=2.28525ms]
[2026/07/25 02:08:57.991 +08:00] [INFO] [helper.go:189] ["set random timezone for getStmtTimestamp"] [timezone=UTC]
[2026/07/25 02:08:57.991 +08:00] [INFO] [wait_group_wrapper.go:141] ["background process started"] [source=domain] [process=distTaskFrameworkLoop]
[2026/07/25 02:08:57.991 +08:00] [INFO] [manager.go:124] ["task executor manager start"] [server-id=:4000]
[2026/07/25 02:08:57.991 +08:00] [INFO] [domain.go:1220] ["dist task executor manager started"]
[2026/07/25 02:08:57.992 +08:00] [INFO] [bootstrap.go:879] ["Complete loading the histogram in the lite mode"] [category=stats] [duration=2.115875ms]
[2026/07/25 02:08:57.992 +08:00] [INFO] [domain.go:2101] ["Init stats succeed"] [category=stats] [isLiteInitStats=true] [duration=5.036708ms]
[2026/07/25 02:08:57.992 +08:00] [INFO] [domain.go:2235] ["gcStatsWorker started."]
[2026/07/25 02:08:57.992 +08:00] [INFO] [job_manager.go:1096] ["TTL leader to DoGC"] [ttl-worker=job-manager] [ttl-worker=29cbba67-2054-40b5-95e0-d8b668c99ee5]
[2026/07/25 02:08:57.993 +08:00] [INFO] [rate_limiter_param.go:104] ["loaded value from meta store"] [key=maxBatchSplitRanges] [value=2048]
[2026/07/25 02:08:58.011 +08:00] [INFO] [set.go:194] ["set global var"] [conn=1] [name=innodb_lock_wait_timeout] [val=50]
    testkit.go:325: cleaned up ddl and tables
    testkit.go:256: create realtikv store with keyspace: keyspace1
[2026/07/25 02:08:58.032 +08:00] [INFO] [service_discovery.go:1030] ["[pd] switch leader"] [new-leader=http://127.0.0.1:2379] [old-leader=]
[2026/07/25 02:08:58.032 +08:00] [INFO] [service_discovery.go:509] ["[pd] init cluster id"] [cluster-id=7666155928670674007]
[2026/07/25 02:08:58.033 +08:00] [INFO] [client.go:214] ["[tso] switch the tso leader serving url"] [new-url=http://127.0.0.1:2379]
[2026/07/25 02:08:58.033 +08:00] [INFO] [inner_client.go:173] ["[pd] tso provider changed to pd"]
[2026/07/25 02:08:58.033 +08:00] [INFO] [watcher.go:56] ["[pd] start the deadline watcher"] [source=tso]
[2026/07/25 02:08:58.033 +08:00] [INFO] [dispatcher.go:146] ["[tso] tso dispatcher created"]
[2026/07/25 02:08:58.033 +08:00] [INFO] [client.go:251] ["[tso] start tso connection contexts updater"]
[2026/07/25 02:08:58.033 +08:00] [INFO] [dispatcher.go:598] ["[tso] switching tso rpc concurrency"] [old=0] [new=1]
[2026/07/25 02:08:58.033 +08:00] [INFO] [inner_client.go:154] ["[pd] service mode changed"] [new-mode=PD_SVC_MODE]
[2026/07/25 02:08:58.033 +08:00] [INFO] [router_service_discovery.go:162] ["[router service] created router service discovery"] [cluster-id=7666155928670674007] [keyspace-id=2] [default-discovery-key=/ms/7666155928670674007/router/registry/]
[2026/07/25 02:08:58.033 +08:00] [INFO] [router_service_discovery.go:174] ["[router service] initializing router service discovery"] [max-retry-times=100] [retry-interval=1s]
[2026/07/25 02:08:58.034 +08:00] [INFO] [router_service_discovery.go:260] ["[router service] update member sorted urls"] [new-sorted-urls="[]"]
[2026/07/25 02:08:58.034 +08:00] [INFO] [router_service_discovery.go:245] ["[router service] updating nodes succeeded"] [urls="[]"] [clients-length=0]
[2026/07/25 02:08:58.034 +08:00] [INFO] [client.go:407] ["[pd] create pd client with endpoints and keyspace"] [pd-address="[127.0.0.1:2379]"] [keyspace-name=keyspace1] [keyspace-id=2]
[2026/07/25 02:08:58.034 +08:00] [INFO] [inner_client.go:91] ["[pd] start router client initializer"]
[2026/07/25 02:08:58.034 +08:00] [INFO] [inner_client.go:103] ["[pd] notified to disable the router client"]
[2026/07/25 02:08:58.034 +08:00] [INFO] [tikv_driver.go:198] ["using API V2."] [keyspaceName=keyspace1]
[2026/07/25 02:08:58.035 +08:00] [INFO] [metamanager.go:130] ["get default keyspace meta service group info "] [group-info="{\"GroupID\":\"0\",\"Addrs\":[\"127.0.0.1:2379\"]}"]
[2026/07/25 02:08:58.035 +08:00] [INFO] [metamanager.go:158] ["return keyspace meta service group info"] [meta-service-info="{\"PDAddrs\":[\"127.0.0.1:2379\"],\"Group\":{\"GroupID\":\"0\",\"Addrs\":[\"127.0.0.1:2379\"]}}"]
[2026/07/25 02:08:58.037 +08:00] [WARN] [kv.go:206] ["GC states API is not available, which is possibly caused by cluster version < 9.0. Txn safe point updating will be fallen back to direct etcd reading."] [error="rpc error: code = Unimplemented desc = unknown method GetGCState for service pdpb.PD"] [errorVerbose="rpc error: code = Unimplemented desc = unknown method GetGCState for service pdpb.PD\ngithub.com/tikv/pd/client.(*client).respForErr\n\t/Users/bba/.gvm/pkgsets/go1.25.1/global/pkg/mod/github.com/tikv/pd/client@v0.0.0-20260708075407-4e05b9d2c2d3/client.go:1516\ngithub.com/tikv/pd/client.gcStatesClient.GetGCState\n\t/Users/bba/.gvm/pkgsets/go1.25.1/global/pkg/mod/github.com/tikv/pd/client@v0.0.0-20260708075407-4e05b9d2c2d3/gc_client.go:324\ngithub.com/tikv/client-go/v2/tikv.(*KVStore).loadTxnSafePoint\n\t/Users/bba/.gvm/pkgsets/go1.25.1/global/pkg/mod/github.com/tikv/client-go/v2@v2.0.8-0.20260708122311-01bd8f99f4da/tikv/kv.go:203\ngithub.com/tikv/client-go/v2/tikv.NewKVStore\n\t/Users/bba/.gvm/pkgsets/go1.25.1/global/pkg/mod/github.com/tikv/client-go/v2@v2.0.8-0.20260708122311-01bd8f99f4da/tikv/kv.go:365\ngithub.com/pingcap/tidb/pkg/store/driver.(*TiKVDriver).OpenWithOptions\n\t/Users/bba/pc/tidb-ai-critical-scan/pkg/store/driver/tikv_driver.go:219\ngithub.com/pingcap/tidb/pkg/store/driver.(*TiKVDriver).Open\n\t/Users/bba/pc/tidb-ai-critical-scan/pkg/store/driver/tikv_driver.go:112\ngithub.com/pingcap/tidb/tests/realtikvtest.CreateMockStoreAndDomainAndSetup\n\t/Users/bba/pc/tidb-ai-critical-scan/tests/realtikvtest/testkit.go:283\ngithub.com/pingcap/tidb/tests/realtikvtest.PrepareForCrossKSTestWithNewCollation\n\t/Users/bba/pc/tidb-ai-critical-scan/tests/realtikvtest/testkit.go:214\ngithub.com/pingcap/tidb/tests/realtikvtest.PrepareForCrossKSTest\n\t/Users/bba/pc/tidb-ai-critical-scan/tests/realtikvtest/testkit.go:179\ngithub.com/pingcap/tidb/tests/realtikvtest/importintotest3.TestAINativeImportIntoWritesToRenamedOldTarget\n\t/Users/bba/pc/tidb-ai-critical-scan/tests/realtikvtest/importintotest3/cross_ks_test.go:791\ntesting.tRunner\n\t/Users/bba/.gvm/pkgsets/go1.25.1/global/pkg/mod/golang.org/toolchain@v0.0.1-go1.25.10.darwin-arm64/src/testing/testing.go:1934\nruntime.goexit\n\t/Users/bba/.gvm/pkgsets/go1.25.1/global/pkg/mod/golang.org/toolchain@v0.0.1-go1.25.10.darwin-arm64/src/runtime/asm_arm64.s:1268"]
[2026/07/25 02:08:58.040 +08:00] [INFO] [service_discovery.go:1030] ["[pd] switch leader"] [new-leader=http://127.0.0.1:2379] [old-leader=]
[2026/07/25 02:08:58.040 +08:00] [INFO] [service_discovery.go:509] ["[pd] init cluster id"] [cluster-id=7666155928670674007]
[2026/07/25 02:08:58.041 +08:00] [INFO] [client.go:214] ["[tso] switch the tso leader serving url"] [new-url=http://127.0.0.1:2379]
[2026/07/25 02:08:58.041 +08:00] [INFO] [inner_client.go:173] ["[pd] tso provider changed to pd"]
[2026/07/25 02:08:58.041 +08:00] [INFO] [watcher.go:56] ["[pd] start the deadline watcher"] [source=tso]
[2026/07/25 02:08:58.041 +08:00] [INFO] [dispatcher.go:146] ["[tso] tso dispatcher created"]
[2026/07/25 02:08:58.041 +08:00] [INFO] [dispatcher.go:598] ["[tso] switching tso rpc concurrency"] [old=0] [new=1]
[2026/07/25 02:08:58.041 +08:00] [INFO] [client.go:251] ["[tso] start tso connection contexts updater"]
[2026/07/25 02:08:58.042 +08:00] [INFO] [inner_client.go:154] ["[pd] service mode changed"] [new-mode=PD_SVC_MODE]
[2026/07/25 02:08:58.042 +08:00] [INFO] [router_service_discovery.go:162] ["[router service] created router service discovery"] [cluster-id=7666155928670674007] [keyspace-id=1] [default-discovery-key=/ms/7666155928670674007/router/registry/]
[2026/07/25 02:08:58.042 +08:00] [INFO] [router_service_discovery.go:174] ["[router service] initializing router service discovery"] [max-retry-times=100] [retry-interval=1s]
[2026/07/25 02:08:58.043 +08:00] [INFO] [router_service_discovery.go:260] ["[router service] update member sorted urls"] [new-sorted-urls="[]"]
[2026/07/25 02:08:58.043 +08:00] [INFO] [router_service_discovery.go:245] ["[router service] updating nodes succeeded"] [urls="[]"] [clients-length=0]
[2026/07/25 02:08:58.043 +08:00] [INFO] [client.go:407] ["[pd] create pd client with endpoints and keyspace"] [pd-address="[127.0.0.1:2379]"] [keyspace-name=SYSTEM] [keyspace-id=1]
[2026/07/25 02:08:58.043 +08:00] [INFO] [service_discovery.go:562] ["[pd] exit member loop due to context canceled"]
[2026/07/25 02:08:58.043 +08:00] [INFO] [dispatcher.go:207] ["[tso] stop fetching the pending tso requests due to context canceled"]
[2026/07/25 02:08:58.043 +08:00] [INFO] [client.go:277] ["[tso] exit tso connection contexts updater"]
[2026/07/25 02:08:58.043 +08:00] [INFO] [resource_manager_client.go:341] ["[resource manager] exit resource token dispatcher"]
[2026/07/25 02:08:58.043 +08:00] [INFO] [router_service_discovery.go:273] ["[router service] exit check member loop"]
[2026/07/25 02:08:58.043 +08:00] [INFO] [dispatcher.go:149] ["[tso] exit tso dispatcher"]
[2026/07/25 02:08:58.043 +08:00] [INFO] [router_service_discovery.go:315] ["[router service] exit health check member loop"]
[2026/07/25 02:08:58.043 +08:00] [INFO] [watcher.go:73] ["[pd] exit the deadline watcher"] [source=tso]
[2026/07/25 02:08:58.043 +08:00] [INFO] [inner_client.go:91] ["[pd] start router client initializer"]
[2026/07/25 02:08:58.043 +08:00] [INFO] [inner_client.go:103] ["[pd] notified to disable the router client"]
[2026/07/25 02:08:58.043 +08:00] [INFO] [inner_client.go:96] ["[pd] exit router client initializer"]
[2026/07/25 02:08:58.043 +08:00] [INFO] [stream.go:366] ["tsoStream.recvLoop ended"] [stream=127.0.0.1:2379-3] [error="rpc error: code = Canceled desc = context canceled"] [errorVerbose="rpc error: code = Canceled desc = context canceled\ngithub.com/tikv/pd/client/clients/tso.(*tsoStream).recvLoop\n\t/Users/bba/.gvm/pkgsets/go1.25.1/global/pkg/mod/github.com/tikv/pd/client@v0.0.0-20260708075407-4e05b9d2c2d3/clients/tso/stream.go:434\nruntime.goexit\n\t/Users/bba/.gvm/pkgsets/go1.25.1/global/pkg/mod/golang.org/toolchain@v0.0.1-go1.25.10.darwin-arm64/src/runtime/asm_arm64.s:1268"]
[2026/07/25 02:08:58.043 +08:00] [INFO] [router_service_discovery.go:287] ["[router service] closing router service discovery"]
[2026/07/25 02:08:58.043 +08:00] [INFO] [router_service_discovery.go:303] ["[router service] is closed"]
[2026/07/25 02:08:58.043 +08:00] [INFO] [client.go:155] ["[tso] closing tso client"]
[2026/07/25 02:08:58.043 +08:00] [INFO] [client.go:160] ["[tso] close tso client"]
[2026/07/25 02:08:58.043 +08:00] [INFO] [client.go:162] ["[tso] tso client is closed"]
[2026/07/25 02:08:58.043 +08:00] [INFO] [service_discovery.go:653] ["[pd] close service discovery client"]
[2026/07/25 02:08:58.043 +08:00] [INFO] [inner_client.go:275] ["[pd] close client successfully"]
[2026/07/25 02:08:58.044 +08:00] [INFO] [store_cache.go:572] ["change store resolve state"] [store=1] [addr=127.0.0.1:20160] [from=unresolved] [to=resolved] [liveness-state=reachable]
[2026/07/25 02:08:58.052 +08:00] [INFO] [session.go:4452] ["cluster already bootstrapped"] [version=283]
[2026/07/25 02:08:58.052 +08:00] [INFO] [tidb.go:103] ["new domain"] [store=tikv-7666155928670674007/keyspace1] ["ddl lease"=500ms] ["stats lease"=3s]
[2026/07/25 02:08:58.054 +08:00] [INFO] [syncer.go:258] ["found stale server info with same IP+Port, cleaning up"] [staleID=df0796ac-0764-4d8f-b2e6-e808edb54f7d] [ip=] [port=4002]
[2026/07/25 02:08:58.057 +08:00] [INFO] [info.go:279] ["init TiFlashReplicaManager"]
[2026/07/25 02:08:58.062 +08:00] [INFO] [domain.go:2708] [acquireServerID] [serverID=1391] ["lease id"=22319f9549069314]
[2026/07/25 02:08:58.063 +08:00] [INFO] [global_controller.go:219] ["load resource controller config"] [config="{\"degraded-mode-wait-duration\":\"0s\",\"ltb-max-wait-duration\":\"30s\",\"ltb-token-rpc-max-delay\":\"1s\",\"request-unit\":{\"read-base-cost\":0.125,\"read-per-batch-base-cost\":0.5,\"read-cost-per-byte\":0.0000152587890625,\"write-base-cost\":1,\"write-per-batch-base-cost\":1,\"write-cost-per-byte\":0.0009765625,\"read-cpu-ms-cost\":0.3333333333333333},\"enable-controller-trace-log\":\"false\",\"token-rpc-params\":{\"wait-retry-interval\":\"50ms\",\"wait-retry-times\":20}}"] [ru-config="{\"ReadBaseCost\":0.125,\"ReadPerBatchBaseCost\":0.5,\"ReadBytesCost\":0.0000152587890625,\"WriteBaseCost\":1,\"WritePerBatchBaseCost\":1,\"WriteBytesCost\":0.0009765625,\"CPUMsCost\":0.3333333333333333,\"LTBMaxWaitDuration\":30000000000,\"WaitRetryInterval\":50000000,\"WaitRetryTimes\":20,\"DegradedModeWaitDuration\":0}"] [keyspace-id=2]
[2026/07/25 02:08:58.073 +08:00] [INFO] [global_controller.go:586] ["[resource group controller] create resource group cost controller"] [name=default]
[2026/07/25 02:08:58.074 +08:00] [INFO] [loader.go:281] ["full load InfoSchema success"] [mode=auto] [isV2=true] [currentSchemaVersion=0] [neededSchemaVersion=26] ["elapsed time"=8.415083ms]
[2026/07/25 02:08:58.074 +08:00] [INFO] [syncer.go:456] ["full load and reset schema validator"]
[2026/07/25 02:08:58.077 +08:00] [INFO] [ddl.go:1157] ["DDL closed"] [category=ddl] [ID=c14c9ba1-4c68-49df-b4f0-ddd5acc2fb68] ["take time"=662.625µs]
[2026/07/25 02:08:58.077 +08:00] [INFO] [ddl.go:848] ["stop DDL"] [category=ddl] [ID=c14c9ba1-4c68-49df-b4f0-ddd5acc2fb68]
[2026/07/25 02:08:58.078 +08:00] [INFO] [domain.go:2733] ["releaseServerID succeed"] [serverID=1391] [leaseID=2463925934672483092]
[2026/07/25 02:08:58.078 +08:00] [WARN] [meta_storage_client.go:165] ["watch stream closed"] [error="rpc error: code = Canceled desc = context canceled"]
[2026/07/25 02:08:58.078 +08:00] [WARN] [meta_storage_client.go:165] ["watch stream closed"] [error="rpc error: code = Canceled desc = context canceled"]
[2026/07/25 02:08:58.080 +08:00] [INFO] [domain.go:550] ["domain closed"] ["take time"=3.116584ms]
[2026/07/25 02:08:58.080 +08:00] [INFO] [tidb.go:103] ["new domain"] [store=tikv-7666155928670674007/keyspace1] ["ddl lease"=500ms] ["stats lease"=3s]
[2026/07/25 02:08:58.086 +08:00] [INFO] [info.go:279] ["init TiFlashReplicaManager"]
[2026/07/25 02:08:58.089 +08:00] [INFO] [domain.go:2708] [acquireServerID] [serverID=1437] ["lease id"=22319f954906932d]
[2026/07/25 02:08:58.090 +08:00] [INFO] [global_controller.go:219] ["load resource controller config"] [config="{\"degraded-mode-wait-duration\":\"0s\",\"ltb-max-wait-duration\":\"30s\",\"ltb-token-rpc-max-delay\":\"1s\",\"request-unit\":{\"read-base-cost\":0.125,\"read-per-batch-base-cost\":0.5,\"read-cost-per-byte\":0.0000152587890625,\"write-base-cost\":1,\"write-per-batch-base-cost\":1,\"write-cost-per-byte\":0.0009765625,\"read-cpu-ms-cost\":0.3333333333333333},\"enable-controller-trace-log\":\"false\",\"token-rpc-params\":{\"wait-retry-interval\":\"50ms\",\"wait-retry-times\":20}}"] [ru-config="{\"ReadBaseCost\":0.125,\"ReadPerBatchBaseCost\":0.5,\"ReadBytesCost\":0.0000152587890625,\"WriteBaseCost\":1,\"WritePerBatchBaseCost\":1,\"WriteBytesCost\":0.0009765625,\"CPUMsCost\":0.3333333333333333,\"LTBMaxWaitDuration\":30000000000,\"WaitRetryInterval\":50000000,\"WaitRetryTimes\":20,\"DegradedModeWaitDuration\":0}"] [keyspace-id=2]
[2026/07/25 02:08:58.101 +08:00] [INFO] [loader.go:281] ["full load InfoSchema success"] [mode=auto] [isV2=true] [currentSchemaVersion=0] [neededSchemaVersion=26] ["elapsed time"=9.004458ms]
[2026/07/25 02:08:58.101 +08:00] [INFO] [syncer.go:456] ["full load and reset schema validator"]
[2026/07/25 02:08:58.101 +08:00] [INFO] [ddl.go:881] ["start DDL"] [category=ddl] [ID=c14c9ba1-4c68-49df-b4f0-ddd5acc2fb68] [runWorker=true] [jobVersion=v2] [startMode=normal]
[2026/07/25 02:08:58.101 +08:00] [INFO] [ddl.go:856] ["start delRangeManager OK"] [category=ddl] ["is a emulator"=false]
[2026/07/25 02:08:58.103 +08:00] [INFO] [manager.go:289] ["start campaign owner"] [key=/tidb/ddl/fg/owner] [id=c14c9ba1-4c68-49df-b4f0-ddd5acc2fb68]
[2026/07/25 02:08:58.103 +08:00] [INFO] [global_controller.go:586] ["[resource group controller] create resource group cost controller"] [name=default]
[2026/07/25 02:08:58.103 +08:00] [INFO] [env.go:123] ["the ingest sorted directory"] [category=ddl-ingest] ["data path"=/tmp/tidb/tmp_ddl-4002]
[2026/07/25 02:08:58.104 +08:00] [WARN] [env.go:84] ["ingest backfill may not be available"] [category=ddl-ingest] [error="the available disk space(33694093312) in /tmp/tidb/tmp_ddl-4002 should be greater than @@tidb_ddl_disk_quota(107374182400)"] [errorVerbose="the available disk space(33694093312) in /tmp/tidb/tmp_ddl-4002 should be greater than @@tidb_ddl_disk_quota(107374182400)\ngithub.com/pingcap/tidb/pkg/ddl/ingest.(*diskRootImpl).StartupCheck\n\t/Users/bba/pc/tidb-ai-critical-scan/pkg/ddl/ingest/disk_root.go:191\ngithub.com/pingcap/tidb/pkg/ddl/ingest.InitGlobalLightningEnv\n\t/Users/bba/pc/tidb-ai-critical-scan/pkg/ddl/ingest/env.go:82\ngithub.com/pingcap/tidb/pkg/ddl.(*ddl).Start\n\t/Users/bba/pc/tidb-ai-critical-scan/pkg/ddl/ddl.go:942\ngithub.com/pingcap/tidb/pkg/domain.(*Domain).Start\n\t/Users/bba/pc/tidb-ai-critical-scan/pkg/domain/domain.go:809\ngithub.com/pingcap/tidb/pkg/session.bootstrapSessionImpl\n\t/Users/bba/pc/tidb-ai-critical-scan/pkg/session/session.go:4517\ngithub.com/pingcap/tidb/pkg/session.BootstrapSession\n\t/Users/bba/pc/tidb-ai-critical-scan/pkg/session/session.go:4387\ngithub.com/pingcap/tidb/tests/realtikvtest.CreateMockStoreAndDomainAndSetup\n\t/Users/bba/pc/tidb-ai-critical-scan/tests/realtikvtest/testkit.go:297\ngithub.com/pingcap/tidb/tests/realtikvtest.PrepareForCrossKSTestWithNewCollation\n\t/Users/bba/pc/tidb-ai-critical-scan/tests/realtikvtest/testkit.go:214\ngithub.com/pingcap/tidb/tests/realtikvtest.PrepareForCrossKSTest\n\t/Users/bba/pc/tidb-ai-critical-scan/tests/realtikvtest/testkit.go:179\ngithub.com/pingcap/tidb/tests/realtikvtest/importintotest3.TestAINativeImportIntoWritesToRenamedOldTarget\n\t/Users/bba/pc/tidb-ai-critical-scan/tests/realtikvtest/importintotest3/cross_ks_test.go:791\ntesting.tRunner\n\t/Users/bba/.gvm/pkgsets/go1.25.1/global/pkg/mod/golang.org/toolchain@v0.0.1-go1.25.10.darwin-arm64/src/testing/testing.go:1934\nruntime.goexit\n\t/Users/bba/.gvm/pkgsets/go1.25.1/global/pkg/mod/golang.org/toolchain@v0.0.1-go1.25.10.darwin-arm64/src/runtime/asm_arm64.s:1268"]
[2026/07/25 02:08:58.104 +08:00] [INFO] [env.go:88] ["init global ingest backend environment finished"] [category=ddl-ingest] ["memory limitation"=19327352832] ["disk usage info"="disk usage: 960968491008/994662584320, backend usage: 0"] ["max open file number"=138240] ["lightning is initialized"=true]
[2026/07/25 02:08:58.104 +08:00] [INFO] [wait_group_wrapper.go:141] ["background process started"] [source=domain] [process=loadSchemaInLoop]
[2026/07/25 02:08:58.104 +08:00] [INFO] [wait_group_wrapper.go:141] ["background process started"] [source=domain] [process=mdlCheckLoop]
[2026/07/25 02:08:58.104 +08:00] [INFO] [wait_group_wrapper.go:141] ["background process started"] [source=domain] [process=topNSlowQueryLoop]
[2026/07/25 02:08:58.104 +08:00] [INFO] [wait_group_wrapper.go:141] ["background process started"] [source=domain] [process=infoSyncerKeeper]
[2026/07/25 02:08:58.104 +08:00] [INFO] [wait_group_wrapper.go:141] ["background process started"] [source=domain] [process=globalConfigSyncerKeeper]
[2026/07/25 02:08:58.104 +08:00] [INFO] [wait_group_wrapper.go:141] ["background process started"] [source=domain] [process=runawayRecordFlushLoop]
[2026/07/25 02:08:58.104 +08:00] [INFO] [wait_group_wrapper.go:141] ["background process started"] [source=domain] [process=runawayWatchSyncLoop]
[2026/07/25 02:08:58.104 +08:00] [INFO] [wait_group_wrapper.go:141] ["background process started"] [source=domain] [process=requestUnitsWriterLoop]
[2026/07/25 02:08:58.104 +08:00] [INFO] [wait_group_wrapper.go:141] ["background process started"] [source=domain] [process=topologySyncerKeeper]
[2026/07/25 02:08:58.104 +08:00] [INFO] [wait_group_wrapper.go:150] ["background process exited"] [source=domain] [process=requestUnitsWriterLoop]
[2026/07/25 02:08:58.104 +08:00] [INFO] [wait_group_wrapper.go:141] ["background process started"] [source=domain] [process=closestReplicaReadCheckLoop]
[2026/07/25 02:08:58.104 +08:00] [INFO] [owner_daemon.go:70] ["begin advancer daemon"] [daemon-id=LogBackup::Advancer]
[2026/07/25 02:08:58.104 +08:00] [INFO] [manager.go:289] ["start campaign owner"] [key=/tidb/br-stream/owner] [id=e6a1664f-4250-41e1-ad37-8e6106aa14dc]
[2026/07/25 02:08:58.106 +08:00] [INFO] [manager.go:527] ["get owner"] [key=/tidb/ddl/fg/owner] ["owner key"=/tidb/ddl/fg/owner/22319f9549069337] [ownerID=c14c9ba1-4c68-49df-b4f0-ddd5acc2fb68]
[2026/07/25 02:08:58.106 +08:00] [INFO] [manager.go:324] ["become owner"] [key=/tidb/ddl/fg/owner] [id=c14c9ba1-4c68-49df-b4f0-ddd5acc2fb68]
[2026/07/25 02:08:58.106 +08:00] [INFO] [manager.go:616] ["watching owner key"] [key=/tidb/ddl/fg/owner] [id=c14c9ba1-4c68-49df-b4f0-ddd5acc2fb68] [ownerKey=/tidb/ddl/fg/owner/22319f9549069337] [currRev=598]
[2026/07/25 02:08:58.106 +08:00] [INFO] [wait_group_wrapper.go:141] ["background process started"] [source=domain] [process=logBackupAdvancer]
[2026/07/25 02:08:58.106 +08:00] [INFO] [domain.go:874] ["loading system keyspace info schema"]
[2026/07/25 02:08:58.106 +08:00] [INFO] [manager.go:527] ["get owner"] [key=/tidb/br-stream/owner] ["owner key"=/tidb/br-stream/owner/22319f954906933a] [ownerID=e6a1664f-4250-41e1-ad37-8e6106aa14dc]
[2026/07/25 02:08:58.106 +08:00] [INFO] [manager.go:324] ["become owner"] [key=/tidb/br-stream/owner] [id=e6a1664f-4250-41e1-ad37-8e6106aa14dc]
[2026/07/25 02:08:58.106 +08:00] [INFO] [manager.go:616] ["watching owner key"] [key=/tidb/br-stream/owner] [id=e6a1664f-4250-41e1-ad37-8e6106aa14dc] [ownerKey=/tidb/br-stream/owner/22319f954906933a] [currRev=598]
[2026/07/25 02:08:58.106 +08:00] [INFO] [owner_daemon.go:81] ["begin running daemon"] [id=e6a1664f-4250-41e1-ad37-8e6106aa14dc] [daemon-id=LogBackup::Advancer]
[2026/07/25 02:08:58.108 +08:00] [INFO] [job_scheduler.go:363] ["get global state and global state change"] [category=ddl] [oldState=false] [currState=false]
[2026/07/25 02:08:58.109 +08:00] [INFO] [manager.go:561] ["set owner op is the same as the original, so do nothing."] [key=/tidb/ddl/fg/owner] [id=c14c9ba1-4c68-49df-b4f0-ddd5acc2fb68] [op=none]
[2026/07/25 02:08:58.109 +08:00] [INFO] [job_scheduler.go:375] ["the owner sets owner operator value"] [category=ddl] [ownerOp=none]
[2026/07/25 02:08:58.109 +08:00] [INFO] [syncer.go:258] ["found stale server info with same IP+Port, cleaning up"] [staleID=09e03c6a-5af0-4e05-8a72-ca54edca4ecf] [ip=] [port=4002]
[2026/07/25 02:08:58.120 +08:00] [INFO] [loader.go:281] ["full load InfoSchema success"] [targetKS=SYSTEM] [mode=full] [isV2=false] [currentSchemaVersion=0] [neededSchemaVersion=3] ["elapsed time"=5.677917ms]
[2026/07/25 02:08:58.120 +08:00] [INFO] [syncer.go:456] ["full load and reset schema validator"] [targetKS=SYSTEM]
[2026/07/25 02:08:58.120 +08:00] [INFO] [cross_ks.go:346] ["create cross keyspace session manager"] [targetKS=SYSTEM] [cost=13.985833ms]
[2026/07/25 02:08:58.120 +08:00] [WARN] [sysvar_cache.go:53] ["sysvar cache is empty, triggering rebuild"]
[2026/07/25 02:08:58.123 +08:00] [INFO] [wait_group_wrapper.go:141] ["background process started"] [source=domain] [process=loadPrivilegeInLoop]
[2026/07/25 02:08:58.126 +08:00] [INFO] [wait_group_wrapper.go:141] ["background process started"] [source=domain] [process=LoadSysVarCacheLoop]
[2026/07/25 02:08:58.127 +08:00] [INFO] [binding_cache.go:75] ["load bindings"] [category=sql-bind] [fullLoad=true] [fromRemote=false] [cacheSizeChange=false] [hasNewBinding=false] [cacheCapacity=67108864] [cacheUsage=0] [cachedBindingNum=0] [duration=1.568583ms] []
[2026/07/25 02:08:58.127 +08:00] [INFO] [manager.go:289] ["start campaign owner"] [key=/tidb/bindinfo/owner] [id=c14c9ba1-4c68-49df-b4f0-ddd5acc2fb68]
[2026/07/25 02:08:58.128 +08:00] [INFO] [wait_group_wrapper.go:141] ["background process started"] [source=domain] [process=globalBindHandleWorkerLoop]
[2026/07/25 02:08:58.130 +08:00] [INFO] [manager.go:527] ["get owner"] [key=/tidb/bindinfo/owner] ["owner key"=/tidb/bindinfo/owner/22319f9549069352] [ownerID=c14c9ba1-4c68-49df-b4f0-ddd5acc2fb68]
[2026/07/25 02:08:58.130 +08:00] [INFO] [manager.go:324] ["become owner"] [key=/tidb/bindinfo/owner] [id=c14c9ba1-4c68-49df-b4f0-ddd5acc2fb68]
[2026/07/25 02:08:58.130 +08:00] [INFO] [manager.go:616] ["watching owner key"] [key=/tidb/bindinfo/owner] [id=c14c9ba1-4c68-49df-b4f0-ddd5acc2fb68] [ownerKey=/tidb/bindinfo/owner/22319f9549069352] [currRev=602]
[2026/07/25 02:08:58.132 +08:00] [INFO] [wait_group_wrapper.go:141] ["background process started"] [source=domain] [process=PlanReplayerTaskCollectHandle]
[2026/07/25 02:08:58.132 +08:00] [INFO] [wait_group_wrapper.go:141] ["background process started"] [source=domain] [process=PlanReplayerTaskDumpHandle]
[2026/07/25 02:08:58.132 +08:00] [INFO] [wait_group_wrapper.go:141] ["background process started"] [source=domain] [process=dumpFileGcChecker]
[2026/07/25 02:08:58.132 +08:00] [INFO] [domain.go:1803] ["PlanReplayerTaskCollectHandle started"]
[2026/07/25 02:08:58.132 +08:00] [INFO] [wait_group_wrapper.go:141] ["background process started"] [source=domain] [process=HistoricalStatsWorker]
[2026/07/25 02:08:58.132 +08:00] [INFO] [domain.go:1857] ["dumpFileGcChecker started"]
[2026/07/25 02:08:58.132 +08:00] [INFO] [domain.go:1825] ["PlanReplayerTaskDumpHandle started"]
[2026/07/25 02:08:58.132 +08:00] [INFO] [domain.go:1890] ["HistoricalStatsWorker started"]
[2026/07/25 02:08:58.132 +08:00] [INFO] [plan_replayer.go:407] ["planReplayerTaskDumpWorker started."]
[2026/07/25 02:08:58.132 +08:00] [INFO] [wait_group_wrapper.go:141] ["background process started"] [source=domain] [process=loadStatsWorker]
[2026/07/25 02:08:58.132 +08:00] [INFO] [manager.go:289] ["start campaign owner"] [key=/tidb/stats/owner] [id=c14c9ba1-4c68-49df-b4f0-ddd5acc2fb68]
[2026/07/25 02:08:58.133 +08:00] [INFO] [wait_group_wrapper.go:141] ["background process started"] [source=domain] [process=indexUsageWorker]
[2026/07/25 02:08:58.133 +08:00] [INFO] [wait_group_wrapper.go:141] ["background process started"] [source=domain] [process=asyncLoadHistogram]
[2026/07/25 02:08:58.133 +08:00] [INFO] [wait_group_wrapper.go:141] ["background process started"] [source=domain] [process=deltaUpdateTickerWorker]
[2026/07/25 02:08:58.133 +08:00] [INFO] [wait_group_wrapper.go:141] ["background process started"] [source=domain] [process=dumpColStatsUsageWorker]
[2026/07/25 02:08:58.133 +08:00] [INFO] [wait_group_wrapper.go:141] ["background process started"] [source=domain] [process=gcStatsWorker]
[2026/07/25 02:08:58.133 +08:00] [INFO] [wait_group_wrapper.go:141] ["background process started"] [source=domain] [process=autoAnalyzeWorker]
[2026/07/25 02:08:58.133 +08:00] [INFO] [wait_group_wrapper.go:141] ["background process started"] [source=domain] [process=analyzeJobsCleanupWorker]
[2026/07/25 02:08:58.133 +08:00] [INFO] [domain.go:2058] ["start load stats sub workers"] [workerCount=6]
[2026/07/25 02:08:58.133 +08:00] [INFO] [wait_group_wrapper.go:141] ["background process started"] [source=domain] [process=planCacheEvictTrigger]
[2026/07/25 02:08:58.133 +08:00] [INFO] [wait_group_wrapper.go:141] ["background process started"] [source=domain] [process=planCacheMetricsAndVars]
[2026/07/25 02:08:58.133 +08:00] [INFO] [wait_group_wrapper.go:141] ["background process started"] [source=domain] [process=readTableCostWorker]
[2026/07/25 02:08:58.134 +08:00] [INFO] [wait_group_wrapper.go:141] ["background process started"] [source=domain] [process=loadSigningCertLoop]
[2026/07/25 02:08:58.134 +08:00] [INFO] [domain.go:1108] ["skip running DXF in user keyspace"]
[2026/07/25 02:08:58.134 +08:00] [INFO] [domain.go:2274] ["dumpColStatsUsageWorker started."]
[2026/07/25 02:08:58.134 +08:00] [INFO] [domain.go:2301] ["deltaUpdateTickerWorker started."]
[2026/07/25 02:08:58.134 +08:00] [INFO] [notifier.go:225] ["etcd notify loop to watch timer events started"] [EtcdKey=/tidb/timer/cluster/1/notify/641a21d5-6b86-4145-8f03-7e646a629e0e]
[2026/07/25 02:08:58.134 +08:00] [INFO] [task_manager.go:248] ["scale ttl worker"] [ttl-worker=job-manager] [ttl-worker=c14c9ba1-4c68-49df-b4f0-ddd5acc2fb68] [ttl-worker=task-manager] [ttl-worker=c14c9ba1-4c68-49df-b4f0-ddd5acc2fb68] [originalCount=0] [newCount=4]
[2026/07/25 02:08:58.134 +08:00] [INFO] [task_manager.go:248] ["scale ttl worker"] [ttl-worker=job-manager] [ttl-worker=c14c9ba1-4c68-49df-b4f0-ddd5acc2fb68] [ttl-worker=task-manager] [ttl-worker=c14c9ba1-4c68-49df-b4f0-ddd5acc2fb68] [originalCount=0] [newCount=4]
[2026/07/25 02:08:58.134 +08:00] [INFO] [job_manager.go:519] ["TTL leader to collect delay metrics"] [ttl-worker=job-manager] [ttl-worker=c14c9ba1-4c68-49df-b4f0-ddd5acc2fb68]
[2026/07/25 02:08:58.136 +08:00] [INFO] [bootstrap.go:872] ["Complete loading the stats meta in the lite mode"] [category=stats] [duration=3.196916ms]
[2026/07/25 02:08:58.136 +08:00] [INFO] [manager.go:527] ["get owner"] [key=/tidb/stats/owner] ["owner key"=/tidb/stats/owner/22319f9549069357] [ownerID=c14c9ba1-4c68-49df-b4f0-ddd5acc2fb68]
[2026/07/25 02:08:58.137 +08:00] [INFO] [manager.go:324] ["become owner"] [key=/tidb/stats/owner] [id=c14c9ba1-4c68-49df-b4f0-ddd5acc2fb68]
[2026/07/25 02:08:58.137 +08:00] [INFO] [manager.go:616] ["watching owner key"] [key=/tidb/stats/owner] [id=c14c9ba1-4c68-49df-b4f0-ddd5acc2fb68] [ownerKey=/tidb/stats/owner/22319f9549069357] [currRev=603]
[2026/07/25 02:08:58.138 +08:00] [INFO] [job_manager.go:1096] ["TTL leader to DoGC"] [ttl-worker=job-manager] [ttl-worker=c14c9ba1-4c68-49df-b4f0-ddd5acc2fb68]
[2026/07/25 02:08:58.138 +08:00] [INFO] [bootstrap.go:879] ["Complete loading the histogram in the lite mode"] [category=stats] [duration=1.644875ms]
[2026/07/25 02:08:58.138 +08:00] [INFO] [domain.go:2101] ["Init stats succeed"] [category=stats] [isLiteInitStats=true] [duration=5.928792ms]
[2026/07/25 02:08:58.138 +08:00] [INFO] [domain.go:2235] ["gcStatsWorker started."]
[2026/07/25 02:08:58.143 +08:00] [INFO] [set.go:194] ["set global var"] [conn=2] [name=innodb_lock_wait_timeout] [val=50]
    testkit.go:325: cleaned up ddl and tables
[2026/07/25 02:08:58.158 +08:00] [INFO] [job_submitter.go:118] ["add DDL jobs"] [category=ddl] ["batch count"=1] [jobs="ID:34, Type:drop schema, State:queueing, SchemaState:public, SchemaID:27, TableID:0, RowCount:0, ArgLen:1, start time: 2026-07-25 02:08:58.109 +0800 CST, Err:<nil>, ErrCount:0, SnapshotVersion:0, Version: v2; "] [fast_create=true]
[2026/07/25 02:08:58.158 +08:00] [INFO] [executor.go:7285] ["DDL job submitted"] [category=ddl] [job="ID:34, Type:drop schema, State:queueing, SchemaState:public, SchemaID:27, TableID:0, RowCount:0, ArgLen:1, start time: 2026-07-25 02:08:58.109 +0800 CST, Err:<nil>, ErrCount:0, SnapshotVersion:0, Version: v2"] [query="drop database if exists cross_ks_stale_table"]
[2026/07/25 02:08:58.161 +08:00] [INFO] [lock_resolver.go:1631] ["txn lock cleanup resolve-lock rpc finished"] [action=commit] [txnStartTS=467905160966045762] [commitTS=467905160966045763] [regionID=18] [resolveLite=true] [resolvedByCheckTxnStatus=false]
[2026/07/25 02:08:58.162 +08:00] [INFO] [job_worker.go:854] ["run one job step"] [category=ddl] [jobID=34] [conn=3] [job="ID:34, Type:drop schema, State:queueing, SchemaState:public, SchemaID:27, TableID:0, RowCount:0, ArgLen:0, start time: 2026-07-25 02:08:58.109 +0800 CST, Err:<nil>, ErrCount:0, SnapshotVersion:0, Version: v2"]
[2026/07/25 02:08:58.177 +08:00] [INFO] [loader.go:216] ["diff load InfoSchema success"] [mode=auto] [isV2=true] [currVer=26] [neededVer=27] [gotVer=27] ["elapsed time"=2.297625ms] [phyTblIDs="[29,31]"] [actionTypes="[2,2]"] [diffTypes="[\"drop schema\"]"]
[2026/07/25 02:08:58.178 +08:00] [INFO] [syncer.go:281] ["mdl gets lock, update self version to owner"] [jobID=34] [version=27]
[2026/07/25 02:08:58.179 +08:00] [INFO] [schema_version.go:397] ["wait schema version synced success"] [category=ddl] [ver=27] [checkAssumedSvr=false] ["take time"=6.182166ms] [job="ID:34, Type:drop schema, State:running, SchemaState:write only, SchemaID:27, TableID:0, RowCount:0, ArgLen:1, start time: 2026-07-25 02:08:58.109 +0800 CST, Err:<nil>, ErrCount:0, SnapshotVersion:0, Version: v2"] [summary="server count: 1"]
[2026/07/25 02:08:58.184 +08:00] [INFO] [job_worker.go:854] ["run one job step"] [category=ddl] [jobID=34] [conn=3] [job="ID:34, Type:drop schema, State:running, SchemaState:write only, SchemaID:27, TableID:0, RowCount:0, ArgLen:0, start time: 2026-07-25 02:08:58.109 +0800 CST, Err:<nil>, ErrCount:0, SnapshotVersion:0, Version: v2"]
[2026/07/25 02:08:58.195 +08:00] [INFO] [loader.go:216] ["diff load InfoSchema success"] [mode=auto] [isV2=true] [currVer=27] [neededVer=28] [gotVer=28] ["elapsed time"=13.042µs] [phyTblIDs="[]"] [actionTypes="[]"] [diffTypes="[\"drop schema\"]"]
[2026/07/25 02:08:58.196 +08:00] [INFO] [syncer.go:281] ["mdl gets lock, update self version to owner"] [jobID=34] [version=28]
[2026/07/25 02:08:58.197 +08:00] [INFO] [schema_version.go:397] ["wait schema version synced success"] [category=ddl] [ver=28] [checkAssumedSvr=false] ["take time"=3.872209ms] [job="ID:34, Type:drop schema, State:running, SchemaState:delete only, SchemaID:27, TableID:0, RowCount:0, ArgLen:0, start time: 2026-07-25 02:08:58.109 +0800 CST, Err:<nil>, ErrCount:0, SnapshotVersion:0, Version: v2"] [summary="server count: 1"]
[2026/07/25 02:08:58.202 +08:00] [INFO] [job_worker.go:854] ["run one job step"] [category=ddl] [jobID=34] [conn=3] [job="ID:34, Type:drop schema, State:running, SchemaState:delete only, SchemaID:27, TableID:0, RowCount:0, ArgLen:0, start time: 2026-07-25 02:08:58.109 +0800 CST, Err:<nil>, ErrCount:0, SnapshotVersion:0, Version: v2"]
[2026/07/25 02:08:58.209 +08:00] [WARN] [ddl.go:700] ["fail to notify DDL event"] [category=ddl] [event="(Event Type: drop schema)"]
[2026/07/25 02:08:58.215 +08:00] [INFO] [loader.go:216] ["diff load InfoSchema success"] [mode=auto] [isV2=true] [currVer=28] [neededVer=29] [gotVer=29] ["elapsed time"=11.333µs] [phyTblIDs="[]"] [actionTypes="[]"] [diffTypes="[\"drop schema\"]"]
[2026/07/25 02:08:58.216 +08:00] [INFO] [syncer.go:281] ["mdl gets lock, update self version to owner"] [jobID=34] [version=29]
[2026/07/25 02:08:58.218 +08:00] [INFO] [schema_version.go:397] ["wait schema version synced success"] [category=ddl] [ver=29] [checkAssumedSvr=false] ["take time"=4.010209ms] [job="ID:34, Type:drop schema, State:done, SchemaState:none, SchemaID:27, TableID:0, RowCount:0, ArgLen:1, start time: 2026-07-25 02:08:58.109 +0800 CST, Err:<nil>, ErrCount:0, SnapshotVersion:0, Version: v2"] [summary="server count: 1"]
[2026/07/25 02:08:58.223 +08:00] [INFO] [delete_range.go:470] ["insert into delete-range table"] [category=ddl] [jobID=34] [tableIDs="[29,31]"] [comment="drop schema: table IDs"]
[2026/07/25 02:08:58.232 +08:00] [INFO] [delete_range.go:112] ["add job into delete-range table"] [category=ddl] [jobID=34] [jobType="drop schema"]
[2026/07/25 02:08:58.232 +08:00] [INFO] [job_worker.go:447] ["finish DDL job"] [category=ddl] [jobID=34] [conn=3] [job="ID:34, Type:drop schema, State:synced, SchemaState:none, SchemaID:27, TableID:0, RowCount:0, ArgLen:1, start time: 2026-07-25 02:08:58.109 +0800 CST, Err:<nil>, ErrCount:0, SnapshotVersion:0, Version: v2"]
[2026/07/25 02:08:58.248 +08:00] [INFO] [executor.go:7423] ["DDL job is finished"] [category=ddl] [jobID=34]
[2026/07/25 02:08:58.248 +08:00] [INFO] [session.go:5229] ["CRUCIAL OPERATION"] [conn=3] [schemaVersion=29] [cur_db=] [sql="drop database if exists cross_ks_stale_table"] [user=]
[2026/07/25 02:08:58.257 +08:00] [INFO] [job_submitter.go:118] ["add DDL jobs"] [category=ddl] ["batch count"=1] [jobs="ID:36, Type:create schema, State:queueing, SchemaState:none, SchemaID:35, TableID:0, RowCount:0, ArgLen:1, start time: 2026-07-25 02:08:58.209 +0800 CST, Err:<nil>, ErrCount:0, SnapshotVersion:0, Version: v2; "] [fast_create=true]
[2026/07/25 02:08:58.257 +08:00] [INFO] [executor.go:7285] ["DDL job submitted"] [category=ddl] [job="ID:36, Type:create schema, State:queueing, SchemaState:none, SchemaID:35, TableID:0, RowCount:0, ArgLen:1, start time: 2026-07-25 02:08:58.209 +0800 CST, Err:<nil>, ErrCount:0, SnapshotVersion:0, Version: v2"] [query="create database cross_ks_stale_table"]
[2026/07/25 02:08:58.259 +08:00] [INFO] [lock_resolver.go:1631] ["txn lock cleanup resolve-lock rpc finished"] [action=commit] [txnStartTS=467905160992260123] [commitTS=467905160992260124] [regionID=18] [resolveLite=true] [resolvedByCheckTxnStatus=false]
[2026/07/25 02:08:58.260 +08:00] [INFO] [job_worker.go:854] ["run one job step"] [category=ddl] [jobID=36] [conn=3] [job="ID:36, Type:create schema, State:queueing, SchemaState:none, SchemaID:35, TableID:0, RowCount:0, ArgLen:0, start time: 2026-07-25 02:08:58.209 +0800 CST, Err:<nil>, ErrCount:0, SnapshotVersion:0, Version: v2"]
[2026/07/25 02:08:58.274 +08:00] [INFO] [loader.go:216] ["diff load InfoSchema success"] [mode=auto] [isV2=true] [currVer=29] [neededVer=30] [gotVer=30] ["elapsed time"=339.375µs] [phyTblIDs="[]"] [actionTypes="[]"] [diffTypes="[\"create schema\"]"]
[2026/07/25 02:08:58.277 +08:00] [INFO] [syncer.go:281] ["mdl gets lock, update self version to owner"] [jobID=36] [version=30]
[2026/07/25 02:08:58.279 +08:00] [INFO] [schema_version.go:397] ["wait schema version synced success"] [category=ddl] [ver=30] [checkAssumedSvr=false] ["take time"=7.274875ms] [job="ID:36, Type:create schema, State:done, SchemaState:public, SchemaID:35, TableID:0, RowCount:0, ArgLen:1, start time: 2026-07-25 02:08:58.209 +0800 CST, Err:<nil>, ErrCount:0, SnapshotVersion:0, Version: v2"] [summary="server count: 1"]
[2026/07/25 02:08:58.286 +08:00] [INFO] [job_worker.go:447] ["finish DDL job"] [category=ddl] [jobID=36] [conn=3] [job="ID:36, Type:create schema, State:synced, SchemaState:public, SchemaID:35, TableID:0, RowCount:0, ArgLen:0, start time: 2026-07-25 02:08:58.209 +0800 CST, Err:<nil>, ErrCount:0, SnapshotVersion:0, Version: v2"]
[2026/07/25 02:08:58.293 +08:00] [INFO] [executor.go:7423] ["DDL job is finished"] [category=ddl] [jobID=36]
[2026/07/25 02:08:58.293 +08:00] [INFO] [session.go:5229] ["CRUCIAL OPERATION"] [conn=3] [schemaVersion=30] [cur_db=] [sql="create database cross_ks_stale_table"] [user=]
[2026/07/25 02:08:58.299 +08:00] [INFO] [session.go:5229] ["CRUCIAL OPERATION"] [conn=3] [schemaVersion=30] [cur_db=cross_ks_stale_table] [sql="drop table if exists t"] [user=]
[2026/07/25 02:08:58.307 +08:00] [INFO] [executor.go:7285] ["DDL job submitted"] [category=ddl] [job="ID:38, Type:create table, State:queueing, SchemaState:none, SchemaID:35, TableID:37, RowCount:0, ArgLen:1, start time: 2026-07-25 02:08:58.26 +0800 CST, Err:<nil>, ErrCount:0, SnapshotVersion:0, Version: v2"] [query="create table t (a bigint primary key, b varchar(100));"]
[2026/07/25 02:08:58.307 +08:00] [INFO] [job_submitter.go:118] ["add DDL jobs"] [category=ddl] ["batch count"=1] [jobs="ID:38, Type:create table, State:queueing, SchemaState:none, SchemaID:35, TableID:37, RowCount:0, ArgLen:1, start time: 2026-07-25 02:08:58.26 +0800 CST, Err:<nil>, ErrCount:0, SnapshotVersion:0, Version: v2; "] [fast_create=true]
[2026/07/25 02:08:58.310 +08:00] [INFO] [lock_resolver.go:1631] ["txn lock cleanup resolve-lock rpc finished"] [action=commit] [txnStartTS=467905161005629467] [commitTS=467905161005629468] [regionID=18] [resolveLite=true] [resolvedByCheckTxnStatus=false]
[2026/07/25 02:08:58.311 +08:00] [INFO] [job_worker.go:854] ["run one job step"] [category=ddl] [jobID=38] [conn=3] [job="ID:38, Type:create table, State:queueing, SchemaState:none, SchemaID:35, TableID:37, RowCount:0, ArgLen:0, start time: 2026-07-25 02:08:58.26 +0800 CST, Err:<nil>, ErrCount:0, SnapshotVersion:0, Version: v2"]
[2026/07/25 02:08:58.316 +08:00] [WARN] [ddl.go:700] ["fail to notify DDL event"] [category=ddl] [event="(Event Type: create table, Table ID: 37, Table Name: t)"]
[2026/07/25 02:08:58.325 +08:00] [INFO] [loader.go:216] ["diff load InfoSchema success"] [mode=auto] [isV2=true] [currVer=30] [neededVer=31] [gotVer=31] ["elapsed time"=886.459µs] [phyTblIDs="[37]"] [actionTypes="[3]"] [diffTypes="[\"create table\"]"]
[2026/07/25 02:08:58.328 +08:00] [INFO] [syncer.go:281] ["mdl gets lock, update self version to owner"] [jobID=38] [version=31]
[2026/07/25 02:08:58.329 +08:00] [INFO] [schema_version.go:397] ["wait schema version synced success"] [category=ddl] [ver=31] [checkAssumedSvr=false] ["take time"=6.173917ms] [job="ID:38, Type:create table, State:done, SchemaState:public, SchemaID:35, TableID:37, RowCount:0, ArgLen:1, start time: 2026-07-25 02:08:58.26 +0800 CST, Err:<nil>, ErrCount:0, SnapshotVersion:0, Version: v2"] [summary="server count: 1"]
[2026/07/25 02:08:58.335 +08:00] [INFO] [job_worker.go:447] ["finish DDL job"] [category=ddl] [jobID=38] [conn=3] [job="ID:38, Type:create table, State:synced, SchemaState:public, SchemaID:35, TableID:37, RowCount:0, ArgLen:0, start time: 2026-07-25 02:08:58.26 +0800 CST, Err:<nil>, ErrCount:0, SnapshotVersion:0, Version: v2"]
[2026/07/25 02:08:58.342 +08:00] [INFO] [executor.go:7423] ["DDL job is finished"] [category=ddl] [jobID=38]
[2026/07/25 02:08:58.342 +08:00] [INFO] [session.go:5229] ["CRUCIAL OPERATION"] [conn=3] [schemaVersion=31] [cur_db=cross_ks_stale_table] [sql="create table t (a bigint primary key, b varchar(100));"] [user=]
[2026/07/25 02:08:58.343 +08:00] [INFO] [session.go:5229] ["CRUCIAL OPERATION"] [conn=3] [schemaVersion=31] [cur_db=cross_ks_stale_table] [sql="drop table if exists replacement"] [user=]
[2026/07/25 02:08:58.350 +08:00] [INFO] [job_submitter.go:118] ["add DDL jobs"] [category=ddl] ["batch count"=1] [jobs="ID:40, Type:create table, State:queueing, SchemaState:none, SchemaID:35, TableID:39, RowCount:0, ArgLen:1, start time: 2026-07-25 02:08:58.309 +0800 CST, Err:<nil>, ErrCount:0, SnapshotVersion:0, Version: v2; "] [fast_create=true]
[2026/07/25 02:08:58.350 +08:00] [INFO] [executor.go:7285] ["DDL job submitted"] [category=ddl] [job="ID:40, Type:create table, State:queueing, SchemaState:none, SchemaID:35, TableID:39, RowCount:0, ArgLen:1, start time: 2026-07-25 02:08:58.309 +0800 CST, Err:<nil>, ErrCount:0, SnapshotVersion:0, Version: v2"] [query="create table replacement (a bigint primary key, b varchar(100));"]
[2026/07/25 02:08:58.352 +08:00] [INFO] [lock_resolver.go:1631] ["txn lock cleanup resolve-lock rpc finished"] [action=commit] [txnStartTS=467905161018474520] [commitTS=467905161018474521] [regionID=18] [resolveLite=true] [resolvedByCheckTxnStatus=false]
[2026/07/25 02:08:58.353 +08:00] [INFO] [job_worker.go:854] ["run one job step"] [category=ddl] [jobID=40] [conn=3] [job="ID:40, Type:create table, State:queueing, SchemaState:none, SchemaID:35, TableID:39, RowCount:0, ArgLen:0, start time: 2026-07-25 02:08:58.309 +0800 CST, Err:<nil>, ErrCount:0, SnapshotVersion:0, Version: v2"]
[2026/07/25 02:08:58.358 +08:00] [WARN] [ddl.go:700] ["fail to notify DDL event"] [category=ddl] [event="(Event Type: create table, Table ID: 39, Table Name: replacement)"]
[2026/07/25 02:08:58.366 +08:00] [INFO] [loader.go:216] ["diff load InfoSchema success"] [mode=auto] [isV2=true] [currVer=31] [neededVer=32] [gotVer=32] ["elapsed time"=591.584µs] [phyTblIDs="[39]"] [actionTypes="[3]"] [diffTypes="[\"create table\"]"]
[2026/07/25 02:08:58.367 +08:00] [INFO] [syncer.go:281] ["mdl gets lock, update self version to owner"] [jobID=40] [version=32]
[2026/07/25 02:08:58.369 +08:00] [INFO] [schema_version.go:397] ["wait schema version synced success"] [category=ddl] [ver=32] [checkAssumedSvr=false] ["take time"=4.781125ms] [job="ID:40, Type:create table, State:done, SchemaState:public, SchemaID:35, TableID:39, RowCount:0, ArgLen:1, start time: 2026-07-25 02:08:58.309 +0800 CST, Err:<nil>, ErrCount:0, SnapshotVersion:0, Version: v2"] [summary="server count: 1"]
[2026/07/25 02:08:58.376 +08:00] [INFO] [job_worker.go:447] ["finish DDL job"] [category=ddl] [jobID=40] [conn=3] [job="ID:40, Type:create table, State:synced, SchemaState:public, SchemaID:35, TableID:39, RowCount:0, ArgLen:0, start time: 2026-07-25 02:08:58.309 +0800 CST, Err:<nil>, ErrCount:0, SnapshotVersion:0, Version: v2"]
[2026/07/25 02:08:58.382 +08:00] [INFO] [executor.go:7423] ["DDL job is finished"] [category=ddl] [jobID=40]
[2026/07/25 02:08:58.382 +08:00] [INFO] [session.go:5229] ["CRUCIAL OPERATION"] [conn=3] [schemaVersion=32] [cur_db=cross_ks_stale_table] [sql="create table replacement (a bigint primary key, b varchar(100));"] [user=]
[2026/07/25 02:08:58.386 +08:00] [WARN] [prewrite.go:619] ["1pc failed and fallbacks to normal commit procedure"] [startTS=467905161031581712]
[2026/07/25 02:08:58.395 +08:00] [INFO] [gcs.go:523] ["resetting gcs storage"]
[2026/07/25 02:08:58.407 +08:00] [INFO] [import_into.go:226] ["get job importer"] [param="{\"file-location\":\"gs://stale-table-source/data.csv?endpoint=http://127.0.0.1:4443/storage/v1/\",\"format\":\"auto\",\"options\":{\"cloud_storage_uri\":\"gs://stale-table-sort/data?endpoint=http://127.0.0.1:4443/storage/v1/\",\"detached\":null}}"] [dist-task-enabled=true]
[2026/07/25 02:08:58.428 +08:00] [INFO] [job.go:187] ["job submitted to task queue"] [job-id=120001] [task-key=keyspace1/ImportInto/120001] [task-id=120001] [global-sort=true] [async-prepare=true]
[2026/07/25 02:08:58.437 +08:00] [INFO] [job_submitter.go:118] ["add DDL jobs"] [category=ddl] ["batch count"=1] [jobs="ID:41, Type:rename tables, State:queueing, SchemaState:none, SchemaID:35, TableID:37, RowCount:0, ArgLen:1, start time: 2026-07-25 02:08:58.409 +0800 CST, Err:<nil>, ErrCount:0, SnapshotVersion:0, Version: v2; "] [fast_create=true]
[2026/07/25 02:08:58.437 +08:00] [INFO] [executor.go:7285] ["DDL job submitted"] [category=ddl] [job="ID:41, Type:rename tables, State:queueing, SchemaState:none, SchemaID:35, TableID:37, RowCount:0, ArgLen:1, start time: 2026-07-25 02:08:58.409 +0800 CST, Err:<nil>, ErrCount:0, SnapshotVersion:0, Version: v2"] [query="rename table t to displaced, replacement to t"]
[2026/07/25 02:08:58.439 +08:00] [INFO] [lock_resolver.go:1631] ["txn lock cleanup resolve-lock rpc finished"] [action=commit] [txnStartTS=467905161044688908] [commitTS=467905161044688909] [regionID=18] [resolveLite=true] [resolvedByCheckTxnStatus=false]
[2026/07/25 02:08:58.441 +08:00] [INFO] [job_worker.go:854] ["run one job step"] [category=ddl] [jobID=41] [conn=3] [job="ID:41, Type:rename tables, State:queueing, SchemaState:none, SchemaID:35, TableID:37, RowCount:0, ArgLen:0, start time: 2026-07-25 02:08:58.409 +0800 CST, Err:<nil>, ErrCount:0, SnapshotVersion:0, Version: v2"]
[2026/07/25 02:08:58.463 +08:00] [INFO] [loader.go:216] ["diff load InfoSchema success"] [mode=auto] [isV2=true] [currVer=32] [neededVer=33] [gotVer=33] ["elapsed time"=884.958µs] [phyTblIDs="[37,39]"] [actionTypes="[47,47]"] [diffTypes="[\"rename tables\"]"]
[2026/07/25 02:08:58.464 +08:00] [INFO] [syncer.go:281] ["mdl gets lock, update self version to owner"] [jobID=41] [version=33]
[2026/07/25 02:08:58.466 +08:00] [INFO] [schema_version.go:397] ["wait schema version synced success"] [category=ddl] [ver=33] [checkAssumedSvr=false] ["take time"=5.576416ms] [job="ID:41, Type:rename tables, State:running, SchemaState:public, SchemaID:35, TableID:39, RowCount:0, ArgLen:1, start time: 2026-07-25 02:08:58.409 +0800 CST, Err:<nil>, ErrCount:0, SnapshotVersion:0, Version: v2"] [summary="server count: 1"]
[2026/07/25 02:08:58.473 +08:00] [INFO] [job_worker.go:854] ["run one job step"] [category=ddl] [jobID=41] [conn=3] [job="ID:41, Type:rename tables, State:running, SchemaState:public, SchemaID:35, TableID:39, RowCount:0, ArgLen:0, start time: 2026-07-25 02:08:58.409 +0800 CST, Err:<nil>, ErrCount:0, SnapshotVersion:0, Version: v2"]
[2026/07/25 02:08:58.488 +08:00] [INFO] [loader.go:216] ["diff load InfoSchema success"] [mode=auto] [isV2=true] [currVer=33] [neededVer=34] [gotVer=34] ["elapsed time"=951.291µs] [phyTblIDs="[37,39]"] [actionTypes="[47,47]"] [diffTypes="[\"rename tables\"]"]
[2026/07/25 02:08:58.490 +08:00] [INFO] [syncer.go:281] ["mdl gets lock, update self version to owner"] [jobID=41] [version=34]
[2026/07/25 02:08:58.493 +08:00] [INFO] [schema_version.go:397] ["wait schema version synced success"] [category=ddl] [ver=34] [checkAssumedSvr=false] ["take time"=6.930458ms] [job="ID:41, Type:rename tables, State:done, SchemaState:public, SchemaID:35, TableID:39, RowCount:0, ArgLen:1, start time: 2026-07-25 02:08:58.409 +0800 CST, Err:<nil>, ErrCount:0, SnapshotVersion:0, Version: v2"] [summary="server count: 1"]
[2026/07/25 02:08:58.498 +08:00] [INFO] [job_worker.go:447] ["finish DDL job"] [category=ddl] [jobID=41] [conn=3] [job="ID:41, Type:rename tables, State:synced, SchemaState:public, SchemaID:35, TableID:39, RowCount:0, ArgLen:0, start time: 2026-07-25 02:08:58.409 +0800 CST, Err:<nil>, ErrCount:0, SnapshotVersion:0, Version: v2"]
[2026/07/25 02:08:58.507 +08:00] [INFO] [executor.go:7423] ["DDL job is finished"] [category=ddl] [jobID=41]
[2026/07/25 02:08:58.507 +08:00] [INFO] [session.go:5229] ["CRUCIAL OPERATION"] [conn=3] [schemaVersion=34] [cur_db=cross_ks_stale_table] [sql="rename table t to displaced, replacement to t"] [user=]
    cross_ks_test.go:823: renamed target after detached job submission: job ID=120001, old table ID=37, replacement table ID=39
[2026/07/25 02:08:58.988 +08:00] [INFO] [runtime.go:172] ["TimerGroupRuntime loop started"] [groupID=ttl]
[2026/07/25 02:08:58.989 +08:00] [INFO] [runtime.go:444] ["create watch chan if possible for timer runtime"] [groupID=ttl] [storeSupportWatch=true]
[2026/07/25 02:08:58.989 +08:00] [INFO] [notifier.go:140] ["new etcd watcher created to watch timer events"] [EtcdKey=/tidb/timer/cluster/1/notify/aaf7614b-55e4-46f7-b515-d4e58c114baa] [watcherID=b3414101-67b5-406c-b2e4-61ab76c5d43a]
[2026/07/25 02:08:58.992 +08:00] [INFO] [slots.go:220] ["initialize slot capacity"] [capacity=14]
[2026/07/25 02:08:58.994 +08:00] [INFO] [scheduler_manager.go:217] ["schedule task loop start"] [server-id=:4000]
[2026/07/25 02:08:58.994 +08:00] [INFO] [scheduler_manager.go:544] ["collect loop start"] [server-id=:4000]
[2026/07/25 02:08:58.994 +08:00] [INFO] [scheduler_manager.go:331] ["subtask table gc loop start"] [server-id=:4000]
[2026/07/25 02:08:58.994 +08:00] [INFO] [scheduler_manager.go:407] ["cleanup loop start"] [server-id=:4000]
[2026/07/25 02:08:58.999 +08:00] [INFO] [store.go:95] ["new store"] [path="tikv://127.0.0.1:2379?keyspaceName=keyspace1"]
[2026/07/25 02:08:59.003 +08:00] [INFO] [service_discovery.go:1030] ["[pd] switch leader"] [new-leader=http://127.0.0.1:2379] [old-leader=]
[2026/07/25 02:08:59.003 +08:00] [INFO] [service_discovery.go:509] ["[pd] init cluster id"] [cluster-id=7666155928670674007]
[2026/07/25 02:08:59.004 +08:00] [INFO] [client.go:214] ["[tso] switch the tso leader serving url"] [new-url=http://127.0.0.1:2379]
[2026/07/25 02:08:59.004 +08:00] [INFO] [inner_client.go:173] ["[pd] tso provider changed to pd"]
[2026/07/25 02:08:59.004 +08:00] [INFO] [watcher.go:56] ["[pd] start the deadline watcher"] [source=tso]
[2026/07/25 02:08:59.004 +08:00] [INFO] [dispatcher.go:146] ["[tso] tso dispatcher created"]
[2026/07/25 02:08:59.004 +08:00] [INFO] [dispatcher.go:598] ["[tso] switching tso rpc concurrency"] [old=0] [new=1]
[2026/07/25 02:08:59.004 +08:00] [INFO] [client.go:251] ["[tso] start tso connection contexts updater"]
[2026/07/25 02:08:59.005 +08:00] [INFO] [inner_client.go:154] ["[pd] service mode changed"] [new-mode=PD_SVC_MODE]
[2026/07/25 02:08:59.005 +08:00] [INFO] [router_service_discovery.go:162] ["[router service] created router service discovery"] [cluster-id=7666155928670674007] [keyspace-id=2] [default-discovery-key=/ms/7666155928670674007/router/registry/]
[2026/07/25 02:08:59.005 +08:00] [INFO] [router_service_discovery.go:174] ["[router service] initializing router service discovery"] [max-retry-times=100] [retry-interval=1s]
[2026/07/25 02:08:59.005 +08:00] [INFO] [router_service_discovery.go:260] ["[router service] update member sorted urls"] [new-sorted-urls="[]"]
[2026/07/25 02:08:59.005 +08:00] [INFO] [router_service_discovery.go:245] ["[router service] updating nodes succeeded"] [urls="[]"] [clients-length=0]
[2026/07/25 02:08:59.005 +08:00] [INFO] [client.go:407] ["[pd] create pd client with endpoints and keyspace"] [pd-address="[127.0.0.1:2379]"] [keyspace-name=keyspace1] [keyspace-id=2]
[2026/07/25 02:08:59.005 +08:00] [INFO] [service_discovery.go:562] ["[pd] exit member loop due to context canceled"]
[2026/07/25 02:08:59.005 +08:00] [INFO] [inner_client.go:91] ["[pd] start router client initializer"]
[2026/07/25 02:08:59.005 +08:00] [INFO] [inner_client.go:96] ["[pd] exit router client initializer"]
[2026/07/25 02:08:59.005 +08:00] [INFO] [client.go:277] ["[tso] exit tso connection contexts updater"]
[2026/07/25 02:08:59.005 +08:00] [INFO] [dispatcher.go:207] ["[tso] stop fetching the pending tso requests due to context canceled"]
[2026/07/25 02:08:59.005 +08:00] [INFO] [dispatcher.go:149] ["[tso] exit tso dispatcher"]
[2026/07/25 02:08:59.005 +08:00] [INFO] [stream.go:366] ["tsoStream.recvLoop ended"] [stream=127.0.0.1:2379-4] [error="rpc error: code = Canceled desc = context canceled"] [errorVerbose="rpc error: code = Canceled desc = context canceled\ngithub.com/tikv/pd/client/clients/tso.(*tsoStream).recvLoop\n\t/Users/bba/.gvm/pkgsets/go1.25.1/global/pkg/mod/github.com/tikv/pd/client@v0.0.0-20260708075407-4e05b9d2c2d3/clients/tso/stream.go:434\nruntime.goexit\n\t/Users/bba/.gvm/pkgsets/go1.25.1/global/pkg/mod/golang.org/toolchain@v0.0.1-go1.25.10.darwin-arm64/src/runtime/asm_arm64.s:1268"]
[2026/07/25 02:08:59.005 +08:00] [INFO] [router_service_discovery.go:273] ["[router service] exit check member loop"]
[2026/07/25 02:08:59.005 +08:00] [INFO] [router_service_discovery.go:315] ["[router service] exit health check member loop"]
[2026/07/25 02:08:59.005 +08:00] [INFO] [watcher.go:73] ["[pd] exit the deadline watcher"] [source=tso]
[2026/07/25 02:08:59.005 +08:00] [INFO] [resource_manager_client.go:341] ["[resource manager] exit resource token dispatcher"]
[2026/07/25 02:08:59.005 +08:00] [INFO] [router_service_discovery.go:287] ["[router service] closing router service discovery"]
[2026/07/25 02:08:59.005 +08:00] [INFO] [router_service_discovery.go:303] ["[router service] is closed"]
[2026/07/25 02:08:59.005 +08:00] [INFO] [client.go:155] ["[tso] closing tso client"]
[2026/07/25 02:08:59.005 +08:00] [INFO] [client.go:160] ["[tso] close tso client"]
[2026/07/25 02:08:59.005 +08:00] [INFO] [client.go:162] ["[tso] tso client is closed"]
[2026/07/25 02:08:59.005 +08:00] [INFO] [service_discovery.go:653] ["[pd] close service discovery client"]
[2026/07/25 02:08:59.005 +08:00] [INFO] [inner_client.go:275] ["[pd] close client successfully"]
[2026/07/25 02:08:59.005 +08:00] [INFO] [store.go:104] ["new store with retry success"]
[2026/07/25 02:08:59.006 +08:00] [INFO] [syncer.go:258] ["found stale server info with same IP+Port, cleaning up"] [staleID=c14c9ba1-4c68-49df-b4f0-ddd5acc2fb68] [ip=] [port=4002]
[2026/07/25 02:08:59.007 +08:00] [INFO] [manager.go:502] ["deleting stale owner key"] [key=/tidb/ddl/fg/owner/22319f9549069337] [staleID=c14c9ba1-4c68-49df-b4f0-ddd5acc2fb68]
[2026/07/25 02:08:59.008 +08:00] [INFO] [manager.go:636] ["watch failed, owner is deleted"] [key=/tidb/ddl/fg/owner] [id=c14c9ba1-4c68-49df-b4f0-ddd5acc2fb68] [ownerKey=/tidb/ddl/fg/owner/22319f9549069337] [currRev=598]
[2026/07/25 02:08:59.008 +08:00] [INFO] [manager.go:420] ["watch owner finished"] [key=/tidb/ddl/fg/owner] [id=c14c9ba1-4c68-49df-b4f0-ddd5acc2fb68] []
[2026/07/25 02:08:59.008 +08:00] [INFO] [manager.go:333] ["retire owner"] [key=/tidb/ddl/fg/owner] [id=c14c9ba1-4c68-49df-b4f0-ddd5acc2fb68]
[2026/07/25 02:08:59.008 +08:00] [INFO] [job_scheduler.go:269] ["scheduleLoop quit due to context canceled"] [category=ddl]
[2026/07/25 02:08:59.008 +08:00] [INFO] [syncer.go:488] ["schema version sync loop interrupted, retrying..."] [category=ddl]
[2026/07/25 02:08:59.008 +08:00] [INFO] [ddl_workerpool.go:78] ["closing workerPool"] [category=ddl]
[2026/07/25 02:08:59.008 +08:00] [INFO] [ddl_workerpool.go:78] ["closing workerPool"] [category=ddl]
[2026/07/25 02:08:59.008 +08:00] [INFO] [job_worker.go:267] ["DDL worker closed"] [category=ddl] [worker="worker 1, tp general"] ["take time"=11.75µs]
[2026/07/25 02:08:59.009 +08:00] [INFO] [job_worker.go:267] ["DDL worker closed"] [category=ddl] [worker="worker 2, tp general"] ["take time"=3.5µs]
[2026/07/25 02:08:59.009 +08:00] [INFO] [job_worker.go:267] ["DDL worker closed"] [category=ddl] [worker="worker 3, tp general"] ["take time"=5.625µs]
[2026/07/25 02:08:59.009 +08:00] [INFO] [job_worker.go:267] ["DDL worker closed"] [category=ddl] [worker="worker 4, tp general"] ["take time"=5.667µs]
[2026/07/25 02:08:59.009 +08:00] [INFO] [job_worker.go:267] ["DDL worker closed"] [category=ddl] [worker="worker 5, tp general"] ["take time"=2.375µs]
[2026/07/25 02:08:59.009 +08:00] [INFO] [ddl_workerpool.go:78] ["closing workerPool"] [category=ddl]
[2026/07/25 02:08:59.009 +08:00] [INFO] [manager.go:424] ["is not the owner"] [key=/tidb/ddl/fg/owner] [id=c14c9ba1-4c68-49df-b4f0-ddd5acc2fb68]
[2026/07/25 02:08:59.011 +08:00] [INFO] [manager.go:527] ["get owner"] [key=/tidb/ddl/fg/owner] ["owner key"=/tidb/ddl/fg/owner/22319f9549069337] [ownerID=c14c9ba1-4c68-49df-b4f0-ddd5acc2fb68]
[2026/07/25 02:08:59.011 +08:00] [INFO] [manager.go:324] ["become owner"] [key=/tidb/ddl/fg/owner] [id=c14c9ba1-4c68-49df-b4f0-ddd5acc2fb68]
[2026/07/25 02:08:59.011 +08:00] [INFO] [manager.go:616] ["watching owner key"] [key=/tidb/ddl/fg/owner] [id=c14c9ba1-4c68-49df-b4f0-ddd5acc2fb68] [ownerKey=/tidb/ddl/fg/owner/22319f9549069337] [currRev=629]
[2026/07/25 02:08:59.012 +08:00] [INFO] [job_scheduler.go:363] ["get global state and global state change"] [category=ddl] [oldState=false] [currState=false]
[2026/07/25 02:08:59.014 +08:00] [INFO] [manager.go:561] ["set owner op is the same as the original, so do nothing."] [key=/tidb/ddl/fg/owner] [id=c14c9ba1-4c68-49df-b4f0-ddd5acc2fb68] [op=none]
[2026/07/25 02:08:59.014 +08:00] [INFO] [job_scheduler.go:375] ["the owner sets owner operator value"] [category=ddl] [ownerOp=none]
[2026/07/25 02:08:59.023 +08:00] [INFO] [loader.go:281] ["full load InfoSchema success"] [targetKS=keyspace1] [mode=full] [isV2=false] [currentSchemaVersion=0] [neededSchemaVersion=34] ["elapsed time"=6.1025ms]
[2026/07/25 02:08:59.023 +08:00] [INFO] [syncer.go:456] ["full load and reset schema validator"] [targetKS=keyspace1]
[2026/07/25 02:08:59.023 +08:00] [INFO] [cross_ks.go:346] ["create cross keyspace session manager"] [targetKS=keyspace1] [cost=24.872708ms]
[2026/07/25 02:08:59.023 +08:00] [INFO] [cross_ks.go:157] ["acquire cross keyspace runtime"] [targetKS=keyspace1] [holderID=DXF/scheduler/120001] [activeHolderCount=1]
[2026/07/25 02:08:59.024 +08:00] [INFO] [scheduler.go:114] ["create base scheduler"] [task-id=120001] [task-key=keyspace1/ImportInto/120001] [server-id=:4000] [task-type=ImportInto] [allocated-slots=true]
[2026/07/25 02:08:59.024 +08:00] [INFO] [scheduler_manager.go:386] ["task scheduler started"] [server-id=:4000] [task-id=120001] [task-key=keyspace1/ImportInto/120001]
[2026/07/25 02:08:59.024 +08:00] [INFO] [scheduler.go:127] ["schedule task"] [task-id=120001] [task-key=keyspace1/ImportInto/120001] [server-id=:4000] [state=pending] [step=init] [requiredSlots=1] [prepare-mode=required]
[2026/07/25 02:08:59.134 +08:00] [INFO] [runtime.go:172] ["TimerGroupRuntime loop started"] [groupID=ttl]
[2026/07/25 02:08:59.134 +08:00] [INFO] [runtime.go:444] ["create watch chan if possible for timer runtime"] [groupID=ttl] [storeSupportWatch=true]
[2026/07/25 02:08:59.135 +08:00] [INFO] [notifier.go:140] ["new etcd watcher created to watch timer events"] [EtcdKey=/tidb/timer/cluster/1/notify/641a21d5-6b86-4145-8f03-7e646a629e0e] [watcherID=a4d7c3fa-f11b-4e87-85b3-33eff98d08e4]
[2026/07/25 02:08:59.531 +08:00] [INFO] [gcs.go:523] ["resetting gcs storage"] [task-id=120001] [task-key=keyspace1/ImportInto/120001] [server-id=:4000]
[2026/07/25 02:08:59.532 +08:00] [INFO] [gcs.go:523] ["resetting gcs storage"] [task-id=120001] [task-key=keyspace1/ImportInto/120001] [server-id=:4000]
[2026/07/25 02:08:59.532 +08:00] [INFO] [import.go:1695] ["detect and update import plan format based on file extension"] [task-id=120001] [task-key=keyspace1/ImportInto/120001] [server-id=:4000] [file=data.csv] ["detected format"=csv]
[2026/07/25 02:08:59.536 +08:00] [INFO] [import.go:1672] ["auto calculate resource related params"] [task-id=120001] [task-key=keyspace1/ImportInto/120001] [server-id=:4000] [db=cross_ks_stale_table] [table=t] [tableID=37] [thread=1] [maxNode=1] [distsqlScanConcurrency=15] [targetNodeCPU=14] [totalFileSize=8B] [totalRealSize=8B] [fileCount=1] [numOfIndexGenKV=0] [indexSizeRatio=0] [amplifyFactor=1] [costTime=3.221375ms]
[2026/07/25 02:08:59.539 +08:00] [INFO] [table_import.go:481] ["populate chunks start"] [task-id=120001] [task-key=keyspace1/ImportInto/120001] [server-id=:4000] [executeNodesCnt=1] [totalFileSize=8]
[2026/07/25 02:08:59.539 +08:00] [INFO] [table_import.go:493] ["adjust max engine size"] [task-id=120001] [task-key=keyspace1/ImportInto/120001] [server-id=:4000] [before=107374182400] [after=8]
[2026/07/25 02:08:59.539 +08:00] [INFO] [region.go:326] [makeTableRegions] [task-id=120001] [task-key=keyspace1/ImportInto/120001] [server-id=:4000] [filesCount=1] [MaxChunkSize=268435456] [RegionsCount=1] [BatchSize=8] [cost=13.666µs]
[2026/07/25 02:08:59.539 +08:00] [INFO] [table_import.go:484] ["populate chunks completed"] [task-id=120001] [task-key=keyspace1/ImportInto/120001] [server-id=:4000] [executeNodesCnt=1] [totalFileSize=8] [subtaskCnt=2] [takeTime=64.708µs] []
[2026/07/25 02:08:59.539 +08:00] [INFO] [gcs.go:523] ["resetting gcs storage"] [task-id=120001] [task-key=keyspace1/ImportInto/120001] [server-id=:4000]
[2026/07/25 02:08:59.546 +08:00] [INFO] [scheduler.go:556] ["switch to next step"] [task-id=120001] [task-key=keyspace1/ImportInto/120001] [server-id=:4000] [current-step=prepared] [next-step=encode] [required-slots=1] [runtime-slots=1]
[2026/07/25 02:08:59.546 +08:00] [INFO] [scheduler.go:590] ["eligible instances"] [task-id=120001] [task-key=keyspace1/ImportInto/120001] [server-id=:4000] [num=1]
[2026/07/25 02:08:59.546 +08:00] [INFO] [scheduler.go:413] ["on next subtasks batch"] [task-id=120001] [task-key=keyspace1/ImportInto/120001] [server-id=:4000] [curr-step=prepared] [next-step=encode] [node-count=1] [db-name=cross_ks_stale_table] [table-name=t] [db-id=35] [table-id=37]
[2026/07/25 02:08:59.554 +08:00] [INFO] [gcs.go:523] ["resetting gcs storage"] [task-id=120001] [task-key=keyspace1/ImportInto/120001] [server-id=:4000]
[2026/07/25 02:08:59.555 +08:00] [INFO] [gcs.go:523] ["resetting gcs storage"] [task-id=120001] [task-key=keyspace1/ImportInto/120001] [server-id=:4000]
[2026/07/25 02:08:59.556 +08:00] [INFO] [scheduler.go:547] ["generate subtasks"] [task-id=120001] [task-key=keyspace1/ImportInto/120001] [server-id=:4000] [curr-step=prepared] [next-step=encode] [node-count=1] [db-name=cross_ks_stale_table] [table-name=t] [db-id=35] [table-id=37] [subtask-count=1]
[2026/07/25 02:08:59.556 +08:00] [INFO] [scheduler.go:616] ["schedule subtasks"] [task-id=120001] [task-key=keyspace1/ImportInto/120001] [server-id=:4000] [state=pending] [step=encode] [requiredSlots=1] [subtasks=1]
[2026/07/25 02:08:59.799 +08:00] [INFO] [cross_ks.go:157] ["acquire cross keyspace runtime"] [targetKS=keyspace1] [holderID=DXF/executor/120001] [activeHolderCount=2]
[2026/07/25 02:08:59.799 +08:00] [INFO] [manager.go:362] ["task executor started"] [server-id=:4000] [task-id=120001] [task-key=keyspace1/ImportInto/120001] [type=ImportInto] [required-slots=1] [runtime-slots=1] [node-remaining-slots=13]
[2026/07/25 02:08:59.896 +08:00] [INFO] [pd.go:434] ["adaptive update ts interval state transition"] [configuredInterval=2s] [prevAdaptiveUpdateInterval=2s] [newAdaptiveUpdateInterval=2s] [requiredStaleness=0s] [prevState=unknown(0)] [newState=normal]
[2026/07/25 02:08:59.968 +08:00] [INFO] [info.go:988] [SetTiFlashGroupConfig]
[2026/07/25 02:08:59.994 +08:00] [WARN] [nodes.go:87] ["generate task executor nodes met error"] [category=dxf] [sampled=] [server-id=:4000] [error="not found instance"]
[2026/07/25 02:09:00.000 +08:00] [INFO] [metering.go:375] ["no metering data to flush"] [component=meter] [timestamp=1784916540] [recorder-count=0] [duration=15.791µs]
[2026/07/25 02:09:00.032 +08:00] [INFO] [scheduler.go:116] ["register task to pd or refresh lease success"] [task-id=120001] [task-key=keyspace1/ImportInto/120001] [server-id=:4000]
[2026/07/25 02:09:00.036 +08:00] [INFO] [pd.go:434] ["adaptive update ts interval state transition"] [configuredInterval=2s] [prevAdaptiveUpdateInterval=2s] [newAdaptiveUpdateInterval=2s] [requiredStaleness=0s] [prevState=unknown(0)] [newState=normal]
[2026/07/25 02:09:00.104 +08:00] [INFO] [info.go:988] [SetTiFlashGroupConfig]
[2026/07/25 02:09:00.105 +08:00] [INFO] [task_executor.go:925] ["got indices that generate kv"] [task-id=120001] [task-key=keyspace1/ImportInto/120001] [step=encode] [indices={}]
[2026/07/25 02:09:00.105 +08:00] [INFO] [task_executor.go:147] ["init subtask env"] [task-id=120001] [task-key=keyspace1/ImportInto/120001] [step=encode]
[2026/07/25 02:09:00.105 +08:00] [INFO] [gcs.go:523] ["resetting gcs storage"] [task-id=120001] [task-key=keyspace1/ImportInto/120001] [server-id=:4000]
[2026/07/25 02:09:00.106 +08:00] [INFO] [gcs.go:523] ["resetting gcs storage"] [task-id=120001] [task-key=keyspace1/ImportInto/120001] [server-id=:4000]
[2026/07/25 02:09:00.110 +08:00] [INFO] [local.go:771] ["multi ingest support"] [task-id=120001] [task-key=keyspace1/ImportInto/120001] [server-id=:4000]
[2026/07/25 02:09:00.111 +08:00] [INFO] [local.go:793] ["TiKV server side free space check is enabled, so lightning will turn it off"] [task-id=120001] [task-key=keyspace1/ImportInto/120001] [server-id=:4000]
[2026/07/25 02:09:00.111 +08:00] [INFO] [table_import.go:834] ["use 0.8 of the storage size as default disk quota"] [task-id=120001] [task-key=keyspace1/ImportInto/120001] [step=encode] [quota=795.7GB]
[2026/07/25 02:09:00.111 +08:00] [INFO] [task_executor.go:181] ["KV writer memory buf info"] [task-id=120001] [task-key=keyspace1/ImportInto/120001] [step=encode] [data-buf-limit=1.286GiB] [per-index-buf-limit=438.9MiB] [data-buf-block-size=120MiB] [index-buf-block-size=16MiB]
[2026/07/25 02:09:00.112 +08:00] [INFO] [task_executor.go:434] ["execute task step start"] [task-id=120001] [task-key=keyspace1/ImportInto/120001] [server-id=:4000] [step=encode] [mem-limit-percent=0.7] [server-mem-limit=80%] [resource="[CPU=1, Mem=2.571GiB]"]
[2026/07/25 02:09:00.118 +08:00] [INFO] [task_executor.go:497] ["run subtask start"] [task-id=120001] [task-key=keyspace1/ImportInto/120001] [server-id=:4000] [subtaskID=120001] [step=encode]
[2026/07/25 02:09:00.118 +08:00] [INFO] [task_executor.go:248] ["run subtask start"] [task-id=120001] [task-key=keyspace1/ImportInto/120001] [step=encode] [subtask-id=120001]
[2026/07/25 02:09:00.118 +08:00] [INFO] [gcs.go:523] ["resetting gcs storage"] [task-id=120001] [task-key=keyspace1/ImportInto/120001] [server-id=:4000] [subtaskID=120001] [step=encode]
[2026/07/25 02:09:00.120 +08:00] [INFO] [chunk_process.go:403] ["process chunk start"] [task-id=120001] [task-key=keyspace1/ImportInto/120001] [step=encode] [subtask-id=120001] [key=data.csv:0]
[2026/07/25 02:09:00.120 +08:00] [INFO] [chunk_process.go:407] ["process chunk completed"] [task-id=120001] [task-key=keyspace1/ImportInto/120001] [step=encode] [subtask-id=120001] [key=data.csv:0] [readDur=241.583µs] [encodeDur=68.707µs] [checksum="{cksum=6725679395568127565,size=66,kvs=2}"] [deliverDur=310.25µs] [type=file] [takeTime=672.75µs] []
[2026/07/25 02:09:00.126 +08:00] [INFO] [writer.go:767] ["flush sorted kv"] [task-id=120001] [task-key=keyspace1/ImportInto/120001] [server-id=:4000] [subtaskID=120001] [step=encode] [writer-id=data/6f0bef7c-6e0e-45cb-8457-2729559aba43] [sequence-number=0] [bytes=98] [stat-size=82] [write-time=4.538834ms] [write-speed(bytes/s)=21.09KiB]
[2026/07/25 02:09:00.126 +08:00] [INFO] [writer.go:642] ["flush kv"] [task-id=120001] [task-key=keyspace1/ImportInto/120001] [server-id=:4000] [subtaskID=120001] [step=encode] [writer-id=data/6f0bef7c-6e0e-45cb-8457-2729559aba43] [sequence-number=0] [bytes=98] [kv-cnt=2] [sort-time=24.042µs] [write-time=4.648875ms] [sort-speed(kv/s)=83187.7548] [writer-id=data/6f0bef7c-6e0e-45cb-8457-2729559aba43] [on-dup=error] [dup-cnt=0] [recorded-dup-cnt=0]
[2026/07/25 02:09:00.126 +08:00] [INFO] [writer.go:535] ["close writer"] [task-id=120001] [task-key=keyspace1/ImportInto/120001] [server-id=:4000] [subtaskID=120001] [step=encode] [writerID=data/6f0bef7c-6e0e-45cb-8457-2729559aba43] [kv-cnt-cap=2] [minKey=780000027480000000000000255f728000000000000001] [maxKey=780000027480000000000000255f728000000000000002] [kv-file-count=1] [dup-file-count=0] [total-size=66B] [total-kv-cnt=2]
[2026/07/25 02:09:00.126 +08:00] [INFO] [task_executor.go:375] ["on subtask finished"] [task-id=120001] [task-key=keyspace1/ImportInto/120001] [step=encode] [engine-id=0]
[2026/07/25 02:09:00.127 +08:00] [INFO] [task_executor.go:255] ["run subtask completed"] [task-id=120001] [task-key=keyspace1/ImportInto/120001] [step=encode] [subtask-id=120001] [data-kv-files=1] [index-kv-files=0] [obj-store-access="{requests: {get: 1, put: 3}, traffic: {r: 219, w: 685}}"] [takeTime=9.607959ms] []
[2026/07/25 02:09:00.131 +08:00] [INFO] [task_executor.go:526] ["run subtask completed"] [task-id=120001] [task-key=keyspace1/ImportInto/120001] [server-id=:4000] [subtaskID=120001] [step=encode] [takeTime=13.425292ms] []
[2026/07/25 02:09:00.528 +08:00] [INFO] [scheduler.go:556] ["switch to next step"] [task-id=120001] [task-key=keyspace1/ImportInto/120001] [server-id=:4000] [current-step=encode] [next-step=merge-sort] [required-slots=1] [runtime-slots=1]
[2026/07/25 02:09:00.529 +08:00] [INFO] [scheduler.go:590] ["eligible instances"] [task-id=120001] [task-key=keyspace1/ImportInto/120001] [server-id=:4000] [num=1]
[2026/07/25 02:09:00.529 +08:00] [INFO] [scheduler.go:413] ["on next subtasks batch"] [task-id=120001] [task-key=keyspace1/ImportInto/120001] [server-id=:4000] [curr-step=encode] [next-step=merge-sort] [node-count=1] [db-name=cross_ks_stale_table] [table-name=t] [db-id=35] [table-id=37]
[2026/07/25 02:09:00.531 +08:00] [INFO] [gcs.go:523] ["resetting gcs storage"] [task-id=120001] [task-key=keyspace1/ImportInto/120001] [server-id=:4000]
[2026/07/25 02:09:00.532 +08:00] [INFO] [planner.go:473] ["skip merge sort for kv group"] [task-id=120001] [task-key=keyspace1/ImportInto/120001] [server-id=:4000] [task-id=120001] [kv-group=data]
[2026/07/25 02:09:00.532 +08:00] [INFO] [gcs.go:523] ["resetting gcs storage"] [task-id=120001] [task-key=keyspace1/ImportInto/120001] [server-id=:4000]
[2026/07/25 02:09:00.532 +08:00] [INFO] [scheduler.go:547] ["generate subtasks"] [task-id=120001] [task-key=keyspace1/ImportInto/120001] [server-id=:4000] [curr-step=encode] [next-step=merge-sort] [node-count=1] [db-name=cross_ks_stale_table] [table-name=t] [db-id=35] [table-id=37] [subtask-count=0]
[2026/07/25 02:09:00.532 +08:00] [INFO] [scheduler.go:616] ["schedule subtasks"] [task-id=120001] [task-key=keyspace1/ImportInto/120001] [server-id=:4000] [state=running] [step=merge-sort] [requiredSlots=1] [subtasks=0]
[2026/07/25 02:09:00.990 +08:00] [INFO] [read.go:639] ["Table statistics item not found, possibly due to table being dropped"] [category=stats] [sampled=] [tableID=281474976710609] [columnID=2]
[2026/07/25 02:09:00.994 +08:00] [WARN] [nodes.go:87] ["generate task executor nodes met error"] [category=dxf] [sampled=] [server-id=:4000] [error="not found instance"]
[2026/07/25 02:09:01.026 +08:00] [INFO] [scheduler.go:556] ["switch to next step"] [task-id=120001] [task-key=keyspace1/ImportInto/120001] [server-id=:4000] [current-step=merge-sort] [next-step=ingest] [required-slots=1] [runtime-slots=1]
[2026/07/25 02:09:01.026 +08:00] [INFO] [scheduler.go:590] ["eligible instances"] [task-id=120001] [task-key=keyspace1/ImportInto/120001] [server-id=:4000] [num=1]
[2026/07/25 02:09:01.027 +08:00] [INFO] [scheduler.go:413] ["on next subtasks batch"] [task-id=120001] [task-key=keyspace1/ImportInto/120001] [server-id=:4000] [curr-step=merge-sort] [next-step=ingest] [node-count=1] [db-name=cross_ks_stale_table] [table-name=t] [db-id=35] [table-id=37]
[2026/07/25 02:09:01.036 +08:00] [INFO] [gcs.go:523] ["resetting gcs storage"] [task-id=120001] [task-key=keyspace1/ImportInto/120001] [server-id=:4000]
[2026/07/25 02:09:01.041 +08:00] [INFO] [service_discovery.go:1030] ["[pd] switch leader"] [new-leader=http://127.0.0.1:2379] [old-leader=]
[2026/07/25 02:09:01.041 +08:00] [INFO] [service_discovery.go:509] ["[pd] init cluster id"] [cluster-id=7666155928670674007]
[2026/07/25 02:09:01.043 +08:00] [INFO] [client.go:214] ["[tso] switch the tso leader serving url"] [new-url=http://127.0.0.1:2379]
[2026/07/25 02:09:01.043 +08:00] [INFO] [inner_client.go:173] ["[pd] tso provider changed to pd"]
[2026/07/25 02:09:01.043 +08:00] [INFO] [dispatcher.go:146] ["[tso] tso dispatcher created"]
[2026/07/25 02:09:01.043 +08:00] [INFO] [client.go:251] ["[tso] start tso connection contexts updater"]
[2026/07/25 02:09:01.043 +08:00] [INFO] [watcher.go:56] ["[pd] start the deadline watcher"] [source=tso]
[2026/07/25 02:09:01.043 +08:00] [INFO] [dispatcher.go:598] ["[tso] switching tso rpc concurrency"] [old=0] [new=1]
[2026/07/25 02:09:01.044 +08:00] [INFO] [inner_client.go:154] ["[pd] service mode changed"] [new-mode=PD_SVC_MODE]
[2026/07/25 02:09:01.044 +08:00] [INFO] [router_service_discovery.go:162] ["[router service] created router service discovery"] [cluster-id=7666155928670674007] [keyspace-id=2] [default-discovery-key=/ms/7666155928670674007/router/registry/]
[2026/07/25 02:09:01.044 +08:00] [INFO] [router_service_discovery.go:174] ["[router service] initializing router service discovery"] [max-retry-times=100] [retry-interval=1s]
[2026/07/25 02:09:01.045 +08:00] [INFO] [router_service_discovery.go:260] ["[router service] update member sorted urls"] [new-sorted-urls="[]"]
[2026/07/25 02:09:01.045 +08:00] [INFO] [router_service_discovery.go:245] ["[router service] updating nodes succeeded"] [urls="[]"] [clients-length=0]
[2026/07/25 02:09:01.045 +08:00] [INFO] [client.go:407] ["[pd] create pd client with endpoints and keyspace"] [pd-address="[127.0.0.1:2379]"] [keyspace-name=keyspace1] [keyspace-id=2]
[2026/07/25 02:09:01.045 +08:00] [INFO] [client.go:424] ["[router] connection daemon is started"]
[2026/07/25 02:09:01.045 +08:00] [INFO] [inner_client.go:91] ["[pd] start router client initializer"]
[2026/07/25 02:09:01.045 +08:00] [INFO] [client.go:585] ["[router] dispatcher is started"]
[2026/07/25 02:09:01.045 +08:00] [INFO] [client.go:509] ["[router] successfully established the leader router stream connection"] [url=http://127.0.0.1:2379]
[2026/07/25 02:09:01.047 +08:00] [INFO] [router_service_discovery.go:273] ["[router service] exit check member loop"]
[2026/07/25 02:09:01.047 +08:00] [INFO] [inner_client.go:96] ["[pd] exit router client initializer"]
[2026/07/25 02:09:01.047 +08:00] [INFO] [dispatcher.go:207] ["[tso] stop fetching the pending tso requests due to context canceled"]
[2026/07/25 02:09:01.047 +08:00] [INFO] [dispatcher.go:149] ["[tso] exit tso dispatcher"]
[2026/07/25 02:09:01.047 +08:00] [INFO] [resource_manager_client.go:341] ["[resource manager] exit resource token dispatcher"]
[2026/07/25 02:09:01.047 +08:00] [INFO] [stream.go:366] ["tsoStream.recvLoop ended"] [stream=127.0.0.1:2379-5] [error="rpc error: code = Canceled desc = context canceled"] [errorVerbose="rpc error: code = Canceled desc = context canceled\ngithub.com/tikv/pd/client/clients/tso.(*tsoStream).recvLoop\n\t/Users/bba/.gvm/pkgsets/go1.25.1/global/pkg/mod/github.com/tikv/pd/client@v0.0.0-20260708075407-4e05b9d2c2d3/clients/tso/stream.go:434\nruntime.goexit\n\t/Users/bba/.gvm/pkgsets/go1.25.1/global/pkg/mod/golang.org/toolchain@v0.0.1-go1.25.10.darwin-arm64/src/runtime/asm_arm64.s:1268"]
[2026/07/25 02:09:01.047 +08:00] [INFO] [client.go:430] ["[router] connection daemon is exiting"]
[2026/07/25 02:09:01.047 +08:00] [INFO] [watcher.go:73] ["[pd] exit the deadline watcher"] [source=tso]
[2026/07/25 02:09:01.047 +08:00] [INFO] [client.go:606] ["[router] stop fetching the pending router requests due to context canceled"]
[2026/07/25 02:09:01.047 +08:00] [INFO] [client.go:587] ["[router] dispatcher is exiting"]
[2026/07/25 02:09:01.047 +08:00] [INFO] [client.go:592] ["[router] dispatcher exited"]
[2026/07/25 02:09:01.047 +08:00] [INFO] [client.go:277] ["[tso] exit tso connection contexts updater"]
[2026/07/25 02:09:01.047 +08:00] [INFO] [router_service_discovery.go:315] ["[router service] exit health check member loop"]
[2026/07/25 02:09:01.047 +08:00] [INFO] [service_discovery.go:562] ["[pd] exit member loop due to context canceled"]
[2026/07/25 02:09:01.047 +08:00] [INFO] [router_service_discovery.go:287] ["[router service] closing router service discovery"]
[2026/07/25 02:09:01.047 +08:00] [INFO] [router_service_discovery.go:303] ["[router service] is closed"]
[2026/07/25 02:09:01.047 +08:00] [INFO] [client.go:155] ["[tso] closing tso client"]
[2026/07/25 02:09:01.047 +08:00] [INFO] [client.go:160] ["[tso] close tso client"]
[2026/07/25 02:09:01.047 +08:00] [INFO] [client.go:162] ["[tso] tso client is closed"]
[2026/07/25 02:09:01.047 +08:00] [INFO] [service_discovery.go:653] ["[pd] close service discovery client"]
[2026/07/25 02:09:01.047 +08:00] [INFO] [inner_client.go:275] ["[pd] close client successfully"]
[2026/07/25 02:09:01.047 +08:00] [INFO] [planner.go:744] ["split kv range with split size and keys"] [task-id=120001] [task-key=keyspace1/ImportInto/120001] [server-id=:4000] [region-split-size=1073741824] [region-split-keys=102400000] [range-size=357913942] [range-keys=34133333]
[2026/07/25 02:09:01.047 +08:00] [INFO] [split.go:132] ["create range splitter"] [task-id=120001] [task-key=keyspace1/ImportInto/120001] [server-id=:4000] [rangesGroupSize=107374182400] [rangesGroupKeyCnt=9223372036854775807] [rangeJobSize=357913942] [rangeJobKeyCnt=34133333] [regionSplitSize=1073741824] [regionSplitKeyCnt=102400000]
[2026/07/25 02:09:01.048 +08:00] [INFO] [planner.go:640] ["kv range split summary"] [task-id=120001] [task-key=keyspace1/ImportInto/120001] [server-id=:4000] [kvGroup=data] [subtasks=1] [dataFiles=1] [rangeJobKeys=0] [regionSplitKeys=0]
[2026/07/25 02:09:01.048 +08:00] [INFO] [split.go:172] ["close range splitter"] [task-id=120001] [task-key=keyspace1/ImportInto/120001] [server-id=:4000]
[2026/07/25 02:09:01.048 +08:00] [INFO] [gcs.go:523] ["resetting gcs storage"] [task-id=120001] [task-key=keyspace1/ImportInto/120001] [server-id=:4000]
[2026/07/25 02:09:01.048 +08:00] [INFO] [scheduler.go:547] ["generate subtasks"] [task-id=120001] [task-key=keyspace1/ImportInto/120001] [server-id=:4000] [curr-step=merge-sort] [next-step=ingest] [node-count=1] [db-name=cross_ks_stale_table] [table-name=t] [db-id=35] [table-id=37] [subtask-count=1]
[2026/07/25 02:09:01.048 +08:00] [INFO] [scheduler.go:616] ["schedule subtasks"] [task-id=120001] [task-key=keyspace1/ImportInto/120001] [server-id=:4000] [state=running] [step=ingest] [requiredSlots=1] [subtasks=1]
[2026/07/25 02:09:01.994 +08:00] [WARN] [nodes.go:87] ["generate task executor nodes met error"] [category=dxf] [sampled=] [server-id=:4000] [error="not found instance"]
[2026/07/25 02:09:02.248 +08:00] [INFO] [task_executor.go:317] ["task meta modification applied"] [task-id=120001] [task-key=keyspace1/ImportInto/120001] [server-id=:4000] [oldStep=merge-sort] [newStep=ingest]
[2026/07/25 02:09:02.251 +08:00] [INFO] [task_executor.go:438] ["cleanup subtask env"] [task-id=120001] [task-key=keyspace1/ImportInto/120001] [step=encode]
[2026/07/25 02:09:02.251 +08:00] [INFO] [client.go:356] ["[pd] http client closed"] [source=lightning]
[2026/07/25 02:09:02.251 +08:00] [INFO] [task_executor.go:461] ["execute task step completed"] [task-id=120001] [task-key=keyspace1/ImportInto/120001] [server-id=:4000] [step=encode] [mem-limit-percent=0.7] [server-mem-limit=80%] [resource="[CPU=1, Mem=2.571GiB]"] [takeTime=2.139930375s] []
[2026/07/25 02:09:02.252 +08:00] [INFO] [task_executor.go:925] ["got indices that generate kv"] [task-id=120001] [task-key=keyspace1/ImportInto/120001] [step=ingest] [indices={}]
[2026/07/25 02:09:02.252 +08:00] [INFO] [gcs.go:523] ["resetting gcs storage"] [task-id=120001] [task-key=keyspace1/ImportInto/120001] [server-id=:4000]
[2026/07/25 02:09:02.252 +08:00] [INFO] [gcs.go:523] ["resetting gcs storage"] [task-id=120001] [task-key=keyspace1/ImportInto/120001] [server-id=:4000]
[2026/07/25 02:09:02.256 +08:00] [INFO] [local.go:771] ["multi ingest support"] [task-id=120001] [task-key=keyspace1/ImportInto/120001] [server-id=:4000]
[2026/07/25 02:09:02.257 +08:00] [INFO] [local.go:793] ["TiKV server side free space check is enabled, so lightning will turn it off"] [task-id=120001] [task-key=keyspace1/ImportInto/120001] [server-id=:4000]
[2026/07/25 02:09:02.258 +08:00] [INFO] [table_import.go:834] ["use 0.8 of the storage size as default disk quota"] [task-id=120001] [task-key=keyspace1/ImportInto/120001] [step=ingest] [quota=795.7GB]
[2026/07/25 02:09:02.258 +08:00] [INFO] [task_executor.go:434] ["execute task step start"] [task-id=120001] [task-key=keyspace1/ImportInto/120001] [server-id=:4000] [step=ingest] [mem-limit-percent=0.7] [server-mem-limit=80%] [resource="[CPU=1, Mem=2.571GiB]"]
[2026/07/25 02:09:02.262 +08:00] [INFO] [task_executor.go:497] ["run subtask start"] [task-id=120001] [task-key=keyspace1/ImportInto/120001] [server-id=:4000] [subtaskID=120002] [step=ingest]
[2026/07/25 02:09:02.262 +08:00] [INFO] [gcs.go:523] ["resetting gcs storage"] [task-id=120001] [task-key=keyspace1/ImportInto/120001] [server-id=:4000] [subtaskID=120002] [step=ingest]
[2026/07/25 02:09:02.263 +08:00] [INFO] [task_executor.go:727] ["run subtask start"] [task-id=120001] [task-key=keyspace1/ImportInto/120001] [step=ingest] [subtask-id=120002] [kv-group=data]
[2026/07/25 02:09:02.263 +08:00] [INFO] [engine.go:213] ["create external engine"] [task-id=120001] [task-key=keyspace1/ImportInto/120001] [server-id=:4000] [subtaskID=120002] [step=ingest] [memLimitForLoadRange=1.187GiB] [dataFileCount=1] [jobKeysCount=2] [splitKeysCount=2]
[2026/07/25 02:09:02.264 +08:00] [INFO] [local.go:1110] ["split engine key ranges"] [task-id=120001] [task-key=keyspace1/ImportInto/120001] [server-id=:4000] [subtaskID=120002] [step=ingest] [engine=external] [totalSize=107374182400] [totalCount=0] [startKey=780000027480000000000000255F728000000000000001] [endKey=780000027480000000000000255F72800000000000000200] [len(keys)=2] []
[2026/07/25 02:09:02.264 +08:00] [INFO] [local.go:1469] ["pause pd scheduler of table scope"] [task-id=120001] [task-key=keyspace1/ImportInto/120001] [server-id=:4000] [subtaskID=120002] [step=ingest]
[2026/07/25 02:09:02.285 +08:00] [INFO] [local.go:1510] ["start import engine"] [task-id=120001] [task-key=keyspace1/ImportInto/120001] [server-id=:4000] [subtaskID=120002] [step=ingest] [uuid=385358da-d7a2-5241-b9e8-4c39453d3875] ["region ranges"=1] [count=0] [size=107374182400] [maxReqInFlight=0] [maxReqPerSec=0]
[2026/07/25 02:09:02.285 +08:00] [INFO] [local.go:1132] ["import engine ranges"] [task-id=120001] [task-key=keyspace1/ImportInto/120001] [server-id=:4000] [subtaskID=120002] [step=ingest] [len(regionSplitKeys)=2] [splitRangesBatch=2048] [splitRangePerSec=0]
[2026/07/25 02:09:02.286 +08:00] [INFO] [local.go:1147] ["split and scatter ranges start"] [task-id=120001] [task-key=keyspace1/ImportInto/120001] [server-id=:4000] [subtaskID=120002] [step=ingest] [uuid=external]
[2026/07/25 02:09:02.286 +08:00] [INFO] [client.go:684] ["paginate scan regions"] [count=2] [start=7480000000000000255F728000000000000001] [end=7480000000000000255F7280000000000000020000]
[2026/07/25 02:09:02.286 +08:00] [INFO] [localhelper.go:129] ["waiting for scattering regions done"] [task-id=120001] [task-key=keyspace1/ImportInto/120001] [server-id=:4000] [subtaskID=120002] [step=ingest] [regions=0] [take=542ns]
[2026/07/25 02:09:02.286 +08:00] [INFO] [local.go:1172] ["split and scatter ranges completed"] [task-id=120001] [task-key=keyspace1/ImportInto/120001] [server-id=:4000] [subtaskID=120002] [step=ingest] [uuid=external] [takeTime=643.375µs] []
[2026/07/25 02:09:02.286 +08:00] [INFO] [engine.go:565] ["load ingest data"] [task-id=120001] [task-key=keyspace1/ImportInto/120001] [server-id=:4000] [subtaskID=120002] [step=ingest] ["current batchSize"=1]
[2026/07/25 02:09:02.286 +08:00] [INFO] [util.go:172] ["seek props offsets start"] [task-id=120001] [task-key=keyspace1/ImportInto/120001] [server-id=:4000] [subtaskID=120002] [step=ingest]
[2026/07/25 02:09:02.287 +08:00] [INFO] [util.go:174] ["seek props offsets completed"] [task-id=120001] [task-key=keyspace1/ImportInto/120001] [server-id=:4000] [subtaskID=120002] [step=ingest] [takeTime=457.666µs] []
[2026/07/25 02:09:02.287 +08:00] [INFO] [reader.go:52] ["read all data start"] [task-id=120001] [task-key=keyspace1/ImportInto/120001] [server-id=:4000] [subtaskID=120002] [step=ingest]
[2026/07/25 02:09:02.287 +08:00] [INFO] [reader.go:53] [arguments] [task-id=120001] [task-key=keyspace1/ImportInto/120001] [server-id=:4000] [subtaskID=120002] [step=ingest] [data-file-count=1] [stat-file-count=1] [start-key=780000027480000000000000255f728000000000000001] [end-key=780000027480000000000000255f72800000000000000200]
[2026/07/25 02:09:02.287 +08:00] [INFO] [reader.go:105] ["estimated file size of this range group"] [task-id=120001] [task-key=keyspace1/ImportInto/120001] [server-id=:4000] [subtaskID=120002] [step=ingest] [totalSize=0B]
[2026/07/25 02:09:02.287 +08:00] [INFO] [gcs.go:523] ["resetting gcs storage"] [task-id=120001] [task-key=keyspace1/ImportInto/120001] [server-id=:4000] [subtaskID=120002] [step=ingest]
[2026/07/25 02:09:02.287 +08:00] [INFO] [reader.go:76] ["read all data completed"] [task-id=120001] [task-key=keyspace1/ImportInto/120001] [server-id=:4000] [subtaskID=120002] [step=ingest] [takeTime=526.583µs] []
[2026/07/25 02:09:02.287 +08:00] [INFO] [engine.go:120] ["building memKVsAndBuffers"] [task-id=120001] [task-key=keyspace1/ImportInto/120001] [server-id=:4000] [subtaskID=120002] [step=ingest] [sumKVCnt=2] [droppedSize=0]
[2026/07/25 02:09:02.287 +08:00] [INFO] [engine.go:397] ["load range batch done"] [task-id=120001] [task-key=keyspace1/ImportInto/120001] [server-id=:4000] [subtaskID=120002] [step=ingest] [readDur=571.25µs] [sortDur=583ns] [droppedSize=0] [loadedKVs=2] [loadedSize=66B] [onDup=error] [dupCount=0] [recordedDupCount=0] [totalRecordedDupCount=0] [totalRecordedDupSize=0B] [deduplicateDur=0s]
[2026/07/25 02:09:02.288 +08:00] [INFO] [local.go:1326] ["generate region jobs"] [task-id=120001] [task-key=keyspace1/ImportInto/120001] [server-id=:4000] [subtaskID=120002] [step=ingest] [len(jobs)=1] [startOfAllRanges=780000027480000000000000255f728000000000000001] [endOfAllRanges=780000027480000000000000255f72800000000000000200] [startKeyOfFirstRegion=7800000274800000ff00000000255f7280ff0000000000000100fe] [endKeyOfLastRegion=7800000274800000ff00000000255f7280ff0000000000000200ff0000000000000000f7]
[2026/07/25 02:09:02.289 +08:00] [WARN] [job_worker.go:217] ["meet retryable error when writing to TiKV"] [task-id=120001] [task-key=keyspace1/ImportInto/120001] [server-id=:4000] [subtaskID=120002] [step=ingest] [error="Put \"http://localhost:19000/write_sst?cluster_id=7666155928670674007&commit_ts=467905161726263307\": EOF"] ["job stage"=needRescan]
[2026/07/25 02:09:02.290 +08:00] [INFO] [local.go:1326] ["generate region jobs"] [task-id=120001] [task-key=keyspace1/ImportInto/120001] [server-id=:4000] [subtaskID=120002] [step=ingest] [len(jobs)=1] [startOfAllRanges=780000027480000000000000255f728000000000000001] [endOfAllRanges=780000027480000000000000255f72800000000000000200] [startKeyOfFirstRegion=7800000274800000ff00000000255f7280ff0000000000000100fe] [endKeyOfLastRegion=7800000274800000ff00000000255f7280ff0000000000000200ff0000000000000000f7]
[2026/07/25 02:09:02.290 +08:00] [INFO] [region_job.go:1000] ["put job back to jobCh to retry later"] [task-id=120001] [task-key=keyspace1/ImportInto/120001] [server-id=:4000] [subtaskID=120002] [step=ingest] [startKey=780000027480000000000000255F728000000000000001] [endKey=780000027480000000000000255F72800000000000000200] [stage=regionScanned] [retryCount=1] [waitUntil=2026/07/25 02:09:04.290 +08:00] [error="Put \"http://localhost:19000/write_sst?cluster_id=7666155928670674007&commit_ts=467905161726263307\": EOF"]
[2026/07/25 02:09:02.994 +08:00] [WARN] [nodes.go:87] ["generate task executor nodes met error"] [category=dxf] [sampled=] [server-id=:4000] [error="not found instance"]
[2026/07/25 02:09:03.994 +08:00] [WARN] [nodes.go:87] ["generate task executor nodes met error"] [category=dxf] [sampled=] [server-id=:4000] [error="not found instance"]
[2026/07/25 02:09:04.292 +08:00] [WARN] [job_worker.go:217] ["meet retryable error when writing to TiKV"] [task-id=120001] [task-key=keyspace1/ImportInto/120001] [server-id=:4000] [subtaskID=120002] [step=ingest] [error="Put \"http://localhost:19000/write_sst?cluster_id=7666155928670674007&commit_ts=467905161726263307\": EOF"] ["job stage"=needRescan]
[2026/07/25 02:09:04.293 +08:00] [INFO] [local.go:1326] ["generate region jobs"] [task-id=120001] [task-key=keyspace1/ImportInto/120001] [server-id=:4000] [subtaskID=120002] [step=ingest] [len(jobs)=1] [startOfAllRanges=780000027480000000000000255f728000000000000001] [endOfAllRanges=780000027480000000000000255f72800000000000000200] [startKeyOfFirstRegion=7800000274800000ff00000000255f7280ff0000000000000100fe] [endKeyOfLastRegion=7800000274800000ff00000000255f7280ff0000000000000200ff0000000000000000f7]
[2026/07/25 02:09:04.293 +08:00] [INFO] [region_job.go:1000] ["put job back to jobCh to retry later"] [task-id=120001] [task-key=keyspace1/ImportInto/120001] [server-id=:4000] [subtaskID=120002] [step=ingest] [startKey=780000027480000000000000255F728000000000000001] [endKey=780000027480000000000000255F72800000000000000200] [stage=regionScanned] [retryCount=1] [waitUntil=2026/07/25 02:09:06.293 +08:00] [error="Put \"http://localhost:19000/write_sst?cluster_id=7666155928670674007&commit_ts=467905161726263307\": EOF"]
[2026/07/25 02:09:04.994 +08:00] [WARN] [nodes.go:87] ["generate task executor nodes met error"] [category=dxf] [sampled=] [server-id=:4000] [error="not found instance"]
[2026/07/25 02:09:05.994 +08:00] [WARN] [nodes.go:87] ["generate task executor nodes met error"] [category=dxf] [sampled=] [server-id=:4000] [error="not found instance"]
[2026/07/25 02:09:06.295 +08:00] [WARN] [job_worker.go:217] ["meet retryable error when writing to TiKV"] [task-id=120001] [task-key=keyspace1/ImportInto/120001] [server-id=:4000] [subtaskID=120002] [step=ingest] [error="Put \"http://localhost:19000/write_sst?cluster_id=7666155928670674007&commit_ts=467905161726263307\": EOF"] ["job stage"=needRescan]
[2026/07/25 02:09:06.296 +08:00] [INFO] [local.go:1326] ["generate region jobs"] [task-id=120001] [task-key=keyspace1/ImportInto/120001] [server-id=:4000] [subtaskID=120002] [step=ingest] [len(jobs)=1] [startOfAllRanges=780000027480000000000000255f728000000000000001] [endOfAllRanges=780000027480000000000000255f72800000000000000200] [startKeyOfFirstRegion=7800000274800000ff00000000255f7280ff0000000000000100fe] [endKeyOfLastRegion=7800000274800000ff00000000255f7280ff0000000000000200ff0000000000000000f7]
[2026/07/25 02:09:06.296 +08:00] [INFO] [region_job.go:1000] ["put job back to jobCh to retry later"] [task-id=120001] [task-key=keyspace1/ImportInto/120001] [server-id=:4000] [subtaskID=120002] [step=ingest] [startKey=780000027480000000000000255F728000000000000001] [endKey=780000027480000000000000255F72800000000000000200] [stage=regionScanned] [retryCount=1] [waitUntil=2026/07/25 02:09:08.296 +08:00] [error="Put \"http://localhost:19000/write_sst?cluster_id=7666155928670674007&commit_ts=467905161726263307\": EOF"]
[2026/07/25 02:09:06.994 +08:00] [WARN] [nodes.go:87] ["generate task executor nodes met error"] [category=dxf] [sampled=] [server-id=:4000] [error="not found instance"]
[2026/07/25 02:09:07.994 +08:00] [WARN] [nodes.go:87] ["generate task executor nodes met error"] [category=dxf] [sampled=] [server-id=:4000] [error="not found instance"]
[2026/07/25 02:09:08.319 +08:00] [INFO] [local.go:1529] ["import engine success"] [task-id=120001] [task-key=keyspace1/ImportInto/120001] [server-id=:4000] [subtaskID=120002] [step=ingest] [uuid=385358da-d7a2-5241-b9e8-4c39453d3875] [size=107374182400] [kvs=0] [importedSize=66] [importedCount=2]
[2026/07/25 02:09:08.320 +08:00] [INFO] [task_executor.go:729] ["run subtask completed"] [task-id=120001] [task-key=keyspace1/ImportInto/120001] [step=ingest] [subtask-id=120002] [kv-group=data] [obj-store-access="{requests: {get: 5, put: 0}, traffic: {r: 740, w: 0}}"] [takeTime=6.05683925s] []
[2026/07/25 02:09:08.324 +08:00] [INFO] [task_executor.go:526] ["run subtask completed"] [task-id=120001] [task-key=keyspace1/ImportInto/120001] [server-id=:4000] [subtaskID=120002] [step=ingest] [takeTime=6.061937292s] []
[2026/07/25 02:09:08.527 +08:00] [INFO] [scheduler.go:556] ["switch to next step"] [task-id=120001] [task-key=keyspace1/ImportInto/120001] [server-id=:4000] [current-step=ingest] [next-step=collect-conflicts] [required-slots=1] [runtime-slots=1]
[2026/07/25 02:09:08.527 +08:00] [INFO] [scheduler.go:590] ["eligible instances"] [task-id=120001] [task-key=keyspace1/ImportInto/120001] [server-id=:4000] [num=1]
[2026/07/25 02:09:08.527 +08:00] [INFO] [scheduler.go:413] ["on next subtasks batch"] [task-id=120001] [task-key=keyspace1/ImportInto/120001] [server-id=:4000] [curr-step=ingest] [next-step=collect-conflicts] [node-count=1] [db-name=cross_ks_stale_table] [table-name=t] [db-id=35] [table-id=37]
[2026/07/25 02:09:08.538 +08:00] [INFO] [gcs.go:523] ["resetting gcs storage"] [task-id=120001] [task-key=keyspace1/ImportInto/120001] [server-id=:4000]
[2026/07/25 02:09:08.538 +08:00] [INFO] [gcs.go:523] ["resetting gcs storage"] [task-id=120001] [task-key=keyspace1/ImportInto/120001] [server-id=:4000]
[2026/07/25 02:09:08.539 +08:00] [INFO] [scheduler.go:547] ["generate subtasks"] [task-id=120001] [task-key=keyspace1/ImportInto/120001] [server-id=:4000] [curr-step=ingest] [next-step=collect-conflicts] [node-count=1] [db-name=cross_ks_stale_table] [table-name=t] [db-id=35] [table-id=37] [subtask-count=0]
[2026/07/25 02:09:08.539 +08:00] [INFO] [scheduler.go:616] ["schedule subtasks"] [task-id=120001] [task-key=keyspace1/ImportInto/120001] [server-id=:4000] [state=running] [step=collect-conflicts] [requiredSlots=1] [subtasks=0]
[2026/07/25 02:09:08.994 +08:00] [WARN] [nodes.go:87] ["generate task executor nodes met error"] [category=dxf] [sampled=] [server-id=:4000] [error="not found instance"]
[2026/07/25 02:09:09.027 +08:00] [INFO] [scheduler.go:556] ["switch to next step"] [task-id=120001] [task-key=keyspace1/ImportInto/120001] [server-id=:4000] [current-step=collect-conflicts] [next-step=conflict-resolution] [required-slots=1] [runtime-slots=1]
[2026/07/25 02:09:09.027 +08:00] [INFO] [scheduler.go:590] ["eligible instances"] [task-id=120001] [task-key=keyspace1/ImportInto/120001] [server-id=:4000] [num=1]
[2026/07/25 02:09:09.027 +08:00] [INFO] [scheduler.go:413] ["on next subtasks batch"] [task-id=120001] [task-key=keyspace1/ImportInto/120001] [server-id=:4000] [curr-step=collect-conflicts] [next-step=conflict-resolution] [node-count=1] [db-name=cross_ks_stale_table] [table-name=t] [db-id=35] [table-id=37]
[2026/07/25 02:09:09.045 +08:00] [INFO] [gcs.go:523] ["resetting gcs storage"] [task-id=120001] [task-key=keyspace1/ImportInto/120001] [server-id=:4000]
[2026/07/25 02:09:09.045 +08:00] [INFO] [gcs.go:523] ["resetting gcs storage"] [task-id=120001] [task-key=keyspace1/ImportInto/120001] [server-id=:4000]
[2026/07/25 02:09:09.045 +08:00] [INFO] [scheduler.go:547] ["generate subtasks"] [task-id=120001] [task-key=keyspace1/ImportInto/120001] [server-id=:4000] [curr-step=collect-conflicts] [next-step=conflict-resolution] [node-count=1] [db-name=cross_ks_stale_table] [table-name=t] [db-id=35] [table-id=37] [subtask-count=0]
[2026/07/25 02:09:09.045 +08:00] [INFO] [scheduler.go:616] ["schedule subtasks"] [task-id=120001] [task-key=keyspace1/ImportInto/120001] [server-id=:4000] [state=running] [step=conflict-resolution] [requiredSlots=1] [subtasks=0]
[2026/07/25 02:09:09.526 +08:00] [INFO] [scheduler.go:556] ["switch to next step"] [task-id=120001] [task-key=keyspace1/ImportInto/120001] [server-id=:4000] [current-step=conflict-resolution] [next-step=post-process] [required-slots=1] [runtime-slots=1]
[2026/07/25 02:09:09.526 +08:00] [INFO] [scheduler.go:590] ["eligible instances"] [task-id=120001] [task-key=keyspace1/ImportInto/120001] [server-id=:4000] [num=1]
[2026/07/25 02:09:09.527 +08:00] [INFO] [scheduler.go:413] ["on next subtasks batch"] [task-id=120001] [task-key=keyspace1/ImportInto/120001] [server-id=:4000] [curr-step=conflict-resolution] [next-step=post-process] [node-count=1] [db-name=cross_ks_stale_table] [table-name=t] [db-id=35] [table-id=37]
[2026/07/25 02:09:09.539 +08:00] [INFO] [scheduler.go:513] ["move to post-process step"] [task-id=120001] [task-key=keyspace1/ImportInto/120001] [server-id=:4000] [curr-step=conflict-resolution] [next-step=post-process] [node-count=1] [db-name=cross_ks_stale_table] [table-name=t] [db-id=35] [table-id=37] [result="{\"encode-summary\":{\"input-bytes\":8,\"input-rows\":4},\"merge-summary\":{},\"ingest-summary\":{\"input-bytes\":66,\"input-rows\":2},\"collect-conflicts-summary\":{},\"resolve-conflicts-summary\":{}}"]
[2026/07/25 02:09:09.543 +08:00] [INFO] [scheduler.go:547] ["generate subtasks"] [task-id=120001] [task-key=keyspace1/ImportInto/120001] [server-id=:4000] [curr-step=conflict-resolution] [next-step=post-process] [node-count=1] [db-name=cross_ks_stale_table] [table-name=t] [db-id=35] [table-id=37] [subtask-count=1]
[2026/07/25 02:09:09.543 +08:00] [INFO] [scheduler.go:616] ["schedule subtasks"] [task-id=120001] [task-key=keyspace1/ImportInto/120001] [server-id=:4000] [state=running] [step=post-process] [requiredSlots=1] [subtasks=1]
[2026/07/25 02:09:09.972 +08:00] [INFO] [owner_daemon.go:56] ["daemon became owner"] [id=c7ef619a-c50a-4ad4-9f33-692ceb56e0e0] [daemon-id=LogBackup::Advancer]
[2026/07/25 02:09:09.972 +08:00] [INFO] [advancer.go:650] ["Subscription handler spawned."] [category="log backup subscription manager"]
[2026/07/25 02:09:09.973 +08:00] [INFO] [advancer.go:290] ["refreshed TiKV log-backup.max-flush-interval for advancer intervals"] [previous-resolve-lock-interval=24s] [resolve-lock-interval=3m0s] [previous-try-advance-threshold=4m0s] [try-advance-threshold=4m0s]
[2026/07/25 02:09:10.106 +08:00] [INFO] [owner_daemon.go:56] ["daemon became owner"] [id=e6a1664f-4250-41e1-ad37-8e6106aa14dc] [daemon-id=LogBackup::Advancer]
[2026/07/25 02:09:10.107 +08:00] [INFO] [advancer.go:650] ["Subscription handler spawned."] [category="log backup subscription manager"]
[2026/07/25 02:09:10.108 +08:00] [INFO] [advancer.go:290] ["refreshed TiKV log-backup.max-flush-interval for advancer intervals"] [previous-resolve-lock-interval=24s] [resolve-lock-interval=3m0s] [previous-try-advance-threshold=4m0s] [try-advance-threshold=4m0s]
[2026/07/25 02:09:10.437 +08:00] [INFO] [task_executor.go:317] ["task meta modification applied"] [task-id=120001] [task-key=keyspace1/ImportInto/120001] [server-id=:4000] [oldStep=conflict-resolution] [newStep=post-process]
[2026/07/25 02:09:10.440 +08:00] [INFO] [task_executor.go:828] ["cleanup subtask env"] [task-id=120001] [task-key=keyspace1/ImportInto/120001] [step=ingest]
[2026/07/25 02:09:10.440 +08:00] [INFO] [client.go:356] ["[pd] http client closed"] [source=lightning]
[2026/07/25 02:09:10.440 +08:00] [INFO] [task_executor.go:461] ["execute task step completed"] [task-id=120001] [task-key=keyspace1/ImportInto/120001] [server-id=:4000] [step=ingest] [mem-limit-percent=0.7] [server-mem-limit=80%] [resource="[CPU=1, Mem=2.571GiB]"] [takeTime=8.182827792s] []
[2026/07/25 02:09:10.441 +08:00] [INFO] [task_executor.go:925] ["got indices that generate kv"] [task-id=120001] [task-key=keyspace1/ImportInto/120001] [step=post-process] [indices={}]
[2026/07/25 02:09:10.441 +08:00] [INFO] [task_executor.go:434] ["execute task step start"] [task-id=120001] [task-key=keyspace1/ImportInto/120001] [server-id=:4000] [step=post-process] [mem-limit-percent=0.7] [server-mem-limit=80%] [resource="[CPU=1, Mem=2.571GiB]"]
[2026/07/25 02:09:10.449 +08:00] [INFO] [task_executor.go:497] ["run subtask start"] [task-id=120001] [task-key=keyspace1/ImportInto/120001] [server-id=:4000] [subtaskID=120003] [step=post-process]
[2026/07/25 02:09:10.449 +08:00] [INFO] [task_executor.go:866] ["run subtask start"] [task-id=120001] [task-key=keyspace1/ImportInto/120001] [step=post-process] [subtask-id=120003]
[2026/07/25 02:09:10.449 +08:00] [INFO] [subtask_executor.go:115] ["post process start"] [task-id=120001] [task-key=keyspace1/ImportInto/120001] [step=post-process] [subtask-id=120003]
[2026/07/25 02:09:10.449 +08:00] [INFO] [table_import.go:887] ["rebase allocators start"] [task-id=120001] [task-key=keyspace1/ImportInto/120001] [step=post-process] [subtask-id=120003] [maxIDs={}]
[2026/07/25 02:09:10.449 +08:00] [INFO] [table_import.go:889] ["rebase allocators completed"] [task-id=120001] [task-key=keyspace1/ImportInto/120001] [step=post-process] [subtask-id=120003] [maxIDs={}] [takeTime=334ns] []
[2026/07/25 02:09:10.449 +08:00] [INFO] [subtask_executor.go:127] ["kv group checksum"] [task-id=120001] [task-key=keyspace1/ImportInto/120001] [step=post-process] [subtask-id=120003] [groupId=-1] [size=66] [kvs=2] [checksum=6725679395568127565]
[2026/07/25 02:09:10.449 +08:00] [INFO] [subtask_executor.go:140] ["checksum info"] [task-id=120001] [task-key=keyspace1/ImportInto/120001] [step=post-process] [subtask-id=120003] [encodeStepSum="{\"checksum\":6725679395568127565,\"size\":66,\"kvs\":2}"] [deletedRowsSum="{\"checksum\":0,\"size\":0,\"kvs\":0}"] [final="{\"checksum\":6725679395568127565,\"size\":66,\"kvs\":2}"]
[2026/07/25 02:09:10.450 +08:00] [INFO] [table_import.go:937] ["local checksum"] [task-id=120001] [task-key=keyspace1/ImportInto/120001] [step=post-process] [subtask-id=120003] [checksum="{cksum=6725679395568127565,size=66,kvs=2}"]
[2026/07/25 02:09:10.453 +08:00] [INFO] [checksum.go:336] ["checksum table"] [task-id=120001] [task-key=keyspace1/ImportInto/120001] [step=post-process] [subtask-id=120003] [db=cross_ks_stale_table] [table=t] [distSQLConcurrency=15] [backoffWeight=30]
[2026/07/25 02:09:10.455 +08:00] [INFO] [table_import.go:966] ["checksum pass"] [task-id=120001] [task-key=keyspace1/ImportInto/120001] [step=post-process] [subtask-id=120003] [local="{cksum=6725679395568127565,size=66,kvs=2}"]
[2026/07/25 02:09:10.456 +08:00] [INFO] [subtask_executor.go:117] ["post process completed"] [task-id=120001] [task-key=keyspace1/ImportInto/120001] [step=post-process] [subtask-id=120003] [takeTime=6.57725ms] []
[2026/07/25 02:09:10.456 +08:00] [INFO] [task_executor.go:868] ["run subtask completed"] [task-id=120001] [task-key=keyspace1/ImportInto/120001] [step=post-process] [subtask-id=120003] [takeTime=6.621667ms] []
[2026/07/25 02:09:10.456 +08:00] [INFO] [task_executor.go:526] ["run subtask completed"] [task-id=120001] [task-key=keyspace1/ImportInto/120001] [server-id=:4000] [subtaskID=120003] [step=post-process] [takeTime=6.661209ms] []
[2026/07/25 02:09:10.527 +08:00] [INFO] [scheduler.go:556] ["switch to next step"] [task-id=120001] [task-key=keyspace1/ImportInto/120001] [server-id=:4000] [current-step=post-process] [next-step=done] [required-slots=1] [runtime-slots=1]
[2026/07/25 02:09:10.527 +08:00] [INFO] [scheduler.go:557] ["task done"] [task-id=120001] [task-key=keyspace1/ImportInto/120001] [server-id=:4000] [step=post-process] [state=running] []
[2026/07/25 02:09:10.529 +08:00] [INFO] [scheduler.go:131] ["unregister task success"] [task-id=120001] [task-key=keyspace1/ImportInto/120001] [server-id=:4000]
[2026/07/25 02:09:10.764 +08:00] [INFO] [task_executor.go:461] ["execute task step completed"] [task-id=120001] [task-key=keyspace1/ImportInto/120001] [server-id=:4000] [step=post-process] [mem-limit-percent=0.7] [server-mem-limit=80%] [resource="[CPU=1, Mem=2.571GiB]"] [takeTime=323.14975ms] []
[2026/07/25 02:09:10.764 +08:00] [INFO] [cross_ks.go:367] ["release cross keyspace runtime"] [targetKS=keyspace1] [holderID=DXF/executor/120001] [activeHolderCount=1]
[2026/07/25 02:09:10.764 +08:00] [INFO] [manager.go:373] ["task executor exit"] [server-id=:4000] [task-id=120001] [task-key=keyspace1/ImportInto/120001] [type=ImportInto]
    cross_ks_test.go:833: job ID=120001 result=[[finished 2]], current t rows=[[100 replacement]], displaced(old ID) rows=[[1 a] [2 b]]
[2026/07/25 02:09:11.022 +08:00] [INFO] [job_scheduler.go:269] ["scheduleLoop quit due to context canceled"] [category=ddl]
[2026/07/25 02:09:11.022 +08:00] [INFO] [syncer.go:488] ["schema version sync loop interrupted, retrying..."] [category=ddl]
[2026/07/25 02:09:11.022 +08:00] [INFO] [manager.go:420] ["watch owner finished"] [key=/tidb/ddl/fg/owner] [id=c14c9ba1-4c68-49df-b4f0-ddd5acc2fb68] []
[2026/07/25 02:09:11.022 +08:00] [INFO] [manager.go:333] ["retire owner"] [key=/tidb/ddl/fg/owner] [id=c14c9ba1-4c68-49df-b4f0-ddd5acc2fb68]
[2026/07/25 02:09:11.022 +08:00] [INFO] [ddl_workerpool.go:78] ["closing workerPool"] [category=ddl]
[2026/07/25 02:09:11.022 +08:00] [INFO] [ddl_workerpool.go:78] ["closing workerPool"] [category=ddl]
[2026/07/25 02:09:11.022 +08:00] [INFO] [ddl_workerpool.go:78] ["closing workerPool"] [category=ddl]
[2026/07/25 02:09:11.022 +08:00] [INFO] [manager.go:424] ["is not the owner"] [key=/tidb/ddl/fg/owner] [id=c14c9ba1-4c68-49df-b4f0-ddd5acc2fb68]
[2026/07/25 02:09:11.022 +08:00] [INFO] [manager.go:385] ["break campaign loop, context is done"] [key=/tidb/ddl/fg/owner] [id=c14c9ba1-4c68-49df-b4f0-ddd5acc2fb68]
[2026/07/25 02:09:11.023 +08:00] [INFO] [delete_range.go:162] ["closing delRange"] [category=ddl]
[2026/07/25 02:09:11.023 +08:00] [INFO] [session_pool.go:133] ["closing session pool"] [category=ddl]
[2026/07/25 02:09:11.023 +08:00] [INFO] [ddl.go:1157] ["DDL closed"] [category=ddl] [ID=c14c9ba1-4c68-49df-b4f0-ddd5acc2fb68] ["take time"=1.843ms]
[2026/07/25 02:09:11.023 +08:00] [INFO] [ddl.go:848] ["stop DDL"] [category=ddl] [ID=c14c9ba1-4c68-49df-b4f0-ddd5acc2fb68]
[2026/07/25 02:09:11.023 +08:00] [INFO] [domain.go:484] ["stopping ttlJobManager"]
[2026/07/25 02:09:11.024 +08:00] [INFO] [runtime.go:202] ["TimerGroupRuntime loop exit"] [groupID=ttl]
[2026/07/25 02:09:11.024 +08:00] [INFO] [notifier.go:227] ["etcd notify loop to watch timer events stopped"] [EtcdKey=/tidb/timer/cluster/1/notify/641a21d5-6b86-4145-8f03-7e646a629e0e]
[2026/07/25 02:09:11.024 +08:00] [INFO] [notifier.go:142] ["etcd watcher exited to watch timer events"] [EtcdKey=/tidb/timer/cluster/1/notify/641a21d5-6b86-4145-8f03-7e646a629e0e] [watcherID=a4d7c3fa-f11b-4e87-85b3-33eff98d08e4]
[2026/07/25 02:09:11.024 +08:00] [INFO] [task_manager.go:225] ["shrink ttl worker"] [ttl-worker=job-manager] [ttl-worker=c14c9ba1-4c68-49df-b4f0-ddd5acc2fb68] [ttl-worker=task-manager] [ttl-worker=c14c9ba1-4c68-49df-b4f0-ddd5acc2fb68] [originalCount=4] [newCount=0]
[2026/07/25 02:09:11.024 +08:00] [INFO] [scan.go:379] ["ttlScanWorker loop exited."]
[2026/07/25 02:09:11.024 +08:00] [INFO] [scan.go:379] ["ttlScanWorker loop exited."]
[2026/07/25 02:09:11.024 +08:00] [INFO] [scan.go:379] ["ttlScanWorker loop exited."]
[2026/07/25 02:09:11.024 +08:00] [INFO] [scan.go:379] ["ttlScanWorker loop exited."]
[2026/07/25 02:09:11.024 +08:00] [INFO] [task_manager.go:225] ["shrink ttl worker"] [ttl-worker=job-manager] [ttl-worker=c14c9ba1-4c68-49df-b4f0-ddd5acc2fb68] [ttl-worker=task-manager] [ttl-worker=c14c9ba1-4c68-49df-b4f0-ddd5acc2fb68] [originalCount=4] [newCount=0]
[2026/07/25 02:09:11.024 +08:00] [INFO] [del.go:344] ["ttlDeleteWorker loop exited."]
[2026/07/25 02:09:11.024 +08:00] [INFO] [del.go:344] ["ttlDeleteWorker loop exited."]
[2026/07/25 02:09:11.024 +08:00] [INFO] [del.go:344] ["ttlDeleteWorker loop exited."]
[2026/07/25 02:09:11.024 +08:00] [INFO] [del.go:344] ["ttlDeleteWorker loop exited."]
[2026/07/25 02:09:11.024 +08:00] [INFO] [job_manager.go:183] ["ttlJobManager loop exited."] [ttl-worker=job-manager] [ttl-worker=c14c9ba1-4c68-49df-b4f0-ddd5acc2fb68]
[2026/07/25 02:09:11.024 +08:00] [INFO] [job_manager.go:168] ["ttlJobManager loop exited."] [ttl-worker=job-manager] [ttl-worker=c14c9ba1-4c68-49df-b4f0-ddd5acc2fb68]
[2026/07/25 02:09:11.024 +08:00] [INFO] [domain.go:495] ["ttlJobManager exited."]
[2026/07/25 02:09:11.024 +08:00] [INFO] [domain.go:2868] ["serverIDSession need restart"]
[2026/07/25 02:09:11.025 +08:00] [INFO] [cross_ks.go:367] ["release cross keyspace runtime"] [targetKS=keyspace1] [holderID=DXF/scheduler/120001] [activeHolderCount=0]
[2026/07/25 02:09:11.025 +08:00] [INFO] [scheduler_manager.go:396] ["task scheduler exit"] [server-id=:4000] [task-id=120001] [task-key=keyspace1/ImportInto/120001]
[2026/07/25 02:09:11.026 +08:00] [INFO] [domain.go:2733] ["releaseServerID succeed"] [serverID=1437] [leaseID=2463925934672483117]
[2026/07/25 02:09:11.027 +08:00] [INFO] [domain.go:2945] ["planCacheEvictTrigger exited."]
[2026/07/25 02:09:11.027 +08:00] [INFO] [domain.go:2282] ["dumpColStatsUsageWorker exited."]
[2026/07/25 02:09:11.027 +08:00] [INFO] [flusher.go:89] ["flushing remaining records before stop"] [name=runaway-record]
[2026/07/25 02:09:11.027 +08:00] [INFO] [domain.go:2332] ["autoAnalyzeWorker exited."] [category=stats]
[2026/07/25 02:09:11.027 +08:00] [INFO] [domain.go:1403] ["loadPrivilegeInLoop exited."]
[2026/07/25 02:09:11.027 +08:00] [INFO] [domain.go:1892] ["HistoricalStatsWorker exited."]
[2026/07/25 02:09:11.027 +08:00] [INFO] [wait_group_wrapper.go:150] ["background process exited"] [source=domain] [process=HistoricalStatsWorker]
[2026/07/25 02:09:11.027 +08:00] [INFO] [wait_group_wrapper.go:150] ["background process exited"] [source=domain] [process=planCacheEvictTrigger]
[2026/07/25 02:09:11.027 +08:00] [INFO] [wait_group_wrapper.go:150] ["background process exited"] [source=domain] [process=loadPrivilegeInLoop]
[2026/07/25 02:09:11.027 +08:00] [INFO] [syncer.go:422] ["topology sync loop exited."]
[2026/07/25 02:09:11.027 +08:00] [INFO] [wait_group_wrapper.go:150] ["background process exited"] [source=domain] [process=topologySyncerKeeper]
[2026/07/25 02:09:11.027 +08:00] [INFO] [domain.go:2800] ["serverIDKeeper exited."]
[2026/07/25 02:09:11.027 +08:00] [INFO] [domain.go:2989] ["readTableCostWorker exited."]
[2026/07/25 02:09:11.027 +08:00] [INFO] [wait_group_wrapper.go:150] ["background process exited"] [source=domain] [process=readTableCostWorker]
[2026/07/25 02:09:11.027 +08:00] [INFO] [domain.go:2914] ["planCacheMetricsAndVars exited."]
[2026/07/25 02:09:11.027 +08:00] [INFO] [wait_group_wrapper.go:150] ["background process exited"] [source=domain] [process=planCacheMetricsAndVars]
[2026/07/25 02:09:11.027 +08:00] [INFO] [wait_group_wrapper.go:150] ["background process exited"] [source=domain] [process=loadSigningCertLoop]
[2026/07/25 02:09:11.027 +08:00] [INFO] [wait_group_wrapper.go:150] ["background process exited"] [source=domain] [process=dumpColStatsUsageWorker]
[2026/07/25 02:09:11.027 +08:00] [INFO] [domain.go:2219] ["deltaUpdateTicker is going to exit, start to flush stats"]
[2026/07/25 02:09:11.027 +08:00] [INFO] [domain.go:2174] ["indexUsageWorker exited."]
[2026/07/25 02:09:11.027 +08:00] [INFO] [wait_group_wrapper.go:150] ["background process exited"] [source=domain] [process=indexUsageWorker]
[2026/07/25 02:09:11.027 +08:00] [INFO] [domain.go:2147] ["asyncLoadStats exited."]
[2026/07/25 02:09:11.027 +08:00] [INFO] [wait_group_wrapper.go:150] ["background process exited"] [source=domain] [process=asyncLoadHistogram]
[2026/07/25 02:09:11.027 +08:00] [INFO] [domain.go:2193] ["gcStatsWorker ready to release owner"]
[2026/07/25 02:09:11.027 +08:00] [INFO] [domain.go:1477] ["LoadSysVarCacheLoop exited."]
[2026/07/25 02:09:11.027 +08:00] [INFO] [manager.go:420] ["watch owner finished"] [key=/tidb/stats/owner] [id=c14c9ba1-4c68-49df-b4f0-ddd5acc2fb68] []
[2026/07/25 02:09:11.027 +08:00] [INFO] [manager.go:333] ["retire owner"] [key=/tidb/stats/owner] [id=c14c9ba1-4c68-49df-b4f0-ddd5acc2fb68]
[2026/07/25 02:09:11.027 +08:00] [INFO] [manager.go:424] ["is not the owner"] [key=/tidb/stats/owner] [id=c14c9ba1-4c68-49df-b4f0-ddd5acc2fb68]
[2026/07/25 02:09:11.027 +08:00] [INFO] [manager.go:385] ["break campaign loop, context is done"] [key=/tidb/stats/owner] [id=c14c9ba1-4c68-49df-b4f0-ddd5acc2fb68]
[2026/07/25 02:09:11.027 +08:00] [INFO] [wait_group_wrapper.go:150] ["background process exited"] [source=domain] [process=LoadSysVarCacheLoop]
[2026/07/25 02:09:11.027 +08:00] [INFO] [domain.go:1807] ["PlanReplayerTaskCollectHandle exited."]
[2026/07/25 02:09:11.027 +08:00] [INFO] [wait_group_wrapper.go:150] ["background process exited"] [source=domain] [process=PlanReplayerTaskCollectHandle]
[2026/07/25 02:09:11.027 +08:00] [INFO] [domain.go:2396] ["analyzeJobsCleanupWorker exited."]
[2026/07/25 02:09:11.027 +08:00] [INFO] [wait_group_wrapper.go:150] ["background process exited"] [source=domain] [process=analyzeJobsCleanupWorker]
[2026/07/25 02:09:11.027 +08:00] [INFO] [flusher.go:91] ["stopped flusher"] [name=runaway-record]
[2026/07/25 02:09:11.027 +08:00] [INFO] [flusher.go:89] ["flushing remaining records before stop"] [name=quarantine-record]
[2026/07/25 02:09:11.027 +08:00] [INFO] [flusher.go:91] ["stopped flusher"] [name=quarantine-record]
[2026/07/25 02:09:11.027 +08:00] [INFO] [flusher.go:89] ["flushing remaining records before stop"] [name=stale-quarantine-record]
[2026/07/25 02:09:11.027 +08:00] [INFO] [flusher.go:91] ["stopped flusher"] [name=stale-quarantine-record]
[2026/07/25 02:09:11.027 +08:00] [INFO] [plan_replayer.go:411] ["planReplayerTaskDumpWorker exited."]
[2026/07/25 02:09:11.027 +08:00] [INFO] [stats_syncload.go:255] ["SubLoadWorker: exits now because the domain is closed."] [category=stats]
[2026/07/25 02:09:11.027 +08:00] [INFO] [stats_syncload.go:245] ["SubLoadWorker: exited."] [category=stats]
[2026/07/25 02:09:11.027 +08:00] [INFO] [domain.go:1861] ["dumpFileGcChecker exited."]
[2026/07/25 02:09:11.027 +08:00] [INFO] [wait_group_wrapper.go:150] ["background process exited"] [source=domain] [process=dumpFileGcChecker]
[2026/07/25 02:09:11.027 +08:00] [INFO] [manager.go:420] ["watch owner finished"] [key=/tidb/bindinfo/owner] [id=c14c9ba1-4c68-49df-b4f0-ddd5acc2fb68] []
[2026/07/25 02:09:11.027 +08:00] [INFO] [manager.go:333] ["retire owner"] [key=/tidb/bindinfo/owner] [id=c14c9ba1-4c68-49df-b4f0-ddd5acc2fb68]
[2026/07/25 02:09:11.027 +08:00] [INFO] [manager.go:424] ["is not the owner"] [key=/tidb/bindinfo/owner] [id=c14c9ba1-4c68-49df-b4f0-ddd5acc2fb68]
[2026/07/25 02:09:11.027 +08:00] [INFO] [manager.go:385] ["break campaign loop, context is done"] [key=/tidb/bindinfo/owner] [id=c14c9ba1-4c68-49df-b4f0-ddd5acc2fb68]
[2026/07/25 02:09:11.027 +08:00] [INFO] [stats_syncload.go:255] ["SubLoadWorker: exits now because the domain is closed."] [category=stats]
[2026/07/25 02:09:11.027 +08:00] [INFO] [stats_syncload.go:245] ["SubLoadWorker: exited."] [category=stats]
[2026/07/25 02:09:11.027 +08:00] [INFO] [stats_syncload.go:255] ["SubLoadWorker: exits now because the domain is closed."] [category=stats]
[2026/07/25 02:09:11.027 +08:00] [INFO] [stats_syncload.go:245] ["SubLoadWorker: exited."] [category=stats]
[2026/07/25 02:09:11.027 +08:00] [INFO] [stats_syncload.go:255] ["SubLoadWorker: exits now because the domain is closed."] [category=stats]
[2026/07/25 02:09:11.027 +08:00] [INFO] [stats_syncload.go:245] ["SubLoadWorker: exited."] [category=stats]
[2026/07/25 02:09:11.027 +08:00] [INFO] [domain.go:2114] ["loadStatsWorker exited."]
[2026/07/25 02:09:11.027 +08:00] [INFO] [wait_group_wrapper.go:150] ["background process exited"] [source=domain] [process=loadStatsWorker]
[2026/07/25 02:09:11.027 +08:00] [INFO] [domain.go:419] ["globalConfigSyncerKeeper exited."]
[2026/07/25 02:09:11.027 +08:00] [INFO] [wait_group_wrapper.go:150] ["background process exited"] [source=domain] [process=globalConfigSyncerKeeper]
[2026/07/25 02:09:11.027 +08:00] [INFO] [syncer.go:288] ["server info sync loop exited."]
[2026/07/25 02:09:11.027 +08:00] [INFO] [wait_group_wrapper.go:150] ["background process exited"] [source=domain] [process=infoSyncerKeeper]
[2026/07/25 02:09:11.027 +08:00] [INFO] [manager.go:420] ["watch owner finished"] [key=/tidb/br-stream/owner] [id=e6a1664f-4250-41e1-ad37-8e6106aa14dc] []
[2026/07/25 02:09:11.027 +08:00] [INFO] [manager.go:333] ["retire owner"] [key=/tidb/br-stream/owner] [id=e6a1664f-4250-41e1-ad37-8e6106aa14dc]
[2026/07/25 02:09:11.027 +08:00] [INFO] [manager.go:424] ["is not the owner"] [key=/tidb/br-stream/owner] [id=e6a1664f-4250-41e1-ad37-8e6106aa14dc]
[2026/07/25 02:09:11.027 +08:00] [INFO] [manager.go:385] ["break campaign loop, context is done"] [key=/tidb/br-stream/owner] [id=e6a1664f-4250-41e1-ad37-8e6106aa14dc]
[2026/07/25 02:09:11.027 +08:00] [INFO] [stats_syncload.go:255] ["SubLoadWorker: exits now because the domain is closed."] [category=stats]
[2026/07/25 02:09:11.027 +08:00] [INFO] [stats_syncload.go:245] ["SubLoadWorker: exited."] [category=stats]
[2026/07/25 02:09:11.027 +08:00] [INFO] [wait_group_wrapper.go:150] ["background process exited"] [source=domain] [process=autoAnalyzeWorker]
[2026/07/25 02:09:11.027 +08:00] [INFO] [stats_syncload.go:255] ["SubLoadWorker: exits now because the domain is closed."] [category=stats]
[2026/07/25 02:09:11.027 +08:00] [INFO] [stats_syncload.go:245] ["SubLoadWorker: exited."] [category=stats]
[2026/07/25 02:09:11.027 +08:00] [INFO] [domain.go:1827] ["PlanReplayerTaskDumpHandle exited."]
[2026/07/25 02:09:11.027 +08:00] [INFO] [wait_group_wrapper.go:150] ["background process exited"] [source=domain] [process=PlanReplayerTaskDumpHandle]
[2026/07/25 02:09:11.027 +08:00] [INFO] [manager.go:205] ["runaway record flush loop exit"]
[2026/07/25 02:09:11.027 +08:00] [INFO] [wait_group_wrapper.go:150] ["background process exited"] [source=domain] [process=runawayRecordFlushLoop]
[2026/07/25 02:09:11.027 +08:00] [INFO] [manager.go:241] ["runaway watch sync loop exit"]
[2026/07/25 02:09:11.028 +08:00] [INFO] [wait_group_wrapper.go:150] ["background process exited"] [source=domain] [process=runawayWatchSyncLoop]
[2026/07/25 02:09:11.028 +08:00] [INFO] [scheduler_manager.go:451] ["cleanup routine start"] [server-id=:4000]
[2026/07/25 02:09:11.028 +08:00] [INFO] [scheduler_manager.go:483] ["cleanup task"] [server-id=:4000] [task-id=120001] [task-key=keyspace1/ImportInto/120001]
[2026/07/25 02:09:11.028 +08:00] [INFO] [clean_up.go:202] ["cleanup global sorted data start"] [task-ids="[120001]"]
[2026/07/25 02:09:11.028 +08:00] [INFO] [gcs.go:523] ["resetting gcs storage"]
[2026/07/25 02:09:11.030 +08:00] [INFO] [domain.go:2201] ["gcStatsWorker exit preprocessing finished"]
[2026/07/25 02:09:11.030 +08:00] [INFO] [domain.go:2246] ["gcStatsWorker exited."]
[2026/07/25 02:09:11.030 +08:00] [INFO] [wait_group_wrapper.go:150] ["background process exited"] [source=domain] [process=gcStatsWorker]
[2026/07/25 02:09:11.030 +08:00] [INFO] [wait_group_wrapper.go:150] ["background process exited"] [source=domain] [process=mdlCheckLoop]
[2026/07/25 02:09:11.030 +08:00] [INFO] [syncer.go:304] ["info schema sync loop exited."]
[2026/07/25 02:09:11.030 +08:00] [INFO] [flush_subscriber.go:123] [Clearing.] [category="log backup flush subscriber"] [timeout=1m0s]
[2026/07/25 02:09:11.030 +08:00] [INFO] [wait_group_wrapper.go:150] ["background process exited"] [source=domain] [process=loadSchemaInLoop]
[2026/07/25 02:09:11.030 +08:00] [INFO] [owner_daemon.go:87] ["daemon loop exits"] [id=e6a1664f-4250-41e1-ad37-8e6106aa14dc] [daemon-id=LogBackup::Advancer]
[2026/07/25 02:09:11.030 +08:00] [INFO] [wait_group_wrapper.go:150] ["background process exited"] [source=domain] [process=logBackupAdvancer]
[2026/07/25 02:09:11.030 +08:00] [INFO] [manager.go:431] ["etcd session close failed"] [key=/tidb/bindinfo/owner] [id=c14c9ba1-4c68-49df-b4f0-ddd5acc2fb68] [error="context canceled"]
[2026/07/25 02:09:11.030 +08:00] [WARN] [meta_storage_client.go:165] ["watch stream closed"] [error="rpc error: code = Canceled desc = context canceled"]
[2026/07/25 02:09:11.030 +08:00] [INFO] [domain.go:1616] ["globalBindHandleWorkerLoop exited."]
[2026/07/25 02:09:11.030 +08:00] [INFO] [wait_group_wrapper.go:150] ["background process exited"] [source=domain] [process=globalBindHandleWorkerLoop]
[2026/07/25 02:09:11.030 +08:00] [INFO] [advancer_cliext.go:194] ["Start collecting remaining events in the channel."] [category="log backup advancer"] [remained=0]
[2026/07/25 02:09:11.030 +08:00] [INFO] [advancer_cliext.go:199] ["Finish collecting remaining events in the channel."] [category="log backup advancer"]
[2026/07/25 02:09:11.030 +08:00] [INFO] [domain.go:391] ["topNSlowQueryLoop exited."]
[2026/07/25 02:09:11.030 +08:00] [INFO] [wait_group_wrapper.go:150] ["background process exited"] [source=domain] [process=topNSlowQueryLoop]
[2026/07/25 02:09:11.030 +08:00] [INFO] [domain.go:979] ["closestReplicaReadCheckLoop exited."]
[2026/07/25 02:09:11.030 +08:00] [INFO] [wait_group_wrapper.go:150] ["background process exited"] [source=domain] [process=closestReplicaReadCheckLoop]
[2026/07/25 02:09:11.030 +08:00] [WARN] [meta_storage_client.go:165] ["watch stream closed"] [error="rpc error: code = Canceled desc = context canceled"]
[2026/07/25 02:09:11.031 +08:00] [INFO] [clean_up.go:215] ["cleanup global sorted data completed"] [task-ids="[120001]"] [takeTime=2.925083ms] []
[2026/07/25 02:09:11.038 +08:00] [INFO] [domain.go:2225] ["deltaUpdateTicker exit preprocessing finished"]
[2026/07/25 02:09:11.038 +08:00] [INFO] [wait_group_wrapper.go:150] ["background process exited"] [source=domain] [process=deltaUpdateTickerWorker]
[2026/07/25 02:09:11.040 +08:00] [INFO] [cross_ks.go:516] ["close cross keyspace session manager"] [targetKS=SYSTEM]
[2026/07/25 02:09:11.041 +08:00] [INFO] [syncer.go:304] ["info schema sync loop exited."] [targetKS=SYSTEM]
[2026/07/25 02:09:11.041 +08:00] [INFO] [syncer.go:288] ["server info sync loop exited."]
[2026/07/25 02:09:11.042 +08:00] [INFO] [domain.go:550] ["domain closed"] ["take time"=20.072208ms]
[2026/07/25 02:09:11.043 +08:00] [INFO] [syncer.go:488] ["schema version sync loop interrupted, retrying..."] [category=ddl]
[2026/07/25 02:09:11.043 +08:00] [INFO] [job_scheduler.go:269] ["scheduleLoop quit due to context canceled"] [category=ddl]
[2026/07/25 02:09:11.043 +08:00] [INFO] [manager.go:420] ["watch owner finished"] [key=/tidb/ddl/fg/owner] [id=29cbba67-2054-40b5-95e0-d8b668c99ee5] []
[2026/07/25 02:09:11.043 +08:00] [INFO] [manager.go:333] ["retire owner"] [key=/tidb/ddl/fg/owner] [id=29cbba67-2054-40b5-95e0-d8b668c99ee5]
[2026/07/25 02:09:11.043 +08:00] [INFO] [ddl_workerpool.go:78] ["closing workerPool"] [category=ddl]
[2026/07/25 02:09:11.044 +08:00] [INFO] [ddl_workerpool.go:78] ["closing workerPool"] [category=ddl]
[2026/07/25 02:09:11.044 +08:00] [INFO] [ddl_workerpool.go:78] ["closing workerPool"] [category=ddl]
[2026/07/25 02:09:11.044 +08:00] [INFO] [manager.go:424] ["is not the owner"] [key=/tidb/ddl/fg/owner] [id=29cbba67-2054-40b5-95e0-d8b668c99ee5]
[2026/07/25 02:09:11.044 +08:00] [INFO] [manager.go:385] ["break campaign loop, context is done"] [key=/tidb/ddl/fg/owner] [id=29cbba67-2054-40b5-95e0-d8b668c99ee5]
[2026/07/25 02:09:11.044 +08:00] [INFO] [delete_range.go:162] ["closing delRange"] [category=ddl]
[2026/07/25 02:09:11.044 +08:00] [INFO] [session_pool.go:133] ["closing session pool"] [category=ddl]
[2026/07/25 02:09:11.044 +08:00] [INFO] [ddl.go:1157] ["DDL closed"] [category=ddl] [ID=29cbba67-2054-40b5-95e0-d8b668c99ee5] ["take time"=971.875µs]
[2026/07/25 02:09:11.044 +08:00] [INFO] [ddl.go:848] ["stop DDL"] [category=ddl] [ID=29cbba67-2054-40b5-95e0-d8b668c99ee5]
[2026/07/25 02:09:11.044 +08:00] [INFO] [domain.go:484] ["stopping ttlJobManager"]
[2026/07/25 02:09:11.044 +08:00] [INFO] [runtime.go:202] ["TimerGroupRuntime loop exit"] [groupID=ttl]
[2026/07/25 02:09:11.044 +08:00] [INFO] [notifier.go:142] ["etcd watcher exited to watch timer events"] [EtcdKey=/tidb/timer/cluster/1/notify/aaf7614b-55e4-46f7-b515-d4e58c114baa] [watcherID=b3414101-67b5-406c-b2e4-61ab76c5d43a]
[2026/07/25 02:09:11.044 +08:00] [INFO] [notifier.go:227] ["etcd notify loop to watch timer events stopped"] [EtcdKey=/tidb/timer/cluster/1/notify/aaf7614b-55e4-46f7-b515-d4e58c114baa]
[2026/07/25 02:09:11.045 +08:00] [INFO] [task_manager.go:225] ["shrink ttl worker"] [ttl-worker=job-manager] [ttl-worker=29cbba67-2054-40b5-95e0-d8b668c99ee5] [ttl-worker=task-manager] [ttl-worker=29cbba67-2054-40b5-95e0-d8b668c99ee5] [originalCount=4] [newCount=0]
[2026/07/25 02:09:11.045 +08:00] [INFO] [scan.go:379] ["ttlScanWorker loop exited."]
[2026/07/25 02:09:11.045 +08:00] [INFO] [scan.go:379] ["ttlScanWorker loop exited."]
[2026/07/25 02:09:11.045 +08:00] [INFO] [scan.go:379] ["ttlScanWorker loop exited."]
[2026/07/25 02:09:11.045 +08:00] [INFO] [scan.go:379] ["ttlScanWorker loop exited."]
[2026/07/25 02:09:11.045 +08:00] [INFO] [task_manager.go:225] ["shrink ttl worker"] [ttl-worker=job-manager] [ttl-worker=29cbba67-2054-40b5-95e0-d8b668c99ee5] [ttl-worker=task-manager] [ttl-worker=29cbba67-2054-40b5-95e0-d8b668c99ee5] [originalCount=4] [newCount=0]
[2026/07/25 02:09:11.045 +08:00] [INFO] [del.go:344] ["ttlDeleteWorker loop exited."]
[2026/07/25 02:09:11.045 +08:00] [INFO] [del.go:344] ["ttlDeleteWorker loop exited."]
[2026/07/25 02:09:11.045 +08:00] [INFO] [del.go:344] ["ttlDeleteWorker loop exited."]
[2026/07/25 02:09:11.045 +08:00] [INFO] [del.go:344] ["ttlDeleteWorker loop exited."]
[2026/07/25 02:09:11.045 +08:00] [INFO] [job_manager.go:183] ["ttlJobManager loop exited."] [ttl-worker=job-manager] [ttl-worker=29cbba67-2054-40b5-95e0-d8b668c99ee5]
[2026/07/25 02:09:11.045 +08:00] [INFO] [job_manager.go:168] ["ttlJobManager loop exited."] [ttl-worker=job-manager] [ttl-worker=29cbba67-2054-40b5-95e0-d8b668c99ee5]
[2026/07/25 02:09:11.045 +08:00] [INFO] [domain.go:495] ["ttlJobManager exited."]
[2026/07/25 02:09:11.045 +08:00] [INFO] [domain.go:2868] ["serverIDSession need restart"]
[2026/07/25 02:09:11.046 +08:00] [INFO] [domain.go:2733] ["releaseServerID succeed"] [serverID=1283] [leaseID=2463925934672483030]
[2026/07/25 02:09:11.046 +08:00] [INFO] [domain.go:2800] ["serverIDKeeper exited."]
[2026/07/25 02:09:11.046 +08:00] [INFO] [stats_syncload.go:255] ["SubLoadWorker: exits now because the domain is closed."] [category=stats]
[2026/07/25 02:09:11.046 +08:00] [INFO] [domain.go:2219] ["deltaUpdateTicker is going to exit, start to flush stats"]
[2026/07/25 02:09:11.046 +08:00] [INFO] [wait_group_wrapper.go:150] ["background process exited"] [source=domain] [process=loadSigningCertLoop]
[2026/07/25 02:09:11.046 +08:00] [INFO] [stats_syncload.go:255] ["SubLoadWorker: exits now because the domain is closed."] [category=stats]
[2026/07/25 02:09:11.046 +08:00] [INFO] [manager.go:241] ["runaway watch sync loop exit"]
[2026/07/25 02:09:11.046 +08:00] [INFO] [domain.go:2332] ["autoAnalyzeWorker exited."] [category=stats]
[2026/07/25 02:09:11.046 +08:00] [INFO] [domain.go:2282] ["dumpColStatsUsageWorker exited."]
[2026/07/25 02:09:11.046 +08:00] [INFO] [wait_group_wrapper.go:150] ["background process exited"] [source=domain] [process=dumpColStatsUsageWorker]
[2026/07/25 02:09:11.046 +08:00] [INFO] [domain.go:2914] ["planCacheMetricsAndVars exited."]
[2026/07/25 02:09:11.046 +08:00] [INFO] [wait_group_wrapper.go:150] ["background process exited"] [source=domain] [process=planCacheMetricsAndVars]
[2026/07/25 02:09:11.046 +08:00] [INFO] [stats_syncload.go:245] ["SubLoadWorker: exited."] [category=stats]
[2026/07/25 02:09:11.046 +08:00] [INFO] [stats_syncload.go:245] ["SubLoadWorker: exited."] [category=stats]
[2026/07/25 02:09:11.046 +08:00] [INFO] [stats_syncload.go:255] ["SubLoadWorker: exits now because the domain is closed."] [category=stats]
[2026/07/25 02:09:11.046 +08:00] [INFO] [stats_syncload.go:245] ["SubLoadWorker: exited."] [category=stats]
[2026/07/25 02:09:11.046 +08:00] [INFO] [domain.go:1827] ["PlanReplayerTaskDumpHandle exited."]
[2026/07/25 02:09:11.046 +08:00] [INFO] [wait_group_wrapper.go:150] ["background process exited"] [source=domain] [process=PlanReplayerTaskDumpHandle]
[2026/07/25 02:09:11.046 +08:00] [INFO] [stats_syncload.go:255] ["SubLoadWorker: exits now because the domain is closed."] [category=stats]
[2026/07/25 02:09:11.046 +08:00] [INFO] [stats_syncload.go:245] ["SubLoadWorker: exited."] [category=stats]
[2026/07/25 02:09:11.046 +08:00] [INFO] [stats_syncload.go:255] ["SubLoadWorker: exits now because the domain is closed."] [category=stats]
[2026/07/25 02:09:11.046 +08:00] [INFO] [stats_syncload.go:245] ["SubLoadWorker: exited."] [category=stats]
[2026/07/25 02:09:11.046 +08:00] [INFO] [stats_syncload.go:255] ["SubLoadWorker: exits now because the domain is closed."] [category=stats]
[2026/07/25 02:09:11.046 +08:00] [INFO] [stats_syncload.go:245] ["SubLoadWorker: exited."] [category=stats]
[2026/07/25 02:09:11.046 +08:00] [INFO] [domain.go:2193] ["gcStatsWorker ready to release owner"]
[2026/07/25 02:09:11.046 +08:00] [INFO] [domain.go:2174] ["indexUsageWorker exited."]
[2026/07/25 02:09:11.046 +08:00] [INFO] [wait_group_wrapper.go:150] ["background process exited"] [source=domain] [process=indexUsageWorker]
[2026/07/25 02:09:11.046 +08:00] [INFO] [manager.go:420] ["watch owner finished"] [key=/tidb/stats/owner] [id=29cbba67-2054-40b5-95e0-d8b668c99ee5] []
[2026/07/25 02:09:11.046 +08:00] [INFO] [manager.go:333] ["retire owner"] [key=/tidb/stats/owner] [id=29cbba67-2054-40b5-95e0-d8b668c99ee5]
[2026/07/25 02:09:11.046 +08:00] [INFO] [domain.go:1861] ["dumpFileGcChecker exited."]
[2026/07/25 02:09:11.046 +08:00] [INFO] [wait_group_wrapper.go:150] ["background process exited"] [source=domain] [process=dumpFileGcChecker]
[2026/07/25 02:09:11.046 +08:00] [INFO] [domain.go:2114] ["loadStatsWorker exited."]
[2026/07/25 02:09:11.046 +08:00] [INFO] [wait_group_wrapper.go:150] ["background process exited"] [source=domain] [process=loadStatsWorker]
[2026/07/25 02:09:11.046 +08:00] [INFO] [domain.go:1807] ["PlanReplayerTaskCollectHandle exited."]
[2026/07/25 02:09:11.046 +08:00] [INFO] [wait_group_wrapper.go:150] ["background process exited"] [source=domain] [process=PlanReplayerTaskCollectHandle]
[2026/07/25 02:09:11.046 +08:00] [INFO] [domain.go:1892] ["HistoricalStatsWorker exited."]
[2026/07/25 02:09:11.046 +08:00] [INFO] [wait_group_wrapper.go:150] ["background process exited"] [source=domain] [process=HistoricalStatsWorker]
[2026/07/25 02:09:11.046 +08:00] [INFO] [domain.go:1477] ["LoadSysVarCacheLoop exited."]
[2026/07/25 02:09:11.046 +08:00] [INFO] [wait_group_wrapper.go:150] ["background process exited"] [source=domain] [process=LoadSysVarCacheLoop]
[2026/07/25 02:09:11.046 +08:00] [INFO] [wait_group_wrapper.go:150] ["background process exited"] [source=domain] [process=runawayWatchSyncLoop]
[2026/07/25 02:09:11.046 +08:00] [INFO] [manager.go:420] ["watch owner finished"] [key=/tidb/bindinfo/owner] [id=29cbba67-2054-40b5-95e0-d8b668c99ee5] []
[2026/07/25 02:09:11.046 +08:00] [INFO] [manager.go:333] ["retire owner"] [key=/tidb/bindinfo/owner] [id=29cbba67-2054-40b5-95e0-d8b668c99ee5]
[2026/07/25 02:09:11.046 +08:00] [INFO] [manager.go:424] ["is not the owner"] [key=/tidb/bindinfo/owner] [id=29cbba67-2054-40b5-95e0-d8b668c99ee5]
[2026/07/25 02:09:11.046 +08:00] [INFO] [manager.go:385] ["break campaign loop, context is done"] [key=/tidb/bindinfo/owner] [id=29cbba67-2054-40b5-95e0-d8b668c99ee5]
[2026/07/25 02:09:11.046 +08:00] [INFO] [plan_replayer.go:411] ["planReplayerTaskDumpWorker exited."]
[2026/07/25 02:09:11.046 +08:00] [INFO] [domain.go:2396] ["analyzeJobsCleanupWorker exited."]
[2026/07/25 02:09:11.046 +08:00] [INFO] [wait_group_wrapper.go:150] ["background process exited"] [source=domain] [process=analyzeJobsCleanupWorker]
[2026/07/25 02:09:11.046 +08:00] [INFO] [domain.go:1403] ["loadPrivilegeInLoop exited."]
[2026/07/25 02:09:11.046 +08:00] [INFO] [wait_group_wrapper.go:150] ["background process exited"] [source=domain] [process=loadPrivilegeInLoop]
[2026/07/25 02:09:11.046 +08:00] [INFO] [flusher.go:89] ["flushing remaining records before stop"] [name=runaway-record]
[2026/07/25 02:09:11.046 +08:00] [INFO] [flusher.go:91] ["stopped flusher"] [name=runaway-record]
[2026/07/25 02:09:11.046 +08:00] [INFO] [flusher.go:89] ["flushing remaining records before stop"] [name=quarantine-record]
[2026/07/25 02:09:11.046 +08:00] [INFO] [flusher.go:91] ["stopped flusher"] [name=quarantine-record]
[2026/07/25 02:09:11.046 +08:00] [INFO] [flusher.go:89] ["flushing remaining records before stop"] [name=stale-quarantine-record]
[2026/07/25 02:09:11.046 +08:00] [INFO] [domain.go:2147] ["asyncLoadStats exited."]
[2026/07/25 02:09:11.046 +08:00] [INFO] [wait_group_wrapper.go:150] ["background process exited"] [source=domain] [process=asyncLoadHistogram]
[2026/07/25 02:09:11.046 +08:00] [INFO] [domain.go:1237] ["stopping dist task scheduler manager because the current node is not DDL owner anymore"] [id=29cbba67-2054-40b5-95e0-d8b668c99ee5]
[2026/07/25 02:09:11.046 +08:00] [INFO] [scheduler_manager.go:557] ["collect loop exits"] [server-id=:4000]
[2026/07/25 02:09:11.046 +08:00] [INFO] [scheduler_manager.go:337] ["subtask history table gc loop exits"] [server-id=:4000]
[2026/07/25 02:09:11.046 +08:00] [INFO] [scheduler_manager.go:225] ["schedule task loop exits"] [server-id=:4000]
[2026/07/25 02:09:11.046 +08:00] [INFO] [manager.go:420] ["watch owner finished"] [key=/tidb/br-stream/owner] [id=c7ef619a-c50a-4ad4-9f33-692ceb56e0e0] []
[2026/07/25 02:09:11.046 +08:00] [INFO] [manager.go:333] ["retire owner"] [key=/tidb/br-stream/owner] [id=c7ef619a-c50a-4ad4-9f33-692ceb56e0e0]
[2026/07/25 02:09:11.046 +08:00] [INFO] [manager.go:424] ["is not the owner"] [key=/tidb/br-stream/owner] [id=c7ef619a-c50a-4ad4-9f33-692ceb56e0e0]
[2026/07/25 02:09:11.046 +08:00] [INFO] [manager.go:385] ["break campaign loop, context is done"] [key=/tidb/br-stream/owner] [id=c7ef619a-c50a-4ad4-9f33-692ceb56e0e0]
[2026/07/25 02:09:11.046 +08:00] [INFO] [domain.go:2989] ["readTableCostWorker exited."]
[2026/07/25 02:09:11.046 +08:00] [INFO] [wait_group_wrapper.go:150] ["background process exited"] [source=domain] [process=readTableCostWorker]
[2026/07/25 02:09:11.046 +08:00] [INFO] [domain.go:419] ["globalConfigSyncerKeeper exited."]
[2026/07/25 02:09:11.046 +08:00] [INFO] [wait_group_wrapper.go:150] ["background process exited"] [source=domain] [process=globalConfigSyncerKeeper]
[2026/07/25 02:09:11.046 +08:00] [INFO] [syncer.go:288] ["server info sync loop exited."]
[2026/07/25 02:09:11.046 +08:00] [INFO] [wait_group_wrapper.go:150] ["background process exited"] [source=domain] [process=infoSyncerKeeper]
[2026/07/25 02:09:11.046 +08:00] [INFO] [wait_group_wrapper.go:150] ["background process exited"] [source=domain] [process=autoAnalyzeWorker]
[2026/07/25 02:09:11.046 +08:00] [INFO] [domain.go:2945] ["planCacheEvictTrigger exited."]
[2026/07/25 02:09:11.046 +08:00] [INFO] [wait_group_wrapper.go:150] ["background process exited"] [source=domain] [process=planCacheEvictTrigger]
[2026/07/25 02:09:11.046 +08:00] [INFO] [manager.go:424] ["is not the owner"] [key=/tidb/stats/owner] [id=29cbba67-2054-40b5-95e0-d8b668c99ee5]
[2026/07/25 02:09:11.046 +08:00] [INFO] [manager.go:385] ["break campaign loop, context is done"] [key=/tidb/stats/owner] [id=29cbba67-2054-40b5-95e0-d8b668c99ee5]
[2026/07/25 02:09:11.046 +08:00] [INFO] [syncer.go:422] ["topology sync loop exited."]
[2026/07/25 02:09:11.046 +08:00] [INFO] [wait_group_wrapper.go:150] ["background process exited"] [source=domain] [process=topologySyncerKeeper]
[2026/07/25 02:09:11.046 +08:00] [INFO] [domain.go:2225] ["deltaUpdateTicker exit preprocessing finished"]
[2026/07/25 02:09:11.046 +08:00] [INFO] [wait_group_wrapper.go:150] ["background process exited"] [source=domain] [process=deltaUpdateTickerWorker]
[2026/07/25 02:09:11.046 +08:00] [INFO] [flusher.go:91] ["stopped flusher"] [name=stale-quarantine-record]
[2026/07/25 02:09:11.046 +08:00] [INFO] [manager.go:205] ["runaway record flush loop exit"]
[2026/07/25 02:09:11.046 +08:00] [INFO] [wait_group_wrapper.go:150] ["background process exited"] [source=domain] [process=runawayRecordFlushLoop]
[2026/07/25 02:09:11.046 +08:00] [WARN] [2pc.go:2064] ["2PC commit result undetermined"] [error="[127.0.0.1:20160](1) context canceled"] [rpcErr="[127.0.0.1:20160](1) context canceled"] [rpcErrVerbose="[127.0.0.1:20160](1) context canceled\ngithub.com/tikv/client-go/v2/txnkv/transaction.actionCommit.handleSingleBatch\n\t/Users/bba/.gvm/pkgsets/go1.25.1/global/pkg/mod/github.com/tikv/client-go/v2@v2.0.8-0.20260708122311-01bd8f99f4da/txnkv/transaction/commit.go:134\ngithub.com/tikv/client-go/v2/txnkv/transaction.(*twoPhaseCommitter).doActionOnBatches\n\t/Users/bba/.gvm/pkgsets/go1.25.1/global/pkg/mod/github.com/tikv/client-go/v2@v2.0.8-0.20260708122311-01bd8f99f4da/txnkv/transaction/2pc.go:1133\ngithub.com/tikv/client-go/v2/txnkv/transaction.(*twoPhaseCommitter).doActionOnGroupMutations\n\t/Users/bba/.gvm/pkgsets/go1.25.1/global/pkg/mod/github.com/tikv/client-go/v2@v2.0.8-0.20260708122311-01bd8f99f4da/txnkv/transaction/2pc.go:1040\ngithub.com/tikv/client-go/v2/txnkv/transaction.(*twoPhaseCommitter).doActionOnMutations\n\t/Users/bba/.gvm/pkgsets/go1.25.1/global/pkg/mod/github.com/tikv/client-go/v2@v2.0.8-0.20260708122311-01bd8f99f4da/txnkv/transaction/2pc.go:855\ngithub.com/tikv/client-go/v2/txnkv/transaction.(*twoPhaseCommitter).commitMutations\n\t/Users/bba/.gvm/pkgsets/go1.25.1/global/pkg/mod/github.com/tikv/client-go/v2@v2.0.8-0.20260708122311-01bd8f99f4da/txnkv/transaction/commit.go:282\ngithub.com/tikv/client-go/v2/txnkv/transaction.(*twoPhaseCommitter).commitTxn\n\t/Users/bba/.gvm/pkgsets/go1.25.1/global/pkg/mod/github.com/tikv/client-go/v2@v2.0.8-0.20260708122311-01bd8f99f4da/txnkv/transaction/2pc.go:2054\ngithub.com/tikv/client-go/v2/txnkv/transaction.(*twoPhaseCommitter).execute\n\t/Users/bba/.gvm/pkgsets/go1.25.1/global/pkg/mod/github.com/tikv/client-go/v2@v2.0.8-0.20260708122311-01bd8f99f4da/txnkv/transaction/2pc.go:2045\ngithub.com/tikv/client-go/v2/txnkv/transaction.(*KVTxn).Commit\n\t/Users/bba/.gvm/pkgsets/go1.25.1/global/pkg/mod/github.com/tikv/client-go/v2@v2.0.8-0.20260708122311-01bd8f99f4da/txnkv/transaction/txn.go:898\ngithub.com/pingcap/tidb/pkg/store/driver/txn.(*tikvTxn).Commit\n\t/Users/bba/pc/tidb-ai-critical-scan/pkg/store/driver/txn/txn_driver.go:119\ngithub.com/pingcap/tidb/pkg/kv.RunInNewTxn\n\t/Users/bba/pc/tidb-ai-critical-scan/pkg/kv/txn.go:161\ngithub.com/pingcap/tidb/pkg/meta/autoid.(*allocator).rebase4Signed\n\t/Users/bba/pc/tidb-ai-critical-scan/pkg/meta/autoid/autoid.go:431\ngithub.com/pingcap/tidb/pkg/meta/autoid.(*allocator).Rebase\n\t/Users/bba/pc/tidb-ai-critical-scan/pkg/meta/autoid/autoid.go:518\ngithub.com/pingcap/tidb/pkg/executor.(*InsertValues).adjustAutoIncrementDatum\n\t/Users/bba/pc/tidb-ai-critical-scan/pkg/executor/insert_common.go:993\ngithub.com/pingcap/tidb/pkg/executor.(*InsertValues).fillColValue\n\t/Users/bba/pc/tidb-ai-critical-scan/pkg/executor/insert_common.go:668\ngithub.com/pingcap/tidb/pkg/executor.(*InsertValues).fillRow\n\t/Users/bba/pc/tidb-ai-critical-scan/pkg/executor/insert_common.go:728\ngithub.com/pingcap/tidb/pkg/executor.(*InsertValues).getRow\n\t/Users/bba/pc/tidb-ai-critical-scan/pkg/executor/insert_common.go:613\ngithub.com/pingcap/tidb/pkg/executor.insertRowsFromSelect\n\t/Users/bba/pc/tidb-ai-critical-scan/pkg/executor/insert_common.go:524\ngithub.com/pingcap/tidb/pkg/executor.(*InsertExec).Next\n\t/Users/bba/pc/tidb-ai-critical-scan/pkg/executor/insert.go:368\ngithub.com/pingcap/tidb/pkg/executor/internal/exec.Next\n\t/Users/bba/pc/tidb-ai-critical-scan/pkg/executor/internal/exec/executor.go:694\ngithub.com/pingcap/tidb/pkg/executor.(*ExecStmt).next\n\t/Users/bba/pc/tidb-ai-critical-scan/pkg/executor/adapter.go:1532\ngithub.com/pingcap/tidb/pkg/executor.(*ExecStmt).handleNoDelayExecutor\n\t/Users/bba/pc/tidb-ai-critical-scan/pkg/executor/adapter.go:1155\ngithub.com/pingcap/tidb/pkg/executor.(*ExecStmt).handleNoDelay\n\t/Users/bba/pc/tidb-ai-critical-scan/pkg/executor/adapter.go:988\ngithub.com/pingcap/tidb/pkg/executor.(*ExecStmt).Exec\n\t/Users/bba/pc/tidb-ai-critical-scan/pkg/executor/adapter.go:742\ngithub.com/pingcap/tidb/pkg/session.runStmt\n\t/Users/bba/pc/tidb-ai-critical-scan/pkg/session/session.go:3030\ngithub.com/pingcap/tidb/pkg/session.(*session).executeStmtImpl\n\t/Users/bba/pc/tidb-ai-critical-scan/pkg/session/session.go:2699\ngithub.com/pingcap/tidb/pkg/session.(*session).ExecuteStmt\n\t/Users/bba/pc/tidb-ai-critical-scan/pkg/session/session.go:2420\ngithub.com/pingcap/tidb/pkg/session.(*session).executeInternalImpl\n\t/Users/bba/pc/tidb-ai-critical-scan/pkg/session/session.go:1892\ngithub.com/pingcap/tidb/pkg/session.(*session).ExecuteInternal\n\t/Users/bba/pc/tidb-ai-critical-scan/pkg/session/session.go:1870\ngithub.com/pingcap/tidb/pkg/util/sqlexec.ExecSQL\n\t/Users/bba/pc/tidb-ai-critical-scan/pkg/util/sqlexec/restricted_sql_executor.go:271\ngithub.com/pingcap/tidb/pkg/dxf/framework/storage.(*TaskManager).TransferTasks2History.func1\n\t/Users/bba/pc/tidb-ai-critical-scan/pkg/dxf/framework/storage/history.go:105\ngithub.com/pingcap/tidb/pkg/dxf/framework/storage.(*TaskManager).WithNewTxn.func1\n\t/Users/bba/pc/tidb-ai-critical-scan/pkg/dxf/framework/storage/task_table.go:237\ngithub.com/pingcap/tidb/pkg/dxf/framework/storage.(*TaskManager).WithNewSession\n\t/Users/bba/pc/tidb-ai-critical-scan/pkg/dxf/framework/storage/task_table.go:209"] [txnStartTS=467905164347965487]
[2026/07/25 02:09:11.046 +08:00] [WARN] [session.go:2711] ["run statement failed"] [schemaVersion=3] [error="[global:2]execution result undetermined"] [session="{\n  \"currDBName\": \"\",\n  \"id\": 0,\n  \"status\": 3,\n  \"strictMode\": false,\n  \"txn\": \"467905164347965482\",\n  \"user\": null\n}"]
[2026/07/25 02:09:11.046 +08:00] [WARN] [scheduler_manager.go:454] ["cleanup routine failed"] [server-id=:4000] [error="[global:2]execution result undetermined"]
[2026/07/25 02:09:11.046 +08:00] [INFO] [scheduler_manager.go:414] ["cleanup loop exits"] [server-id=:4000]
[2026/07/25 02:09:11.046 +08:00] [WARN] [client_batch.go:1309] ["batchRecvLoop receives response for canceled request"] [target=127.0.0.1:20160] [conn=2] [forwardedHost=] [requestID=1176] [estimatedOneWayDelay=0s] [tidbDetails="EntryProgress{batch:3.25µs, size:1, send:2.54µs, ack:1.34ms, recv:1.34ms}"] [tikvDetails="total_rpc_wall_time_ns:944583 kv_grpc_wait_time_ns:73750 "]
[2026/07/25 02:09:11.046 +08:00] [INFO] [domain.go:1239] ["dist task scheduler manager stopped"] [id=29cbba67-2054-40b5-95e0-d8b668c99ee5]
[2026/07/25 02:09:11.046 +08:00] [INFO] [domain.go:1222] ["stopping dist task executor manager"]
[2026/07/25 02:09:11.047 +08:00] [INFO] [manager.go:285] ["recoverMetaLoop done"] [server-id=:4000]
[2026/07/25 02:09:11.047 +08:00] [INFO] [manager.go:157] ["handle tasks loop done"] [server-id=:4000]
[2026/07/25 02:09:11.047 +08:00] [INFO] [domain.go:1224] ["dist task executor manager stopped"]
[2026/07/25 02:09:11.047 +08:00] [INFO] [wait_group_wrapper.go:150] ["background process exited"] [source=domain] [process=distTaskFrameworkLoop]
[2026/07/25 02:09:11.048 +08:00] [INFO] [domain.go:2201] ["gcStatsWorker exit preprocessing finished"]
[2026/07/25 02:09:11.048 +08:00] [INFO] [domain.go:2246] ["gcStatsWorker exited."]
[2026/07/25 02:09:11.048 +08:00] [INFO] [wait_group_wrapper.go:150] ["background process exited"] [source=domain] [process=gcStatsWorker]
[2026/07/25 02:09:11.048 +08:00] [INFO] [domain.go:1616] ["globalBindHandleWorkerLoop exited."]
[2026/07/25 02:09:11.048 +08:00] [INFO] [domain.go:391] ["topNSlowQueryLoop exited."]
[2026/07/25 02:09:11.048 +08:00] [INFO] [wait_group_wrapper.go:150] ["background process exited"] [source=domain] [process=topNSlowQueryLoop]
[2026/07/25 02:09:11.048 +08:00] [INFO] [wait_group_wrapper.go:150] ["background process exited"] [source=domain] [process=globalBindHandleWorkerLoop]
[2026/07/25 02:09:11.048 +08:00] [INFO] [flush_subscriber.go:123] [Clearing.] [category="log backup flush subscriber"] [timeout=1m0s]
[2026/07/25 02:09:11.048 +08:00] [INFO] [wait_group_wrapper.go:150] ["background process exited"] [source=domain] [process=mdlCheckLoop]
[2026/07/25 02:09:11.048 +08:00] [INFO] [advancer_cliext.go:194] ["Start collecting remaining events in the channel."] [category="log backup advancer"] [remained=0]
[2026/07/25 02:09:11.048 +08:00] [INFO] [owner_daemon.go:87] ["daemon loop exits"] [id=c7ef619a-c50a-4ad4-9f33-692ceb56e0e0] [daemon-id=LogBackup::Advancer]
[2026/07/25 02:09:11.048 +08:00] [INFO] [wait_group_wrapper.go:150] ["background process exited"] [source=domain] [process=logBackupAdvancer]
[2026/07/25 02:09:11.048 +08:00] [INFO] [advancer_cliext.go:199] ["Finish collecting remaining events in the channel."] [category="log backup advancer"]
[2026/07/25 02:09:11.048 +08:00] [INFO] [domain.go:979] ["closestReplicaReadCheckLoop exited."]
[2026/07/25 02:09:11.048 +08:00] [INFO] [wait_group_wrapper.go:150] ["background process exited"] [source=domain] [process=closestReplicaReadCheckLoop]
[2026/07/25 02:09:11.048 +08:00] [WARN] [meta_storage_client.go:165] ["watch stream closed"] [error="rpc error: code = Canceled desc = context canceled"]
[2026/07/25 02:09:11.048 +08:00] [WARN] [meta_storage_client.go:165] ["watch stream closed"] [error="rpc error: code = Canceled desc = context canceled"]
[2026/07/25 02:09:11.048 +08:00] [INFO] [wait_group_wrapper.go:150] ["background process exited"] [source=domain] [process=crossKSSessMgrGCLoop]
[2026/07/25 02:09:11.048 +08:00] [INFO] [syncer.go:304] ["info schema sync loop exited."]
[2026/07/25 02:09:11.048 +08:00] [INFO] [wait_group_wrapper.go:150] ["background process exited"] [source=domain] [process=loadSchemaInLoop]
[2026/07/25 02:09:11.048 +08:00] [WARN] [metering.go:383] ["failed to write metering data"] [component=meter] [timestamp=1784916600] [error="failed to upload page data: operation error S3: PutObject, context canceled"] [duration=709.416µs] [data="[{\"cluster_id\":\"keyspace1\",\"cluster_write_bytes\":264,\"get_requests\":6,\"obj_store_read_bytes\":959,\"obj_store_write_bytes\":685,\"put_requests\":3,\"source_name\":\"dxf\",\"task_id\":120001,\"task_type\":\"ImportInto\",\"version\":\"1\"}]"]
[2026/07/25 02:09:11.048 +08:00] [INFO] [metering.go:253] ["recorder unregistered and finished final flush"] [component=meter] [accumulatedData="{id: 120001, keyspace: keyspace1, type: ImportInto, requests{get: 6, put: 3}, obj_store{r: 959B, w: 685B}, cluster{r: 0B, w: 264B}"]
[2026/07/25 02:09:11.048 +08:00] [INFO] [wait_group_wrapper.go:150] ["background process exited"] [source=domain] [process=dxfMeteringFlushLoop]
[2026/07/25 02:09:11.051 +08:00] [INFO] [cross_ks.go:516] ["close cross keyspace session manager"] [targetKS=keyspace1]
[2026/07/25 02:09:11.051 +08:00] [INFO] [syncer.go:304] ["info schema sync loop exited."] [targetKS=keyspace1]
[2026/07/25 02:09:11.051 +08:00] [INFO] [syncer.go:288] ["server info sync loop exited."]
[2026/07/25 02:09:11.053 +08:00] [INFO] [client.go:356] ["[pd] http client closed"] [source=tikv-driver]
[2026/07/25 02:09:11.053 +08:00] [INFO] [client.go:277] ["[tso] exit tso connection contexts updater"]
[2026/07/25 02:09:11.053 +08:00] [INFO] [watcher.go:73] ["[pd] exit the deadline watcher"] [source=tso]
[2026/07/25 02:09:11.053 +08:00] [INFO] [inner_client.go:96] ["[pd] exit router client initializer"]
[2026/07/25 02:09:11.053 +08:00] [INFO] [dispatcher.go:207] ["[tso] stop fetching the pending tso requests due to context canceled"]
[2026/07/25 02:09:11.053 +08:00] [INFO] [dispatcher.go:149] ["[tso] exit tso dispatcher"]
[2026/07/25 02:09:11.053 +08:00] [INFO] [stream.go:366] ["tsoStream.recvLoop ended"] [stream=127.0.0.1:2379-2] [error="rpc error: code = Canceled desc = context canceled"] [errorVerbose="rpc error: code = Canceled desc = context canceled\ngithub.com/tikv/pd/client/clients/tso.(*tsoStream).recvLoop\n\t/Users/bba/.gvm/pkgsets/go1.25.1/global/pkg/mod/github.com/tikv/pd/client@v0.0.0-20260708075407-4e05b9d2c2d3/clients/tso/stream.go:434\nruntime.goexit\n\t/Users/bba/.gvm/pkgsets/go1.25.1/global/pkg/mod/golang.org/toolchain@v0.0.1-go1.25.10.darwin-arm64/src/runtime/asm_arm64.s:1268"]
[2026/07/25 02:09:11.053 +08:00] [INFO] [resource_manager_client.go:341] ["[resource manager] exit resource token dispatcher"]
[2026/07/25 02:09:11.053 +08:00] [INFO] [router_service_discovery.go:273] ["[router service] exit check member loop"]
[2026/07/25 02:09:11.053 +08:00] [INFO] [service_discovery.go:562] ["[pd] exit member loop due to context canceled"]
[2026/07/25 02:09:11.053 +08:00] [INFO] [router_service_discovery.go:287] ["[router service] closing router service discovery"]
[2026/07/25 02:09:11.053 +08:00] [INFO] [router_service_discovery.go:315] ["[router service] exit health check member loop"]
[2026/07/25 02:09:11.053 +08:00] [INFO] [router_service_discovery.go:303] ["[router service] is closed"]
[2026/07/25 02:09:11.053 +08:00] [INFO] [client.go:155] ["[tso] closing tso client"]
[2026/07/25 02:09:11.053 +08:00] [INFO] [client.go:160] ["[tso] close tso client"]
[2026/07/25 02:09:11.053 +08:00] [INFO] [client.go:162] ["[tso] tso client is closed"]
[2026/07/25 02:09:11.053 +08:00] [INFO] [service_discovery.go:653] ["[pd] close service discovery client"]
[2026/07/25 02:09:11.053 +08:00] [INFO] [inner_client.go:275] ["[pd] close client successfully"]
[2026/07/25 02:09:11.053 +08:00] [INFO] [domain.go:550] ["domain closed"] ["take time"=9.411417ms]
[2026/07/25 02:09:11.054 +08:00] [INFO] [client.go:356] ["[pd] http client closed"] [source=tikv-driver]
[2026/07/25 02:09:11.054 +08:00] [INFO] [resource_manager_client.go:341] ["[resource manager] exit resource token dispatcher"]
[2026/07/25 02:09:11.054 +08:00] [INFO] [stream.go:366] ["tsoStream.recvLoop ended"] [stream=127.0.0.1:2379-1] [error="rpc error: code = Canceled desc = context canceled"] [errorVerbose="rpc error: code = Canceled desc = context canceled\ngithub.com/tikv/pd/client/clients/tso.(*tsoStream).recvLoop\n\t/Users/bba/.gvm/pkgsets/go1.25.1/global/pkg/mod/github.com/tikv/pd/client@v0.0.0-20260708075407-4e05b9d2c2d3/clients/tso/stream.go:434\nruntime.goexit\n\t/Users/bba/.gvm/pkgsets/go1.25.1/global/pkg/mod/golang.org/toolchain@v0.0.1-go1.25.10.darwin-arm64/src/runtime/asm_arm64.s:1268"]
[2026/07/25 02:09:11.054 +08:00] [INFO] [inner_client.go:96] ["[pd] exit router client initializer"]
[2026/07/25 02:09:11.054 +08:00] [INFO] [router_service_discovery.go:273] ["[router service] exit check member loop"]
[2026/07/25 02:09:11.054 +08:00] [INFO] [client.go:277] ["[tso] exit tso connection contexts updater"]
[2026/07/25 02:09:11.054 +08:00] [INFO] [service_discovery.go:562] ["[pd] exit member loop due to context canceled"]
[2026/07/25 02:09:11.054 +08:00] [INFO] [router_service_discovery.go:287] ["[router service] closing router service discovery"]
[2026/07/25 02:09:11.054 +08:00] [INFO] [router_service_discovery.go:315] ["[router service] exit health check member loop"]
[2026/07/25 02:09:11.054 +08:00] [INFO] [watcher.go:73] ["[pd] exit the deadline watcher"] [source=tso]
[2026/07/25 02:09:11.054 +08:00] [INFO] [dispatcher.go:207] ["[tso] stop fetching the pending tso requests due to context canceled"]
[2026/07/25 02:09:11.054 +08:00] [INFO] [dispatcher.go:149] ["[tso] exit tso dispatcher"]
[2026/07/25 02:09:11.054 +08:00] [INFO] [router_service_discovery.go:303] ["[router service] is closed"]
[2026/07/25 02:09:11.054 +08:00] [INFO] [client.go:155] ["[tso] closing tso client"]
[2026/07/25 02:09:11.054 +08:00] [INFO] [client.go:160] ["[tso] close tso client"]
[2026/07/25 02:09:11.054 +08:00] [INFO] [client.go:162] ["[tso] tso client is closed"]
[2026/07/25 02:09:11.054 +08:00] [INFO] [service_discovery.go:653] ["[pd] close service discovery client"]
[2026/07/25 02:09:11.054 +08:00] [INFO] [inner_client.go:275] ["[pd] close client successfully"]
--- PASS: TestAINativeImportIntoWritesToRenamedOldTarget (13.17s)
PASS
