[2026/07/13 06:15:43.527 +00:00] [INFO] [meminfo.go:179] ["use cgroup memory hook because TiDB is in the container"]
[2026/07/13 06:15:43.527 +00:00] [INFO] [cpuprofile.go:113] ["parallel cpu profiler started"]
[2026/07/13 06:15:43.528 +00:00] [INFO] [cgmon.go:62] ["cgroup monitor started"]
[2026/07/13 06:15:43.528 +00:00] [INFO] [printer.go:77] ["Welcome to TiDB."] ["Release Version"=v8.4.0-this-is-a-placeholder] [Edition=Community] ["Git Commit Hash"=None] ["Git Branch"=None] ["UTC Build Time"=None] [GoVersion=go1.25.10] ["Race Enabled"=false] ["Check Table Before Drop"=false] ["Kernel Type"=Classic]
[2026/07/13 06:15:43.529 +00:00] [INFO] [printer.go:82] ["loaded config"] [config="{\"host\":\"0.0.0.0\",\"advertise-address\":\"10.200.11.9\",\"port\":14002,\"cors\":\"\",\"store\":\"tikv\",\"path\":\"tc-pd:2379\",\"socket\":\"/tmp/tidb-ai-conflict-green-once-14002.sock\",\"lease\":\"45s\",\"split-table\":true,\"token-limit\":1000,\"max-allowed-packet\":67108864,\"temp-dir\":\"/tmp/tidb-ai-conflict-green-once-tmp\",\"tmp-storage-path\":\"/tmp/0_tidb/MC4wLjAuMDoxNDAwMi8wLjAuMC4wOjE4MDgy/tmp-storage\",\"tmp-storage-quota\":-1,\"server-version\":\"\",\"version-comment\":\"\",\"tidb-edition\":\"\",\"tidb-release-version\":\"\",\"deploy-mode\":\"premium\",\"dxf-resource-limit\":100,\"keyspace-name\":\"\",\"tikv-worker-url\":\"\",\"log\":{\"level\":\"info\",\"format\":\"text\",\"disable-timestamp\":null,\"enable-timestamp\":null,\"disable-error-stack\":null,\"enable-error-stack\":null,\"file\":{\"filename\":\"/tmp/tidb-ai-conflict-green-once.log\",\"max-size\":300,\"max-days\":0,\"max-backups\":0,\"compression\":\"\",\"is-buffered\":false,\"buffer-size\":0,\"buffer-flush-interval\":0},\"slow-query-file\":\"tidb-slow.log\",\"expensive-threshold\":10000,\"general-log-file\":\"\",\"query-log-max-len\":4096,\"enable-slow-log\":true,\"slow-threshold\":300,\"record-plan-in-slow-log\":1,\"timeout\":0},\"instance\":{\"tidb_general_log\":false,\"tidb_pprof_sql_cpu\":false,\"ddl_slow_threshold\":300,\"tidb_expensive_query_time_threshold\":60,\"tidb_expensive_txn_time_threshold\":600,\"tidb_stmt_summary_enable_persistent\":false,\"tidb_stmt_summary_filename\":\"tidb-statements.log\",\"tidb_stmt_summary_file_max_days\":3,\"tidb_stmt_summary_file_max_size\":64,\"tidb_stmt_summary_file_max_backups\":0,\"tidb_stmt_summary_max_stmt_count\":0,\"tidb_server_memory_limit\":\"\",\"tidb_mem_arbitrator_mode\":\"\",\"tidb_mem_arbitrator_soft_limit\":\"\",\"tidb_server_memory_limit_gc_trigger\":\"\",\"tidb_instance_plan_cache_max_size\":\"\",\"tidb_stats_cache_mem_quota\":0,\"tidb_mem_quota_binding_cache\":0,\"tidb_schema_cache_size\":\"\",\"tidb_enable_slow_log\":true,\"tidb_slow_log_threshold\":300,\"tidb_record_plan_in_slow_log\":1,\"tidb_check_mb4_value_in_utf8\":true,\"tidb_force_priority\":\"NO_PRIORITY\",\"tidb_memory_usage_alarm_ratio\":0.8,\"tidb_enable_collect_execution_info\":true,\"plugin_dir\":\"/data/deploy/plugin\",\"plugin_load\":\"\",\"plugin_audit_log_buffer_size\":0,\"plugin_audit_log_flush_interval\":30,\"max_connections\":0,\"tidb_enable_ddl\":true,\"tidb_enable_stats_owner\":true,\"tidb_rc_read_check_ts\":false,\"tidb_service_scope\":\"\"},\"security\":{\"skip-grant-table\":false,\"ssl-ca\":\"\",\"ssl-cert\":\"\",\"ssl-key\":\"\",\"cluster-ssl-ca\":\"\",\"cluster-ssl-cert\":\"\",\"cluster-ssl-key\":\"\",\"cluster-verify-cn\":null,\"session-token-signing-cert\":\"\",\"session-token-signing-key\":\"\",\"spilled-file-encryption-method\":\"plaintext\",\"enable-sem\":false,\"sem-config\":\"\",\"auto-tls\":false,\"tls-version\":\"\",\"rsa-key-size\":4096,\"secure-bootstrap\":false,\"auth-token-jwks\":\"\",\"auth-token-refresh-interval\":\"1h0m0s\",\"disconnect-on-expired-password\":true},\"status\":{\"status-host\":\"0.0.0.0\",\"metrics-addr\":\"\",\"status-port\":18082,\"metrics-interval\":15,\"report-status\":true,\"record-db-qps\":false,\"record-db-label\":false,\"grpc-keepalive-time\":10,\"grpc-keepalive-timeout\":3,\"grpc-concurrent-streams\":1024,\"grpc-initial-window-size\":2097152,\"grpc-max-send-msg-size\":2147483647},\"performance\":{\"max-procs\":0,\"max-memory\":0,\"server-memory-quota\":0,\"stats-lease\":\"3s\",\"stmt-count-limit\":5000,\"pseudo-estimate-ratio\":0.8,\"bind-info-lease\":\"3s\",\"txn-entry-size-limit\":6291456,\"txn-total-size-limit\":104857600,\"tcp-keep-alive\":true,\"tcp-no-delay\":true,\"cross-join\":true,\"distinct-agg-push-down\":false,\"max-txn-ttl\":3600000,\"index-usage-sync-lease\":\"\",\"plan-replayer-gc-lease\":\"10m\",\"gogc\":100,\"enforce-mpp\":false,\"stats-load-concurrency\":0,\"stats-load-queue-size\":1000,\"analyze-partition-concurrency-quota\":16,\"plan-replayer-dump-worker-concurrency\":1,\"enable-stats-cache-mem-quota\":true,\"committer-concurrency\":128,\"run-auto-analyze\":true,\"force-priority\":\"NO_PRIORITY\",\"memory-usage-alarm-ratio\":0.8,\"enable-load-fmsketch\":false,\"skip-init-stats\":false,\"lite-init-stats\":true,\"force-init-stats\":true,\"concurrently-init-stats\":true,\"projection-push-down\":true,\"enable-async-batch-get\":true},\"prepared-plan-cache\":{\"enabled\":true,\"capacity\":100,\"memory-guard-ratio\":0.1},\"opentracing\":{\"enable\":false,\"rpc-metrics\":false,\"sampler\":{\"type\":\"const\",\"param\":1,\"sampling-server-url\":\"\",\"max-operations\":0,\"sampling-refresh-interval\":0},\"reporter\":{\"queue-size\":0,\"buffer-flush-interval\":0,\"log-spans\":false,\"local-agent-host-port\":\"\"}},\"proxy-protocol\":{\"networks\":\"\",\"header-timeout\":5,\"fallbackable\":true},\"pd-client\":{\"pd-server-timeout\":3},\"tikv-client\":{\"grpc-connection-count\":4,\"grpc-keepalive-time\":10,\"grpc-keepalive-timeout\":3,\"grpc-compression-type\":\"none\",\"grpc-shared-buffer-pool\":false,\"grpc-initial-window-size\":134217728,\"grpc-initial-conn-window-size\":134217728,\"commit-timeout\":\"41s\",\"async-commit\":{\"keys-limit\":256,\"total-key-size-limit\":4096,\"safe-window\":2000000000,\"allowed-clock-drift\":500000000},\"batch-policy\":\"standard\",\"max-batch-size\":128,\"overload-threshold\":200,\"max-batch-wait-time\":0,\"batch-wait-size\":8,\"enable-chunk-rpc\":true,\"region-cache-ttl\":600,\"store-limit\":0,\"store-liveness-timeout\":\"1s\",\"copr-cache\":{\"capacity-mb\":1000},\"copr-req-timeout\":60000000000,\"ttl-refreshed-txn-size\":33554432,\"resolve-lock-lite-threshold\":512,\"max-concurrency-request-limit\":9223372036854775807,\"enable-replica-selector-v2\":true,\"ru-v2\":{\"ru-scale\":2.1,\"tikv-kv-engine-cache-miss\":0.45975389,\"resource-manager-write-cnt-tikv\":0.09642181,\"executor-inputs\":0.0000315,\"tikv-coprocessor-executor-iterations\":0.05775369,\"tikv-coprocessor-response-bytes\":8.7e-7,\"tikv-raftstore-store-write-trigger-wb-bytes\":0.000061,\"tikv-storage-processed-keys-batch-get\":0.00266791,\"tikv-storage-processed-keys-get\":0.01416829}},\"ru-v2\":{\"ru-scale\":2.01,\"result-chunk-cells\":0.0001,\"executor-l1\":0.00013278,\"executor-l2\":0.00000383,\"executor-l3\":0.00141739,\"executor-l5-insert-rows\":0.00472572,\"plan-cnt\":0.15392217,\"plan-derive-stats-paths\":0.24968182,\"resource-manager-read-cnt\":0.02072003,\"resource-manager-write-cnt\":0.07179779,\"write-keys\":0.330760861554226,\"session-parser-total\":0.19230499,\"txn-cnt\":0.03013709},\"compatible-kill-query\":false,\"pessimistic-txn\":{\"max-retry-count\":256,\"deadlock-history-capacity\":10,\"deadlock-history-collect-retryable\":false,\"pessimistic-auto-commit\":false,\"constraint-check-in-place-pessimistic\":true},\"max-index-length\":3072,\"index-limit\":64,\"table-column-count-limit\":1017,\"graceful-wait-before-shutdown\":0,\"alter-primary-key\":false,\"treat-old-version-utf8-as-utf8mb4\":true,\"enable-table-lock\":false,\"delay-clean-table-lock\":0,\"split-region-max-num\":1000,\"top-sql\":{\"receiver-address\":\"\"},\"repair-mode\":false,\"repair-table-list\":[],\"isolation-read\":{\"engines\":[\"tikv\",\"tiflash\",\"tidb\"]},\"new_collations_enabled_on_first_bootstrap\":true,\"experimental\":{\"allow-expression-index\":false},\"skip-register-to-dashboard\":false,\"enable-telemetry\":false,\"labels\":{},\"error-msg-extension\":null,\"keyspace-observability\":{},\"enable-global-index\":false,\"deprecate-integer-display-length\":true,\"enable-enum-length-limit\":true,\"stores-refresh-interval\":60,\"enable-tcp4-only\":false,\"enable-forwarding\":false,\"max-ballast-object-size\":0,\"ballast-object-size\":0,\"transaction-summary\":{\"transaction-summary-capacity\":500,\"transaction-id-digest-min-duration\":2147483647},\"enable-global-kill\":true,\"enable-32bits-connection-id\":true,\"initialize-sql-file\":\"\",\"keyspace-activate\":false,\"standby\":{\"standby-mode\":false,\"max-idle-seconds\":0,\"activation-timeout\":0,\"enable-zero-backend\":false},\"starter-params\":{},\"external-workload\":{},\"enable-batch-dml\":false,\"mem-quota-query\":1073741824,\"oom-action\":\"cancel\",\"oom-use-tmp-storage\":true,\"check-mb4-value-in-utf8\":true,\"enable-collect-execution-info\":true,\"plugin\":{\"dir\":\"/data/deploy/plugin\",\"load\":\"\"},\"max-server-connections\":0,\"run-ddl\":true,\"disaggregated-tiflash\":false,\"autoscaler-type\":\"aws\",\"autoscaler-addr\":\"tiflash-autoscale-lb.tiflash-autoscale.svc.cluster.local:8081\",\"is-tiflashcompute-fixed-pool\":false,\"autoscaler-cluster-id\":\"\",\"use-autoscaler\":false,\"tidb-max-reuse-chunk\":64,\"tidb-max-reuse-column\":256,\"tidb-enable-exit-check\":false,\"in-mem-slow-query-topn-num\":30,\"in-mem-slow-query-recent-num\":500,\"metering-storage-uri\":\"\",\"cse\":{\"columnar-store-type\":\"tiflash\",\"columnar-collect-timeout\":5000000000}}"]
[2026/07/13 06:15:43.529 +00:00] [INFO] [main.go:654] ["disable Prometheus push client"]
[2026/07/13 06:15:43.529 +00:00] [INFO] [store.go:95] ["new store"] [path=tikv://tc-pd:2379]
[2026/07/13 06:15:43.529 +00:00] [INFO] [cgmon.go:132] ["set the maxprocs"] [quota=1]
[2026/07/13 06:15:43.529 +00:00] [INFO] [cgmon.go:155] ["set the memory limit"] [memLimit=524288000]
[2026/07/13 06:15:43.530 +00:00] [INFO] [systime_mon.go:26] ["start system time monitor"]
[2026/07/13 06:15:43.533 +00:00] [INFO] [service_discovery.go:1004] ["[pd] update member urls"] [old-sorted-urls="[http://tc-pd:2379]"] [new-sorted-urls="[http://tc-pd-0.tc-pd-peer.testbed-tps-8220955-1-213.svc.cluster.local:2379]"]
[2026/07/13 06:15:43.533 +00:00] [INFO] [service_discovery.go:1023] ["[pd] switch leader"] [new-leader=http://tc-pd-0.tc-pd-peer.testbed-tps-8220955-1-213.svc.cluster.local:2379] [old-leader=]
[2026/07/13 06:15:43.533 +00:00] [INFO] [service_discovery.go:502] ["[pd] init cluster id"] [cluster-id=7660458574147744569]
[2026/07/13 06:15:43.534 +00:00] [INFO] [client.go:210] ["[tso] switch the tso leader serving url"] [new-url=http://tc-pd-0.tc-pd-peer.testbed-tps-8220955-1-213.svc.cluster.local:2379]
[2026/07/13 06:15:43.534 +00:00] [INFO] [inner_client.go:173] ["[pd] tso provider changed to pd"]
[2026/07/13 06:15:43.534 +00:00] [INFO] [watcher.go:56] ["[pd] start the deadline watcher"] [source=tso]
[2026/07/13 06:15:43.534 +00:00] [INFO] [dispatcher.go:147] ["[tso] tso dispatcher created"]
[2026/07/13 06:15:43.534 +00:00] [INFO] [dispatcher.go:594] ["[tso] switching tso rpc concurrency"] [old=0] [new=1]
[2026/07/13 06:15:43.534 +00:00] [INFO] [client.go:247] ["[tso] start tso connection contexts updater"]
[2026/07/13 06:15:43.535 +00:00] [INFO] [inner_client.go:154] ["[pd] service mode changed"] [new-mode=PD_SVC_MODE]
[2026/07/13 06:15:43.535 +00:00] [INFO] [router_service_discovery.go:151] ["[router service] created router service discovery"] [cluster-id=7660458574147744569] [keyspace-id=4294967295] [default-discovery-key=/ms/7660458574147744569/router/registry/]
[2026/07/13 06:15:43.535 +00:00] [INFO] [router_service_discovery.go:163] ["[router service] initializing router service discovery"] [max-retry-times=100] [retry-interval=1s]
[2026/07/13 06:15:43.535 +00:00] [INFO] [router_service_discovery.go:249] ["[router service] update member sorted urls"] [new-sorted-urls="[]"]
[2026/07/13 06:15:43.535 +00:00] [INFO] [router_service_discovery.go:234] ["[router service] updating nodes succeeded"] [urls="[]"] [clients-length=0]
[2026/07/13 06:15:43.536 +00:00] [INFO] [tikv_driver.go:194] ["using API V1."]
[2026/07/13 06:15:43.536 +00:00] [INFO] [client.go:417] ["[router] connection daemon is started"]
[2026/07/13 06:15:43.536 +00:00] [INFO] [client.go:502] ["[router] successfully established the leader router stream connection"] [url=http://tc-pd-0.tc-pd-peer.testbed-tps-8220955-1-213.svc.cluster.local:2379]
[2026/07/13 06:15:43.536 +00:00] [INFO] [client.go:578] ["[router] dispatcher is started"]
[2026/07/13 06:15:43.536 +00:00] [INFO] [inner_client.go:91] ["[pd] start router client initializer"]
[2026/07/13 06:15:43.537 +00:00] [INFO] [metamanager.go:146] ["return meta service group info"] [meta-service-info="{\"PDAddrs\":[\"tc-pd-0.tc-pd-peer.testbed-tps-8220955-1-213.svc.cluster.local:2379\"],\"Group\":{\"GroupID\":\"0\",\"Addrs\":[\"tc-pd-0.tc-pd-peer.testbed-tps-8220955-1-213.svc.cluster.local:2379\"]}}"]
[2026/07/13 06:15:43.542 +00:00] [INFO] [store.go:104] ["new store with retry success"]
[2026/07/13 06:15:43.546 +00:00] [INFO] [store_cache.go:572] ["change store resolve state"] [store=1] [addr=tc-tikv-0.tc-tikv-peer.testbed-tps-8220955-1-213.svc.cluster.local:20160] [from=unresolved] [to=resolved] [liveness-state=reachable]
[2026/07/13 06:15:43.627 +00:00] [INFO] [store_cache.go:572] ["change store resolve state"] [store=4] [addr=tc-tikv-1.tc-tikv-peer.testbed-tps-8220955-1-213.svc.cluster.local:20160] [from=unresolved] [to=resolved] [liveness-state=reachable]
[2026/07/13 06:15:43.627 +00:00] [INFO] [store_cache.go:572] ["change store resolve state"] [store=5] [addr=tc-tikv-2.tc-tikv-peer.testbed-tps-8220955-1-213.svc.cluster.local:20160] [from=unresolved] [to=resolved] [liveness-state=reachable]
[2026/07/13 06:15:43.635 +00:00] [INFO] [session.go:4348] ["cluster already bootstrapped"] [version=261]
[2026/07/13 06:15:43.635 +00:00] [INFO] [tidb.go:103] ["new domain"] [store=tikv-7660458574147744569/] ["ddl lease"=45s] ["stats lease"=3s]
[2026/07/13 06:15:43.641 +00:00] [INFO] [info.go:279] ["init TiFlashReplicaManager"]
[2026/07/13 06:15:43.648 +00:00] [INFO] [domain.go:2697] [acquireServerID] [serverID=583] ["lease id"=6e469f55b150d0d5]
[2026/07/13 06:15:43.649 +00:00] [INFO] [global_controller.go:219] ["load resource controller config"] [config="{\"degraded-mode-wait-duration\":\"0s\",\"ltb-max-wait-duration\":\"30s\",\"ltb-token-rpc-max-delay\":\"1s\",\"request-unit\":{\"read-base-cost\":0.125,\"read-per-batch-base-cost\":0.5,\"read-cost-per-byte\":0.0000152587890625,\"write-base-cost\":1,\"write-per-batch-base-cost\":1,\"write-cost-per-byte\":0.0009765625,\"read-cpu-ms-cost\":0.3333333333333333},\"enable-controller-trace-log\":\"false\",\"token-rpc-params\":{\"wait-retry-interval\":\"50ms\",\"wait-retry-times\":20}}"] [ru-config="{\"ReadBaseCost\":0.125,\"ReadPerBatchBaseCost\":0.5,\"ReadBytesCost\":0.0000152587890625,\"WriteBaseCost\":1,\"WritePerBatchBaseCost\":1,\"WriteBytesCost\":0.0009765625,\"CPUMsCost\":0.3333333333333333,\"LTBMaxWaitDuration\":30000000000,\"WaitRetryInterval\":50000000,\"WaitRetryTimes\":20,\"DegradedModeWaitDuration\":0}"] [keyspace-id=4294967295]
[2026/07/13 06:15:44.035 +00:00] [INFO] [loader.go:281] ["full load InfoSchema success"] [mode=auto] [isV2=true] [currentSchemaVersion=0] [neededSchemaVersion=9075] ["elapsed time"=385.200895ms]
[2026/07/13 06:15:44.036 +00:00] [INFO] [syncer.go:456] ["full load and reset schema validator"]
[2026/07/13 06:15:44.043 +00:00] [INFO] [ddl.go:1070] ["change job version in use"] [category=ddl] [old=v1] [new=v2]
[2026/07/13 06:15:44.043 +00:00] [INFO] [ddl.go:994] ["job version in use is not v2 or global index v1 not supported, maybe in upgrade, start detecting"] [category=ddl] [current=v2] [globalIndexV1Supported=false]
[2026/07/13 06:15:44.043 +00:00] [INFO] [ddl.go:883] ["start DDL"] [category=ddl] [ID=1398bac0-372a-4ca4-a18b-44d7744f11ad] [runWorker=true] [jobVersion=v2] [startMode=normal]
[2026/07/13 06:15:44.043 +00:00] [INFO] [ddl.go:858] ["start delRangeManager OK"] [category=ddl] ["is a emulator"=false]
[2026/07/13 06:15:44.045 +00:00] [INFO] [manager.go:289] ["start campaign owner"] [key=/tidb/ddl/fg/owner] [id=1398bac0-372a-4ca4-a18b-44d7744f11ad]
[2026/07/13 06:15:44.046 +00:00] [INFO] [env.go:123] ["the ingest sorted directory"] [category=ddl-ingest] ["data path"=/tmp/tidb-ai-conflict-green-once-tmp/tmp_ddl-14002]
[2026/07/13 06:15:44.046 +00:00] [WARN] [env.go:84] ["ingest backfill may not be available"] [category=ddl-ingest] [error="the available disk space(106238488576) in /tmp/tidb-ai-conflict-green-once-tmp/tmp_ddl-14002 should be greater than @@tidb_ddl_disk_quota(107374182400)"]
[2026/07/13 06:15:44.046 +00:00] [INFO] [env.go:88] ["init global ingest backend environment finished"] [category=ddl-ingest] ["memory limitation"=262144000] ["disk usage info"="disk usage: 361555644416/467794132992, backend usage: 0"] ["max open file number"=1073741816] ["lightning is initialized"=true]
[2026/07/13 06:15:44.046 +00:00] [INFO] [wait_group_wrapper.go:141] ["background process started"] [source=domain] [process=loadSchemaInLoop]
[2026/07/13 06:15:44.046 +00:00] [INFO] [wait_group_wrapper.go:141] ["background process started"] [source=domain] [process=mdlCheckLoop]
[2026/07/13 06:15:44.046 +00:00] [INFO] [wait_group_wrapper.go:141] ["background process started"] [source=domain] [process=topNSlowQueryLoop]
[2026/07/13 06:15:44.046 +00:00] [INFO] [wait_group_wrapper.go:141] ["background process started"] [source=domain] [process=infoSyncerKeeper]
[2026/07/13 06:15:44.046 +00:00] [INFO] [wait_group_wrapper.go:141] ["background process started"] [source=domain] [process=globalConfigSyncerKeeper]
[2026/07/13 06:15:44.046 +00:00] [INFO] [wait_group_wrapper.go:141] ["background process started"] [source=domain] [process=runawayRecordFlushLoop]
[2026/07/13 06:15:44.046 +00:00] [INFO] [wait_group_wrapper.go:141] ["background process started"] [source=domain] [process=runawayWatchSyncLoop]
[2026/07/13 06:15:44.046 +00:00] [INFO] [wait_group_wrapper.go:141] ["background process started"] [source=domain] [process=requestUnitsWriterLoop]
[2026/07/13 06:15:44.046 +00:00] [INFO] [wait_group_wrapper.go:141] ["background process started"] [source=domain] [process=topologySyncerKeeper]
[2026/07/13 06:15:44.046 +00:00] [INFO] [wait_group_wrapper.go:141] ["background process started"] [source=domain] [process=closestReplicaReadCheckLoop]
[2026/07/13 06:15:44.046 +00:00] [INFO] [owner_daemon.go:70] ["begin advancer daemon"] [daemon-id=LogBackup::Advancer]
[2026/07/13 06:15:44.046 +00:00] [INFO] [manager.go:289] ["start campaign owner"] [key=/tidb/br-stream/owner] [id=3b7ae3f7-dfb2-4102-8773-b9dfe6ec4f7e]
[2026/07/13 06:15:44.125 +00:00] [WARN] [global_controller.go:819] ["[resource group controller] resource group name does not exist"] [name=default]
[2026/07/13 06:15:44.125 +00:00] [INFO] [manager.go:499] ["get owner"] [key=/tidb/ddl/fg/owner] ["owner key"=/tidb/ddl/fg/owner/6e469f55b150d0e4] [ownerID=1398bac0-372a-4ca4-a18b-44d7744f11ad]
[2026/07/13 06:15:44.125 +00:00] [INFO] [manager.go:324] ["become owner"] [key=/tidb/ddl/fg/owner] [id=1398bac0-372a-4ca4-a18b-44d7744f11ad]
[2026/07/13 06:15:44.125 +00:00] [INFO] [manager.go:588] ["watching owner key"] [key=/tidb/ddl/fg/owner] [id=1398bac0-372a-4ca4-a18b-44d7744f11ad] [ownerKey=/tidb/ddl/fg/owner/6e469f55b150d0e4] [currRev=229602]
[2026/07/13 06:15:44.126 +00:00] [INFO] [wait_group_wrapper.go:141] ["background process started"] [source=domain] [process=logBackupAdvancer]
[2026/07/13 06:15:44.126 +00:00] [WARN] [sysvar_cache.go:53] ["sysvar cache is empty, triggering rebuild"]
[2026/07/13 06:15:44.126 +00:00] [INFO] [owner_daemon.go:81] ["begin running daemon"] [id=3b7ae3f7-dfb2-4102-8773-b9dfe6ec4f7e] [daemon-id=LogBackup::Advancer]
[2026/07/13 06:15:44.126 +00:00] [INFO] [manager.go:499] ["get owner"] [key=/tidb/br-stream/owner] ["owner key"=/tidb/br-stream/owner/6e469f55b150d0e6] [ownerID=3b7ae3f7-dfb2-4102-8773-b9dfe6ec4f7e]
[2026/07/13 06:15:44.126 +00:00] [INFO] [manager.go:324] ["become owner"] [key=/tidb/br-stream/owner] [id=3b7ae3f7-dfb2-4102-8773-b9dfe6ec4f7e]
[2026/07/13 06:15:44.126 +00:00] [INFO] [manager.go:588] ["watching owner key"] [key=/tidb/br-stream/owner] [id=3b7ae3f7-dfb2-4102-8773-b9dfe6ec4f7e] [ownerKey=/tidb/br-stream/owner/6e469f55b150d0e6] [currRev=229602]
[2026/07/13 06:15:44.127 +00:00] [INFO] [job_scheduler.go:362] ["get global state and global state change"] [category=ddl] [oldState=false] [currState=false]
[2026/07/13 06:15:44.127 +00:00] [INFO] [manager.go:533] ["set owner op is the same as the original, so do nothing."] [key=/tidb/ddl/fg/owner] [id=1398bac0-372a-4ca4-a18b-44d7744f11ad] [op=none]
[2026/07/13 06:15:44.127 +00:00] [INFO] [job_scheduler.go:374] ["the owner sets owner operator value"] [category=ddl] [ownerOp=none]
[2026/07/13 06:15:44.129 +00:00] [INFO] [sysvar.go:3362] ["set resource control"] [enable=true]
[2026/07/13 06:15:44.130 +00:00] [INFO] [client.go:427] ["[router] follower handle status changed"] [enable=true]
[2026/07/13 06:15:44.130 +00:00] [INFO] [client.go:535] ["[router] successfully established the router stream connection"] [url=http://tc-pd:2379]
[2026/07/13 06:15:44.130 +00:00] [INFO] [inner_client.go:103] ["[pd] notified to disable the router client"]
[2026/07/13 06:15:44.130 +00:00] [INFO] [client.go:318] ["[router] closing router client"]
[2026/07/13 06:15:44.130 +00:00] [INFO] [client.go:599] ["[router] stop fetching the pending router requests due to context canceled"]
[2026/07/13 06:15:44.130 +00:00] [INFO] [client.go:580] ["[router] dispatcher is exiting"]
[2026/07/13 06:15:44.130 +00:00] [INFO] [client.go:585] ["[router] dispatcher exited"]
[2026/07/13 06:15:44.130 +00:00] [INFO] [client.go:423] ["[router] connection daemon is exiting"]
[2026/07/13 06:15:44.130 +00:00] [INFO] [client.go:323] ["[router] router client is closed"]
[2026/07/13 06:15:44.130 +00:00] [INFO] [global_controller.go:577] ["[resource group controller] create resource group cost controller"] [name=default]
[2026/07/13 06:15:44.130 +00:00] [INFO] [wait_group_wrapper.go:141] ["background process started"] [source=domain] [process=loadPrivilegeInLoop]
[2026/07/13 06:15:44.135 +00:00] [INFO] [wait_group_wrapper.go:141] ["background process started"] [source=domain] [process=LoadSysVarCacheLoop]
[2026/07/13 06:15:44.145 +00:00] [INFO] [binding_cache.go:75] ["load bindings"] [category=sql-bind] [fullLoad=true] [fromRemote=false] [cacheSizeChange=false] [hasNewBinding=false] [cacheCapacity=67108864] [cacheUsage=0] [cachedBindingNum=0] [duration=5.364462ms] []
[2026/07/13 06:15:44.145 +00:00] [INFO] [manager.go:289] ["start campaign owner"] [key=/tidb/bindinfo/owner] [id=1398bac0-372a-4ca4-a18b-44d7744f11ad]
[2026/07/13 06:15:44.145 +00:00] [INFO] [wait_group_wrapper.go:141] ["background process started"] [source=domain] [process=globalBindHandleWorkerLoop]
[2026/07/13 06:15:44.147 +00:00] [INFO] [manager.go:499] ["get owner"] [key=/tidb/bindinfo/owner] ["owner key"=/tidb/bindinfo/owner/6e469f55b150d0f8] [ownerID=1398bac0-372a-4ca4-a18b-44d7744f11ad]
[2026/07/13 06:15:44.147 +00:00] [INFO] [manager.go:324] ["become owner"] [key=/tidb/bindinfo/owner] [id=1398bac0-372a-4ca4-a18b-44d7744f11ad]
[2026/07/13 06:15:44.147 +00:00] [INFO] [manager.go:588] ["watching owner key"] [key=/tidb/bindinfo/owner] [id=1398bac0-372a-4ca4-a18b-44d7744f11ad] [ownerKey=/tidb/bindinfo/owner/6e469f55b150d0f8] [currRev=229603]
[2026/07/13 06:15:44.226 +00:00] [INFO] [wait_group_wrapper.go:141] ["background process started"] [source=domain] [process=PlanReplayerTaskCollectHandle]
[2026/07/13 06:15:44.226 +00:00] [INFO] [wait_group_wrapper.go:141] ["background process started"] [source=domain] [process=PlanReplayerTaskDumpHandle]
[2026/07/13 06:15:44.226 +00:00] [INFO] [wait_group_wrapper.go:141] ["background process started"] [source=domain] [process=dumpFileGcChecker]
[2026/07/13 06:15:44.226 +00:00] [INFO] [wait_group_wrapper.go:141] ["background process started"] [source=domain] [process=HistoricalStatsWorker]
[2026/07/13 06:15:44.226 +00:00] [INFO] [wait_group_wrapper.go:141] ["background process started"] [source=domain] [process=loadStatsWorker]
[2026/07/13 06:15:44.226 +00:00] [INFO] [manager.go:289] ["start campaign owner"] [key=/tidb/stats/owner] [id=1398bac0-372a-4ca4-a18b-44d7744f11ad]
[2026/07/13 06:15:44.226 +00:00] [INFO] [domain.go:1792] ["PlanReplayerTaskCollectHandle started"]
[2026/07/13 06:15:44.226 +00:00] [INFO] [domain.go:1814] ["PlanReplayerTaskDumpHandle started"]
[2026/07/13 06:15:44.226 +00:00] [INFO] [plan_replayer.go:407] ["planReplayerTaskDumpWorker started."]
[2026/07/13 06:15:44.226 +00:00] [INFO] [domain.go:1846] ["dumpFileGcChecker started"]
[2026/07/13 06:15:44.226 +00:00] [INFO] [domain.go:1879] ["HistoricalStatsWorker started"]
[2026/07/13 06:15:44.226 +00:00] [INFO] [wait_group_wrapper.go:141] ["background process started"] [source=domain] [process=indexUsageWorker]
[2026/07/13 06:15:44.226 +00:00] [INFO] [wait_group_wrapper.go:141] ["background process started"] [source=domain] [process=asyncLoadHistogram]
[2026/07/13 06:15:44.226 +00:00] [INFO] [wait_group_wrapper.go:141] ["background process started"] [source=domain] [process=deltaUpdateTickerWorker]
[2026/07/13 06:15:44.227 +00:00] [INFO] [wait_group_wrapper.go:141] ["background process started"] [source=domain] [process=dumpColStatsUsageWorker]
[2026/07/13 06:15:44.227 +00:00] [INFO] [wait_group_wrapper.go:141] ["background process started"] [source=domain] [process=gcStatsWorker]
[2026/07/13 06:15:44.227 +00:00] [INFO] [wait_group_wrapper.go:141] ["background process started"] [source=domain] [process=autoAnalyzeWorker]
[2026/07/13 06:15:44.227 +00:00] [INFO] [wait_group_wrapper.go:141] ["background process started"] [source=domain] [process=analyzeJobsCleanupWorker]
[2026/07/13 06:15:44.227 +00:00] [INFO] [domain.go:2047] ["start load stats sub workers"] [workerCount=5]
[2026/07/13 06:15:44.227 +00:00] [INFO] [wait_group_wrapper.go:141] ["background process started"] [source=domain] [process=planCacheEvictTrigger]
[2026/07/13 06:15:44.227 +00:00] [INFO] [wait_group_wrapper.go:141] ["background process started"] [source=domain] [process=planCacheMetricsAndVars]
[2026/07/13 06:15:44.227 +00:00] [INFO] [wait_group_wrapper.go:141] ["background process started"] [source=domain] [process=readTableCostWorker]
[2026/07/13 06:15:44.227 +00:00] [INFO] [wait_group_wrapper.go:141] ["background process started"] [source=domain] [process=loadSigningCertLoop]
[2026/07/13 06:15:44.227 +00:00] [INFO] [domain.go:2290] ["deltaUpdateTickerWorker started."]
[2026/07/13 06:15:44.227 +00:00] [INFO] [domain.go:2263] ["dumpColStatsUsageWorker started."]
[2026/07/13 06:15:44.228 +00:00] [INFO] [notifier.go:225] ["etcd notify loop to watch timer events started"] [EtcdKey=/tidb/timer/cluster/1/notify/97489da2-06b4-4ae4-8727-30e9354abd79]
[2026/07/13 06:15:44.228 +00:00] [INFO] [task_manager.go:248] ["scale ttl worker"] [ttl-worker=job-manager] [ttl-worker=task-manager] [originalCount=0] [newCount=4]
[2026/07/13 06:15:44.228 +00:00] [INFO] [task_manager.go:248] ["scale ttl worker"] [ttl-worker=job-manager] [ttl-worker=task-manager] [originalCount=0] [newCount=4]
[2026/07/13 06:15:44.228 +00:00] [INFO] [job_manager.go:519] ["TTL leader to collect delay metrics"] [ttl-worker=job-manager]
[2026/07/13 06:15:44.229 +00:00] [INFO] [gc_worker.go:214] [start] [category="gc worker"] [uuid=67d68780d2c0003]
[2026/07/13 06:15:44.234 +00:00] [INFO] [manager.go:499] ["get owner"] [key=/tidb/stats/owner] ["owner key"=/tidb/stats/owner/6e469f55b150d0fd] [ownerID=1398bac0-372a-4ca4-a18b-44d7744f11ad]
[2026/07/13 06:15:44.234 +00:00] [INFO] [manager.go:324] ["become owner"] [key=/tidb/stats/owner] [id=1398bac0-372a-4ca4-a18b-44d7744f11ad]
[2026/07/13 06:15:44.234 +00:00] [INFO] [manager.go:588] ["watching owner key"] [key=/tidb/stats/owner] [id=1398bac0-372a-4ca4-a18b-44d7744f11ad] [ownerKey=/tidb/stats/owner/6e469f55b150d0fd] [currRev=229604]
[2026/07/13 06:15:44.239 +00:00] [INFO] [job_manager.go:1096] ["TTL leader to DoGC"] [ttl-worker=job-manager]
[2026/07/13 06:15:44.241 +00:00] [INFO] [domain.go:1203] ["initialize node resource"] [total-cpu=1] [total-mem=500MiB] [dxf-resource-limit=100] [dxf-usable-cpu=1] [dxf-usable-mem=500MiB] [total-disk=435.7GiB]
[2026/07/13 06:15:44.245 +00:00] [INFO] [wait_group_wrapper.go:141] ["background process started"] [source=domain] [process=distTaskFrameworkLoop]
[2026/07/13 06:15:44.245 +00:00] [INFO] [manager.go:124] ["task executor manager start"]
[2026/07/13 06:15:44.245 +00:00] [INFO] [domain.go:1219] ["dist task executor manager started"]
[2026/07/13 06:15:44.245 +00:00] [INFO] [rate_limiter_param.go:104] ["loaded value from meta store"] [key=maxBatchSplitRanges] [value=2048]
[2026/07/13 06:15:44.246 +00:00] [WARN] [misc.go:389] ["Automatic TLS Certificate creation is disabled"] []
[2026/07/13 06:15:44.246 +00:00] [INFO] [cpu.go:97] ["sql cpu collector started"]
[2026/07/13 06:15:44.246 +00:00] [INFO] [http_status.go:109] ["for status and metrics report"] ["listening on addr"=0.0.0.0:18082]
[2026/07/13 06:15:44.325 +00:00] [INFO] [store.go:95] ["new store"] [path=tikv://tc-pd:2379]
[2026/07/13 06:15:44.327 +00:00] [INFO] [service_discovery.go:1004] ["[pd] update member urls"] [old-sorted-urls="[http://tc-pd:2379]"] [new-sorted-urls="[http://tc-pd-0.tc-pd-peer.testbed-tps-8220955-1-213.svc.cluster.local:2379]"]
[2026/07/13 06:15:44.327 +00:00] [INFO] [service_discovery.go:1023] ["[pd] switch leader"] [new-leader=http://tc-pd-0.tc-pd-peer.testbed-tps-8220955-1-213.svc.cluster.local:2379] [old-leader=]
[2026/07/13 06:15:44.327 +00:00] [INFO] [service_discovery.go:502] ["[pd] init cluster id"] [cluster-id=7660458574147744569]
[2026/07/13 06:15:44.329 +00:00] [INFO] [client.go:210] ["[tso] switch the tso leader serving url"] [new-url=http://tc-pd-0.tc-pd-peer.testbed-tps-8220955-1-213.svc.cluster.local:2379]
[2026/07/13 06:15:44.329 +00:00] [INFO] [inner_client.go:173] ["[pd] tso provider changed to pd"]
[2026/07/13 06:15:44.329 +00:00] [INFO] [watcher.go:56] ["[pd] start the deadline watcher"] [source=tso]
[2026/07/13 06:15:44.329 +00:00] [INFO] [dispatcher.go:147] ["[tso] tso dispatcher created"]
[2026/07/13 06:15:44.329 +00:00] [INFO] [dispatcher.go:594] ["[tso] switching tso rpc concurrency"] [old=0] [new=1]
[2026/07/13 06:15:44.329 +00:00] [INFO] [client.go:247] ["[tso] start tso connection contexts updater"]
[2026/07/13 06:15:44.329 +00:00] [INFO] [inner_client.go:154] ["[pd] service mode changed"] [new-mode=PD_SVC_MODE]
[2026/07/13 06:15:44.329 +00:00] [INFO] [router_service_discovery.go:151] ["[router service] created router service discovery"] [cluster-id=7660458574147744569] [keyspace-id=4294967295] [default-discovery-key=/ms/7660458574147744569/router/registry/]
[2026/07/13 06:15:44.329 +00:00] [INFO] [router_service_discovery.go:163] ["[router service] initializing router service discovery"] [max-retry-times=100] [retry-interval=1s]
[2026/07/13 06:15:44.331 +00:00] [INFO] [bootstrap.go:873] ["Complete loading the stats meta in the lite mode"] [category=stats] [duration=3.878712ms]
[2026/07/13 06:15:44.331 +00:00] [INFO] [router_service_discovery.go:249] ["[router service] update member sorted urls"] [new-sorted-urls="[]"]
[2026/07/13 06:15:44.331 +00:00] [INFO] [router_service_discovery.go:234] ["[router service] updating nodes succeeded"] [urls="[]"] [clients-length=0]
[2026/07/13 06:15:44.331 +00:00] [INFO] [router_service_discovery.go:262] ["[router service] exit check member loop"]
[2026/07/13 06:15:44.331 +00:00] [INFO] [router_service_discovery.go:304] ["[router service] exit health check member loop"]
[2026/07/13 06:15:44.331 +00:00] [INFO] [client.go:417] ["[router] connection daemon is started"]
[2026/07/13 06:15:44.331 +00:00] [ERROR] [client.go:493] ["[router] failed to create the leader router stream connection"] [error="rpc error: code = Canceled desc = context canceled"]
[2026/07/13 06:15:44.331 +00:00] [WARN] [client.go:504] ["[router] failed to create the leader router stream connection"]
[2026/07/13 06:15:44.331 +00:00] [INFO] [client.go:423] ["[router] connection daemon is exiting"]
[2026/07/13 06:15:44.331 +00:00] [INFO] [client.go:578] ["[router] dispatcher is started"]
[2026/07/13 06:15:44.331 +00:00] [INFO] [client.go:580] ["[router] dispatcher is exiting"]
[2026/07/13 06:15:44.331 +00:00] [INFO] [client.go:585] ["[router] dispatcher exited"]
[2026/07/13 06:15:44.331 +00:00] [INFO] [inner_client.go:91] ["[pd] start router client initializer"]
[2026/07/13 06:15:44.331 +00:00] [INFO] [inner_client.go:96] ["[pd] exit router client initializer"]
[2026/07/13 06:15:44.331 +00:00] [INFO] [dispatcher.go:208] ["[tso] stop fetching the pending tso requests due to context canceled"]
[2026/07/13 06:15:44.331 +00:00] [INFO] [dispatcher.go:150] ["[tso] exit tso dispatcher"]
[2026/07/13 06:15:44.331 +00:00] [INFO] [watcher.go:73] ["[pd] exit the deadline watcher"] [source=tso]
[2026/07/13 06:15:44.331 +00:00] [INFO] [client.go:273] ["[tso] exit tso connection contexts updater"]
[2026/07/13 06:15:44.331 +00:00] [INFO] [stream.go:360] ["tsoStream.recvLoop ended"] [stream=tc-pd-0.tc-pd-peer.testbed-tps-8220955-1-213.svc.cluster.local:2379-2] [error="rpc error: code = Canceled desc = context canceled"]
[2026/07/13 06:15:44.331 +00:00] [INFO] [resource_manager_client.go:341] ["[resource manager] exit resource token dispatcher"]
[2026/07/13 06:15:44.331 +00:00] [INFO] [service_discovery.go:900] ["[pd] cannot update member from this url"] [url=http://tc-pd-0.tc-pd-peer.testbed-tps-8220955-1-213.svc.cluster.local:2379] [error="[PD:client:ErrClientGetMember]error:context canceled target:tc-pd-0.tc-pd-peer.testbed-tps-8220955-1-213.svc.cluster.local:2379 status:READY: error:context canceled target:tc-pd-0.tc-pd-peer.testbed-tps-8220955-1-213.svc.cluster.local:2379 status:READY"]
[2026/07/13 06:15:44.331 +00:00] [WARN] [service_discovery.go:562] ["[pd] failed to update member"] [sorted-urls="[http://tc-pd-0.tc-pd-peer.testbed-tps-8220955-1-213.svc.cluster.local:2379]"] [error="context canceled"]
[2026/07/13 06:15:44.331 +00:00] [INFO] [service_discovery.go:555] ["[pd] exit member loop due to context canceled"]
[2026/07/13 06:15:44.331 +00:00] [INFO] [router_service_discovery.go:276] ["[router service] closing router service discovery"]
[2026/07/13 06:15:44.331 +00:00] [INFO] [router_service_discovery.go:292] ["[router service] is closed"]
[2026/07/13 06:15:44.331 +00:00] [INFO] [client.go:155] ["[tso] closing tso client"]
[2026/07/13 06:15:44.331 +00:00] [INFO] [client.go:160] ["[tso] close tso client"]
[2026/07/13 06:15:44.331 +00:00] [INFO] [client.go:162] ["[tso] tso client is closed"]
[2026/07/13 06:15:44.331 +00:00] [INFO] [service_discovery.go:646] ["[pd] close service discovery client"]
[2026/07/13 06:15:44.332 +00:00] [INFO] [inner_client.go:275] ["[pd] close client successfully"]
[2026/07/13 06:15:44.332 +00:00] [INFO] [store.go:104] ["new store with retry success"]
[2026/07/13 06:15:44.332 +00:00] [INFO] [manager.go:289] ["start campaign owner"] [key=tidb/autoid/leader] [id=10.200.11.9:18082]
[2026/07/13 06:15:44.334 +00:00] [INFO] [http_status.go:613] ["register auto service at"] [addr=10.200.11.9:18082]
[2026/07/13 06:15:44.335 +00:00] [INFO] [manager.go:499] ["get owner"] [key=tidb/autoid/leader] ["owner key"=tidb/autoid/leader/6e469f55b150d104] [ownerID=10.200.11.9:18082]
[2026/07/13 06:15:44.335 +00:00] [INFO] [manager.go:324] ["become owner"] [key=tidb/autoid/leader] [id=10.200.11.9:18082]
[2026/07/13 06:15:44.335 +00:00] [INFO] [autoid.go:610] ["leader change of autoid service, this node become owner"] [addr=10.200.11.9:18082] [category="autoid service"]
[2026/07/13 06:15:44.335 +00:00] [INFO] [manager.go:588] ["watching owner key"] [key=tidb/autoid/leader] [id=10.200.11.9:18082] [ownerKey=tidb/autoid/leader/6e469f55b150d104] [currRev=229605]
[2026/07/13 06:15:44.337 +00:00] [INFO] [bootstrap.go:880] ["Complete loading the histogram in the lite mode"] [category=stats] [duration=6.353964ms]
[2026/07/13 06:15:44.339 +00:00] [INFO] [domain.go:2090] ["Init stats succeed"] [category=stats] [isLiteInitStats=true] [duration=112.698632ms]
[2026/07/13 06:15:44.339 +00:00] [INFO] [server.go:388] ["server is running MySQL protocol"] [addr=0.0.0.0:14002]
[2026/07/13 06:15:44.339 +00:00] [INFO] [server.go:402] ["server is running MySQL protocol"] [socket=/tmp/tidb-ai-conflict-green-once-14002.sock]
[2026/07/13 06:15:44.339 +00:00] [INFO] [domain.go:2224] ["gcStatsWorker started."]
[2026/07/13 06:15:45.229 +00:00] [INFO] [runtime.go:172] ["TimerGroupRuntime loop started"] [groupID=ttl]
[2026/07/13 06:15:45.229 +00:00] [INFO] [runtime.go:444] ["create watch chan if possible for timer runtime"] [groupID=ttl] [storeSupportWatch=true]
[2026/07/13 06:15:45.229 +00:00] [INFO] [notifier.go:140] ["new etcd watcher created to watch timer events"] [EtcdKey=/tidb/timer/cluster/1/notify/97489da2-06b4-4ae4-8727-30e9354abd79] [watcherID=9b7ece0c-ece5-409b-b2a7-f29341ca6555]
[2026/07/13 06:15:45.245 +00:00] [INFO] [slots.go:220] ["initialize slot capacity"] [capacity=1]
[2026/07/13 06:15:45.246 +00:00] [INFO] [scheduler_manager.go:214] ["schedule task loop start"]
[2026/07/13 06:15:45.246 +00:00] [INFO] [scheduler_manager.go:327] ["subtask table gc loop start"]
[2026/07/13 06:15:45.246 +00:00] [INFO] [scheduler_manager.go:403] ["cleanup loop start"]
[2026/07/13 06:15:45.246 +00:00] [INFO] [scheduler_manager.go:483] ["collect loop start"]
[2026/07/13 06:15:45.540 +00:00] [INFO] [pd.go:434] ["adaptive update ts interval state transition"] [configuredInterval=2s] [prevAdaptiveUpdateInterval=2s] [newAdaptiveUpdateInterval=2s] [requiredStaleness=0s] [prevState=unknown(0)] [newState=normal]
[2026/07/13 06:15:46.047 +00:00] [INFO] [info.go:988] [SetTiFlashGroupConfig]
[2026/07/13 06:15:47.439 +00:00] [INFO] [queue.go:570] ["Fetched all tables"] [category=stats] [tableCount=414] [duration=95.649446ms]
[2026/07/13 06:15:47.439 +00:00] [INFO] [queue.go:454] ["Priority queue initialized"] [category=stats] [duration=98.563959ms]
[2026/07/13 06:15:47.439 +00:00] [INFO] [refresher.go:199] ["No tables to analyze"] [category=stats] [sampled=]
[2026/07/13 06:15:48.252 +00:00] [INFO] [scheduler_manager.go:305] ["start scheduler without allocating slots"] [task-id=810002] [task-key=ImportInto/90002] [state=reverting]
[2026/07/13 06:15:48.253 +00:00] [INFO] [scheduler.go:119] ["create base scheduler"] [task-id=810002] [task-key=ImportInto/90002] [task-type=ImportInto] [allocated-slots=false]
[2026/07/13 06:15:48.253 +00:00] [INFO] [scheduler_manager.go:382] ["task scheduler started"] [task-id=810002] [task-key=ImportInto/90002]
[2026/07/13 06:15:48.253 +00:00] [INFO] [scheduler.go:132] ["schedule task"] [task-id=810002] [task-key=ImportInto/90002] [state=reverting] [step=ingest] [requiredSlots=1] [prepare-mode=disabled]
[2026/07/13 06:15:56.126 +00:00] [INFO] [owner_daemon.go:56] ["daemon became owner"] [id=3b7ae3f7-dfb2-4102-8773-b9dfe6ec4f7e] [daemon-id=LogBackup::Advancer]
[2026/07/13 06:15:56.126 +00:00] [INFO] [advancer.go:650] ["Subscription handler spawned."] [category="log backup subscription manager"]
[2026/07/13 06:15:56.126 +00:00] [WARN] [util.go:226] ["store address and status address mismatch the host, we will use the store address as hostname"] [store=4] ["status address"=http://0.0.0.0:20180] ["node address"=http://tc-tikv-1.tc-tikv-peer.testbed-tps-8220955-1-213.svc.cluster.local:20160] ["request address"=http://tc-tikv-1.tc-tikv-peer.testbed-tps-8220955-1-213.svc.cluster.local:20180]
[2026/07/13 06:15:56.129 +00:00] [WARN] [util.go:226] ["store address and status address mismatch the host, we will use the store address as hostname"] [store=5] ["status address"=http://0.0.0.0:20180] ["node address"=http://tc-tikv-2.tc-tikv-peer.testbed-tps-8220955-1-213.svc.cluster.local:20160] ["request address"=http://tc-tikv-2.tc-tikv-peer.testbed-tps-8220955-1-213.svc.cluster.local:20180]
[2026/07/13 06:15:56.130 +00:00] [WARN] [util.go:226] ["store address and status address mismatch the host, we will use the store address as hostname"] [store=1] ["status address"=http://0.0.0.0:20180] ["node address"=http://tc-tikv-0.tc-tikv-peer.testbed-tps-8220955-1-213.svc.cluster.local:20160] ["request address"=http://tc-tikv-0.tc-tikv-peer.testbed-tps-8220955-1-213.svc.cluster.local:20180]
[2026/07/13 06:15:56.132 +00:00] [INFO] [advancer.go:290] ["refreshed TiKV log-backup.max-flush-interval for advancer intervals"] [previous-resolve-lock-interval=24s] [resolve-lock-interval=3m0s] [previous-try-advance-threshold=4m0s] [try-advance-threshold=4m0s]
[2026/07/13 06:16:19.039 +00:00] [INFO] [session.go:5104] ["CRUCIAL OPERATION"] [conn=1222639622] [schemaVersion=9075] [cur_db=] [sql="DROP DATABASE IF EXISTS ai_conflict_delete_green_once"] [user=root@%]
[2026/07/13 06:16:19.145 +00:00] [INFO] [job_submitter.go:118] ["add DDL jobs"] [category=ddl] ["batch count"=1] [jobs="ID:5498, Type:create schema, State:queueing, SchemaState:none, SchemaID:5497, TableID:0, RowCount:0, ArgLen:1, start time: 2026-07-13 06:16:19.103 +0000 UTC, Err:<nil>, ErrCount:0, SnapshotVersion:0, Version: v2; "] [fast_create=true]
[2026/07/13 06:16:19.145 +00:00] [INFO] [executor.go:7260] ["DDL job submitted"] [category=ddl] [job="ID:5498, Type:create schema, State:queueing, SchemaState:none, SchemaID:5497, TableID:0, RowCount:0, ArgLen:1, start time: 2026-07-13 06:16:19.103 +0000 UTC, Err:<nil>, ErrCount:0, SnapshotVersion:0, Version: v2"] [query="CREATE DATABASE ai_conflict_delete_green_once"]
[2026/07/13 06:16:19.147 +00:00] [INFO] [job_worker.go:854] ["run one job step"] [category=ddl] [jobID=5498] [conn=1222639622] [job="ID:5498, Type:create schema, State:queueing, SchemaState:none, SchemaID:5497, TableID:0, RowCount:0, ArgLen:0, start time: 2026-07-13 06:16:19.103 +0000 UTC, Err:<nil>, ErrCount:0, SnapshotVersion:0, Version: v2"]
[2026/07/13 06:16:19.153 +00:00] [INFO] [loader.go:216] ["diff load InfoSchema success"] [mode=auto] [isV2=true] [currVer=9075] [neededVer=9076] [gotVer=9076] ["elapsed time"=216.048µs] [phyTblIDs="[]"] [actionTypes="[]"] [diffTypes="[\"create schema\"]"]
[2026/07/13 06:16:19.203 +00:00] [INFO] [schema_version.go:397] ["wait schema version synced success"] [category=ddl] [ver=9076] [checkAssumedSvr=false] ["take time"=51.361598ms] [job="ID:5498, Type:create schema, State:done, SchemaState:public, SchemaID:5497, TableID:0, RowCount:0, ArgLen:1, start time: 2026-07-13 06:16:19.103 +0000 UTC, Err:<nil>, ErrCount:0, SnapshotVersion:0, Version: v2"] [summary="server count: 1"]
[2026/07/13 06:16:19.327 +00:00] [INFO] [schema_version.go:397] ["wait schema version synced success"] [category=ddl] [ver=9076] [checkAssumedSvr=false] ["take time"=122.740893ms] [job="ID:5498, Type:create schema, State:done, SchemaState:public, SchemaID:5497, TableID:0, RowCount:0, ArgLen:0, start time: 2026-07-13 06:16:19.103 +0000 UTC, Err:<nil>, ErrCount:0, SnapshotVersion:0, Version: v2"] [summary="server count: 1"]
[2026/07/13 06:16:19.335 +00:00] [INFO] [job_worker.go:447] ["finish DDL job"] [category=ddl] [jobID=5498] [conn=1222639622] [job="ID:5498, Type:create schema, State:synced, SchemaState:public, SchemaID:5497, TableID:0, RowCount:0, ArgLen:0, start time: 2026-07-13 06:16:19.103 +0000 UTC, Err:<nil>, ErrCount:0, SnapshotVersion:0, Version: v2"]
[2026/07/13 06:16:19.341 +00:00] [INFO] [executor.go:7380] ["DDL job is finished"] [category=ddl] [jobID=5498]
[2026/07/13 06:16:19.341 +00:00] [INFO] [session.go:5104] ["CRUCIAL OPERATION"] [conn=1222639622] [schemaVersion=9076] [cur_db=] [sql="CREATE DATABASE ai_conflict_delete_green_once"] [user=root@%]
[2026/07/13 06:16:19.404 +00:00] [INFO] [job_submitter.go:118] ["add DDL jobs"] [category=ddl] ["batch count"=1] [jobs="ID:5500, Type:create table, State:queueing, SchemaState:none, SchemaID:5497, TableID:5499, RowCount:0, ArgLen:1, start time: 2026-07-13 06:16:19.352 +0000 UTC, Err:<nil>, ErrCount:0, SnapshotVersion:0, Version: v2; "] [fast_create=true]
[2026/07/13 06:16:19.405 +00:00] [INFO] [executor.go:7260] ["DDL job submitted"] [category=ddl] [job="ID:5500, Type:create table, State:queueing, SchemaState:none, SchemaID:5497, TableID:5499, RowCount:0, ArgLen:1, start time: 2026-07-13 06:16:19.352 +0000 UTC, Err:<nil>, ErrCount:0, SnapshotVersion:0, Version: v2"] [query="CREATE TABLE t(id INT PRIMARY KEY CLUSTERED, u INT UNIQUE, v INT, INDEX iv(v))"]
[2026/07/13 06:16:19.407 +00:00] [INFO] [job_worker.go:854] ["run one job step"] [category=ddl] [jobID=5500] [conn=1222639622] [job="ID:5500, Type:create table, State:queueing, SchemaState:none, SchemaID:5497, TableID:5499, RowCount:0, ArgLen:0, start time: 2026-07-13 06:16:19.352 +0000 UTC, Err:<nil>, ErrCount:0, SnapshotVersion:0, Version: v2"]
[2026/07/13 06:16:19.431 +00:00] [INFO] [loader.go:216] ["diff load InfoSchema success"] [mode=auto] [isV2=true] [currVer=9076] [neededVer=9077] [gotVer=9077] ["elapsed time"=465.998µs] [phyTblIDs="[5499]"] [actionTypes="[3]"] [diffTypes="[\"create table\"]"]
[2026/07/13 06:16:19.480 +00:00] [INFO] [schema_version.go:397] ["wait schema version synced success"] [category=ddl] [ver=9077] [checkAssumedSvr=false] ["take time"=50.668288ms] [job="ID:5500, Type:create table, State:done, SchemaState:public, SchemaID:5497, TableID:5499, RowCount:0, ArgLen:1, start time: 2026-07-13 06:16:19.352 +0000 UTC, Err:<nil>, ErrCount:0, SnapshotVersion:0, Version: v2"] [summary="server count: 1"]
[2026/07/13 06:16:19.533 +00:00] [INFO] [schema_version.go:397] ["wait schema version synced success"] [category=ddl] [ver=9077] [checkAssumedSvr=false] ["take time"=50.696813ms] [job="ID:5500, Type:create table, State:done, SchemaState:public, SchemaID:5497, TableID:5499, RowCount:0, ArgLen:0, start time: 2026-07-13 06:16:19.352 +0000 UTC, Err:<nil>, ErrCount:0, SnapshotVersion:0, Version: v2"] [summary="server count: 1"]
[2026/07/13 06:16:19.534 +00:00] [INFO] [job_worker.go:447] ["finish DDL job"] [category=ddl] [jobID=5500] [conn=1222639622] [job="ID:5500, Type:create table, State:synced, SchemaState:public, SchemaID:5497, TableID:5499, RowCount:0, ArgLen:0, start time: 2026-07-13 06:16:19.352 +0000 UTC, Err:<nil>, ErrCount:0, SnapshotVersion:0, Version: v2"]
[2026/07/13 06:16:19.539 +00:00] [INFO] [executor.go:7380] ["DDL job is finished"] [category=ddl] [jobID=5500]
[2026/07/13 06:16:19.539 +00:00] [INFO] [session.go:5104] ["CRUCIAL OPERATION"] [conn=1222639622] [schemaVersion=9077] [cur_db=ai_conflict_delete_green_once] [sql="CREATE TABLE t(id INT PRIMARY KEY CLUSTERED, u INT UNIQUE, v INT, INDEX iv(v))"] [user=root@%]
[2026/07/13 06:16:19.539 +00:00] [INFO] [split_region.go:86] ["split batch regions request"] ["split key count"=1] ["batch count"=1] ["first batch, region ID"=94418] ["first split key"=74800000000000157B]
[2026/07/13 06:16:19.540 +00:00] [INFO] [split_region.go:192] ["batch split regions complete"] ["batch region ID"=94418] ["first at"=74800000000000157B] ["first new region left"="{Id:95754 StartKey:7480000000000015FF755F728000000000FF0000030000000000FB EndKey:7480000000000015FF7B00000000000000F8 RegionEpoch:{ConfVer:5 Version:5623} Peers:[id:95755 store_id:1  id:95756 store_id:4  id:95757 store_id:5 ] EncryptionMeta:<nil> IsInFlashback:false FlashbackStartTs:0}"] ["new region count"=1]
[2026/07/13 06:16:19.540 +00:00] [INFO] [split_region.go:241] ["split regions complete"] ["region count"=1] ["region IDs"="[95754]"]
[2026/07/13 06:16:23.508 +00:00] [INFO] [coprocessor.go:1915] ["[TIME_COP_WAIT] resp_time:317.980943ms txnStartTS:467644811352997893 region_id:608 store_addr:tc-tikv-2.tc-tikv-peer.testbed-tps-8220955-1-213.svc.cluster.local:20160 stats:Cop:{num_rpc:1, total_time:318ms} kv_process_ms:0 kv_wait_ms:0 kv_read_ms:0 processed_versions:0 total_versions:1 rocksdb_delete_skipped_count:0 rocksdb_key_skipped_count:0 rocksdb_cache_hit_count:3 rocksdb_read_count:0 rocksdb_read_byte:0"]
[2026/07/13 06:16:26.596 +00:00] [INFO] [store.go:277] ["succeed to get bucket region from s3"] [bucket=sorted] [prefix=import-green-once] [context=s3] [provider=] ["bucket region"=us-east-1]
[2026/07/13 06:16:26.606 +00:00] [INFO] [store.go:277] ["succeed to get bucket region from s3"] [bucket=sorted] [prefix=import-green-once] [context=s3] [provider=] ["bucket region"=us-east-1]
[2026/07/13 06:16:26.607 +00:00] [WARN] [retry.go:71] ["failed to request s3, checking whether we can retry"] [error="https response error StatusCode: 404, RequestID: 18C1C4DE553EEF73, HostID: dd9025bab4ad464b049177c95eb6ebf374d3b3fd1af9251148b658df7ac2e3e8, NoSuchKey: "] [retry=false]
[2026/07/13 06:16:26.611 +00:00] [WARN] [client.go:119] ["failed to delete object used for permission check"] [bucket=sorted] [key=import-green-once/perm-check/ad676343-9710-4c8c-a7af-549f65bc2af5] []
[2026/07/13 06:16:26.627 +00:00] [INFO] [import_into.go:225] ["get job importer"] [conn=1222639624] [session_alias=] [param="{\"file-location\":\"/tmp/ai-conflict-delete.csv\",\"format\":\"csv\",\"options\":{\"checksum_table\":\"off\",\"cloud_storage_uri\":\"s3://sorted/import-green-once?access-key=xxxxxx\\u0026endpoint=http%3A%2F%2Fai-native-minio%3A9000\\u0026force-path-style=true\\u0026region=us-east-1\\u0026secret-access-key=xxxxxx\",\"on_duplicate_key\":\"capture\",\"thread\":\"1\"}}"] [dist-task-enabled=false]
[2026/07/13 06:16:26.627 +00:00] [INFO] [table_import.go:469] ["populate chunks start"] [table=t] [executeNodesCnt=1] [totalFileSize=28]
[2026/07/13 06:16:26.627 +00:00] [INFO] [table_import.go:481] ["adjust max engine size"] [table=t] [before=536870912000] [after=28]
[2026/07/13 06:16:26.627 +00:00] [INFO] [region.go:326] [makeTableRegions] [table=t] [filesCount=1] [MaxChunkSize=268435456] [RegionsCount=1] [BatchSize=28] [cost=14.524µs]
[2026/07/13 06:16:26.627 +00:00] [INFO] [table_import.go:472] ["populate chunks completed"] [table=t] [executeNodesCnt=1] [totalFileSize=28] [subtaskCnt=2] [takeTime=41.157µs] []
[2026/07/13 06:16:26.635 +00:00] [INFO] [job_submitter.go:118] ["add DDL jobs"] [category=ddl] ["batch count"=1] [jobs="ID:5501, Type:alter table mode, State:queueing, SchemaState:none, SchemaID:5497, TableID:5499, RowCount:0, ArgLen:1, start time: 2026-07-13 06:16:26.602 +0000 UTC, Err:<nil>, ErrCount:0, SnapshotVersion:0, Version: v2; "] [fast_create=true]
[2026/07/13 06:16:26.635 +00:00] [INFO] [executor.go:7260] ["DDL job submitted"] [category=ddl] [job="ID:5501, Type:alter table mode, State:queueing, SchemaState:none, SchemaID:5497, TableID:5499, RowCount:0, ArgLen:1, start time: 2026-07-13 06:16:26.602 +0000 UTC, Err:<nil>, ErrCount:0, SnapshotVersion:0, Version: v2"] [query=skip]
[2026/07/13 06:16:26.637 +00:00] [INFO] [job_worker.go:854] ["run one job step"] [category=ddl] [jobID=5501] [job="ID:5501, Type:alter table mode, State:queueing, SchemaState:none, SchemaID:5497, TableID:5499, RowCount:0, ArgLen:0, start time: 2026-07-13 06:16:26.602 +0000 UTC, Err:<nil>, ErrCount:0, SnapshotVersion:0, Version: v2"]
[2026/07/13 06:16:26.644 +00:00] [INFO] [loader.go:216] ["diff load InfoSchema success"] [mode=auto] [isV2=true] [currVer=9077] [neededVer=9078] [gotVer=9078] ["elapsed time"=547.476µs] [phyTblIDs="[5499]"] [actionTypes="[75]"] [diffTypes="[\"alter table mode\"]"]
[2026/07/13 06:16:26.693 +00:00] [INFO] [schema_version.go:397] ["wait schema version synced success"] [category=ddl] [ver=9078] [checkAssumedSvr=false] ["take time"=50.642141ms] [job="ID:5501, Type:alter table mode, State:done, SchemaState:public, SchemaID:5497, TableID:5499, RowCount:0, ArgLen:1, start time: 2026-07-13 06:16:26.602 +0000 UTC, Err:<nil>, ErrCount:0, SnapshotVersion:0, Version: v2"] [summary="server count: 1"]
[2026/07/13 06:16:26.745 +00:00] [INFO] [schema_version.go:397] ["wait schema version synced success"] [category=ddl] [ver=9078] [checkAssumedSvr=false] ["take time"=50.49719ms] [job="ID:5501, Type:alter table mode, State:done, SchemaState:public, SchemaID:5497, TableID:5499, RowCount:0, ArgLen:0, start time: 2026-07-13 06:16:26.602 +0000 UTC, Err:<nil>, ErrCount:0, SnapshotVersion:0, Version: v2"] [summary="server count: 1"]
[2026/07/13 06:16:26.746 +00:00] [INFO] [job_worker.go:447] ["finish DDL job"] [category=ddl] [jobID=5501] [job="ID:5501, Type:alter table mode, State:synced, SchemaState:public, SchemaID:5497, TableID:5499, RowCount:0, ArgLen:0, start time: 2026-07-13 06:16:26.602 +0000 UTC, Err:<nil>, ErrCount:0, SnapshotVersion:0, Version: v2"]
[2026/07/13 06:16:26.751 +00:00] [INFO] [executor.go:7380] ["DDL job is finished"] [category=ddl] [jobID=5501]
[2026/07/13 06:16:26.766 +00:00] [INFO] [job.go:186] ["job submitted to task queue"] [job-id=150001] [task-key=ImportInto/150001] [task-id=870001] [global-sort=true] [async-prepare=false] [data-size=28B] [thread-cnt=1] [max-node-cnt=1]
[2026/07/13 06:16:26.769 +00:00] [INFO] [scheduler.go:119] ["create base scheduler"] [task-id=870001] [task-key=ImportInto/150001] [task-type=ImportInto] [allocated-slots=true]
[2026/07/13 06:16:26.769 +00:00] [INFO] [scheduler_manager.go:382] ["task scheduler started"] [task-id=870001] [task-key=ImportInto/150001]
[2026/07/13 06:16:26.769 +00:00] [INFO] [scheduler.go:132] ["schedule task"] [task-id=870001] [task-key=ImportInto/150001] [state=pending] [step=init] [requiredSlots=1] [prepare-mode=disabled]
[2026/07/13 06:16:27.270 +00:00] [INFO] [scheduler.go:493] ["switch to next step"] [task-id=870001] [task-key=ImportInto/150001] [current-step=init] [next-step=encode] [required-slots=1] [runtime-slots=1]
[2026/07/13 06:16:27.271 +00:00] [INFO] [scheduler.go:527] ["eligible instances"] [task-id=870001] [task-key=ImportInto/150001] [num=1]
[2026/07/13 06:16:27.271 +00:00] [INFO] [scheduler.go:410] ["on next subtasks batch"] [task-id=870001] [task-key=ImportInto/150001] [curr-step=init] [next-step=encode] [node-count=1] [db-name=ai_conflict_delete_green_once] [table-name=t] [db-id=5497] [table-id=5499]
[2026/07/13 06:16:27.276 +00:00] [INFO] [store.go:277] ["succeed to get bucket region from s3"] [bucket=sorted] [prefix=import-green-once] [context=s3] [provider=] ["bucket region"=us-east-1]
[2026/07/13 06:16:27.278 +00:00] [INFO] [scheduler.go:541] ["generate subtasks"] [task-id=870001] [task-key=ImportInto/150001] [curr-step=init] [next-step=encode] [node-count=1] [db-name=ai_conflict_delete_green_once] [table-name=t] [db-id=5497] [table-id=5499] [subtask-count=1]
[2026/07/13 06:16:27.278 +00:00] [INFO] [scheduler.go:553] ["schedule subtasks"] [task-id=870001] [task-key=ImportInto/150001] [state=pending] [step=encode] [requiredSlots=1] [subtasks=1]
[2026/07/13 06:16:27.449 +00:00] [INFO] [manager.go:362] ["task executor started"] [task-id=870001] [task-key=ImportInto/150001] [type=ImportInto] [required-slots=1] [runtime-slots=1] [node-remaining-slots=0]
[2026/07/13 06:16:27.752 +00:00] [INFO] [task_executor.go:910] ["got indices that generate kv"] [task-id=870001] [task-key=ImportInto/150001] [step=encode] [indices="{\"1\":{\"Unique\":false},\"2\":{\"Unique\":true}}"]
[2026/07/13 06:16:27.752 +00:00] [INFO] [task_executor.go:132] ["init subtask env"] [task-id=870001] [task-key=ImportInto/150001] [step=encode]
[2026/07/13 06:16:27.753 +00:00] [INFO] [store.go:277] ["succeed to get bucket region from s3"] [bucket=sorted] [prefix=import-green-once] [context=s3] [provider=] ["bucket region"=us-east-1]
[2026/07/13 06:16:27.753 +00:00] [INFO] [table_import.go:139] ["import dir not exists, create it"] [task-id=870001] [task-key=ImportInto/150001] [step=encode] [import_dir=/tmp/tidb-ai-conflict-green-once-tmp/import-14002]
[2026/07/13 06:16:27.759 +00:00] [INFO] [local.go:770] ["multi ingest support"] [task-id=870001] [task-key=ImportInto/150001]
[2026/07/13 06:16:27.759 +00:00] [INFO] [local.go:792] ["TiKV server side free space check is enabled, so lightning will turn it off"] [task-id=870001] [task-key=ImportInto/150001]
[2026/07/13 06:16:27.759 +00:00] [INFO] [table_import.go:822] ["use 0.8 of the storage size as default disk quota"] [task-id=870001] [task-key=ImportInto/150001] [step=encode] [quota=374.2GB]
[2026/07/13 06:16:27.759 +00:00] [INFO] [task_executor.go:166] ["KV writer memory buf info"] [task-id=870001] [task-key=ImportInto/150001] [step=encode] [data-buf-limit=150MiB] [per-index-buf-limit=50MiB] [data-buf-block-size=150MiB] [index-buf-block-size=50MiB]
[2026/07/13 06:16:27.759 +00:00] [INFO] [task_executor.go:434] ["execute task step start"] [task-id=870001] [task-key=ImportInto/150001] [step=encode] [mem-limit-percent=0.7] [server-mem-limit=512MB] [resource="[CPU=1, Mem=500MiB]"]
[2026/07/13 06:16:27.762 +00:00] [INFO] [task_executor.go:497] ["run subtask start"] [task-id=870001] [task-key=ImportInto/150001] [subtaskID=870001] [step=encode]
[2026/07/13 06:16:27.762 +00:00] [INFO] [task_executor.go:233] ["run subtask start"] [task-id=870001] [task-key=ImportInto/150001] [step=encode] [subtask-id=870001]
[2026/07/13 06:16:27.764 +00:00] [INFO] [store.go:277] ["succeed to get bucket region from s3"] [bucket=sorted] [prefix=import-green-once] [context=s3] [provider=] ["bucket region"=us-east-1]
[2026/07/13 06:16:27.765 +00:00] [INFO] [chunk_process.go:403] ["process chunk start"] [task-id=870001] [task-key=ImportInto/150001] [step=encode] [subtask-id=870001] [key=ai-conflict-delete.csv:0]
[2026/07/13 06:16:27.933 +00:00] [INFO] [chunk_process.go:407] ["process chunk completed"] [task-id=870001] [task-key=ImportInto/150001] [step=encode] [subtask-id=870001] [key=ai-conflict-delete.csv:0] [readDur=236.759µs] [encodeDur=310.072µs] [checksum="{cksum=3140367543589849936,size=428,kvs=12}"] [deliverDur=166.138355ms] [type=file] [takeTime=167.536171ms] []
[2026/07/13 06:16:28.233 +00:00] [INFO] [writer.go:767] ["flush sorted kv"] [task-id=870001] [task-key=ImportInto/150001] [subtaskID=870001] [step=encode] [writer-id=data/8b5983e2-f3b3-4a6a-aee3-dce3108a92ac] [sequence-number=0] [bytes=196] [stat-size=74] [write-time=300.494476ms] [write-speed(bytes/s)=652.3B]
[2026/07/13 06:16:28.233 +00:00] [INFO] [writer.go:642] ["flush kv"] [task-id=870001] [task-key=ImportInto/150001] [subtaskID=870001] [step=encode] [writer-id=data/8b5983e2-f3b3-4a6a-aee3-dce3108a92ac] [sequence-number=0] [bytes=196] [kv-cnt=4] [sort-time=1.486µs] [write-time=300.552127ms] [sort-speed(kv/s)=2691790.0404] [writer-id=data/8b5983e2-f3b3-4a6a-aee3-dce3108a92ac] [on-dup=record] [dup-cnt=2] [recorded-dup-cnt=0]
[2026/07/13 06:16:28.233 +00:00] [INFO] [writer.go:535] ["close writer"] [task-id=870001] [task-key=ImportInto/150001] [subtaskID=870001] [step=encode] [writerID=data/8b5983e2-f3b3-4a6a-aee3-dce3108a92ac] [kv-cnt-cap=4] [minKey=74800000000000157b5f728000000000000001] [maxKey=74800000000000157b5f728000000000000003] [kv-file-count=1] [dup-file-count=0] [total-size=132B] [total-kv-cnt=4]
[2026/07/13 06:16:28.238 +00:00] [INFO] [writer.go:767] ["flush sorted kv"] [task-id=870001] [task-key=ImportInto/150001] [subtaskID=870001] [step=encode] [writer-id=index/1/8b5983e2-f3b3-4a6a-aee3-dce3108a92ac] [sequence-number=0] [bytes=216] [stat-size=110] [write-time=4.458081ms] [write-speed(bytes/s)=47.32KiB]
[2026/07/13 06:16:28.238 +00:00] [INFO] [writer.go:642] ["flush kv"] [task-id=870001] [task-key=ImportInto/150001] [subtaskID=870001] [step=encode] [writer-id=index/1/8b5983e2-f3b3-4a6a-aee3-dce3108a92ac] [sequence-number=0] [bytes=216] [kv-cnt=4] [sort-time=1.062µs] [write-time=4.489317ms] [sort-speed(kv/s)=3766478.3427] [writer-id=index/1/8b5983e2-f3b3-4a6a-aee3-dce3108a92ac] [on-dup=remove] [dup-cnt=2] [recorded-dup-cnt=0]
[2026/07/13 06:16:28.238 +00:00] [INFO] [writer.go:535] ["close writer"] [task-id=870001] [task-key=ImportInto/150001] [subtaskID=870001] [step=encode] [writerID=index/1/8b5983e2-f3b3-4a6a-aee3-dce3108a92ac] [kv-cnt-cap=4] [minKey=74800000000000157b5f698000000000000001038000000000000014038000000000000002] [maxKey=74800000000000157b5f69800000000000000103800000000000001e038000000000000003] [kv-file-count=1] [dup-file-count=0] [total-size=76B] [total-kv-cnt=2]
[2026/07/13 06:16:28.238 +00:00] [INFO] [scheduler.go:116] ["register task to pd or refresh lease success"] [task-id=870001] [task-key=ImportInto/150001]
[2026/07/13 06:16:28.243 +00:00] [INFO] [writer.go:767] ["flush sorted kv"] [task-id=870001] [task-key=ImportInto/150001] [subtaskID=870001] [step=encode] [writer-id=index/2/8b5983e2-f3b3-4a6a-aee3-dce3108a92ac] [sequence-number=0] [bytes=208] [stat-size=92] [write-time=5.14371ms] [write-speed(bytes/s)=39.49KiB]
[2026/07/13 06:16:28.243 +00:00] [INFO] [writer.go:642] ["flush kv"] [task-id=870001] [task-key=ImportInto/150001] [subtaskID=870001] [step=encode] [writer-id=index/2/8b5983e2-f3b3-4a6a-aee3-dce3108a92ac] [sequence-number=0] [bytes=208] [kv-cnt=4] [sort-time=783ns] [write-time=5.174464ms] [sort-speed(kv/s)=5108556.8327] [writer-id=index/2/8b5983e2-f3b3-4a6a-aee3-dce3108a92ac] [on-dup=record] [dup-cnt=3] [recorded-dup-cnt=1]
[2026/07/13 06:16:28.243 +00:00] [INFO] [writer.go:535] ["close writer"] [task-id=870001] [task-key=ImportInto/150001] [subtaskID=870001] [step=encode] [writerID=index/2/8b5983e2-f3b3-4a6a-aee3-dce3108a92ac] [kv-cnt-cap=4] [minKey=74800000000000157b5f698000000000000002038000000000000001] [maxKey=74800000000000157b5f698000000000000002038000000000000003] [kv-file-count=1] [dup-file-count=1] [total-size=108B] [total-kv-cnt=3]
[2026/07/13 06:16:28.243 +00:00] [INFO] [task_executor.go:360] ["on subtask finished"] [task-id=870001] [task-key=ImportInto/150001] [step=encode] [engine-id=0]
[2026/07/13 06:16:28.245 +00:00] [INFO] [task_executor.go:240] ["run subtask completed"] [task-id=870001] [task-key=ImportInto/150001] [step=encode] [subtask-id=870001] [data-kv-files=1] [index-kv-files=2] [obj-store-access="{requests: {get: 2, put: 8}, traffic: {r: 235, w: 2408}}"] [takeTime=482.16231ms] []
[2026/07/13 06:16:28.248 +00:00] [INFO] [task_executor.go:526] ["run subtask completed"] [task-id=870001] [task-key=ImportInto/150001] [subtaskID=870001] [step=encode] [takeTime=485.360575ms] []
[2026/07/13 06:16:28.327 +00:00] [INFO] [scheduler.go:493] ["switch to next step"] [task-id=870001] [task-key=ImportInto/150001] [current-step=encode] [next-step=merge-sort] [required-slots=1] [runtime-slots=1]
[2026/07/13 06:16:28.328 +00:00] [INFO] [scheduler.go:527] ["eligible instances"] [task-id=870001] [task-key=ImportInto/150001] [num=1]
[2026/07/13 06:16:28.328 +00:00] [INFO] [scheduler.go:410] ["on next subtasks batch"] [task-id=870001] [task-key=ImportInto/150001] [curr-step=encode] [next-step=merge-sort] [node-count=1] [db-name=ai_conflict_delete_green_once] [table-name=t] [db-id=5497] [table-id=5499]
[2026/07/13 06:16:28.331 +00:00] [INFO] [store.go:277] ["succeed to get bucket region from s3"] [bucket=sorted] [prefix=import-green-once] [context=s3] [provider=] ["bucket region"=us-east-1]
[2026/07/13 06:16:28.332 +00:00] [INFO] [planner.go:468] ["skip merge sort for kv group"] [task-id=870001] [task-key=ImportInto/150001] [task-id=870001] [kv-group=data]
[2026/07/13 06:16:28.332 +00:00] [INFO] [planner.go:468] ["skip merge sort for kv group"] [task-id=870001] [task-key=ImportInto/150001] [task-id=870001] [kv-group=2]
[2026/07/13 06:16:28.332 +00:00] [INFO] [planner.go:468] ["skip merge sort for kv group"] [task-id=870001] [task-key=ImportInto/150001] [task-id=870001] [kv-group=1]
[2026/07/13 06:16:28.333 +00:00] [INFO] [store.go:277] ["succeed to get bucket region from s3"] [bucket=sorted] [prefix=import-green-once] [context=s3] [provider=] ["bucket region"=us-east-1]
[2026/07/13 06:16:28.333 +00:00] [INFO] [scheduler.go:541] ["generate subtasks"] [task-id=870001] [task-key=ImportInto/150001] [curr-step=encode] [next-step=merge-sort] [node-count=1] [db-name=ai_conflict_delete_green_once] [table-name=t] [db-id=5497] [table-id=5499] [subtask-count=0]
[2026/07/13 06:16:28.333 +00:00] [INFO] [scheduler.go:553] ["schedule subtasks"] [task-id=870001] [task-key=ImportInto/150001] [state=running] [step=merge-sort] [requiredSlots=1] [subtasks=0]
[2026/07/13 06:16:28.446 +00:00] [WARN] [memoryusagealarm.go:270] ["tidb-server has the risk of OOM because of memory usage exceeds alarm ratio. Running profiles will be recorded in record path"] ["is tidb-server_memory_limit set"=true] [tidb-server_memory_limit=536870912] ["tidb-server memory usage"=391946624] [memory-usage-alarm-ratio=0.7] ["record path"=/tmp/oom_record]
[2026/07/13 06:16:28.746 +00:00] [WARN] [memoryusagealarm.go:270] ["tidb-server has the risk of OOM because of memory usage grows too fast. Running profiles will be recorded in record path"] ["is tidb-server_memory_limit set"=true] [tidb-server_memory_limit=536870912] ["tidb-server memory usage"=464506576] [memory-usage-alarm-ratio=0.7] ["record path"=/tmp/oom_record]
[2026/07/13 06:16:28.929 +00:00] [INFO] [scheduler.go:493] ["switch to next step"] [task-id=870001] [task-key=ImportInto/150001] [current-step=merge-sort] [next-step=ingest] [required-slots=1] [runtime-slots=1]
[2026/07/13 06:16:28.929 +00:00] [INFO] [scheduler.go:527] ["eligible instances"] [task-id=870001] [task-key=ImportInto/150001] [num=1]
[2026/07/13 06:16:28.930 +00:00] [INFO] [scheduler.go:410] ["on next subtasks batch"] [task-id=870001] [task-key=ImportInto/150001] [curr-step=merge-sort] [next-step=ingest] [node-count=1] [db-name=ai_conflict_delete_green_once] [table-name=t] [db-id=5497] [table-id=5499]
[2026/07/13 06:16:28.939 +00:00] [INFO] [store.go:277] ["succeed to get bucket region from s3"] [bucket=sorted] [prefix=import-green-once] [context=s3] [provider=] ["bucket region"=us-east-1]
[2026/07/13 06:16:28.943 +00:00] [INFO] [service_discovery.go:1004] ["[pd] update member urls"] [old-sorted-urls="[http://tc-pd:2379]"] [new-sorted-urls="[http://tc-pd-0.tc-pd-peer.testbed-tps-8220955-1-213.svc.cluster.local:2379]"]
[2026/07/13 06:16:28.943 +00:00] [INFO] [service_discovery.go:1023] ["[pd] switch leader"] [new-leader=http://tc-pd-0.tc-pd-peer.testbed-tps-8220955-1-213.svc.cluster.local:2379] [old-leader=]
[2026/07/13 06:16:28.943 +00:00] [INFO] [service_discovery.go:502] ["[pd] init cluster id"] [cluster-id=7660458574147744569]
[2026/07/13 06:16:28.944 +00:00] [INFO] [client.go:210] ["[tso] switch the tso leader serving url"] [new-url=http://tc-pd-0.tc-pd-peer.testbed-tps-8220955-1-213.svc.cluster.local:2379]
[2026/07/13 06:16:28.944 +00:00] [INFO] [inner_client.go:173] ["[pd] tso provider changed to pd"]
[2026/07/13 06:16:28.944 +00:00] [INFO] [watcher.go:56] ["[pd] start the deadline watcher"] [source=tso]
[2026/07/13 06:16:28.944 +00:00] [INFO] [dispatcher.go:147] ["[tso] tso dispatcher created"]
[2026/07/13 06:16:28.944 +00:00] [INFO] [dispatcher.go:594] ["[tso] switching tso rpc concurrency"] [old=0] [new=1]
[2026/07/13 06:16:28.944 +00:00] [INFO] [client.go:247] ["[tso] start tso connection contexts updater"]
[2026/07/13 06:16:28.945 +00:00] [INFO] [inner_client.go:154] ["[pd] service mode changed"] [new-mode=PD_SVC_MODE]
[2026/07/13 06:16:28.945 +00:00] [INFO] [router_service_discovery.go:151] ["[router service] created router service discovery"] [cluster-id=7660458574147744569] [keyspace-id=4294967295] [default-discovery-key=/ms/7660458574147744569/router/registry/]
[2026/07/13 06:16:28.945 +00:00] [INFO] [router_service_discovery.go:163] ["[router service] initializing router service discovery"] [max-retry-times=100] [retry-interval=1s]
[2026/07/13 06:16:28.946 +00:00] [INFO] [router_service_discovery.go:249] ["[router service] update member sorted urls"] [new-sorted-urls="[]"]
[2026/07/13 06:16:28.946 +00:00] [INFO] [router_service_discovery.go:234] ["[router service] updating nodes succeeded"] [urls="[]"] [clients-length=0]
[2026/07/13 06:16:28.946 +00:00] [INFO] [inner_client.go:91] ["[pd] start router client initializer"]
[2026/07/13 06:16:28.946 +00:00] [INFO] [client.go:417] ["[router] connection daemon is started"]
[2026/07/13 06:16:28.946 +00:00] [INFO] [client.go:502] ["[router] successfully established the leader router stream connection"] [url=http://tc-pd-0.tc-pd-peer.testbed-tps-8220955-1-213.svc.cluster.local:2379]
[2026/07/13 06:16:28.946 +00:00] [INFO] [client.go:578] ["[router] dispatcher is started"]
[2026/07/13 06:16:28.948 +00:00] [INFO] [inner_client.go:96] ["[pd] exit router client initializer"]
[2026/07/13 06:16:28.948 +00:00] [INFO] [client.go:423] ["[router] connection daemon is exiting"]
[2026/07/13 06:16:28.948 +00:00] [INFO] [client.go:599] ["[router] stop fetching the pending router requests due to context canceled"]
[2026/07/13 06:16:28.948 +00:00] [INFO] [client.go:580] ["[router] dispatcher is exiting"]
[2026/07/13 06:16:28.948 +00:00] [INFO] [client.go:585] ["[router] dispatcher exited"]
[2026/07/13 06:16:28.948 +00:00] [INFO] [dispatcher.go:208] ["[tso] stop fetching the pending tso requests due to context canceled"]
[2026/07/13 06:16:28.948 +00:00] [INFO] [dispatcher.go:150] ["[tso] exit tso dispatcher"]
[2026/07/13 06:16:28.948 +00:00] [INFO] [watcher.go:73] ["[pd] exit the deadline watcher"] [source=tso]
[2026/07/13 06:16:28.948 +00:00] [INFO] [client.go:273] ["[tso] exit tso connection contexts updater"]
[2026/07/13 06:16:28.948 +00:00] [INFO] [stream.go:360] ["tsoStream.recvLoop ended"] [stream=tc-pd-0.tc-pd-peer.testbed-tps-8220955-1-213.svc.cluster.local:2379-3] [error="rpc error: code = Canceled desc = context canceled"]
[2026/07/13 06:16:28.948 +00:00] [INFO] [resource_manager_client.go:341] ["[resource manager] exit resource token dispatcher"]
[2026/07/13 06:16:28.948 +00:00] [INFO] [router_service_discovery.go:304] ["[router service] exit health check member loop"]
[2026/07/13 06:16:28.948 +00:00] [INFO] [router_service_discovery.go:262] ["[router service] exit check member loop"]
[2026/07/13 06:16:28.948 +00:00] [INFO] [service_discovery.go:555] ["[pd] exit member loop due to context canceled"]
[2026/07/13 06:16:28.948 +00:00] [INFO] [router_service_discovery.go:276] ["[router service] closing router service discovery"]
[2026/07/13 06:16:28.948 +00:00] [INFO] [router_service_discovery.go:292] ["[router service] is closed"]
[2026/07/13 06:16:28.948 +00:00] [INFO] [client.go:155] ["[tso] closing tso client"]
[2026/07/13 06:16:28.948 +00:00] [INFO] [client.go:160] ["[tso] close tso client"]
[2026/07/13 06:16:28.948 +00:00] [INFO] [client.go:162] ["[tso] tso client is closed"]
[2026/07/13 06:16:28.948 +00:00] [INFO] [service_discovery.go:646] ["[pd] close service discovery client"]
[2026/07/13 06:16:28.948 +00:00] [INFO] [inner_client.go:275] ["[pd] close client successfully"]
[2026/07/13 06:16:28.948 +00:00] [INFO] [planner.go:739] ["split kv range with split size and keys"] [task-id=870001] [task-key=ImportInto/150001] [region-split-size=256000000] [region-split-keys=2560000] [range-size=64000001] [range-keys=640000]
[2026/07/13 06:16:28.948 +00:00] [INFO] [split.go:132] ["create range splitter"] [task-id=870001] [task-key=ImportInto/150001] [rangesGroupSize=107374182400] [rangesGroupKeyCnt=9223372036854775807] [rangeJobSize=64000001] [rangeJobKeyCnt=640000] [regionSplitSize=256000000] [regionSplitKeyCnt=2560000]
[2026/07/13 06:16:28.949 +00:00] [INFO] [planner.go:635] ["kv range split summary"] [task-id=870001] [task-key=ImportInto/150001] [kvGroup=data] [subtasks=1] [dataFiles=1] [rangeJobKeys=0] [regionSplitKeys=0]
[2026/07/13 06:16:28.949 +00:00] [INFO] [split.go:172] ["close range splitter"] [task-id=870001] [task-key=ImportInto/150001]
[2026/07/13 06:16:29.026 +00:00] [INFO] [service_discovery.go:1004] ["[pd] update member urls"] [old-sorted-urls="[http://tc-pd:2379]"] [new-sorted-urls="[http://tc-pd-0.tc-pd-peer.testbed-tps-8220955-1-213.svc.cluster.local:2379]"]
[2026/07/13 06:16:29.026 +00:00] [INFO] [service_discovery.go:1023] ["[pd] switch leader"] [new-leader=http://tc-pd-0.tc-pd-peer.testbed-tps-8220955-1-213.svc.cluster.local:2379] [old-leader=]
[2026/07/13 06:16:29.026 +00:00] [INFO] [service_discovery.go:502] ["[pd] init cluster id"] [cluster-id=7660458574147744569]
[2026/07/13 06:16:29.027 +00:00] [INFO] [client.go:210] ["[tso] switch the tso leader serving url"] [new-url=http://tc-pd-0.tc-pd-peer.testbed-tps-8220955-1-213.svc.cluster.local:2379]
[2026/07/13 06:16:29.027 +00:00] [INFO] [inner_client.go:173] ["[pd] tso provider changed to pd"]
[2026/07/13 06:16:29.027 +00:00] [INFO] [watcher.go:56] ["[pd] start the deadline watcher"] [source=tso]
[2026/07/13 06:16:29.027 +00:00] [INFO] [dispatcher.go:147] ["[tso] tso dispatcher created"]
[2026/07/13 06:16:29.027 +00:00] [INFO] [dispatcher.go:594] ["[tso] switching tso rpc concurrency"] [old=0] [new=1]
[2026/07/13 06:16:29.027 +00:00] [INFO] [client.go:247] ["[tso] start tso connection contexts updater"]
[2026/07/13 06:16:29.028 +00:00] [INFO] [inner_client.go:154] ["[pd] service mode changed"] [new-mode=PD_SVC_MODE]
[2026/07/13 06:16:29.028 +00:00] [INFO] [router_service_discovery.go:151] ["[router service] created router service discovery"] [cluster-id=7660458574147744569] [keyspace-id=4294967295] [default-discovery-key=/ms/7660458574147744569/router/registry/]
[2026/07/13 06:16:29.028 +00:00] [INFO] [router_service_discovery.go:163] ["[router service] initializing router service discovery"] [max-retry-times=100] [retry-interval=1s]
[2026/07/13 06:16:29.028 +00:00] [INFO] [router_service_discovery.go:249] ["[router service] update member sorted urls"] [new-sorted-urls="[]"]
[2026/07/13 06:16:29.028 +00:00] [INFO] [router_service_discovery.go:234] ["[router service] updating nodes succeeded"] [urls="[]"] [clients-length=0]
[2026/07/13 06:16:29.028 +00:00] [INFO] [inner_client.go:91] ["[pd] start router client initializer"]
[2026/07/13 06:16:29.028 +00:00] [INFO] [client.go:417] ["[router] connection daemon is started"]
[2026/07/13 06:16:29.028 +00:00] [INFO] [client.go:502] ["[router] successfully established the leader router stream connection"] [url=http://tc-pd-0.tc-pd-peer.testbed-tps-8220955-1-213.svc.cluster.local:2379]
[2026/07/13 06:16:29.028 +00:00] [INFO] [client.go:578] ["[router] dispatcher is started"]
[2026/07/13 06:16:29.030 +00:00] [INFO] [router_service_discovery.go:262] ["[router service] exit check member loop"]
[2026/07/13 06:16:29.030 +00:00] [INFO] [inner_client.go:96] ["[pd] exit router client initializer"]
[2026/07/13 06:16:29.030 +00:00] [INFO] [service_discovery.go:555] ["[pd] exit member loop due to context canceled"]
[2026/07/13 06:16:29.030 +00:00] [INFO] [client.go:423] ["[router] connection daemon is exiting"]
[2026/07/13 06:16:29.030 +00:00] [INFO] [client.go:599] ["[router] stop fetching the pending router requests due to context canceled"]
[2026/07/13 06:16:29.030 +00:00] [INFO] [client.go:580] ["[router] dispatcher is exiting"]
[2026/07/13 06:16:29.030 +00:00] [INFO] [client.go:585] ["[router] dispatcher exited"]
[2026/07/13 06:16:29.030 +00:00] [INFO] [dispatcher.go:208] ["[tso] stop fetching the pending tso requests due to context canceled"]
[2026/07/13 06:16:29.030 +00:00] [INFO] [dispatcher.go:150] ["[tso] exit tso dispatcher"]
[2026/07/13 06:16:29.030 +00:00] [INFO] [watcher.go:73] ["[pd] exit the deadline watcher"] [source=tso]
[2026/07/13 06:16:29.030 +00:00] [INFO] [client.go:273] ["[tso] exit tso connection contexts updater"]
[2026/07/13 06:16:29.030 +00:00] [INFO] [stream.go:360] ["tsoStream.recvLoop ended"] [stream=tc-pd-0.tc-pd-peer.testbed-tps-8220955-1-213.svc.cluster.local:2379-4] [error="rpc error: code = Canceled desc = context canceled"]
[2026/07/13 06:16:29.030 +00:00] [INFO] [resource_manager_client.go:341] ["[resource manager] exit resource token dispatcher"]
[2026/07/13 06:16:29.030 +00:00] [INFO] [router_service_discovery.go:276] ["[router service] closing router service discovery"]
[2026/07/13 06:16:29.030 +00:00] [INFO] [router_service_discovery.go:304] ["[router service] exit health check member loop"]
[2026/07/13 06:16:29.030 +00:00] [INFO] [router_service_discovery.go:292] ["[router service] is closed"]
[2026/07/13 06:16:29.030 +00:00] [INFO] [client.go:155] ["[tso] closing tso client"]
[2026/07/13 06:16:29.030 +00:00] [INFO] [client.go:160] ["[tso] close tso client"]
[2026/07/13 06:16:29.030 +00:00] [INFO] [client.go:162] ["[tso] tso client is closed"]
[2026/07/13 06:16:29.030 +00:00] [INFO] [service_discovery.go:646] ["[pd] close service discovery client"]
[2026/07/13 06:16:29.030 +00:00] [INFO] [inner_client.go:275] ["[pd] close client successfully"]
[2026/07/13 06:16:29.030 +00:00] [INFO] [planner.go:739] ["split kv range with split size and keys"] [task-id=870001] [task-key=ImportInto/150001] [region-split-size=256000000] [region-split-keys=2560000] [range-size=64000001] [range-keys=640000]
[2026/07/13 06:16:29.030 +00:00] [INFO] [split.go:132] ["create range splitter"] [task-id=870001] [task-key=ImportInto/150001] [rangesGroupSize=107374182400] [rangesGroupKeyCnt=9223372036854775807] [rangeJobSize=64000001] [rangeJobKeyCnt=640000] [regionSplitSize=256000000] [regionSplitKeyCnt=2560000]
[2026/07/13 06:16:29.032 +00:00] [INFO] [planner.go:635] ["kv range split summary"] [task-id=870001] [task-key=ImportInto/150001] [kvGroup=1] [subtasks=1] [dataFiles=1] [rangeJobKeys=0] [regionSplitKeys=0]
[2026/07/13 06:16:29.032 +00:00] [INFO] [split.go:172] ["close range splitter"] [task-id=870001] [task-key=ImportInto/150001]
[2026/07/13 06:16:29.033 +00:00] [INFO] [service_discovery.go:1004] ["[pd] update member urls"] [old-sorted-urls="[http://tc-pd:2379]"] [new-sorted-urls="[http://tc-pd-0.tc-pd-peer.testbed-tps-8220955-1-213.svc.cluster.local:2379]"]
[2026/07/13 06:16:29.033 +00:00] [INFO] [service_discovery.go:1023] ["[pd] switch leader"] [new-leader=http://tc-pd-0.tc-pd-peer.testbed-tps-8220955-1-213.svc.cluster.local:2379] [old-leader=]
[2026/07/13 06:16:29.033 +00:00] [INFO] [service_discovery.go:502] ["[pd] init cluster id"] [cluster-id=7660458574147744569]
[2026/07/13 06:16:29.034 +00:00] [INFO] [client.go:210] ["[tso] switch the tso leader serving url"] [new-url=http://tc-pd-0.tc-pd-peer.testbed-tps-8220955-1-213.svc.cluster.local:2379]
[2026/07/13 06:16:29.034 +00:00] [INFO] [inner_client.go:173] ["[pd] tso provider changed to pd"]
[2026/07/13 06:16:29.034 +00:00] [INFO] [watcher.go:56] ["[pd] start the deadline watcher"] [source=tso]
[2026/07/13 06:16:29.034 +00:00] [INFO] [dispatcher.go:147] ["[tso] tso dispatcher created"]
[2026/07/13 06:16:29.034 +00:00] [INFO] [dispatcher.go:594] ["[tso] switching tso rpc concurrency"] [old=0] [new=1]
[2026/07/13 06:16:29.034 +00:00] [INFO] [client.go:247] ["[tso] start tso connection contexts updater"]
[2026/07/13 06:16:29.035 +00:00] [INFO] [inner_client.go:154] ["[pd] service mode changed"] [new-mode=PD_SVC_MODE]
[2026/07/13 06:16:29.035 +00:00] [INFO] [router_service_discovery.go:151] ["[router service] created router service discovery"] [cluster-id=7660458574147744569] [keyspace-id=4294967295] [default-discovery-key=/ms/7660458574147744569/router/registry/]
[2026/07/13 06:16:29.035 +00:00] [INFO] [router_service_discovery.go:163] ["[router service] initializing router service discovery"] [max-retry-times=100] [retry-interval=1s]
[2026/07/13 06:16:29.035 +00:00] [INFO] [router_service_discovery.go:249] ["[router service] update member sorted urls"] [new-sorted-urls="[]"]
[2026/07/13 06:16:29.035 +00:00] [INFO] [router_service_discovery.go:234] ["[router service] updating nodes succeeded"] [urls="[]"] [clients-length=0]
[2026/07/13 06:16:29.035 +00:00] [INFO] [inner_client.go:91] ["[pd] start router client initializer"]
[2026/07/13 06:16:29.035 +00:00] [INFO] [client.go:417] ["[router] connection daemon is started"]
[2026/07/13 06:16:29.035 +00:00] [INFO] [client.go:502] ["[router] successfully established the leader router stream connection"] [url=http://tc-pd-0.tc-pd-peer.testbed-tps-8220955-1-213.svc.cluster.local:2379]
[2026/07/13 06:16:29.035 +00:00] [INFO] [client.go:578] ["[router] dispatcher is started"]
[2026/07/13 06:16:29.037 +00:00] [INFO] [inner_client.go:96] ["[pd] exit router client initializer"]
[2026/07/13 06:16:29.037 +00:00] [INFO] [dispatcher.go:208] ["[tso] stop fetching the pending tso requests due to context canceled"]
[2026/07/13 06:16:29.037 +00:00] [INFO] [dispatcher.go:150] ["[tso] exit tso dispatcher"]
[2026/07/13 06:16:29.037 +00:00] [INFO] [watcher.go:73] ["[pd] exit the deadline watcher"] [source=tso]
[2026/07/13 06:16:29.037 +00:00] [INFO] [client.go:273] ["[tso] exit tso connection contexts updater"]
[2026/07/13 06:16:29.037 +00:00] [INFO] [stream.go:360] ["tsoStream.recvLoop ended"] [stream=tc-pd-0.tc-pd-peer.testbed-tps-8220955-1-213.svc.cluster.local:2379-5] [error="rpc error: code = Canceled desc = context canceled"]
[2026/07/13 06:16:29.037 +00:00] [INFO] [resource_manager_client.go:341] ["[resource manager] exit resource token dispatcher"]
[2026/07/13 06:16:29.037 +00:00] [INFO] [router_service_discovery.go:304] ["[router service] exit health check member loop"]
[2026/07/13 06:16:29.037 +00:00] [INFO] [router_service_discovery.go:262] ["[router service] exit check member loop"]
[2026/07/13 06:16:29.037 +00:00] [INFO] [service_discovery.go:555] ["[pd] exit member loop due to context canceled"]
[2026/07/13 06:16:29.037 +00:00] [INFO] [router_service_discovery.go:276] ["[router service] closing router service discovery"]
[2026/07/13 06:16:29.037 +00:00] [INFO] [router_service_discovery.go:292] ["[router service] is closed"]
[2026/07/13 06:16:29.037 +00:00] [INFO] [client.go:155] ["[tso] closing tso client"]
[2026/07/13 06:16:29.037 +00:00] [INFO] [client.go:160] ["[tso] close tso client"]
[2026/07/13 06:16:29.037 +00:00] [INFO] [client.go:162] ["[tso] tso client is closed"]
[2026/07/13 06:16:29.037 +00:00] [INFO] [service_discovery.go:646] ["[pd] close service discovery client"]
[2026/07/13 06:16:29.037 +00:00] [INFO] [client.go:423] ["[router] connection daemon is exiting"]
[2026/07/13 06:16:29.037 +00:00] [INFO] [client.go:599] ["[router] stop fetching the pending router requests due to context canceled"]
[2026/07/13 06:16:29.037 +00:00] [INFO] [client.go:580] ["[router] dispatcher is exiting"]
[2026/07/13 06:16:29.037 +00:00] [INFO] [client.go:585] ["[router] dispatcher exited"]
[2026/07/13 06:16:29.037 +00:00] [INFO] [inner_client.go:275] ["[pd] close client successfully"]
[2026/07/13 06:16:29.037 +00:00] [INFO] [planner.go:739] ["split kv range with split size and keys"] [task-id=870001] [task-key=ImportInto/150001] [region-split-size=256000000] [region-split-keys=2560000] [range-size=64000001] [range-keys=640000]
[2026/07/13 06:16:29.037 +00:00] [INFO] [split.go:132] ["create range splitter"] [task-id=870001] [task-key=ImportInto/150001] [rangesGroupSize=107374182400] [rangesGroupKeyCnt=9223372036854775807] [rangeJobSize=64000001] [rangeJobKeyCnt=640000] [regionSplitSize=256000000] [regionSplitKeyCnt=2560000]
[2026/07/13 06:16:29.038 +00:00] [INFO] [planner.go:635] ["kv range split summary"] [task-id=870001] [task-key=ImportInto/150001] [kvGroup=2] [subtasks=1] [dataFiles=1] [rangeJobKeys=0] [regionSplitKeys=0]
[2026/07/13 06:16:29.038 +00:00] [INFO] [split.go:172] ["close range splitter"] [task-id=870001] [task-key=ImportInto/150001]
[2026/07/13 06:16:29.040 +00:00] [INFO] [store.go:277] ["succeed to get bucket region from s3"] [bucket=sorted] [prefix=import-green-once] [context=s3] [provider=] ["bucket region"=us-east-1]
[2026/07/13 06:16:29.044 +00:00] [INFO] [scheduler.go:541] ["generate subtasks"] [task-id=870001] [task-key=ImportInto/150001] [curr-step=merge-sort] [next-step=ingest] [node-count=1] [db-name=ai_conflict_delete_green_once] [table-name=t] [db-id=5497] [table-id=5499] [subtask-count=3]
[2026/07/13 06:16:29.044 +00:00] [INFO] [scheduler.go:553] ["schedule subtasks"] [task-id=870001] [task-key=ImportInto/150001] [state=running] [step=ingest] [requiredSlots=1] [subtasks=3]
[2026/07/13 06:16:29.156 +00:00] [INFO] [task_executor.go:317] ["task meta modification applied"] [task-id=870001] [task-key=ImportInto/150001] [oldStep=merge-sort] [newStep=ingest]
[2026/07/13 06:16:29.157 +00:00] [INFO] [task_executor.go:423] ["cleanup subtask env"] [task-id=870001] [task-key=ImportInto/150001] [step=encode]
[2026/07/13 06:16:29.158 +00:00] [INFO] [client.go:356] ["[pd] http client closed"] [source=lightning]
[2026/07/13 06:16:29.158 +00:00] [INFO] [task_executor.go:461] ["execute task step completed"] [task-id=870001] [task-key=ImportInto/150001] [step=encode] [mem-limit-percent=0.7] [server-mem-limit=512MB] [resource="[CPU=1, Mem=500MiB]"] [takeTime=1.398514848s] []
[2026/07/13 06:16:29.158 +00:00] [INFO] [task_executor.go:910] ["got indices that generate kv"] [task-id=870001] [task-key=ImportInto/150001] [step=ingest] [indices="{\"1\":{\"Unique\":false},\"2\":{\"Unique\":true}}"]
[2026/07/13 06:16:29.160 +00:00] [INFO] [store.go:277] ["succeed to get bucket region from s3"] [bucket=sorted] [prefix=import-green-once] [context=s3] [provider=] ["bucket region"=us-east-1]
[2026/07/13 06:16:29.164 +00:00] [INFO] [local.go:770] ["multi ingest support"] [task-id=870001] [task-key=ImportInto/150001]
[2026/07/13 06:16:29.165 +00:00] [INFO] [local.go:792] ["TiKV server side free space check is enabled, so lightning will turn it off"] [task-id=870001] [task-key=ImportInto/150001]
[2026/07/13 06:16:29.165 +00:00] [INFO] [table_import.go:822] ["use 0.8 of the storage size as default disk quota"] [task-id=870001] [task-key=ImportInto/150001] [step=ingest] [quota=374.2GB]
[2026/07/13 06:16:29.165 +00:00] [INFO] [task_executor.go:434] ["execute task step start"] [task-id=870001] [task-key=ImportInto/150001] [step=ingest] [mem-limit-percent=0.7] [server-mem-limit=512MB] [resource="[CPU=1, Mem=500MiB]"]
[2026/07/13 06:16:29.168 +00:00] [INFO] [task_executor.go:497] ["run subtask start"] [task-id=870001] [task-key=ImportInto/150001] [subtaskID=870002] [step=ingest]
[2026/07/13 06:16:29.169 +00:00] [INFO] [store.go:277] ["succeed to get bucket region from s3"] [bucket=sorted] [prefix=import-green-once] [context=s3] [provider=] ["bucket region"=us-east-1]
[2026/07/13 06:16:29.170 +00:00] [INFO] [task_executor.go:712] ["run subtask start"] [task-id=870001] [task-key=ImportInto/150001] [step=ingest] [subtask-id=870002] [kv-group=data]
[2026/07/13 06:16:29.170 +00:00] [INFO] [engine.go:213] ["create external engine"] [task-id=870001] [task-key=ImportInto/150001] [subtaskID=870002] [step=ingest] [memLimitForLoadRange=230.8MiB] [dataFileCount=1] [jobKeysCount=2] [splitKeysCount=2]
[2026/07/13 06:16:29.171 +00:00] [INFO] [local.go:1109] ["split engine key ranges"] [task-id=870001] [task-key=ImportInto/150001] [subtaskID=870002] [step=ingest] [engine=external] [totalSize=107374182400] [totalCount=0] [startKey=74800000000000157B5F728000000000000001] [endKey=74800000000000157B5F72800000000000000300] [len(keys)=2] []
[2026/07/13 06:16:29.171 +00:00] [INFO] [local.go:1468] ["pause pd scheduler of table scope"] [task-id=870001] [task-key=ImportInto/150001] [subtaskID=870002] [step=ingest]
[2026/07/13 06:16:29.192 +00:00] [INFO] [local.go:1509] ["start import engine"] [task-id=870001] [task-key=ImportInto/150001] [subtaskID=870002] [step=ingest] [uuid=f91d63b4-bd02-5c5a-b23b-8fb1a03f2573] ["region ranges"=1] [count=0] [size=107374182400] [maxReqInFlight=0] [maxReqPerSec=0]
[2026/07/13 06:16:29.192 +00:00] [INFO] [local.go:1131] ["import engine ranges"] [task-id=870001] [task-key=ImportInto/150001] [subtaskID=870002] [step=ingest] [len(regionSplitKeys)=2] [splitRangesBatch=2048] [splitRangePerSec=0]
[2026/07/13 06:16:29.192 +00:00] [INFO] [local.go:1146] ["split and scatter ranges start"] [task-id=870001] [task-key=ImportInto/150001] [subtaskID=870002] [step=ingest] [uuid=external]
[2026/07/13 06:16:29.193 +00:00] [INFO] [client.go:684] ["paginate scan regions"] [count=2] [start=74800000000000157B5F728000000000000001] [end=74800000000000157B5F7280000000000000030000]
[2026/07/13 06:16:29.193 +00:00] [INFO] [localhelper.go:129] ["waiting for scattering regions done"] [task-id=870001] [task-key=ImportInto/150001] [subtaskID=870002] [step=ingest] [regions=0] [take=2.067µs]
[2026/07/13 06:16:29.193 +00:00] [INFO] [local.go:1171] ["split and scatter ranges completed"] [task-id=870001] [task-key=ImportInto/150001] [subtaskID=870002] [step=ingest] [uuid=external] [takeTime=410.665µs] []
[2026/07/13 06:16:29.193 +00:00] [INFO] [engine.go:565] ["load ingest data"] [task-id=870001] [task-key=ImportInto/150001] [subtaskID=870002] [step=ingest] ["current batchSize"=1]
[2026/07/13 06:16:29.193 +00:00] [INFO] [util.go:172] ["seek props offsets start"] [task-id=870001] [task-key=ImportInto/150001] [subtaskID=870002] [step=ingest]
[2026/07/13 06:16:29.194 +00:00] [INFO] [util.go:174] ["seek props offsets completed"] [task-id=870001] [task-key=ImportInto/150001] [subtaskID=870002] [step=ingest] [takeTime=1.352647ms] []
[2026/07/13 06:16:29.194 +00:00] [INFO] [reader.go:52] ["read all data start"] [task-id=870001] [task-key=ImportInto/150001] [subtaskID=870002] [step=ingest]
[2026/07/13 06:16:29.194 +00:00] [INFO] [reader.go:53] [arguments] [task-id=870001] [task-key=ImportInto/150001] [subtaskID=870002] [step=ingest] [data-file-count=1] [stat-file-count=1] [start-key=74800000000000157b5f728000000000000001] [end-key=74800000000000157b5f72800000000000000300]
[2026/07/13 06:16:29.194 +00:00] [INFO] [reader.go:105] ["estimated file size of this range group"] [task-id=870001] [task-key=ImportInto/150001] [subtaskID=870002] [step=ingest] [totalSize=0B]
[2026/07/13 06:16:29.196 +00:00] [INFO] [reader.go:76] ["read all data completed"] [task-id=870001] [task-key=ImportInto/150001] [subtaskID=870002] [step=ingest] [takeTime=1.664394ms] []
[2026/07/13 06:16:29.196 +00:00] [INFO] [engine.go:120] ["building memKVsAndBuffers"] [task-id=870001] [task-key=ImportInto/150001] [subtaskID=870002] [step=ingest] [sumKVCnt=4] [droppedSize=0]
[2026/07/13 06:16:29.225 +00:00] [INFO] [engine.go:397] ["load range batch done"] [task-id=870001] [task-key=ImportInto/150001] [subtaskID=870002] [step=ingest] [readDur=1.698494ms] [sortDur=1.555µs] [droppedSize=0] [loadedKVs=4] [loadedSize=132B] [onDup=record] [dupCount=2] [recordedDupCount=2] [totalRecordedDupCount=2] [totalRecordedDupSize=66B] [deduplicateDur=29.363592ms]
[2026/07/13 06:16:29.226 +00:00] [INFO] [local.go:1325] ["generate region jobs"] [task-id=870001] [task-key=ImportInto/150001] [subtaskID=870002] [step=ingest] [len(jobs)=1] [startOfAllRanges=74800000000000157b5f728000000000000001] [endOfAllRanges=74800000000000157b5f72800000000000000300] [startKeyOfFirstRegion=7480000000000015ff7b5f728000000000ff0000010000000000fa] [endKeyOfLastRegion=748000fffffffffcff1700000000000000f8]
[2026/07/13 06:16:29.242 +00:00] [INFO] [local.go:1528] ["import engine success"] [task-id=870001] [task-key=ImportInto/150001] [subtaskID=870002] [step=ingest] [uuid=f91d63b4-bd02-5c5a-b23b-8fb1a03f2573] [size=107374182400] [kvs=0] [importedSize=66] [importedCount=2]
[2026/07/13 06:16:29.244 +00:00] [INFO] [task_executor.go:714] ["run subtask completed"] [task-id=870001] [task-key=ImportInto/150001] [step=ingest] [subtask-id=870002] [kv-group=data] [obj-store-access="{requests: {get: 4, put: 4}, traffic: {r: 806, w: 353}}"] [takeTime=74.241965ms] []
[2026/07/13 06:16:29.248 +00:00] [INFO] [task_executor.go:526] ["run subtask completed"] [task-id=870001] [task-key=ImportInto/150001] [subtaskID=870002] [step=ingest] [takeTime=80.281236ms] []
[2026/07/13 06:16:29.257 +00:00] [INFO] [task_executor.go:497] ["run subtask start"] [task-id=870001] [task-key=ImportInto/150001] [subtaskID=870003] [step=ingest]
[2026/07/13 06:16:29.258 +00:00] [INFO] [store.go:277] ["succeed to get bucket region from s3"] [bucket=sorted] [prefix=import-green-once] [context=s3] [provider=] ["bucket region"=us-east-1]
[2026/07/13 06:16:29.259 +00:00] [INFO] [task_executor.go:712] ["run subtask start"] [task-id=870001] [task-key=ImportInto/150001] [step=ingest] [subtask-id=870003] [kv-group=1]
[2026/07/13 06:16:29.259 +00:00] [INFO] [engine.go:213] ["create external engine"] [task-id=870001] [task-key=ImportInto/150001] [subtaskID=870003] [step=ingest] [memLimitForLoadRange=230.8MiB] [dataFileCount=1] [jobKeysCount=2] [splitKeysCount=2]
[2026/07/13 06:16:29.260 +00:00] [INFO] [local.go:1109] ["split engine key ranges"] [task-id=870001] [task-key=ImportInto/150001] [subtaskID=870003] [step=ingest] [engine=external] [totalSize=107374182400] [totalCount=0] [startKey=74800000000000157B5F698000000000000001038000000000000014038000000000000002] [endKey=74800000000000157B5F69800000000000000103800000000000001E03800000000000000300] [len(keys)=2] []
[2026/07/13 06:16:29.260 +00:00] [INFO] [local.go:1468] ["pause pd scheduler of table scope"] [task-id=870001] [task-key=ImportInto/150001] [subtaskID=870003] [step=ingest]
[2026/07/13 06:16:29.347 +00:00] [INFO] [local.go:1509] ["start import engine"] [task-id=870001] [task-key=ImportInto/150001] [subtaskID=870003] [step=ingest] [uuid=d4df2650-2ae2-5d88-baf4-823c208d8a3d] ["region ranges"=1] [count=0] [size=107374182400] [maxReqInFlight=0] [maxReqPerSec=0]
[2026/07/13 06:16:29.347 +00:00] [INFO] [local.go:1131] ["import engine ranges"] [task-id=870001] [task-key=ImportInto/150001] [subtaskID=870003] [step=ingest] [len(regionSplitKeys)=2] [splitRangesBatch=2048] [splitRangePerSec=0]
[2026/07/13 06:16:29.347 +00:00] [INFO] [local.go:1146] ["split and scatter ranges start"] [task-id=870001] [task-key=ImportInto/150001] [subtaskID=870003] [step=ingest] [uuid=external]
[2026/07/13 06:16:29.347 +00:00] [INFO] [client.go:684] ["paginate scan regions"] [count=2] [start=74800000000000157B5F698000000000000001038000000000000014038000000000000002] [end=74800000000000157B5F69800000000000000103800000000000001E0380000000000000030000]
[2026/07/13 06:16:29.347 +00:00] [INFO] [localhelper.go:129] ["waiting for scattering regions done"] [task-id=870001] [task-key=ImportInto/150001] [subtaskID=870003] [step=ingest] [regions=0] [take=1.023µs]
[2026/07/13 06:16:29.347 +00:00] [INFO] [local.go:1171] ["split and scatter ranges completed"] [task-id=870001] [task-key=ImportInto/150001] [subtaskID=870003] [step=ingest] [uuid=external] [takeTime=323.311µs] []
[2026/07/13 06:16:29.347 +00:00] [INFO] [engine.go:565] ["load ingest data"] [task-id=870001] [task-key=ImportInto/150001] [subtaskID=870003] [step=ingest] ["current batchSize"=1]
[2026/07/13 06:16:29.347 +00:00] [INFO] [util.go:172] ["seek props offsets start"] [task-id=870001] [task-key=ImportInto/150001] [subtaskID=870003] [step=ingest]
[2026/07/13 06:16:29.349 +00:00] [INFO] [util.go:174] ["seek props offsets completed"] [task-id=870001] [task-key=ImportInto/150001] [subtaskID=870003] [step=ingest] [takeTime=1.377692ms] []
[2026/07/13 06:16:29.349 +00:00] [INFO] [reader.go:52] ["read all data start"] [task-id=870001] [task-key=ImportInto/150001] [subtaskID=870003] [step=ingest]
[2026/07/13 06:16:29.349 +00:00] [INFO] [reader.go:53] [arguments] [task-id=870001] [task-key=ImportInto/150001] [subtaskID=870003] [step=ingest] [data-file-count=1] [stat-file-count=1] [start-key=74800000000000157b5f698000000000000001038000000000000014038000000000000002] [end-key=74800000000000157b5f69800000000000000103800000000000001e03800000000000000300]
[2026/07/13 06:16:29.349 +00:00] [INFO] [reader.go:105] ["estimated file size of this range group"] [task-id=870001] [task-key=ImportInto/150001] [subtaskID=870003] [step=ingest] [totalSize=0B]
[2026/07/13 06:16:29.350 +00:00] [INFO] [reader.go:76] ["read all data completed"] [task-id=870001] [task-key=ImportInto/150001] [subtaskID=870003] [step=ingest] [takeTime=1.652267ms] []
[2026/07/13 06:16:29.350 +00:00] [INFO] [engine.go:120] ["building memKVsAndBuffers"] [task-id=870001] [task-key=ImportInto/150001] [subtaskID=870003] [step=ingest] [sumKVCnt=2] [droppedSize=0]
[2026/07/13 06:16:29.350 +00:00] [INFO] [engine.go:397] ["load range batch done"] [task-id=870001] [task-key=ImportInto/150001] [subtaskID=870003] [step=ingest] [readDur=1.683494ms] [sortDur=1.23µs] [droppedSize=0] [loadedKVs=2] [loadedSize=76B] [onDup=remove] [dupCount=0] [recordedDupCount=0] [totalRecordedDupCount=0] [totalRecordedDupSize=0B] [deduplicateDur=0s]
[2026/07/13 06:16:29.351 +00:00] [INFO] [local.go:1325] ["generate region jobs"] [task-id=870001] [task-key=ImportInto/150001] [subtaskID=870003] [step=ingest] [len(jobs)=1] [startOfAllRanges=74800000000000157b5f698000000000000001038000000000000014038000000000000002] [endOfAllRanges=74800000000000157b5f69800000000000000103800000000000001e03800000000000000300] [startKeyOfFirstRegion=7480000000000015ff7b5f698000000000ff0000010380000000ff0000001403800000ff0000000002000000fc] [endKeyOfLastRegion=7480000000000015ff7b5f698000000000ff0000010380000000ff0000001e03800000ff0000000003000000fd]
[2026/07/13 06:16:29.363 +00:00] [INFO] [local.go:1528] ["import engine success"] [task-id=870001] [task-key=ImportInto/150001] [subtaskID=870003] [step=ingest] [uuid=d4df2650-2ae2-5d88-baf4-823c208d8a3d] [size=107374182400] [kvs=0] [importedSize=76] [importedCount=2]
[2026/07/13 06:16:29.364 +00:00] [INFO] [task_executor.go:714] ["run subtask completed"] [task-id=870001] [task-key=ImportInto/150001] [step=ingest] [subtask-id=870003] [kv-group=1] [obj-store-access="{requests: {get: 4, put: 0}, traffic: {r: 904, w: 0}}"] [takeTime=104.420389ms] []
[2026/07/13 06:16:29.366 +00:00] [INFO] [task_executor.go:526] ["run subtask completed"] [task-id=870001] [task-key=ImportInto/150001] [subtaskID=870003] [step=ingest] [takeTime=108.844669ms] []
[2026/07/13 06:16:29.373 +00:00] [INFO] [task_executor.go:497] ["run subtask start"] [task-id=870001] [task-key=ImportInto/150001] [subtaskID=870004] [step=ingest]
[2026/07/13 06:16:29.374 +00:00] [INFO] [store.go:277] ["succeed to get bucket region from s3"] [bucket=sorted] [prefix=import-green-once] [context=s3] [provider=] ["bucket region"=us-east-1]
[2026/07/13 06:16:29.375 +00:00] [INFO] [task_executor.go:712] ["run subtask start"] [task-id=870001] [task-key=ImportInto/150001] [step=ingest] [subtask-id=870004] [kv-group=2]
[2026/07/13 06:16:29.375 +00:00] [INFO] [engine.go:213] ["create external engine"] [task-id=870001] [task-key=ImportInto/150001] [subtaskID=870004] [step=ingest] [memLimitForLoadRange=230.8MiB] [dataFileCount=1] [jobKeysCount=2] [splitKeysCount=2]
[2026/07/13 06:16:29.377 +00:00] [INFO] [local.go:1109] ["split engine key ranges"] [task-id=870001] [task-key=ImportInto/150001] [subtaskID=870004] [step=ingest] [engine=external] [totalSize=107374182400] [totalCount=0] [startKey=74800000000000157B5F698000000000000002038000000000000001] [endKey=74800000000000157B5F69800000000000000203800000000000000300] [len(keys)=2] []
[2026/07/13 06:16:29.377 +00:00] [INFO] [local.go:1468] ["pause pd scheduler of table scope"] [task-id=870001] [task-key=ImportInto/150001] [subtaskID=870004] [step=ingest]
[2026/07/13 06:16:29.398 +00:00] [INFO] [local.go:1509] ["start import engine"] [task-id=870001] [task-key=ImportInto/150001] [subtaskID=870004] [step=ingest] [uuid=27509d91-e673-58b0-bc9e-d80f5c7b91ea] ["region ranges"=1] [count=0] [size=107374182400] [maxReqInFlight=0] [maxReqPerSec=0]
[2026/07/13 06:16:29.398 +00:00] [INFO] [local.go:1131] ["import engine ranges"] [task-id=870001] [task-key=ImportInto/150001] [subtaskID=870004] [step=ingest] [len(regionSplitKeys)=2] [splitRangesBatch=2048] [splitRangePerSec=0]
[2026/07/13 06:16:29.398 +00:00] [INFO] [local.go:1146] ["split and scatter ranges start"] [task-id=870001] [task-key=ImportInto/150001] [subtaskID=870004] [step=ingest] [uuid=external]
[2026/07/13 06:16:29.398 +00:00] [INFO] [client.go:684] ["paginate scan regions"] [count=2] [start=74800000000000157B5F698000000000000002038000000000000001] [end=74800000000000157B5F6980000000000000020380000000000000030000]
[2026/07/13 06:16:29.398 +00:00] [INFO] [localhelper.go:129] ["waiting for scattering regions done"] [task-id=870001] [task-key=ImportInto/150001] [subtaskID=870004] [step=ingest] [regions=0] [take=1.066µs]
[2026/07/13 06:16:29.398 +00:00] [INFO] [local.go:1171] ["split and scatter ranges completed"] [task-id=870001] [task-key=ImportInto/150001] [subtaskID=870004] [step=ingest] [uuid=external] [takeTime=332.461µs] []
[2026/07/13 06:16:29.398 +00:00] [INFO] [engine.go:565] ["load ingest data"] [task-id=870001] [task-key=ImportInto/150001] [subtaskID=870004] [step=ingest] ["current batchSize"=1]
[2026/07/13 06:16:29.398 +00:00] [INFO] [util.go:172] ["seek props offsets start"] [task-id=870001] [task-key=ImportInto/150001] [subtaskID=870004] [step=ingest]
[2026/07/13 06:16:29.400 +00:00] [INFO] [util.go:174] ["seek props offsets completed"] [task-id=870001] [task-key=ImportInto/150001] [subtaskID=870004] [step=ingest] [takeTime=1.3585ms] []
[2026/07/13 06:16:29.400 +00:00] [INFO] [reader.go:52] ["read all data start"] [task-id=870001] [task-key=ImportInto/150001] [subtaskID=870004] [step=ingest]
[2026/07/13 06:16:29.400 +00:00] [INFO] [reader.go:53] [arguments] [task-id=870001] [task-key=ImportInto/150001] [subtaskID=870004] [step=ingest] [data-file-count=1] [stat-file-count=1] [start-key=74800000000000157b5f698000000000000002038000000000000001] [end-key=74800000000000157b5f69800000000000000203800000000000000300]
[2026/07/13 06:16:29.400 +00:00] [INFO] [reader.go:105] ["estimated file size of this range group"] [task-id=870001] [task-key=ImportInto/150001] [subtaskID=870004] [step=ingest] [totalSize=0B]
[2026/07/13 06:16:29.401 +00:00] [INFO] [reader.go:76] ["read all data completed"] [task-id=870001] [task-key=ImportInto/150001] [subtaskID=870004] [step=ingest] [takeTime=1.684006ms] []
[2026/07/13 06:16:29.401 +00:00] [INFO] [engine.go:120] ["building memKVsAndBuffers"] [task-id=870001] [task-key=ImportInto/150001] [subtaskID=870004] [step=ingest] [sumKVCnt=3] [droppedSize=0]
[2026/07/13 06:16:29.428 +00:00] [INFO] [engine.go:397] ["load range batch done"] [task-id=870001] [task-key=ImportInto/150001] [subtaskID=870004] [step=ingest] [readDur=1.714794ms] [sortDur=1.299µs] [droppedSize=0] [loadedKVs=3] [loadedSize=108B] [onDup=record] [dupCount=2] [recordedDupCount=2] [totalRecordedDupCount=2] [totalRecordedDupSize=72B] [deduplicateDur=26.388365ms]
[2026/07/13 06:16:29.428 +00:00] [INFO] [local.go:1325] ["generate region jobs"] [task-id=870001] [task-key=ImportInto/150001] [subtaskID=870004] [step=ingest] [len(jobs)=1] [startOfAllRanges=74800000000000157b5f698000000000000002038000000000000001] [endOfAllRanges=74800000000000157b5f69800000000000000203800000000000000300] [startKeyOfFirstRegion=7480000000000015ff7b5f698000000000ff0000020380000000ff0000000100000000fb] [endKeyOfLastRegion=7480000000000015ff7b5f698000000000ff0000020380000000ff0000000300000000fc]
[2026/07/13 06:16:29.438 +00:00] [INFO] [local.go:1528] ["import engine success"] [task-id=870001] [task-key=ImportInto/150001] [subtaskID=870004] [step=ingest] [uuid=27509d91-e673-58b0-bc9e-d80f5c7b91ea] [size=107374182400] [kvs=0] [importedSize=36] [importedCount=1]
[2026/07/13 06:16:29.440 +00:00] [INFO] [task_executor.go:714] ["run subtask completed"] [task-id=870001] [task-key=ImportInto/150001] [step=ingest] [subtask-id=870004] [kv-group=2] [obj-store-access="{requests: {get: 4, put: 4}, traffic: {r: 862, w: 359}}"] [takeTime=64.549658ms] []
[2026/07/13 06:16:29.442 +00:00] [INFO] [task_executor.go:526] ["run subtask completed"] [task-id=870001] [task-key=ImportInto/150001] [subtaskID=870004] [step=ingest] [takeTime=69.168885ms] []
[2026/07/13 06:16:29.772 +00:00] [INFO] [scheduler.go:493] ["switch to next step"] [task-id=870001] [task-key=ImportInto/150001] [current-step=ingest] [next-step=collect-conflicts] [required-slots=1] [runtime-slots=1]
[2026/07/13 06:16:29.772 +00:00] [INFO] [scheduler.go:527] ["eligible instances"] [task-id=870001] [task-key=ImportInto/150001] [num=1]
[2026/07/13 06:16:29.772 +00:00] [INFO] [scheduler.go:410] ["on next subtasks batch"] [task-id=870001] [task-key=ImportInto/150001] [curr-step=ingest] [next-step=collect-conflicts] [node-count=1] [db-name=ai_conflict_delete_green_once] [table-name=t] [db-id=5497] [table-id=5499]
[2026/07/13 06:16:29.781 +00:00] [INFO] [store.go:277] ["succeed to get bucket region from s3"] [bucket=sorted] [prefix=import-green-once] [context=s3] [provider=] ["bucket region"=us-east-1]
[2026/07/13 06:16:29.792 +00:00] [INFO] [store.go:277] ["succeed to get bucket region from s3"] [bucket=sorted] [prefix=import-green-once] [context=s3] [provider=] ["bucket region"=us-east-1]
[2026/07/13 06:16:29.794 +00:00] [INFO] [scheduler.go:541] ["generate subtasks"] [task-id=870001] [task-key=ImportInto/150001] [curr-step=ingest] [next-step=collect-conflicts] [node-count=1] [db-name=ai_conflict_delete_green_once] [table-name=t] [db-id=5497] [table-id=5499] [subtask-count=1]
[2026/07/13 06:16:29.794 +00:00] [INFO] [scheduler.go:553] ["schedule subtasks"] [task-id=870001] [task-key=ImportInto/150001] [state=running] [step=collect-conflicts] [requiredSlots=1] [subtasks=1]
[2026/07/13 06:16:30.352 +00:00] [INFO] [task_executor.go:317] ["task meta modification applied"] [task-id=870001] [task-key=ImportInto/150001] [oldStep=ingest] [newStep=collect-conflicts]
[2026/07/13 06:16:30.354 +00:00] [INFO] [task_executor.go:813] ["cleanup subtask env"] [task-id=870001] [task-key=ImportInto/150001] [step=ingest]
[2026/07/13 06:16:30.356 +00:00] [INFO] [client.go:356] ["[pd] http client closed"] [source=lightning]
[2026/07/13 06:16:30.356 +00:00] [INFO] [task_executor.go:461] ["execute task step completed"] [task-id=870001] [task-key=ImportInto/150001] [step=ingest] [mem-limit-percent=0.7] [server-mem-limit=512MB] [resource="[CPU=1, Mem=500MiB]"] [takeTime=1.190920405s] []
[2026/07/13 06:16:30.356 +00:00] [INFO] [task_executor.go:910] ["got indices that generate kv"] [task-id=870001] [task-key=ImportInto/150001] [step=collect-conflicts] [indices="{\"1\":{\"Unique\":false},\"2\":{\"Unique\":true}}"]
[2026/07/13 06:16:30.358 +00:00] [INFO] [store.go:277] ["succeed to get bucket region from s3"] [bucket=sorted] [prefix=import-green-once] [context=s3] [provider=] ["bucket region"=us-east-1]
[2026/07/13 06:16:30.362 +00:00] [INFO] [local.go:770] ["multi ingest support"] [task-id=870001] [task-key=ImportInto/150001]
[2026/07/13 06:16:30.363 +00:00] [INFO] [local.go:792] ["TiKV server side free space check is enabled, so lightning will turn it off"] [task-id=870001] [task-key=ImportInto/150001]
[2026/07/13 06:16:30.363 +00:00] [INFO] [table_import.go:822] ["use 0.8 of the storage size as default disk quota"] [task-id=870001] [task-key=ImportInto/150001] [step=collect-conflicts] [quota=374.2GB]
[2026/07/13 06:16:30.363 +00:00] [INFO] [task_executor.go:434] ["execute task step start"] [task-id=870001] [task-key=ImportInto/150001] [step=collect-conflicts] [mem-limit-percent=0.7] [server-mem-limit=512MB] [resource="[CPU=1, Mem=500MiB]"]
[2026/07/13 06:16:30.367 +00:00] [INFO] [task_executor.go:497] ["run subtask start"] [task-id=870001] [task-key=ImportInto/150001] [subtaskID=870005] [step=collect-conflicts]
[2026/07/13 06:16:30.367 +00:00] [INFO] [collect_conflicts.go:100] ["run subtask start"] [task-id=870001] [task-key=ImportInto/150001] [step=collect-conflicts] [subtask-id=870005]
[2026/07/13 06:16:30.368 +00:00] [INFO] [store.go:277] ["succeed to get bucket region from s3"] [bucket=sorted] [prefix=import-green-once] [context=s3] [provider=] ["bucket region"=us-east-1]
[2026/07/13 06:16:30.370 +00:00] [INFO] [collect_conflicts.go:166] ["collect conflicts of kv group start"] [task-id=870001] [task-key=ImportInto/150001] [step=collect-conflicts] [kvGroup=2] [duplicates=3] [file-count=2] [concurrency=1]
[2026/07/13 06:16:30.374 +00:00] [INFO] [collector.go:224] ["switch conflict row file"] [task-id=870001] [task-key=ImportInto/150001] [step=collect-conflicts] [filename=conflicted-rows/870001/870005-98e3adef-4228-492c-9321-911d1e8431b6/data-0001.txt] [lastFileSize=0B]
[2026/07/13 06:16:30.380 +00:00] [INFO] [collect_conflicts.go:172] ["collect conflicts of kv group completed"] [task-id=870001] [task-key=ImportInto/150001] [step=collect-conflicts] [kvGroup=2] [duplicates=3] [file-count=2] [concurrency=1] [takeTime=10.707972ms] []
[2026/07/13 06:16:30.380 +00:00] [INFO] [collect_conflicts.go:166] ["collect conflicts of kv group start"] [task-id=870001] [task-key=ImportInto/150001] [step=collect-conflicts] [kvGroup=data] [duplicates=2] [file-count=1] [concurrency=1]
[2026/07/13 06:16:30.382 +00:00] [INFO] [collector.go:224] ["switch conflict row file"] [task-id=870001] [task-key=ImportInto/150001] [step=collect-conflicts] [filename=conflicted-rows/870001/870005-aa72dd4a-bc35-4efd-9c75-288e54827433/data-0001.txt] [lastFileSize=0B]
[2026/07/13 06:16:30.429 +00:00] [INFO] [collect_conflicts.go:172] ["collect conflicts of kv group completed"] [task-id=870001] [task-key=ImportInto/150001] [step=collect-conflicts] [kvGroup=data] [duplicates=2] [file-count=1] [concurrency=1] [takeTime=49.057625ms] []
[2026/07/13 06:16:30.429 +00:00] [INFO] [collect_conflicts.go:137] ["collected conflict row info"] [task-id=870001] [task-key=ImportInto/150001] [step=collect-conflicts] [count=3] [checksum="{\"checksum\":8329407295072478443,\"size\":321,\"kvs\":9}"] [targetFiles="[conflicted-rows/870001/870005-98e3adef-4228-492c-9321-911d1e8431b6/data-0001.txt,conflicted-rows/870001/870005-aa72dd4a-bc35-4efd-9c75-288e54827433/data-0001.txt]"] [fileSize=33B] [skipSaveHandle=false]
[2026/07/13 06:16:30.429 +00:00] [INFO] [collect_conflicts.go:102] ["run subtask completed"] [task-id=870001] [task-key=ImportInto/150001] [step=collect-conflicts] [subtask-id=870005] [takeTime=62.599152ms] []
[2026/07/13 06:16:30.433 +00:00] [INFO] [task_executor.go:526] ["run subtask completed"] [task-id=870001] [task-key=ImportInto/150001] [subtaskID=870005] [step=collect-conflicts] [takeTime=65.730144ms] []
[2026/07/13 06:16:30.772 +00:00] [INFO] [scheduler.go:493] ["switch to next step"] [task-id=870001] [task-key=ImportInto/150001] [current-step=collect-conflicts] [next-step=conflict-resolution] [required-slots=1] [runtime-slots=1]
[2026/07/13 06:16:30.773 +00:00] [INFO] [scheduler.go:527] ["eligible instances"] [task-id=870001] [task-key=ImportInto/150001] [num=1]
[2026/07/13 06:16:30.773 +00:00] [INFO] [scheduler.go:410] ["on next subtasks batch"] [task-id=870001] [task-key=ImportInto/150001] [curr-step=collect-conflicts] [next-step=conflict-resolution] [node-count=1] [db-name=ai_conflict_delete_green_once] [table-name=t] [db-id=5497] [table-id=5499]
[2026/07/13 06:16:30.781 +00:00] [INFO] [store.go:277] ["succeed to get bucket region from s3"] [bucket=sorted] [prefix=import-green-once] [context=s3] [provider=] ["bucket region"=us-east-1]
[2026/07/13 06:16:30.785 +00:00] [INFO] [store.go:277] ["succeed to get bucket region from s3"] [bucket=sorted] [prefix=import-green-once] [context=s3] [provider=] ["bucket region"=us-east-1]
[2026/07/13 06:16:30.787 +00:00] [INFO] [scheduler.go:541] ["generate subtasks"] [task-id=870001] [task-key=ImportInto/150001] [curr-step=collect-conflicts] [next-step=conflict-resolution] [node-count=1] [db-name=ai_conflict_delete_green_once] [table-name=t] [db-id=5497] [table-id=5499] [subtask-count=1]
[2026/07/13 06:16:30.787 +00:00] [INFO] [scheduler.go:553] ["schedule subtasks"] [task-id=870001] [task-key=ImportInto/150001] [state=running] [step=conflict-resolution] [requiredSlots=1] [subtasks=1]
[2026/07/13 06:16:31.343 +00:00] [INFO] [task_executor.go:317] ["task meta modification applied"] [task-id=870001] [task-key=ImportInto/150001] [oldStep=collect-conflicts] [newStep=conflict-resolution]
[2026/07/13 06:16:31.346 +00:00] [INFO] [collect_conflicts.go:243] ["cleanup subtask env"] [task-id=870001] [task-key=ImportInto/150001] [step=collect-conflicts]
[2026/07/13 06:16:31.346 +00:00] [INFO] [client.go:356] ["[pd] http client closed"] [source=lightning]
[2026/07/13 06:16:31.346 +00:00] [INFO] [task_executor.go:461] ["execute task step completed"] [task-id=870001] [task-key=ImportInto/150001] [step=collect-conflicts] [mem-limit-percent=0.7] [server-mem-limit=512MB] [resource="[CPU=1, Mem=500MiB]"] [takeTime=983.292339ms] []
[2026/07/13 06:16:31.347 +00:00] [INFO] [task_executor.go:910] ["got indices that generate kv"] [task-id=870001] [task-key=ImportInto/150001] [step=conflict-resolution] [indices="{\"1\":{\"Unique\":false},\"2\":{\"Unique\":true}}"]
[2026/07/13 06:16:31.348 +00:00] [INFO] [store.go:277] ["succeed to get bucket region from s3"] [bucket=sorted] [prefix=import-green-once] [context=s3] [provider=] ["bucket region"=us-east-1]
[2026/07/13 06:16:31.354 +00:00] [INFO] [local.go:770] ["multi ingest support"] [task-id=870001] [task-key=ImportInto/150001]
[2026/07/13 06:16:31.355 +00:00] [INFO] [local.go:792] ["TiKV server side free space check is enabled, so lightning will turn it off"] [task-id=870001] [task-key=ImportInto/150001]
[2026/07/13 06:16:31.355 +00:00] [INFO] [table_import.go:822] ["use 0.8 of the storage size as default disk quota"] [task-id=870001] [task-key=ImportInto/150001] [step=conflict-resolution] [quota=374.2GB]
[2026/07/13 06:16:31.355 +00:00] [INFO] [task_executor.go:434] ["execute task step start"] [task-id=870001] [task-key=ImportInto/150001] [step=conflict-resolution] [mem-limit-percent=0.7] [server-mem-limit=512MB] [resource="[CPU=1, Mem=500MiB]"]
[2026/07/13 06:16:31.358 +00:00] [INFO] [task_executor.go:497] ["run subtask start"] [task-id=870001] [task-key=ImportInto/150001] [subtaskID=870006] [step=conflict-resolution]
[2026/07/13 06:16:31.359 +00:00] [INFO] [store.go:277] ["succeed to get bucket region from s3"] [bucket=sorted] [prefix=import-green-once] [context=s3] [provider=] ["bucket region"=us-east-1]
[2026/07/13 06:16:31.359 +00:00] [INFO] [conflict_resolution.go:89] ["run subtask start"] [task-id=870001] [task-key=ImportInto/150001] [step=conflict-resolution] [subtask-id=870006]
[2026/07/13 06:16:31.360 +00:00] [INFO] [conflict_resolution.go:125] ["resolve conflicts of kv group start"] [task-id=870001] [task-key=ImportInto/150001] [step=conflict-resolution] [kvGroup=2] [duplicates=3] [fileCount=2] [concurrency=1]
[2026/07/13 06:16:31.364 +00:00] [WARN] [handle.go:283] ["met retryable error"] [task-id=870001] [task-key=ImportInto/150001] [step=conflict-resolution] [retry-count=0] [max-retry=10] [error="injected random error: ai-native conflict delete commit failed"] [errorVerbose="injected random error: ai-native conflict delete commit failed\ngithub.com/pingcap/tidb/pkg/dxf/importinto/conflictedkv.(*Deleter).deleteBufferedKeys.func1\n\t/Users/bba/pc/tidb-ai-conflict-delete/pkg/dxf/importinto/conflictedkv/deleter.go:171\ngithub.com/pingcap/tidb/pkg/dxf/importinto/conflictedkv.(*Deleter).deleteBufferedKeys\n\t/Users/bba/pc/tidb-ai-conflict-delete/pkg/dxf/importinto/conflictedkv/deleter.go:187\ngithub.com/pingcap/tidb/pkg/dxf/importinto/conflictedkv.(*Deleter).deleteKeysWithRetry.func1\n\t/Users/bba/pc/tidb-ai-conflict-delete/pkg/dxf/importinto/conflictedkv/deleter.go:147\ngithub.com/pingcap/tidb/pkg/dxf/framework/handle.RunWithRetry\n\t/Users/bba/pc/tidb-ai-conflict-delete/pkg/dxf/framework/handle/handle.go:277\ngithub.com/pingcap/tidb/pkg/dxf/importinto/conflictedkv.(*Deleter).deleteKeysWithRetry\n\t/Users/bba/pc/tidb-ai-conflict-delete/pkg/dxf/importinto/conflictedkv/deleter.go:146\ngithub.com/pingcap/tidb/pkg/dxf/importinto/conflictedkv.(*Deleter).deleteLoop\n\t/Users/bba/pc/tidb-ai-conflict-delete/pkg/dxf/importinto/conflictedkv/deleter.go:134\ngithub.com/pingcap/tidb/pkg/dxf/importinto/conflictedkv.(*Deleter).Run.func1\n\t/Users/bba/pc/tidb-ai-conflict-delete/pkg/dxf/importinto/conflictedkv/deleter.go:107\ngithub.com/pingcap/tidb/pkg/dxf/importinto/conflictedkv.(*Deleter).Run.(*ErrorGroupWithRecover).Go.func3\n\t/Users/bba/pc/tidb-ai-conflict-delete/pkg/util/wait_group_wrapper.go:263\ngolang.org/x/sync/errgroup.(*Group).Go.func1\n\t/Users/bba/.gvm/pkgsets/go1.25.1/global/pkg/mod/golang.org/x/sync@v0.20.0/errgroup/errgroup.go:93\nruntime.goexit\n\t/Users/bba/.gvm/pkgsets/go1.25.1/global/pkg/mod/golang.org/toolchain@v0.0.1-go1.25.10.darwin-arm64/src/runtime/asm_amd64.s:1693"]
[2026/07/13 06:16:31.467 +00:00] [INFO] [conflict_resolution.go:131] ["resolve conflicts of kv group completed"] [task-id=870001] [task-key=ImportInto/150001] [step=conflict-resolution] [kvGroup=2] [duplicates=3] [fileCount=2] [concurrency=1] [takeTime=107.179786ms] []
[2026/07/13 06:16:31.467 +00:00] [INFO] [conflict_resolution.go:125] ["resolve conflicts of kv group start"] [task-id=870001] [task-key=ImportInto/150001] [step=conflict-resolution] [kvGroup=data] [duplicates=2] [fileCount=1] [concurrency=1]
[2026/07/13 06:16:31.470 +00:00] [INFO] [conflict_resolution.go:131] ["resolve conflicts of kv group completed"] [task-id=870001] [task-key=ImportInto/150001] [step=conflict-resolution] [kvGroup=data] [duplicates=2] [fileCount=1] [concurrency=1] [takeTime=2.473384ms] []
[2026/07/13 06:16:31.470 +00:00] [INFO] [conflict_resolution.go:91] ["run subtask completed"] [task-id=870001] [task-key=ImportInto/150001] [step=conflict-resolution] [subtask-id=870006] [takeTime=110.666007ms] []
[2026/07/13 06:16:31.472 +00:00] [INFO] [task_executor.go:526] ["run subtask completed"] [task-id=870001] [task-key=ImportInto/150001] [subtaskID=870006] [step=conflict-resolution] [takeTime=114.309131ms] []
[2026/07/13 06:16:31.772 +00:00] [INFO] [scheduler.go:493] ["switch to next step"] [task-id=870001] [task-key=ImportInto/150001] [current-step=conflict-resolution] [next-step=post-process] [required-slots=1] [runtime-slots=1]
[2026/07/13 06:16:31.773 +00:00] [INFO] [scheduler.go:527] ["eligible instances"] [task-id=870001] [task-key=ImportInto/150001] [num=1]
[2026/07/13 06:16:31.773 +00:00] [INFO] [scheduler.go:410] ["on next subtasks batch"] [task-id=870001] [task-key=ImportInto/150001] [curr-step=conflict-resolution] [next-step=post-process] [node-count=1] [db-name=ai_conflict_delete_green_once] [table-name=t] [db-id=5497] [table-id=5499]
[2026/07/13 06:16:31.779 +00:00] [INFO] [scheduler.go:507] ["move to post-process step"] [task-id=870001] [task-key=ImportInto/150001] [curr-step=conflict-resolution] [next-step=post-process] [node-count=1] [db-name=ai_conflict_delete_green_once] [table-name=t] [db-id=5497] [table-id=5499] [result="{\"encode-summary\":{\"input-bytes\":28,\"input-rows\":9},\"merge-summary\":{},\"ingest-summary\":{\"input-bytes\":316,\"input-rows\":4},\"collect-conflicts-summary\":{\"input-rows\":5},\"resolve-conflicts-summary\":{\"input-rows\":5}}"]
[2026/07/13 06:16:31.782 +00:00] [INFO] [scheduler.go:541] ["generate subtasks"] [task-id=870001] [task-key=ImportInto/150001] [curr-step=conflict-resolution] [next-step=post-process] [node-count=1] [db-name=ai_conflict_delete_green_once] [table-name=t] [db-id=5497] [table-id=5499] [subtask-count=1]
[2026/07/13 06:16:31.782 +00:00] [INFO] [scheduler.go:553] ["schedule subtasks"] [task-id=870001] [task-key=ImportInto/150001] [state=running] [step=post-process] [requiredSlots=1] [subtasks=1]
[2026/07/13 06:16:32.383 +00:00] [INFO] [task_executor.go:317] ["task meta modification applied"] [task-id=870001] [task-key=ImportInto/150001] [oldStep=conflict-resolution] [newStep=post-process]
[2026/07/13 06:16:32.385 +00:00] [INFO] [conflict_resolution.go:153] ["cleanup subtask env"] [task-id=870001] [task-key=ImportInto/150001] [step=conflict-resolution]
[2026/07/13 06:16:32.386 +00:00] [INFO] [client.go:356] ["[pd] http client closed"] [source=lightning]
[2026/07/13 06:16:32.386 +00:00] [INFO] [task_executor.go:461] ["execute task step completed"] [task-id=870001] [task-key=ImportInto/150001] [step=conflict-resolution] [mem-limit-percent=0.7] [server-mem-limit=512MB] [resource="[CPU=1, Mem=500MiB]"] [takeTime=1.030782281s] []
[2026/07/13 06:16:32.386 +00:00] [INFO] [task_executor.go:910] ["got indices that generate kv"] [task-id=870001] [task-key=ImportInto/150001] [step=post-process] [indices="{\"1\":{\"Unique\":false},\"2\":{\"Unique\":true}}"]
[2026/07/13 06:16:32.386 +00:00] [INFO] [task_executor.go:434] ["execute task step start"] [task-id=870001] [task-key=ImportInto/150001] [step=post-process] [mem-limit-percent=0.7] [server-mem-limit=512MB] [resource="[CPU=1, Mem=500MiB]"]
[2026/07/13 06:16:32.389 +00:00] [INFO] [task_executor.go:497] ["run subtask start"] [task-id=870001] [task-key=ImportInto/150001] [subtaskID=870007] [step=post-process]
[2026/07/13 06:16:32.389 +00:00] [INFO] [task_executor.go:851] ["run subtask start"] [task-id=870001] [task-key=ImportInto/150001] [step=post-process] [subtask-id=870007]
[2026/07/13 06:16:32.389 +00:00] [INFO] [subtask_executor.go:115] ["post process start"] [task-id=870001] [task-key=ImportInto/150001] [step=post-process] [subtask-id=870007]
[2026/07/13 06:16:32.389 +00:00] [INFO] [table_import.go:875] ["rebase allocators start"] [task-id=870001] [task-key=ImportInto/150001] [step=post-process] [subtask-id=870007] [maxIDs={}]
[2026/07/13 06:16:32.389 +00:00] [INFO] [table_import.go:877] ["rebase allocators completed"] [task-id=870001] [task-key=ImportInto/150001] [step=post-process] [subtask-id=870007] [maxIDs={}] [takeTime=345ns] []
[2026/07/13 06:16:32.389 +00:00] [INFO] [subtask_executor.go:127] ["kv group checksum"] [task-id=870001] [task-key=ImportInto/150001] [step=post-process] [subtask-id=870007] [groupId=1] [size=152] [kvs=4] [checksum=783929182978823707]
[2026/07/13 06:16:32.389 +00:00] [INFO] [subtask_executor.go:127] ["kv group checksum"] [task-id=870001] [task-key=ImportInto/150001] [step=post-process] [subtask-id=870007] [groupId=2] [size=144] [kvs=4] [checksum=8932720538442227347]
[2026/07/13 06:16:32.389 +00:00] [INFO] [subtask_executor.go:127] ["kv group checksum"] [task-id=870001] [task-key=ImportInto/150001] [step=post-process] [subtask-id=870007] [groupId=-1] [size=132] [kvs=4] [checksum=6521958642818368472]
[2026/07/13 06:16:32.389 +00:00] [INFO] [subtask_executor.go:140] ["checksum info"] [task-id=870001] [task-key=ImportInto/150001] [step=post-process] [subtask-id=870007] [encodeStepSum="{\"checksum\":3140367543589849936,\"size\":428,\"kvs\":12}"] [deletedRowsSum="{\"checksum\":8329407295072478443,\"size\":321,\"kvs\":9}"] [final="{\"checksum\":6341961532963909563,\"size\":107,\"kvs\":3}"]
[2026/07/13 06:16:32.389 +00:00] [INFO] [table_import.go:922] ["checksum turned off, skip"] [task-id=870001] [task-key=ImportInto/150001] [step=post-process] [subtask-id=870007] [checksum="{cksum=6341961532963909563,size=107,kvs=3}"]
[2026/07/13 06:16:32.389 +00:00] [INFO] [subtask_executor.go:117] ["post process completed"] [task-id=870001] [task-key=ImportInto/150001] [step=post-process] [subtask-id=870007] [takeTime=60.15µs] []
[2026/07/13 06:16:32.389 +00:00] [INFO] [task_executor.go:853] ["run subtask completed"] [task-id=870001] [task-key=ImportInto/150001] [step=post-process] [subtask-id=870007] [takeTime=91.304µs] []
[2026/07/13 06:16:32.389 +00:00] [INFO] [task_executor.go:526] ["run subtask completed"] [task-id=870001] [task-key=ImportInto/150001] [subtaskID=870007] [step=post-process] [takeTime=123.075µs] []
[2026/07/13 06:16:32.772 +00:00] [INFO] [scheduler.go:493] ["switch to next step"] [task-id=870001] [task-key=ImportInto/150001] [current-step=post-process] [next-step=done] [required-slots=1] [runtime-slots=1]
[2026/07/13 06:16:32.772 +00:00] [INFO] [scheduler.go:551] ["task done"] [task-id=870001] [task-key=ImportInto/150001] [step=post-process] [state=running] []
[2026/07/13 06:16:32.778 +00:00] [INFO] [job_submitter.go:118] ["add DDL jobs"] [category=ddl] ["batch count"=1] [jobs="ID:5502, Type:alter table mode, State:queueing, SchemaState:none, SchemaID:5497, TableID:5499, RowCount:0, ArgLen:1, start time: 2026-07-13 06:16:32.753 +0000 UTC, Err:<nil>, ErrCount:0, SnapshotVersion:0, Version: v2; "] [fast_create=true]
[2026/07/13 06:16:32.778 +00:00] [INFO] [executor.go:7260] ["DDL job submitted"] [category=ddl] [job="ID:5502, Type:alter table mode, State:queueing, SchemaState:none, SchemaID:5497, TableID:5499, RowCount:0, ArgLen:1, start time: 2026-07-13 06:16:32.753 +0000 UTC, Err:<nil>, ErrCount:0, SnapshotVersion:0, Version: v2"] [query=skip]
[2026/07/13 06:16:32.780 +00:00] [INFO] [job_worker.go:854] ["run one job step"] [category=ddl] [jobID=5502] [job="ID:5502, Type:alter table mode, State:queueing, SchemaState:none, SchemaID:5497, TableID:5499, RowCount:0, ArgLen:0, start time: 2026-07-13 06:16:32.753 +0000 UTC, Err:<nil>, ErrCount:0, SnapshotVersion:0, Version: v2"]
[2026/07/13 06:16:32.787 +00:00] [INFO] [loader.go:216] ["diff load InfoSchema success"] [mode=auto] [isV2=true] [currVer=9078] [neededVer=9079] [gotVer=9079] ["elapsed time"=526.588µs] [phyTblIDs="[5499]"] [actionTypes="[75]"] [diffTypes="[\"alter table mode\"]"]
[2026/07/13 06:16:32.836 +00:00] [INFO] [schema_version.go:397] ["wait schema version synced success"] [category=ddl] [ver=9079] [checkAssumedSvr=false] ["take time"=50.767762ms] [job="ID:5502, Type:alter table mode, State:done, SchemaState:public, SchemaID:5497, TableID:5499, RowCount:0, ArgLen:1, start time: 2026-07-13 06:16:32.753 +0000 UTC, Err:<nil>, ErrCount:0, SnapshotVersion:0, Version: v2"] [summary="server count: 1"]
[2026/07/13 06:16:32.889 +00:00] [INFO] [schema_version.go:397] ["wait schema version synced success"] [category=ddl] [ver=9079] [checkAssumedSvr=false] ["take time"=51.065958ms] [job="ID:5502, Type:alter table mode, State:done, SchemaState:public, SchemaID:5497, TableID:5499, RowCount:0, ArgLen:0, start time: 2026-07-13 06:16:32.753 +0000 UTC, Err:<nil>, ErrCount:0, SnapshotVersion:0, Version: v2"] [summary="server count: 1"]
[2026/07/13 06:16:32.890 +00:00] [INFO] [job_worker.go:447] ["finish DDL job"] [category=ddl] [jobID=5502] [job="ID:5502, Type:alter table mode, State:synced, SchemaState:public, SchemaID:5497, TableID:5499, RowCount:0, ArgLen:0, start time: 2026-07-13 06:16:32.753 +0000 UTC, Err:<nil>, ErrCount:0, SnapshotVersion:0, Version: v2"]
[2026/07/13 06:16:32.895 +00:00] [INFO] [executor.go:7380] ["DDL job is finished"] [category=ddl] [jobID=5502]
[2026/07/13 06:16:32.896 +00:00] [INFO] [scheduler.go:131] ["unregister task success"] [task-id=870001] [task-key=ImportInto/150001]
[2026/07/13 06:16:33.271 +00:00] [INFO] [scheduler_manager.go:392] ["task scheduler exit"] [task-id=870001] [task-key=ImportInto/150001]
[2026/07/13 06:16:33.273 +00:00] [INFO] [scheduler_manager.go:438] ["cleanup routine start"]
[2026/07/13 06:16:33.273 +00:00] [INFO] [scheduler_manager.go:452] ["cleanup task"] [task-id=870001] [task-key=ImportInto/150001]
[2026/07/13 06:16:33.274 +00:00] [INFO] [clean_up.go:96] ["cleanup global sorted data start"] [task-id=870001]
[2026/07/13 06:16:33.276 +00:00] [INFO] [store.go:277] ["succeed to get bucket region from s3"] [bucket=sorted] [prefix=import-green-once] [context=s3] [provider=] ["bucket region"=us-east-1]
[2026/07/13 06:16:33.284 +00:00] [INFO] [clean_up.go:117] ["cleanup global sorted data completed"] [task-id=870001] [takeTime=9.939493ms] []
[2026/07/13 06:16:33.297 +00:00] [INFO] [scheduler_manager.go:445] ["cleanup routine success"]
[2026/07/13 06:16:33.299 +00:00] [INFO] [task_executor.go:461] ["execute task step completed"] [task-id=870001] [task-key=ImportInto/150001] [step=post-process] [mem-limit-percent=0.7] [server-mem-limit=512MB] [resource="[CPU=1, Mem=500MiB]"] [takeTime=912.630658ms] []
[2026/07/13 06:16:33.299 +00:00] [INFO] [manager.go:373] ["task executor exit"] [task-id=870001] [task-key=ImportInto/150001] [type=ImportInto]
[2026/07/13 06:16:56.132 +00:00] [WARN] [util.go:226] ["store address and status address mismatch the host, we will use the store address as hostname"] [store=1] ["status address"=http://0.0.0.0:20180] ["node address"=http://tc-tikv-0.tc-tikv-peer.testbed-tps-8220955-1-213.svc.cluster.local:20160] ["request address"=http://tc-tikv-0.tc-tikv-peer.testbed-tps-8220955-1-213.svc.cluster.local:20180]
[2026/07/13 06:16:56.134 +00:00] [WARN] [util.go:226] ["store address and status address mismatch the host, we will use the store address as hostname"] [store=4] ["status address"=http://0.0.0.0:20180] ["node address"=http://tc-tikv-1.tc-tikv-peer.testbed-tps-8220955-1-213.svc.cluster.local:20160] ["request address"=http://tc-tikv-1.tc-tikv-peer.testbed-tps-8220955-1-213.svc.cluster.local:20180]
[2026/07/13 06:16:56.135 +00:00] [WARN] [util.go:226] ["store address and status address mismatch the host, we will use the store address as hostname"] [store=5] ["status address"=http://0.0.0.0:20180] ["node address"=http://tc-tikv-2.tc-tikv-peer.testbed-tps-8220955-1-213.svc.cluster.local:20160] ["request address"=http://tc-tikv-2.tc-tikv-peer.testbed-tps-8220955-1-213.svc.cluster.local:20180]
[2026/07/13 06:17:47.441 +00:00] [INFO] [queue.go:718] ["Start to fetch DML changes of tables"] [category=stats] [sampled=]
[2026/07/13 06:17:47.443 +00:00] [INFO] [queue.go:776] ["Updating last fetch timestamp"] [category=stats] [sampled=] [new_max_version=467644809963896838]
[2026/07/13 06:17:56.132 +00:00] [WARN] [util.go:226] ["store address and status address mismatch the host, we will use the store address as hostname"] [store=1] ["status address"=http://0.0.0.0:20180] ["node address"=http://tc-tikv-0.tc-tikv-peer.testbed-tps-8220955-1-213.svc.cluster.local:20160] ["request address"=http://tc-tikv-0.tc-tikv-peer.testbed-tps-8220955-1-213.svc.cluster.local:20180]
[2026/07/13 06:17:56.133 +00:00] [WARN] [util.go:226] ["store address and status address mismatch the host, we will use the store address as hostname"] [store=4] ["status address"=http://0.0.0.0:20180] ["node address"=http://tc-tikv-1.tc-tikv-peer.testbed-tps-8220955-1-213.svc.cluster.local:20160] ["request address"=http://tc-tikv-1.tc-tikv-peer.testbed-tps-8220955-1-213.svc.cluster.local:20180]
[2026/07/13 06:17:56.133 +00:00] [WARN] [util.go:226] ["store address and status address mismatch the host, we will use the store address as hostname"] [store=5] ["status address"=http://0.0.0.0:20180] ["node address"=http://tc-tikv-2.tc-tikv-peer.testbed-tps-8220955-1-213.svc.cluster.local:20160] ["request address"=http://tc-tikv-2.tc-tikv-peer.testbed-tps-8220955-1-213.svc.cluster.local:20180]
[2026/07/13 06:18:22.051 +00:00] [INFO] [coprocessor.go:1915] ["[TIME_COP_WAIT] resp_time:304.432117ms txnStartTS:467644842430431233 region_id:93990 store_addr:tc-tikv-1.tc-tikv-peer.testbed-tps-8220955-1-213.svc.cluster.local:20160 stats:Cop:{num_rpc:1, total_time:304.4ms} kv_process_ms:0 kv_wait_ms:0 kv_read_ms:0 processed_versions:0 total_versions:27 rocksdb_delete_skipped_count:13 rocksdb_key_skipped_count:65 rocksdb_cache_hit_count:2 rocksdb_read_count:0 rocksdb_read_byte:0"]
[2026/07/13 06:18:33.115 +00:00] [INFO] [coprocessor.go:1915] ["[TIME_COP_WAIT] resp_time:358.828441ms txnStartTS:467644845327122433 region_id:93990 store_addr:tc-tikv-1.tc-tikv-peer.testbed-tps-8220955-1-213.svc.cluster.local:20160 stats:Cop:{num_rpc:1, total_time:358.8ms} kv_process_ms:0 kv_wait_ms:0 kv_read_ms:0 processed_versions:4 total_versions:157 rocksdb_delete_skipped_count:33 rocksdb_key_skipped_count:421 rocksdb_cache_hit_count:4 rocksdb_read_count:0 rocksdb_read_byte:0"] [task-id=810002] [task-key=ImportInto/90002]
[2026/07/13 06:18:56.132 +00:00] [WARN] [util.go:226] ["store address and status address mismatch the host, we will use the store address as hostname"] [store=1] ["status address"=http://0.0.0.0:20180] ["node address"=http://tc-tikv-0.tc-tikv-peer.testbed-tps-8220955-1-213.svc.cluster.local:20160] ["request address"=http://tc-tikv-0.tc-tikv-peer.testbed-tps-8220955-1-213.svc.cluster.local:20180]
[2026/07/13 06:18:56.133 +00:00] [WARN] [util.go:226] ["store address and status address mismatch the host, we will use the store address as hostname"] [store=4] ["status address"=http://0.0.0.0:20180] ["node address"=http://tc-tikv-1.tc-tikv-peer.testbed-tps-8220955-1-213.svc.cluster.local:20160] ["request address"=http://tc-tikv-1.tc-tikv-peer.testbed-tps-8220955-1-213.svc.cluster.local:20180]
[2026/07/13 06:18:56.133 +00:00] [WARN] [util.go:226] ["store address and status address mismatch the host, we will use the store address as hostname"] [store=5] ["status address"=http://0.0.0.0:20180] ["node address"=http://tc-tikv-2.tc-tikv-peer.testbed-tps-8220955-1-213.svc.cluster.local:20160] ["request address"=http://tc-tikv-2.tc-tikv-peer.testbed-tps-8220955-1-213.svc.cluster.local:20180]
[2026/07/13 06:19:56.133 +00:00] [WARN] [util.go:226] ["store address and status address mismatch the host, we will use the store address as hostname"] [store=1] ["status address"=http://0.0.0.0:20180] ["node address"=http://tc-tikv-0.tc-tikv-peer.testbed-tps-8220955-1-213.svc.cluster.local:20160] ["request address"=http://tc-tikv-0.tc-tikv-peer.testbed-tps-8220955-1-213.svc.cluster.local:20180]
[2026/07/13 06:19:56.133 +00:00] [WARN] [util.go:226] ["store address and status address mismatch the host, we will use the store address as hostname"] [store=4] ["status address"=http://0.0.0.0:20180] ["node address"=http://tc-tikv-1.tc-tikv-peer.testbed-tps-8220955-1-213.svc.cluster.local:20160] ["request address"=http://tc-tikv-1.tc-tikv-peer.testbed-tps-8220955-1-213.svc.cluster.local:20180]
[2026/07/13 06:19:56.134 +00:00] [WARN] [util.go:226] ["store address and status address mismatch the host, we will use the store address as hostname"] [store=5] ["status address"=http://0.0.0.0:20180] ["node address"=http://tc-tikv-2.tc-tikv-peer.testbed-tps-8220955-1-213.svc.cluster.local:20160] ["request address"=http://tc-tikv-2.tc-tikv-peer.testbed-tps-8220955-1-213.svc.cluster.local:20180]
[2026/07/13 06:20:21.244 +00:00] [INFO] [signal_posix.go:84] ["got signal to exit"] [signal=terminated]
[2026/07/13 06:20:21.244 +00:00] [INFO] [server.go:652] ["setting tidb-server to report unhealthy (shutting-down)"]
[2026/07/13 06:20:21.244 +00:00] [WARN] [http_status.go:647] ["start status/rpc server error"] [error="accept tcp [::]:18082: use of closed network connection"]
[2026/07/13 06:20:21.244 +00:00] [WARN] [http_status.go:637] ["grpc server error"] [error="mux: server closed"]
[2026/07/13 06:20:21.244 +00:00] [WARN] [http_status.go:642] ["http server error"] [error="http: Server closed"]
[2026/07/13 06:20:21.245 +00:00] [INFO] [manager.go:420] ["watch owner finished"] [key=tidb/autoid/leader] [id=10.200.11.9:18082] []
[2026/07/13 06:20:21.245 +00:00] [INFO] [manager.go:333] ["retire owner"] [key=tidb/autoid/leader] [id=10.200.11.9:18082]
[2026/07/13 06:20:21.245 +00:00] [INFO] [manager.go:424] ["is not the owner"] [key=tidb/autoid/leader] [id=10.200.11.9:18082]
[2026/07/13 06:20:21.245 +00:00] [INFO] [manager.go:385] ["break campaign loop, context is done"] [key=tidb/autoid/leader] [id=10.200.11.9:18082]
[2026/07/13 06:20:21.245 +00:00] [INFO] [server.go:1139] ["start drain clients"]
[2026/07/13 06:20:21.245 +00:00] [INFO] [server.go:1183] ["all sessions quit in drain wait time"]
[2026/07/13 06:20:21.245 +00:00] [INFO] [server.go:1115] ["kill all connections."] [category=server]
[2026/07/13 06:20:21.245 +00:00] [INFO] [cpu.go:112] ["sql cpu collector stopped"]
[2026/07/13 06:20:21.246 +00:00] [INFO] [job_scheduler.go:268] ["scheduleLoop quit due to context canceled"] [category=ddl]
[2026/07/13 06:20:21.246 +00:00] [INFO] [syncer.go:488] ["schema version sync loop interrupted, retrying..."] [category=ddl]
[2026/07/13 06:20:21.246 +00:00] [INFO] [manager.go:420] ["watch owner finished"] [key=/tidb/ddl/fg/owner] [id=1398bac0-372a-4ca4-a18b-44d7744f11ad] []
[2026/07/13 06:20:21.246 +00:00] [INFO] [manager.go:333] ["retire owner"] [key=/tidb/ddl/fg/owner] [id=1398bac0-372a-4ca4-a18b-44d7744f11ad]
[2026/07/13 06:20:21.246 +00:00] [INFO] [ddl_workerpool.go:78] ["closing workerPool"] [category=ddl]
[2026/07/13 06:20:21.246 +00:00] [INFO] [ddl_workerpool.go:78] ["closing workerPool"] [category=ddl]
[2026/07/13 06:20:21.246 +00:00] [INFO] [job_worker.go:267] ["DDL worker closed"] [category=ddl] [worker="worker 1, tp general"] ["take time"=6.225µs]
[2026/07/13 06:20:21.246 +00:00] [INFO] [job_worker.go:267] ["DDL worker closed"] [category=ddl] [worker="worker 2, tp general"] ["take time"=3.641µs]
[2026/07/13 06:20:21.246 +00:00] [INFO] [job_worker.go:267] ["DDL worker closed"] [category=ddl] [worker="worker 3, tp general"] ["take time"=4.092µs]
[2026/07/13 06:20:21.246 +00:00] [INFO] [job_worker.go:267] ["DDL worker closed"] [category=ddl] [worker="worker 4, tp general"] ["take time"=4.289µs]
[2026/07/13 06:20:21.246 +00:00] [INFO] [manager.go:424] ["is not the owner"] [key=/tidb/ddl/fg/owner] [id=1398bac0-372a-4ca4-a18b-44d7744f11ad]
[2026/07/13 06:20:21.246 +00:00] [INFO] [manager.go:385] ["break campaign loop, context is done"] [key=/tidb/ddl/fg/owner] [id=1398bac0-372a-4ca4-a18b-44d7744f11ad]
[2026/07/13 06:20:21.247 +00:00] [INFO] [delete_range.go:162] ["closing delRange"] [category=ddl]
[2026/07/13 06:20:21.247 +00:00] [INFO] [session_pool.go:133] ["closing session pool"] [category=ddl]
[2026/07/13 06:20:21.248 +00:00] [INFO] [ddl.go:1159] ["DDL closed"] [category=ddl] [ID=1398bac0-372a-4ca4-a18b-44d7744f11ad] ["take time"=2.566259ms]
[2026/07/13 06:20:21.248 +00:00] [INFO] [ddl.go:850] ["stop DDL"] [category=ddl] [ID=1398bac0-372a-4ca4-a18b-44d7744f11ad]
[2026/07/13 06:20:21.248 +00:00] [INFO] [domain.go:483] ["stopping ttlJobManager"]
[2026/07/13 06:20:21.248 +00:00] [INFO] [runtime.go:202] ["TimerGroupRuntime loop exit"] [groupID=ttl]
[2026/07/13 06:20:21.248 +00:00] [INFO] [notifier.go:227] ["etcd notify loop to watch timer events stopped"] [EtcdKey=/tidb/timer/cluster/1/notify/97489da2-06b4-4ae4-8727-30e9354abd79]
[2026/07/13 06:20:21.248 +00:00] [INFO] [notifier.go:142] ["etcd watcher exited to watch timer events"] [EtcdKey=/tidb/timer/cluster/1/notify/97489da2-06b4-4ae4-8727-30e9354abd79] [watcherID=9b7ece0c-ece5-409b-b2a7-f29341ca6555]
[2026/07/13 06:20:21.248 +00:00] [INFO] [task_manager.go:225] ["shrink ttl worker"] [ttl-worker=job-manager] [ttl-worker=task-manager] [originalCount=4] [newCount=0]
[2026/07/13 06:20:21.248 +00:00] [INFO] [scan.go:379] ["ttlScanWorker loop exited."]
[2026/07/13 06:20:21.248 +00:00] [INFO] [scan.go:379] ["ttlScanWorker loop exited."]
[2026/07/13 06:20:21.248 +00:00] [INFO] [scan.go:379] ["ttlScanWorker loop exited."]
[2026/07/13 06:20:21.248 +00:00] [INFO] [scan.go:379] ["ttlScanWorker loop exited."]
[2026/07/13 06:20:21.248 +00:00] [INFO] [task_manager.go:225] ["shrink ttl worker"] [ttl-worker=job-manager] [ttl-worker=task-manager] [originalCount=4] [newCount=0]
[2026/07/13 06:20:21.249 +00:00] [INFO] [del.go:344] ["ttlDeleteWorker loop exited."]
[2026/07/13 06:20:21.249 +00:00] [INFO] [del.go:344] ["ttlDeleteWorker loop exited."]
[2026/07/13 06:20:21.249 +00:00] [INFO] [del.go:344] ["ttlDeleteWorker loop exited."]
[2026/07/13 06:20:21.249 +00:00] [INFO] [del.go:344] ["ttlDeleteWorker loop exited."]
[2026/07/13 06:20:21.249 +00:00] [INFO] [job_manager.go:183] ["ttlJobManager loop exited."] [ttl-worker=job-manager]
[2026/07/13 06:20:21.249 +00:00] [INFO] [job_manager.go:168] ["ttlJobManager loop exited."] [ttl-worker=job-manager]
[2026/07/13 06:20:21.249 +00:00] [INFO] [domain.go:494] ["ttlJobManager exited."]
[2026/07/13 06:20:21.249 +00:00] [INFO] [domain.go:2857] ["serverIDSession need restart"]
[2026/07/13 06:20:21.250 +00:00] [INFO] [domain.go:2722] ["releaseServerID succeed"] [serverID=583] [leaseID=7946213782937718997]
[2026/07/13 06:20:21.250 +00:00] [INFO] [domain.go:2789] ["serverIDKeeper exited."]
[2026/07/13 06:20:21.250 +00:00] [INFO] [domain.go:1236] ["stopping dist task scheduler manager because the current node is not DDL owner anymore"] [id=1398bac0-372a-4ca4-a18b-44d7744f11ad]
[2026/07/13 06:20:21.250 +00:00] [WARN] [scheduler_manager.go:255] ["get unfinished tasks failed"] [error="[tc-tikv-2.tc-tikv-peer.testbed-tps-8220955-1-213.svc.cluster.local:20160](1) context canceled"] [errorVerbose="[tc-tikv-2.tc-tikv-peer.testbed-tps-8220955-1-213.svc.cluster.local:20160](1) context canceled\ngithub.com/pingcap/errors.Trace\n\t/Users/bba/.gvm/pkgsets/go1.25.1/global/pkg/mod/github.com/pingcap/errors@v0.11.5-0.20260508054701-306e305bcf41/juju_adaptor.go:15\ngithub.com/pingcap/tidb/pkg/store/driver/error.ToTiDBErr\n\t/Users/bba/pc/tidb-ai-conflict-delete/pkg/store/driver/error/error.go:220\ngithub.com/pingcap/tidb/pkg/store/copr.(*copIteratorWorker).handleTaskOnce\n\t/Users/bba/pc/tidb-ai-conflict-delete/pkg/store/copr/coprocessor.go:1823\ngithub.com/pingcap/tidb/pkg/store/copr.(*liteCopIteratorWorker).liteSendReq\n\t/Users/bba/pc/tidb-ai-conflict-delete/pkg/store/copr/coprocessor.go:1549\ngithub.com/pingcap/tidb/pkg/store/copr.(*copIterator).Next\n\t/Users/bba/pc/tidb-ai-conflict-delete/pkg/store/copr/coprocessor.go:1435\ngithub.com/pingcap/tidb/pkg/distsql.(*selectResult).fetchRespWithIntermediateResults\n\t/Users/bba/pc/tidb-ai-conflict-delete/pkg/distsql/select_result.go:402\ngithub.com/pingcap/tidb/pkg/distsql.(*selectResult).fetchResp\n\t/Users/bba/pc/tidb-ai-conflict-delete/pkg/distsql/select_result.go:366\ngithub.com/pingcap/tidb/pkg/distsql.(*selectResult).Next\n\t/Users/bba/pc/tidb-ai-conflict-delete/pkg/distsql/select_result.go:504\ngithub.com/pingcap/tidb/pkg/executor.(*indexWorker).extractTaskHandles\n\t/Users/bba/pc/tidb-ai-conflict-delete/pkg/executor/distsql.go:1745\ngithub.com/pingcap/tidb/pkg/executor.(*indexWorker).extractLookupTaskData\n\t/Users/bba/pc/tidb-ai-conflict-delete/pkg/executor/distsql.go:1581\ngithub.com/pingcap/tidb/pkg/executor.(*indexWorker).fetchHandlesRolling\n\t/Users/bba/pc/tidb-ai-conflict-delete/pkg/executor/distsql.go:1530\ngithub.com/pingcap/tidb/pkg/executor.(*IndexLookUpExecutor).startIndexWorker.func1\n\t/Users/bba/pc/tidb-ai-conflict-delete/pkg/executor/distsql.go:930\ngithub.com/pingcap/tidb/pkg/executor.(*workerPool).run\n\t/Users/bba/pc/tidb-ai-conflict-delete/pkg/executor/utils.go:239\nruntime.goexit\n\t/Users/bba/.gvm/pkgsets/go1.25.1/global/pkg/mod/golang.org/toolchain@v0.0.1-go1.25.10.darwin-arm64/src/runtime/asm_amd64.s:1693"]
[2026/07/13 06:20:21.250 +00:00] [INFO] [scheduler_manager.go:222] ["schedule task loop exits"]
[2026/07/13 06:20:21.250 +00:00] [INFO] [domain.go:2182] ["gcStatsWorker ready to release owner"]
[2026/07/13 06:20:21.250 +00:00] [INFO] [manager.go:241] ["runaway watch sync loop exit"]
[2026/07/13 06:20:21.250 +00:00] [INFO] [wait_group_wrapper.go:150] ["background process exited"] [source=domain] [process=runawayWatchSyncLoop]
[2026/07/13 06:20:21.250 +00:00] [INFO] [flusher.go:89] ["flushing remaining records before stop"] [name=runaway-record]
[2026/07/13 06:20:21.250 +00:00] [INFO] [flusher.go:91] ["stopped flusher"] [name=runaway-record]
[2026/07/13 06:20:21.250 +00:00] [INFO] [flusher.go:89] ["flushing remaining records before stop"] [name=quarantine-record]
[2026/07/13 06:20:21.250 +00:00] [INFO] [flusher.go:91] ["stopped flusher"] [name=quarantine-record]
[2026/07/13 06:20:21.250 +00:00] [INFO] [flusher.go:89] ["flushing remaining records before stop"] [name=stale-quarantine-record]
[2026/07/13 06:20:21.250 +00:00] [INFO] [flusher.go:91] ["stopped flusher"] [name=stale-quarantine-record]
[2026/07/13 06:20:21.250 +00:00] [INFO] [manager.go:205] ["runaway record flush loop exit"]
[2026/07/13 06:20:21.250 +00:00] [INFO] [wait_group_wrapper.go:150] ["background process exited"] [source=domain] [process=runawayRecordFlushLoop]
[2026/07/13 06:20:21.250 +00:00] [INFO] [domain.go:2321] ["autoAnalyzeWorker exited."] [category=stats]
[2026/07/13 06:20:21.250 +00:00] [INFO] [wait_group_wrapper.go:150] ["background process exited"] [source=domain] [process=autoAnalyzeWorker]
[2026/07/13 06:20:21.250 +00:00] [INFO] [domain.go:2103] ["loadStatsWorker exited."]
[2026/07/13 06:20:21.250 +00:00] [INFO] [wait_group_wrapper.go:150] ["background process exited"] [source=domain] [process=loadStatsWorker]
[2026/07/13 06:20:21.250 +00:00] [INFO] [domain.go:2136] ["asyncLoadStats exited."]
[2026/07/13 06:20:21.250 +00:00] [INFO] [wait_group_wrapper.go:150] ["background process exited"] [source=domain] [process=asyncLoadHistogram]
[2026/07/13 06:20:21.253 +00:00] [INFO] [domain.go:1796] ["PlanReplayerTaskCollectHandle exited."]
[2026/07/13 06:20:21.253 +00:00] [INFO] [wait_group_wrapper.go:150] ["background process exited"] [source=domain] [process=PlanReplayerTaskCollectHandle]
[2026/07/13 06:20:21.253 +00:00] [INFO] [domain.go:2934] ["planCacheEvictTrigger exited."]
[2026/07/13 06:20:21.253 +00:00] [INFO] [wait_group_wrapper.go:150] ["background process exited"] [source=domain] [process=planCacheEvictTrigger]
[2026/07/13 06:20:21.253 +00:00] [INFO] [domain.go:2903] ["planCacheMetricsAndVars exited."]
[2026/07/13 06:20:21.253 +00:00] [INFO] [wait_group_wrapper.go:150] ["background process exited"] [source=domain] [process=planCacheMetricsAndVars]
[2026/07/13 06:20:21.253 +00:00] [INFO] [domain.go:1466] ["LoadSysVarCacheLoop exited."]
[2026/07/13 06:20:21.253 +00:00] [INFO] [wait_group_wrapper.go:150] ["background process exited"] [source=domain] [process=LoadSysVarCacheLoop]
[2026/07/13 06:20:21.253 +00:00] [INFO] [syncer.go:245] ["server info sync loop exited."]
[2026/07/13 06:20:21.253 +00:00] [INFO] [wait_group_wrapper.go:150] ["background process exited"] [source=domain] [process=infoSyncerKeeper]
[2026/07/13 06:20:21.253 +00:00] [INFO] [syncer.go:379] ["topology sync loop exited."]
[2026/07/13 06:20:21.253 +00:00] [INFO] [wait_group_wrapper.go:150] ["background process exited"] [source=domain] [process=topologySyncerKeeper]
[2026/07/13 06:20:21.253 +00:00] [INFO] [domain.go:2208] ["deltaUpdateTicker is going to exit, start to flush stats"]
[2026/07/13 06:20:21.254 +00:00] [INFO] [stats_syncload.go:255] ["SubLoadWorker: exits now because the domain is closed."] [category=stats]
[2026/07/13 06:20:21.254 +00:00] [INFO] [stats_syncload.go:245] ["SubLoadWorker: exited."] [category=stats]
[2026/07/13 06:20:21.254 +00:00] [INFO] [stats_syncload.go:255] ["SubLoadWorker: exits now because the domain is closed."] [category=stats]
[2026/07/13 06:20:21.254 +00:00] [INFO] [stats_syncload.go:245] ["SubLoadWorker: exited."] [category=stats]
[2026/07/13 06:20:21.254 +00:00] [INFO] [stats_syncload.go:255] ["SubLoadWorker: exits now because the domain is closed."] [category=stats]
[2026/07/13 06:20:21.254 +00:00] [INFO] [stats_syncload.go:245] ["SubLoadWorker: exited."] [category=stats]
[2026/07/13 06:20:21.254 +00:00] [INFO] [domain.go:2385] ["analyzeJobsCleanupWorker exited."]
[2026/07/13 06:20:21.254 +00:00] [INFO] [wait_group_wrapper.go:150] ["background process exited"] [source=domain] [process=analyzeJobsCleanupWorker]
[2026/07/13 06:20:21.254 +00:00] [INFO] [wait_group_wrapper.go:150] ["background process exited"] [source=domain] [process=loadSigningCertLoop]
[2026/07/13 06:20:21.254 +00:00] [INFO] [domain.go:2978] ["readTableCostWorker exited."]
[2026/07/13 06:20:21.254 +00:00] [INFO] [wait_group_wrapper.go:150] ["background process exited"] [source=domain] [process=readTableCostWorker]
[2026/07/13 06:20:21.254 +00:00] [INFO] [stats_syncload.go:255] ["SubLoadWorker: exits now because the domain is closed."] [category=stats]
[2026/07/13 06:20:21.254 +00:00] [INFO] [stats_syncload.go:245] ["SubLoadWorker: exited."] [category=stats]
[2026/07/13 06:20:21.254 +00:00] [INFO] [stats_syncload.go:255] ["SubLoadWorker: exits now because the domain is closed."] [category=stats]
[2026/07/13 06:20:21.254 +00:00] [INFO] [stats_syncload.go:245] ["SubLoadWorker: exited."] [category=stats]
[2026/07/13 06:20:21.254 +00:00] [INFO] [domain.go:2271] ["dumpColStatsUsageWorker exited."]
[2026/07/13 06:20:21.254 +00:00] [INFO] [wait_group_wrapper.go:150] ["background process exited"] [source=domain] [process=dumpColStatsUsageWorker]
[2026/07/13 06:20:21.254 +00:00] [INFO] [domain.go:2163] ["indexUsageWorker exited."]
[2026/07/13 06:20:21.254 +00:00] [INFO] [wait_group_wrapper.go:150] ["background process exited"] [source=domain] [process=indexUsageWorker]
[2026/07/13 06:20:21.254 +00:00] [INFO] [domain.go:1881] ["HistoricalStatsWorker exited."]
[2026/07/13 06:20:21.254 +00:00] [INFO] [wait_group_wrapper.go:150] ["background process exited"] [source=domain] [process=HistoricalStatsWorker]
[2026/07/13 06:20:21.254 +00:00] [INFO] [domain.go:1850] ["dumpFileGcChecker exited."]
[2026/07/13 06:20:21.254 +00:00] [INFO] [wait_group_wrapper.go:150] ["background process exited"] [source=domain] [process=dumpFileGcChecker]
[2026/07/13 06:20:21.255 +00:00] [INFO] [domain.go:1816] ["PlanReplayerTaskDumpHandle exited."]
[2026/07/13 06:20:21.255 +00:00] [INFO] [wait_group_wrapper.go:150] ["background process exited"] [source=domain] [process=PlanReplayerTaskDumpHandle]
[2026/07/13 06:20:21.255 +00:00] [INFO] [plan_replayer.go:411] ["planReplayerTaskDumpWorker exited."]
[2026/07/13 06:20:21.255 +00:00] [INFO] [domain.go:1392] ["loadPrivilegeInLoop exited."]
[2026/07/13 06:20:21.255 +00:00] [INFO] [wait_group_wrapper.go:150] ["background process exited"] [source=domain] [process=loadPrivilegeInLoop]
[2026/07/13 06:20:21.255 +00:00] [INFO] [wait_group_wrapper.go:150] ["background process exited"] [source=domain] [process=requestUnitsWriterLoop]
[2026/07/13 06:20:21.255 +00:00] [INFO] [domain.go:418] ["globalConfigSyncerKeeper exited."]
[2026/07/13 06:20:21.255 +00:00] [INFO] [wait_group_wrapper.go:150] ["background process exited"] [source=domain] [process=globalConfigSyncerKeeper]
[2026/07/13 06:20:21.255 +00:00] [INFO] [manager.go:420] ["watch owner finished"] [key=/tidb/br-stream/owner] [id=3b7ae3f7-dfb2-4102-8773-b9dfe6ec4f7e] []
[2026/07/13 06:20:21.255 +00:00] [INFO] [manager.go:333] ["retire owner"] [key=/tidb/br-stream/owner] [id=3b7ae3f7-dfb2-4102-8773-b9dfe6ec4f7e]
[2026/07/13 06:20:21.255 +00:00] [INFO] [manager.go:424] ["is not the owner"] [key=/tidb/br-stream/owner] [id=3b7ae3f7-dfb2-4102-8773-b9dfe6ec4f7e]
[2026/07/13 06:20:21.255 +00:00] [INFO] [manager.go:385] ["break campaign loop, context is done"] [key=/tidb/br-stream/owner] [id=3b7ae3f7-dfb2-4102-8773-b9dfe6ec4f7e]
[2026/07/13 06:20:21.255 +00:00] [WARN] [txn.go:712] ["wait tso failed"] [error="context canceled"]
[2026/07/13 06:20:21.255 +00:00] [INFO] [scheduler.go:191] ["schedule task exits"] [task-id=810002] [task-key=ImportInto/90002]
[2026/07/13 06:20:21.255 +00:00] [INFO] [scheduler_manager.go:392] ["task scheduler exit"] [task-id=810002] [task-key=ImportInto/90002]
[2026/07/13 06:20:21.255 +00:00] [INFO] [scheduler_manager.go:496] ["collect loop exits"]
[2026/07/13 06:20:21.255 +00:00] [INFO] [scheduler_manager.go:409] ["cleanup loop exits"]
[2026/07/13 06:20:21.255 +00:00] [INFO] [scheduler_manager.go:333] ["subtask history table gc loop exits"]
[2026/07/13 06:20:21.255 +00:00] [INFO] [manager.go:420] ["watch owner finished"] [key=/tidb/stats/owner] [id=1398bac0-372a-4ca4-a18b-44d7744f11ad] []
[2026/07/13 06:20:21.255 +00:00] [INFO] [manager.go:333] ["retire owner"] [key=/tidb/stats/owner] [id=1398bac0-372a-4ca4-a18b-44d7744f11ad]
[2026/07/13 06:20:21.255 +00:00] [INFO] [manager.go:424] ["is not the owner"] [key=/tidb/stats/owner] [id=1398bac0-372a-4ca4-a18b-44d7744f11ad]
[2026/07/13 06:20:21.255 +00:00] [INFO] [manager.go:385] ["break campaign loop, context is done"] [key=/tidb/stats/owner] [id=1398bac0-372a-4ca4-a18b-44d7744f11ad]
[2026/07/13 06:20:21.255 +00:00] [INFO] [manager.go:420] ["watch owner finished"] [key=/tidb/bindinfo/owner] [id=1398bac0-372a-4ca4-a18b-44d7744f11ad] []
[2026/07/13 06:20:21.255 +00:00] [INFO] [manager.go:333] ["retire owner"] [key=/tidb/bindinfo/owner] [id=1398bac0-372a-4ca4-a18b-44d7744f11ad]
[2026/07/13 06:20:21.255 +00:00] [INFO] [manager.go:424] ["is not the owner"] [key=/tidb/bindinfo/owner] [id=1398bac0-372a-4ca4-a18b-44d7744f11ad]
[2026/07/13 06:20:21.255 +00:00] [INFO] [manager.go:385] ["break campaign loop, context is done"] [key=/tidb/bindinfo/owner] [id=1398bac0-372a-4ca4-a18b-44d7744f11ad]
[2026/07/13 06:20:21.255 +00:00] [WARN] [client_batch.go:1309] ["batchRecvLoop receives response for canceled request"] [target=tc-tikv-2.tc-tikv-peer.testbed-tps-8220955-1-213.svc.cluster.local:20160] [conn=3] [forwardedHost=] [requestID=2191] [estimatedOneWayDelay=0s] [tidbDetails="EntryProgress{batch:6.6µs, size:1, send:9.23µs, ack:5.13ms, recv:5.13ms}"] [tikvDetails="wait_wall_time_ns:33304 process_wall_time_ns:144449 total_rpc_wall_time_ns:257642 kv_grpc_process_time_ns:16178 kv_grpc_wait_time_ns:14499 "]
[2026/07/13 06:20:21.256 +00:00] [INFO] [domain.go:2214] ["deltaUpdateTicker exit preprocessing finished"]
[2026/07/13 06:20:21.256 +00:00] [INFO] [wait_group_wrapper.go:150] ["background process exited"] [source=domain] [process=deltaUpdateTickerWorker]
[2026/07/13 06:20:21.256 +00:00] [WARN] [nodes.go:150] ["get managed nodes met error"] [category=dxf] [sampled=] [error="[tc-tikv-2.tc-tikv-peer.testbed-tps-8220955-1-213.svc.cluster.local:20160](1) context canceled"]
[2026/07/13 06:20:21.256 +00:00] [INFO] [domain.go:1238] ["dist task scheduler manager stopped"] [id=1398bac0-372a-4ca4-a18b-44d7744f11ad]
[2026/07/13 06:20:21.256 +00:00] [INFO] [domain.go:1221] ["stopping dist task executor manager"]
[2026/07/13 06:20:21.256 +00:00] [INFO] [manager.go:285] ["recoverMetaLoop done"]
[2026/07/13 06:20:21.256 +00:00] [INFO] [manager.go:157] ["handle tasks loop done"]
[2026/07/13 06:20:21.256 +00:00] [INFO] [domain.go:1223] ["dist task executor manager stopped"]
[2026/07/13 06:20:21.256 +00:00] [INFO] [wait_group_wrapper.go:150] ["background process exited"] [source=domain] [process=distTaskFrameworkLoop]
[2026/07/13 06:20:21.256 +00:00] [INFO] [domain.go:2195] ["gcStatsWorker exit preprocessing finished"]
[2026/07/13 06:20:21.256 +00:00] [INFO] [domain.go:2235] ["gcStatsWorker exited."]
[2026/07/13 06:20:21.256 +00:00] [INFO] [wait_group_wrapper.go:150] ["background process exited"] [source=domain] [process=gcStatsWorker]
[2026/07/13 06:20:21.256 +00:00] [INFO] [domain.go:1605] ["globalBindHandleWorkerLoop exited."]
[2026/07/13 06:20:21.256 +00:00] [INFO] [wait_group_wrapper.go:150] ["background process exited"] [source=domain] [process=globalBindHandleWorkerLoop]
[2026/07/13 06:20:21.256 +00:00] [INFO] [domain.go:390] ["topNSlowQueryLoop exited."]
[2026/07/13 06:20:21.256 +00:00] [INFO] [wait_group_wrapper.go:150] ["background process exited"] [source=domain] [process=topNSlowQueryLoop]
[2026/07/13 06:20:21.256 +00:00] [INFO] [wait_group_wrapper.go:150] ["background process exited"] [source=domain] [process=mdlCheckLoop]
[2026/07/13 06:20:21.256 +00:00] [INFO] [owner_daemon.go:87] ["daemon loop exits"] [id=3b7ae3f7-dfb2-4102-8773-b9dfe6ec4f7e] [daemon-id=LogBackup::Advancer]
[2026/07/13 06:20:21.256 +00:00] [INFO] [wait_group_wrapper.go:150] ["background process exited"] [source=domain] [process=logBackupAdvancer]
[2026/07/13 06:20:21.256 +00:00] [INFO] [syncer.go:304] ["info schema sync loop exited."]
[2026/07/13 06:20:21.256 +00:00] [INFO] [wait_group_wrapper.go:150] ["background process exited"] [source=domain] [process=loadSchemaInLoop]
[2026/07/13 06:20:21.256 +00:00] [INFO] [domain.go:978] ["closestReplicaReadCheckLoop exited."]
[2026/07/13 06:20:21.256 +00:00] [INFO] [wait_group_wrapper.go:150] ["background process exited"] [source=domain] [process=closestReplicaReadCheckLoop]
[2026/07/13 06:20:21.256 +00:00] [INFO] [flush_subscriber.go:123] [Clearing.] [category="log backup flush subscriber"] [timeout=1m0s]
[2026/07/13 06:20:21.256 +00:00] [INFO] [queue.go:715] ["Priority queue stopped"] [category=stats]
[2026/07/13 06:20:21.256 +00:00] [INFO] [advancer_cliext.go:194] ["Start collecting remaining events in the channel."] [category="log backup advancer"] [remained=0]
[2026/07/13 06:20:21.256 +00:00] [INFO] [advancer_cliext.go:199] ["Finish collecting remaining events in the channel."] [category="log backup advancer"]
[2026/07/13 06:20:21.327 +00:00] [INFO] [domain.go:549] ["domain closed"] ["take time"=81.082652ms]
[2026/07/13 06:20:21.327 +00:00] [INFO] [gc_worker.go:243] [quit] [category="gc worker"] [uuid=67d68780d2c0003]
[2026/07/13 06:20:21.329 +00:00] [INFO] [client.go:356] ["[pd] http client closed"] [source=tikv-driver]
[2026/07/13 06:20:21.329 +00:00] [INFO] [inner_client.go:96] ["[pd] exit router client initializer"]
[2026/07/13 06:20:21.329 +00:00] [INFO] [dispatcher.go:208] ["[tso] stop fetching the pending tso requests due to context canceled"]
[2026/07/13 06:20:21.329 +00:00] [INFO] [dispatcher.go:150] ["[tso] exit tso dispatcher"]
[2026/07/13 06:20:21.329 +00:00] [INFO] [watcher.go:73] ["[pd] exit the deadline watcher"] [source=tso]
[2026/07/13 06:20:21.329 +00:00] [INFO] [client.go:273] ["[tso] exit tso connection contexts updater"]
[2026/07/13 06:20:21.329 +00:00] [INFO] [stream.go:360] ["tsoStream.recvLoop ended"] [stream=tc-pd-0.tc-pd-peer.testbed-tps-8220955-1-213.svc.cluster.local:2379-1] [error="rpc error: code = Canceled desc = context canceled"]
[2026/07/13 06:20:21.329 +00:00] [INFO] [resource_manager_client.go:341] ["[resource manager] exit resource token dispatcher"]
[2026/07/13 06:20:21.329 +00:00] [INFO] [router_service_discovery.go:304] ["[router service] exit health check member loop"]
[2026/07/13 06:20:21.329 +00:00] [INFO] [router_service_discovery.go:262] ["[router service] exit check member loop"]
[2026/07/13 06:20:21.329 +00:00] [INFO] [service_discovery.go:555] ["[pd] exit member loop due to context canceled"]
[2026/07/13 06:20:21.329 +00:00] [INFO] [router_service_discovery.go:276] ["[router service] closing router service discovery"]
[2026/07/13 06:20:21.329 +00:00] [INFO] [router_service_discovery.go:292] ["[router service] is closed"]
[2026/07/13 06:20:21.329 +00:00] [INFO] [client.go:155] ["[tso] closing tso client"]
[2026/07/13 06:20:21.329 +00:00] [INFO] [client.go:160] ["[tso] close tso client"]
[2026/07/13 06:20:21.329 +00:00] [INFO] [client.go:162] ["[tso] tso client is closed"]
[2026/07/13 06:20:21.329 +00:00] [INFO] [service_discovery.go:646] ["[pd] close service discovery client"]
[2026/07/13 06:20:21.329 +00:00] [INFO] [inner_client.go:275] ["[pd] close client successfully"]
[2026/07/13 06:20:21.329 +00:00] [INFO] [cgmon.go:79] ["cgroup monitor stopped"]
[2026/07/13 06:20:21.329 +00:00] [INFO] [cpuprofile.go:130] ["parallel cpu profiler stopped"]
