[2026/07/13 06:20:29.434 +00:00] [INFO] [meminfo.go:179] ["use cgroup memory hook because TiDB is in the container"]
[2026/07/13 06:20:29.434 +00:00] [INFO] [cpuprofile.go:113] ["parallel cpu profiler started"]
[2026/07/13 06:20:29.434 +00:00] [INFO] [cgmon.go:62] ["cgroup monitor started"]
[2026/07/13 06:20:29.434 +00:00] [INFO] [printer.go:77] ["Welcome to TiDB."] ["Release Version"=v8.4.0-this-is-a-placeholder] [Edition=Community] ["Git Commit Hash"=None] ["Git Branch"=None] ["UTC Build Time"=None] [GoVersion=go1.25.10] ["Race Enabled"=false] ["Check Table Before Drop"=false] ["Kernel Type"=Classic]
[2026/07/13 06:20:29.435 +00:00] [INFO] [printer.go:82] ["loaded config"] [config="{\"host\":\"0.0.0.0\",\"advertise-address\":\"10.200.11.9\",\"port\":14002,\"cors\":\"\",\"store\":\"tikv\",\"path\":\"tc-pd:2379\",\"socket\":\"/tmp/tidb-ai-conflict-red-once-14002.sock\",\"lease\":\"45s\",\"split-table\":true,\"token-limit\":1000,\"max-allowed-packet\":67108864,\"temp-dir\":\"/tmp/tidb-ai-conflict-red-once-tmp\",\"tmp-storage-path\":\"/tmp/0_tidb/MC4wLjAuMDoxNDAwMi8wLjAuMC4wOjE4MDgy/tmp-storage\",\"tmp-storage-quota\":-1,\"server-version\":\"\",\"version-comment\":\"\",\"tidb-edition\":\"\",\"tidb-release-version\":\"\",\"deploy-mode\":\"premium\",\"dxf-resource-limit\":100,\"keyspace-name\":\"\",\"tikv-worker-url\":\"\",\"log\":{\"level\":\"info\",\"format\":\"text\",\"disable-timestamp\":null,\"enable-timestamp\":null,\"disable-error-stack\":null,\"enable-error-stack\":null,\"file\":{\"filename\":\"/tmp/tidb-ai-conflict-red-once.log\",\"max-size\":300,\"max-days\":0,\"max-backups\":0,\"compression\":\"\",\"is-buffered\":false,\"buffer-size\":0,\"buffer-flush-interval\":0},\"slow-query-file\":\"tidb-slow.log\",\"expensive-threshold\":10000,\"general-log-file\":\"\",\"query-log-max-len\":4096,\"enable-slow-log\":true,\"slow-threshold\":300,\"record-plan-in-slow-log\":1,\"timeout\":0},\"instance\":{\"tidb_general_log\":false,\"tidb_pprof_sql_cpu\":false,\"ddl_slow_threshold\":300,\"tidb_expensive_query_time_threshold\":60,\"tidb_expensive_txn_time_threshold\":600,\"tidb_stmt_summary_enable_persistent\":false,\"tidb_stmt_summary_filename\":\"tidb-statements.log\",\"tidb_stmt_summary_file_max_days\":3,\"tidb_stmt_summary_file_max_size\":64,\"tidb_stmt_summary_file_max_backups\":0,\"tidb_stmt_summary_max_stmt_count\":0,\"tidb_server_memory_limit\":\"\",\"tidb_mem_arbitrator_mode\":\"\",\"tidb_mem_arbitrator_soft_limit\":\"\",\"tidb_server_memory_limit_gc_trigger\":\"\",\"tidb_instance_plan_cache_max_size\":\"\",\"tidb_stats_cache_mem_quota\":0,\"tidb_mem_quota_binding_cache\":0,\"tidb_schema_cache_size\":\"\",\"tidb_enable_slow_log\":true,\"tidb_slow_log_threshold\":300,\"tidb_record_plan_in_slow_log\":1,\"tidb_check_mb4_value_in_utf8\":true,\"tidb_force_priority\":\"NO_PRIORITY\",\"tidb_memory_usage_alarm_ratio\":0.8,\"tidb_enable_collect_execution_info\":true,\"plugin_dir\":\"/data/deploy/plugin\",\"plugin_load\":\"\",\"plugin_audit_log_buffer_size\":0,\"plugin_audit_log_flush_interval\":30,\"max_connections\":0,\"tidb_enable_ddl\":true,\"tidb_enable_stats_owner\":true,\"tidb_rc_read_check_ts\":false,\"tidb_service_scope\":\"\"},\"security\":{\"skip-grant-table\":false,\"ssl-ca\":\"\",\"ssl-cert\":\"\",\"ssl-key\":\"\",\"cluster-ssl-ca\":\"\",\"cluster-ssl-cert\":\"\",\"cluster-ssl-key\":\"\",\"cluster-verify-cn\":null,\"session-token-signing-cert\":\"\",\"session-token-signing-key\":\"\",\"spilled-file-encryption-method\":\"plaintext\",\"enable-sem\":false,\"sem-config\":\"\",\"auto-tls\":false,\"tls-version\":\"\",\"rsa-key-size\":4096,\"secure-bootstrap\":false,\"auth-token-jwks\":\"\",\"auth-token-refresh-interval\":\"1h0m0s\",\"disconnect-on-expired-password\":true},\"status\":{\"status-host\":\"0.0.0.0\",\"metrics-addr\":\"\",\"status-port\":18082,\"metrics-interval\":15,\"report-status\":true,\"record-db-qps\":false,\"record-db-label\":false,\"grpc-keepalive-time\":10,\"grpc-keepalive-timeout\":3,\"grpc-concurrent-streams\":1024,\"grpc-initial-window-size\":2097152,\"grpc-max-send-msg-size\":2147483647},\"performance\":{\"max-procs\":0,\"max-memory\":0,\"server-memory-quota\":0,\"stats-lease\":\"3s\",\"stmt-count-limit\":5000,\"pseudo-estimate-ratio\":0.8,\"bind-info-lease\":\"3s\",\"txn-entry-size-limit\":6291456,\"txn-total-size-limit\":104857600,\"tcp-keep-alive\":true,\"tcp-no-delay\":true,\"cross-join\":true,\"distinct-agg-push-down\":false,\"max-txn-ttl\":3600000,\"index-usage-sync-lease\":\"\",\"plan-replayer-gc-lease\":\"10m\",\"gogc\":100,\"enforce-mpp\":false,\"stats-load-concurrency\":0,\"stats-load-queue-size\":1000,\"analyze-partition-concurrency-quota\":16,\"plan-replayer-dump-worker-concurrency\":1,\"enable-stats-cache-mem-quota\":true,\"committer-concurrency\":128,\"run-auto-analyze\":true,\"force-priority\":\"NO_PRIORITY\",\"memory-usage-alarm-ratio\":0.8,\"enable-load-fmsketch\":false,\"skip-init-stats\":false,\"lite-init-stats\":true,\"force-init-stats\":true,\"concurrently-init-stats\":true,\"projection-push-down\":true,\"enable-async-batch-get\":true},\"prepared-plan-cache\":{\"enabled\":true,\"capacity\":100,\"memory-guard-ratio\":0.1},\"opentracing\":{\"enable\":false,\"rpc-metrics\":false,\"sampler\":{\"type\":\"const\",\"param\":1,\"sampling-server-url\":\"\",\"max-operations\":0,\"sampling-refresh-interval\":0},\"reporter\":{\"queue-size\":0,\"buffer-flush-interval\":0,\"log-spans\":false,\"local-agent-host-port\":\"\"}},\"proxy-protocol\":{\"networks\":\"\",\"header-timeout\":5,\"fallbackable\":true},\"pd-client\":{\"pd-server-timeout\":3},\"tikv-client\":{\"grpc-connection-count\":4,\"grpc-keepalive-time\":10,\"grpc-keepalive-timeout\":3,\"grpc-compression-type\":\"none\",\"grpc-shared-buffer-pool\":false,\"grpc-initial-window-size\":134217728,\"grpc-initial-conn-window-size\":134217728,\"commit-timeout\":\"41s\",\"async-commit\":{\"keys-limit\":256,\"total-key-size-limit\":4096,\"safe-window\":2000000000,\"allowed-clock-drift\":500000000},\"batch-policy\":\"standard\",\"max-batch-size\":128,\"overload-threshold\":200,\"max-batch-wait-time\":0,\"batch-wait-size\":8,\"enable-chunk-rpc\":true,\"region-cache-ttl\":600,\"store-limit\":0,\"store-liveness-timeout\":\"1s\",\"copr-cache\":{\"capacity-mb\":1000},\"copr-req-timeout\":60000000000,\"ttl-refreshed-txn-size\":33554432,\"resolve-lock-lite-threshold\":512,\"max-concurrency-request-limit\":9223372036854775807,\"enable-replica-selector-v2\":true,\"ru-v2\":{\"ru-scale\":2.1,\"tikv-kv-engine-cache-miss\":0.45975389,\"resource-manager-write-cnt-tikv\":0.09642181,\"executor-inputs\":0.0000315,\"tikv-coprocessor-executor-iterations\":0.05775369,\"tikv-coprocessor-response-bytes\":8.7e-7,\"tikv-raftstore-store-write-trigger-wb-bytes\":0.000061,\"tikv-storage-processed-keys-batch-get\":0.00266791,\"tikv-storage-processed-keys-get\":0.01416829}},\"ru-v2\":{\"ru-scale\":2.01,\"result-chunk-cells\":0.0001,\"executor-l1\":0.00013278,\"executor-l2\":0.00000383,\"executor-l3\":0.00141739,\"executor-l5-insert-rows\":0.00472572,\"plan-cnt\":0.15392217,\"plan-derive-stats-paths\":0.24968182,\"resource-manager-read-cnt\":0.02072003,\"resource-manager-write-cnt\":0.07179779,\"write-keys\":0.330760861554226,\"session-parser-total\":0.19230499,\"txn-cnt\":0.03013709},\"compatible-kill-query\":false,\"pessimistic-txn\":{\"max-retry-count\":256,\"deadlock-history-capacity\":10,\"deadlock-history-collect-retryable\":false,\"pessimistic-auto-commit\":false,\"constraint-check-in-place-pessimistic\":true},\"max-index-length\":3072,\"index-limit\":64,\"table-column-count-limit\":1017,\"graceful-wait-before-shutdown\":0,\"alter-primary-key\":false,\"treat-old-version-utf8-as-utf8mb4\":true,\"enable-table-lock\":false,\"delay-clean-table-lock\":0,\"split-region-max-num\":1000,\"top-sql\":{\"receiver-address\":\"\"},\"repair-mode\":false,\"repair-table-list\":[],\"isolation-read\":{\"engines\":[\"tikv\",\"tiflash\",\"tidb\"]},\"new_collations_enabled_on_first_bootstrap\":true,\"experimental\":{\"allow-expression-index\":false},\"skip-register-to-dashboard\":false,\"enable-telemetry\":false,\"labels\":{},\"error-msg-extension\":null,\"keyspace-observability\":{},\"enable-global-index\":false,\"deprecate-integer-display-length\":true,\"enable-enum-length-limit\":true,\"stores-refresh-interval\":60,\"enable-tcp4-only\":false,\"enable-forwarding\":false,\"max-ballast-object-size\":0,\"ballast-object-size\":0,\"transaction-summary\":{\"transaction-summary-capacity\":500,\"transaction-id-digest-min-duration\":2147483647},\"enable-global-kill\":true,\"enable-32bits-connection-id\":true,\"initialize-sql-file\":\"\",\"keyspace-activate\":false,\"standby\":{\"standby-mode\":false,\"max-idle-seconds\":0,\"activation-timeout\":0,\"enable-zero-backend\":false},\"starter-params\":{},\"external-workload\":{},\"enable-batch-dml\":false,\"mem-quota-query\":1073741824,\"oom-action\":\"cancel\",\"oom-use-tmp-storage\":true,\"check-mb4-value-in-utf8\":true,\"enable-collect-execution-info\":true,\"plugin\":{\"dir\":\"/data/deploy/plugin\",\"load\":\"\"},\"max-server-connections\":0,\"run-ddl\":true,\"disaggregated-tiflash\":false,\"autoscaler-type\":\"aws\",\"autoscaler-addr\":\"tiflash-autoscale-lb.tiflash-autoscale.svc.cluster.local:8081\",\"is-tiflashcompute-fixed-pool\":false,\"autoscaler-cluster-id\":\"\",\"use-autoscaler\":false,\"tidb-max-reuse-chunk\":64,\"tidb-max-reuse-column\":256,\"tidb-enable-exit-check\":false,\"in-mem-slow-query-topn-num\":30,\"in-mem-slow-query-recent-num\":500,\"metering-storage-uri\":\"\",\"cse\":{\"columnar-store-type\":\"tiflash\",\"columnar-collect-timeout\":5000000000}}"]
[2026/07/13 06:20:29.435 +00:00] [INFO] [main.go:654] ["disable Prometheus push client"]
[2026/07/13 06:20:29.435 +00:00] [INFO] [store.go:95] ["new store"] [path=tikv://tc-pd:2379]
[2026/07/13 06:20:29.436 +00:00] [INFO] [cgmon.go:132] ["set the maxprocs"] [quota=1]
[2026/07/13 06:20:29.436 +00:00] [INFO] [cgmon.go:155] ["set the memory limit"] [memLimit=524288000]
[2026/07/13 06:20:29.436 +00:00] [INFO] [systime_mon.go:26] ["start system time monitor"]
[2026/07/13 06:20:29.442 +00:00] [INFO] [service_discovery.go:1004] ["[pd] update member urls"] [old-sorted-urls="[http://tc-pd:2379]"] [new-sorted-urls="[http://tc-pd-0.tc-pd-peer.testbed-tps-8220955-1-213.svc.cluster.local:2379]"]
[2026/07/13 06:20:29.443 +00:00] [INFO] [service_discovery.go:1023] ["[pd] switch leader"] [new-leader=http://tc-pd-0.tc-pd-peer.testbed-tps-8220955-1-213.svc.cluster.local:2379] [old-leader=]
[2026/07/13 06:20:29.443 +00:00] [INFO] [service_discovery.go:502] ["[pd] init cluster id"] [cluster-id=7660458574147744569]
[2026/07/13 06:20:29.531 +00:00] [INFO] [client.go:210] ["[tso] switch the tso leader serving url"] [new-url=http://tc-pd-0.tc-pd-peer.testbed-tps-8220955-1-213.svc.cluster.local:2379]
[2026/07/13 06:20:29.531 +00:00] [INFO] [inner_client.go:173] ["[pd] tso provider changed to pd"]
[2026/07/13 06:20:29.531 +00:00] [INFO] [watcher.go:56] ["[pd] start the deadline watcher"] [source=tso]
[2026/07/13 06:20:29.531 +00:00] [INFO] [dispatcher.go:147] ["[tso] tso dispatcher created"]
[2026/07/13 06:20:29.531 +00:00] [INFO] [dispatcher.go:594] ["[tso] switching tso rpc concurrency"] [old=0] [new=1]
[2026/07/13 06:20:29.531 +00:00] [INFO] [client.go:247] ["[tso] start tso connection contexts updater"]
[2026/07/13 06:20:29.532 +00:00] [INFO] [inner_client.go:154] ["[pd] service mode changed"] [new-mode=PD_SVC_MODE]
[2026/07/13 06:20:29.532 +00:00] [INFO] [router_service_discovery.go:151] ["[router service] created router service discovery"] [cluster-id=7660458574147744569] [keyspace-id=4294967295] [default-discovery-key=/ms/7660458574147744569/router/registry/]
[2026/07/13 06:20:29.532 +00:00] [INFO] [router_service_discovery.go:163] ["[router service] initializing router service discovery"] [max-retry-times=100] [retry-interval=1s]
[2026/07/13 06:20:29.533 +00:00] [INFO] [router_service_discovery.go:249] ["[router service] update member sorted urls"] [new-sorted-urls="[]"]
[2026/07/13 06:20:29.533 +00:00] [INFO] [router_service_discovery.go:234] ["[router service] updating nodes succeeded"] [urls="[]"] [clients-length=0]
[2026/07/13 06:20:29.533 +00:00] [INFO] [tikv_driver.go:194] ["using API V1."]
[2026/07/13 06:20:29.533 +00:00] [INFO] [client.go:417] ["[router] connection daemon is started"]
[2026/07/13 06:20:29.533 +00:00] [INFO] [client.go:502] ["[router] successfully established the leader router stream connection"] [url=http://tc-pd-0.tc-pd-peer.testbed-tps-8220955-1-213.svc.cluster.local:2379]
[2026/07/13 06:20:29.533 +00:00] [INFO] [client.go:578] ["[router] dispatcher is started"]
[2026/07/13 06:20:29.533 +00:00] [INFO] [inner_client.go:91] ["[pd] start router client initializer"]
[2026/07/13 06:20:29.533 +00:00] [INFO] [metamanager.go:146] ["return meta service group info"] [meta-service-info="{\"PDAddrs\":[\"tc-pd-0.tc-pd-peer.testbed-tps-8220955-1-213.svc.cluster.local:2379\"],\"Group\":{\"GroupID\":\"0\",\"Addrs\":[\"tc-pd-0.tc-pd-peer.testbed-tps-8220955-1-213.svc.cluster.local:2379\"]}}"]
[2026/07/13 06:20:29.536 +00:00] [INFO] [store.go:104] ["new store with retry success"]
[2026/07/13 06:20:29.539 +00:00] [INFO] [store_cache.go:572] ["change store resolve state"] [store=1] [addr=tc-tikv-0.tc-tikv-peer.testbed-tps-8220955-1-213.svc.cluster.local:20160] [from=unresolved] [to=resolved] [liveness-state=reachable]
[2026/07/13 06:20:29.539 +00:00] [INFO] [store_cache.go:572] ["change store resolve state"] [store=4] [addr=tc-tikv-1.tc-tikv-peer.testbed-tps-8220955-1-213.svc.cluster.local:20160] [from=unresolved] [to=resolved] [liveness-state=reachable]
[2026/07/13 06:20:29.539 +00:00] [INFO] [store_cache.go:572] ["change store resolve state"] [store=5] [addr=tc-tikv-2.tc-tikv-peer.testbed-tps-8220955-1-213.svc.cluster.local:20160] [from=unresolved] [to=resolved] [liveness-state=reachable]
[2026/07/13 06:20:29.547 +00:00] [INFO] [session.go:4348] ["cluster already bootstrapped"] [version=261]
[2026/07/13 06:20:29.547 +00:00] [INFO] [tidb.go:103] ["new domain"] [store=tikv-7660458574147744569/] ["ddl lease"=45s] ["stats lease"=3s]
[2026/07/13 06:20:29.627 +00:00] [INFO] [info.go:279] ["init TiFlashReplicaManager"]
[2026/07/13 06:20:29.638 +00:00] [INFO] [domain.go:2697] [acquireServerID] [serverID=1325] ["lease id"=6e469f55b150d62a]
[2026/07/13 06:20:29.639 +00:00] [INFO] [global_controller.go:219] ["load resource controller config"] [config="{\"degraded-mode-wait-duration\":\"0s\",\"ltb-max-wait-duration\":\"30s\",\"ltb-token-rpc-max-delay\":\"1s\",\"request-unit\":{\"read-base-cost\":0.125,\"read-per-batch-base-cost\":0.5,\"read-cost-per-byte\":0.0000152587890625,\"write-base-cost\":1,\"write-per-batch-base-cost\":1,\"write-cost-per-byte\":0.0009765625,\"read-cpu-ms-cost\":0.3333333333333333},\"enable-controller-trace-log\":\"false\",\"token-rpc-params\":{\"wait-retry-interval\":\"50ms\",\"wait-retry-times\":20}}"] [ru-config="{\"ReadBaseCost\":0.125,\"ReadPerBatchBaseCost\":0.5,\"ReadBytesCost\":0.0000152587890625,\"WriteBaseCost\":1,\"WritePerBatchBaseCost\":1,\"WriteBytesCost\":0.0009765625,\"CPUMsCost\":0.3333333333333333,\"LTBMaxWaitDuration\":30000000000,\"WaitRetryInterval\":50000000,\"WaitRetryTimes\":20,\"DegradedModeWaitDuration\":0}"] [keyspace-id=4294967295]
[2026/07/13 06:20:30.031 +00:00] [INFO] [loader.go:281] ["full load InfoSchema success"] [mode=auto] [isV2=true] [currentSchemaVersion=0] [neededSchemaVersion=9079] ["elapsed time"=388.593589ms]
[2026/07/13 06:20:30.032 +00:00] [INFO] [syncer.go:456] ["full load and reset schema validator"]
[2026/07/13 06:20:30.039 +00:00] [INFO] [ddl.go:1070] ["change job version in use"] [category=ddl] [old=v1] [new=v2]
[2026/07/13 06:20:30.039 +00:00] [INFO] [ddl.go:994] ["job version in use is not v2 or global index v1 not supported, maybe in upgrade, start detecting"] [category=ddl] [current=v2] [globalIndexV1Supported=false]
[2026/07/13 06:20:30.039 +00:00] [INFO] [ddl.go:883] ["start DDL"] [category=ddl] [ID=51d9d750-055f-45b4-b385-ca47d7519180] [runWorker=true] [jobVersion=v2] [startMode=normal]
[2026/07/13 06:20:30.039 +00:00] [INFO] [ddl.go:858] ["start delRangeManager OK"] [category=ddl] ["is a emulator"=false]
[2026/07/13 06:20:30.041 +00:00] [INFO] [manager.go:289] ["start campaign owner"] [key=/tidb/ddl/fg/owner] [id=51d9d750-055f-45b4-b385-ca47d7519180]
[2026/07/13 06:20:30.042 +00:00] [INFO] [env.go:123] ["the ingest sorted directory"] [category=ddl-ingest] ["data path"=/tmp/tidb-ai-conflict-red-once-tmp/tmp_ddl-14002]
[2026/07/13 06:20:30.042 +00:00] [WARN] [env.go:84] ["ingest backfill may not be available"] [category=ddl-ingest] [error="the available disk space(106077868032) in /tmp/tidb-ai-conflict-red-once-tmp/tmp_ddl-14002 should be greater than @@tidb_ddl_disk_quota(107374182400)"]
[2026/07/13 06:20:30.042 +00:00] [INFO] [env.go:88] ["init global ingest backend environment finished"] [category=ddl-ingest] ["memory limitation"=262144000] ["disk usage info"="disk usage: 361716264960/467794132992, backend usage: 0"] ["max open file number"=1073741816] ["lightning is initialized"=true]
[2026/07/13 06:20:30.042 +00:00] [INFO] [wait_group_wrapper.go:141] ["background process started"] [source=domain] [process=loadSchemaInLoop]
[2026/07/13 06:20:30.042 +00:00] [INFO] [wait_group_wrapper.go:141] ["background process started"] [source=domain] [process=mdlCheckLoop]
[2026/07/13 06:20:30.042 +00:00] [INFO] [wait_group_wrapper.go:141] ["background process started"] [source=domain] [process=topNSlowQueryLoop]
[2026/07/13 06:20:30.042 +00:00] [INFO] [wait_group_wrapper.go:141] ["background process started"] [source=domain] [process=infoSyncerKeeper]
[2026/07/13 06:20:30.042 +00:00] [INFO] [wait_group_wrapper.go:141] ["background process started"] [source=domain] [process=globalConfigSyncerKeeper]
[2026/07/13 06:20:30.042 +00:00] [INFO] [wait_group_wrapper.go:141] ["background process started"] [source=domain] [process=runawayRecordFlushLoop]
[2026/07/13 06:20:30.042 +00:00] [INFO] [wait_group_wrapper.go:141] ["background process started"] [source=domain] [process=runawayWatchSyncLoop]
[2026/07/13 06:20:30.042 +00:00] [INFO] [wait_group_wrapper.go:141] ["background process started"] [source=domain] [process=requestUnitsWriterLoop]
[2026/07/13 06:20:30.042 +00:00] [INFO] [wait_group_wrapper.go:141] ["background process started"] [source=domain] [process=topologySyncerKeeper]
[2026/07/13 06:20:30.042 +00:00] [INFO] [wait_group_wrapper.go:141] ["background process started"] [source=domain] [process=closestReplicaReadCheckLoop]
[2026/07/13 06:20:30.042 +00:00] [INFO] [owner_daemon.go:70] ["begin advancer daemon"] [daemon-id=LogBackup::Advancer]
[2026/07/13 06:20:30.042 +00:00] [INFO] [manager.go:289] ["start campaign owner"] [key=/tidb/br-stream/owner] [id=156f2cf2-7ac8-4a21-80dd-98f5cf4a9625]
[2026/07/13 06:20:30.044 +00:00] [INFO] [manager.go:499] ["get owner"] [key=/tidb/ddl/fg/owner] ["owner key"=/tidb/ddl/fg/owner/6e469f55b150d637] [ownerID=51d9d750-055f-45b4-b385-ca47d7519180]
[2026/07/13 06:20:30.044 +00:00] [INFO] [manager.go:324] ["become owner"] [key=/tidb/ddl/fg/owner] [id=51d9d750-055f-45b4-b385-ca47d7519180]
[2026/07/13 06:20:30.044 +00:00] [INFO] [manager.go:588] ["watching owner key"] [key=/tidb/ddl/fg/owner] [id=51d9d750-055f-45b4-b385-ca47d7519180] [ownerKey=/tidb/ddl/fg/owner/6e469f55b150d637] [currRev=229817]
[2026/07/13 06:20:30.044 +00:00] [INFO] [wait_group_wrapper.go:141] ["background process started"] [source=domain] [process=logBackupAdvancer]
[2026/07/13 06:20:30.044 +00:00] [WARN] [sysvar_cache.go:53] ["sysvar cache is empty, triggering rebuild"]
[2026/07/13 06:20:30.045 +00:00] [INFO] [owner_daemon.go:81] ["begin running daemon"] [id=156f2cf2-7ac8-4a21-80dd-98f5cf4a9625] [daemon-id=LogBackup::Advancer]
[2026/07/13 06:20:30.045 +00:00] [WARN] [global_controller.go:819] ["[resource group controller] resource group name does not exist"] [name=default]
[2026/07/13 06:20:30.045 +00:00] [INFO] [manager.go:499] ["get owner"] [key=/tidb/br-stream/owner] ["owner key"=/tidb/br-stream/owner/6e469f55b150d639] [ownerID=156f2cf2-7ac8-4a21-80dd-98f5cf4a9625]
[2026/07/13 06:20:30.045 +00:00] [INFO] [manager.go:324] ["become owner"] [key=/tidb/br-stream/owner] [id=156f2cf2-7ac8-4a21-80dd-98f5cf4a9625]
[2026/07/13 06:20:30.045 +00:00] [INFO] [manager.go:588] ["watching owner key"] [key=/tidb/br-stream/owner] [id=156f2cf2-7ac8-4a21-80dd-98f5cf4a9625] [ownerKey=/tidb/br-stream/owner/6e469f55b150d639] [currRev=229817]
[2026/07/13 06:20:30.046 +00:00] [INFO] [job_scheduler.go:362] ["get global state and global state change"] [category=ddl] [oldState=false] [currState=false]
[2026/07/13 06:20:30.046 +00:00] [INFO] [manager.go:533] ["set owner op is the same as the original, so do nothing."] [key=/tidb/ddl/fg/owner] [id=51d9d750-055f-45b4-b385-ca47d7519180] [op=none]
[2026/07/13 06:20:30.046 +00:00] [INFO] [job_scheduler.go:374] ["the owner sets owner operator value"] [category=ddl] [ownerOp=none]
[2026/07/13 06:20:30.048 +00:00] [INFO] [sysvar.go:3362] ["set resource control"] [enable=true]
[2026/07/13 06:20:30.049 +00:00] [INFO] [inner_client.go:103] ["[pd] notified to disable the router client"]
[2026/07/13 06:20:30.049 +00:00] [INFO] [client.go:318] ["[router] closing router client"]
[2026/07/13 06:20:30.049 +00:00] [INFO] [client.go:599] ["[router] stop fetching the pending router requests due to context canceled"]
[2026/07/13 06:20:30.049 +00:00] [INFO] [client.go:580] ["[router] dispatcher is exiting"]
[2026/07/13 06:20:30.049 +00:00] [INFO] [client.go:585] ["[router] dispatcher exited"]
[2026/07/13 06:20:30.049 +00:00] [INFO] [client.go:427] ["[router] follower handle status changed"] [enable=true]
[2026/07/13 06:20:30.049 +00:00] [ERROR] [client.go:524] ["[router] failed to create the router stream connection"] [error="rpc error: code = Canceled desc = context canceled"]
[2026/07/13 06:20:30.049 +00:00] [INFO] [client.go:423] ["[router] connection daemon is exiting"]
[2026/07/13 06:20:30.049 +00:00] [INFO] [client.go:323] ["[router] router client is closed"]
[2026/07/13 06:20:30.049 +00:00] [INFO] [global_controller.go:577] ["[resource group controller] create resource group cost controller"] [name=default]
[2026/07/13 06:20:30.049 +00:00] [INFO] [wait_group_wrapper.go:141] ["background process started"] [source=domain] [process=loadPrivilegeInLoop]
[2026/07/13 06:20:30.127 +00:00] [INFO] [wait_group_wrapper.go:141] ["background process started"] [source=domain] [process=LoadSysVarCacheLoop]
[2026/07/13 06:20:30.130 +00:00] [INFO] [binding_cache.go:75] ["load bindings"] [category=sql-bind] [fullLoad=true] [fromRemote=false] [cacheSizeChange=false] [hasNewBinding=false] [cacheCapacity=67108864] [cacheUsage=0] [cachedBindingNum=0] [duration=2.588263ms] []
[2026/07/13 06:20:30.130 +00:00] [INFO] [manager.go:289] ["start campaign owner"] [key=/tidb/bindinfo/owner] [id=51d9d750-055f-45b4-b385-ca47d7519180]
[2026/07/13 06:20:30.130 +00:00] [INFO] [wait_group_wrapper.go:141] ["background process started"] [source=domain] [process=globalBindHandleWorkerLoop]
[2026/07/13 06:20:30.132 +00:00] [INFO] [manager.go:499] ["get owner"] [key=/tidb/bindinfo/owner] ["owner key"=/tidb/bindinfo/owner/6e469f55b150d64b] [ownerID=51d9d750-055f-45b4-b385-ca47d7519180]
[2026/07/13 06:20:30.132 +00:00] [INFO] [manager.go:324] ["become owner"] [key=/tidb/bindinfo/owner] [id=51d9d750-055f-45b4-b385-ca47d7519180]
[2026/07/13 06:20:30.132 +00:00] [INFO] [manager.go:588] ["watching owner key"] [key=/tidb/bindinfo/owner] [id=51d9d750-055f-45b4-b385-ca47d7519180] [ownerKey=/tidb/bindinfo/owner/6e469f55b150d64b] [currRev=229818]
[2026/07/13 06:20:30.133 +00:00] [INFO] [wait_group_wrapper.go:141] ["background process started"] [source=domain] [process=PlanReplayerTaskCollectHandle]
[2026/07/13 06:20:30.133 +00:00] [INFO] [wait_group_wrapper.go:141] ["background process started"] [source=domain] [process=PlanReplayerTaskDumpHandle]
[2026/07/13 06:20:30.133 +00:00] [INFO] [wait_group_wrapper.go:141] ["background process started"] [source=domain] [process=dumpFileGcChecker]
[2026/07/13 06:20:30.133 +00:00] [INFO] [wait_group_wrapper.go:141] ["background process started"] [source=domain] [process=HistoricalStatsWorker]
[2026/07/13 06:20:30.146 +00:00] [INFO] [wait_group_wrapper.go:141] ["background process started"] [source=domain] [process=loadStatsWorker]
[2026/07/13 06:20:30.146 +00:00] [INFO] [manager.go:289] ["start campaign owner"] [key=/tidb/stats/owner] [id=51d9d750-055f-45b4-b385-ca47d7519180]
[2026/07/13 06:20:30.225 +00:00] [INFO] [domain.go:1792] ["PlanReplayerTaskCollectHandle started"]
[2026/07/13 06:20:30.225 +00:00] [INFO] [domain.go:1814] ["PlanReplayerTaskDumpHandle started"]
[2026/07/13 06:20:30.225 +00:00] [INFO] [plan_replayer.go:407] ["planReplayerTaskDumpWorker started."]
[2026/07/13 06:20:30.225 +00:00] [INFO] [domain.go:1846] ["dumpFileGcChecker started"]
[2026/07/13 06:20:30.225 +00:00] [INFO] [domain.go:1879] ["HistoricalStatsWorker started"]
[2026/07/13 06:20:30.226 +00:00] [INFO] [wait_group_wrapper.go:141] ["background process started"] [source=domain] [process=indexUsageWorker]
[2026/07/13 06:20:30.226 +00:00] [INFO] [wait_group_wrapper.go:141] ["background process started"] [source=domain] [process=asyncLoadHistogram]
[2026/07/13 06:20:30.226 +00:00] [INFO] [wait_group_wrapper.go:141] ["background process started"] [source=domain] [process=deltaUpdateTickerWorker]
[2026/07/13 06:20:30.226 +00:00] [INFO] [wait_group_wrapper.go:141] ["background process started"] [source=domain] [process=dumpColStatsUsageWorker]
[2026/07/13 06:20:30.226 +00:00] [INFO] [wait_group_wrapper.go:141] ["background process started"] [source=domain] [process=gcStatsWorker]
[2026/07/13 06:20:30.226 +00:00] [INFO] [wait_group_wrapper.go:141] ["background process started"] [source=domain] [process=autoAnalyzeWorker]
[2026/07/13 06:20:30.226 +00:00] [INFO] [wait_group_wrapper.go:141] ["background process started"] [source=domain] [process=analyzeJobsCleanupWorker]
[2026/07/13 06:20:30.226 +00:00] [INFO] [domain.go:2047] ["start load stats sub workers"] [workerCount=5]
[2026/07/13 06:20:30.226 +00:00] [INFO] [wait_group_wrapper.go:141] ["background process started"] [source=domain] [process=planCacheEvictTrigger]
[2026/07/13 06:20:30.226 +00:00] [INFO] [wait_group_wrapper.go:141] ["background process started"] [source=domain] [process=planCacheMetricsAndVars]
[2026/07/13 06:20:30.226 +00:00] [INFO] [wait_group_wrapper.go:141] ["background process started"] [source=domain] [process=readTableCostWorker]
[2026/07/13 06:20:30.226 +00:00] [INFO] [wait_group_wrapper.go:141] ["background process started"] [source=domain] [process=loadSigningCertLoop]
[2026/07/13 06:20:30.226 +00:00] [INFO] [domain.go:2290] ["deltaUpdateTickerWorker started."]
[2026/07/13 06:20:30.226 +00:00] [INFO] [domain.go:2263] ["dumpColStatsUsageWorker started."]
[2026/07/13 06:20:30.228 +00:00] [INFO] [notifier.go:225] ["etcd notify loop to watch timer events started"] [EtcdKey=/tidb/timer/cluster/1/notify/21e330d8-6a54-4e3c-8e06-e0c9ab6a37d6]
[2026/07/13 06:20:30.229 +00:00] [INFO] [gc_worker.go:214] [start] [category="gc worker"] [uuid=67d688981ec0001]
[2026/07/13 06:20:30.230 +00:00] [INFO] [task_manager.go:248] ["scale ttl worker"] [ttl-worker=job-manager] [ttl-worker=task-manager] [originalCount=0] [newCount=4]
[2026/07/13 06:20:30.230 +00:00] [INFO] [task_manager.go:248] ["scale ttl worker"] [ttl-worker=job-manager] [ttl-worker=task-manager] [originalCount=0] [newCount=4]
[2026/07/13 06:20:30.230 +00:00] [INFO] [job_manager.go:519] ["TTL leader to collect delay metrics"] [ttl-worker=job-manager]
[2026/07/13 06:20:30.237 +00:00] [INFO] [manager.go:499] ["get owner"] [key=/tidb/stats/owner] ["owner key"=/tidb/stats/owner/6e469f55b150d650] [ownerID=51d9d750-055f-45b4-b385-ca47d7519180]
[2026/07/13 06:20:30.237 +00:00] [INFO] [manager.go:324] ["become owner"] [key=/tidb/stats/owner] [id=51d9d750-055f-45b4-b385-ca47d7519180]
[2026/07/13 06:20:30.237 +00:00] [INFO] [manager.go:588] ["watching owner key"] [key=/tidb/stats/owner] [id=51d9d750-055f-45b4-b385-ca47d7519180] [ownerKey=/tidb/stats/owner/6e469f55b150d650] [currRev=229819]
[2026/07/13 06:20:30.241 +00:00] [INFO] [job_manager.go:1096] ["TTL leader to DoGC"] [ttl-worker=job-manager]
[2026/07/13 06:20:30.243 +00:00] [INFO] [domain.go:1203] ["initialize node resource"] [total-cpu=1] [total-mem=500MiB] [dxf-resource-limit=100] [dxf-usable-cpu=1] [dxf-usable-mem=500MiB] [total-disk=435.7GiB]
[2026/07/13 06:20:30.261 +00:00] [INFO] [wait_group_wrapper.go:141] ["background process started"] [source=domain] [process=distTaskFrameworkLoop]
[2026/07/13 06:20:30.261 +00:00] [INFO] [manager.go:124] ["task executor manager start"]
[2026/07/13 06:20:30.261 +00:00] [INFO] [domain.go:1219] ["dist task executor manager started"]
[2026/07/13 06:20:30.325 +00:00] [WARN] [pd.go:263] ["get timestamp too slow"] ["cost time"=63.597813ms]
[2026/07/13 06:20:30.325 +00:00] [INFO] [rate_limiter_param.go:104] ["loaded value from meta store"] [key=maxBatchSplitRanges] [value=2048]
[2026/07/13 06:20:30.326 +00:00] [WARN] [misc.go:389] ["Automatic TLS Certificate creation is disabled"] []
[2026/07/13 06:20:30.326 +00:00] [INFO] [cpu.go:97] ["sql cpu collector started"]
[2026/07/13 06:20:30.326 +00:00] [INFO] [http_status.go:109] ["for status and metrics report"] ["listening on addr"=0.0.0.0:18082]
[2026/07/13 06:20:30.327 +00:00] [INFO] [store.go:95] ["new store"] [path=tikv://tc-pd:2379]
[2026/07/13 06:20:30.329 +00:00] [INFO] [service_discovery.go:1004] ["[pd] update member urls"] [old-sorted-urls="[http://tc-pd:2379]"] [new-sorted-urls="[http://tc-pd-0.tc-pd-peer.testbed-tps-8220955-1-213.svc.cluster.local:2379]"]
[2026/07/13 06:20:30.329 +00:00] [INFO] [service_discovery.go:1023] ["[pd] switch leader"] [new-leader=http://tc-pd-0.tc-pd-peer.testbed-tps-8220955-1-213.svc.cluster.local:2379] [old-leader=]
[2026/07/13 06:20:30.329 +00:00] [INFO] [service_discovery.go:502] ["[pd] init cluster id"] [cluster-id=7660458574147744569]
[2026/07/13 06:20:30.330 +00:00] [INFO] [client.go:210] ["[tso] switch the tso leader serving url"] [new-url=http://tc-pd-0.tc-pd-peer.testbed-tps-8220955-1-213.svc.cluster.local:2379]
[2026/07/13 06:20:30.330 +00:00] [INFO] [inner_client.go:173] ["[pd] tso provider changed to pd"]
[2026/07/13 06:20:30.330 +00:00] [INFO] [watcher.go:56] ["[pd] start the deadline watcher"] [source=tso]
[2026/07/13 06:20:30.330 +00:00] [INFO] [dispatcher.go:147] ["[tso] tso dispatcher created"]
[2026/07/13 06:20:30.330 +00:00] [INFO] [dispatcher.go:594] ["[tso] switching tso rpc concurrency"] [old=0] [new=1]
[2026/07/13 06:20:30.330 +00:00] [INFO] [client.go:247] ["[tso] start tso connection contexts updater"]
[2026/07/13 06:20:30.331 +00:00] [INFO] [inner_client.go:154] ["[pd] service mode changed"] [new-mode=PD_SVC_MODE]
[2026/07/13 06:20:30.331 +00:00] [INFO] [router_service_discovery.go:151] ["[router service] created router service discovery"] [cluster-id=7660458574147744569] [keyspace-id=4294967295] [default-discovery-key=/ms/7660458574147744569/router/registry/]
[2026/07/13 06:20:30.331 +00:00] [INFO] [router_service_discovery.go:163] ["[router service] initializing router service discovery"] [max-retry-times=100] [retry-interval=1s]
[2026/07/13 06:20:30.331 +00:00] [INFO] [router_service_discovery.go:249] ["[router service] update member sorted urls"] [new-sorted-urls="[]"]
[2026/07/13 06:20:30.331 +00:00] [INFO] [router_service_discovery.go:234] ["[router service] updating nodes succeeded"] [urls="[]"] [clients-length=0]
[2026/07/13 06:20:30.331 +00:00] [INFO] [router_service_discovery.go:262] ["[router service] exit check member loop"]
[2026/07/13 06:20:30.331 +00:00] [INFO] [router_service_discovery.go:304] ["[router service] exit health check member loop"]
[2026/07/13 06:20:30.331 +00:00] [INFO] [client.go:417] ["[router] connection daemon is started"]
[2026/07/13 06:20:30.331 +00:00] [ERROR] [client.go:493] ["[router] failed to create the leader router stream connection"] [error="rpc error: code = Canceled desc = context canceled"]
[2026/07/13 06:20:30.331 +00:00] [WARN] [client.go:504] ["[router] failed to create the leader router stream connection"]
[2026/07/13 06:20:30.331 +00:00] [INFO] [client.go:423] ["[router] connection daemon is exiting"]
[2026/07/13 06:20:30.332 +00:00] [INFO] [client.go:578] ["[router] dispatcher is started"]
[2026/07/13 06:20:30.332 +00:00] [INFO] [client.go:580] ["[router] dispatcher is exiting"]
[2026/07/13 06:20:30.332 +00:00] [INFO] [client.go:585] ["[router] dispatcher exited"]
[2026/07/13 06:20:30.332 +00:00] [INFO] [inner_client.go:91] ["[pd] start router client initializer"]
[2026/07/13 06:20:30.332 +00:00] [INFO] [inner_client.go:96] ["[pd] exit router client initializer"]
[2026/07/13 06:20:30.332 +00:00] [INFO] [service_discovery.go:555] ["[pd] exit member loop due to context canceled"]
[2026/07/13 06:20:30.332 +00:00] [INFO] [dispatcher.go:208] ["[tso] stop fetching the pending tso requests due to context canceled"]
[2026/07/13 06:20:30.332 +00:00] [INFO] [dispatcher.go:150] ["[tso] exit tso dispatcher"]
[2026/07/13 06:20:30.332 +00:00] [INFO] [watcher.go:73] ["[pd] exit the deadline watcher"] [source=tso]
[2026/07/13 06:20:30.332 +00:00] [INFO] [client.go:273] ["[tso] exit tso connection contexts updater"]
[2026/07/13 06:20:30.332 +00:00] [INFO] [stream.go:360] ["tsoStream.recvLoop ended"] [stream=tc-pd-0.tc-pd-peer.testbed-tps-8220955-1-213.svc.cluster.local:2379-2] [error="rpc error: code = Canceled desc = context canceled"]
[2026/07/13 06:20:30.332 +00:00] [INFO] [resource_manager_client.go:341] ["[resource manager] exit resource token dispatcher"]
[2026/07/13 06:20:30.332 +00:00] [INFO] [router_service_discovery.go:276] ["[router service] closing router service discovery"]
[2026/07/13 06:20:30.332 +00:00] [INFO] [router_service_discovery.go:292] ["[router service] is closed"]
[2026/07/13 06:20:30.332 +00:00] [INFO] [client.go:155] ["[tso] closing tso client"]
[2026/07/13 06:20:30.332 +00:00] [INFO] [client.go:160] ["[tso] close tso client"]
[2026/07/13 06:20:30.332 +00:00] [INFO] [client.go:162] ["[tso] tso client is closed"]
[2026/07/13 06:20:30.332 +00:00] [INFO] [service_discovery.go:646] ["[pd] close service discovery client"]
[2026/07/13 06:20:30.332 +00:00] [INFO] [inner_client.go:275] ["[pd] close client successfully"]
[2026/07/13 06:20:30.332 +00:00] [INFO] [store.go:104] ["new store with retry success"]
[2026/07/13 06:20:30.332 +00:00] [INFO] [manager.go:289] ["start campaign owner"] [key=tidb/autoid/leader] [id=10.200.11.9:18082]
[2026/07/13 06:20:30.333 +00:00] [INFO] [http_status.go:613] ["register auto service at"] [addr=10.200.11.9:18082]
[2026/07/13 06:20:30.334 +00:00] [INFO] [manager.go:499] ["get owner"] [key=tidb/autoid/leader] ["owner key"=tidb/autoid/leader/6e469f55b150d657] [ownerID=10.200.11.9:18082]
[2026/07/13 06:20:30.334 +00:00] [INFO] [manager.go:324] ["become owner"] [key=tidb/autoid/leader] [id=10.200.11.9:18082]
[2026/07/13 06:20:30.334 +00:00] [INFO] [autoid.go:610] ["leader change of autoid service, this node become owner"] [addr=10.200.11.9:18082] [category="autoid service"]
[2026/07/13 06:20:30.334 +00:00] [INFO] [manager.go:588] ["watching owner key"] [key=tidb/autoid/leader] [id=10.200.11.9:18082] [ownerKey=tidb/autoid/leader/6e469f55b150d657] [currRev=229820]
[2026/07/13 06:20:30.430 +00:00] [INFO] [bootstrap.go:873] ["Complete loading the stats meta in the lite mode"] [category=stats] [duration=3.707527ms]
[2026/07/13 06:20:30.435 +00:00] [INFO] [bootstrap.go:880] ["Complete loading the histogram in the lite mode"] [category=stats] [duration=5.246122ms]
[2026/07/13 06:20:30.437 +00:00] [INFO] [domain.go:2090] ["Init stats succeed"] [category=stats] [isLiteInitStats=true] [duration=211.948798ms]
[2026/07/13 06:20:30.437 +00:00] [INFO] [server.go:388] ["server is running MySQL protocol"] [addr=0.0.0.0:14002]
[2026/07/13 06:20:30.437 +00:00] [INFO] [server.go:402] ["server is running MySQL protocol"] [socket=/tmp/tidb-ai-conflict-red-once-14002.sock]
[2026/07/13 06:20:30.437 +00:00] [INFO] [domain.go:2224] ["gcStatsWorker started."]
[2026/07/13 06:20:31.229 +00:00] [INFO] [runtime.go:172] ["TimerGroupRuntime loop started"] [groupID=ttl]
[2026/07/13 06:20:31.229 +00:00] [INFO] [runtime.go:444] ["create watch chan if possible for timer runtime"] [groupID=ttl] [storeSupportWatch=true]
[2026/07/13 06:20:31.229 +00:00] [INFO] [notifier.go:140] ["new etcd watcher created to watch timer events"] [EtcdKey=/tidb/timer/cluster/1/notify/21e330d8-6a54-4e3c-8e06-e0c9ab6a37d6] [watcherID=177e9228-a298-4432-ad00-1414f362ed2a]
[2026/07/13 06:20:31.261 +00:00] [INFO] [slots.go:220] ["initialize slot capacity"] [capacity=1]
[2026/07/13 06:20:31.263 +00:00] [INFO] [scheduler_manager.go:214] ["schedule task loop start"]
[2026/07/13 06:20:31.263 +00:00] [INFO] [scheduler_manager.go:327] ["subtask table gc loop start"]
[2026/07/13 06:20:31.263 +00:00] [INFO] [scheduler_manager.go:403] ["cleanup loop start"]
[2026/07/13 06:20:31.263 +00:00] [INFO] [scheduler_manager.go:483] ["collect loop start"]
[2026/07/13 06:20:31.536 +00:00] [INFO] [pd.go:434] ["adaptive update ts interval state transition"] [configuredInterval=2s] [prevAdaptiveUpdateInterval=2s] [newAdaptiveUpdateInterval=2s] [requiredStaleness=0s] [prevState=unknown(0)] [newState=normal]
[2026/07/13 06:20:32.044 +00:00] [INFO] [info.go:988] [SetTiFlashGroupConfig]
[2026/07/13 06:20:33.537 +00:00] [INFO] [queue.go:570] ["Fetched all tables"] [category=stats] [tableCount=415] [duration=95.325178ms]
[2026/07/13 06:20:33.537 +00:00] [INFO] [queue.go:454] ["Priority queue initialized"] [category=stats] [duration=98.232811ms]
[2026/07/13 06:20:33.538 +00:00] [INFO] [refresher.go:199] ["No tables to analyze"] [category=stats] [sampled=]
[2026/07/13 06:20:34.268 +00:00] [INFO] [scheduler_manager.go:305] ["start scheduler without allocating slots"] [task-id=810002] [task-key=ImportInto/90002] [state=reverting]
[2026/07/13 06:20:34.269 +00:00] [INFO] [scheduler.go:119] ["create base scheduler"] [task-id=810002] [task-key=ImportInto/90002] [task-type=ImportInto] [allocated-slots=false]
[2026/07/13 06:20:34.270 +00:00] [INFO] [scheduler_manager.go:382] ["task scheduler started"] [task-id=810002] [task-key=ImportInto/90002]
[2026/07/13 06:20:34.270 +00:00] [INFO] [scheduler.go:132] ["schedule task"] [task-id=810002] [task-key=ImportInto/90002] [state=reverting] [step=ingest] [requiredSlots=1] [prepare-mode=disabled]
[2026/07/13 06:20:42.044 +00:00] [INFO] [owner_daemon.go:56] ["daemon became owner"] [id=156f2cf2-7ac8-4a21-80dd-98f5cf4a9625] [daemon-id=LogBackup::Advancer]
[2026/07/13 06:20:42.045 +00:00] [INFO] [advancer.go:650] ["Subscription handler spawned."] [category="log backup subscription manager"]
[2026/07/13 06:20:42.045 +00:00] [WARN] [util.go:226] ["store address and status address mismatch the host, we will use the store address as hostname"] [store=1] ["status address"=http://0.0.0.0:20180] ["node address"=http://tc-tikv-0.tc-tikv-peer.testbed-tps-8220955-1-213.svc.cluster.local:20160] ["request address"=http://tc-tikv-0.tc-tikv-peer.testbed-tps-8220955-1-213.svc.cluster.local:20180]
[2026/07/13 06:20:42.047 +00:00] [WARN] [util.go:226] ["store address and status address mismatch the host, we will use the store address as hostname"] [store=4] ["status address"=http://0.0.0.0:20180] ["node address"=http://tc-tikv-1.tc-tikv-peer.testbed-tps-8220955-1-213.svc.cluster.local:20160] ["request address"=http://tc-tikv-1.tc-tikv-peer.testbed-tps-8220955-1-213.svc.cluster.local:20180]
[2026/07/13 06:20:42.049 +00:00] [WARN] [util.go:226] ["store address and status address mismatch the host, we will use the store address as hostname"] [store=5] ["status address"=http://0.0.0.0:20180] ["node address"=http://tc-tikv-2.tc-tikv-peer.testbed-tps-8220955-1-213.svc.cluster.local:20160] ["request address"=http://tc-tikv-2.tc-tikv-peer.testbed-tps-8220955-1-213.svc.cluster.local:20180]
[2026/07/13 06:20:42.050 +00:00] [INFO] [advancer.go:290] ["refreshed TiKV log-backup.max-flush-interval for advancer intervals"] [previous-resolve-lock-interval=24s] [resolve-lock-interval=3m0s] [previous-try-advance-threshold=4m0s] [try-advance-threshold=4m0s]
[2026/07/13 06:20:45.432 +00:00] [INFO] [coprocessor.go:1915] ["[TIME_COP_WAIT] resp_time:384.881002ms txnStartTS:467644879995404291 region_id:93990 store_addr:tc-tikv-1.tc-tikv-peer.testbed-tps-8220955-1-213.svc.cluster.local:20160 stats:Cop:{num_rpc:1, total_time:384.9ms} kv_process_ms:0 kv_wait_ms:0 kv_read_ms:1 processed_versions:0 total_versions:464 rocksdb_delete_skipped_count:227 rocksdb_key_skipped_count:1497 rocksdb_cache_hit_count:2 rocksdb_read_count:0 rocksdb_read_byte:0"]
[2026/07/13 06:20:54.463 +00:00] [INFO] [session.go:5104] ["CRUCIAL OPERATION"] [conn=2778726406] [schemaVersion=9079] [cur_db=] [sql="DROP DATABASE IF EXISTS ai_conflict_delete_red_once"] [user=root@%]
[2026/07/13 06:20:54.494 +00:00] [INFO] [job_submitter.go:118] ["add DDL jobs"] [category=ddl] ["batch count"=1] [jobs="ID:5504, Type:create schema, State:queueing, SchemaState:none, SchemaID:5503, TableID:0, RowCount:0, ArgLen:1, start time: 2026-07-13 06:20:54.453 +0000 UTC, Err:<nil>, ErrCount:0, SnapshotVersion:0, Version: v2; "] [fast_create=true]
[2026/07/13 06:20:54.495 +00:00] [INFO] [executor.go:7260] ["DDL job submitted"] [category=ddl] [job="ID:5504, Type:create schema, State:queueing, SchemaState:none, SchemaID:5503, TableID:0, RowCount:0, ArgLen:1, start time: 2026-07-13 06:20:54.453 +0000 UTC, Err:<nil>, ErrCount:0, SnapshotVersion:0, Version: v2"] [query="CREATE DATABASE ai_conflict_delete_red_once"]
[2026/07/13 06:20:54.497 +00:00] [INFO] [job_worker.go:854] ["run one job step"] [category=ddl] [jobID=5504] [conn=2778726406] [job="ID:5504, Type:create schema, State:queueing, SchemaState:none, SchemaID:5503, TableID:0, RowCount:0, ArgLen:0, start time: 2026-07-13 06:20:54.453 +0000 UTC, Err:<nil>, ErrCount:0, SnapshotVersion:0, Version: v2"]
[2026/07/13 06:20:54.502 +00:00] [INFO] [loader.go:216] ["diff load InfoSchema success"] [mode=auto] [isV2=true] [currVer=9079] [neededVer=9080] [gotVer=9080] ["elapsed time"=231.812µs] [phyTblIDs="[]"] [actionTypes="[]"] [diffTypes="[\"create schema\"]"]
[2026/07/13 06:20:54.552 +00:00] [INFO] [schema_version.go:397] ["wait schema version synced success"] [category=ddl] [ver=9080] [checkAssumedSvr=false] ["take time"=50.467934ms] [job="ID:5504, Type:create schema, State:done, SchemaState:public, SchemaID:5503, TableID:0, RowCount:0, ArgLen:1, start time: 2026-07-13 06:20:54.453 +0000 UTC, Err:<nil>, ErrCount:0, SnapshotVersion:0, Version: v2"] [summary="server count: 1"]
[2026/07/13 06:20:54.604 +00:00] [INFO] [schema_version.go:397] ["wait schema version synced success"] [category=ddl] [ver=9080] [checkAssumedSvr=false] ["take time"=51.207442ms] [job="ID:5504, Type:create schema, State:done, SchemaState:public, SchemaID:5503, TableID:0, RowCount:0, ArgLen:0, start time: 2026-07-13 06:20:54.453 +0000 UTC, Err:<nil>, ErrCount:0, SnapshotVersion:0, Version: v2"] [summary="server count: 1"]
[2026/07/13 06:20:54.605 +00:00] [INFO] [job_worker.go:447] ["finish DDL job"] [category=ddl] [jobID=5504] [conn=2778726406] [job="ID:5504, Type:create schema, State:synced, SchemaState:public, SchemaID:5503, TableID:0, RowCount:0, ArgLen:0, start time: 2026-07-13 06:20:54.453 +0000 UTC, Err:<nil>, ErrCount:0, SnapshotVersion:0, Version: v2"]
[2026/07/13 06:20:54.611 +00:00] [INFO] [executor.go:7380] ["DDL job is finished"] [category=ddl] [jobID=5504]
[2026/07/13 06:20:54.611 +00:00] [INFO] [session.go:5104] ["CRUCIAL OPERATION"] [conn=2778726406] [schemaVersion=9080] [cur_db=] [sql="CREATE DATABASE ai_conflict_delete_red_once"] [user=root@%]
[2026/07/13 06:20:54.695 +00:00] [INFO] [job_submitter.go:118] ["add DDL jobs"] [category=ddl] ["batch count"=1] [jobs="ID:5506, Type:create table, State:queueing, SchemaState:none, SchemaID:5503, TableID:5505, RowCount:0, ArgLen:1, start time: 2026-07-13 06:20:54.652 +0000 UTC, Err:<nil>, ErrCount:0, SnapshotVersion:0, Version: v2; "] [fast_create=true]
[2026/07/13 06:20:54.696 +00:00] [INFO] [executor.go:7260] ["DDL job submitted"] [category=ddl] [job="ID:5506, Type:create table, State:queueing, SchemaState:none, SchemaID:5503, TableID:5505, RowCount:0, ArgLen:1, start time: 2026-07-13 06:20:54.652 +0000 UTC, Err:<nil>, ErrCount:0, SnapshotVersion:0, Version: v2"] [query="CREATE TABLE t(id INT PRIMARY KEY CLUSTERED, u INT UNIQUE, v INT, INDEX iv(v))"]
[2026/07/13 06:20:54.698 +00:00] [INFO] [job_worker.go:854] ["run one job step"] [category=ddl] [jobID=5506] [conn=2778726406] [job="ID:5506, Type:create table, State:queueing, SchemaState:none, SchemaID:5503, TableID:5505, RowCount:0, ArgLen:0, start time: 2026-07-13 06:20:54.652 +0000 UTC, Err:<nil>, ErrCount:0, SnapshotVersion:0, Version: v2"]
[2026/07/13 06:20:54.706 +00:00] [INFO] [loader.go:216] ["diff load InfoSchema success"] [mode=auto] [isV2=true] [currVer=9080] [neededVer=9081] [gotVer=9081] ["elapsed time"=444.569µs] [phyTblIDs="[5505]"] [actionTypes="[3]"] [diffTypes="[\"create table\"]"]
[2026/07/13 06:20:54.755 +00:00] [INFO] [schema_version.go:397] ["wait schema version synced success"] [category=ddl] [ver=9081] [checkAssumedSvr=false] ["take time"=50.977694ms] [job="ID:5506, Type:create table, State:done, SchemaState:public, SchemaID:5503, TableID:5505, RowCount:0, ArgLen:1, start time: 2026-07-13 06:20:54.652 +0000 UTC, Err:<nil>, ErrCount:0, SnapshotVersion:0, Version: v2"] [summary="server count: 1"]
[2026/07/13 06:20:54.808 +00:00] [INFO] [schema_version.go:397] ["wait schema version synced success"] [category=ddl] [ver=9081] [checkAssumedSvr=false] ["take time"=50.694581ms] [job="ID:5506, Type:create table, State:done, SchemaState:public, SchemaID:5503, TableID:5505, RowCount:0, ArgLen:0, start time: 2026-07-13 06:20:54.652 +0000 UTC, Err:<nil>, ErrCount:0, SnapshotVersion:0, Version: v2"] [summary="server count: 1"]
[2026/07/13 06:20:54.809 +00:00] [INFO] [job_worker.go:447] ["finish DDL job"] [category=ddl] [jobID=5506] [conn=2778726406] [job="ID:5506, Type:create table, State:synced, SchemaState:public, SchemaID:5503, TableID:5505, RowCount:0, ArgLen:0, start time: 2026-07-13 06:20:54.652 +0000 UTC, Err:<nil>, ErrCount:0, SnapshotVersion:0, Version: v2"]
[2026/07/13 06:20:54.814 +00:00] [INFO] [executor.go:7380] ["DDL job is finished"] [category=ddl] [jobID=5506]
[2026/07/13 06:20:54.814 +00:00] [INFO] [session.go:5104] ["CRUCIAL OPERATION"] [conn=2778726406] [schemaVersion=9081] [cur_db=ai_conflict_delete_red_once] [sql="CREATE TABLE t(id INT PRIMARY KEY CLUSTERED, u INT UNIQUE, v INT, INDEX iv(v))"] [user=root@%]
[2026/07/13 06:20:54.814 +00:00] [INFO] [split_region.go:86] ["split batch regions request"] ["split key count"=1] ["batch count"=1] ["first batch, region ID"=94418] ["first split key"=748000000000001581]
[2026/07/13 06:20:54.816 +00:00] [INFO] [split_region.go:192] ["batch split regions complete"] ["batch region ID"=94418] ["first at"=748000000000001581] ["first new region left"="{Id:95782 StartKey:7480000000000015FF7B5F728000000000FF0000030000000000FB EndKey:7480000000000015FF8100000000000000F8 RegionEpoch:{ConfVer:5 Version:5626} Peers:[id:95783 store_id:1  id:95784 store_id:4  id:95785 store_id:5 ] EncryptionMeta:<nil> IsInFlashback:false FlashbackStartTs:0}"] ["new region count"=1]
[2026/07/13 06:20:54.816 +00:00] [INFO] [split_region.go:241] ["split regions complete"] ["region count"=1] ["region IDs"="[95782]"]
[2026/07/13 06:21:07.142 +00:00] [INFO] [store.go:277] ["succeed to get bucket region from s3"] [bucket=sorted] [prefix=import-red-once] [context=s3] [provider=] ["bucket region"=us-east-1]
[2026/07/13 06:21:07.153 +00:00] [INFO] [store.go:277] ["succeed to get bucket region from s3"] [bucket=sorted] [prefix=import-red-once] [context=s3] [provider=] ["bucket region"=us-east-1]
[2026/07/13 06:21:07.154 +00:00] [WARN] [retry.go:71] ["failed to request s3, checking whether we can retry"] [error="https response error StatusCode: 404, RequestID: 18C1C51FA72AF1F9, HostID: dd9025bab4ad464b049177c95eb6ebf374d3b3fd1af9251148b658df7ac2e3e8, NoSuchKey: "] [retry=false]
[2026/07/13 06:21:07.159 +00:00] [WARN] [client.go:119] ["failed to delete object used for permission check"] [bucket=sorted] [key=import-red-once/perm-check/021e1fd3-e4f1-4483-9e2a-0f31948c7a3e] []
[2026/07/13 06:21:07.229 +00:00] [INFO] [import_into.go:225] ["get job importer"] [conn=2778726408] [session_alias=] [param="{\"file-location\":\"/tmp/ai-conflict-delete.csv\",\"format\":\"csv\",\"options\":{\"checksum_table\":\"off\",\"cloud_storage_uri\":\"s3://sorted/import-red-once?access-key=xxxxxx\\u0026endpoint=http%3A%2F%2Fai-native-minio%3A9000\\u0026force-path-style=true\\u0026region=us-east-1\\u0026secret-access-key=xxxxxx\",\"on_duplicate_key\":\"capture\",\"thread\":\"1\"}}"] [dist-task-enabled=false]
[2026/07/13 06:21:07.229 +00:00] [INFO] [table_import.go:469] ["populate chunks start"] [table=t] [executeNodesCnt=1] [totalFileSize=28]
[2026/07/13 06:21:07.230 +00:00] [INFO] [table_import.go:481] ["adjust max engine size"] [table=t] [before=536870912000] [after=28]
[2026/07/13 06:21:07.230 +00:00] [INFO] [region.go:326] [makeTableRegions] [table=t] [filesCount=1] [MaxChunkSize=268435456] [RegionsCount=1] [BatchSize=28] [cost=18.189µs]
[2026/07/13 06:21:07.230 +00:00] [INFO] [table_import.go:472] ["populate chunks completed"] [table=t] [executeNodesCnt=1] [totalFileSize=28] [subtaskCnt=2] [takeTime=211.613µs] []
[2026/07/13 06:21:07.238 +00:00] [INFO] [job_submitter.go:118] ["add DDL jobs"] [category=ddl] ["batch count"=1] [jobs="ID:5507, Type:alter table mode, State:queueing, SchemaState:none, SchemaID:5503, TableID:5505, RowCount:0, ArgLen:1, start time: 2026-07-13 06:21:07.203 +0000 UTC, Err:<nil>, ErrCount:0, SnapshotVersion:0, Version: v2; "] [fast_create=true]
[2026/07/13 06:21:07.238 +00:00] [INFO] [executor.go:7260] ["DDL job submitted"] [category=ddl] [job="ID:5507, Type:alter table mode, State:queueing, SchemaState:none, SchemaID:5503, TableID:5505, RowCount:0, ArgLen:1, start time: 2026-07-13 06:21:07.203 +0000 UTC, Err:<nil>, ErrCount:0, SnapshotVersion:0, Version: v2"] [query=skip]
[2026/07/13 06:21:07.240 +00:00] [INFO] [lock_resolver.go:1617] ["txn lock cleanup resolve-lock rpc finished"] [action=commit] [txnStartTS=467644885815263238] [commitTS=467644885815263239] [regionID=93990] [resolveLite=true] [resolvedByCheckTxnStatus=false]
[2026/07/13 06:21:07.242 +00:00] [INFO] [job_worker.go:854] ["run one job step"] [category=ddl] [jobID=5507] [job="ID:5507, Type:alter table mode, State:queueing, SchemaState:none, SchemaID:5503, TableID:5505, RowCount:0, ArgLen:0, start time: 2026-07-13 06:21:07.203 +0000 UTC, Err:<nil>, ErrCount:0, SnapshotVersion:0, Version: v2"]
[2026/07/13 06:21:07.248 +00:00] [INFO] [loader.go:216] ["diff load InfoSchema success"] [mode=auto] [isV2=true] [currVer=9081] [neededVer=9082] [gotVer=9082] ["elapsed time"=528.453µs] [phyTblIDs="[5505]"] [actionTypes="[75]"] [diffTypes="[\"alter table mode\"]"]
[2026/07/13 06:21:07.298 +00:00] [INFO] [schema_version.go:397] ["wait schema version synced success"] [category=ddl] [ver=9082] [checkAssumedSvr=false] ["take time"=51.064817ms] [job="ID:5507, Type:alter table mode, State:done, SchemaState:public, SchemaID:5503, TableID:5505, RowCount:0, ArgLen:1, start time: 2026-07-13 06:21:07.203 +0000 UTC, Err:<nil>, ErrCount:0, SnapshotVersion:0, Version: v2"] [summary="server count: 1"]
[2026/07/13 06:21:07.351 +00:00] [INFO] [schema_version.go:397] ["wait schema version synced success"] [category=ddl] [ver=9082] [checkAssumedSvr=false] ["take time"=51.200187ms] [job="ID:5507, Type:alter table mode, State:done, SchemaState:public, SchemaID:5503, TableID:5505, RowCount:0, ArgLen:0, start time: 2026-07-13 06:21:07.203 +0000 UTC, Err:<nil>, ErrCount:0, SnapshotVersion:0, Version: v2"] [summary="server count: 1"]
[2026/07/13 06:21:07.352 +00:00] [INFO] [job_worker.go:447] ["finish DDL job"] [category=ddl] [jobID=5507] [job="ID:5507, Type:alter table mode, State:synced, SchemaState:public, SchemaID:5503, TableID:5505, RowCount:0, ArgLen:0, start time: 2026-07-13 06:21:07.203 +0000 UTC, Err:<nil>, ErrCount:0, SnapshotVersion:0, Version: v2"]
[2026/07/13 06:21:07.357 +00:00] [INFO] [executor.go:7380] ["DDL job is finished"] [category=ddl] [jobID=5507]
[2026/07/13 06:21:07.367 +00:00] [INFO] [job.go:186] ["job submitted to task queue"] [job-id=180001] [task-key=ImportInto/180001] [task-id=900001] [global-sort=true] [async-prepare=false] [data-size=28B] [thread-cnt=1] [max-node-cnt=1]
[2026/07/13 06:21:07.370 +00:00] [INFO] [scheduler.go:119] ["create base scheduler"] [task-id=900001] [task-key=ImportInto/180001] [task-type=ImportInto] [allocated-slots=true]
[2026/07/13 06:21:07.371 +00:00] [INFO] [scheduler_manager.go:382] ["task scheduler started"] [task-id=900001] [task-key=ImportInto/180001]
[2026/07/13 06:21:07.371 +00:00] [INFO] [scheduler.go:132] ["schedule task"] [task-id=900001] [task-key=ImportInto/180001] [state=pending] [step=init] [requiredSlots=1] [prepare-mode=disabled]
[2026/07/13 06:21:07.872 +00:00] [INFO] [scheduler.go:493] ["switch to next step"] [task-id=900001] [task-key=ImportInto/180001] [current-step=init] [next-step=encode] [required-slots=1] [runtime-slots=1]
[2026/07/13 06:21:07.872 +00:00] [INFO] [scheduler.go:527] ["eligible instances"] [task-id=900001] [task-key=ImportInto/180001] [num=1]
[2026/07/13 06:21:07.872 +00:00] [INFO] [scheduler.go:410] ["on next subtasks batch"] [task-id=900001] [task-key=ImportInto/180001] [curr-step=init] [next-step=encode] [node-count=1] [db-name=ai_conflict_delete_red_once] [table-name=t] [db-id=5503] [table-id=5505]
[2026/07/13 06:21:07.878 +00:00] [INFO] [store.go:277] ["succeed to get bucket region from s3"] [bucket=sorted] [prefix=import-red-once] [context=s3] [provider=] ["bucket region"=us-east-1]
[2026/07/13 06:21:07.881 +00:00] [INFO] [scheduler.go:541] ["generate subtasks"] [task-id=900001] [task-key=ImportInto/180001] [curr-step=init] [next-step=encode] [node-count=1] [db-name=ai_conflict_delete_red_once] [table-name=t] [db-id=5503] [table-id=5505] [subtask-count=1]
[2026/07/13 06:21:07.881 +00:00] [INFO] [scheduler.go:553] ["schedule subtasks"] [task-id=900001] [task-key=ImportInto/180001] [state=pending] [step=encode] [requiredSlots=1] [subtasks=1]
[2026/07/13 06:21:08.065 +00:00] [INFO] [manager.go:362] ["task executor started"] [task-id=900001] [task-key=ImportInto/180001] [type=ImportInto] [required-slots=1] [runtime-slots=1] [node-remaining-slots=0]
[2026/07/13 06:21:08.375 +00:00] [INFO] [task_executor.go:910] ["got indices that generate kv"] [task-id=900001] [task-key=ImportInto/180001] [step=encode] [indices="{\"1\":{\"Unique\":false},\"2\":{\"Unique\":true}}"]
[2026/07/13 06:21:08.375 +00:00] [INFO] [task_executor.go:132] ["init subtask env"] [task-id=900001] [task-key=ImportInto/180001] [step=encode]
[2026/07/13 06:21:08.378 +00:00] [INFO] [store.go:277] ["succeed to get bucket region from s3"] [bucket=sorted] [prefix=import-red-once] [context=s3] [provider=] ["bucket region"=us-east-1]
[2026/07/13 06:21:08.378 +00:00] [INFO] [table_import.go:139] ["import dir not exists, create it"] [task-id=900001] [task-key=ImportInto/180001] [step=encode] [import_dir=/tmp/tidb-ai-conflict-red-once-tmp/import-14002]
[2026/07/13 06:21:08.379 +00:00] [INFO] [scheduler.go:116] ["register task to pd or refresh lease success"] [task-id=900001] [task-key=ImportInto/180001]
[2026/07/13 06:21:08.383 +00:00] [INFO] [local.go:770] ["multi ingest support"] [task-id=900001] [task-key=ImportInto/180001]
[2026/07/13 06:21:08.384 +00:00] [INFO] [local.go:792] ["TiKV server side free space check is enabled, so lightning will turn it off"] [task-id=900001] [task-key=ImportInto/180001]
[2026/07/13 06:21:08.384 +00:00] [INFO] [table_import.go:822] ["use 0.8 of the storage size as default disk quota"] [task-id=900001] [task-key=ImportInto/180001] [step=encode] [quota=374.2GB]
[2026/07/13 06:21:08.384 +00:00] [INFO] [task_executor.go:166] ["KV writer memory buf info"] [task-id=900001] [task-key=ImportInto/180001] [step=encode] [data-buf-limit=150MiB] [per-index-buf-limit=50MiB] [data-buf-block-size=150MiB] [index-buf-block-size=50MiB]
[2026/07/13 06:21:08.384 +00:00] [INFO] [task_executor.go:434] ["execute task step start"] [task-id=900001] [task-key=ImportInto/180001] [step=encode] [mem-limit-percent=0.7] [server-mem-limit=512MB] [resource="[CPU=1, Mem=500MiB]"]
[2026/07/13 06:21:08.387 +00:00] [INFO] [task_executor.go:497] ["run subtask start"] [task-id=900001] [task-key=ImportInto/180001] [subtaskID=900001] [step=encode]
[2026/07/13 06:21:08.387 +00:00] [INFO] [task_executor.go:233] ["run subtask start"] [task-id=900001] [task-key=ImportInto/180001] [step=encode] [subtask-id=900001]
[2026/07/13 06:21:08.388 +00:00] [INFO] [store.go:277] ["succeed to get bucket region from s3"] [bucket=sorted] [prefix=import-red-once] [context=s3] [provider=] ["bucket region"=us-east-1]
[2026/07/13 06:21:08.390 +00:00] [INFO] [chunk_process.go:403] ["process chunk start"] [task-id=900001] [task-key=ImportInto/180001] [step=encode] [subtask-id=900001] [key=ai-conflict-delete.csv:0]
[2026/07/13 06:21:08.531 +00:00] [INFO] [chunk_process.go:407] ["process chunk completed"] [task-id=900001] [task-key=ImportInto/180001] [step=encode] [subtask-id=900001] [key=ai-conflict-delete.csv:0] [readDur=19.415µs] [encodeDur=205.656µs] [checksum="{cksum=3140367543589849936,size=428,kvs=12}"] [deliverDur=140.666685ms] [type=file] [takeTime=141.635468ms] []
[2026/07/13 06:21:08.632 +00:00] [INFO] [writer.go:767] ["flush sorted kv"] [task-id=900001] [task-key=ImportInto/180001] [subtaskID=900001] [step=encode] [writer-id=data/219f79bc-6106-4c46-9b9b-8a6f0c79210d] [sequence-number=0] [bytes=196] [stat-size=74] [write-time=100.200991ms] [write-speed(bytes/s)=1.91KiB]
[2026/07/13 06:21:08.632 +00:00] [INFO] [writer.go:642] ["flush kv"] [task-id=900001] [task-key=ImportInto/180001] [subtaskID=900001] [step=encode] [writer-id=data/219f79bc-6106-4c46-9b9b-8a6f0c79210d] [sequence-number=0] [bytes=196] [kv-cnt=4] [sort-time=1.575µs] [write-time=100.252398ms] [sort-speed(kv/s)=2539682.5397] [writer-id=data/219f79bc-6106-4c46-9b9b-8a6f0c79210d] [on-dup=record] [dup-cnt=2] [recorded-dup-cnt=0]
[2026/07/13 06:21:08.632 +00:00] [INFO] [writer.go:535] ["close writer"] [task-id=900001] [task-key=ImportInto/180001] [subtaskID=900001] [step=encode] [writerID=data/219f79bc-6106-4c46-9b9b-8a6f0c79210d] [kv-cnt-cap=4] [minKey=7480000000000015815f728000000000000001] [maxKey=7480000000000015815f728000000000000003] [kv-file-count=1] [dup-file-count=0] [total-size=132B] [total-kv-cnt=4]
[2026/07/13 06:21:08.639 +00:00] [INFO] [writer.go:767] ["flush sorted kv"] [task-id=900001] [task-key=ImportInto/180001] [subtaskID=900001] [step=encode] [writer-id=index/2/219f79bc-6106-4c46-9b9b-8a6f0c79210d] [sequence-number=0] [bytes=208] [stat-size=92] [write-time=6.720982ms] [write-speed(bytes/s)=30.22KiB]
[2026/07/13 06:21:08.639 +00:00] [INFO] [writer.go:642] ["flush kv"] [task-id=900001] [task-key=ImportInto/180001] [subtaskID=900001] [step=encode] [writer-id=index/2/219f79bc-6106-4c46-9b9b-8a6f0c79210d] [sequence-number=0] [bytes=208] [kv-cnt=4] [sort-time=1.396µs] [write-time=6.753149ms] [sort-speed(kv/s)=2865329.5129] [writer-id=index/2/219f79bc-6106-4c46-9b9b-8a6f0c79210d] [on-dup=record] [dup-cnt=3] [recorded-dup-cnt=1]
[2026/07/13 06:21:08.639 +00:00] [INFO] [writer.go:535] ["close writer"] [task-id=900001] [task-key=ImportInto/180001] [subtaskID=900001] [step=encode] [writerID=index/2/219f79bc-6106-4c46-9b9b-8a6f0c79210d] [kv-cnt-cap=4] [minKey=7480000000000015815f698000000000000002038000000000000001] [maxKey=7480000000000015815f698000000000000002038000000000000003] [kv-file-count=1] [dup-file-count=1] [total-size=108B] [total-kv-cnt=3]
[2026/07/13 06:21:08.642 +00:00] [INFO] [writer.go:767] ["flush sorted kv"] [task-id=900001] [task-key=ImportInto/180001] [subtaskID=900001] [step=encode] [writer-id=index/1/219f79bc-6106-4c46-9b9b-8a6f0c79210d] [sequence-number=0] [bytes=216] [stat-size=110] [write-time=3.570726ms] [write-speed(bytes/s)=59.07KiB]
[2026/07/13 06:21:08.642 +00:00] [INFO] [writer.go:642] ["flush kv"] [task-id=900001] [task-key=ImportInto/180001] [subtaskID=900001] [step=encode] [writer-id=index/1/219f79bc-6106-4c46-9b9b-8a6f0c79210d] [sequence-number=0] [bytes=216] [kv-cnt=4] [sort-time=825ns] [write-time=3.59742ms] [sort-speed(kv/s)=4848484.8485] [writer-id=index/1/219f79bc-6106-4c46-9b9b-8a6f0c79210d] [on-dup=remove] [dup-cnt=2] [recorded-dup-cnt=0]
[2026/07/13 06:21:08.642 +00:00] [INFO] [writer.go:535] ["close writer"] [task-id=900001] [task-key=ImportInto/180001] [subtaskID=900001] [step=encode] [writerID=index/1/219f79bc-6106-4c46-9b9b-8a6f0c79210d] [kv-cnt-cap=4] [minKey=7480000000000015815f698000000000000001038000000000000014038000000000000002] [maxKey=7480000000000015815f69800000000000000103800000000000001e038000000000000003] [kv-file-count=1] [dup-file-count=0] [total-size=76B] [total-kv-cnt=2]
[2026/07/13 06:21:08.642 +00:00] [INFO] [task_executor.go:360] ["on subtask finished"] [task-id=900001] [task-key=ImportInto/180001] [step=encode] [engine-id=0]
[2026/07/13 06:21:08.644 +00:00] [INFO] [task_executor.go:240] ["run subtask completed"] [task-id=900001] [task-key=ImportInto/180001] [step=encode] [subtask-id=900001] [data-kv-files=1] [index-kv-files=2] [obj-store-access="{requests: {get: 2, put: 8}, traffic: {r: 235, w: 2408}}"] [takeTime=257.173872ms] []
[2026/07/13 06:21:08.647 +00:00] [INFO] [task_executor.go:526] ["run subtask completed"] [task-id=900001] [task-key=ImportInto/180001] [subtaskID=900001] [step=encode] [takeTime=259.997189ms] []
[2026/07/13 06:21:08.727 +00:00] [WARN] [memoryusagealarm.go:270] ["tidb-server has the risk of OOM because of memory usage exceeds alarm ratio. Running profiles will be recorded in record path"] ["is tidb-server_memory_limit set"=true] [tidb-server_memory_limit=536870912] ["tidb-server memory usage"=385672992] [memory-usage-alarm-ratio=0.7] ["record path"=/tmp/oom_record]
[2026/07/13 06:21:08.874 +00:00] [INFO] [scheduler.go:493] ["switch to next step"] [task-id=900001] [task-key=ImportInto/180001] [current-step=encode] [next-step=merge-sort] [required-slots=1] [runtime-slots=1]
[2026/07/13 06:21:08.874 +00:00] [INFO] [scheduler.go:527] ["eligible instances"] [task-id=900001] [task-key=ImportInto/180001] [num=1]
[2026/07/13 06:21:08.874 +00:00] [INFO] [scheduler.go:410] ["on next subtasks batch"] [task-id=900001] [task-key=ImportInto/180001] [curr-step=encode] [next-step=merge-sort] [node-count=1] [db-name=ai_conflict_delete_red_once] [table-name=t] [db-id=5503] [table-id=5505]
[2026/07/13 06:21:08.877 +00:00] [INFO] [store.go:277] ["succeed to get bucket region from s3"] [bucket=sorted] [prefix=import-red-once] [context=s3] [provider=] ["bucket region"=us-east-1]
[2026/07/13 06:21:08.878 +00:00] [INFO] [planner.go:468] ["skip merge sort for kv group"] [task-id=900001] [task-key=ImportInto/180001] [task-id=900001] [kv-group=2]
[2026/07/13 06:21:08.878 +00:00] [INFO] [planner.go:468] ["skip merge sort for kv group"] [task-id=900001] [task-key=ImportInto/180001] [task-id=900001] [kv-group=data]
[2026/07/13 06:21:08.878 +00:00] [INFO] [planner.go:468] ["skip merge sort for kv group"] [task-id=900001] [task-key=ImportInto/180001] [task-id=900001] [kv-group=1]
[2026/07/13 06:21:08.879 +00:00] [INFO] [store.go:277] ["succeed to get bucket region from s3"] [bucket=sorted] [prefix=import-red-once] [context=s3] [provider=] ["bucket region"=us-east-1]
[2026/07/13 06:21:08.879 +00:00] [INFO] [scheduler.go:541] ["generate subtasks"] [task-id=900001] [task-key=ImportInto/180001] [curr-step=encode] [next-step=merge-sort] [node-count=1] [db-name=ai_conflict_delete_red_once] [table-name=t] [db-id=5503] [table-id=5505] [subtask-count=0]
[2026/07/13 06:21:08.880 +00:00] [INFO] [scheduler.go:553] ["schedule subtasks"] [task-id=900001] [task-key=ImportInto/180001] [state=running] [step=merge-sort] [requiredSlots=1] [subtasks=0]
[2026/07/13 06:21:08.927 +00:00] [WARN] [memoryusagealarm.go:270] ["tidb-server has the risk of OOM because of memory usage grows too fast. Running profiles will be recorded in record path"] ["is tidb-server_memory_limit set"=true] [tidb-server_memory_limit=536870912] ["tidb-server memory usage"=458000208] [memory-usage-alarm-ratio=0.7] ["record path"=/tmp/oom_record]
[2026/07/13 06:21:09.373 +00:00] [INFO] [scheduler.go:493] ["switch to next step"] [task-id=900001] [task-key=ImportInto/180001] [current-step=merge-sort] [next-step=ingest] [required-slots=1] [runtime-slots=1]
[2026/07/13 06:21:09.373 +00:00] [INFO] [scheduler.go:527] ["eligible instances"] [task-id=900001] [task-key=ImportInto/180001] [num=1]
[2026/07/13 06:21:09.373 +00:00] [INFO] [scheduler.go:410] ["on next subtasks batch"] [task-id=900001] [task-key=ImportInto/180001] [curr-step=merge-sort] [next-step=ingest] [node-count=1] [db-name=ai_conflict_delete_red_once] [table-name=t] [db-id=5503] [table-id=5505]
[2026/07/13 06:21:09.380 +00:00] [INFO] [store.go:277] ["succeed to get bucket region from s3"] [bucket=sorted] [prefix=import-red-once] [context=s3] [provider=] ["bucket region"=us-east-1]
[2026/07/13 06:21:09.384 +00:00] [INFO] [service_discovery.go:1004] ["[pd] update member urls"] [old-sorted-urls="[http://tc-pd:2379]"] [new-sorted-urls="[http://tc-pd-0.tc-pd-peer.testbed-tps-8220955-1-213.svc.cluster.local:2379]"]
[2026/07/13 06:21:09.384 +00:00] [INFO] [service_discovery.go:1023] ["[pd] switch leader"] [new-leader=http://tc-pd-0.tc-pd-peer.testbed-tps-8220955-1-213.svc.cluster.local:2379] [old-leader=]
[2026/07/13 06:21:09.384 +00:00] [INFO] [service_discovery.go:502] ["[pd] init cluster id"] [cluster-id=7660458574147744569]
[2026/07/13 06:21:09.385 +00:00] [INFO] [client.go:210] ["[tso] switch the tso leader serving url"] [new-url=http://tc-pd-0.tc-pd-peer.testbed-tps-8220955-1-213.svc.cluster.local:2379]
[2026/07/13 06:21:09.385 +00:00] [INFO] [inner_client.go:173] ["[pd] tso provider changed to pd"]
[2026/07/13 06:21:09.385 +00:00] [INFO] [watcher.go:56] ["[pd] start the deadline watcher"] [source=tso]
[2026/07/13 06:21:09.385 +00:00] [INFO] [dispatcher.go:147] ["[tso] tso dispatcher created"]
[2026/07/13 06:21:09.385 +00:00] [INFO] [dispatcher.go:594] ["[tso] switching tso rpc concurrency"] [old=0] [new=1]
[2026/07/13 06:21:09.385 +00:00] [INFO] [client.go:247] ["[tso] start tso connection contexts updater"]
[2026/07/13 06:21:09.385 +00:00] [INFO] [inner_client.go:154] ["[pd] service mode changed"] [new-mode=PD_SVC_MODE]
[2026/07/13 06:21:09.385 +00:00] [INFO] [router_service_discovery.go:151] ["[router service] created router service discovery"] [cluster-id=7660458574147744569] [keyspace-id=4294967295] [default-discovery-key=/ms/7660458574147744569/router/registry/]
[2026/07/13 06:21:09.385 +00:00] [INFO] [router_service_discovery.go:163] ["[router service] initializing router service discovery"] [max-retry-times=100] [retry-interval=1s]
[2026/07/13 06:21:09.386 +00:00] [INFO] [router_service_discovery.go:249] ["[router service] update member sorted urls"] [new-sorted-urls="[]"]
[2026/07/13 06:21:09.386 +00:00] [INFO] [router_service_discovery.go:234] ["[router service] updating nodes succeeded"] [urls="[]"] [clients-length=0]
[2026/07/13 06:21:09.386 +00:00] [INFO] [inner_client.go:91] ["[pd] start router client initializer"]
[2026/07/13 06:21:09.386 +00:00] [INFO] [client.go:417] ["[router] connection daemon is started"]
[2026/07/13 06:21:09.386 +00:00] [INFO] [client.go:502] ["[router] successfully established the leader router stream connection"] [url=http://tc-pd-0.tc-pd-peer.testbed-tps-8220955-1-213.svc.cluster.local:2379]
[2026/07/13 06:21:09.386 +00:00] [INFO] [client.go:578] ["[router] dispatcher is started"]
[2026/07/13 06:21:09.387 +00:00] [INFO] [inner_client.go:96] ["[pd] exit router client initializer"]
[2026/07/13 06:21:09.387 +00:00] [INFO] [dispatcher.go:208] ["[tso] stop fetching the pending tso requests due to context canceled"]
[2026/07/13 06:21:09.387 +00:00] [INFO] [dispatcher.go:150] ["[tso] exit tso dispatcher"]
[2026/07/13 06:21:09.387 +00:00] [INFO] [watcher.go:73] ["[pd] exit the deadline watcher"] [source=tso]
[2026/07/13 06:21:09.387 +00:00] [INFO] [client.go:273] ["[tso] exit tso connection contexts updater"]
[2026/07/13 06:21:09.387 +00:00] [INFO] [stream.go:360] ["tsoStream.recvLoop ended"] [stream=tc-pd-0.tc-pd-peer.testbed-tps-8220955-1-213.svc.cluster.local:2379-3] [error="rpc error: code = Canceled desc = context canceled"]
[2026/07/13 06:21:09.387 +00:00] [INFO] [resource_manager_client.go:341] ["[resource manager] exit resource token dispatcher"]
[2026/07/13 06:21:09.387 +00:00] [INFO] [router_service_discovery.go:304] ["[router service] exit health check member loop"]
[2026/07/13 06:21:09.387 +00:00] [INFO] [router_service_discovery.go:262] ["[router service] exit check member loop"]
[2026/07/13 06:21:09.387 +00:00] [INFO] [service_discovery.go:555] ["[pd] exit member loop due to context canceled"]
[2026/07/13 06:21:09.387 +00:00] [INFO] [router_service_discovery.go:276] ["[router service] closing router service discovery"]
[2026/07/13 06:21:09.387 +00:00] [INFO] [router_service_discovery.go:292] ["[router service] is closed"]
[2026/07/13 06:21:09.387 +00:00] [INFO] [client.go:155] ["[tso] closing tso client"]
[2026/07/13 06:21:09.387 +00:00] [INFO] [client.go:160] ["[tso] close tso client"]
[2026/07/13 06:21:09.387 +00:00] [INFO] [client.go:162] ["[tso] tso client is closed"]
[2026/07/13 06:21:09.387 +00:00] [INFO] [service_discovery.go:646] ["[pd] close service discovery client"]
[2026/07/13 06:21:09.388 +00:00] [INFO] [client.go:423] ["[router] connection daemon is exiting"]
[2026/07/13 06:21:09.388 +00:00] [INFO] [client.go:599] ["[router] stop fetching the pending router requests due to context canceled"]
[2026/07/13 06:21:09.388 +00:00] [INFO] [client.go:580] ["[router] dispatcher is exiting"]
[2026/07/13 06:21:09.388 +00:00] [INFO] [client.go:585] ["[router] dispatcher exited"]
[2026/07/13 06:21:09.388 +00:00] [INFO] [inner_client.go:275] ["[pd] close client successfully"]
[2026/07/13 06:21:09.388 +00:00] [INFO] [planner.go:739] ["split kv range with split size and keys"] [task-id=900001] [task-key=ImportInto/180001] [region-split-size=256000000] [region-split-keys=2560000] [range-size=64000001] [range-keys=640000]
[2026/07/13 06:21:09.388 +00:00] [INFO] [split.go:132] ["create range splitter"] [task-id=900001] [task-key=ImportInto/180001] [rangesGroupSize=107374182400] [rangesGroupKeyCnt=9223372036854775807] [rangeJobSize=64000001] [rangeJobKeyCnt=640000] [regionSplitSize=256000000] [regionSplitKeyCnt=2560000]
[2026/07/13 06:21:09.389 +00:00] [INFO] [planner.go:635] ["kv range split summary"] [task-id=900001] [task-key=ImportInto/180001] [kvGroup=data] [subtasks=1] [dataFiles=1] [rangeJobKeys=0] [regionSplitKeys=0]
[2026/07/13 06:21:09.389 +00:00] [INFO] [split.go:172] ["close range splitter"] [task-id=900001] [task-key=ImportInto/180001]
[2026/07/13 06:21:09.391 +00:00] [INFO] [service_discovery.go:1004] ["[pd] update member urls"] [old-sorted-urls="[http://tc-pd:2379]"] [new-sorted-urls="[http://tc-pd-0.tc-pd-peer.testbed-tps-8220955-1-213.svc.cluster.local:2379]"]
[2026/07/13 06:21:09.391 +00:00] [INFO] [service_discovery.go:1023] ["[pd] switch leader"] [new-leader=http://tc-pd-0.tc-pd-peer.testbed-tps-8220955-1-213.svc.cluster.local:2379] [old-leader=]
[2026/07/13 06:21:09.391 +00:00] [INFO] [service_discovery.go:502] ["[pd] init cluster id"] [cluster-id=7660458574147744569]
[2026/07/13 06:21:09.392 +00:00] [INFO] [client.go:210] ["[tso] switch the tso leader serving url"] [new-url=http://tc-pd-0.tc-pd-peer.testbed-tps-8220955-1-213.svc.cluster.local:2379]
[2026/07/13 06:21:09.392 +00:00] [INFO] [inner_client.go:173] ["[pd] tso provider changed to pd"]
[2026/07/13 06:21:09.392 +00:00] [INFO] [watcher.go:56] ["[pd] start the deadline watcher"] [source=tso]
[2026/07/13 06:21:09.392 +00:00] [INFO] [dispatcher.go:147] ["[tso] tso dispatcher created"]
[2026/07/13 06:21:09.392 +00:00] [INFO] [dispatcher.go:594] ["[tso] switching tso rpc concurrency"] [old=0] [new=1]
[2026/07/13 06:21:09.392 +00:00] [INFO] [client.go:247] ["[tso] start tso connection contexts updater"]
[2026/07/13 06:21:09.392 +00:00] [INFO] [inner_client.go:154] ["[pd] service mode changed"] [new-mode=PD_SVC_MODE]
[2026/07/13 06:21:09.392 +00:00] [INFO] [router_service_discovery.go:151] ["[router service] created router service discovery"] [cluster-id=7660458574147744569] [keyspace-id=4294967295] [default-discovery-key=/ms/7660458574147744569/router/registry/]
[2026/07/13 06:21:09.392 +00:00] [INFO] [router_service_discovery.go:163] ["[router service] initializing router service discovery"] [max-retry-times=100] [retry-interval=1s]
[2026/07/13 06:21:09.393 +00:00] [INFO] [router_service_discovery.go:249] ["[router service] update member sorted urls"] [new-sorted-urls="[]"]
[2026/07/13 06:21:09.393 +00:00] [INFO] [router_service_discovery.go:234] ["[router service] updating nodes succeeded"] [urls="[]"] [clients-length=0]
[2026/07/13 06:21:09.393 +00:00] [INFO] [inner_client.go:91] ["[pd] start router client initializer"]
[2026/07/13 06:21:09.393 +00:00] [INFO] [client.go:417] ["[router] connection daemon is started"]
[2026/07/13 06:21:09.393 +00:00] [INFO] [client.go:502] ["[router] successfully established the leader router stream connection"] [url=http://tc-pd-0.tc-pd-peer.testbed-tps-8220955-1-213.svc.cluster.local:2379]
[2026/07/13 06:21:09.393 +00:00] [INFO] [client.go:578] ["[router] dispatcher is started"]
[2026/07/13 06:21:09.394 +00:00] [INFO] [router_service_discovery.go:262] ["[router service] exit check member loop"]
[2026/07/13 06:21:09.394 +00:00] [INFO] [inner_client.go:96] ["[pd] exit router client initializer"]
[2026/07/13 06:21:09.394 +00:00] [INFO] [service_discovery.go:555] ["[pd] exit member loop due to context canceled"]
[2026/07/13 06:21:09.394 +00:00] [INFO] [client.go:423] ["[router] connection daemon is exiting"]
[2026/07/13 06:21:09.394 +00:00] [INFO] [client.go:599] ["[router] stop fetching the pending router requests due to context canceled"]
[2026/07/13 06:21:09.394 +00:00] [INFO] [client.go:580] ["[router] dispatcher is exiting"]
[2026/07/13 06:21:09.394 +00:00] [INFO] [client.go:585] ["[router] dispatcher exited"]
[2026/07/13 06:21:09.394 +00:00] [INFO] [dispatcher.go:208] ["[tso] stop fetching the pending tso requests due to context canceled"]
[2026/07/13 06:21:09.394 +00:00] [INFO] [dispatcher.go:150] ["[tso] exit tso dispatcher"]
[2026/07/13 06:21:09.394 +00:00] [INFO] [watcher.go:73] ["[pd] exit the deadline watcher"] [source=tso]
[2026/07/13 06:21:09.394 +00:00] [INFO] [client.go:273] ["[tso] exit tso connection contexts updater"]
[2026/07/13 06:21:09.394 +00:00] [INFO] [stream.go:360] ["tsoStream.recvLoop ended"] [stream=tc-pd-0.tc-pd-peer.testbed-tps-8220955-1-213.svc.cluster.local:2379-4] [error="rpc error: code = Canceled desc = context canceled"]
[2026/07/13 06:21:09.394 +00:00] [INFO] [resource_manager_client.go:341] ["[resource manager] exit resource token dispatcher"]
[2026/07/13 06:21:09.394 +00:00] [INFO] [router_service_discovery.go:276] ["[router service] closing router service discovery"]
[2026/07/13 06:21:09.394 +00:00] [INFO] [router_service_discovery.go:304] ["[router service] exit health check member loop"]
[2026/07/13 06:21:09.394 +00:00] [INFO] [router_service_discovery.go:292] ["[router service] is closed"]
[2026/07/13 06:21:09.394 +00:00] [INFO] [client.go:155] ["[tso] closing tso client"]
[2026/07/13 06:21:09.394 +00:00] [INFO] [client.go:160] ["[tso] close tso client"]
[2026/07/13 06:21:09.394 +00:00] [INFO] [client.go:162] ["[tso] tso client is closed"]
[2026/07/13 06:21:09.394 +00:00] [INFO] [service_discovery.go:646] ["[pd] close service discovery client"]
[2026/07/13 06:21:09.394 +00:00] [INFO] [inner_client.go:275] ["[pd] close client successfully"]
[2026/07/13 06:21:09.394 +00:00] [INFO] [planner.go:739] ["split kv range with split size and keys"] [task-id=900001] [task-key=ImportInto/180001] [region-split-size=256000000] [region-split-keys=2560000] [range-size=64000001] [range-keys=640000]
[2026/07/13 06:21:09.394 +00:00] [INFO] [split.go:132] ["create range splitter"] [task-id=900001] [task-key=ImportInto/180001] [rangesGroupSize=107374182400] [rangesGroupKeyCnt=9223372036854775807] [rangeJobSize=64000001] [rangeJobKeyCnt=640000] [regionSplitSize=256000000] [regionSplitKeyCnt=2560000]
[2026/07/13 06:21:09.395 +00:00] [INFO] [planner.go:635] ["kv range split summary"] [task-id=900001] [task-key=ImportInto/180001] [kvGroup=1] [subtasks=1] [dataFiles=1] [rangeJobKeys=0] [regionSplitKeys=0]
[2026/07/13 06:21:09.395 +00:00] [INFO] [split.go:172] ["close range splitter"] [task-id=900001] [task-key=ImportInto/180001]
[2026/07/13 06:21:09.397 +00:00] [INFO] [service_discovery.go:1004] ["[pd] update member urls"] [old-sorted-urls="[http://tc-pd:2379]"] [new-sorted-urls="[http://tc-pd-0.tc-pd-peer.testbed-tps-8220955-1-213.svc.cluster.local:2379]"]
[2026/07/13 06:21:09.397 +00:00] [INFO] [service_discovery.go:1023] ["[pd] switch leader"] [new-leader=http://tc-pd-0.tc-pd-peer.testbed-tps-8220955-1-213.svc.cluster.local:2379] [old-leader=]
[2026/07/13 06:21:09.397 +00:00] [INFO] [service_discovery.go:502] ["[pd] init cluster id"] [cluster-id=7660458574147744569]
[2026/07/13 06:21:09.398 +00:00] [INFO] [client.go:210] ["[tso] switch the tso leader serving url"] [new-url=http://tc-pd-0.tc-pd-peer.testbed-tps-8220955-1-213.svc.cluster.local:2379]
[2026/07/13 06:21:09.398 +00:00] [INFO] [inner_client.go:173] ["[pd] tso provider changed to pd"]
[2026/07/13 06:21:09.398 +00:00] [INFO] [watcher.go:56] ["[pd] start the deadline watcher"] [source=tso]
[2026/07/13 06:21:09.398 +00:00] [INFO] [dispatcher.go:147] ["[tso] tso dispatcher created"]
[2026/07/13 06:21:09.398 +00:00] [INFO] [dispatcher.go:594] ["[tso] switching tso rpc concurrency"] [old=0] [new=1]
[2026/07/13 06:21:09.398 +00:00] [INFO] [client.go:247] ["[tso] start tso connection contexts updater"]
[2026/07/13 06:21:09.398 +00:00] [INFO] [inner_client.go:154] ["[pd] service mode changed"] [new-mode=PD_SVC_MODE]
[2026/07/13 06:21:09.398 +00:00] [INFO] [router_service_discovery.go:151] ["[router service] created router service discovery"] [cluster-id=7660458574147744569] [keyspace-id=4294967295] [default-discovery-key=/ms/7660458574147744569/router/registry/]
[2026/07/13 06:21:09.398 +00:00] [INFO] [router_service_discovery.go:163] ["[router service] initializing router service discovery"] [max-retry-times=100] [retry-interval=1s]
[2026/07/13 06:21:09.399 +00:00] [INFO] [router_service_discovery.go:249] ["[router service] update member sorted urls"] [new-sorted-urls="[]"]
[2026/07/13 06:21:09.399 +00:00] [INFO] [router_service_discovery.go:234] ["[router service] updating nodes succeeded"] [urls="[]"] [clients-length=0]
[2026/07/13 06:21:09.399 +00:00] [INFO] [inner_client.go:91] ["[pd] start router client initializer"]
[2026/07/13 06:21:09.399 +00:00] [INFO] [client.go:417] ["[router] connection daemon is started"]
[2026/07/13 06:21:09.399 +00:00] [INFO] [client.go:502] ["[router] successfully established the leader router stream connection"] [url=http://tc-pd-0.tc-pd-peer.testbed-tps-8220955-1-213.svc.cluster.local:2379]
[2026/07/13 06:21:09.399 +00:00] [INFO] [client.go:578] ["[router] dispatcher is started"]
[2026/07/13 06:21:09.400 +00:00] [INFO] [service_discovery.go:555] ["[pd] exit member loop due to context canceled"]
[2026/07/13 06:21:09.400 +00:00] [INFO] [inner_client.go:96] ["[pd] exit router client initializer"]
[2026/07/13 06:21:09.400 +00:00] [INFO] [client.go:423] ["[router] connection daemon is exiting"]
[2026/07/13 06:21:09.400 +00:00] [INFO] [client.go:599] ["[router] stop fetching the pending router requests due to context canceled"]
[2026/07/13 06:21:09.400 +00:00] [INFO] [client.go:580] ["[router] dispatcher is exiting"]
[2026/07/13 06:21:09.400 +00:00] [INFO] [client.go:585] ["[router] dispatcher exited"]
[2026/07/13 06:21:09.400 +00:00] [INFO] [dispatcher.go:208] ["[tso] stop fetching the pending tso requests due to context canceled"]
[2026/07/13 06:21:09.400 +00:00] [INFO] [dispatcher.go:150] ["[tso] exit tso dispatcher"]
[2026/07/13 06:21:09.400 +00:00] [INFO] [watcher.go:73] ["[pd] exit the deadline watcher"] [source=tso]
[2026/07/13 06:21:09.400 +00:00] [INFO] [client.go:273] ["[tso] exit tso connection contexts updater"]
[2026/07/13 06:21:09.400 +00:00] [INFO] [stream.go:360] ["tsoStream.recvLoop ended"] [stream=tc-pd-0.tc-pd-peer.testbed-tps-8220955-1-213.svc.cluster.local:2379-5] [error="rpc error: code = Canceled desc = context canceled"]
[2026/07/13 06:21:09.400 +00:00] [INFO] [resource_manager_client.go:341] ["[resource manager] exit resource token dispatcher"]
[2026/07/13 06:21:09.400 +00:00] [INFO] [router_service_discovery.go:276] ["[router service] closing router service discovery"]
[2026/07/13 06:21:09.400 +00:00] [INFO] [router_service_discovery.go:304] ["[router service] exit health check member loop"]
[2026/07/13 06:21:09.400 +00:00] [INFO] [router_service_discovery.go:262] ["[router service] exit check member loop"]
[2026/07/13 06:21:09.400 +00:00] [INFO] [router_service_discovery.go:292] ["[router service] is closed"]
[2026/07/13 06:21:09.400 +00:00] [INFO] [client.go:155] ["[tso] closing tso client"]
[2026/07/13 06:21:09.400 +00:00] [INFO] [client.go:160] ["[tso] close tso client"]
[2026/07/13 06:21:09.400 +00:00] [INFO] [client.go:162] ["[tso] tso client is closed"]
[2026/07/13 06:21:09.400 +00:00] [INFO] [service_discovery.go:646] ["[pd] close service discovery client"]
[2026/07/13 06:21:09.401 +00:00] [INFO] [inner_client.go:275] ["[pd] close client successfully"]
[2026/07/13 06:21:09.401 +00:00] [INFO] [planner.go:739] ["split kv range with split size and keys"] [task-id=900001] [task-key=ImportInto/180001] [region-split-size=256000000] [region-split-keys=2560000] [range-size=64000001] [range-keys=640000]
[2026/07/13 06:21:09.401 +00:00] [INFO] [split.go:132] ["create range splitter"] [task-id=900001] [task-key=ImportInto/180001] [rangesGroupSize=107374182400] [rangesGroupKeyCnt=9223372036854775807] [rangeJobSize=64000001] [rangeJobKeyCnt=640000] [regionSplitSize=256000000] [regionSplitKeyCnt=2560000]
[2026/07/13 06:21:09.402 +00:00] [INFO] [planner.go:635] ["kv range split summary"] [task-id=900001] [task-key=ImportInto/180001] [kvGroup=2] [subtasks=1] [dataFiles=1] [rangeJobKeys=0] [regionSplitKeys=0]
[2026/07/13 06:21:09.402 +00:00] [INFO] [split.go:172] ["close range splitter"] [task-id=900001] [task-key=ImportInto/180001]
[2026/07/13 06:21:09.403 +00:00] [INFO] [store.go:277] ["succeed to get bucket region from s3"] [bucket=sorted] [prefix=import-red-once] [context=s3] [provider=] ["bucket region"=us-east-1]
[2026/07/13 06:21:09.407 +00:00] [INFO] [scheduler.go:541] ["generate subtasks"] [task-id=900001] [task-key=ImportInto/180001] [curr-step=merge-sort] [next-step=ingest] [node-count=1] [db-name=ai_conflict_delete_red_once] [table-name=t] [db-id=5503] [table-id=5505] [subtask-count=3]
[2026/07/13 06:21:09.407 +00:00] [INFO] [scheduler.go:553] ["schedule subtasks"] [task-id=900001] [task-key=ImportInto/180001] [state=running] [step=ingest] [requiredSlots=1] [subtasks=3]
[2026/07/13 06:21:09.729 +00:00] [INFO] [task_executor.go:317] ["task meta modification applied"] [task-id=900001] [task-key=ImportInto/180001] [oldStep=merge-sort] [newStep=ingest]
[2026/07/13 06:21:09.731 +00:00] [INFO] [task_executor.go:423] ["cleanup subtask env"] [task-id=900001] [task-key=ImportInto/180001] [step=encode]
[2026/07/13 06:21:09.732 +00:00] [INFO] [client.go:356] ["[pd] http client closed"] [source=lightning]
[2026/07/13 06:21:09.732 +00:00] [INFO] [task_executor.go:461] ["execute task step completed"] [task-id=900001] [task-key=ImportInto/180001] [step=encode] [mem-limit-percent=0.7] [server-mem-limit=512MB] [resource="[CPU=1, Mem=500MiB]"] [takeTime=1.347699832s] []
[2026/07/13 06:21:09.732 +00:00] [INFO] [task_executor.go:910] ["got indices that generate kv"] [task-id=900001] [task-key=ImportInto/180001] [step=ingest] [indices="{\"1\":{\"Unique\":false},\"2\":{\"Unique\":true}}"]
[2026/07/13 06:21:09.733 +00:00] [INFO] [store.go:277] ["succeed to get bucket region from s3"] [bucket=sorted] [prefix=import-red-once] [context=s3] [provider=] ["bucket region"=us-east-1]
[2026/07/13 06:21:09.738 +00:00] [INFO] [local.go:770] ["multi ingest support"] [task-id=900001] [task-key=ImportInto/180001]
[2026/07/13 06:21:09.739 +00:00] [INFO] [local.go:792] ["TiKV server side free space check is enabled, so lightning will turn it off"] [task-id=900001] [task-key=ImportInto/180001]
[2026/07/13 06:21:09.739 +00:00] [INFO] [table_import.go:822] ["use 0.8 of the storage size as default disk quota"] [task-id=900001] [task-key=ImportInto/180001] [step=ingest] [quota=374.2GB]
[2026/07/13 06:21:09.739 +00:00] [INFO] [task_executor.go:434] ["execute task step start"] [task-id=900001] [task-key=ImportInto/180001] [step=ingest] [mem-limit-percent=0.7] [server-mem-limit=512MB] [resource="[CPU=1, Mem=500MiB]"]
[2026/07/13 06:21:09.741 +00:00] [INFO] [task_executor.go:497] ["run subtask start"] [task-id=900001] [task-key=ImportInto/180001] [subtaskID=900002] [step=ingest]
[2026/07/13 06:21:09.742 +00:00] [INFO] [store.go:277] ["succeed to get bucket region from s3"] [bucket=sorted] [prefix=import-red-once] [context=s3] [provider=] ["bucket region"=us-east-1]
[2026/07/13 06:21:09.743 +00:00] [INFO] [task_executor.go:712] ["run subtask start"] [task-id=900001] [task-key=ImportInto/180001] [step=ingest] [subtask-id=900002] [kv-group=data]
[2026/07/13 06:21:09.743 +00:00] [INFO] [engine.go:213] ["create external engine"] [task-id=900001] [task-key=ImportInto/180001] [subtaskID=900002] [step=ingest] [memLimitForLoadRange=230.8MiB] [dataFileCount=1] [jobKeysCount=2] [splitKeysCount=2]
[2026/07/13 06:21:09.745 +00:00] [INFO] [local.go:1109] ["split engine key ranges"] [task-id=900001] [task-key=ImportInto/180001] [subtaskID=900002] [step=ingest] [engine=external] [totalSize=107374182400] [totalCount=0] [startKey=7480000000000015815F728000000000000001] [endKey=7480000000000015815F72800000000000000300] [len(keys)=2] []
[2026/07/13 06:21:09.745 +00:00] [INFO] [local.go:1468] ["pause pd scheduler of table scope"] [task-id=900001] [task-key=ImportInto/180001] [subtaskID=900002] [step=ingest]
[2026/07/13 06:21:09.765 +00:00] [INFO] [local.go:1509] ["start import engine"] [task-id=900001] [task-key=ImportInto/180001] [subtaskID=900002] [step=ingest] [uuid=79cfd24b-6495-5b65-bccd-afb1e27181f3] ["region ranges"=1] [count=0] [size=107374182400] [maxReqInFlight=0] [maxReqPerSec=0]
[2026/07/13 06:21:09.766 +00:00] [INFO] [local.go:1131] ["import engine ranges"] [task-id=900001] [task-key=ImportInto/180001] [subtaskID=900002] [step=ingest] [len(regionSplitKeys)=2] [splitRangesBatch=2048] [splitRangePerSec=0]
[2026/07/13 06:21:09.766 +00:00] [INFO] [local.go:1146] ["split and scatter ranges start"] [task-id=900001] [task-key=ImportInto/180001] [subtaskID=900002] [step=ingest] [uuid=external]
[2026/07/13 06:21:09.766 +00:00] [INFO] [client.go:684] ["paginate scan regions"] [count=2] [start=7480000000000015815F728000000000000001] [end=7480000000000015815F7280000000000000030000]
[2026/07/13 06:21:09.766 +00:00] [INFO] [localhelper.go:129] ["waiting for scattering regions done"] [task-id=900001] [task-key=ImportInto/180001] [subtaskID=900002] [step=ingest] [regions=0] [take=9.553µs]
[2026/07/13 06:21:09.766 +00:00] [INFO] [local.go:1171] ["split and scatter ranges completed"] [task-id=900001] [task-key=ImportInto/180001] [subtaskID=900002] [step=ingest] [uuid=external] [takeTime=420.784µs] []
[2026/07/13 06:21:09.766 +00:00] [INFO] [engine.go:565] ["load ingest data"] [task-id=900001] [task-key=ImportInto/180001] [subtaskID=900002] [step=ingest] ["current batchSize"=1]
[2026/07/13 06:21:09.766 +00:00] [INFO] [util.go:172] ["seek props offsets start"] [task-id=900001] [task-key=ImportInto/180001] [subtaskID=900002] [step=ingest]
[2026/07/13 06:21:09.768 +00:00] [INFO] [util.go:174] ["seek props offsets completed"] [task-id=900001] [task-key=ImportInto/180001] [subtaskID=900002] [step=ingest] [takeTime=1.89416ms] []
[2026/07/13 06:21:09.768 +00:00] [INFO] [reader.go:52] ["read all data start"] [task-id=900001] [task-key=ImportInto/180001] [subtaskID=900002] [step=ingest]
[2026/07/13 06:21:09.768 +00:00] [INFO] [reader.go:53] [arguments] [task-id=900001] [task-key=ImportInto/180001] [subtaskID=900002] [step=ingest] [data-file-count=1] [stat-file-count=1] [start-key=7480000000000015815f728000000000000001] [end-key=7480000000000015815f72800000000000000300]
[2026/07/13 06:21:09.768 +00:00] [INFO] [reader.go:105] ["estimated file size of this range group"] [task-id=900001] [task-key=ImportInto/180001] [subtaskID=900002] [step=ingest] [totalSize=0B]
[2026/07/13 06:21:09.770 +00:00] [INFO] [reader.go:76] ["read all data completed"] [task-id=900001] [task-key=ImportInto/180001] [subtaskID=900002] [step=ingest] [takeTime=1.595275ms] []
[2026/07/13 06:21:09.770 +00:00] [INFO] [engine.go:120] ["building memKVsAndBuffers"] [task-id=900001] [task-key=ImportInto/180001] [subtaskID=900002] [step=ingest] [sumKVCnt=4] [droppedSize=0]
[2026/07/13 06:21:09.778 +00:00] [INFO] [engine.go:397] ["load range batch done"] [task-id=900001] [task-key=ImportInto/180001] [subtaskID=900002] [step=ingest] [readDur=1.630406ms] [sortDur=1.57µs] [droppedSize=0] [loadedKVs=4] [loadedSize=132B] [onDup=record] [dupCount=2] [recordedDupCount=2] [totalRecordedDupCount=2] [totalRecordedDupSize=66B] [deduplicateDur=8.867056ms]
[2026/07/13 06:21:09.826 +00:00] [INFO] [local.go:1325] ["generate region jobs"] [task-id=900001] [task-key=ImportInto/180001] [subtaskID=900002] [step=ingest] [len(jobs)=1] [startOfAllRanges=7480000000000015815f728000000000000001] [endOfAllRanges=7480000000000015815f72800000000000000300] [startKeyOfFirstRegion=7480000000000015ff815f728000000000ff0000010000000000fa] [endKeyOfLastRegion=748000fffffffffcff1700000000000000f8]
[2026/07/13 06:21:09.839 +00:00] [INFO] [local.go:1528] ["import engine success"] [task-id=900001] [task-key=ImportInto/180001] [subtaskID=900002] [step=ingest] [uuid=79cfd24b-6495-5b65-bccd-afb1e27181f3] [size=107374182400] [kvs=0] [importedSize=66] [importedCount=2]
[2026/07/13 06:21:09.842 +00:00] [INFO] [task_executor.go:714] ["run subtask completed"] [task-id=900001] [task-key=ImportInto/180001] [step=ingest] [subtask-id=900002] [kv-group=data] [obj-store-access="{requests: {get: 4, put: 4}, traffic: {r: 806, w: 353}}"] [takeTime=98.352109ms] []
[2026/07/13 06:21:09.844 +00:00] [INFO] [task_executor.go:526] ["run subtask completed"] [task-id=900001] [task-key=ImportInto/180001] [subtaskID=900002] [step=ingest] [takeTime=102.887469ms] []
[2026/07/13 06:21:09.851 +00:00] [INFO] [task_executor.go:497] ["run subtask start"] [task-id=900001] [task-key=ImportInto/180001] [subtaskID=900003] [step=ingest]
[2026/07/13 06:21:09.852 +00:00] [INFO] [store.go:277] ["succeed to get bucket region from s3"] [bucket=sorted] [prefix=import-red-once] [context=s3] [provider=] ["bucket region"=us-east-1]
[2026/07/13 06:21:09.853 +00:00] [INFO] [task_executor.go:712] ["run subtask start"] [task-id=900001] [task-key=ImportInto/180001] [step=ingest] [subtask-id=900003] [kv-group=1]
[2026/07/13 06:21:09.853 +00:00] [INFO] [engine.go:213] ["create external engine"] [task-id=900001] [task-key=ImportInto/180001] [subtaskID=900003] [step=ingest] [memLimitForLoadRange=230.8MiB] [dataFileCount=1] [jobKeysCount=2] [splitKeysCount=2]
[2026/07/13 06:21:09.855 +00:00] [INFO] [local.go:1109] ["split engine key ranges"] [task-id=900001] [task-key=ImportInto/180001] [subtaskID=900003] [step=ingest] [engine=external] [totalSize=107374182400] [totalCount=0] [startKey=7480000000000015815F698000000000000001038000000000000014038000000000000002] [endKey=7480000000000015815F69800000000000000103800000000000001E03800000000000000300] [len(keys)=2] []
[2026/07/13 06:21:09.855 +00:00] [INFO] [local.go:1468] ["pause pd scheduler of table scope"] [task-id=900001] [task-key=ImportInto/180001] [subtaskID=900003] [step=ingest]
[2026/07/13 06:21:09.876 +00:00] [INFO] [local.go:1509] ["start import engine"] [task-id=900001] [task-key=ImportInto/180001] [subtaskID=900003] [step=ingest] [uuid=2e06eda7-c5c1-51ea-bf4f-a272e9614af1] ["region ranges"=1] [count=0] [size=107374182400] [maxReqInFlight=0] [maxReqPerSec=0]
[2026/07/13 06:21:09.877 +00:00] [INFO] [local.go:1131] ["import engine ranges"] [task-id=900001] [task-key=ImportInto/180001] [subtaskID=900003] [step=ingest] [len(regionSplitKeys)=2] [splitRangesBatch=2048] [splitRangePerSec=0]
[2026/07/13 06:21:09.877 +00:00] [INFO] [local.go:1146] ["split and scatter ranges start"] [task-id=900001] [task-key=ImportInto/180001] [subtaskID=900003] [step=ingest] [uuid=external]
[2026/07/13 06:21:09.877 +00:00] [INFO] [client.go:684] ["paginate scan regions"] [count=2] [start=7480000000000015815F698000000000000001038000000000000014038000000000000002] [end=7480000000000015815F69800000000000000103800000000000001E0380000000000000030000]
[2026/07/13 06:21:09.877 +00:00] [INFO] [localhelper.go:129] ["waiting for scattering regions done"] [task-id=900001] [task-key=ImportInto/180001] [subtaskID=900003] [step=ingest] [regions=0] [take=950ns]
[2026/07/13 06:21:09.877 +00:00] [INFO] [local.go:1171] ["split and scatter ranges completed"] [task-id=900001] [task-key=ImportInto/180001] [subtaskID=900003] [step=ingest] [uuid=external] [takeTime=313.898µs] []
[2026/07/13 06:21:09.877 +00:00] [INFO] [engine.go:565] ["load ingest data"] [task-id=900001] [task-key=ImportInto/180001] [subtaskID=900003] [step=ingest] ["current batchSize"=1]
[2026/07/13 06:21:09.877 +00:00] [INFO] [util.go:172] ["seek props offsets start"] [task-id=900001] [task-key=ImportInto/180001] [subtaskID=900003] [step=ingest]
[2026/07/13 06:21:09.878 +00:00] [INFO] [util.go:174] ["seek props offsets completed"] [task-id=900001] [task-key=ImportInto/180001] [subtaskID=900003] [step=ingest] [takeTime=1.117482ms] []
[2026/07/13 06:21:09.878 +00:00] [INFO] [reader.go:52] ["read all data start"] [task-id=900001] [task-key=ImportInto/180001] [subtaskID=900003] [step=ingest]
[2026/07/13 06:21:09.878 +00:00] [INFO] [reader.go:53] [arguments] [task-id=900001] [task-key=ImportInto/180001] [subtaskID=900003] [step=ingest] [data-file-count=1] [stat-file-count=1] [start-key=7480000000000015815f698000000000000001038000000000000014038000000000000002] [end-key=7480000000000015815f69800000000000000103800000000000001e03800000000000000300]
[2026/07/13 06:21:09.878 +00:00] [INFO] [reader.go:105] ["estimated file size of this range group"] [task-id=900001] [task-key=ImportInto/180001] [subtaskID=900003] [step=ingest] [totalSize=0B]
[2026/07/13 06:21:09.880 +00:00] [INFO] [reader.go:76] ["read all data completed"] [task-id=900001] [task-key=ImportInto/180001] [subtaskID=900003] [step=ingest] [takeTime=1.5629ms] []
[2026/07/13 06:21:09.880 +00:00] [INFO] [engine.go:120] ["building memKVsAndBuffers"] [task-id=900001] [task-key=ImportInto/180001] [subtaskID=900003] [step=ingest] [sumKVCnt=2] [droppedSize=0]
[2026/07/13 06:21:09.880 +00:00] [INFO] [engine.go:397] ["load range batch done"] [task-id=900001] [task-key=ImportInto/180001] [subtaskID=900003] [step=ingest] [readDur=1.594495ms] [sortDur=802ns] [droppedSize=0] [loadedKVs=2] [loadedSize=76B] [onDup=remove] [dupCount=0] [recordedDupCount=0] [totalRecordedDupCount=0] [totalRecordedDupSize=0B] [deduplicateDur=0s]
[2026/07/13 06:21:09.880 +00:00] [INFO] [local.go:1325] ["generate region jobs"] [task-id=900001] [task-key=ImportInto/180001] [subtaskID=900003] [step=ingest] [len(jobs)=1] [startOfAllRanges=7480000000000015815f698000000000000001038000000000000014038000000000000002] [endOfAllRanges=7480000000000015815f69800000000000000103800000000000001e03800000000000000300] [startKeyOfFirstRegion=7480000000000015ff815f698000000000ff0000010380000000ff0000001403800000ff0000000002000000fc] [endKeyOfLastRegion=7480000000000015ff815f698000000000ff0000010380000000ff0000001e03800000ff0000000003000000fd]
[2026/07/13 06:21:09.925 +00:00] [INFO] [local.go:1528] ["import engine success"] [task-id=900001] [task-key=ImportInto/180001] [subtaskID=900003] [step=ingest] [uuid=2e06eda7-c5c1-51ea-bf4f-a272e9614af1] [size=107374182400] [kvs=0] [importedSize=76] [importedCount=2]
[2026/07/13 06:21:09.926 +00:00] [INFO] [task_executor.go:714] ["run subtask completed"] [task-id=900001] [task-key=ImportInto/180001] [step=ingest] [subtask-id=900003] [kv-group=1] [obj-store-access="{requests: {get: 4, put: 0}, traffic: {r: 904, w: 0}}"] [takeTime=72.583446ms] []
[2026/07/13 06:21:09.928 +00:00] [INFO] [task_executor.go:526] ["run subtask completed"] [task-id=900001] [task-key=ImportInto/180001] [subtaskID=900003] [step=ingest] [takeTime=77.140457ms] []
[2026/07/13 06:21:09.935 +00:00] [INFO] [task_executor.go:497] ["run subtask start"] [task-id=900001] [task-key=ImportInto/180001] [subtaskID=900004] [step=ingest]
[2026/07/13 06:21:09.936 +00:00] [INFO] [store.go:277] ["succeed to get bucket region from s3"] [bucket=sorted] [prefix=import-red-once] [context=s3] [provider=] ["bucket region"=us-east-1]
[2026/07/13 06:21:09.938 +00:00] [INFO] [task_executor.go:712] ["run subtask start"] [task-id=900001] [task-key=ImportInto/180001] [step=ingest] [subtask-id=900004] [kv-group=2]
[2026/07/13 06:21:09.938 +00:00] [INFO] [engine.go:213] ["create external engine"] [task-id=900001] [task-key=ImportInto/180001] [subtaskID=900004] [step=ingest] [memLimitForLoadRange=230.8MiB] [dataFileCount=1] [jobKeysCount=2] [splitKeysCount=2]
[2026/07/13 06:21:09.939 +00:00] [INFO] [local.go:1109] ["split engine key ranges"] [task-id=900001] [task-key=ImportInto/180001] [subtaskID=900004] [step=ingest] [engine=external] [totalSize=107374182400] [totalCount=0] [startKey=7480000000000015815F698000000000000002038000000000000001] [endKey=7480000000000015815F69800000000000000203800000000000000300] [len(keys)=2] []
[2026/07/13 06:21:09.939 +00:00] [INFO] [local.go:1468] ["pause pd scheduler of table scope"] [task-id=900001] [task-key=ImportInto/180001] [subtaskID=900004] [step=ingest]
[2026/07/13 06:21:09.960 +00:00] [INFO] [local.go:1509] ["start import engine"] [task-id=900001] [task-key=ImportInto/180001] [subtaskID=900004] [step=ingest] [uuid=e7bd87b7-a67c-5517-8f56-1fb88db3db7e] ["region ranges"=1] [count=0] [size=107374182400] [maxReqInFlight=0] [maxReqPerSec=0]
[2026/07/13 06:21:09.960 +00:00] [INFO] [local.go:1131] ["import engine ranges"] [task-id=900001] [task-key=ImportInto/180001] [subtaskID=900004] [step=ingest] [len(regionSplitKeys)=2] [splitRangesBatch=2048] [splitRangePerSec=0]
[2026/07/13 06:21:09.960 +00:00] [INFO] [local.go:1146] ["split and scatter ranges start"] [task-id=900001] [task-key=ImportInto/180001] [subtaskID=900004] [step=ingest] [uuid=external]
[2026/07/13 06:21:09.961 +00:00] [INFO] [client.go:684] ["paginate scan regions"] [count=2] [start=7480000000000015815F698000000000000002038000000000000001] [end=7480000000000015815F6980000000000000020380000000000000030000]
[2026/07/13 06:21:09.961 +00:00] [INFO] [localhelper.go:129] ["waiting for scattering regions done"] [task-id=900001] [task-key=ImportInto/180001] [subtaskID=900004] [step=ingest] [regions=0] [take=1.056µs]
[2026/07/13 06:21:09.961 +00:00] [INFO] [local.go:1171] ["split and scatter ranges completed"] [task-id=900001] [task-key=ImportInto/180001] [subtaskID=900004] [step=ingest] [uuid=external] [takeTime=329.814µs] []
[2026/07/13 06:21:09.961 +00:00] [INFO] [engine.go:565] ["load ingest data"] [task-id=900001] [task-key=ImportInto/180001] [subtaskID=900004] [step=ingest] ["current batchSize"=1]
[2026/07/13 06:21:09.961 +00:00] [INFO] [util.go:172] ["seek props offsets start"] [task-id=900001] [task-key=ImportInto/180001] [subtaskID=900004] [step=ingest]
[2026/07/13 06:21:09.962 +00:00] [INFO] [util.go:174] ["seek props offsets completed"] [task-id=900001] [task-key=ImportInto/180001] [subtaskID=900004] [step=ingest] [takeTime=1.167656ms] []
[2026/07/13 06:21:09.962 +00:00] [INFO] [reader.go:52] ["read all data start"] [task-id=900001] [task-key=ImportInto/180001] [subtaskID=900004] [step=ingest]
[2026/07/13 06:21:09.962 +00:00] [INFO] [reader.go:53] [arguments] [task-id=900001] [task-key=ImportInto/180001] [subtaskID=900004] [step=ingest] [data-file-count=1] [stat-file-count=1] [start-key=7480000000000015815f698000000000000002038000000000000001] [end-key=7480000000000015815f69800000000000000203800000000000000300]
[2026/07/13 06:21:09.962 +00:00] [INFO] [reader.go:105] ["estimated file size of this range group"] [task-id=900001] [task-key=ImportInto/180001] [subtaskID=900004] [step=ingest] [totalSize=0B]
[2026/07/13 06:21:09.963 +00:00] [INFO] [reader.go:76] ["read all data completed"] [task-id=900001] [task-key=ImportInto/180001] [subtaskID=900004] [step=ingest] [takeTime=1.535349ms] []
[2026/07/13 06:21:09.964 +00:00] [INFO] [engine.go:120] ["building memKVsAndBuffers"] [task-id=900001] [task-key=ImportInto/180001] [subtaskID=900004] [step=ingest] [sumKVCnt=3] [droppedSize=0]
[2026/07/13 06:21:09.972 +00:00] [INFO] [engine.go:397] ["load range batch done"] [task-id=900001] [task-key=ImportInto/180001] [subtaskID=900004] [step=ingest] [readDur=1.565928ms] [sortDur=1.134µs] [droppedSize=0] [loadedKVs=3] [loadedSize=108B] [onDup=record] [dupCount=2] [recordedDupCount=2] [totalRecordedDupCount=2] [totalRecordedDupSize=72B] [deduplicateDur=8.298253ms]
[2026/07/13 06:21:09.972 +00:00] [INFO] [local.go:1325] ["generate region jobs"] [task-id=900001] [task-key=ImportInto/180001] [subtaskID=900004] [step=ingest] [len(jobs)=1] [startOfAllRanges=7480000000000015815f698000000000000002038000000000000001] [endOfAllRanges=7480000000000015815f69800000000000000203800000000000000300] [startKeyOfFirstRegion=7480000000000015ff815f698000000000ff0000020380000000ff0000000100000000fb] [endKeyOfLastRegion=7480000000000015ff815f698000000000ff0000020380000000ff0000000300000000fc]
[2026/07/13 06:21:09.985 +00:00] [INFO] [local.go:1528] ["import engine success"] [task-id=900001] [task-key=ImportInto/180001] [subtaskID=900004] [step=ingest] [uuid=e7bd87b7-a67c-5517-8f56-1fb88db3db7e] [size=107374182400] [kvs=0] [importedSize=36] [importedCount=1]
[2026/07/13 06:21:10.027 +00:00] [INFO] [task_executor.go:714] ["run subtask completed"] [task-id=900001] [task-key=ImportInto/180001] [step=ingest] [subtask-id=900004] [kv-group=2] [obj-store-access="{requests: {get: 4, put: 4}, traffic: {r: 862, w: 359}}"] [takeTime=89.135405ms] []
[2026/07/13 06:21:10.029 +00:00] [INFO] [task_executor.go:526] ["run subtask completed"] [task-id=900001] [task-key=ImportInto/180001] [subtaskID=900004] [step=ingest] [takeTime=93.988028ms] []
[2026/07/13 06:21:10.373 +00:00] [INFO] [scheduler.go:493] ["switch to next step"] [task-id=900001] [task-key=ImportInto/180001] [current-step=ingest] [next-step=collect-conflicts] [required-slots=1] [runtime-slots=1]
[2026/07/13 06:21:10.374 +00:00] [INFO] [scheduler.go:527] ["eligible instances"] [task-id=900001] [task-key=ImportInto/180001] [num=1]
[2026/07/13 06:21:10.374 +00:00] [INFO] [scheduler.go:410] ["on next subtasks batch"] [task-id=900001] [task-key=ImportInto/180001] [curr-step=ingest] [next-step=collect-conflicts] [node-count=1] [db-name=ai_conflict_delete_red_once] [table-name=t] [db-id=5503] [table-id=5505]
[2026/07/13 06:21:10.383 +00:00] [INFO] [store.go:277] ["succeed to get bucket region from s3"] [bucket=sorted] [prefix=import-red-once] [context=s3] [provider=] ["bucket region"=us-east-1]
[2026/07/13 06:21:10.387 +00:00] [INFO] [store.go:277] ["succeed to get bucket region from s3"] [bucket=sorted] [prefix=import-red-once] [context=s3] [provider=] ["bucket region"=us-east-1]
[2026/07/13 06:21:10.389 +00:00] [INFO] [scheduler.go:541] ["generate subtasks"] [task-id=900001] [task-key=ImportInto/180001] [curr-step=ingest] [next-step=collect-conflicts] [node-count=1] [db-name=ai_conflict_delete_red_once] [table-name=t] [db-id=5503] [table-id=5505] [subtask-count=1]
[2026/07/13 06:21:10.389 +00:00] [INFO] [scheduler.go:553] ["schedule subtasks"] [task-id=900001] [task-key=ImportInto/180001] [state=running] [step=collect-conflicts] [requiredSlots=1] [subtasks=1]
[2026/07/13 06:21:10.940 +00:00] [INFO] [task_executor.go:317] ["task meta modification applied"] [task-id=900001] [task-key=ImportInto/180001] [oldStep=ingest] [newStep=collect-conflicts]
[2026/07/13 06:21:10.942 +00:00] [INFO] [task_executor.go:813] ["cleanup subtask env"] [task-id=900001] [task-key=ImportInto/180001] [step=ingest]
[2026/07/13 06:21:10.943 +00:00] [INFO] [client.go:356] ["[pd] http client closed"] [source=lightning]
[2026/07/13 06:21:10.943 +00:00] [INFO] [task_executor.go:461] ["execute task step completed"] [task-id=900001] [task-key=ImportInto/180001] [step=ingest] [mem-limit-percent=0.7] [server-mem-limit=512MB] [resource="[CPU=1, Mem=500MiB]"] [takeTime=1.204679113s] []
[2026/07/13 06:21:10.944 +00:00] [INFO] [task_executor.go:910] ["got indices that generate kv"] [task-id=900001] [task-key=ImportInto/180001] [step=collect-conflicts] [indices="{\"1\":{\"Unique\":false},\"2\":{\"Unique\":true}}"]
[2026/07/13 06:21:10.945 +00:00] [INFO] [store.go:277] ["succeed to get bucket region from s3"] [bucket=sorted] [prefix=import-red-once] [context=s3] [provider=] ["bucket region"=us-east-1]
[2026/07/13 06:21:10.949 +00:00] [INFO] [local.go:770] ["multi ingest support"] [task-id=900001] [task-key=ImportInto/180001]
[2026/07/13 06:21:10.950 +00:00] [INFO] [local.go:792] ["TiKV server side free space check is enabled, so lightning will turn it off"] [task-id=900001] [task-key=ImportInto/180001]
[2026/07/13 06:21:10.950 +00:00] [INFO] [table_import.go:822] ["use 0.8 of the storage size as default disk quota"] [task-id=900001] [task-key=ImportInto/180001] [step=collect-conflicts] [quota=374.2GB]
[2026/07/13 06:21:10.950 +00:00] [INFO] [task_executor.go:434] ["execute task step start"] [task-id=900001] [task-key=ImportInto/180001] [step=collect-conflicts] [mem-limit-percent=0.7] [server-mem-limit=512MB] [resource="[CPU=1, Mem=500MiB]"]
[2026/07/13 06:21:10.953 +00:00] [INFO] [task_executor.go:497] ["run subtask start"] [task-id=900001] [task-key=ImportInto/180001] [subtaskID=900005] [step=collect-conflicts]
[2026/07/13 06:21:10.953 +00:00] [INFO] [collect_conflicts.go:100] ["run subtask start"] [task-id=900001] [task-key=ImportInto/180001] [step=collect-conflicts] [subtask-id=900005]
[2026/07/13 06:21:10.955 +00:00] [INFO] [store.go:277] ["succeed to get bucket region from s3"] [bucket=sorted] [prefix=import-red-once] [context=s3] [provider=] ["bucket region"=us-east-1]
[2026/07/13 06:21:10.956 +00:00] [INFO] [collect_conflicts.go:166] ["collect conflicts of kv group start"] [task-id=900001] [task-key=ImportInto/180001] [step=collect-conflicts] [kvGroup=2] [duplicates=3] [file-count=2] [concurrency=1]
[2026/07/13 06:21:10.960 +00:00] [INFO] [collector.go:224] ["switch conflict row file"] [task-id=900001] [task-key=ImportInto/180001] [step=collect-conflicts] [filename=conflicted-rows/900001/900005-60a8dbf6-534d-479e-99d2-e5bbc4327a5e/data-0001.txt] [lastFileSize=0B]
[2026/07/13 06:21:10.967 +00:00] [INFO] [collect_conflicts.go:172] ["collect conflicts of kv group completed"] [task-id=900001] [task-key=ImportInto/180001] [step=collect-conflicts] [kvGroup=2] [duplicates=3] [file-count=2] [concurrency=1] [takeTime=11.243186ms] []
[2026/07/13 06:21:10.967 +00:00] [INFO] [collect_conflicts.go:166] ["collect conflicts of kv group start"] [task-id=900001] [task-key=ImportInto/180001] [step=collect-conflicts] [kvGroup=data] [duplicates=2] [file-count=1] [concurrency=1]
[2026/07/13 06:21:10.970 +00:00] [INFO] [collector.go:224] ["switch conflict row file"] [task-id=900001] [task-key=ImportInto/180001] [step=collect-conflicts] [filename=conflicted-rows/900001/900005-9f8fe6c6-9c4a-4a94-b0c0-d1071e87f457/data-0001.txt] [lastFileSize=0B]
[2026/07/13 06:21:11.030 +00:00] [INFO] [collect_conflicts.go:172] ["collect conflicts of kv group completed"] [task-id=900001] [task-key=ImportInto/180001] [step=collect-conflicts] [kvGroup=data] [duplicates=2] [file-count=1] [concurrency=1] [takeTime=63.126156ms] []
[2026/07/13 06:21:11.030 +00:00] [INFO] [collect_conflicts.go:137] ["collected conflict row info"] [task-id=900001] [task-key=ImportInto/180001] [step=collect-conflicts] [count=3] [checksum="{\"checksum\":7462993860496393668,\"size\":321,\"kvs\":9}"] [targetFiles="[conflicted-rows/900001/900005-60a8dbf6-534d-479e-99d2-e5bbc4327a5e/data-0001.txt,conflicted-rows/900001/900005-9f8fe6c6-9c4a-4a94-b0c0-d1071e87f457/data-0001.txt]"] [fileSize=33B] [skipSaveHandle=false]
[2026/07/13 06:21:11.030 +00:00] [INFO] [collect_conflicts.go:102] ["run subtask completed"] [task-id=900001] [task-key=ImportInto/180001] [step=collect-conflicts] [subtask-id=900005] [takeTime=76.744275ms] []
[2026/07/13 06:21:11.033 +00:00] [INFO] [task_executor.go:526] ["run subtask completed"] [task-id=900001] [task-key=ImportInto/180001] [subtaskID=900005] [step=collect-conflicts] [takeTime=79.53906ms] []
[2026/07/13 06:21:11.374 +00:00] [INFO] [scheduler.go:493] ["switch to next step"] [task-id=900001] [task-key=ImportInto/180001] [current-step=collect-conflicts] [next-step=conflict-resolution] [required-slots=1] [runtime-slots=1]
[2026/07/13 06:21:11.374 +00:00] [INFO] [scheduler.go:527] ["eligible instances"] [task-id=900001] [task-key=ImportInto/180001] [num=1]
[2026/07/13 06:21:11.374 +00:00] [INFO] [scheduler.go:410] ["on next subtasks batch"] [task-id=900001] [task-key=ImportInto/180001] [curr-step=collect-conflicts] [next-step=conflict-resolution] [node-count=1] [db-name=ai_conflict_delete_red_once] [table-name=t] [db-id=5503] [table-id=5505]
[2026/07/13 06:21:11.383 +00:00] [INFO] [store.go:277] ["succeed to get bucket region from s3"] [bucket=sorted] [prefix=import-red-once] [context=s3] [provider=] ["bucket region"=us-east-1]
[2026/07/13 06:21:11.387 +00:00] [INFO] [store.go:277] ["succeed to get bucket region from s3"] [bucket=sorted] [prefix=import-red-once] [context=s3] [provider=] ["bucket region"=us-east-1]
[2026/07/13 06:21:11.388 +00:00] [INFO] [scheduler.go:541] ["generate subtasks"] [task-id=900001] [task-key=ImportInto/180001] [curr-step=collect-conflicts] [next-step=conflict-resolution] [node-count=1] [db-name=ai_conflict_delete_red_once] [table-name=t] [db-id=5503] [table-id=5505] [subtask-count=1]
[2026/07/13 06:21:11.388 +00:00] [INFO] [scheduler.go:553] ["schedule subtasks"] [task-id=900001] [task-key=ImportInto/180001] [state=running] [step=conflict-resolution] [requiredSlots=1] [subtasks=1]
[2026/07/13 06:21:11.943 +00:00] [INFO] [task_executor.go:317] ["task meta modification applied"] [task-id=900001] [task-key=ImportInto/180001] [oldStep=collect-conflicts] [newStep=conflict-resolution]
[2026/07/13 06:21:11.945 +00:00] [INFO] [collect_conflicts.go:243] ["cleanup subtask env"] [task-id=900001] [task-key=ImportInto/180001] [step=collect-conflicts]
[2026/07/13 06:21:11.945 +00:00] [INFO] [client.go:356] ["[pd] http client closed"] [source=lightning]
[2026/07/13 06:21:11.945 +00:00] [INFO] [task_executor.go:461] ["execute task step completed"] [task-id=900001] [task-key=ImportInto/180001] [step=collect-conflicts] [mem-limit-percent=0.7] [server-mem-limit=512MB] [resource="[CPU=1, Mem=500MiB]"] [takeTime=995.052857ms] []
[2026/07/13 06:21:11.946 +00:00] [INFO] [task_executor.go:910] ["got indices that generate kv"] [task-id=900001] [task-key=ImportInto/180001] [step=conflict-resolution] [indices="{\"1\":{\"Unique\":false},\"2\":{\"Unique\":true}}"]
[2026/07/13 06:21:11.947 +00:00] [INFO] [store.go:277] ["succeed to get bucket region from s3"] [bucket=sorted] [prefix=import-red-once] [context=s3] [provider=] ["bucket region"=us-east-1]
[2026/07/13 06:21:11.951 +00:00] [INFO] [local.go:770] ["multi ingest support"] [task-id=900001] [task-key=ImportInto/180001]
[2026/07/13 06:21:11.952 +00:00] [INFO] [local.go:792] ["TiKV server side free space check is enabled, so lightning will turn it off"] [task-id=900001] [task-key=ImportInto/180001]
[2026/07/13 06:21:11.952 +00:00] [INFO] [table_import.go:822] ["use 0.8 of the storage size as default disk quota"] [task-id=900001] [task-key=ImportInto/180001] [step=conflict-resolution] [quota=374.2GB]
[2026/07/13 06:21:11.952 +00:00] [INFO] [task_executor.go:434] ["execute task step start"] [task-id=900001] [task-key=ImportInto/180001] [step=conflict-resolution] [mem-limit-percent=0.7] [server-mem-limit=512MB] [resource="[CPU=1, Mem=500MiB]"]
[2026/07/13 06:21:11.955 +00:00] [INFO] [task_executor.go:497] ["run subtask start"] [task-id=900001] [task-key=ImportInto/180001] [subtaskID=900006] [step=conflict-resolution]
[2026/07/13 06:21:11.957 +00:00] [INFO] [store.go:277] ["succeed to get bucket region from s3"] [bucket=sorted] [prefix=import-red-once] [context=s3] [provider=] ["bucket region"=us-east-1]
[2026/07/13 06:21:11.957 +00:00] [INFO] [conflict_resolution.go:89] ["run subtask start"] [task-id=900001] [task-key=ImportInto/180001] [step=conflict-resolution] [subtask-id=900006]
[2026/07/13 06:21:11.958 +00:00] [INFO] [conflict_resolution.go:125] ["resolve conflicts of kv group start"] [task-id=900001] [task-key=ImportInto/180001] [step=conflict-resolution] [kvGroup=2] [duplicates=3] [fileCount=2] [concurrency=1]
[2026/07/13 06:21:11.963 +00:00] [INFO] [conflict_resolution.go:131] ["resolve conflicts of kv group completed"] [task-id=900001] [task-key=ImportInto/180001] [step=conflict-resolution] [kvGroup=2] [duplicates=3] [fileCount=2] [concurrency=1] [takeTime=5.186629ms] []
[2026/07/13 06:21:11.963 +00:00] [INFO] [conflict_resolution.go:125] ["resolve conflicts of kv group start"] [task-id=900001] [task-key=ImportInto/180001] [step=conflict-resolution] [kvGroup=data] [duplicates=2] [fileCount=1] [concurrency=1]
[2026/07/13 06:21:11.967 +00:00] [INFO] [conflict_resolution.go:131] ["resolve conflicts of kv group completed"] [task-id=900001] [task-key=ImportInto/180001] [step=conflict-resolution] [kvGroup=data] [duplicates=2] [fileCount=1] [concurrency=1] [takeTime=3.928222ms] []
[2026/07/13 06:21:11.967 +00:00] [INFO] [conflict_resolution.go:91] ["run subtask completed"] [task-id=900001] [task-key=ImportInto/180001] [step=conflict-resolution] [subtask-id=900006] [takeTime=10.211426ms] []
[2026/07/13 06:21:11.971 +00:00] [INFO] [task_executor.go:526] ["run subtask completed"] [task-id=900001] [task-key=ImportInto/180001] [subtaskID=900006] [step=conflict-resolution] [takeTime=15.264571ms] []
[2026/07/13 06:21:12.374 +00:00] [INFO] [scheduler.go:493] ["switch to next step"] [task-id=900001] [task-key=ImportInto/180001] [current-step=conflict-resolution] [next-step=post-process] [required-slots=1] [runtime-slots=1]
[2026/07/13 06:21:12.374 +00:00] [INFO] [scheduler.go:527] ["eligible instances"] [task-id=900001] [task-key=ImportInto/180001] [num=1]
[2026/07/13 06:21:12.374 +00:00] [INFO] [scheduler.go:410] ["on next subtasks batch"] [task-id=900001] [task-key=ImportInto/180001] [curr-step=conflict-resolution] [next-step=post-process] [node-count=1] [db-name=ai_conflict_delete_red_once] [table-name=t] [db-id=5503] [table-id=5505]
[2026/07/13 06:21:12.380 +00:00] [INFO] [scheduler.go:507] ["move to post-process step"] [task-id=900001] [task-key=ImportInto/180001] [curr-step=conflict-resolution] [next-step=post-process] [node-count=1] [db-name=ai_conflict_delete_red_once] [table-name=t] [db-id=5503] [table-id=5505] [result="{\"encode-summary\":{\"input-bytes\":28,\"input-rows\":9},\"merge-summary\":{},\"ingest-summary\":{\"input-bytes\":316,\"input-rows\":4},\"collect-conflicts-summary\":{\"input-rows\":5},\"resolve-conflicts-summary\":{\"input-rows\":5}}"]
[2026/07/13 06:21:12.382 +00:00] [INFO] [scheduler.go:541] ["generate subtasks"] [task-id=900001] [task-key=ImportInto/180001] [curr-step=conflict-resolution] [next-step=post-process] [node-count=1] [db-name=ai_conflict_delete_red_once] [table-name=t] [db-id=5503] [table-id=5505] [subtask-count=1]
[2026/07/13 06:21:12.382 +00:00] [INFO] [scheduler.go:553] ["schedule subtasks"] [task-id=900001] [task-key=ImportInto/180001] [state=running] [step=post-process] [requiredSlots=1] [subtasks=1]
[2026/07/13 06:21:12.435 +00:00] [INFO] [task_executor.go:317] ["task meta modification applied"] [task-id=900001] [task-key=ImportInto/180001] [oldStep=conflict-resolution] [newStep=post-process]
[2026/07/13 06:21:12.438 +00:00] [INFO] [conflict_resolution.go:153] ["cleanup subtask env"] [task-id=900001] [task-key=ImportInto/180001] [step=conflict-resolution]
[2026/07/13 06:21:12.438 +00:00] [INFO] [client.go:356] ["[pd] http client closed"] [source=lightning]
[2026/07/13 06:21:12.438 +00:00] [INFO] [task_executor.go:461] ["execute task step completed"] [task-id=900001] [task-key=ImportInto/180001] [step=conflict-resolution] [mem-limit-percent=0.7] [server-mem-limit=512MB] [resource="[CPU=1, Mem=500MiB]"] [takeTime=485.593277ms] []
[2026/07/13 06:21:12.438 +00:00] [INFO] [task_executor.go:910] ["got indices that generate kv"] [task-id=900001] [task-key=ImportInto/180001] [step=post-process] [indices="{\"1\":{\"Unique\":false},\"2\":{\"Unique\":true}}"]
[2026/07/13 06:21:12.438 +00:00] [INFO] [task_executor.go:434] ["execute task step start"] [task-id=900001] [task-key=ImportInto/180001] [step=post-process] [mem-limit-percent=0.7] [server-mem-limit=512MB] [resource="[CPU=1, Mem=500MiB]"]
[2026/07/13 06:21:12.441 +00:00] [INFO] [task_executor.go:497] ["run subtask start"] [task-id=900001] [task-key=ImportInto/180001] [subtaskID=900007] [step=post-process]
[2026/07/13 06:21:12.441 +00:00] [INFO] [task_executor.go:851] ["run subtask start"] [task-id=900001] [task-key=ImportInto/180001] [step=post-process] [subtask-id=900007]
[2026/07/13 06:21:12.441 +00:00] [INFO] [subtask_executor.go:115] ["post process start"] [task-id=900001] [task-key=ImportInto/180001] [step=post-process] [subtask-id=900007]
[2026/07/13 06:21:12.441 +00:00] [INFO] [table_import.go:875] ["rebase allocators start"] [task-id=900001] [task-key=ImportInto/180001] [step=post-process] [subtask-id=900007] [maxIDs={}]
[2026/07/13 06:21:12.441 +00:00] [INFO] [table_import.go:877] ["rebase allocators completed"] [task-id=900001] [task-key=ImportInto/180001] [step=post-process] [subtask-id=900007] [maxIDs={}] [takeTime=940ns] []
[2026/07/13 06:21:12.441 +00:00] [INFO] [subtask_executor.go:127] ["kv group checksum"] [task-id=900001] [task-key=ImportInto/180001] [step=post-process] [subtask-id=900007] [groupId=-1] [size=132] [kvs=4] [checksum=6521958642818368472]
[2026/07/13 06:21:12.441 +00:00] [INFO] [subtask_executor.go:127] ["kv group checksum"] [task-id=900001] [task-key=ImportInto/180001] [step=post-process] [subtask-id=900007] [groupId=1] [size=152] [kvs=4] [checksum=783929182978823707]
[2026/07/13 06:21:12.441 +00:00] [INFO] [subtask_executor.go:127] ["kv group checksum"] [task-id=900001] [task-key=ImportInto/180001] [step=post-process] [subtask-id=900007] [groupId=2] [size=144] [kvs=4] [checksum=8932720538442227347]
[2026/07/13 06:21:12.441 +00:00] [INFO] [subtask_executor.go:140] ["checksum info"] [task-id=900001] [task-key=ImportInto/180001] [step=post-process] [subtask-id=900007] [encodeStepSum="{\"checksum\":3140367543589849936,\"size\":428,\"kvs\":12}"] [deletedRowsSum="{\"checksum\":7462993860496393668,\"size\":321,\"kvs\":9}"] [final="{\"checksum\":5477840340840468116,\"size\":107,\"kvs\":3}"]
[2026/07/13 06:21:12.441 +00:00] [INFO] [table_import.go:922] ["checksum turned off, skip"] [task-id=900001] [task-key=ImportInto/180001] [step=post-process] [subtask-id=900007] [checksum="{cksum=5477840340840468116,size=107,kvs=3}"]
[2026/07/13 06:21:12.441 +00:00] [INFO] [subtask_executor.go:117] ["post process completed"] [task-id=900001] [task-key=ImportInto/180001] [step=post-process] [subtask-id=900007] [takeTime=66.655µs] []
[2026/07/13 06:21:12.441 +00:00] [INFO] [task_executor.go:853] ["run subtask completed"] [task-id=900001] [task-key=ImportInto/180001] [step=post-process] [subtask-id=900007] [takeTime=99.491µs] []
[2026/07/13 06:21:12.441 +00:00] [INFO] [task_executor.go:526] ["run subtask completed"] [task-id=900001] [task-key=ImportInto/180001] [subtaskID=900007] [step=post-process] [takeTime=128.783µs] []
[2026/07/13 06:21:12.873 +00:00] [INFO] [scheduler.go:493] ["switch to next step"] [task-id=900001] [task-key=ImportInto/180001] [current-step=post-process] [next-step=done] [required-slots=1] [runtime-slots=1]
[2026/07/13 06:21:12.873 +00:00] [INFO] [scheduler.go:551] ["task done"] [task-id=900001] [task-key=ImportInto/180001] [step=post-process] [state=running] []
[2026/07/13 06:21:12.878 +00:00] [INFO] [job_submitter.go:118] ["add DDL jobs"] [category=ddl] ["batch count"=1] [jobs="ID:5508, Type:alter table mode, State:queueing, SchemaState:none, SchemaID:5503, TableID:5505, RowCount:0, ArgLen:1, start time: 2026-07-13 06:21:12.853 +0000 UTC, Err:<nil>, ErrCount:0, SnapshotVersion:0, Version: v2; "] [fast_create=true]
[2026/07/13 06:21:12.878 +00:00] [INFO] [executor.go:7260] ["DDL job submitted"] [category=ddl] [job="ID:5508, Type:alter table mode, State:queueing, SchemaState:none, SchemaID:5503, TableID:5505, RowCount:0, ArgLen:1, start time: 2026-07-13 06:21:12.853 +0000 UTC, Err:<nil>, ErrCount:0, SnapshotVersion:0, Version: v2"] [query=skip]
[2026/07/13 06:21:12.880 +00:00] [INFO] [job_worker.go:854] ["run one job step"] [category=ddl] [jobID=5508] [job="ID:5508, Type:alter table mode, State:queueing, SchemaState:none, SchemaID:5503, TableID:5505, RowCount:0, ArgLen:0, start time: 2026-07-13 06:21:12.853 +0000 UTC, Err:<nil>, ErrCount:0, SnapshotVersion:0, Version: v2"]
[2026/07/13 06:21:12.886 +00:00] [INFO] [loader.go:216] ["diff load InfoSchema success"] [mode=auto] [isV2=true] [currVer=9082] [neededVer=9083] [gotVer=9083] ["elapsed time"=493.198µs] [phyTblIDs="[5505]"] [actionTypes="[75]"] [diffTypes="[\"alter table mode\"]"]
[2026/07/13 06:21:12.935 +00:00] [INFO] [schema_version.go:397] ["wait schema version synced success"] [category=ddl] [ver=9083] [checkAssumedSvr=false] ["take time"=50.315673ms] [job="ID:5508, Type:alter table mode, State:done, SchemaState:public, SchemaID:5503, TableID:5505, RowCount:0, ArgLen:1, start time: 2026-07-13 06:21:12.853 +0000 UTC, Err:<nil>, ErrCount:0, SnapshotVersion:0, Version: v2"] [summary="server count: 1"]
[2026/07/13 06:21:12.987 +00:00] [INFO] [schema_version.go:397] ["wait schema version synced success"] [category=ddl] [ver=9083] [checkAssumedSvr=false] ["take time"=50.618423ms] [job="ID:5508, Type:alter table mode, State:done, SchemaState:public, SchemaID:5503, TableID:5505, RowCount:0, ArgLen:0, start time: 2026-07-13 06:21:12.853 +0000 UTC, Err:<nil>, ErrCount:0, SnapshotVersion:0, Version: v2"] [summary="server count: 1"]
[2026/07/13 06:21:12.988 +00:00] [INFO] [job_worker.go:447] ["finish DDL job"] [category=ddl] [jobID=5508] [job="ID:5508, Type:alter table mode, State:synced, SchemaState:public, SchemaID:5503, TableID:5505, RowCount:0, ArgLen:0, start time: 2026-07-13 06:21:12.853 +0000 UTC, Err:<nil>, ErrCount:0, SnapshotVersion:0, Version: v2"]
[2026/07/13 06:21:12.993 +00:00] [INFO] [executor.go:7380] ["DDL job is finished"] [category=ddl] [jobID=5508]
[2026/07/13 06:21:12.993 +00:00] [INFO] [scheduler.go:131] ["unregister task success"] [task-id=900001] [task-key=ImportInto/180001]
[2026/07/13 06:21:13.350 +00:00] [INFO] [task_executor.go:461] ["execute task step completed"] [task-id=900001] [task-key=ImportInto/180001] [step=post-process] [mem-limit-percent=0.7] [server-mem-limit=512MB] [resource="[CPU=1, Mem=500MiB]"] [takeTime=912.127492ms] []
[2026/07/13 06:21:13.350 +00:00] [INFO] [manager.go:373] ["task executor exit"] [task-id=900001] [task-key=ImportInto/180001] [type=ImportInto]
[2026/07/13 06:21:13.372 +00:00] [INFO] [scheduler_manager.go:392] ["task scheduler exit"] [task-id=900001] [task-key=ImportInto/180001]
[2026/07/13 06:21:13.375 +00:00] [INFO] [scheduler_manager.go:438] ["cleanup routine start"]
[2026/07/13 06:21:13.375 +00:00] [INFO] [scheduler_manager.go:452] ["cleanup task"] [task-id=900001] [task-key=ImportInto/180001]
[2026/07/13 06:21:13.375 +00:00] [INFO] [clean_up.go:96] ["cleanup global sorted data start"] [task-id=900001]
[2026/07/13 06:21:13.377 +00:00] [INFO] [store.go:277] ["succeed to get bucket region from s3"] [bucket=sorted] [prefix=import-red-once] [context=s3] [provider=] ["bucket region"=us-east-1]
[2026/07/13 06:21:13.386 +00:00] [INFO] [clean_up.go:117] ["cleanup global sorted data completed"] [task-id=900001] [takeTime=10.050923ms] []
[2026/07/13 06:21:13.399 +00:00] [INFO] [scheduler_manager.go:445] ["cleanup routine success"]
[2026/07/13 06:21:19.881 +00:00] [INFO] [check_table_index.go:599] ["fast check table by group"] ["table name"=t] ["index name"=u] [times=1] ["current offset"=0] ["current mod"=1] ["bucket size"=1024] ["table sql"="select /*+ read_from_storage(tikv[`ai_conflict_delete_red_once`.`t`]), AGG_TO_COP() */ bit_xor(crc32(md5(concat_ws(0x2, `id`, `u`)))), ((cast(crc32(md5(concat_ws(0x2, `id`))) as signed) - 0) div 1 % 1024), count(*) from `ai_conflict_delete_red_once`.`t` use index() where (0 = 0) group by ((cast(crc32(md5(concat_ws(0x2, `id`))) as signed) - 0) div 1 % 1024)"] ["index sql"="select /*+ AGG_TO_COP() */ bit_xor(crc32(md5(concat_ws(0x2, `id`, `u`)))), ((cast(crc32(md5(concat_ws(0x2, `id`))) as signed) - 0) div 1 % 1024), count(*) from `ai_conflict_delete_red_once`.`t` use index(`u`) where  (0 = 0) group by((cast(crc32(md5(concat_ws(0x2, `id`))) as signed) - 0) div 1 % 1024)"]
[2026/07/13 06:21:19.884 +00:00] [INFO] [check_table_index.go:642] ["found bucket only exists in table side"] ["table name"=t] ["index name"=u] [times=1] ["current offset"=0] ["current mod"=1] ["bucket size"=1024] [bucket=757] [tblBktSum={bkt:757,sum:790015070,cnt:1}]
[2026/07/13 06:21:19.887 +00:00] [ERROR] [reporter.go:311] ["admin check found data inconsistency"] [conn=2778726410] [session_alias=] [table_name=t] [index_name=u] [row_id=2] [index=] [row="handle: 2, values: [KindInt64 1]"] [int_handle=2] [row_mvcc_write_0="{\"start_ts\":467644886378872838,\"commit_ts\":467644886378872838}"] [row_mvcc="{\"decoded\":{\"467644886378872838\":{\"u\":\"1\",\"v\":\"20\"}},\"key\":\"7480000000000015815F728000000000000002\",\"mvcc\":{\"info\":{\"writes\":[{\"start_ts\":467644886378872838,\"commit_ts\":467644886378872838,\"short_value\":\"gAACAAAAAgMBAAIAARQ=\"}]}},\"regionID\":95790}"] [stack="github.com/pingcap/tidb/pkg/util/logutil/consistency.(*Reporter).ReportAdminCheckInconsistent\n\t/Users/bba/pc/tidb-ai-conflict-delete/pkg/util/logutil/consistency/reporter.go:310\ngithub.com/pingcap/tidb/pkg/executor.(*checkIndexWorker).HandleTask\n\t/Users/bba/pc/tidb-ai-conflict-delete/pkg/executor/check_table_index.go:818\ngithub.com/pingcap/tidb/pkg/resourcemanager/pool/workerpool.(*WorkerPool[...]).handleTaskWithRecover\n\t/Users/bba/pc/tidb-ai-conflict-delete/pkg/resourcemanager/pool/workerpool/workerpool.go:226\ngithub.com/pingcap/tidb/pkg/resourcemanager/pool/workerpool.(*WorkerPool[...]).runAWorker.func1\n\t/Users/bba/pc/tidb-ai-conflict-delete/pkg/resourcemanager/pool/workerpool/workerpool.go:251\ngithub.com/pingcap/tidb/pkg/util.(*WaitGroupWrapper).Run.func1\n\t/Users/bba/pc/tidb-ai-conflict-delete/pkg/util/wait_group_wrapper.go:167"]
[2026/07/13 06:21:19.887 +00:00] [ERROR] [workerpool.go:44] ["worker pool encountered error"] [error="[admin:8223]data inconsistency in table: t, index: u, handle: 2, index-values:\"\" != record-values:\"handle: 2, values: [KindInt64 1]\""]
[2026/07/13 06:21:19.887 +00:00] [INFO] [tidb.go:309] ["rollbackTxn called due to ddl/autocommit failure"]
[2026/07/13 06:21:19.887 +00:00] [WARN] [session.go:2726] ["run statement failed"] [conn=2778726410] [session_alias=] [schemaVersion=9083] [error="[admin:8223]data inconsistency in table: t, index: u, handle: 2, index-values:\"\" != record-values:\"handle: 2, values: [KindInt64 1]\""] [session="{\n  \"currDBName\": \"ai_conflict_delete_red_once\",\n  \"id\": 2778726410,\n  \"status\": 2,\n  \"strictMode\": true,\n  \"user\": {\n    \"Username\": \"root\",\n    \"Hostname\": \"127.0.0.1\",\n    \"CurrentUser\": false,\n    \"AuthUsername\": \"root\",\n    \"AuthHostname\": \"%\",\n    \"AuthPlugin\": \"mysql_native_password\"\n  }\n}"]
[2026/07/13 06:21:19.887 +00:00] [WARN] [conn.go:1326] ["command dispatched failed"] [conn=2778726410] [session_alias=] [connInfo="id:2778726410, addr:127.0.0.1:57752 status:10, collation:utf8mb4_0900_ai_ci, user:root"] [command=Query] [status="inTxn:0, autocommit:1"] [sql="ADMIN CHECK TABLE t"] [txn_mode=PESSIMISTIC] [timestamp=0] [err="[admin:8223]data inconsistency in table: t, index: u, handle: 2, index-values:\"\" != record-values:\"handle: 2, values: [KindInt64 1]\"\ngithub.com/pingcap/errors.(*Error).GenWithStackByArgs\n\t/Users/bba/.gvm/pkgsets/go1.25.1/global/pkg/mod/github.com/pingcap/errors@v0.11.5-0.20260508054701-306e305bcf41/normalize.go:225\ngithub.com/pingcap/tidb/pkg/util/logutil/consistency.(*Reporter).ReportAdminCheckInconsistent\n\t/Users/bba/pc/tidb-ai-conflict-delete/pkg/util/logutil/consistency/reporter.go:312\ngithub.com/pingcap/tidb/pkg/executor.(*checkIndexWorker).HandleTask\n\t/Users/bba/pc/tidb-ai-conflict-delete/pkg/executor/check_table_index.go:818\ngithub.com/pingcap/tidb/pkg/resourcemanager/pool/workerpool.(*WorkerPool[...]).handleTaskWithRecover\n\t/Users/bba/pc/tidb-ai-conflict-delete/pkg/resourcemanager/pool/workerpool/workerpool.go:226\ngithub.com/pingcap/tidb/pkg/resourcemanager/pool/workerpool.(*WorkerPool[...]).runAWorker.func1\n\t/Users/bba/pc/tidb-ai-conflict-delete/pkg/resourcemanager/pool/workerpool/workerpool.go:251\ngithub.com/pingcap/tidb/pkg/util.(*WaitGroupWrapper).Run.func1\n\t/Users/bba/pc/tidb-ai-conflict-delete/pkg/util/wait_group_wrapper.go:167\nruntime.goexit\n\t/Users/bba/.gvm/pkgsets/go1.25.1/global/pkg/mod/golang.org/toolchain@v0.0.1-go1.25.10.darwin-arm64/src/runtime/asm_amd64.s:1693"]
[2026/07/13 06:21:42.050 +00:00] [WARN] [util.go:226] ["store address and status address mismatch the host, we will use the store address as hostname"] [store=1] ["status address"=http://0.0.0.0:20180] ["node address"=http://tc-tikv-0.tc-tikv-peer.testbed-tps-8220955-1-213.svc.cluster.local:20160] ["request address"=http://tc-tikv-0.tc-tikv-peer.testbed-tps-8220955-1-213.svc.cluster.local:20180]
[2026/07/13 06:21:42.052 +00:00] [WARN] [util.go:226] ["store address and status address mismatch the host, we will use the store address as hostname"] [store=4] ["status address"=http://0.0.0.0:20180] ["node address"=http://tc-tikv-1.tc-tikv-peer.testbed-tps-8220955-1-213.svc.cluster.local:20160] ["request address"=http://tc-tikv-1.tc-tikv-peer.testbed-tps-8220955-1-213.svc.cluster.local:20180]
[2026/07/13 06:21:42.053 +00:00] [WARN] [util.go:226] ["store address and status address mismatch the host, we will use the store address as hostname"] [store=5] ["status address"=http://0.0.0.0:20180] ["node address"=http://tc-tikv-2.tc-tikv-peer.testbed-tps-8220955-1-213.svc.cluster.local:20160] ["request address"=http://tc-tikv-2.tc-tikv-peer.testbed-tps-8220955-1-213.svc.cluster.local:20180]
[2026/07/13 06:21:42.307 +00:00] [INFO] [session.go:5104] ["CRUCIAL OPERATION"] [conn=2778726412] [schemaVersion=9083] [cur_db=] [sql="DROP DATABASE IF EXISTS ai_conflict_delete_control"] [user=root@%]
[2026/07/13 06:21:42.332 +00:00] [INFO] [job_submitter.go:118] ["add DDL jobs"] [category=ddl] ["batch count"=1] [jobs="ID:5510, Type:create schema, State:queueing, SchemaState:none, SchemaID:5509, TableID:0, RowCount:0, ArgLen:1, start time: 2026-07-13 06:21:42.302 +0000 UTC, Err:<nil>, ErrCount:0, SnapshotVersion:0, Version: v2; "] [fast_create=true]
[2026/07/13 06:21:42.333 +00:00] [INFO] [executor.go:7260] ["DDL job submitted"] [category=ddl] [job="ID:5510, Type:create schema, State:queueing, SchemaState:none, SchemaID:5509, TableID:0, RowCount:0, ArgLen:1, start time: 2026-07-13 06:21:42.302 +0000 UTC, Err:<nil>, ErrCount:0, SnapshotVersion:0, Version: v2"] [query="CREATE DATABASE ai_conflict_delete_control"]
[2026/07/13 06:21:42.335 +00:00] [INFO] [job_worker.go:854] ["run one job step"] [category=ddl] [jobID=5510] [conn=2778726412] [job="ID:5510, Type:create schema, State:queueing, SchemaState:none, SchemaID:5509, TableID:0, RowCount:0, ArgLen:0, start time: 2026-07-13 06:21:42.302 +0000 UTC, Err:<nil>, ErrCount:0, SnapshotVersion:0, Version: v2"]
[2026/07/13 06:21:42.341 +00:00] [INFO] [loader.go:216] ["diff load InfoSchema success"] [mode=auto] [isV2=true] [currVer=9083] [neededVer=9084] [gotVer=9084] ["elapsed time"=255.664µs] [phyTblIDs="[]"] [actionTypes="[]"] [diffTypes="[\"create schema\"]"]
[2026/07/13 06:21:42.391 +00:00] [INFO] [schema_version.go:397] ["wait schema version synced success"] [category=ddl] [ver=9084] [checkAssumedSvr=false] ["take time"=51.147037ms] [job="ID:5510, Type:create schema, State:done, SchemaState:public, SchemaID:5509, TableID:0, RowCount:0, ArgLen:1, start time: 2026-07-13 06:21:42.302 +0000 UTC, Err:<nil>, ErrCount:0, SnapshotVersion:0, Version: v2"] [summary="server count: 1"]
[2026/07/13 06:21:42.444 +00:00] [INFO] [schema_version.go:397] ["wait schema version synced success"] [category=ddl] [ver=9084] [checkAssumedSvr=false] ["take time"=51.093125ms] [job="ID:5510, Type:create schema, State:done, SchemaState:public, SchemaID:5509, TableID:0, RowCount:0, ArgLen:0, start time: 2026-07-13 06:21:42.302 +0000 UTC, Err:<nil>, ErrCount:0, SnapshotVersion:0, Version: v2"] [summary="server count: 1"]
[2026/07/13 06:21:42.445 +00:00] [INFO] [job_worker.go:447] ["finish DDL job"] [category=ddl] [jobID=5510] [conn=2778726412] [job="ID:5510, Type:create schema, State:synced, SchemaState:public, SchemaID:5509, TableID:0, RowCount:0, ArgLen:0, start time: 2026-07-13 06:21:42.302 +0000 UTC, Err:<nil>, ErrCount:0, SnapshotVersion:0, Version: v2"]
[2026/07/13 06:21:42.453 +00:00] [INFO] [executor.go:7380] ["DDL job is finished"] [category=ddl] [jobID=5510]
[2026/07/13 06:21:42.453 +00:00] [INFO] [session.go:5104] ["CRUCIAL OPERATION"] [conn=2778726412] [schemaVersion=9084] [cur_db=] [sql="CREATE DATABASE ai_conflict_delete_control"] [user=root@%]
[2026/07/13 06:21:42.652 +00:00] [INFO] [job_submitter.go:118] ["add DDL jobs"] [category=ddl] ["batch count"=1] [jobs="ID:5512, Type:create table, State:queueing, SchemaState:none, SchemaID:5509, TableID:5511, RowCount:0, ArgLen:1, start time: 2026-07-13 06:21:42.603 +0000 UTC, Err:<nil>, ErrCount:0, SnapshotVersion:0, Version: v2; "] [fast_create=true]
[2026/07/13 06:21:42.653 +00:00] [INFO] [executor.go:7260] ["DDL job submitted"] [category=ddl] [job="ID:5512, Type:create table, State:queueing, SchemaState:none, SchemaID:5509, TableID:5511, RowCount:0, ArgLen:1, start time: 2026-07-13 06:21:42.603 +0000 UTC, Err:<nil>, ErrCount:0, SnapshotVersion:0, Version: v2"] [query="CREATE TABLE t(id INT PRIMARY KEY CLUSTERED, u INT UNIQUE, v INT, INDEX iv(v))"]
[2026/07/13 06:21:42.655 +00:00] [INFO] [job_worker.go:854] ["run one job step"] [category=ddl] [jobID=5512] [conn=2778726412] [job="ID:5512, Type:create table, State:queueing, SchemaState:none, SchemaID:5509, TableID:5511, RowCount:0, ArgLen:0, start time: 2026-07-13 06:21:42.603 +0000 UTC, Err:<nil>, ErrCount:0, SnapshotVersion:0, Version: v2"]
[2026/07/13 06:21:42.662 +00:00] [INFO] [loader.go:216] ["diff load InfoSchema success"] [mode=auto] [isV2=true] [currVer=9084] [neededVer=9085] [gotVer=9085] ["elapsed time"=515.23µs] [phyTblIDs="[5511]"] [actionTypes="[3]"] [diffTypes="[\"create table\"]"]
[2026/07/13 06:21:42.712 +00:00] [INFO] [schema_version.go:397] ["wait schema version synced success"] [category=ddl] [ver=9085] [checkAssumedSvr=false] ["take time"=51.416483ms] [job="ID:5512, Type:create table, State:done, SchemaState:public, SchemaID:5509, TableID:5511, RowCount:0, ArgLen:1, start time: 2026-07-13 06:21:42.603 +0000 UTC, Err:<nil>, ErrCount:0, SnapshotVersion:0, Version: v2"] [summary="server count: 1"]
[2026/07/13 06:21:42.765 +00:00] [INFO] [schema_version.go:397] ["wait schema version synced success"] [category=ddl] [ver=9085] [checkAssumedSvr=false] ["take time"=50.65996ms] [job="ID:5512, Type:create table, State:done, SchemaState:public, SchemaID:5509, TableID:5511, RowCount:0, ArgLen:0, start time: 2026-07-13 06:21:42.603 +0000 UTC, Err:<nil>, ErrCount:0, SnapshotVersion:0, Version: v2"] [summary="server count: 1"]
[2026/07/13 06:21:42.766 +00:00] [INFO] [job_worker.go:447] ["finish DDL job"] [category=ddl] [jobID=5512] [conn=2778726412] [job="ID:5512, Type:create table, State:synced, SchemaState:public, SchemaID:5509, TableID:5511, RowCount:0, ArgLen:0, start time: 2026-07-13 06:21:42.603 +0000 UTC, Err:<nil>, ErrCount:0, SnapshotVersion:0, Version: v2"]
[2026/07/13 06:21:42.773 +00:00] [INFO] [executor.go:7380] ["DDL job is finished"] [category=ddl] [jobID=5512]
[2026/07/13 06:21:42.774 +00:00] [INFO] [session.go:5104] ["CRUCIAL OPERATION"] [conn=2778726412] [schemaVersion=9085] [cur_db=ai_conflict_delete_control] [sql="CREATE TABLE t(id INT PRIMARY KEY CLUSTERED, u INT UNIQUE, v INT, INDEX iv(v))"] [user=root@%]
[2026/07/13 06:21:42.774 +00:00] [INFO] [split_region.go:86] ["split batch regions request"] ["split key count"=1] ["batch count"=1] ["first batch, region ID"=94418] ["first split key"=748000000000001587]
[2026/07/13 06:21:42.775 +00:00] [INFO] [split_region.go:192] ["batch split regions complete"] ["batch region ID"=94418] ["first at"=748000000000001587] ["first new region left"="{Id:95810 StartKey:7480000000000015FF815F728000000000FF0000030000000000FB EndKey:7480000000000015FF8700000000000000F8 RegionEpoch:{ConfVer:5 Version:5629} Peers:[id:95811 store_id:1  id:95812 store_id:4  id:95813 store_id:5 ] EncryptionMeta:<nil> IsInFlashback:false FlashbackStartTs:0}"] ["new region count"=1]
[2026/07/13 06:21:42.775 +00:00] [INFO] [split_region.go:241] ["split regions complete"] ["region count"=1] ["region IDs"="[95810]"]
[2026/07/13 06:21:59.645 +00:00] [INFO] [store.go:277] ["succeed to get bucket region from s3"] [bucket=sorted] [prefix=import-control] [context=s3] [provider=] ["bucket region"=us-east-1]
[2026/07/13 06:21:59.655 +00:00] [INFO] [store.go:277] ["succeed to get bucket region from s3"] [bucket=sorted] [prefix=import-control] [context=s3] [provider=] ["bucket region"=us-east-1]
[2026/07/13 06:21:59.656 +00:00] [WARN] [retry.go:71] ["failed to request s3, checking whether we can retry"] [error="https response error StatusCode: 404, RequestID: 18C1C52BE0813906, HostID: dd9025bab4ad464b049177c95eb6ebf374d3b3fd1af9251148b658df7ac2e3e8, NoSuchKey: "] [retry=false]
[2026/07/13 06:21:59.659 +00:00] [WARN] [client.go:119] ["failed to delete object used for permission check"] [bucket=sorted] [key=import-control/perm-check/eecb9991-7ab9-41a1-bb70-4d906b369888] []
[2026/07/13 06:21:59.674 +00:00] [INFO] [import_into.go:225] ["get job importer"] [conn=2778726414] [session_alias=] [param="{\"file-location\":\"/tmp/ai-conflict-delete.csv\",\"format\":\"csv\",\"options\":{\"checksum_table\":\"off\",\"cloud_storage_uri\":\"s3://sorted/import-control?access-key=xxxxxx\\u0026endpoint=http%3A%2F%2Fai-native-minio%3A9000\\u0026force-path-style=true\\u0026region=us-east-1\\u0026secret-access-key=xxxxxx\",\"on_duplicate_key\":\"capture\",\"thread\":\"1\"}}"] [dist-task-enabled=false]
[2026/07/13 06:21:59.674 +00:00] [INFO] [table_import.go:469] ["populate chunks start"] [table=t] [executeNodesCnt=1] [totalFileSize=28]
[2026/07/13 06:21:59.674 +00:00] [INFO] [table_import.go:481] ["adjust max engine size"] [table=t] [before=536870912000] [after=28]
[2026/07/13 06:21:59.674 +00:00] [INFO] [region.go:326] [makeTableRegions] [table=t] [filesCount=1] [MaxChunkSize=268435456] [RegionsCount=1] [BatchSize=28] [cost=14.021µs]
[2026/07/13 06:21:59.674 +00:00] [INFO] [table_import.go:472] ["populate chunks completed"] [table=t] [executeNodesCnt=1] [totalFileSize=28] [subtaskCnt=2] [takeTime=35.083µs] []
[2026/07/13 06:21:59.832 +00:00] [INFO] [job_submitter.go:118] ["add DDL jobs"] [category=ddl] ["batch count"=1] [jobs="ID:5513, Type:alter table mode, State:queueing, SchemaState:none, SchemaID:5509, TableID:5511, RowCount:0, ArgLen:1, start time: 2026-07-13 06:21:59.803 +0000 UTC, Err:<nil>, ErrCount:0, SnapshotVersion:0, Version: v2; "] [fast_create=true]
[2026/07/13 06:21:59.833 +00:00] [INFO] [executor.go:7260] ["DDL job submitted"] [category=ddl] [job="ID:5513, Type:alter table mode, State:queueing, SchemaState:none, SchemaID:5509, TableID:5511, RowCount:0, ArgLen:1, start time: 2026-07-13 06:21:59.803 +0000 UTC, Err:<nil>, ErrCount:0, SnapshotVersion:0, Version: v2"] [query=skip]
[2026/07/13 06:21:59.835 +00:00] [INFO] [job_worker.go:854] ["run one job step"] [category=ddl] [jobID=5513] [job="ID:5513, Type:alter table mode, State:queueing, SchemaState:none, SchemaID:5509, TableID:5511, RowCount:0, ArgLen:0, start time: 2026-07-13 06:21:59.803 +0000 UTC, Err:<nil>, ErrCount:0, SnapshotVersion:0, Version: v2"]
[2026/07/13 06:21:59.844 +00:00] [INFO] [loader.go:216] ["diff load InfoSchema success"] [mode=auto] [isV2=true] [currVer=9085] [neededVer=9086] [gotVer=9086] ["elapsed time"=811.168µs] [phyTblIDs="[5511]"] [actionTypes="[75]"] [diffTypes="[\"alter table mode\"]"]
[2026/07/13 06:21:59.929 +00:00] [INFO] [schema_version.go:397] ["wait schema version synced success"] [category=ddl] [ver=9086] [checkAssumedSvr=false] ["take time"=87.380198ms] [job="ID:5513, Type:alter table mode, State:done, SchemaState:public, SchemaID:5509, TableID:5511, RowCount:0, ArgLen:1, start time: 2026-07-13 06:21:59.803 +0000 UTC, Err:<nil>, ErrCount:0, SnapshotVersion:0, Version: v2"] [summary="server count: 1"]
[2026/07/13 06:21:59.981 +00:00] [INFO] [schema_version.go:397] ["wait schema version synced success"] [category=ddl] [ver=9086] [checkAssumedSvr=false] ["take time"=50.451465ms] [job="ID:5513, Type:alter table mode, State:done, SchemaState:public, SchemaID:5509, TableID:5511, RowCount:0, ArgLen:0, start time: 2026-07-13 06:21:59.803 +0000 UTC, Err:<nil>, ErrCount:0, SnapshotVersion:0, Version: v2"] [summary="server count: 1"]
[2026/07/13 06:21:59.982 +00:00] [INFO] [job_worker.go:447] ["finish DDL job"] [category=ddl] [jobID=5513] [job="ID:5513, Type:alter table mode, State:synced, SchemaState:public, SchemaID:5509, TableID:5511, RowCount:0, ArgLen:0, start time: 2026-07-13 06:21:59.803 +0000 UTC, Err:<nil>, ErrCount:0, SnapshotVersion:0, Version: v2"]
[2026/07/13 06:21:59.987 +00:00] [INFO] [executor.go:7380] ["DDL job is finished"] [category=ddl] [jobID=5513]
[2026/07/13 06:21:59.994 +00:00] [INFO] [job.go:186] ["job submitted to task queue"] [job-id=180002] [task-key=ImportInto/180002] [task-id=900002] [global-sort=true] [async-prepare=false] [data-size=28B] [thread-cnt=1] [max-node-cnt=1]
[2026/07/13 06:21:59.998 +00:00] [INFO] [scheduler.go:119] ["create base scheduler"] [task-id=900002] [task-key=ImportInto/180002] [task-type=ImportInto] [allocated-slots=true]
[2026/07/13 06:21:59.998 +00:00] [INFO] [scheduler_manager.go:382] ["task scheduler started"] [task-id=900002] [task-key=ImportInto/180002]
[2026/07/13 06:21:59.998 +00:00] [INFO] [scheduler.go:132] ["schedule task"] [task-id=900002] [task-key=ImportInto/180002] [state=pending] [step=init] [requiredSlots=1] [prepare-mode=disabled]
[2026/07/13 06:22:00.500 +00:00] [INFO] [scheduler.go:493] ["switch to next step"] [task-id=900002] [task-key=ImportInto/180002] [current-step=init] [next-step=encode] [required-slots=1] [runtime-slots=1]
[2026/07/13 06:22:00.500 +00:00] [INFO] [scheduler.go:527] ["eligible instances"] [task-id=900002] [task-key=ImportInto/180002] [num=1]
[2026/07/13 06:22:00.500 +00:00] [INFO] [scheduler.go:410] ["on next subtasks batch"] [task-id=900002] [task-key=ImportInto/180002] [curr-step=init] [next-step=encode] [node-count=1] [db-name=ai_conflict_delete_control] [table-name=t] [db-id=5509] [table-id=5511]
[2026/07/13 06:22:00.506 +00:00] [INFO] [store.go:277] ["succeed to get bucket region from s3"] [bucket=sorted] [prefix=import-control] [context=s3] [provider=] ["bucket region"=us-east-1]
[2026/07/13 06:22:00.508 +00:00] [INFO] [scheduler.go:541] ["generate subtasks"] [task-id=900002] [task-key=ImportInto/180002] [curr-step=init] [next-step=encode] [node-count=1] [db-name=ai_conflict_delete_control] [table-name=t] [db-id=5509] [table-id=5511] [subtask-count=1]
[2026/07/13 06:22:00.508 +00:00] [INFO] [scheduler.go:553] ["schedule subtasks"] [task-id=900002] [task-key=ImportInto/180002] [state=pending] [step=encode] [requiredSlots=1] [subtasks=1]
[2026/07/13 06:22:00.566 +00:00] [INFO] [manager.go:362] ["task executor started"] [task-id=900002] [task-key=ImportInto/180002] [type=ImportInto] [required-slots=1] [runtime-slots=1] [node-remaining-slots=0]
[2026/07/13 06:22:00.869 +00:00] [INFO] [task_executor.go:910] ["got indices that generate kv"] [task-id=900002] [task-key=ImportInto/180002] [step=encode] [indices="{\"1\":{\"Unique\":false},\"2\":{\"Unique\":true}}"]
[2026/07/13 06:22:00.869 +00:00] [INFO] [task_executor.go:132] ["init subtask env"] [task-id=900002] [task-key=ImportInto/180002] [step=encode]
[2026/07/13 06:22:00.871 +00:00] [INFO] [store.go:277] ["succeed to get bucket region from s3"] [bucket=sorted] [prefix=import-control] [context=s3] [provider=] ["bucket region"=us-east-1]
[2026/07/13 06:22:00.875 +00:00] [INFO] [local.go:770] ["multi ingest support"] [task-id=900002] [task-key=ImportInto/180002]
[2026/07/13 06:22:00.876 +00:00] [INFO] [local.go:792] ["TiKV server side free space check is enabled, so lightning will turn it off"] [task-id=900002] [task-key=ImportInto/180002]
[2026/07/13 06:22:00.876 +00:00] [INFO] [table_import.go:822] ["use 0.8 of the storage size as default disk quota"] [task-id=900002] [task-key=ImportInto/180002] [step=encode] [quota=374.2GB]
[2026/07/13 06:22:00.876 +00:00] [INFO] [task_executor.go:166] ["KV writer memory buf info"] [task-id=900002] [task-key=ImportInto/180002] [step=encode] [data-buf-limit=150MiB] [per-index-buf-limit=50MiB] [data-buf-block-size=150MiB] [index-buf-block-size=50MiB]
[2026/07/13 06:22:00.876 +00:00] [INFO] [task_executor.go:434] ["execute task step start"] [task-id=900002] [task-key=ImportInto/180002] [step=encode] [mem-limit-percent=0.7] [server-mem-limit=512MB] [resource="[CPU=1, Mem=500MiB]"]
[2026/07/13 06:22:00.879 +00:00] [INFO] [task_executor.go:497] ["run subtask start"] [task-id=900002] [task-key=ImportInto/180002] [subtaskID=900008] [step=encode]
[2026/07/13 06:22:00.879 +00:00] [INFO] [task_executor.go:233] ["run subtask start"] [task-id=900002] [task-key=ImportInto/180002] [step=encode] [subtask-id=900008]
[2026/07/13 06:22:00.880 +00:00] [INFO] [store.go:277] ["succeed to get bucket region from s3"] [bucket=sorted] [prefix=import-control] [context=s3] [provider=] ["bucket region"=us-east-1]
[2026/07/13 06:22:00.881 +00:00] [INFO] [chunk_process.go:403] ["process chunk start"] [task-id=900002] [task-key=ImportInto/180002] [step=encode] [subtask-id=900008] [key=ai-conflict-delete.csv:0]
[2026/07/13 06:22:01.742 +00:00] [WARN] [pd.go:263] ["get timestamp too slow"] ["cost time"=116.905134ms]
[2026/07/13 06:22:02.339 +00:00] [INFO] [scheduler.go:116] ["register task to pd or refresh lease success"] [task-id=900002] [task-key=ImportInto/180002]
[2026/07/13 06:22:02.355 +00:00] [INFO] [chunk_process.go:407] ["process chunk completed"] [task-id=900002] [task-key=ImportInto/180002] [step=encode] [subtask-id=900008] [key=ai-conflict-delete.csv:0] [readDur=18.41µs] [encodeDur=333.566µs] [checksum="{cksum=3140367543589849936,size=428,kvs=12}"] [deliverDur=1.44057768s] [type=file] [takeTime=1.459218374s] []
[2026/07/13 06:22:02.675 +00:00] [INFO] [writer.go:767] ["flush sorted kv"] [task-id=900002] [task-key=ImportInto/180002] [subtaskID=900008] [step=encode] [writer-id=data/354f72b9-501d-4ec0-b080-a3639a2fa5e2] [sequence-number=0] [bytes=196] [stat-size=74] [write-time=310.102103ms] [write-speed(bytes/s)=632B]
[2026/07/13 06:22:02.684 +00:00] [INFO] [writer.go:642] ["flush kv"] [task-id=900002] [task-key=ImportInto/180002] [subtaskID=900008] [step=encode] [writer-id=data/354f72b9-501d-4ec0-b080-a3639a2fa5e2] [sequence-number=0] [bytes=196] [kv-cnt=4] [sort-time=2.124µs] [write-time=329.229891ms] [sort-speed(kv/s)=1883239.1714] [writer-id=data/354f72b9-501d-4ec0-b080-a3639a2fa5e2] [on-dup=record] [dup-cnt=2] [recorded-dup-cnt=0]
[2026/07/13 06:22:02.684 +00:00] [INFO] [writer.go:535] ["close writer"] [task-id=900002] [task-key=ImportInto/180002] [subtaskID=900008] [step=encode] [writerID=data/354f72b9-501d-4ec0-b080-a3639a2fa5e2] [kv-cnt-cap=4] [minKey=7480000000000015875f728000000000000001] [maxKey=7480000000000015875f728000000000000003] [kv-file-count=1] [dup-file-count=0] [total-size=132B] [total-kv-cnt=4]
[2026/07/13 06:22:02.763 +00:00] [INFO] [writer.go:767] ["flush sorted kv"] [task-id=900002] [task-key=ImportInto/180002] [subtaskID=900008] [step=encode] [writer-id=index/1/354f72b9-501d-4ec0-b080-a3639a2fa5e2] [sequence-number=0] [bytes=216] [stat-size=110] [write-time=79.143984ms] [write-speed(bytes/s)=2.665KiB]
[2026/07/13 06:22:02.763 +00:00] [INFO] [writer.go:642] ["flush kv"] [task-id=900002] [task-key=ImportInto/180002] [subtaskID=900008] [step=encode] [writer-id=index/1/354f72b9-501d-4ec0-b080-a3639a2fa5e2] [sequence-number=0] [bytes=216] [kv-cnt=4] [sort-time=1.383µs] [write-time=79.209264ms] [sort-speed(kv/s)=2892263.1960] [writer-id=index/1/354f72b9-501d-4ec0-b080-a3639a2fa5e2] [on-dup=remove] [dup-cnt=2] [recorded-dup-cnt=0]
[2026/07/13 06:22:02.763 +00:00] [INFO] [writer.go:535] ["close writer"] [task-id=900002] [task-key=ImportInto/180002] [subtaskID=900008] [step=encode] [writerID=index/1/354f72b9-501d-4ec0-b080-a3639a2fa5e2] [kv-cnt-cap=4] [minKey=7480000000000015875f698000000000000001038000000000000014038000000000000002] [maxKey=7480000000000015875f69800000000000000103800000000000001e038000000000000003] [kv-file-count=1] [dup-file-count=0] [total-size=76B] [total-kv-cnt=2]
[2026/07/13 06:22:08.869 +00:00] [ERROR] [watcher.go:63] ["[pd] the deadline is reached"] [source=tso]
[2026/07/13 06:22:12.246 +00:00] [WARN] [pd.go:263] ["get timestamp too slow"] ["cost time"=8.57084365s]
[2026/07/13 06:22:12.246 +00:00] [INFO] [dispatcher.go:254] ["[tso] tso stream is canceled"] [stream-url=http://tc-pd-0.tc-pd-peer.testbed-tps-8220955-1-213.svc.cluster.local:2379]
[2026/07/13 06:22:12.246 +00:00] [INFO] [dispatcher.go:228] ["[tso] tso stream is not ready"]
[2026/07/13 06:22:12.332 +00:00] [INFO] [stream.go:360] ["tsoStream.recvLoop ended"] [stream=tc-pd-0.tc-pd-peer.testbed-tps-8220955-1-213.svc.cluster.local:2379-1] [error="rpc error: code = Canceled desc = context canceled"]
[2026/07/13 06:22:12.493 +00:00] [WARN] [service_discovery.go:592] ["[pd] failed to update service mode"] [sorted-urls="[http://tc-pd-0.tc-pd-peer.testbed-tps-8220955-1-213.svc.cluster.local:2379]"] [error="[PD:client:ErrClientGetClusterInfo]error:context deadline exceeded target:tc-pd-0.tc-pd-peer.testbed-tps-8220955-1-213.svc.cluster.local:2379 status:READY: error:context deadline exceeded target:tc-pd-0.tc-pd-peer.testbed-tps-8220955-1-213.svc.cluster.local:2379 status:READY"]
[2026/07/13 06:22:11.976 +00:00] [INFO] [syncer.go:418] ["get key failed"] [key=/tidb/server/info] [error="context deadline exceeded"]
[2026/07/13 06:22:12.133 +00:00] [WARN] [memoryusagealarm.go:270] ["tidb-server has the risk of OOM because of memory usage exceeds alarm ratio. Running profiles will be recorded in record path"] ["is tidb-server_memory_limit set"=true] [tidb-server_memory_limit=536870912] ["tidb-server memory usage"=397120664] [memory-usage-alarm-ratio=0.7] ["record path"=/tmp/oom_record]
[2026/07/13 06:22:13.271 +00:00] [WARN] [pd.go:263] ["get timestamp too slow"] ["cost time"=1.024848322s]
[2026/07/13 06:22:13.313 +00:00] [INFO] [service_discovery.go:900] ["[pd] cannot update member from this url"] [url=http://tc-pd-0.tc-pd-peer.testbed-tps-8220955-1-213.svc.cluster.local:2379] [error="[PD:client:ErrClientGetMember]error:context deadline exceeded target:tc-pd-0.tc-pd-peer.testbed-tps-8220955-1-213.svc.cluster.local:2379 status:READY: error:context deadline exceeded target:tc-pd-0.tc-pd-peer.testbed-tps-8220955-1-213.svc.cluster.local:2379 status:READY"]
[2026/07/13 06:22:13.571 +00:00] [INFO] [writer.go:767] ["flush sorted kv"] [task-id=900002] [task-key=ImportInto/180002] [subtaskID=900008] [step=encode] [writer-id=index/2/354f72b9-501d-4ec0-b080-a3639a2fa5e2] [sequence-number=0] [bytes=208] [stat-size=92] [write-time=10.805077597s] [write-speed(bytes/s)=19.25B]
[2026/07/13 06:22:13.571 +00:00] [INFO] [writer.go:642] ["flush kv"] [task-id=900002] [task-key=ImportInto/180002] [subtaskID=900008] [step=encode] [writer-id=index/2/354f72b9-501d-4ec0-b080-a3639a2fa5e2] [sequence-number=0] [bytes=208] [kv-cnt=4] [sort-time=1.796µs] [write-time=10.805150692s] [sort-speed(kv/s)=2227171.4922] [writer-id=index/2/354f72b9-501d-4ec0-b080-a3639a2fa5e2] [on-dup=record] [dup-cnt=3] [recorded-dup-cnt=1]
[2026/07/13 06:22:13.571 +00:00] [INFO] [writer.go:535] ["close writer"] [task-id=900002] [task-key=ImportInto/180002] [subtaskID=900008] [step=encode] [writerID=index/2/354f72b9-501d-4ec0-b080-a3639a2fa5e2] [kv-cnt-cap=4] [minKey=7480000000000015875f698000000000000002038000000000000001] [maxKey=7480000000000015875f698000000000000002038000000000000003] [kv-file-count=1] [dup-file-count=1] [total-size=108B] [total-kv-cnt=3]
[2026/07/13 06:22:13.580 +00:00] [INFO] [task_executor.go:360] ["on subtask finished"] [task-id=900002] [task-key=ImportInto/180002] [step=encode] [engine-id=0]
[2026/07/13 06:22:13.722 +00:00] [INFO] [task_executor.go:240] ["run subtask completed"] [task-id=900002] [task-key=ImportInto/180002] [step=encode] [subtask-id=900008] [data-kv-files=1] [index-kv-files=2] [obj-store-access="{requests: {get: 2, put: 8}, traffic: {r: 235, w: 2408}}"] [takeTime=12.843337853s] []
[2026/07/13 06:22:13.722 +00:00] [WARN] [txn.go:712] ["wait tso failed"] [error="context canceled"]
[2026/07/13 06:22:13.722 +00:00] [WARN] [pd.go:263] ["get timestamp too slow"] ["cost time"=133.681323ms]
[2026/07/13 06:22:13.761 +00:00] [WARN] [pd.go:263] ["get timestamp too slow"] ["cost time"=39.1769ms]
[2026/07/13 06:22:13.762 +00:00] [WARN] [task_executor.go:175] ["get subtasks failed"] [task-id=900002] [task-key=ImportInto/180002] [error="[tc-tikv-1.tc-tikv-peer.testbed-tps-8220955-1-213.svc.cluster.local:20160](1) context canceled"] [errorVerbose="[tc-tikv-1.tc-tikv-peer.testbed-tps-8220955-1-213.svc.cluster.local:20160](1) context canceled\ngithub.com/pingcap/errors.Trace\n\t/Users/bba/.gvm/pkgsets/go1.25.1/global/pkg/mod/github.com/pingcap/errors@v0.11.5-0.20260508054701-306e305bcf41/juju_adaptor.go:15\ngithub.com/pingcap/tidb/pkg/store/driver/error.ToTiDBErr\n\t/Users/bba/pc/tidb-ai-conflict-delete/pkg/store/driver/error/error.go:220\ngithub.com/pingcap/tidb/pkg/store/copr.(*copIteratorWorker).handleTaskOnce\n\t/Users/bba/pc/tidb-ai-conflict-delete/pkg/store/copr/coprocessor.go:1823\ngithub.com/pingcap/tidb/pkg/store/copr.(*liteCopIteratorWorker).liteSendReq\n\t/Users/bba/pc/tidb-ai-conflict-delete/pkg/store/copr/coprocessor.go:1549\ngithub.com/pingcap/tidb/pkg/store/copr.(*copIterator).Next\n\t/Users/bba/pc/tidb-ai-conflict-delete/pkg/store/copr/coprocessor.go:1435\ngithub.com/pingcap/tidb/pkg/distsql.(*selectResult).fetchRespWithIntermediateResults\n\t/Users/bba/pc/tidb-ai-conflict-delete/pkg/distsql/select_result.go:402\ngithub.com/pingcap/tidb/pkg/distsql.(*selectResult).fetchResp\n\t/Users/bba/pc/tidb-ai-conflict-delete/pkg/distsql/select_result.go:366\ngithub.com/pingcap/tidb/pkg/distsql.(*selectResult).Next\n\t/Users/bba/pc/tidb-ai-conflict-delete/pkg/distsql/select_result.go:504\ngithub.com/pingcap/tidb/pkg/executor.(*indexWorker).extractTaskHandles\n\t/Users/bba/pc/tidb-ai-conflict-delete/pkg/executor/distsql.go:1745\ngithub.com/pingcap/tidb/pkg/executor.(*indexWorker).extractLookupTaskData\n\t/Users/bba/pc/tidb-ai-conflict-delete/pkg/executor/distsql.go:1581\ngithub.com/pingcap/tidb/pkg/executor.(*indexWorker).fetchHandlesRolling\n\t/Users/bba/pc/tidb-ai-conflict-delete/pkg/executor/distsql.go:1530\ngithub.com/pingcap/tidb/pkg/executor.(*IndexLookUpExecutor).startIndexWorker.func1\n\t/Users/bba/pc/tidb-ai-conflict-delete/pkg/executor/distsql.go:930\ngithub.com/pingcap/tidb/pkg/executor.(*workerPool).run\n\t/Users/bba/pc/tidb-ai-conflict-delete/pkg/executor/utils.go:239\nruntime.goexit\n\t/Users/bba/.gvm/pkgsets/go1.25.1/global/pkg/mod/golang.org/toolchain@v0.0.1-go1.25.10.darwin-arm64/src/runtime/asm_amd64.s:1693"]
[2026/07/13 06:22:13.778 +00:00] [WARN] [pd.go:263] ["get timestamp too slow"] [task-id=900002] [task-key=ImportInto/180002] [subtaskID=900008] [step=encode] ["cost time"=161.418171ms]
[2026/07/13 06:22:13.962 +00:00] [INFO] [lock_resolver.go:1544] ["txn lock cleanup resolve-lock skipped rpc (resolved by check txn status)"] [action=commit] [txnStartTS=467644903156088840] [commitTS=467644903247839239] [resolveLite=true] [resolvedByCheckTxnStatus=true]
[2026/07/13 06:22:14.147 +00:00] [WARN] [pd.go:263] ["get timestamp too slow"] [task-id=900002] [task-key=ImportInto/180002] [subtaskID=900008] [step=encode] ["cost time"=108.853345ms]
[2026/07/13 06:22:14.215 +00:00] [INFO] [task_executor.go:526] ["run subtask completed"] [task-id=900002] [task-key=ImportInto/180002] [subtaskID=900008] [step=encode] [takeTime=13.336559433s] []
[2026/07/13 06:22:14.528 +00:00] [INFO] [lock_resolver.go:1544] ["txn lock cleanup resolve-lock skipped rpc (resolved by check txn status)"] [action=commit] [txnStartTS=467644903300268033] [commitTS=467644903352696833] [resolveLite=true] [resolvedByCheckTxnStatus=true]
[2026/07/13 06:22:14.725 +00:00] [WARN] [pd.go:263] ["get timestamp too slow"] [task-id=900002] [task-key=ImportInto/180002] ["cost time"=96.736212ms]
[2026/07/13 06:22:14.730 +00:00] [INFO] [lock_resolver.go:1544] ["txn lock cleanup resolve-lock skipped rpc (resolved by check txn status)"] [action=commit] [txnStartTS=467644903418232834] [commitTS=467644903496876033] [resolveLite=true] [resolvedByCheckTxnStatus=true]
[2026/07/13 06:22:14.730 +00:00] [INFO] [scheduler.go:493] ["switch to next step"] [task-id=900002] [task-key=ImportInto/180002] [current-step=encode] [next-step=merge-sort] [required-slots=1] [runtime-slots=1]
[2026/07/13 06:22:14.730 +00:00] [INFO] [scheduler.go:527] ["eligible instances"] [task-id=900002] [task-key=ImportInto/180002] [num=1]
[2026/07/13 06:22:14.730 +00:00] [INFO] [scheduler.go:410] ["on next subtasks batch"] [task-id=900002] [task-key=ImportInto/180002] [curr-step=encode] [next-step=merge-sort] [node-count=1] [db-name=ai_conflict_delete_control] [table-name=t] [db-id=5509] [table-id=5511]
[2026/07/13 06:22:14.852 +00:00] [INFO] [store.go:277] ["succeed to get bucket region from s3"] [bucket=sorted] [prefix=import-control] [context=s3] [provider=] ["bucket region"=us-east-1]
[2026/07/13 06:22:14.853 +00:00] [INFO] [planner.go:468] ["skip merge sort for kv group"] [task-id=900002] [task-key=ImportInto/180002] [task-id=900002] [kv-group=data]
[2026/07/13 06:22:14.853 +00:00] [INFO] [planner.go:468] ["skip merge sort for kv group"] [task-id=900002] [task-key=ImportInto/180002] [task-id=900002] [kv-group=1]
[2026/07/13 06:22:14.853 +00:00] [INFO] [planner.go:468] ["skip merge sort for kv group"] [task-id=900002] [task-key=ImportInto/180002] [task-id=900002] [kv-group=2]
[2026/07/13 06:22:14.854 +00:00] [INFO] [store.go:277] ["succeed to get bucket region from s3"] [bucket=sorted] [prefix=import-control] [context=s3] [provider=] ["bucket region"=us-east-1]
[2026/07/13 06:22:14.855 +00:00] [INFO] [scheduler.go:541] ["generate subtasks"] [task-id=900002] [task-key=ImportInto/180002] [curr-step=encode] [next-step=merge-sort] [node-count=1] [db-name=ai_conflict_delete_control] [table-name=t] [db-id=5509] [table-id=5511] [subtask-count=0]
[2026/07/13 06:22:14.855 +00:00] [INFO] [scheduler.go:553] ["schedule subtasks"] [task-id=900002] [task-key=ImportInto/180002] [state=running] [step=merge-sort] [requiredSlots=1] [subtasks=0]
[2026/07/13 06:22:15.001 +00:00] [INFO] [scheduler.go:493] ["switch to next step"] [task-id=900002] [task-key=ImportInto/180002] [current-step=merge-sort] [next-step=ingest] [required-slots=1] [runtime-slots=1]
[2026/07/13 06:22:15.001 +00:00] [INFO] [scheduler.go:527] ["eligible instances"] [task-id=900002] [task-key=ImportInto/180002] [num=1]
[2026/07/13 06:22:15.001 +00:00] [INFO] [scheduler.go:410] ["on next subtasks batch"] [task-id=900002] [task-key=ImportInto/180002] [curr-step=merge-sort] [next-step=ingest] [node-count=1] [db-name=ai_conflict_delete_control] [table-name=t] [db-id=5509] [table-id=5511]
[2026/07/13 06:22:15.034 +00:00] [INFO] [store.go:277] ["succeed to get bucket region from s3"] [bucket=sorted] [prefix=import-control] [context=s3] [provider=] ["bucket region"=us-east-1]
[2026/07/13 06:22:15.060 +00:00] [INFO] [service_discovery.go:1004] ["[pd] update member urls"] [old-sorted-urls="[http://tc-pd:2379]"] [new-sorted-urls="[http://tc-pd-0.tc-pd-peer.testbed-tps-8220955-1-213.svc.cluster.local:2379]"]
[2026/07/13 06:22:15.060 +00:00] [INFO] [service_discovery.go:1023] ["[pd] switch leader"] [new-leader=http://tc-pd-0.tc-pd-peer.testbed-tps-8220955-1-213.svc.cluster.local:2379] [old-leader=]
[2026/07/13 06:22:15.060 +00:00] [INFO] [service_discovery.go:502] ["[pd] init cluster id"] [cluster-id=7660458574147744569]
[2026/07/13 06:22:15.061 +00:00] [INFO] [client.go:210] ["[tso] switch the tso leader serving url"] [new-url=http://tc-pd-0.tc-pd-peer.testbed-tps-8220955-1-213.svc.cluster.local:2379]
[2026/07/13 06:22:15.061 +00:00] [INFO] [inner_client.go:173] ["[pd] tso provider changed to pd"]
[2026/07/13 06:22:15.061 +00:00] [INFO] [watcher.go:56] ["[pd] start the deadline watcher"] [source=tso]
[2026/07/13 06:22:15.061 +00:00] [INFO] [dispatcher.go:147] ["[tso] tso dispatcher created"]
[2026/07/13 06:22:15.061 +00:00] [INFO] [dispatcher.go:594] ["[tso] switching tso rpc concurrency"] [old=0] [new=1]
[2026/07/13 06:22:15.061 +00:00] [INFO] [client.go:247] ["[tso] start tso connection contexts updater"]
[2026/07/13 06:22:15.062 +00:00] [INFO] [inner_client.go:154] ["[pd] service mode changed"] [new-mode=PD_SVC_MODE]
[2026/07/13 06:22:15.062 +00:00] [INFO] [router_service_discovery.go:151] ["[router service] created router service discovery"] [cluster-id=7660458574147744569] [keyspace-id=4294967295] [default-discovery-key=/ms/7660458574147744569/router/registry/]
[2026/07/13 06:22:15.062 +00:00] [INFO] [router_service_discovery.go:163] ["[router service] initializing router service discovery"] [max-retry-times=100] [retry-interval=1s]
[2026/07/13 06:22:15.072 +00:00] [INFO] [router_service_discovery.go:249] ["[router service] update member sorted urls"] [new-sorted-urls="[]"]
[2026/07/13 06:22:15.072 +00:00] [INFO] [router_service_discovery.go:234] ["[router service] updating nodes succeeded"] [urls="[]"] [clients-length=0]
[2026/07/13 06:22:15.074 +00:00] [INFO] [inner_client.go:91] ["[pd] start router client initializer"]
[2026/07/13 06:22:15.074 +00:00] [INFO] [client.go:417] ["[router] connection daemon is started"]
[2026/07/13 06:22:15.075 +00:00] [INFO] [client.go:502] ["[router] successfully established the leader router stream connection"] [url=http://tc-pd-0.tc-pd-peer.testbed-tps-8220955-1-213.svc.cluster.local:2379]
[2026/07/13 06:22:15.075 +00:00] [INFO] [client.go:578] ["[router] dispatcher is started"]
[2026/07/13 06:22:15.078 +00:00] [INFO] [inner_client.go:96] ["[pd] exit router client initializer"]
[2026/07/13 06:22:15.078 +00:00] [INFO] [resource_manager_client.go:341] ["[resource manager] exit resource token dispatcher"]
[2026/07/13 06:22:15.078 +00:00] [INFO] [router_service_discovery.go:304] ["[router service] exit health check member loop"]
[2026/07/13 06:22:15.078 +00:00] [INFO] [router_service_discovery.go:262] ["[router service] exit check member loop"]
[2026/07/13 06:22:15.078 +00:00] [INFO] [service_discovery.go:555] ["[pd] exit member loop due to context canceled"]
[2026/07/13 06:22:15.078 +00:00] [INFO] [router_service_discovery.go:276] ["[router service] closing router service discovery"]
[2026/07/13 06:22:15.078 +00:00] [INFO] [router_service_discovery.go:292] ["[router service] is closed"]
[2026/07/13 06:22:15.078 +00:00] [INFO] [client.go:155] ["[tso] closing tso client"]
[2026/07/13 06:22:15.078 +00:00] [INFO] [client.go:423] ["[router] connection daemon is exiting"]
[2026/07/13 06:22:15.078 +00:00] [INFO] [client.go:599] ["[router] stop fetching the pending router requests due to context canceled"]
[2026/07/13 06:22:15.078 +00:00] [INFO] [client.go:580] ["[router] dispatcher is exiting"]
[2026/07/13 06:22:15.078 +00:00] [INFO] [client.go:585] ["[router] dispatcher exited"]
[2026/07/13 06:22:15.078 +00:00] [INFO] [dispatcher.go:208] ["[tso] stop fetching the pending tso requests due to context canceled"]
[2026/07/13 06:22:15.078 +00:00] [INFO] [dispatcher.go:150] ["[tso] exit tso dispatcher"]
[2026/07/13 06:22:15.078 +00:00] [INFO] [client.go:160] ["[tso] close tso client"]
[2026/07/13 06:22:15.078 +00:00] [INFO] [client.go:162] ["[tso] tso client is closed"]
[2026/07/13 06:22:15.078 +00:00] [INFO] [service_discovery.go:646] ["[pd] close service discovery client"]
[2026/07/13 06:22:15.078 +00:00] [INFO] [watcher.go:73] ["[pd] exit the deadline watcher"] [source=tso]
[2026/07/13 06:22:15.078 +00:00] [INFO] [client.go:273] ["[tso] exit tso connection contexts updater"]
[2026/07/13 06:22:15.078 +00:00] [INFO] [stream.go:360] ["tsoStream.recvLoop ended"] [stream=tc-pd-0.tc-pd-peer.testbed-tps-8220955-1-213.svc.cluster.local:2379-7] [error="rpc error: code = Canceled desc = context canceled"]
[2026/07/13 06:22:15.078 +00:00] [INFO] [inner_client.go:275] ["[pd] close client successfully"]
[2026/07/13 06:22:15.078 +00:00] [INFO] [planner.go:739] ["split kv range with split size and keys"] [task-id=900002] [task-key=ImportInto/180002] [region-split-size=256000000] [region-split-keys=2560000] [range-size=64000001] [range-keys=640000]
[2026/07/13 06:22:15.078 +00:00] [INFO] [split.go:132] ["create range splitter"] [task-id=900002] [task-key=ImportInto/180002] [rangesGroupSize=107374182400] [rangesGroupKeyCnt=9223372036854775807] [rangeJobSize=64000001] [rangeJobKeyCnt=640000] [regionSplitSize=256000000] [regionSplitKeyCnt=2560000]
[2026/07/13 06:22:15.080 +00:00] [INFO] [planner.go:635] ["kv range split summary"] [task-id=900002] [task-key=ImportInto/180002] [kvGroup=data] [subtasks=1] [dataFiles=1] [rangeJobKeys=0] [regionSplitKeys=0]
[2026/07/13 06:22:15.080 +00:00] [INFO] [split.go:172] ["close range splitter"] [task-id=900002] [task-key=ImportInto/180002]
[2026/07/13 06:22:15.082 +00:00] [INFO] [service_discovery.go:1004] ["[pd] update member urls"] [old-sorted-urls="[http://tc-pd:2379]"] [new-sorted-urls="[http://tc-pd-0.tc-pd-peer.testbed-tps-8220955-1-213.svc.cluster.local:2379]"]
[2026/07/13 06:22:15.082 +00:00] [INFO] [service_discovery.go:1023] ["[pd] switch leader"] [new-leader=http://tc-pd-0.tc-pd-peer.testbed-tps-8220955-1-213.svc.cluster.local:2379] [old-leader=]
[2026/07/13 06:22:15.082 +00:00] [INFO] [service_discovery.go:502] ["[pd] init cluster id"] [cluster-id=7660458574147744569]
[2026/07/13 06:22:15.083 +00:00] [INFO] [client.go:210] ["[tso] switch the tso leader serving url"] [new-url=http://tc-pd-0.tc-pd-peer.testbed-tps-8220955-1-213.svc.cluster.local:2379]
[2026/07/13 06:22:15.083 +00:00] [INFO] [inner_client.go:173] ["[pd] tso provider changed to pd"]
[2026/07/13 06:22:15.083 +00:00] [INFO] [watcher.go:56] ["[pd] start the deadline watcher"] [source=tso]
[2026/07/13 06:22:15.083 +00:00] [INFO] [dispatcher.go:147] ["[tso] tso dispatcher created"]
[2026/07/13 06:22:15.083 +00:00] [INFO] [dispatcher.go:594] ["[tso] switching tso rpc concurrency"] [old=0] [new=1]
[2026/07/13 06:22:15.083 +00:00] [INFO] [client.go:247] ["[tso] start tso connection contexts updater"]
[2026/07/13 06:22:15.084 +00:00] [INFO] [inner_client.go:154] ["[pd] service mode changed"] [new-mode=PD_SVC_MODE]
[2026/07/13 06:22:15.084 +00:00] [INFO] [router_service_discovery.go:151] ["[router service] created router service discovery"] [cluster-id=7660458574147744569] [keyspace-id=4294967295] [default-discovery-key=/ms/7660458574147744569/router/registry/]
[2026/07/13 06:22:15.084 +00:00] [INFO] [router_service_discovery.go:163] ["[router service] initializing router service discovery"] [max-retry-times=100] [retry-interval=1s]
[2026/07/13 06:22:15.084 +00:00] [INFO] [router_service_discovery.go:249] ["[router service] update member sorted urls"] [new-sorted-urls="[]"]
[2026/07/13 06:22:15.084 +00:00] [INFO] [router_service_discovery.go:234] ["[router service] updating nodes succeeded"] [urls="[]"] [clients-length=0]
[2026/07/13 06:22:15.084 +00:00] [INFO] [inner_client.go:91] ["[pd] start router client initializer"]
[2026/07/13 06:22:15.084 +00:00] [INFO] [client.go:417] ["[router] connection daemon is started"]
[2026/07/13 06:22:15.084 +00:00] [INFO] [client.go:502] ["[router] successfully established the leader router stream connection"] [url=http://tc-pd-0.tc-pd-peer.testbed-tps-8220955-1-213.svc.cluster.local:2379]
[2026/07/13 06:22:15.084 +00:00] [INFO] [client.go:578] ["[router] dispatcher is started"]
[2026/07/13 06:22:15.086 +00:00] [INFO] [inner_client.go:96] ["[pd] exit router client initializer"]
[2026/07/13 06:22:15.086 +00:00] [INFO] [client.go:423] ["[router] connection daemon is exiting"]
[2026/07/13 06:22:15.086 +00:00] [INFO] [client.go:599] ["[router] stop fetching the pending router requests due to context canceled"]
[2026/07/13 06:22:15.086 +00:00] [INFO] [client.go:580] ["[router] dispatcher is exiting"]
[2026/07/13 06:22:15.086 +00:00] [INFO] [client.go:585] ["[router] dispatcher exited"]
[2026/07/13 06:22:15.086 +00:00] [INFO] [dispatcher.go:208] ["[tso] stop fetching the pending tso requests due to context canceled"]
[2026/07/13 06:22:15.086 +00:00] [INFO] [dispatcher.go:150] ["[tso] exit tso dispatcher"]
[2026/07/13 06:22:15.086 +00:00] [INFO] [watcher.go:73] ["[pd] exit the deadline watcher"] [source=tso]
[2026/07/13 06:22:15.086 +00:00] [INFO] [client.go:273] ["[tso] exit tso connection contexts updater"]
[2026/07/13 06:22:15.086 +00:00] [INFO] [stream.go:360] ["tsoStream.recvLoop ended"] [stream=tc-pd-0.tc-pd-peer.testbed-tps-8220955-1-213.svc.cluster.local:2379-8] [error="rpc error: code = Canceled desc = context canceled"]
[2026/07/13 06:22:15.086 +00:00] [INFO] [resource_manager_client.go:341] ["[resource manager] exit resource token dispatcher"]
[2026/07/13 06:22:15.086 +00:00] [INFO] [router_service_discovery.go:304] ["[router service] exit health check member loop"]
[2026/07/13 06:22:15.086 +00:00] [INFO] [router_service_discovery.go:262] ["[router service] exit check member loop"]
[2026/07/13 06:22:15.086 +00:00] [INFO] [service_discovery.go:555] ["[pd] exit member loop due to context canceled"]
[2026/07/13 06:22:15.086 +00:00] [INFO] [router_service_discovery.go:276] ["[router service] closing router service discovery"]
[2026/07/13 06:22:15.086 +00:00] [INFO] [router_service_discovery.go:292] ["[router service] is closed"]
[2026/07/13 06:22:15.086 +00:00] [INFO] [client.go:155] ["[tso] closing tso client"]
[2026/07/13 06:22:15.086 +00:00] [INFO] [client.go:160] ["[tso] close tso client"]
[2026/07/13 06:22:15.086 +00:00] [INFO] [client.go:162] ["[tso] tso client is closed"]
[2026/07/13 06:22:15.086 +00:00] [INFO] [service_discovery.go:646] ["[pd] close service discovery client"]
[2026/07/13 06:22:15.086 +00:00] [INFO] [inner_client.go:275] ["[pd] close client successfully"]
[2026/07/13 06:22:15.086 +00:00] [INFO] [planner.go:739] ["split kv range with split size and keys"] [task-id=900002] [task-key=ImportInto/180002] [region-split-size=256000000] [region-split-keys=2560000] [range-size=64000001] [range-keys=640000]
[2026/07/13 06:22:15.086 +00:00] [INFO] [split.go:132] ["create range splitter"] [task-id=900002] [task-key=ImportInto/180002] [rangesGroupSize=107374182400] [rangesGroupKeyCnt=9223372036854775807] [rangeJobSize=64000001] [rangeJobKeyCnt=640000] [regionSplitSize=256000000] [regionSplitKeyCnt=2560000]
[2026/07/13 06:22:15.087 +00:00] [INFO] [planner.go:635] ["kv range split summary"] [task-id=900002] [task-key=ImportInto/180002] [kvGroup=2] [subtasks=1] [dataFiles=1] [rangeJobKeys=0] [regionSplitKeys=0]
[2026/07/13 06:22:15.087 +00:00] [INFO] [split.go:172] ["close range splitter"] [task-id=900002] [task-key=ImportInto/180002]
[2026/07/13 06:22:15.089 +00:00] [INFO] [service_discovery.go:1004] ["[pd] update member urls"] [old-sorted-urls="[http://tc-pd:2379]"] [new-sorted-urls="[http://tc-pd-0.tc-pd-peer.testbed-tps-8220955-1-213.svc.cluster.local:2379]"]
[2026/07/13 06:22:15.089 +00:00] [INFO] [service_discovery.go:1023] ["[pd] switch leader"] [new-leader=http://tc-pd-0.tc-pd-peer.testbed-tps-8220955-1-213.svc.cluster.local:2379] [old-leader=]
[2026/07/13 06:22:15.089 +00:00] [INFO] [service_discovery.go:502] ["[pd] init cluster id"] [cluster-id=7660458574147744569]
[2026/07/13 06:22:15.090 +00:00] [INFO] [client.go:210] ["[tso] switch the tso leader serving url"] [new-url=http://tc-pd-0.tc-pd-peer.testbed-tps-8220955-1-213.svc.cluster.local:2379]
[2026/07/13 06:22:15.090 +00:00] [INFO] [inner_client.go:173] ["[pd] tso provider changed to pd"]
[2026/07/13 06:22:15.090 +00:00] [INFO] [watcher.go:56] ["[pd] start the deadline watcher"] [source=tso]
[2026/07/13 06:22:15.090 +00:00] [INFO] [dispatcher.go:147] ["[tso] tso dispatcher created"]
[2026/07/13 06:22:15.090 +00:00] [INFO] [dispatcher.go:594] ["[tso] switching tso rpc concurrency"] [old=0] [new=1]
[2026/07/13 06:22:15.090 +00:00] [INFO] [client.go:247] ["[tso] start tso connection contexts updater"]
[2026/07/13 06:22:15.091 +00:00] [INFO] [inner_client.go:154] ["[pd] service mode changed"] [new-mode=PD_SVC_MODE]
[2026/07/13 06:22:15.091 +00:00] [INFO] [router_service_discovery.go:151] ["[router service] created router service discovery"] [cluster-id=7660458574147744569] [keyspace-id=4294967295] [default-discovery-key=/ms/7660458574147744569/router/registry/]
[2026/07/13 06:22:15.091 +00:00] [INFO] [router_service_discovery.go:163] ["[router service] initializing router service discovery"] [max-retry-times=100] [retry-interval=1s]
[2026/07/13 06:22:15.091 +00:00] [INFO] [router_service_discovery.go:249] ["[router service] update member sorted urls"] [new-sorted-urls="[]"]
[2026/07/13 06:22:15.091 +00:00] [INFO] [router_service_discovery.go:234] ["[router service] updating nodes succeeded"] [urls="[]"] [clients-length=0]
[2026/07/13 06:22:15.091 +00:00] [INFO] [inner_client.go:91] ["[pd] start router client initializer"]
[2026/07/13 06:22:15.091 +00:00] [INFO] [client.go:417] ["[router] connection daemon is started"]
[2026/07/13 06:22:15.091 +00:00] [INFO] [client.go:502] ["[router] successfully established the leader router stream connection"] [url=http://tc-pd-0.tc-pd-peer.testbed-tps-8220955-1-213.svc.cluster.local:2379]
[2026/07/13 06:22:15.091 +00:00] [INFO] [client.go:578] ["[router] dispatcher is started"]
[2026/07/13 06:22:15.092 +00:00] [INFO] [inner_client.go:96] ["[pd] exit router client initializer"]
[2026/07/13 06:22:15.092 +00:00] [INFO] [resource_manager_client.go:341] ["[resource manager] exit resource token dispatcher"]
[2026/07/13 06:22:15.092 +00:00] [INFO] [router_service_discovery.go:304] ["[router service] exit health check member loop"]
[2026/07/13 06:22:15.092 +00:00] [INFO] [router_service_discovery.go:262] ["[router service] exit check member loop"]
[2026/07/13 06:22:15.092 +00:00] [INFO] [service_discovery.go:555] ["[pd] exit member loop due to context canceled"]
[2026/07/13 06:22:15.092 +00:00] [INFO] [client.go:423] ["[router] connection daemon is exiting"]
[2026/07/13 06:22:15.092 +00:00] [INFO] [client.go:599] ["[router] stop fetching the pending router requests due to context canceled"]
[2026/07/13 06:22:15.092 +00:00] [INFO] [client.go:580] ["[router] dispatcher is exiting"]
[2026/07/13 06:22:15.092 +00:00] [INFO] [client.go:585] ["[router] dispatcher exited"]
[2026/07/13 06:22:15.092 +00:00] [INFO] [router_service_discovery.go:276] ["[router service] closing router service discovery"]
[2026/07/13 06:22:15.092 +00:00] [INFO] [router_service_discovery.go:292] ["[router service] is closed"]
[2026/07/13 06:22:15.092 +00:00] [INFO] [client.go:155] ["[tso] closing tso client"]
[2026/07/13 06:22:15.092 +00:00] [INFO] [dispatcher.go:208] ["[tso] stop fetching the pending tso requests due to context canceled"]
[2026/07/13 06:22:15.092 +00:00] [INFO] [dispatcher.go:150] ["[tso] exit tso dispatcher"]
[2026/07/13 06:22:15.092 +00:00] [INFO] [client.go:160] ["[tso] close tso client"]
[2026/07/13 06:22:15.092 +00:00] [INFO] [client.go:162] ["[tso] tso client is closed"]
[2026/07/13 06:22:15.092 +00:00] [INFO] [service_discovery.go:646] ["[pd] close service discovery client"]
[2026/07/13 06:22:15.092 +00:00] [INFO] [watcher.go:73] ["[pd] exit the deadline watcher"] [source=tso]
[2026/07/13 06:22:15.093 +00:00] [INFO] [client.go:273] ["[tso] exit tso connection contexts updater"]
[2026/07/13 06:22:15.093 +00:00] [INFO] [stream.go:360] ["tsoStream.recvLoop ended"] [stream=tc-pd-0.tc-pd-peer.testbed-tps-8220955-1-213.svc.cluster.local:2379-9] [error="rpc error: code = Canceled desc = context canceled"]
[2026/07/13 06:22:15.093 +00:00] [INFO] [inner_client.go:275] ["[pd] close client successfully"]
[2026/07/13 06:22:15.093 +00:00] [INFO] [planner.go:739] ["split kv range with split size and keys"] [task-id=900002] [task-key=ImportInto/180002] [region-split-size=256000000] [region-split-keys=2560000] [range-size=64000001] [range-keys=640000]
[2026/07/13 06:22:15.093 +00:00] [INFO] [split.go:132] ["create range splitter"] [task-id=900002] [task-key=ImportInto/180002] [rangesGroupSize=107374182400] [rangesGroupKeyCnt=9223372036854775807] [rangeJobSize=64000001] [rangeJobKeyCnt=640000] [regionSplitSize=256000000] [regionSplitKeyCnt=2560000]
[2026/07/13 06:22:15.094 +00:00] [INFO] [planner.go:635] ["kv range split summary"] [task-id=900002] [task-key=ImportInto/180002] [kvGroup=1] [subtasks=1] [dataFiles=1] [rangeJobKeys=0] [regionSplitKeys=0]
[2026/07/13 06:22:15.094 +00:00] [INFO] [split.go:172] ["close range splitter"] [task-id=900002] [task-key=ImportInto/180002]
[2026/07/13 06:22:15.125 +00:00] [INFO] [store.go:277] ["succeed to get bucket region from s3"] [bucket=sorted] [prefix=import-control] [context=s3] [provider=] ["bucket region"=us-east-1]
[2026/07/13 06:22:15.130 +00:00] [INFO] [scheduler.go:541] ["generate subtasks"] [task-id=900002] [task-key=ImportInto/180002] [curr-step=merge-sort] [next-step=ingest] [node-count=1] [db-name=ai_conflict_delete_control] [table-name=t] [db-id=5509] [table-id=5511] [subtask-count=3]
[2026/07/13 06:22:15.130 +00:00] [INFO] [scheduler.go:553] ["schedule subtasks"] [task-id=900002] [task-key=ImportInto/180002] [state=running] [step=ingest] [requiredSlots=1] [subtasks=3]
[2026/07/13 06:22:15.636 +00:00] [INFO] [task_executor.go:317] ["task meta modification applied"] [task-id=900002] [task-key=ImportInto/180002] [oldStep=merge-sort] [newStep=ingest]
[2026/07/13 06:22:15.659 +00:00] [INFO] [task_executor.go:423] ["cleanup subtask env"] [task-id=900002] [task-key=ImportInto/180002] [step=encode]
[2026/07/13 06:22:15.683 +00:00] [INFO] [client.go:356] ["[pd] http client closed"] [source=lightning]
[2026/07/13 06:22:15.683 +00:00] [INFO] [task_executor.go:461] ["execute task step completed"] [task-id=900002] [task-key=ImportInto/180002] [step=encode] [mem-limit-percent=0.7] [server-mem-limit=512MB] [resource="[CPU=1, Mem=500MiB]"] [takeTime=14.806572307s] []
[2026/07/13 06:22:15.683 +00:00] [INFO] [task_executor.go:910] ["got indices that generate kv"] [task-id=900002] [task-key=ImportInto/180002] [step=ingest] [indices="{\"1\":{\"Unique\":false},\"2\":{\"Unique\":true}}"]
[2026/07/13 06:22:15.701 +00:00] [INFO] [store.go:277] ["succeed to get bucket region from s3"] [bucket=sorted] [prefix=import-control] [context=s3] [provider=] ["bucket region"=us-east-1]
[2026/07/13 06:22:15.749 +00:00] [INFO] [local.go:770] ["multi ingest support"] [task-id=900002] [task-key=ImportInto/180002]
[2026/07/13 06:22:15.750 +00:00] [INFO] [local.go:792] ["TiKV server side free space check is enabled, so lightning will turn it off"] [task-id=900002] [task-key=ImportInto/180002]
[2026/07/13 06:22:15.750 +00:00] [INFO] [table_import.go:822] ["use 0.8 of the storage size as default disk quota"] [task-id=900002] [task-key=ImportInto/180002] [step=ingest] [quota=374.2GB]
[2026/07/13 06:22:15.750 +00:00] [INFO] [task_executor.go:434] ["execute task step start"] [task-id=900002] [task-key=ImportInto/180002] [step=ingest] [mem-limit-percent=0.7] [server-mem-limit=512MB] [resource="[CPU=1, Mem=500MiB]"]
[2026/07/13 06:22:15.754 +00:00] [INFO] [task_executor.go:497] ["run subtask start"] [task-id=900002] [task-key=ImportInto/180002] [subtaskID=900009] [step=ingest]
[2026/07/13 06:22:15.755 +00:00] [INFO] [store.go:277] ["succeed to get bucket region from s3"] [bucket=sorted] [prefix=import-control] [context=s3] [provider=] ["bucket region"=us-east-1]
[2026/07/13 06:22:15.756 +00:00] [INFO] [task_executor.go:712] ["run subtask start"] [task-id=900002] [task-key=ImportInto/180002] [step=ingest] [subtask-id=900009] [kv-group=data]
[2026/07/13 06:22:15.756 +00:00] [INFO] [engine.go:213] ["create external engine"] [task-id=900002] [task-key=ImportInto/180002] [subtaskID=900009] [step=ingest] [memLimitForLoadRange=230.8MiB] [dataFileCount=1] [jobKeysCount=2] [splitKeysCount=2]
[2026/07/13 06:22:15.758 +00:00] [INFO] [local.go:1109] ["split engine key ranges"] [task-id=900002] [task-key=ImportInto/180002] [subtaskID=900009] [step=ingest] [engine=external] [totalSize=107374182400] [totalCount=0] [startKey=7480000000000015875F728000000000000001] [endKey=7480000000000015875F72800000000000000300] [len(keys)=2] []
[2026/07/13 06:22:15.758 +00:00] [INFO] [local.go:1468] ["pause pd scheduler of table scope"] [task-id=900002] [task-key=ImportInto/180002] [subtaskID=900009] [step=ingest]
[2026/07/13 06:22:15.780 +00:00] [INFO] [local.go:1509] ["start import engine"] [task-id=900002] [task-key=ImportInto/180002] [subtaskID=900009] [step=ingest] [uuid=1522511f-e2b3-5fa6-a453-0e38b55fa88d] ["region ranges"=1] [count=0] [size=107374182400] [maxReqInFlight=0] [maxReqPerSec=0]
[2026/07/13 06:22:15.782 +00:00] [INFO] [local.go:1131] ["import engine ranges"] [task-id=900002] [task-key=ImportInto/180002] [subtaskID=900009] [step=ingest] [len(regionSplitKeys)=2] [splitRangesBatch=2048] [splitRangePerSec=0]
[2026/07/13 06:22:15.782 +00:00] [INFO] [local.go:1146] ["split and scatter ranges start"] [task-id=900002] [task-key=ImportInto/180002] [subtaskID=900009] [step=ingest] [uuid=external]
[2026/07/13 06:22:15.785 +00:00] [INFO] [client.go:684] ["paginate scan regions"] [count=2] [start=7480000000000015875F728000000000000001] [end=7480000000000015875F7280000000000000030000]
[2026/07/13 06:22:15.785 +00:00] [INFO] [localhelper.go:129] ["waiting for scattering regions done"] [task-id=900002] [task-key=ImportInto/180002] [subtaskID=900009] [step=ingest] [regions=0] [take=22.734µs]
[2026/07/13 06:22:15.785 +00:00] [INFO] [local.go:1171] ["split and scatter ranges completed"] [task-id=900002] [task-key=ImportInto/180002] [subtaskID=900009] [step=ingest] [uuid=external] [takeTime=3.28606ms] []
[2026/07/13 06:22:15.785 +00:00] [INFO] [engine.go:565] ["load ingest data"] [task-id=900002] [task-key=ImportInto/180002] [subtaskID=900009] [step=ingest] ["current batchSize"=1]
[2026/07/13 06:22:15.785 +00:00] [INFO] [util.go:172] ["seek props offsets start"] [task-id=900002] [task-key=ImportInto/180002] [subtaskID=900009] [step=ingest]
[2026/07/13 06:22:15.787 +00:00] [INFO] [util.go:174] ["seek props offsets completed"] [task-id=900002] [task-key=ImportInto/180002] [subtaskID=900009] [step=ingest] [takeTime=1.709963ms] []
[2026/07/13 06:22:15.787 +00:00] [INFO] [reader.go:52] ["read all data start"] [task-id=900002] [task-key=ImportInto/180002] [subtaskID=900009] [step=ingest]
[2026/07/13 06:22:15.787 +00:00] [INFO] [reader.go:53] [arguments] [task-id=900002] [task-key=ImportInto/180002] [subtaskID=900009] [step=ingest] [data-file-count=1] [stat-file-count=1] [start-key=7480000000000015875f728000000000000001] [end-key=7480000000000015875f72800000000000000300]
[2026/07/13 06:22:15.787 +00:00] [INFO] [reader.go:105] ["estimated file size of this range group"] [task-id=900002] [task-key=ImportInto/180002] [subtaskID=900009] [step=ingest] [totalSize=0B]
[2026/07/13 06:22:15.789 +00:00] [INFO] [reader.go:76] ["read all data completed"] [task-id=900002] [task-key=ImportInto/180002] [subtaskID=900009] [step=ingest] [takeTime=1.768501ms] []
[2026/07/13 06:22:15.789 +00:00] [INFO] [engine.go:120] ["building memKVsAndBuffers"] [task-id=900002] [task-key=ImportInto/180002] [subtaskID=900009] [step=ingest] [sumKVCnt=4] [droppedSize=0]
[2026/07/13 06:22:15.815 +00:00] [INFO] [engine.go:397] ["load range batch done"] [task-id=900002] [task-key=ImportInto/180002] [subtaskID=900009] [step=ingest] [readDur=1.804298ms] [sortDur=1.509µs] [droppedSize=0] [loadedKVs=4] [loadedSize=132B] [onDup=record] [dupCount=2] [recordedDupCount=2] [totalRecordedDupCount=2] [totalRecordedDupSize=66B] [deduplicateDur=26.604186ms]
[2026/07/13 06:22:15.827 +00:00] [INFO] [local.go:1325] ["generate region jobs"] [task-id=900002] [task-key=ImportInto/180002] [subtaskID=900009] [step=ingest] [len(jobs)=1] [startOfAllRanges=7480000000000015875f728000000000000001] [endOfAllRanges=7480000000000015875f72800000000000000300] [startKeyOfFirstRegion=7480000000000015ff875f728000000000ff0000010000000000fa] [endKeyOfLastRegion=748000fffffffffcff1700000000000000f8]
[2026/07/13 06:22:15.852 +00:00] [INFO] [local.go:1528] ["import engine success"] [task-id=900002] [task-key=ImportInto/180002] [subtaskID=900009] [step=ingest] [uuid=1522511f-e2b3-5fa6-a453-0e38b55fa88d] [size=107374182400] [kvs=0] [importedSize=66] [importedCount=2]
[2026/07/13 06:22:15.855 +00:00] [INFO] [task_executor.go:714] ["run subtask completed"] [task-id=900002] [task-key=ImportInto/180002] [step=ingest] [subtask-id=900009] [kv-group=data] [obj-store-access="{requests: {get: 4, put: 4}, traffic: {r: 806, w: 353}}"] [takeTime=98.195425ms] []
[2026/07/13 06:22:15.858 +00:00] [INFO] [task_executor.go:526] ["run subtask completed"] [task-id=900002] [task-key=ImportInto/180002] [subtaskID=900009] [step=ingest] [takeTime=103.698026ms] []
[2026/07/13 06:22:15.867 +00:00] [INFO] [task_executor.go:497] ["run subtask start"] [task-id=900002] [task-key=ImportInto/180002] [subtaskID=900010] [step=ingest]
[2026/07/13 06:22:15.869 +00:00] [INFO] [store.go:277] ["succeed to get bucket region from s3"] [bucket=sorted] [prefix=import-control] [context=s3] [provider=] ["bucket region"=us-east-1]
[2026/07/13 06:22:15.870 +00:00] [INFO] [task_executor.go:712] ["run subtask start"] [task-id=900002] [task-key=ImportInto/180002] [step=ingest] [subtask-id=900010] [kv-group=2]
[2026/07/13 06:22:15.870 +00:00] [INFO] [engine.go:213] ["create external engine"] [task-id=900002] [task-key=ImportInto/180002] [subtaskID=900010] [step=ingest] [memLimitForLoadRange=230.8MiB] [dataFileCount=1] [jobKeysCount=2] [splitKeysCount=2]
[2026/07/13 06:22:15.871 +00:00] [INFO] [local.go:1109] ["split engine key ranges"] [task-id=900002] [task-key=ImportInto/180002] [subtaskID=900010] [step=ingest] [engine=external] [totalSize=107374182400] [totalCount=0] [startKey=7480000000000015875F698000000000000002038000000000000001] [endKey=7480000000000015875F69800000000000000203800000000000000300] [len(keys)=2] []
[2026/07/13 06:22:15.871 +00:00] [INFO] [local.go:1468] ["pause pd scheduler of table scope"] [task-id=900002] [task-key=ImportInto/180002] [subtaskID=900010] [step=ingest]
[2026/07/13 06:22:15.892 +00:00] [INFO] [local.go:1509] ["start import engine"] [task-id=900002] [task-key=ImportInto/180002] [subtaskID=900010] [step=ingest] [uuid=52686189-a314-5eae-8c90-f14d07f7f993] ["region ranges"=1] [count=0] [size=107374182400] [maxReqInFlight=0] [maxReqPerSec=0]
[2026/07/13 06:22:15.892 +00:00] [INFO] [local.go:1131] ["import engine ranges"] [task-id=900002] [task-key=ImportInto/180002] [subtaskID=900010] [step=ingest] [len(regionSplitKeys)=2] [splitRangesBatch=2048] [splitRangePerSec=0]
[2026/07/13 06:22:15.892 +00:00] [INFO] [local.go:1146] ["split and scatter ranges start"] [task-id=900002] [task-key=ImportInto/180002] [subtaskID=900010] [step=ingest] [uuid=external]
[2026/07/13 06:22:15.893 +00:00] [INFO] [client.go:684] ["paginate scan regions"] [count=2] [start=7480000000000015875F698000000000000002038000000000000001] [end=7480000000000015875F6980000000000000020380000000000000030000]
[2026/07/13 06:22:15.893 +00:00] [INFO] [localhelper.go:129] ["waiting for scattering regions done"] [task-id=900002] [task-key=ImportInto/180002] [subtaskID=900010] [step=ingest] [regions=0] [take=911ns]
[2026/07/13 06:22:15.893 +00:00] [INFO] [local.go:1171] ["split and scatter ranges completed"] [task-id=900002] [task-key=ImportInto/180002] [subtaskID=900010] [step=ingest] [uuid=external] [takeTime=477.382µs] []
[2026/07/13 06:22:15.893 +00:00] [INFO] [engine.go:565] ["load ingest data"] [task-id=900002] [task-key=ImportInto/180002] [subtaskID=900010] [step=ingest] ["current batchSize"=1]
[2026/07/13 06:22:15.893 +00:00] [INFO] [util.go:172] ["seek props offsets start"] [task-id=900002] [task-key=ImportInto/180002] [subtaskID=900010] [step=ingest]
[2026/07/13 06:22:15.894 +00:00] [INFO] [util.go:174] ["seek props offsets completed"] [task-id=900002] [task-key=ImportInto/180002] [subtaskID=900010] [step=ingest] [takeTime=1.418832ms] []
[2026/07/13 06:22:15.894 +00:00] [INFO] [reader.go:52] ["read all data start"] [task-id=900002] [task-key=ImportInto/180002] [subtaskID=900010] [step=ingest]
[2026/07/13 06:22:15.894 +00:00] [INFO] [reader.go:53] [arguments] [task-id=900002] [task-key=ImportInto/180002] [subtaskID=900010] [step=ingest] [data-file-count=1] [stat-file-count=1] [start-key=7480000000000015875f698000000000000002038000000000000001] [end-key=7480000000000015875f69800000000000000203800000000000000300]
[2026/07/13 06:22:15.894 +00:00] [INFO] [reader.go:105] ["estimated file size of this range group"] [task-id=900002] [task-key=ImportInto/180002] [subtaskID=900010] [step=ingest] [totalSize=0B]
[2026/07/13 06:22:15.897 +00:00] [INFO] [reader.go:76] ["read all data completed"] [task-id=900002] [task-key=ImportInto/180002] [subtaskID=900010] [step=ingest] [takeTime=2.682806ms] []
[2026/07/13 06:22:15.897 +00:00] [INFO] [engine.go:120] ["building memKVsAndBuffers"] [task-id=900002] [task-key=ImportInto/180002] [subtaskID=900010] [step=ingest] [sumKVCnt=3] [droppedSize=0]
[2026/07/13 06:22:15.927 +00:00] [INFO] [engine.go:397] ["load range batch done"] [task-id=900002] [task-key=ImportInto/180002] [subtaskID=900010] [step=ingest] [readDur=2.714999ms] [sortDur=1.226µs] [droppedSize=0] [loadedKVs=3] [loadedSize=108B] [onDup=record] [dupCount=2] [recordedDupCount=2] [totalRecordedDupCount=2] [totalRecordedDupSize=72B] [deduplicateDur=30.571813ms]
[2026/07/13 06:22:15.928 +00:00] [INFO] [local.go:1325] ["generate region jobs"] [task-id=900002] [task-key=ImportInto/180002] [subtaskID=900010] [step=ingest] [len(jobs)=1] [startOfAllRanges=7480000000000015875f698000000000000002038000000000000001] [endOfAllRanges=7480000000000015875f69800000000000000203800000000000000300] [startKeyOfFirstRegion=7480000000000015ff875f698000000000ff0000020380000000ff0000000100000000fb] [endKeyOfLastRegion=7480000000000015ff875f698000000000ff0000020380000000ff0000000300000000fc]
[2026/07/13 06:22:15.941 +00:00] [INFO] [local.go:1528] ["import engine success"] [task-id=900002] [task-key=ImportInto/180002] [subtaskID=900010] [step=ingest] [uuid=52686189-a314-5eae-8c90-f14d07f7f993] [size=107374182400] [kvs=0] [importedSize=36] [importedCount=1]
[2026/07/13 06:22:15.944 +00:00] [INFO] [task_executor.go:714] ["run subtask completed"] [task-id=900002] [task-key=ImportInto/180002] [step=ingest] [subtask-id=900010] [kv-group=2] [obj-store-access="{requests: {get: 4, put: 4}, traffic: {r: 862, w: 359}}"] [takeTime=74.305037ms] []
[2026/07/13 06:22:15.958 +00:00] [INFO] [task_executor.go:526] ["run subtask completed"] [task-id=900002] [task-key=ImportInto/180002] [subtaskID=900010] [step=ingest] [takeTime=90.945855ms] []
[2026/07/13 06:22:15.967 +00:00] [INFO] [task_executor.go:497] ["run subtask start"] [task-id=900002] [task-key=ImportInto/180002] [subtaskID=900011] [step=ingest]
[2026/07/13 06:22:15.968 +00:00] [INFO] [store.go:277] ["succeed to get bucket region from s3"] [bucket=sorted] [prefix=import-control] [context=s3] [provider=] ["bucket region"=us-east-1]
[2026/07/13 06:22:15.969 +00:00] [INFO] [task_executor.go:712] ["run subtask start"] [task-id=900002] [task-key=ImportInto/180002] [step=ingest] [subtask-id=900011] [kv-group=1]
[2026/07/13 06:22:15.969 +00:00] [INFO] [engine.go:213] ["create external engine"] [task-id=900002] [task-key=ImportInto/180002] [subtaskID=900011] [step=ingest] [memLimitForLoadRange=230.8MiB] [dataFileCount=1] [jobKeysCount=2] [splitKeysCount=2]
[2026/07/13 06:22:15.970 +00:00] [INFO] [local.go:1109] ["split engine key ranges"] [task-id=900002] [task-key=ImportInto/180002] [subtaskID=900011] [step=ingest] [engine=external] [totalSize=107374182400] [totalCount=0] [startKey=7480000000000015875F698000000000000001038000000000000014038000000000000002] [endKey=7480000000000015875F69800000000000000103800000000000001E03800000000000000300] [len(keys)=2] []
[2026/07/13 06:22:15.970 +00:00] [INFO] [local.go:1468] ["pause pd scheduler of table scope"] [task-id=900002] [task-key=ImportInto/180002] [subtaskID=900011] [step=ingest]
[2026/07/13 06:22:15.992 +00:00] [INFO] [local.go:1509] ["start import engine"] [task-id=900002] [task-key=ImportInto/180002] [subtaskID=900011] [step=ingest] [uuid=13669bc8-8301-5b5e-a5db-22f7b4ef6bd7] ["region ranges"=1] [count=0] [size=107374182400] [maxReqInFlight=0] [maxReqPerSec=0]
[2026/07/13 06:22:15.992 +00:00] [INFO] [local.go:1131] ["import engine ranges"] [task-id=900002] [task-key=ImportInto/180002] [subtaskID=900011] [step=ingest] [len(regionSplitKeys)=2] [splitRangesBatch=2048] [splitRangePerSec=0]
[2026/07/13 06:22:15.992 +00:00] [INFO] [local.go:1146] ["split and scatter ranges start"] [task-id=900002] [task-key=ImportInto/180002] [subtaskID=900011] [step=ingest] [uuid=external]
[2026/07/13 06:22:15.992 +00:00] [INFO] [client.go:684] ["paginate scan regions"] [count=2] [start=7480000000000015875F698000000000000001038000000000000014038000000000000002] [end=7480000000000015875F69800000000000000103800000000000001E0380000000000000030000]
[2026/07/13 06:22:15.992 +00:00] [INFO] [localhelper.go:129] ["waiting for scattering regions done"] [task-id=900002] [task-key=ImportInto/180002] [subtaskID=900011] [step=ingest] [regions=0] [take=905ns]
[2026/07/13 06:22:15.992 +00:00] [INFO] [local.go:1171] ["split and scatter ranges completed"] [task-id=900002] [task-key=ImportInto/180002] [subtaskID=900011] [step=ingest] [uuid=external] [takeTime=336.534µs] []
[2026/07/13 06:22:15.992 +00:00] [INFO] [engine.go:565] ["load ingest data"] [task-id=900002] [task-key=ImportInto/180002] [subtaskID=900011] [step=ingest] ["current batchSize"=1]
[2026/07/13 06:22:15.992 +00:00] [INFO] [util.go:172] ["seek props offsets start"] [task-id=900002] [task-key=ImportInto/180002] [subtaskID=900011] [step=ingest]
[2026/07/13 06:22:15.994 +00:00] [INFO] [util.go:174] ["seek props offsets completed"] [task-id=900002] [task-key=ImportInto/180002] [subtaskID=900011] [step=ingest] [takeTime=1.558807ms] []
[2026/07/13 06:22:15.994 +00:00] [INFO] [reader.go:52] ["read all data start"] [task-id=900002] [task-key=ImportInto/180002] [subtaskID=900011] [step=ingest]
[2026/07/13 06:22:15.994 +00:00] [INFO] [reader.go:53] [arguments] [task-id=900002] [task-key=ImportInto/180002] [subtaskID=900011] [step=ingest] [data-file-count=1] [stat-file-count=1] [start-key=7480000000000015875f698000000000000001038000000000000014038000000000000002] [end-key=7480000000000015875f69800000000000000103800000000000001e03800000000000000300]
[2026/07/13 06:22:15.994 +00:00] [INFO] [reader.go:105] ["estimated file size of this range group"] [task-id=900002] [task-key=ImportInto/180002] [subtaskID=900011] [step=ingest] [totalSize=0B]
[2026/07/13 06:22:15.995 +00:00] [INFO] [reader.go:76] ["read all data completed"] [task-id=900002] [task-key=ImportInto/180002] [subtaskID=900011] [step=ingest] [takeTime=1.736494ms] []
[2026/07/13 06:22:15.995 +00:00] [INFO] [engine.go:120] ["building memKVsAndBuffers"] [task-id=900002] [task-key=ImportInto/180002] [subtaskID=900011] [step=ingest] [sumKVCnt=2] [droppedSize=0]
[2026/07/13 06:22:15.995 +00:00] [INFO] [engine.go:397] ["load range batch done"] [task-id=900002] [task-key=ImportInto/180002] [subtaskID=900011] [step=ingest] [readDur=1.768528ms] [sortDur=909ns] [droppedSize=0] [loadedKVs=2] [loadedSize=76B] [onDup=remove] [dupCount=0] [recordedDupCount=0] [totalRecordedDupCount=0] [totalRecordedDupSize=0B] [deduplicateDur=0s]
[2026/07/13 06:22:15.996 +00:00] [INFO] [local.go:1325] ["generate region jobs"] [task-id=900002] [task-key=ImportInto/180002] [subtaskID=900011] [step=ingest] [len(jobs)=1] [startOfAllRanges=7480000000000015875f698000000000000001038000000000000014038000000000000002] [endOfAllRanges=7480000000000015875f69800000000000000103800000000000001e03800000000000000300] [startKeyOfFirstRegion=7480000000000015ff875f698000000000ff0000010380000000ff0000001403800000ff0000000002000000fc] [endKeyOfLastRegion=7480000000000015ff875f698000000000ff0000010380000000ff0000001e03800000ff0000000003000000fd]
[2026/07/13 06:22:16.038 +00:00] [INFO] [local.go:1528] ["import engine success"] [task-id=900002] [task-key=ImportInto/180002] [subtaskID=900011] [step=ingest] [uuid=13669bc8-8301-5b5e-a5db-22f7b4ef6bd7] [size=107374182400] [kvs=0] [importedSize=76] [importedCount=2]
[2026/07/13 06:22:16.039 +00:00] [INFO] [task_executor.go:714] ["run subtask completed"] [task-id=900002] [task-key=ImportInto/180002] [step=ingest] [subtask-id=900011] [kv-group=1] [obj-store-access="{requests: {get: 4, put: 0}, traffic: {r: 904, w: 0}}"] [takeTime=70.260851ms] []
[2026/07/13 06:22:16.042 +00:00] [INFO] [task_executor.go:526] ["run subtask completed"] [task-id=900002] [task-key=ImportInto/180002] [subtaskID=900011] [step=ingest] [takeTime=75.634169ms] []
[2026/07/13 06:22:16.501 +00:00] [INFO] [scheduler.go:493] ["switch to next step"] [task-id=900002] [task-key=ImportInto/180002] [current-step=ingest] [next-step=collect-conflicts] [required-slots=1] [runtime-slots=1]
[2026/07/13 06:22:16.501 +00:00] [INFO] [scheduler.go:527] ["eligible instances"] [task-id=900002] [task-key=ImportInto/180002] [num=1]
[2026/07/13 06:22:16.502 +00:00] [INFO] [scheduler.go:410] ["on next subtasks batch"] [task-id=900002] [task-key=ImportInto/180002] [curr-step=ingest] [next-step=collect-conflicts] [node-count=1] [db-name=ai_conflict_delete_control] [table-name=t] [db-id=5509] [table-id=5511]
[2026/07/13 06:22:16.510 +00:00] [INFO] [store.go:277] ["succeed to get bucket region from s3"] [bucket=sorted] [prefix=import-control] [context=s3] [provider=] ["bucket region"=us-east-1]
[2026/07/13 06:22:16.514 +00:00] [INFO] [store.go:277] ["succeed to get bucket region from s3"] [bucket=sorted] [prefix=import-control] [context=s3] [provider=] ["bucket region"=us-east-1]
[2026/07/13 06:22:16.516 +00:00] [INFO] [scheduler.go:541] ["generate subtasks"] [task-id=900002] [task-key=ImportInto/180002] [curr-step=ingest] [next-step=collect-conflicts] [node-count=1] [db-name=ai_conflict_delete_control] [table-name=t] [db-id=5509] [table-id=5511] [subtask-count=1]
[2026/07/13 06:22:16.516 +00:00] [INFO] [scheduler.go:553] ["schedule subtasks"] [task-id=900002] [task-key=ImportInto/180002] [state=running] [step=collect-conflicts] [requiredSlots=1] [subtasks=1]
[2026/07/13 06:22:16.532 +00:00] [INFO] [task_executor.go:317] ["task meta modification applied"] [task-id=900002] [task-key=ImportInto/180002] [oldStep=ingest] [newStep=collect-conflicts]
[2026/07/13 06:22:16.534 +00:00] [INFO] [task_executor.go:813] ["cleanup subtask env"] [task-id=900002] [task-key=ImportInto/180002] [step=ingest]
[2026/07/13 06:22:16.536 +00:00] [INFO] [client.go:356] ["[pd] http client closed"] [source=lightning]
[2026/07/13 06:22:16.536 +00:00] [INFO] [task_executor.go:461] ["execute task step completed"] [task-id=900002] [task-key=ImportInto/180002] [step=ingest] [mem-limit-percent=0.7] [server-mem-limit=512MB] [resource="[CPU=1, Mem=500MiB]"] [takeTime=785.758526ms] []
[2026/07/13 06:22:16.536 +00:00] [INFO] [task_executor.go:910] ["got indices that generate kv"] [task-id=900002] [task-key=ImportInto/180002] [step=collect-conflicts] [indices="{\"1\":{\"Unique\":false},\"2\":{\"Unique\":true}}"]
[2026/07/13 06:22:16.538 +00:00] [INFO] [store.go:277] ["succeed to get bucket region from s3"] [bucket=sorted] [prefix=import-control] [context=s3] [provider=] ["bucket region"=us-east-1]
[2026/07/13 06:22:16.542 +00:00] [INFO] [local.go:770] ["multi ingest support"] [task-id=900002] [task-key=ImportInto/180002]
[2026/07/13 06:22:16.543 +00:00] [INFO] [local.go:792] ["TiKV server side free space check is enabled, so lightning will turn it off"] [task-id=900002] [task-key=ImportInto/180002]
[2026/07/13 06:22:16.543 +00:00] [INFO] [table_import.go:822] ["use 0.8 of the storage size as default disk quota"] [task-id=900002] [task-key=ImportInto/180002] [step=collect-conflicts] [quota=374.2GB]
[2026/07/13 06:22:16.543 +00:00] [INFO] [task_executor.go:434] ["execute task step start"] [task-id=900002] [task-key=ImportInto/180002] [step=collect-conflicts] [mem-limit-percent=0.7] [server-mem-limit=512MB] [resource="[CPU=1, Mem=500MiB]"]
[2026/07/13 06:22:16.546 +00:00] [INFO] [task_executor.go:497] ["run subtask start"] [task-id=900002] [task-key=ImportInto/180002] [subtaskID=900012] [step=collect-conflicts]
[2026/07/13 06:22:16.546 +00:00] [INFO] [collect_conflicts.go:100] ["run subtask start"] [task-id=900002] [task-key=ImportInto/180002] [step=collect-conflicts] [subtask-id=900012]
[2026/07/13 06:22:16.547 +00:00] [INFO] [store.go:277] ["succeed to get bucket region from s3"] [bucket=sorted] [prefix=import-control] [context=s3] [provider=] ["bucket region"=us-east-1]
[2026/07/13 06:22:16.548 +00:00] [INFO] [collect_conflicts.go:166] ["collect conflicts of kv group start"] [task-id=900002] [task-key=ImportInto/180002] [step=collect-conflicts] [kvGroup=2] [duplicates=3] [file-count=2] [concurrency=1]
[2026/07/13 06:22:16.559 +00:00] [INFO] [collector.go:224] ["switch conflict row file"] [task-id=900002] [task-key=ImportInto/180002] [step=collect-conflicts] [filename=conflicted-rows/900002/900012-74408b35-ced1-401a-8a28-94077fb014af/data-0001.txt] [lastFileSize=0B]
[2026/07/13 06:22:16.562 +00:00] [INFO] [collect_conflicts.go:172] ["collect conflicts of kv group completed"] [task-id=900002] [task-key=ImportInto/180002] [step=collect-conflicts] [kvGroup=2] [duplicates=3] [file-count=2] [concurrency=1] [takeTime=14.098868ms] []
[2026/07/13 06:22:16.562 +00:00] [INFO] [collect_conflicts.go:166] ["collect conflicts of kv group start"] [task-id=900002] [task-key=ImportInto/180002] [step=collect-conflicts] [kvGroup=data] [duplicates=2] [file-count=1] [concurrency=1]
[2026/07/13 06:22:16.564 +00:00] [INFO] [collector.go:224] ["switch conflict row file"] [task-id=900002] [task-key=ImportInto/180002] [step=collect-conflicts] [filename=conflicted-rows/900002/900012-2dcd6e15-a5a2-45d1-9c81-5f3211784058/data-0001.txt] [lastFileSize=0B]
[2026/07/13 06:22:16.567 +00:00] [INFO] [collect_conflicts.go:172] ["collect conflicts of kv group completed"] [task-id=900002] [task-key=ImportInto/180002] [step=collect-conflicts] [kvGroup=data] [duplicates=2] [file-count=1] [concurrency=1] [takeTime=4.465642ms] []
[2026/07/13 06:22:16.567 +00:00] [INFO] [collect_conflicts.go:137] ["collected conflict row info"] [task-id=900002] [task-key=ImportInto/180002] [step=collect-conflicts] [count=3] [checksum="{\"checksum\":17766169885926642508,\"size\":321,\"kvs\":9}"] [targetFiles="[conflicted-rows/900002/900012-74408b35-ced1-401a-8a28-94077fb014af/data-0001.txt,conflicted-rows/900002/900012-2dcd6e15-a5a2-45d1-9c81-5f3211784058/data-0001.txt]"] [fileSize=33B] [skipSaveHandle=false]
[2026/07/13 06:22:16.567 +00:00] [INFO] [collect_conflicts.go:102] ["run subtask completed"] [task-id=900002] [task-key=ImportInto/180002] [step=collect-conflicts] [subtask-id=900012] [takeTime=20.942742ms] []
[2026/07/13 06:22:16.569 +00:00] [INFO] [task_executor.go:526] ["run subtask completed"] [task-id=900002] [task-key=ImportInto/180002] [subtaskID=900012] [step=collect-conflicts] [takeTime=23.693736ms] []
[2026/07/13 06:22:17.001 +00:00] [INFO] [scheduler.go:493] ["switch to next step"] [task-id=900002] [task-key=ImportInto/180002] [current-step=collect-conflicts] [next-step=conflict-resolution] [required-slots=1] [runtime-slots=1]
[2026/07/13 06:22:17.002 +00:00] [INFO] [scheduler.go:527] ["eligible instances"] [task-id=900002] [task-key=ImportInto/180002] [num=1]
[2026/07/13 06:22:17.002 +00:00] [INFO] [scheduler.go:410] ["on next subtasks batch"] [task-id=900002] [task-key=ImportInto/180002] [curr-step=collect-conflicts] [next-step=conflict-resolution] [node-count=1] [db-name=ai_conflict_delete_control] [table-name=t] [db-id=5509] [table-id=5511]
[2026/07/13 06:22:17.010 +00:00] [INFO] [store.go:277] ["succeed to get bucket region from s3"] [bucket=sorted] [prefix=import-control] [context=s3] [provider=] ["bucket region"=us-east-1]
[2026/07/13 06:22:17.015 +00:00] [INFO] [store.go:277] ["succeed to get bucket region from s3"] [bucket=sorted] [prefix=import-control] [context=s3] [provider=] ["bucket region"=us-east-1]
[2026/07/13 06:22:17.016 +00:00] [INFO] [scheduler.go:541] ["generate subtasks"] [task-id=900002] [task-key=ImportInto/180002] [curr-step=collect-conflicts] [next-step=conflict-resolution] [node-count=1] [db-name=ai_conflict_delete_control] [table-name=t] [db-id=5509] [table-id=5511] [subtask-count=1]
[2026/07/13 06:22:17.016 +00:00] [INFO] [scheduler.go:553] ["schedule subtasks"] [task-id=900002] [task-key=ImportInto/180002] [state=running] [step=conflict-resolution] [requiredSlots=1] [subtasks=1]
[2026/07/13 06:22:17.480 +00:00] [INFO] [task_executor.go:317] ["task meta modification applied"] [task-id=900002] [task-key=ImportInto/180002] [oldStep=collect-conflicts] [newStep=conflict-resolution]
[2026/07/13 06:22:17.483 +00:00] [INFO] [collect_conflicts.go:243] ["cleanup subtask env"] [task-id=900002] [task-key=ImportInto/180002] [step=collect-conflicts]
[2026/07/13 06:22:17.483 +00:00] [INFO] [client.go:356] ["[pd] http client closed"] [source=lightning]
[2026/07/13 06:22:17.483 +00:00] [INFO] [task_executor.go:461] ["execute task step completed"] [task-id=900002] [task-key=ImportInto/180002] [step=collect-conflicts] [mem-limit-percent=0.7] [server-mem-limit=512MB] [resource="[CPU=1, Mem=500MiB]"] [takeTime=940.363573ms] []
[2026/07/13 06:22:17.484 +00:00] [INFO] [task_executor.go:910] ["got indices that generate kv"] [task-id=900002] [task-key=ImportInto/180002] [step=conflict-resolution] [indices="{\"1\":{\"Unique\":false},\"2\":{\"Unique\":true}}"]
[2026/07/13 06:22:17.485 +00:00] [INFO] [store.go:277] ["succeed to get bucket region from s3"] [bucket=sorted] [prefix=import-control] [context=s3] [provider=] ["bucket region"=us-east-1]
[2026/07/13 06:22:17.489 +00:00] [INFO] [local.go:770] ["multi ingest support"] [task-id=900002] [task-key=ImportInto/180002]
[2026/07/13 06:22:17.490 +00:00] [INFO] [local.go:792] ["TiKV server side free space check is enabled, so lightning will turn it off"] [task-id=900002] [task-key=ImportInto/180002]
[2026/07/13 06:22:17.490 +00:00] [INFO] [table_import.go:822] ["use 0.8 of the storage size as default disk quota"] [task-id=900002] [task-key=ImportInto/180002] [step=conflict-resolution] [quota=374.2GB]
[2026/07/13 06:22:17.490 +00:00] [INFO] [task_executor.go:434] ["execute task step start"] [task-id=900002] [task-key=ImportInto/180002] [step=conflict-resolution] [mem-limit-percent=0.7] [server-mem-limit=512MB] [resource="[CPU=1, Mem=500MiB]"]
[2026/07/13 06:22:17.493 +00:00] [INFO] [task_executor.go:497] ["run subtask start"] [task-id=900002] [task-key=ImportInto/180002] [subtaskID=900013] [step=conflict-resolution]
[2026/07/13 06:22:17.495 +00:00] [INFO] [store.go:277] ["succeed to get bucket region from s3"] [bucket=sorted] [prefix=import-control] [context=s3] [provider=] ["bucket region"=us-east-1]
[2026/07/13 06:22:17.495 +00:00] [INFO] [conflict_resolution.go:89] ["run subtask start"] [task-id=900002] [task-key=ImportInto/180002] [step=conflict-resolution] [subtask-id=900013]
[2026/07/13 06:22:17.496 +00:00] [INFO] [conflict_resolution.go:125] ["resolve conflicts of kv group start"] [task-id=900002] [task-key=ImportInto/180002] [step=conflict-resolution] [kvGroup=2] [duplicates=3] [fileCount=2] [concurrency=1]
[2026/07/13 06:22:17.503 +00:00] [INFO] [conflict_resolution.go:131] ["resolve conflicts of kv group completed"] [task-id=900002] [task-key=ImportInto/180002] [step=conflict-resolution] [kvGroup=2] [duplicates=3] [fileCount=2] [concurrency=1] [takeTime=6.854712ms] []
[2026/07/13 06:22:17.503 +00:00] [INFO] [conflict_resolution.go:125] ["resolve conflicts of kv group start"] [task-id=900002] [task-key=ImportInto/180002] [step=conflict-resolution] [kvGroup=data] [duplicates=2] [fileCount=1] [concurrency=1]
[2026/07/13 06:22:17.505 +00:00] [INFO] [conflict_resolution.go:131] ["resolve conflicts of kv group completed"] [task-id=900002] [task-key=ImportInto/180002] [step=conflict-resolution] [kvGroup=data] [duplicates=2] [fileCount=1] [concurrency=1] [takeTime=2.289315ms] []
[2026/07/13 06:22:17.505 +00:00] [INFO] [conflict_resolution.go:91] ["run subtask completed"] [task-id=900002] [task-key=ImportInto/180002] [step=conflict-resolution] [subtask-id=900013] [takeTime=10.363432ms] []
[2026/07/13 06:22:17.507 +00:00] [INFO] [task_executor.go:526] ["run subtask completed"] [task-id=900002] [task-key=ImportInto/180002] [subtaskID=900013] [step=conflict-resolution] [takeTime=14.118086ms] []
[2026/07/13 06:22:18.005 +00:00] [INFO] [scheduler.go:493] ["switch to next step"] [task-id=900002] [task-key=ImportInto/180002] [current-step=conflict-resolution] [next-step=post-process] [required-slots=1] [runtime-slots=1]
[2026/07/13 06:22:18.006 +00:00] [INFO] [scheduler.go:527] ["eligible instances"] [task-id=900002] [task-key=ImportInto/180002] [num=1]
[2026/07/13 06:22:18.006 +00:00] [INFO] [scheduler.go:410] ["on next subtasks batch"] [task-id=900002] [task-key=ImportInto/180002] [curr-step=conflict-resolution] [next-step=post-process] [node-count=1] [db-name=ai_conflict_delete_control] [table-name=t] [db-id=5509] [table-id=5511]
[2026/07/13 06:22:18.012 +00:00] [INFO] [scheduler.go:507] ["move to post-process step"] [task-id=900002] [task-key=ImportInto/180002] [curr-step=conflict-resolution] [next-step=post-process] [node-count=1] [db-name=ai_conflict_delete_control] [table-name=t] [db-id=5509] [table-id=5511] [result="{\"encode-summary\":{\"input-bytes\":28,\"input-rows\":9},\"merge-summary\":{},\"ingest-summary\":{\"input-bytes\":316,\"input-rows\":4},\"collect-conflicts-summary\":{\"input-rows\":5},\"resolve-conflicts-summary\":{\"input-rows\":5}}"]
[2026/07/13 06:22:18.015 +00:00] [INFO] [scheduler.go:541] ["generate subtasks"] [task-id=900002] [task-key=ImportInto/180002] [curr-step=conflict-resolution] [next-step=post-process] [node-count=1] [db-name=ai_conflict_delete_control] [table-name=t] [db-id=5509] [table-id=5511] [subtask-count=1]
[2026/07/13 06:22:18.015 +00:00] [INFO] [scheduler.go:553] ["schedule subtasks"] [task-id=900002] [task-key=ImportInto/180002] [state=running] [step=post-process] [requiredSlots=1] [subtasks=1]
[2026/07/13 06:22:18.418 +00:00] [INFO] [task_executor.go:317] ["task meta modification applied"] [task-id=900002] [task-key=ImportInto/180002] [oldStep=conflict-resolution] [newStep=post-process]
[2026/07/13 06:22:18.421 +00:00] [INFO] [conflict_resolution.go:153] ["cleanup subtask env"] [task-id=900002] [task-key=ImportInto/180002] [step=conflict-resolution]
[2026/07/13 06:22:18.421 +00:00] [INFO] [client.go:356] ["[pd] http client closed"] [source=lightning]
[2026/07/13 06:22:18.421 +00:00] [INFO] [task_executor.go:461] ["execute task step completed"] [task-id=900002] [task-key=ImportInto/180002] [step=conflict-resolution] [mem-limit-percent=0.7] [server-mem-limit=512MB] [resource="[CPU=1, Mem=500MiB]"] [takeTime=930.745339ms] []
[2026/07/13 06:22:18.421 +00:00] [INFO] [task_executor.go:910] ["got indices that generate kv"] [task-id=900002] [task-key=ImportInto/180002] [step=post-process] [indices="{\"1\":{\"Unique\":false},\"2\":{\"Unique\":true}}"]
[2026/07/13 06:22:18.421 +00:00] [INFO] [task_executor.go:434] ["execute task step start"] [task-id=900002] [task-key=ImportInto/180002] [step=post-process] [mem-limit-percent=0.7] [server-mem-limit=512MB] [resource="[CPU=1, Mem=500MiB]"]
[2026/07/13 06:22:18.425 +00:00] [INFO] [task_executor.go:497] ["run subtask start"] [task-id=900002] [task-key=ImportInto/180002] [subtaskID=900014] [step=post-process]
[2026/07/13 06:22:18.425 +00:00] [INFO] [task_executor.go:851] ["run subtask start"] [task-id=900002] [task-key=ImportInto/180002] [step=post-process] [subtask-id=900014]
[2026/07/13 06:22:18.425 +00:00] [INFO] [subtask_executor.go:115] ["post process start"] [task-id=900002] [task-key=ImportInto/180002] [step=post-process] [subtask-id=900014]
[2026/07/13 06:22:18.425 +00:00] [INFO] [table_import.go:875] ["rebase allocators start"] [task-id=900002] [task-key=ImportInto/180002] [step=post-process] [subtask-id=900014] [maxIDs={}]
[2026/07/13 06:22:18.425 +00:00] [INFO] [table_import.go:877] ["rebase allocators completed"] [task-id=900002] [task-key=ImportInto/180002] [step=post-process] [subtask-id=900014] [maxIDs={}] [takeTime=381ns] []
[2026/07/13 06:22:18.425 +00:00] [INFO] [subtask_executor.go:127] ["kv group checksum"] [task-id=900002] [task-key=ImportInto/180002] [step=post-process] [subtask-id=900014] [groupId=-1] [size=132] [kvs=4] [checksum=6521958642818368472]
[2026/07/13 06:22:18.425 +00:00] [INFO] [subtask_executor.go:127] ["kv group checksum"] [task-id=900002] [task-key=ImportInto/180002] [step=post-process] [subtask-id=900014] [groupId=1] [size=152] [kvs=4] [checksum=783929182978823707]
[2026/07/13 06:22:18.425 +00:00] [INFO] [subtask_executor.go:127] ["kv group checksum"] [task-id=900002] [task-key=ImportInto/180002] [step=post-process] [subtask-id=900014] [groupId=2] [size=144] [kvs=4] [checksum=8932720538442227347]
[2026/07/13 06:22:18.425 +00:00] [INFO] [subtask_executor.go:140] ["checksum info"] [task-id=900002] [task-key=ImportInto/180002] [step=post-process] [subtask-id=900014] [encodeStepSum="{\"checksum\":3140367543589849936,\"size\":428,\"kvs\":12}"] [deletedRowsSum="{\"checksum\":17766169885926642508,\"size\":321,\"kvs\":9}"] [final="{\"checksum\":15932273980337068060,\"size\":107,\"kvs\":3}"]
[2026/07/13 06:22:18.425 +00:00] [INFO] [table_import.go:922] ["checksum turned off, skip"] [task-id=900002] [task-key=ImportInto/180002] [step=post-process] [subtask-id=900014] [checksum="{cksum=15932273980337068060,size=107,kvs=3}"]
[2026/07/13 06:22:18.425 +00:00] [INFO] [subtask_executor.go:117] ["post process completed"] [task-id=900002] [task-key=ImportInto/180002] [step=post-process] [subtask-id=900014] [takeTime=61.364µs] []
[2026/07/13 06:22:18.425 +00:00] [INFO] [task_executor.go:853] ["run subtask completed"] [task-id=900002] [task-key=ImportInto/180002] [step=post-process] [subtask-id=900014] [takeTime=102.923µs] []
[2026/07/13 06:22:18.425 +00:00] [INFO] [task_executor.go:526] ["run subtask completed"] [task-id=900002] [task-key=ImportInto/180002] [subtaskID=900014] [step=post-process] [takeTime=133.232µs] []
[2026/07/13 06:22:18.501 +00:00] [INFO] [scheduler.go:493] ["switch to next step"] [task-id=900002] [task-key=ImportInto/180002] [current-step=post-process] [next-step=done] [required-slots=1] [runtime-slots=1]
[2026/07/13 06:22:18.501 +00:00] [INFO] [scheduler.go:551] ["task done"] [task-id=900002] [task-key=ImportInto/180002] [step=post-process] [state=running] []
[2026/07/13 06:22:18.510 +00:00] [INFO] [job_submitter.go:118] ["add DDL jobs"] [category=ddl] ["batch count"=1] [jobs="ID:5514, Type:alter table mode, State:queueing, SchemaState:none, SchemaID:5509, TableID:5511, RowCount:0, ArgLen:1, start time: 2026-07-13 06:22:18.503 +0000 UTC, Err:<nil>, ErrCount:0, SnapshotVersion:0, Version: v2; "] [fast_create=true]
[2026/07/13 06:22:18.511 +00:00] [INFO] [executor.go:7260] ["DDL job submitted"] [category=ddl] [job="ID:5514, Type:alter table mode, State:queueing, SchemaState:none, SchemaID:5509, TableID:5511, RowCount:0, ArgLen:1, start time: 2026-07-13 06:22:18.503 +0000 UTC, Err:<nil>, ErrCount:0, SnapshotVersion:0, Version: v2"] [query=skip]
[2026/07/13 06:22:18.513 +00:00] [INFO] [job_worker.go:854] ["run one job step"] [category=ddl] [jobID=5514] [job="ID:5514, Type:alter table mode, State:queueing, SchemaState:none, SchemaID:5509, TableID:5511, RowCount:0, ArgLen:0, start time: 2026-07-13 06:22:18.503 +0000 UTC, Err:<nil>, ErrCount:0, SnapshotVersion:0, Version: v2"]
[2026/07/13 06:22:18.522 +00:00] [INFO] [loader.go:216] ["diff load InfoSchema success"] [mode=auto] [isV2=true] [currVer=9086] [neededVer=9087] [gotVer=9087] ["elapsed time"=545.415µs] [phyTblIDs="[5511]"] [actionTypes="[75]"] [diffTypes="[\"alter table mode\"]"]
[2026/07/13 06:22:18.570 +00:00] [INFO] [schema_version.go:397] ["wait schema version synced success"] [category=ddl] [ver=9087] [checkAssumedSvr=false] ["take time"=51.148958ms] [job="ID:5514, Type:alter table mode, State:done, SchemaState:public, SchemaID:5509, TableID:5511, RowCount:0, ArgLen:1, start time: 2026-07-13 06:22:18.503 +0000 UTC, Err:<nil>, ErrCount:0, SnapshotVersion:0, Version: v2"] [summary="server count: 1"]
[2026/07/13 06:22:18.623 +00:00] [INFO] [schema_version.go:397] ["wait schema version synced success"] [category=ddl] [ver=9087] [checkAssumedSvr=false] ["take time"=51.071261ms] [job="ID:5514, Type:alter table mode, State:done, SchemaState:public, SchemaID:5509, TableID:5511, RowCount:0, ArgLen:0, start time: 2026-07-13 06:22:18.503 +0000 UTC, Err:<nil>, ErrCount:0, SnapshotVersion:0, Version: v2"] [summary="server count: 1"]
[2026/07/13 06:22:18.625 +00:00] [INFO] [job_worker.go:447] ["finish DDL job"] [category=ddl] [jobID=5514] [job="ID:5514, Type:alter table mode, State:synced, SchemaState:public, SchemaID:5509, TableID:5511, RowCount:0, ArgLen:0, start time: 2026-07-13 06:22:18.503 +0000 UTC, Err:<nil>, ErrCount:0, SnapshotVersion:0, Version: v2"]
[2026/07/13 06:22:18.631 +00:00] [INFO] [executor.go:7380] ["DDL job is finished"] [category=ddl] [jobID=5514]
[2026/07/13 06:22:18.632 +00:00] [INFO] [scheduler.go:131] ["unregister task success"] [task-id=900002] [task-key=ImportInto/180002]
[2026/07/13 06:22:18.731 +00:00] [INFO] [task_executor.go:461] ["execute task step completed"] [task-id=900002] [task-key=ImportInto/180002] [step=post-process] [mem-limit-percent=0.7] [server-mem-limit=512MB] [resource="[CPU=1, Mem=500MiB]"] [takeTime=309.651426ms] []
[2026/07/13 06:22:18.731 +00:00] [INFO] [manager.go:373] ["task executor exit"] [task-id=900002] [task-key=ImportInto/180002] [type=ImportInto]
[2026/07/13 06:22:19.001 +00:00] [INFO] [scheduler_manager.go:392] ["task scheduler exit"] [task-id=900002] [task-key=ImportInto/180002]
[2026/07/13 06:22:19.004 +00:00] [INFO] [scheduler_manager.go:438] ["cleanup routine start"]
[2026/07/13 06:22:19.004 +00:00] [INFO] [scheduler_manager.go:452] ["cleanup task"] [task-id=900002] [task-key=ImportInto/180002]
[2026/07/13 06:22:19.004 +00:00] [INFO] [clean_up.go:96] ["cleanup global sorted data start"] [task-id=900002]
[2026/07/13 06:22:19.006 +00:00] [INFO] [store.go:277] ["succeed to get bucket region from s3"] [bucket=sorted] [prefix=import-control] [context=s3] [provider=] ["bucket region"=us-east-1]
[2026/07/13 06:22:19.015 +00:00] [INFO] [clean_up.go:117] ["cleanup global sorted data completed"] [task-id=900002] [takeTime=10.696717ms] []
[2026/07/13 06:22:19.025 +00:00] [INFO] [scheduler_manager.go:445] ["cleanup routine success"]
[2026/07/13 06:22:30.268 +00:00] [INFO] [gc_worker.go:448] ["starts the whole job"] [category="gc worker"] [uuid=67d688981ec0001] [safePoint=467644750299660288] [concurrency=3]
[2026/07/13 06:22:33.539 +00:00] [INFO] [queue.go:718] ["Start to fetch DML changes of tables"] [category=stats] [sampled=]
[2026/07/13 06:22:33.541 +00:00] [INFO] [queue.go:776] ["Updating last fetch timestamp"] [category=stats] [sampled=] [new_max_version=467644900600184838]
[2026/07/13 06:22:42.052 +00:00] [WARN] [util.go:226] ["store address and status address mismatch the host, we will use the store address as hostname"] [store=5] ["status address"=http://0.0.0.0:20180] ["node address"=http://tc-tikv-2.tc-tikv-peer.testbed-tps-8220955-1-213.svc.cluster.local:20160] ["request address"=http://tc-tikv-2.tc-tikv-peer.testbed-tps-8220955-1-213.svc.cluster.local:20180]
[2026/07/13 06:22:42.055 +00:00] [WARN] [util.go:226] ["store address and status address mismatch the host, we will use the store address as hostname"] [store=1] ["status address"=http://0.0.0.0:20180] ["node address"=http://tc-tikv-0.tc-tikv-peer.testbed-tps-8220955-1-213.svc.cluster.local:20160] ["request address"=http://tc-tikv-0.tc-tikv-peer.testbed-tps-8220955-1-213.svc.cluster.local:20180]
[2026/07/13 06:22:42.056 +00:00] [WARN] [util.go:226] ["store address and status address mismatch the host, we will use the store address as hostname"] [store=4] ["status address"=http://0.0.0.0:20180] ["node address"=http://tc-tikv-1.tc-tikv-peer.testbed-tps-8220955-1-213.svc.cluster.local:20160] ["request address"=http://tc-tikv-1.tc-tikv-peer.testbed-tps-8220955-1-213.svc.cluster.local:20180]
[2026/07/13 06:22:45.768 +00:00] [INFO] [import_into.go:380] ["import into action start"] [conn=2778726420] [session_alias=] [jobID=90002] [action="\"cancel\""]
[2026/07/13 06:23:30.248 +00:00] [INFO] [gc_worker.go:405] ["there's already a gc job running, skipped"] [category="gc worker"] ["leaderTick on"=67d688981ec0001]
[2026/07/13 06:23:42.051 +00:00] [WARN] [util.go:226] ["store address and status address mismatch the host, we will use the store address as hostname"] [store=1] ["status address"=http://0.0.0.0:20180] ["node address"=http://tc-tikv-0.tc-tikv-peer.testbed-tps-8220955-1-213.svc.cluster.local:20160] ["request address"=http://tc-tikv-0.tc-tikv-peer.testbed-tps-8220955-1-213.svc.cluster.local:20180]
[2026/07/13 06:23:42.051 +00:00] [WARN] [util.go:226] ["store address and status address mismatch the host, we will use the store address as hostname"] [store=4] ["status address"=http://0.0.0.0:20180] ["node address"=http://tc-tikv-1.tc-tikv-peer.testbed-tps-8220955-1-213.svc.cluster.local:20160] ["request address"=http://tc-tikv-1.tc-tikv-peer.testbed-tps-8220955-1-213.svc.cluster.local:20180]
[2026/07/13 06:23:42.052 +00:00] [WARN] [util.go:226] ["store address and status address mismatch the host, we will use the store address as hostname"] [store=5] ["status address"=http://0.0.0.0:20180] ["node address"=http://tc-tikv-2.tc-tikv-peer.testbed-tps-8220955-1-213.svc.cluster.local:20160] ["request address"=http://tc-tikv-2.tc-tikv-peer.testbed-tps-8220955-1-213.svc.cluster.local:20180]
[2026/07/13 06:23:45.828 +00:00] [WARN] [expensivequery.go:154] [expensive_query] [cost_time=60.060506751s] [conn=2778726420] [user=root] [txn_start_ts=0] [mem_max="0 Bytes (0 Bytes)"] [sql="CANCEL IMPORT JOB 90002"] [session_alias=] ["affected rows"=0]
[2026/07/13 06:24:02.689 +00:00] [INFO] [server.go:1044] [kill] [conn=2778726420] [query=true] [maxExecutionTime=false] [runawayExceed=false]
[2026/07/13 06:24:02.690 +00:00] [WARN] [sqlkiller.go:126] ["kill initiated"] ["connection ID"=2778726420] [reason="[executor:1317]Query execution was interrupted"]
[2026/07/13 06:24:02.691 +00:00] [WARN] [sqlkiller.go:248] ["kill finished"] [conn=2778726420]
[2026/07/13 06:24:02.691 +00:00] [INFO] [tidb.go:309] ["rollbackTxn called due to ddl/autocommit failure"]
[2026/07/13 06:24:02.691 +00:00] [WARN] [session.go:2726] ["run statement failed"] [conn=2778726420] [session_alias=] [schemaVersion=9087] [error="context canceled"] [session="{\n  \"currDBName\": \"\",\n  \"id\": 2778726420,\n  \"status\": 2,\n  \"strictMode\": true,\n  \"user\": {\n    \"Username\": \"root\",\n    \"Hostname\": \"127.0.0.1\",\n    \"CurrentUser\": false,\n    \"AuthUsername\": \"root\",\n    \"AuthHostname\": \"%\",\n    \"AuthPlugin\": \"mysql_native_password\"\n  }\n}"]
[2026/07/13 06:24:02.691 +00:00] [WARN] [conn.go:1326] ["command dispatched failed"] [conn=2778726420] [session_alias=] [connInfo="id:2778726420, addr:127.0.0.1:38834 status:10, collation:utf8mb4_0900_ai_ci, user:root"] [command=Query] [status="inTxn:0, autocommit:1"] [sql="CANCEL IMPORT JOB 90002"] [txn_mode=PESSIMISTIC] [timestamp=0] [err="context canceled"]
[2026/07/13 06:24:10.269 +00:00] [INFO] [gc_worker.go:1222] ["start resolve locks"] [category="gc worker"] [uuid=67d688981ec0001] [txnSafePoint=467644750299660288] [concurrency=3]
[2026/07/13 06:24:10.272 +00:00] [INFO] [range_task.go:168] ["range task started"] [name=resolve-locks-runner] [startKey=] [endKey=72] [concurrency=3]
[2026/07/13 06:24:10.274 +00:00] [INFO] [range_task.go:277] ["range task finished"] [name=resolve-locks-runner] [startKey=] [endKey=72] ["cost time"=1.638677ms] ["completed regions"=1]
[2026/07/13 06:24:10.274 +00:00] [INFO] [range_task.go:168] ["range task started"] [name=resolve-locks-runner] [startKey=73] [endKey=78] [concurrency=3]
[2026/07/13 06:24:10.310 +00:00] [INFO] [range_task.go:277] ["range task finished"] [name=resolve-locks-runner] [startKey=73] [endKey=78] ["cost time"=35.569603ms] ["completed regions"=72]
[2026/07/13 06:24:10.310 +00:00] [INFO] [range_task.go:168] ["range task started"] [name=resolve-locks-runner] [startKey=79] [endKey=] [concurrency=3]
[2026/07/13 06:24:10.310 +00:00] [INFO] [range_task.go:277] ["range task finished"] [name=resolve-locks-runner] [startKey=79] [endKey=] ["cost time"=663.392µs] ["completed regions"=1]
[2026/07/13 06:24:10.311 +00:00] [INFO] [range_task.go:168] ["range task started"] [name=resolve-locks-runner] [startKey=78000000] [endKey=78000001] [concurrency=3]
[2026/07/13 06:24:10.312 +00:00] [INFO] [range_task.go:277] ["range task finished"] [name=resolve-locks-runner] [startKey=78000000] [endKey=78000001] ["cost time"=585.366µs] ["completed regions"=1]
[2026/07/13 06:24:10.332 +00:00] [INFO] [gc_worker.go:867] ["start delete ranges"] [category="gc worker"] [uuid=67d688981ec0001] [ranges=2]
[2026/07/13 06:24:10.336 +00:00] [INFO] [info.go:1010] [DeleteTiFlashPlacementRules] [physicalTableIDs="[5472]"]
[2026/07/13 06:24:10.346 +00:00] [INFO] [info.go:1010] [DeleteTiFlashPlacementRules] [physicalTableIDs="[5483]"]
[2026/07/13 06:24:10.350 +00:00] [INFO] [gc_worker.go:941] ["finish delete ranges"] [category="gc worker"] [uuid=67d688981ec0001] ["num of ranges"=2] ["cost time"=18.410561ms]
[2026/07/13 06:24:10.353 +00:00] [INFO] [gc_worker.go:991] ["start redo-delete ranges"] [category="gc worker"] [uuid=67d688981ec0001] ["num of ranges"=0]
[2026/07/13 06:24:10.353 +00:00] [INFO] [gc_worker.go:1034] ["finish redo-delete ranges"] [category="gc worker"] [uuid=67d688981ec0001] ["num of ranges"=0] ["cost time"=788ns]
[2026/07/13 06:24:27.655 +00:00] [INFO] [coprocessor.go:1915] ["[TIME_COP_WAIT] resp_time:392.459813ms txnStartTS:467644938256908290 region_id:93990 store_addr:tc-tikv-1.tc-tikv-peer.testbed-tps-8220955-1-213.svc.cluster.local:20160 stats:Cop:{num_rpc:1, total_time:392.4ms} kv_process_ms:0 kv_wait_ms:0 kv_read_ms:0 processed_versions:0 total_versions:55 rocksdb_delete_skipped_count:27 rocksdb_key_skipped_count:135 rocksdb_cache_hit_count:2 rocksdb_read_count:0 rocksdb_read_byte:0"]
[2026/07/13 06:24:38.826 +00:00] [INFO] [coprocessor.go:1915] ["[TIME_COP_WAIT] resp_time:456.527793ms txnStartTS:467644941166968834 region_id:93990 store_addr:tc-tikv-1.tc-tikv-peer.testbed-tps-8220955-1-213.svc.cluster.local:20160 stats:Cop:{num_rpc:1, total_time:456.5ms} kv_process_ms:0 kv_wait_ms:0 kv_read_ms:0 processed_versions:4 total_versions:226 rocksdb_delete_skipped_count:47 rocksdb_key_skipped_count:612 rocksdb_cache_hit_count:4 rocksdb_read_count:0 rocksdb_read_byte:0"]
[2026/07/13 06:24:40.535 +00:00] [INFO] [coprocessor.go:1915] ["[TIME_COP_WAIT] resp_time:489.380303ms txnStartTS:467644941599506435 region_id:608 store_addr:tc-tikv-2.tc-tikv-peer.testbed-tps-8220955-1-213.svc.cluster.local:20160 stats:Cop:{num_rpc:1, total_time:489.4ms} kv_process_ms:0 kv_wait_ms:0 kv_read_ms:0 processed_versions:0 total_versions:1 rocksdb_delete_skipped_count:0 rocksdb_key_skipped_count:0 rocksdb_cache_hit_count:4 rocksdb_read_count:0 rocksdb_read_byte:0"]
[2026/07/13 06:24:40.537 +00:00] [INFO] [coprocessor.go:1915] ["[TIME_COP_WAIT] resp_time:311.017076ms txnStartTS:467644941651935233 region_id:608 store_addr:tc-tikv-2.tc-tikv-peer.testbed-tps-8220955-1-213.svc.cluster.local:20160 stats:Cop:{num_rpc:1, total_time:311ms} kv_process_ms:0 kv_wait_ms:0 kv_read_ms:0 processed_versions:0 total_versions:1 rocksdb_delete_skipped_count:0 rocksdb_key_skipped_count:0 rocksdb_cache_hit_count:4 rocksdb_read_count:0 rocksdb_read_byte:0"]
[2026/07/13 06:24:42.050 +00:00] [WARN] [util.go:226] ["store address and status address mismatch the host, we will use the store address as hostname"] [store=4] ["status address"=http://0.0.0.0:20180] ["node address"=http://tc-tikv-1.tc-tikv-peer.testbed-tps-8220955-1-213.svc.cluster.local:20160] ["request address"=http://tc-tikv-1.tc-tikv-peer.testbed-tps-8220955-1-213.svc.cluster.local:20180]
[2026/07/13 06:24:42.051 +00:00] [WARN] [util.go:226] ["store address and status address mismatch the host, we will use the store address as hostname"] [store=5] ["status address"=http://0.0.0.0:20180] ["node address"=http://tc-tikv-2.tc-tikv-peer.testbed-tps-8220955-1-213.svc.cluster.local:20160] ["request address"=http://tc-tikv-2.tc-tikv-peer.testbed-tps-8220955-1-213.svc.cluster.local:20180]
[2026/07/13 06:24:42.052 +00:00] [WARN] [util.go:226] ["store address and status address mismatch the host, we will use the store address as hostname"] [store=1] ["status address"=http://0.0.0.0:20180] ["node address"=http://tc-tikv-0.tc-tikv-peer.testbed-tps-8220955-1-213.svc.cluster.local:20160] ["request address"=http://tc-tikv-0.tc-tikv-peer.testbed-tps-8220955-1-213.svc.cluster.local:20180]
[2026/07/13 06:24:43.209 +00:00] [INFO] [signal_posix.go:84] ["got signal to exit"] [signal=terminated]
[2026/07/13 06:24:43.209 +00:00] [INFO] [server.go:652] ["setting tidb-server to report unhealthy (shutting-down)"]
[2026/07/13 06:24:43.210 +00:00] [WARN] [http_status.go:647] ["start status/rpc server error"] [error="accept tcp [::]:18082: use of closed network connection"]
[2026/07/13 06:24:43.210 +00:00] [WARN] [http_status.go:637] ["grpc server error"] [error="mux: server closed"]
[2026/07/13 06:24:43.210 +00:00] [WARN] [http_status.go:642] ["http server error"] [error="http: Server closed"]
[2026/07/13 06:24:43.210 +00:00] [INFO] [manager.go:420] ["watch owner finished"] [key=tidb/autoid/leader] [id=10.200.11.9:18082] []
[2026/07/13 06:24:43.210 +00:00] [INFO] [manager.go:333] ["retire owner"] [key=tidb/autoid/leader] [id=10.200.11.9:18082]
[2026/07/13 06:24:43.210 +00:00] [INFO] [manager.go:424] ["is not the owner"] [key=tidb/autoid/leader] [id=10.200.11.9:18082]
[2026/07/13 06:24:43.210 +00:00] [INFO] [manager.go:385] ["break campaign loop, context is done"] [key=tidb/autoid/leader] [id=10.200.11.9:18082]
[2026/07/13 06:24:43.211 +00:00] [INFO] [server.go:1139] ["start drain clients"]
[2026/07/13 06:24:43.211 +00:00] [INFO] [server.go:1183] ["all sessions quit in drain wait time"]
[2026/07/13 06:24:43.211 +00:00] [INFO] [server.go:1115] ["kill all connections."] [category=server]
[2026/07/13 06:24:43.211 +00:00] [INFO] [cpu.go:112] ["sql cpu collector stopped"]
[2026/07/13 06:24:43.211 +00:00] [INFO] [job_scheduler.go:268] ["scheduleLoop quit due to context canceled"] [category=ddl]
[2026/07/13 06:24:43.211 +00:00] [INFO] [syncer.go:488] ["schema version sync loop interrupted, retrying..."] [category=ddl]
[2026/07/13 06:24:43.211 +00:00] [INFO] [manager.go:420] ["watch owner finished"] [key=/tidb/ddl/fg/owner] [id=51d9d750-055f-45b4-b385-ca47d7519180] []
[2026/07/13 06:24:43.211 +00:00] [INFO] [manager.go:333] ["retire owner"] [key=/tidb/ddl/fg/owner] [id=51d9d750-055f-45b4-b385-ca47d7519180]
[2026/07/13 06:24:43.211 +00:00] [INFO] [ddl_workerpool.go:78] ["closing workerPool"] [category=ddl]
[2026/07/13 06:24:43.211 +00:00] [INFO] [ddl_workerpool.go:78] ["closing workerPool"] [category=ddl]
[2026/07/13 06:24:43.211 +00:00] [INFO] [job_worker.go:267] ["DDL worker closed"] [category=ddl] [worker="worker 1, tp general"] ["take time"=5.831µs]
[2026/07/13 06:24:43.211 +00:00] [INFO] [job_worker.go:267] ["DDL worker closed"] [category=ddl] [worker="worker 2, tp general"] ["take time"=4.433µs]
[2026/07/13 06:24:43.211 +00:00] [INFO] [job_worker.go:267] ["DDL worker closed"] [category=ddl] [worker="worker 3, tp general"] ["take time"=3.314µs]
[2026/07/13 06:24:43.211 +00:00] [INFO] [job_worker.go:267] ["DDL worker closed"] [category=ddl] [worker="worker 4, tp general"] ["take time"=3.905µs]
[2026/07/13 06:24:43.211 +00:00] [INFO] [job_worker.go:267] ["DDL worker closed"] [category=ddl] [worker="worker 5, tp general"] ["take time"=3.879µs]
[2026/07/13 06:24:43.211 +00:00] [INFO] [job_worker.go:267] ["DDL worker closed"] [category=ddl] [worker="worker 6, tp general"] ["take time"=3.68µs]
[2026/07/13 06:24:43.211 +00:00] [INFO] [job_worker.go:267] ["DDL worker closed"] [category=ddl] [worker="worker 7, tp general"] ["take time"=4.47µs]
[2026/07/13 06:24:43.211 +00:00] [INFO] [job_worker.go:267] ["DDL worker closed"] [category=ddl] [worker="worker 8, tp general"] ["take time"=4.415µs]
[2026/07/13 06:24:43.211 +00:00] [INFO] [manager.go:424] ["is not the owner"] [key=/tidb/ddl/fg/owner] [id=51d9d750-055f-45b4-b385-ca47d7519180]
[2026/07/13 06:24:43.211 +00:00] [INFO] [manager.go:385] ["break campaign loop, context is done"] [key=/tidb/ddl/fg/owner] [id=51d9d750-055f-45b4-b385-ca47d7519180]
[2026/07/13 06:24:43.212 +00:00] [INFO] [delete_range.go:162] ["closing delRange"] [category=ddl]
[2026/07/13 06:24:43.212 +00:00] [INFO] [session_pool.go:133] ["closing session pool"] [category=ddl]
[2026/07/13 06:24:43.213 +00:00] [INFO] [ddl.go:1159] ["DDL closed"] [category=ddl] [ID=51d9d750-055f-45b4-b385-ca47d7519180] ["take time"=1.576104ms]
[2026/07/13 06:24:43.213 +00:00] [INFO] [ddl.go:850] ["stop DDL"] [category=ddl] [ID=51d9d750-055f-45b4-b385-ca47d7519180]
[2026/07/13 06:24:43.213 +00:00] [INFO] [domain.go:483] ["stopping ttlJobManager"]
[2026/07/13 06:24:43.213 +00:00] [INFO] [runtime.go:202] ["TimerGroupRuntime loop exit"] [groupID=ttl]
[2026/07/13 06:24:43.213 +00:00] [INFO] [notifier.go:227] ["etcd notify loop to watch timer events stopped"] [EtcdKey=/tidb/timer/cluster/1/notify/21e330d8-6a54-4e3c-8e06-e0c9ab6a37d6]
[2026/07/13 06:24:43.213 +00:00] [INFO] [notifier.go:142] ["etcd watcher exited to watch timer events"] [EtcdKey=/tidb/timer/cluster/1/notify/21e330d8-6a54-4e3c-8e06-e0c9ab6a37d6] [watcherID=177e9228-a298-4432-ad00-1414f362ed2a]
[2026/07/13 06:24:43.213 +00:00] [INFO] [task_manager.go:225] ["shrink ttl worker"] [ttl-worker=job-manager] [ttl-worker=task-manager] [originalCount=4] [newCount=0]
[2026/07/13 06:24:43.213 +00:00] [INFO] [scan.go:379] ["ttlScanWorker loop exited."]
[2026/07/13 06:24:43.213 +00:00] [INFO] [scan.go:379] ["ttlScanWorker loop exited."]
[2026/07/13 06:24:43.213 +00:00] [INFO] [scan.go:379] ["ttlScanWorker loop exited."]
[2026/07/13 06:24:43.213 +00:00] [INFO] [scan.go:379] ["ttlScanWorker loop exited."]
[2026/07/13 06:24:43.213 +00:00] [INFO] [task_manager.go:225] ["shrink ttl worker"] [ttl-worker=job-manager] [ttl-worker=task-manager] [originalCount=4] [newCount=0]
[2026/07/13 06:24:43.213 +00:00] [INFO] [del.go:344] ["ttlDeleteWorker loop exited."]
[2026/07/13 06:24:43.213 +00:00] [INFO] [del.go:344] ["ttlDeleteWorker loop exited."]
[2026/07/13 06:24:43.214 +00:00] [INFO] [del.go:344] ["ttlDeleteWorker loop exited."]
[2026/07/13 06:24:43.214 +00:00] [INFO] [del.go:344] ["ttlDeleteWorker loop exited."]
[2026/07/13 06:24:43.214 +00:00] [INFO] [job_manager.go:183] ["ttlJobManager loop exited."] [ttl-worker=job-manager]
[2026/07/13 06:24:43.214 +00:00] [INFO] [job_manager.go:168] ["ttlJobManager loop exited."] [ttl-worker=job-manager]
[2026/07/13 06:24:43.214 +00:00] [INFO] [domain.go:494] ["ttlJobManager exited."]
[2026/07/13 06:24:43.214 +00:00] [INFO] [domain.go:2857] ["serverIDSession need restart"]
[2026/07/13 06:24:43.215 +00:00] [INFO] [domain.go:2722] ["releaseServerID succeed"] [serverID=1325] [leaseID=7946213782937720362]
[2026/07/13 06:24:43.215 +00:00] [INFO] [domain.go:2789] ["serverIDKeeper exited."]
[2026/07/13 06:24:43.215 +00:00] [INFO] [manager.go:241] ["runaway watch sync loop exit"]
[2026/07/13 06:24:43.215 +00:00] [INFO] [wait_group_wrapper.go:150] ["background process exited"] [source=domain] [process=runawayWatchSyncLoop]
[2026/07/13 06:24:43.215 +00:00] [INFO] [flusher.go:89] ["flushing remaining records before stop"] [name=runaway-record]
[2026/07/13 06:24:43.215 +00:00] [INFO] [flusher.go:91] ["stopped flusher"] [name=runaway-record]
[2026/07/13 06:24:43.215 +00:00] [INFO] [flusher.go:89] ["flushing remaining records before stop"] [name=quarantine-record]
[2026/07/13 06:24:43.215 +00:00] [INFO] [flusher.go:91] ["stopped flusher"] [name=quarantine-record]
[2026/07/13 06:24:43.215 +00:00] [INFO] [flusher.go:89] ["flushing remaining records before stop"] [name=stale-quarantine-record]
[2026/07/13 06:24:43.215 +00:00] [INFO] [flusher.go:91] ["stopped flusher"] [name=stale-quarantine-record]
[2026/07/13 06:24:43.215 +00:00] [INFO] [manager.go:205] ["runaway record flush loop exit"]
[2026/07/13 06:24:43.215 +00:00] [INFO] [wait_group_wrapper.go:150] ["background process exited"] [source=domain] [process=runawayRecordFlushLoop]
[2026/07/13 06:24:43.215 +00:00] [INFO] [domain.go:2182] ["gcStatsWorker ready to release owner"]
[2026/07/13 06:24:43.215 +00:00] [INFO] [domain.go:2321] ["autoAnalyzeWorker exited."] [category=stats]
[2026/07/13 06:24:43.215 +00:00] [INFO] [wait_group_wrapper.go:150] ["background process exited"] [source=domain] [process=autoAnalyzeWorker]
[2026/07/13 06:24:43.215 +00:00] [INFO] [domain.go:1236] ["stopping dist task scheduler manager because the current node is not DDL owner anymore"] [id=51d9d750-055f-45b4-b385-ca47d7519180]
[2026/07/13 06:24:43.215 +00:00] [INFO] [scheduler_manager.go:333] ["subtask history table gc loop exits"]
[2026/07/13 06:24:43.215 +00:00] [INFO] [domain.go:2136] ["asyncLoadStats exited."]
[2026/07/13 06:24:43.215 +00:00] [INFO] [wait_group_wrapper.go:150] ["background process exited"] [source=domain] [process=asyncLoadHistogram]
[2026/07/13 06:24:43.215 +00:00] [INFO] [domain.go:2103] ["loadStatsWorker exited."]
[2026/07/13 06:24:43.215 +00:00] [INFO] [wait_group_wrapper.go:150] ["background process exited"] [source=domain] [process=loadStatsWorker]
[2026/07/13 06:24:43.217 +00:00] [INFO] [domain.go:1796] ["PlanReplayerTaskCollectHandle exited."]
[2026/07/13 06:24:43.217 +00:00] [INFO] [wait_group_wrapper.go:150] ["background process exited"] [source=domain] [process=PlanReplayerTaskCollectHandle]
[2026/07/13 06:24:43.217 +00:00] [INFO] [domain.go:2934] ["planCacheEvictTrigger exited."]
[2026/07/13 06:24:43.217 +00:00] [INFO] [wait_group_wrapper.go:150] ["background process exited"] [source=domain] [process=planCacheEvictTrigger]
[2026/07/13 06:24:43.217 +00:00] [INFO] [domain.go:2903] ["planCacheMetricsAndVars exited."]
[2026/07/13 06:24:43.217 +00:00] [INFO] [wait_group_wrapper.go:150] ["background process exited"] [source=domain] [process=planCacheMetricsAndVars]
[2026/07/13 06:24:43.217 +00:00] [INFO] [domain.go:1466] ["LoadSysVarCacheLoop exited."]
[2026/07/13 06:24:43.217 +00:00] [INFO] [wait_group_wrapper.go:150] ["background process exited"] [source=domain] [process=LoadSysVarCacheLoop]
[2026/07/13 06:24:43.217 +00:00] [INFO] [syncer.go:245] ["server info sync loop exited."]
[2026/07/13 06:24:43.217 +00:00] [INFO] [wait_group_wrapper.go:150] ["background process exited"] [source=domain] [process=infoSyncerKeeper]
[2026/07/13 06:24:43.218 +00:00] [INFO] [syncer.go:379] ["topology sync loop exited."]
[2026/07/13 06:24:43.218 +00:00] [INFO] [wait_group_wrapper.go:150] ["background process exited"] [source=domain] [process=topologySyncerKeeper]
[2026/07/13 06:24:43.218 +00:00] [INFO] [domain.go:2208] ["deltaUpdateTicker is going to exit, start to flush stats"]
[2026/07/13 06:24:43.218 +00:00] [INFO] [stats_syncload.go:255] ["SubLoadWorker: exits now because the domain is closed."] [category=stats]
[2026/07/13 06:24:43.218 +00:00] [INFO] [stats_syncload.go:245] ["SubLoadWorker: exited."] [category=stats]
[2026/07/13 06:24:43.218 +00:00] [INFO] [stats_syncload.go:255] ["SubLoadWorker: exits now because the domain is closed."] [category=stats]
[2026/07/13 06:24:43.218 +00:00] [INFO] [stats_syncload.go:245] ["SubLoadWorker: exited."] [category=stats]
[2026/07/13 06:24:43.218 +00:00] [INFO] [stats_syncload.go:255] ["SubLoadWorker: exits now because the domain is closed."] [category=stats]
[2026/07/13 06:24:43.218 +00:00] [INFO] [stats_syncload.go:245] ["SubLoadWorker: exited."] [category=stats]
[2026/07/13 06:24:43.218 +00:00] [INFO] [stats_syncload.go:255] ["SubLoadWorker: exits now because the domain is closed."] [category=stats]
[2026/07/13 06:24:43.218 +00:00] [INFO] [stats_syncload.go:245] ["SubLoadWorker: exited."] [category=stats]
[2026/07/13 06:24:43.218 +00:00] [INFO] [stats_syncload.go:255] ["SubLoadWorker: exits now because the domain is closed."] [category=stats]
[2026/07/13 06:24:43.218 +00:00] [INFO] [stats_syncload.go:245] ["SubLoadWorker: exited."] [category=stats]
[2026/07/13 06:24:43.218 +00:00] [INFO] [domain.go:2385] ["analyzeJobsCleanupWorker exited."]
[2026/07/13 06:24:43.219 +00:00] [INFO] [wait_group_wrapper.go:150] ["background process exited"] [source=domain] [process=analyzeJobsCleanupWorker]
[2026/07/13 06:24:43.219 +00:00] [INFO] [wait_group_wrapper.go:150] ["background process exited"] [source=domain] [process=loadSigningCertLoop]
[2026/07/13 06:24:43.219 +00:00] [INFO] [domain.go:2978] ["readTableCostWorker exited."]
[2026/07/13 06:24:43.219 +00:00] [INFO] [wait_group_wrapper.go:150] ["background process exited"] [source=domain] [process=readTableCostWorker]
[2026/07/13 06:24:43.219 +00:00] [INFO] [domain.go:2271] ["dumpColStatsUsageWorker exited."]
[2026/07/13 06:24:43.219 +00:00] [INFO] [wait_group_wrapper.go:150] ["background process exited"] [source=domain] [process=dumpColStatsUsageWorker]
[2026/07/13 06:24:43.219 +00:00] [INFO] [domain.go:2163] ["indexUsageWorker exited."]
[2026/07/13 06:24:43.219 +00:00] [INFO] [wait_group_wrapper.go:150] ["background process exited"] [source=domain] [process=indexUsageWorker]
[2026/07/13 06:24:43.219 +00:00] [INFO] [domain.go:1881] ["HistoricalStatsWorker exited."]
[2026/07/13 06:24:43.219 +00:00] [INFO] [wait_group_wrapper.go:150] ["background process exited"] [source=domain] [process=HistoricalStatsWorker]
[2026/07/13 06:24:43.219 +00:00] [INFO] [domain.go:1850] ["dumpFileGcChecker exited."]
[2026/07/13 06:24:43.219 +00:00] [INFO] [wait_group_wrapper.go:150] ["background process exited"] [source=domain] [process=dumpFileGcChecker]
[2026/07/13 06:24:43.219 +00:00] [INFO] [domain.go:1816] ["PlanReplayerTaskDumpHandle exited."]
[2026/07/13 06:24:43.219 +00:00] [INFO] [wait_group_wrapper.go:150] ["background process exited"] [source=domain] [process=PlanReplayerTaskDumpHandle]
[2026/07/13 06:24:43.219 +00:00] [INFO] [plan_replayer.go:411] ["planReplayerTaskDumpWorker exited."]
[2026/07/13 06:24:43.219 +00:00] [INFO] [domain.go:1392] ["loadPrivilegeInLoop exited."]
[2026/07/13 06:24:43.219 +00:00] [INFO] [wait_group_wrapper.go:150] ["background process exited"] [source=domain] [process=loadPrivilegeInLoop]
[2026/07/13 06:24:43.219 +00:00] [INFO] [wait_group_wrapper.go:150] ["background process exited"] [source=domain] [process=requestUnitsWriterLoop]
[2026/07/13 06:24:43.219 +00:00] [INFO] [domain.go:418] ["globalConfigSyncerKeeper exited."]
[2026/07/13 06:24:43.219 +00:00] [INFO] [wait_group_wrapper.go:150] ["background process exited"] [source=domain] [process=globalConfigSyncerKeeper]
[2026/07/13 06:24:43.219 +00:00] [INFO] [manager.go:420] ["watch owner finished"] [key=/tidb/br-stream/owner] [id=156f2cf2-7ac8-4a21-80dd-98f5cf4a9625] []
[2026/07/13 06:24:43.219 +00:00] [INFO] [manager.go:333] ["retire owner"] [key=/tidb/br-stream/owner] [id=156f2cf2-7ac8-4a21-80dd-98f5cf4a9625]
[2026/07/13 06:24:43.219 +00:00] [INFO] [manager.go:424] ["is not the owner"] [key=/tidb/br-stream/owner] [id=156f2cf2-7ac8-4a21-80dd-98f5cf4a9625]
[2026/07/13 06:24:43.219 +00:00] [INFO] [manager.go:385] ["break campaign loop, context is done"] [key=/tidb/br-stream/owner] [id=156f2cf2-7ac8-4a21-80dd-98f5cf4a9625]
[2026/07/13 06:24:43.219 +00:00] [INFO] [manager.go:420] ["watch owner finished"] [key=/tidb/stats/owner] [id=51d9d750-055f-45b4-b385-ca47d7519180] []
[2026/07/13 06:24:43.219 +00:00] [INFO] [manager.go:333] ["retire owner"] [key=/tidb/stats/owner] [id=51d9d750-055f-45b4-b385-ca47d7519180]
[2026/07/13 06:24:43.219 +00:00] [INFO] [manager.go:424] ["is not the owner"] [key=/tidb/stats/owner] [id=51d9d750-055f-45b4-b385-ca47d7519180]
[2026/07/13 06:24:43.219 +00:00] [INFO] [manager.go:385] ["break campaign loop, context is done"] [key=/tidb/stats/owner] [id=51d9d750-055f-45b4-b385-ca47d7519180]
[2026/07/13 06:24:43.219 +00:00] [INFO] [scheduler.go:191] ["schedule task exits"] [task-id=810002] [task-key=ImportInto/90002]
[2026/07/13 06:24:43.219 +00:00] [INFO] [scheduler_manager.go:392] ["task scheduler exit"] [task-id=810002] [task-key=ImportInto/90002]
[2026/07/13 06:24:43.219 +00:00] [INFO] [scheduler_manager.go:222] ["schedule task loop exits"]
[2026/07/13 06:24:43.219 +00:00] [INFO] [scheduler_manager.go:496] ["collect loop exits"]
[2026/07/13 06:24:43.219 +00:00] [INFO] [scheduler_manager.go:409] ["cleanup loop exits"]
[2026/07/13 06:24:43.219 +00:00] [INFO] [domain.go:1238] ["dist task scheduler manager stopped"] [id=51d9d750-055f-45b4-b385-ca47d7519180]
[2026/07/13 06:24:43.219 +00:00] [INFO] [domain.go:1221] ["stopping dist task executor manager"]
[2026/07/13 06:24:43.219 +00:00] [INFO] [manager.go:285] ["recoverMetaLoop done"]
[2026/07/13 06:24:43.219 +00:00] [INFO] [manager.go:420] ["watch owner finished"] [key=/tidb/bindinfo/owner] [id=51d9d750-055f-45b4-b385-ca47d7519180] []
[2026/07/13 06:24:43.219 +00:00] [INFO] [manager.go:333] ["retire owner"] [key=/tidb/bindinfo/owner] [id=51d9d750-055f-45b4-b385-ca47d7519180]
[2026/07/13 06:24:43.219 +00:00] [INFO] [manager.go:424] ["is not the owner"] [key=/tidb/bindinfo/owner] [id=51d9d750-055f-45b4-b385-ca47d7519180]
[2026/07/13 06:24:43.219 +00:00] [INFO] [manager.go:385] ["break campaign loop, context is done"] [key=/tidb/bindinfo/owner] [id=51d9d750-055f-45b4-b385-ca47d7519180]
[2026/07/13 06:24:43.219 +00:00] [INFO] [manager.go:157] ["handle tasks loop done"]
[2026/07/13 06:24:43.219 +00:00] [INFO] [domain.go:1223] ["dist task executor manager stopped"]
[2026/07/13 06:24:43.219 +00:00] [INFO] [wait_group_wrapper.go:150] ["background process exited"] [source=domain] [process=distTaskFrameworkLoop]
[2026/07/13 06:24:43.220 +00:00] [INFO] [domain.go:2214] ["deltaUpdateTicker exit preprocessing finished"]
[2026/07/13 06:24:43.220 +00:00] [INFO] [wait_group_wrapper.go:150] ["background process exited"] [source=domain] [process=deltaUpdateTickerWorker]
[2026/07/13 06:24:43.220 +00:00] [INFO] [domain.go:2195] ["gcStatsWorker exit preprocessing finished"]
[2026/07/13 06:24:43.220 +00:00] [INFO] [domain.go:2235] ["gcStatsWorker exited."]
[2026/07/13 06:24:43.220 +00:00] [INFO] [wait_group_wrapper.go:150] ["background process exited"] [source=domain] [process=gcStatsWorker]
[2026/07/13 06:24:43.220 +00:00] [INFO] [domain.go:390] ["topNSlowQueryLoop exited."]
[2026/07/13 06:24:43.220 +00:00] [INFO] [wait_group_wrapper.go:150] ["background process exited"] [source=domain] [process=topNSlowQueryLoop]
[2026/07/13 06:24:43.220 +00:00] [INFO] [wait_group_wrapper.go:150] ["background process exited"] [source=domain] [process=mdlCheckLoop]
[2026/07/13 06:24:43.220 +00:00] [INFO] [owner_daemon.go:87] ["daemon loop exits"] [id=156f2cf2-7ac8-4a21-80dd-98f5cf4a9625] [daemon-id=LogBackup::Advancer]
[2026/07/13 06:24:43.220 +00:00] [INFO] [wait_group_wrapper.go:150] ["background process exited"] [source=domain] [process=logBackupAdvancer]
[2026/07/13 06:24:43.220 +00:00] [INFO] [syncer.go:304] ["info schema sync loop exited."]
[2026/07/13 06:24:43.220 +00:00] [INFO] [wait_group_wrapper.go:150] ["background process exited"] [source=domain] [process=loadSchemaInLoop]
[2026/07/13 06:24:43.220 +00:00] [INFO] [domain.go:978] ["closestReplicaReadCheckLoop exited."]
[2026/07/13 06:24:43.220 +00:00] [INFO] [wait_group_wrapper.go:150] ["background process exited"] [source=domain] [process=closestReplicaReadCheckLoop]
[2026/07/13 06:24:43.220 +00:00] [INFO] [manager.go:431] ["etcd session close failed"] [key=/tidb/bindinfo/owner] [id=51d9d750-055f-45b4-b385-ca47d7519180] [error="context canceled"]
[2026/07/13 06:24:43.220 +00:00] [INFO] [domain.go:1605] ["globalBindHandleWorkerLoop exited."]
[2026/07/13 06:24:43.220 +00:00] [INFO] [wait_group_wrapper.go:150] ["background process exited"] [source=domain] [process=globalBindHandleWorkerLoop]
[2026/07/13 06:24:43.221 +00:00] [INFO] [flush_subscriber.go:123] [Clearing.] [category="log backup flush subscriber"] [timeout=1m0s]
[2026/07/13 06:24:43.221 +00:00] [INFO] [queue.go:715] ["Priority queue stopped"] [category=stats]
[2026/07/13 06:24:43.221 +00:00] [INFO] [advancer_cliext.go:194] ["Start collecting remaining events in the channel."] [category="log backup advancer"] [remained=0]
[2026/07/13 06:24:43.221 +00:00] [INFO] [advancer_cliext.go:199] ["Finish collecting remaining events in the channel."] [category="log backup advancer"]
[2026/07/13 06:24:43.224 +00:00] [INFO] [domain.go:549] ["domain closed"] ["take time"=12.897509ms]
[2026/07/13 06:24:43.225 +00:00] [INFO] [gc_worker.go:243] [quit] [category="gc worker"] [uuid=67d688981ec0001]
[2026/07/13 06:24:43.226 +00:00] [INFO] [client.go:356] ["[pd] http client closed"] [source=tikv-driver]
[2026/07/13 06:24:43.226 +00:00] [INFO] [router_service_discovery.go:262] ["[router service] exit check member loop"]
[2026/07/13 06:24:43.226 +00:00] [INFO] [inner_client.go:96] ["[pd] exit router client initializer"]
[2026/07/13 06:24:43.226 +00:00] [INFO] [service_discovery.go:555] ["[pd] exit member loop due to context canceled"]
[2026/07/13 06:24:43.226 +00:00] [INFO] [dispatcher.go:208] ["[tso] stop fetching the pending tso requests due to context canceled"]
[2026/07/13 06:24:43.226 +00:00] [INFO] [dispatcher.go:150] ["[tso] exit tso dispatcher"]
[2026/07/13 06:24:43.226 +00:00] [INFO] [watcher.go:73] ["[pd] exit the deadline watcher"] [source=tso]
[2026/07/13 06:24:43.226 +00:00] [INFO] [stream.go:360] ["tsoStream.recvLoop ended"] [stream=tc-pd-0.tc-pd-peer.testbed-tps-8220955-1-213.svc.cluster.local:2379-6] [error="rpc error: code = Canceled desc = context canceled"]
[2026/07/13 06:24:43.226 +00:00] [INFO] [client.go:273] ["[tso] exit tso connection contexts updater"]
[2026/07/13 06:24:43.226 +00:00] [INFO] [resource_manager_client.go:341] ["[resource manager] exit resource token dispatcher"]
[2026/07/13 06:24:43.226 +00:00] [INFO] [router_service_discovery.go:276] ["[router service] closing router service discovery"]
[2026/07/13 06:24:43.226 +00:00] [INFO] [router_service_discovery.go:304] ["[router service] exit health check member loop"]
[2026/07/13 06:24:43.226 +00:00] [INFO] [router_service_discovery.go:292] ["[router service] is closed"]
[2026/07/13 06:24:43.226 +00:00] [INFO] [client.go:155] ["[tso] closing tso client"]
[2026/07/13 06:24:43.226 +00:00] [INFO] [client.go:160] ["[tso] close tso client"]
[2026/07/13 06:24:43.226 +00:00] [INFO] [client.go:162] ["[tso] tso client is closed"]
[2026/07/13 06:24:43.226 +00:00] [INFO] [service_discovery.go:646] ["[pd] close service discovery client"]
[2026/07/13 06:24:43.227 +00:00] [INFO] [inner_client.go:275] ["[pd] close client successfully"]
[2026/07/13 06:24:43.227 +00:00] [INFO] [cgmon.go:79] ["cgroup monitor stopped"]
[2026/07/13 06:24:43.227 +00:00] [INFO] [cpuprofile.go:130] ["parallel cpu profiler stopped"]
