=== RUN   TestAINativeIndexJoinInnerAggExpressionGroupSplit
=== RUN   TestAINativeIndexJoinInnerAggExpressionGroupSplit/off
[2026/07/13 01:03:50.973 +08:00] [INFO] [store_cache.go:572] ["change store resolve state"] [store=1] [addr=store1] [from=unresolved] [to=resolved] [liveness-state=reachable]
[2026/07/13 01:03:50.974 +08:00] [INFO] [session.go:4163] ["init DDL tables"] [currVer=0] [targetVer=1]
[2026/07/13 01:03:50.975 +08:00] [INFO] [add_column.go:1339] ["Automatically convert BLOB(65535) to MEDIUMBLOB"] [category=ddl]
[2026/07/13 01:03:50.975 +08:00] [INFO] [add_column.go:1339] ["Automatically convert BLOB(65535) to MEDIUMBLOB"] [category=ddl]
[2026/07/13 01:03:50.975 +08:00] [INFO] [add_column.go:1339] ["Automatically convert BLOB(65535) to MEDIUMBLOB"] [category=ddl]
[2026/07/13 01:03:50.975 +08:00] [INFO] [add_column.go:1339] ["Automatically convert BLOB(65535) to MEDIUMBLOB"] [category=ddl]
[2026/07/13 01:03:50.975 +08:00] [INFO] [session.go:4163] ["init DDL tables"] [currVer=0] [targetVer=2]
[2026/07/13 01:03:50.975 +08:00] [INFO] [add_column.go:1339] ["Automatically convert BLOB(65535) to MEDIUMBLOB"] [category=ddl]
[2026/07/13 01:03:50.975 +08:00] [INFO] [session.go:4163] ["init DDL tables"] [currVer=0] [targetVer=3]
[2026/07/13 01:03:50.976 +08:00] [INFO] [session.go:4163] ["init DDL tables"] [currVer=0] [targetVer=4]
[2026/07/13 01:03:50.976 +08:00] [INFO] [tidb.go:103] ["new domain"] [store=01d04ff0-7dbe-4a24-9449-e9ab907caf50] ["ddl lease"=500ms] ["stats lease"=-1ns]
[2026/07/13 01:03:50.978 +08:00] [WARN] [global_controller.go:237] ["[resource group controller] server does not save config, load config failed"]
[2026/07/13 01:03:50.978 +08:00] [INFO] [global_controller.go:219] ["load resource controller config"] [config="{\"degraded-mode-wait-duration\":\"0s\",\"ltb-max-wait-duration\":\"30s\",\"ltb-token-rpc-max-delay\":\"1s\",\"request-unit\":{\"read-base-cost\":0.125,\"read-per-batch-base-cost\":0.5,\"read-cost-per-byte\":0.0000152587890625,\"write-base-cost\":1,\"write-per-batch-base-cost\":1,\"write-cost-per-byte\":0.0009765625,\"read-cpu-ms-cost\":0.3333333333333333},\"enable-controller-trace-log\":\"false\",\"token-rpc-params\":{\"wait-retry-interval\":\"50ms\",\"wait-retry-times\":20}}"] [ru-config="{\"ReadBaseCost\":0.125,\"ReadPerBatchBaseCost\":0.5,\"ReadBytesCost\":0.0000152587890625,\"WriteBaseCost\":1,\"WritePerBatchBaseCost\":1,\"WriteBytesCost\":0.0009765625,\"CPUMsCost\":0.3333333333333333,\"LTBMaxWaitDuration\":30000000000,\"WaitRetryInterval\":50000000,\"WaitRetryTimes\":20,\"DegradedModeWaitDuration\":0}"] [keyspace-id=4294967295]
[2026/07/13 01:03:50.983 +08:00] [INFO] [loader.go:281] ["full load InfoSchema success"] [mode=auto] [isV2=true] [currentSchemaVersion=0] [neededSchemaVersion=0] ["elapsed time"=3.906958ms]
[2026/07/13 01:03:50.983 +08:00] [INFO] [syncer.go:456] ["full load and reset schema validator"]
[2026/07/13 01:03:50.983 +08:00] [INFO] [ddl.go:883] ["start DDL"] [category=ddl] [ID=e3af3c3a-8d35-4b30-9bdc-51e66c267432] [runWorker=true] [jobVersion=v2] [startMode=bootstrap]
[2026/07/13 01:03:50.983 +08:00] [INFO] [ddl.go:858] ["start delRangeManager OK"] [category=ddl] ["is a emulator"=true]
[2026/07/13 01:03:50.983 +08:00] [INFO] [delete_range.go:172] ["start delRange emulator"] [category=ddl]
[2026/07/13 01:03:50.983 +08:00] [INFO] [mock.go:88] ["owner manager gets owner"] [ownerKey=/tidb/ddl/fg/owner] [ID=e3af3c3a-8d35-4b30-9bdc-51e66c267432]
[2026/07/13 01:03:50.983 +08:00] [INFO] [env.go:123] ["the ingest sorted directory"] [category=ddl-ingest] ["data path"=/tmp/tidb/tmp_ddl-4000]
[2026/07/13 01:03:50.983 +08:00] [WARN] [env.go:61] ["initialize environment failed"] [category=ddl-ingest] ["storage limitation"="only support TiKV storage"] ["current storage"=unistore] ["lightning is initialized"=false]
[2026/07/13 01:03:50.983 +08:00] [INFO] [wait_group_wrapper.go:141] ["background process started"] [source=domain] [process=loadSchemaInLoop]
[2026/07/13 01:03:50.983 +08:00] [INFO] [wait_group_wrapper.go:141] ["background process started"] [source=domain] [process=mdlCheckLoop]
[2026/07/13 01:03:50.983 +08:00] [INFO] [wait_group_wrapper.go:141] ["background process started"] [source=domain] [process=topNSlowQueryLoop]
[2026/07/13 01:03:50.983 +08:00] [INFO] [wait_group_wrapper.go:141] ["background process started"] [source=domain] [process=infoSyncerKeeper]
[2026/07/13 01:03:50.983 +08:00] [INFO] [wait_group_wrapper.go:141] ["background process started"] [source=domain] [process=globalConfigSyncerKeeper]
[2026/07/13 01:03:50.983 +08:00] [INFO] [wait_group_wrapper.go:141] ["background process started"] [source=domain] [process=runawayRecordFlushLoop]
[2026/07/13 01:03:50.983 +08:00] [INFO] [wait_group_wrapper.go:141] ["background process started"] [source=domain] [process=runawayWatchSyncLoop]
[2026/07/13 01:03:50.983 +08:00] [INFO] [wait_group_wrapper.go:141] ["background process started"] [source=domain] [process=requestUnitsWriterLoop]
[2026/07/13 01:03:50.983 +08:00] [INFO] [wait_group_wrapper.go:141] ["background process started"] [source=domain] [process=topologySyncerKeeper]
[2026/07/13 01:03:50.983 +08:00] [INFO] [wait_group_wrapper.go:141] ["background process started"] [source=domain] [process=closestReplicaReadCheckLoop]
[2026/07/13 01:03:50.983 +08:00] [WARN] [domain.go:942] ["pd / etcd client not provided, won't begin Advancer."]
[2026/07/13 01:03:50.984 +08:00] [INFO] [wait_group_wrapper.go:150] ["background process exited"] [source=domain] [process=requestUnitsWriterLoop]
[2026/07/13 01:03:50.983 +08:00] [INFO] [job_scheduler.go:362] ["get global state and global state change"] [category=ddl] [oldState=false] [currState=false]
[2026/07/13 01:03:50.984 +08:00] [INFO] [job_scheduler.go:374] ["the owner sets owner operator value"] [category=ddl] [ownerOp=none]
[2026/07/13 01:03:50.985 +08:00] [INFO] [session.go:5104] ["CRUCIAL OPERATION"] [conn=0] [schemaVersion=0] [cur_db=mysql] [sql="CREATE DATABASE IF NOT EXISTS `mysql`"] [user=]
[2026/07/13 01:03:50.988 +08:00] [WARN] [global_controller.go:819] ["[resource group controller] resource group name does not exist"] [name=default]
[2026/07/13 01:03:50.988 +08:00] [WARN] [global_controller.go:819] ["[resource group controller] resource group name does not exist"] [name=default]
[2026/07/13 01:03:50.989 +08:00] [WARN] [global_controller.go:819] ["[resource group controller] resource group name does not exist"] [name=default]
[2026/07/13 01:03:50.989 +08:00] [INFO] [job_submitter.go:118] ["add DDL jobs"] [category=ddl] ["batch count"=1] [jobs="ID:3, Type:create schema, State:queueing, SchemaState:none, SchemaID:2, TableID:0, RowCount:0, ArgLen:1, start time: 2026-07-13 01:03:50.988 +0800 CST, Err:<nil>, ErrCount:0, SnapshotVersion:0, Version: v2; "] [fast_create=true]
[2026/07/13 01:03:50.989 +08:00] [INFO] [executor.go:7260] ["DDL job submitted"] [category=ddl] [job="ID:3, Type:create schema, State:queueing, SchemaState:none, SchemaID:2, TableID:0, RowCount:0, ArgLen:1, start time: 2026-07-13 01:03:50.988 +0800 CST, Err:<nil>, ErrCount:0, SnapshotVersion:0, Version: v2"] [query="CREATE DATABASE IF NOT EXISTS `sys`"]
[2026/07/13 01:03:50.990 +08:00] [WARN] [global_controller.go:819] ["[resource group controller] resource group name does not exist"] [name=default]
[2026/07/13 01:03:50.990 +08:00] [WARN] [global_controller.go:819] ["[resource group controller] resource group name does not exist"] [name=default]
[2026/07/13 01:03:50.990 +08:00] [INFO] [job_worker.go:854] ["run one job step"] [category=ddl] [jobID=3] [job="ID:3, Type:create schema, State:queueing, SchemaState:none, SchemaID:2, TableID:0, RowCount:0, ArgLen:0, start time: 2026-07-13 01:03:50.988 +0800 CST, Err:<nil>, ErrCount:0, SnapshotVersion:0, Version: v2"]
[2026/07/13 01:03:50.990 +08:00] [WARN] [global_controller.go:819] ["[resource group controller] resource group name does not exist"] [name=default]
[2026/07/13 01:03:50.991 +08:00] [WARN] [global_controller.go:819] ["[resource group controller] resource group name does not exist"] [name=default]
[2026/07/13 01:03:50.991 +08:00] [WARN] [global_controller.go:819] ["[resource group controller] resource group name does not exist"] [name=default]
[2026/07/13 01:03:50.996 +08:00] [INFO] [loader.go:281] ["full load InfoSchema success"] [mode=auto] [isV2=true] [currentSchemaVersion=0] [neededSchemaVersion=1] ["elapsed time"=4.910167ms]
[2026/07/13 01:03:50.996 +08:00] [INFO] [syncer.go:456] ["full load and reset schema validator"]
[2026/07/13 01:03:50.997 +08:00] [INFO] [syncer.go:258] ["session manager is nil"]
[2026/07/13 01:03:50.997 +08:00] [INFO] [syncer.go:281] ["mdl gets lock, update self version to owner"] [jobID=3] [version=1]
[2026/07/13 01:03:50.997 +08:00] [INFO] [schema_version.go:397] ["wait schema version synced success"] [category=ddl] [ver=1] [checkAssumedSvr=false] ["take time"=6.18475ms] [job="ID:3, Type:create schema, State:done, SchemaState:public, SchemaID:2, TableID:0, RowCount:0, ArgLen:1, start time: 2026-07-13 01:03:50.988 +0800 CST, Err:<nil>, ErrCount:0, SnapshotVersion:0, Version: v2"] [summary="server count: 1"]
[2026/07/13 01:03:50.997 +08:00] [WARN] [global_controller.go:819] ["[resource group controller] resource group name does not exist"] [name=default]
[2026/07/13 01:03:50.998 +08:00] [WARN] [global_controller.go:819] ["[resource group controller] resource group name does not exist"] [name=default]
[2026/07/13 01:03:50.998 +08:00] [WARN] [global_controller.go:819] ["[resource group controller] resource group name does not exist"] [name=default]
[2026/07/13 01:03:50.998 +08:00] [WARN] [global_controller.go:819] ["[resource group controller] resource group name does not exist"] [name=default]
[2026/07/13 01:03:50.998 +08:00] [WARN] [global_controller.go:819] ["[resource group controller] resource group name does not exist"] [name=default]
[2026/07/13 01:03:50.998 +08:00] [INFO] [job_worker.go:447] ["finish DDL job"] [category=ddl] [jobID=3] [job="ID:3, Type:create schema, State:synced, SchemaState:public, SchemaID:2, TableID:0, RowCount:0, ArgLen:0, start time: 2026-07-13 01:03:50.988 +0800 CST, Err:<nil>, ErrCount:0, SnapshotVersion:0, Version: v2"]
[2026/07/13 01:03:50.998 +08:00] [WARN] [global_controller.go:819] ["[resource group controller] resource group name does not exist"] [name=default]
[2026/07/13 01:03:50.999 +08:00] [WARN] [global_controller.go:819] ["[resource group controller] resource group name does not exist"] [name=default]
[2026/07/13 01:03:50.999 +08:00] [WARN] [global_controller.go:819] ["[resource group controller] resource group name does not exist"] [name=default]
[2026/07/13 01:03:50.999 +08:00] [INFO] [executor.go:7380] ["DDL job is finished"] [category=ddl] [jobID=3]
[2026/07/13 01:03:50.999 +08:00] [INFO] [session.go:5104] ["CRUCIAL OPERATION"] [conn=0] [schemaVersion=1] [cur_db=mysql] [sql="CREATE DATABASE IF NOT EXISTS `sys`"] [user=]
[2026/07/13 01:03:50.999 +08:00] [WARN] [global_controller.go:819] ["[resource group controller] resource group name does not exist"] [name=default]
[2026/07/13 01:03:51.000 +08:00] [INFO] [helper.go:189] ["set random timezone for getStmtTimestamp"] [timezone=Europe/Berlin]
[2026/07/13 01:03:51.001 +08:00] [INFO] [executor.go:7545] ["system variable tidb_scatter_region not found, use default value"] [category=ddl]
[2026/07/13 01:03:51.001 +08:00] [WARN] [global_controller.go:819] ["[resource group controller] resource group name does not exist"] [name=default]
[2026/07/13 01:03:51.002 +08:00] [WARN] [global_controller.go:819] ["[resource group controller] resource group name does not exist"] [name=default]
[2026/07/13 01:03:51.002 +08:00] [INFO] [job_submitter.go:118] ["add DDL jobs"] [category=ddl] ["batch count"=1] [jobs="ID:5, Type:create table, State:queueing, SchemaState:none, SchemaID:1, TableID:4, RowCount:0, ArgLen:1, start time: 2026-07-13 01:03:51.001 +0800 CST, Err:<nil>, ErrCount:0, SnapshotVersion:0, Version: v2; "] [fast_create=true]
[2026/07/13 01:03:51.002 +08:00] [INFO] [executor.go:7260] ["DDL job submitted"] [category=ddl] [job="ID:5, Type:create table, State:queueing, SchemaState:none, SchemaID:1, TableID:4, RowCount:0, ArgLen:1, start time: 2026-07-13 01:03:51.001 +0800 CST, Err:<nil>, ErrCount:0, SnapshotVersion:0, Version: v2"] [query="CREATE TABLE IF NOT EXISTS mysql.user (\n\t\tHost\t\t\t\t\tCHAR(255),\n\t\tUser\t\t\t\t\tCHAR(32),\n\t\tauthentication_string\tTEXT,\n\t\tplugin\t\t\t\t\tCHAR(64),\n\t\tSelect_priv\t\t\t\tENUM('N','Y') NOT NULL DEFAULT 'N',\n\t\tInsert_priv\t\t\t\tENUM('N','Y') NOT NULL DEFAULT 'N',\n\t\tUpdate_priv\t\t\t\tENUM('N','Y') NOT NULL DEFAULT 'N',\n\t\tDelete_priv\t\t\t\tENUM('N','Y') NOT NULL DEFAULT 'N',\n\t\tCreate_priv\t\t\t\tENUM('N','Y') NOT NULL DEFAULT 'N',\n\t\tDrop_priv\t\t\t\tENUM('N','Y') NOT NULL DEFAULT 'N',\n\t\tProcess_priv\t\t\tENUM('N','Y') NOT NULL DEFAULT 'N',\n\t\tGrant_priv\t\t\t\tENUM('N','Y') NOT NULL DEFAULT 'N',\n\t\tReferences_priv\t\t\tENUM('N','Y') NOT NULL DEFAULT 'N',\n\t\tAlter_priv\t\t\t\tENUM('N','Y') NOT NULL DEFAULT 'N',\n\t\tShow_db_priv\t\t\tENUM('N','Y') NOT NULL DEFAULT 'N',\n\t\tSuper_priv\t\t\t\tENUM('N','Y') NOT NULL DEFAULT 'N',\n\t\tCreate_tmp_table_priv\tENUM('N','Y') NOT NULL DEFAULT 'N',\n\t\tLock_tables_priv\t\tENUM('N','Y') NOT NULL DEFAULT 'N',\n\t\tExecute_priv\t\t\tENUM('N','Y') NOT NULL DEFAULT 'N',\n\t\tCreate_view_priv\t\tENUM('N','Y') NOT NULL DEFAULT 'N',\n\t\tShow_view_priv\t\t\tENUM('N','Y') NOT NULL DEFAULT 'N',\n\t\tCreate_routine_priv\t\tENUM('N','Y') NOT NULL DEFAULT 'N',\n\t\tAlter_routine_priv\t\tENUM('N','Y') NOT NULL DEFAULT 'N',\n\t\tIndex_priv\t\t\t\tENUM('N','Y') NOT NULL DEFAULT 'N',\n\t\tCreate_user_priv\t\tENUM('N','Y') NOT NULL DEFAULT 'N',\n\t\tEvent_priv\t\t\t\tENUM('N','Y') NOT NULL DEFAULT 'N',\n\t\tRepl_slave_priv\t    \tENUM('N','Y') NOT NULL DEFAULT 'N',\n\t\tRepl_client_priv\t\tENUM('N','Y') NOT NULL DEFAULT 'N',\n\t\tTrigger_priv\t\t\tENUM('N','Y') NOT NULL DEFAULT 'N',\n\t\tCreate_role_priv\t\tENUM('N','Y') NOT NULL DEFAULT 'N',\n\t\tDrop_role_priv\t\t\tENUM('N','Y') NOT NULL DEFAULT 'N',\n\t\tAccount_locked\t\t\tENUM('N','Y') NOT NULL DEFAULT 'N',\n\t\tShutdown_priv\t\t\tENUM('N','Y') NOT NULL DEFAULT 'N',\n\t\tReload_priv\t\t\t\tENUM('N','Y') NOT NULL DEFAULT 'N',\n\t\tFILE_priv\t\t\t\tENUM('N','Y') NOT NULL DEFAULT 'N',\n\t\tConfig_priv\t\t\t\tENUM('N','Y') NOT NULL DEFAULT 'N',\n\t\tCreate_Tablespace_Priv  ENUM('N','Y') NOT NULL DEFAULT 'N',\n\t\tPassword_reuse_history  smallint unsigned DEFAULT NULL,\n\t\tPassword_reuse_time     smallint unsigned DEFAULT NULL,\n\t\tUser_attributes\t\t\tjson,\n\t\tToken_issuer\t\t\tVARCHAR(255),\n\t\tPassword_expired\t\tENUM('N','Y') NOT NULL DEFAULT 'N',\n\t\tPassword_last_changed\tTIMESTAMP DEFAULT CURRENT_TIMESTAMP(),\n\t\tPassword_lifetime\t\tSMALLINT UNSIGNED DEFAULT NULL,\n\t\tMax_user_connections \tINT UNSIGNED NOT NULL DEFAULT 0,\n\t\tPRIMARY KEY (Host, User),\n\t\tKEY i_user (User));"]
[2026/07/13 01:03:51.002 +08:00] [WARN] [global_controller.go:819] ["[resource group controller] resource group name does not exist"] [name=default]
[2026/07/13 01:03:51.003 +08:00] [WARN] [global_controller.go:819] ["[resource group controller] resource group name does not exist"] [name=default]
[2026/07/13 01:03:51.003 +08:00] [INFO] [job_worker.go:854] ["run one job step"] [category=ddl] [jobID=5] [job="ID:5, Type:create table, State:queueing, SchemaState:none, SchemaID:1, TableID:4, RowCount:0, ArgLen:0, start time: 2026-07-13 01:03:51.001 +0800 CST, Err:<nil>, ErrCount:0, SnapshotVersion:0, Version: v2"]
[2026/07/13 01:03:51.003 +08:00] [WARN] [global_controller.go:819] ["[resource group controller] resource group name does not exist"] [name=default]
[2026/07/13 01:03:51.003 +08:00] [WARN] [global_controller.go:819] ["[resource group controller] resource group name does not exist"] [name=default]
[2026/07/13 01:03:51.004 +08:00] [WARN] [global_controller.go:819] ["[resource group controller] resource group name does not exist"] [name=default]
[2026/07/13 01:03:51.005 +08:00] [INFO] [loader.go:216] ["diff load InfoSchema success"] [mode=auto] [isV2=true] [currVer=1] [neededVer=2] [gotVer=2] ["elapsed time"=317.583µs] [phyTblIDs="[4]"] [actionTypes="[3]"] [diffTypes="[\"create table\"]"]
[2026/07/13 01:03:51.005 +08:00] [INFO] [syncer.go:258] ["session manager is nil"]
[2026/07/13 01:03:51.005 +08:00] [INFO] [syncer.go:281] ["mdl gets lock, update self version to owner"] [jobID=5] [version=2]
[2026/07/13 01:03:51.007 +08:00] [INFO] [schema_version.go:397] ["wait schema version synced success"] [category=ddl] [ver=2] [checkAssumedSvr=false] ["take time"=2.115459ms] [job="ID:5, Type:create table, State:done, SchemaState:public, SchemaID:1, TableID:4, RowCount:0, ArgLen:1, start time: 2026-07-13 01:03:51.001 +0800 CST, Err:<nil>, ErrCount:0, SnapshotVersion:0, Version: v2"] [summary="server count: 1"]
[2026/07/13 01:03:51.007 +08:00] [WARN] [global_controller.go:819] ["[resource group controller] resource group name does not exist"] [name=default]
[2026/07/13 01:03:51.007 +08:00] [WARN] [global_controller.go:819] ["[resource group controller] resource group name does not exist"] [name=default]
[2026/07/13 01:03:51.007 +08:00] [WARN] [global_controller.go:819] ["[resource group controller] resource group name does not exist"] [name=default]
[2026/07/13 01:03:51.008 +08:00] [WARN] [global_controller.go:819] ["[resource group controller] resource group name does not exist"] [name=default]
[2026/07/13 01:03:51.008 +08:00] [WARN] [global_controller.go:819] ["[resource group controller] resource group name does not exist"] [name=default]
[2026/07/13 01:03:51.008 +08:00] [INFO] [job_worker.go:447] ["finish DDL job"] [category=ddl] [jobID=5] [job="ID:5, Type:create table, State:synced, SchemaState:public, SchemaID:1, TableID:4, RowCount:0, ArgLen:0, start time: 2026-07-13 01:03:51.001 +0800 CST, Err:<nil>, ErrCount:0, SnapshotVersion:0, Version: v2"]
[2026/07/13 01:03:51.008 +08:00] [WARN] [global_controller.go:819] ["[resource group controller] resource group name does not exist"] [name=default]
[2026/07/13 01:03:51.009 +08:00] [WARN] [global_controller.go:819] ["[resource group controller] resource group name does not exist"] [name=default]
[2026/07/13 01:03:51.009 +08:00] [WARN] [global_controller.go:819] ["[resource group controller] resource group name does not exist"] [name=default]
[2026/07/13 01:03:51.009 +08:00] [WARN] [global_controller.go:819] ["[resource group controller] resource group name does not exist"] [name=default]
[2026/07/13 01:03:51.009 +08:00] [INFO] [executor.go:7380] ["DDL job is finished"] [category=ddl] [jobID=5]
[2026/07/13 01:03:51.009 +08:00] [INFO] [session.go:5104] ["CRUCIAL OPERATION"] [conn=0] [schemaVersion=2] [cur_db=mysql] [sql="CREATE TABLE IF NOT EXISTS mysql.user (\n\t\tHost\t\t\t\t\tCHAR(255),\n\t\tUser\t\t\t\t\tCHAR(32),\n\t\tauthentication_string\tTEXT,\n\t\tplugin\t\t\t\t\tCHAR(64),\n\t\tSelect_priv\t\t\t\tENUM('N','Y') NOT NULL DEFAULT 'N',\n\t\tInsert_priv\t\t\t\tENUM('N','Y') NOT NULL DEFAULT 'N',\n\t\tUpdate_priv\t\t\t\tENUM('N','Y') NOT NULL DEFAULT 'N',\n\t\tDelete_priv\t\t\t\tENUM('N','Y') NOT NULL DEFAULT 'N',\n\t\tCreate_priv\t\t\t\tENUM('N','Y') NOT NULL DEFAULT 'N',\n\t\tDrop_priv\t\t\t\tENUM('N','Y') NOT NULL DEFAULT 'N',\n\t\tProcess_priv\t\t\tENUM('N','Y') NOT NULL DEFAULT 'N',\n\t\tGrant_priv\t\t\t\tENUM('N','Y') NOT NULL DEFAULT 'N',\n\t\tReferences_priv\t\t\tENUM('N','Y') NOT NULL DEFAULT 'N',\n\t\tAlter_priv\t\t\t\tENUM('N','Y') NOT NULL DEFAULT 'N',\n\t\tShow_db_priv\t\t\tENUM('N','Y') NOT NULL DEFAULT 'N',\n\t\tSuper_priv\t\t\t\tENUM('N','Y') NOT NULL DEFAULT 'N',\n\t\tCreate_tmp_table_priv\tENUM('N','Y') NOT NULL DEFAULT 'N',\n\t\tLock_tables_priv\t\tENUM('N','Y') NOT NULL DEFAULT 'N',\n\t\tExecute_priv\t\t\tENUM('N','Y') NOT NULL DEFAULT 'N',\n\t\tCreate_view_priv\t\tENUM('N','Y') NOT NULL DEFAULT 'N',\n\t\tShow_view_priv\t\t\tENUM('N','Y') NOT NULL DEFAULT 'N',\n\t\tCreate_routine_priv\t\tENUM('N','Y') NOT NULL DEFAULT 'N',\n\t\tAlter_routine_priv\t\tENUM('N','Y') NOT NULL DEFAULT 'N',\n\t\tIndex_priv\t\t\t\tENUM('N','Y') NOT NULL DEFAULT 'N',\n\t\tCreate_user_priv\t\tENUM('N','Y') NOT NULL DEFAULT 'N',\n\t\tEvent_priv\t\t\t\tENUM('N','Y') NOT NULL DEFAULT 'N',\n\t\tRepl_slave_priv\t    \tENUM('N','Y') NOT NULL DEFAULT 'N',\n\t\tRepl_client_priv\t\tENUM('N','Y') NOT NULL DEFAULT 'N',\n\t\tTrigger_priv\t\t\tENUM('N','Y') NOT NULL DEFAULT 'N',\n\t\tCreate_role_priv\t\tENUM('N','Y') NOT NULL DEFAULT 'N',\n\t\tDrop_role_priv\t\t\tENUM('N','Y') NOT NULL DEFAULT 'N',\n\t\tAccount_locked\t\t\tENUM('N','Y') NOT NULL DEFAULT 'N',\n\t\tShutdown_priv\t\t\tENUM('N','Y') NOT NULL DEFAULT 'N',\n\t\tReload_priv\t\t\t\tENUM('N','Y') NOT NULL DEFAULT 'N',\n\t\tFILE_priv\t\t\t\tENUM('N','Y') NOT NULL DEFAULT 'N',\n\t\tConfig_priv\t\t\t\tENUM('N','Y') NOT NULL DEFAULT 'N',\n\t\tCreate_Tablespace_Priv  ENUM('N','Y') NOT NULL DEFAULT 'N',\n\t\tPassword_reuse_history  smallint unsigned DEFAULT NULL,\n\t\tPassword_reuse_time     smallint unsigned DEFAULT NULL,\n\t\tUser_attributes\t\t\tjson,\n\t\tToken_issuer\t\t\tVARCHAR(255),\n\t\tPassword_expired\t\tENUM('N','Y') NOT NULL DEFAULT 'N',\n\t\tPassword_last_changed\tTIMESTAMP DEFAULT CURRENT_TIMESTAMP(),\n\t\tPassword_lifetime\t\tSMALLINT UNSIGNED DEFAULT NULL,\n\t\tMax_user_connections \tINT UNSIGNED NOT NULL DEFAULT 0,\n\t\tPRIMARY KEY (Host, User),\n\t\tKEY i_user (User));"] [user=]
[2026/07/13 01:03:51.010 +08:00] [INFO] [executor.go:7545] ["system variable tidb_scatter_region not found, use default value"] [category=ddl]
[2026/07/13 01:03:51.010 +08:00] [WARN] [global_controller.go:819] ["[resource group controller] resource group name does not exist"] [name=default]
[2026/07/13 01:03:51.010 +08:00] [WARN] [global_controller.go:819] ["[resource group controller] resource group name does not exist"] [name=default]
[2026/07/13 01:03:51.010 +08:00] [INFO] [job_submitter.go:118] ["add DDL jobs"] [category=ddl] ["batch count"=1] [jobs="ID:7, Type:create table, State:queueing, SchemaState:none, SchemaID:1, TableID:6, RowCount:0, ArgLen:1, start time: 2026-07-13 01:03:51.01 +0800 CST, Err:<nil>, ErrCount:0, SnapshotVersion:0, Version: v2; "] [fast_create=true]
[2026/07/13 01:03:51.010 +08:00] [INFO] [executor.go:7260] ["DDL job submitted"] [category=ddl] [job="ID:7, Type:create table, State:queueing, SchemaState:none, SchemaID:1, TableID:6, RowCount:0, ArgLen:1, start time: 2026-07-13 01:03:51.01 +0800 CST, Err:<nil>, ErrCount:0, SnapshotVersion:0, Version: v2"] [query="CREATE TABLE  IF NOT EXISTS mysql.password_history (\n         Host char(255)  NOT NULL DEFAULT '',\n         User char(32)  NOT NULL DEFAULT '',\n         Password_timestamp timestamp(6) NOT NULL DEFAULT CURRENT_TIMESTAMP(6),\n         Password text,\n         PRIMARY KEY (Host,User,Password_timestamp )\n        ) COMMENT='Password history for user accounts' "]
[2026/07/13 01:03:51.010 +08:00] [WARN] [global_controller.go:819] ["[resource group controller] resource group name does not exist"] [name=default]
[2026/07/13 01:03:51.011 +08:00] [WARN] [global_controller.go:819] ["[resource group controller] resource group name does not exist"] [name=default]
[2026/07/13 01:03:51.011 +08:00] [INFO] [job_worker.go:854] ["run one job step"] [category=ddl] [jobID=7] [job="ID:7, Type:create table, State:queueing, SchemaState:none, SchemaID:1, TableID:6, RowCount:0, ArgLen:0, start time: 2026-07-13 01:03:51.01 +0800 CST, Err:<nil>, ErrCount:0, SnapshotVersion:0, Version: v2"]
[2026/07/13 01:03:51.011 +08:00] [WARN] [global_controller.go:819] ["[resource group controller] resource group name does not exist"] [name=default]
[2026/07/13 01:03:51.011 +08:00] [WARN] [global_controller.go:819] ["[resource group controller] resource group name does not exist"] [name=default]
[2026/07/13 01:03:51.011 +08:00] [WARN] [global_controller.go:819] ["[resource group controller] resource group name does not exist"] [name=default]
[2026/07/13 01:03:51.011 +08:00] [INFO] [loader.go:216] ["diff load InfoSchema success"] [mode=auto] [isV2=true] [currVer=2] [neededVer=3] [gotVer=3] ["elapsed time"=74.375µs] [phyTblIDs="[6]"] [actionTypes="[3]"] [diffTypes="[\"create table\"]"]
[2026/07/13 01:03:51.012 +08:00] [INFO] [syncer.go:258] ["session manager is nil"]
[2026/07/13 01:03:51.012 +08:00] [INFO] [syncer.go:281] ["mdl gets lock, update self version to owner"] [jobID=7] [version=3]
[2026/07/13 01:03:51.013 +08:00] [INFO] [schema_version.go:397] ["wait schema version synced success"] [category=ddl] [ver=3] [checkAssumedSvr=false] ["take time"=2.211375ms] [job="ID:7, Type:create table, State:done, SchemaState:public, SchemaID:1, TableID:6, RowCount:0, ArgLen:1, start time: 2026-07-13 01:03:51.01 +0800 CST, Err:<nil>, ErrCount:0, SnapshotVersion:0, Version: v2"] [summary="server count: 1"]
[2026/07/13 01:03:51.014 +08:00] [WARN] [global_controller.go:819] ["[resource group controller] resource group name does not exist"] [name=default]
[2026/07/13 01:03:51.014 +08:00] [WARN] [global_controller.go:819] ["[resource group controller] resource group name does not exist"] [name=default]
[2026/07/13 01:03:51.014 +08:00] [WARN] [global_controller.go:819] ["[resource group controller] resource group name does not exist"] [name=default]
[2026/07/13 01:03:51.014 +08:00] [WARN] [global_controller.go:819] ["[resource group controller] resource group name does not exist"] [name=default]
[2026/07/13 01:03:51.014 +08:00] [WARN] [global_controller.go:819] ["[resource group controller] resource group name does not exist"] [name=default]
[2026/07/13 01:03:51.014 +08:00] [INFO] [job_worker.go:447] ["finish DDL job"] [category=ddl] [jobID=7] [job="ID:7, Type:create table, State:synced, SchemaState:public, SchemaID:1, TableID:6, RowCount:0, ArgLen:0, start time: 2026-07-13 01:03:51.01 +0800 CST, Err:<nil>, ErrCount:0, SnapshotVersion:0, Version: v2"]
[2026/07/13 01:03:51.014 +08:00] [WARN] [global_controller.go:819] ["[resource group controller] resource group name does not exist"] [name=default]
[2026/07/13 01:03:51.014 +08:00] [WARN] [global_controller.go:819] ["[resource group controller] resource group name does not exist"] [name=default]
[2026/07/13 01:03:51.014 +08:00] [WARN] [global_controller.go:819] ["[resource group controller] resource group name does not exist"] [name=default]
[2026/07/13 01:03:51.014 +08:00] [INFO] [executor.go:7380] ["DDL job is finished"] [category=ddl] [jobID=7]
[2026/07/13 01:03:51.014 +08:00] [INFO] [session.go:5104] ["CRUCIAL OPERATION"] [conn=0] [schemaVersion=3] [cur_db=mysql] [sql="CREATE TABLE  IF NOT EXISTS mysql.password_history (\n         Host char(255)  NOT NULL DEFAULT '',\n         User char(32)  NOT NULL DEFAULT '',\n         Password_timestamp timestamp(6) NOT NULL DEFAULT CURRENT_TIMESTAMP(6),\n         Password text,\n         PRIMARY KEY (Host,User,Password_timestamp )\n        ) COMMENT='Password history for user accounts' "] [user=]
[2026/07/13 01:03:51.015 +08:00] [WARN] [global_controller.go:819] ["[resource group controller] resource group name does not exist"] [name=default]
[2026/07/13 01:03:51.015 +08:00] [INFO] [executor.go:7545] ["system variable tidb_scatter_region not found, use default value"] [category=ddl]
[2026/07/13 01:03:51.015 +08:00] [WARN] [global_controller.go:819] ["[resource group controller] resource group name does not exist"] [name=default]
[2026/07/13 01:03:51.015 +08:00] [WARN] [global_controller.go:819] ["[resource group controller] resource group name does not exist"] [name=default]
[2026/07/13 01:03:51.015 +08:00] [INFO] [job_submitter.go:118] ["add DDL jobs"] [category=ddl] ["batch count"=1] [jobs="ID:9, Type:create table, State:queueing, SchemaState:none, SchemaID:1, TableID:8, RowCount:0, ArgLen:1, start time: 2026-07-13 01:03:51.015 +0800 CST, Err:<nil>, ErrCount:0, SnapshotVersion:0, Version: v2; "] [fast_create=true]
[2026/07/13 01:03:51.015 +08:00] [INFO] [executor.go:7260] ["DDL job submitted"] [category=ddl] [job="ID:9, Type:create table, State:queueing, SchemaState:none, SchemaID:1, TableID:8, RowCount:0, ArgLen:1, start time: 2026-07-13 01:03:51.015 +0800 CST, Err:<nil>, ErrCount:0, SnapshotVersion:0, Version: v2"] [query="CREATE TABLE IF NOT EXISTS mysql.global_priv (\n\t\tHost CHAR(255) NOT NULL DEFAULT '',\n\t\tUser CHAR(80) NOT NULL DEFAULT '',\n\t\tPriv LONGTEXT NOT NULL DEFAULT '',\n\t\tPRIMARY KEY (Host, User),\n\t\tKEY i_user (User))"]
[2026/07/13 01:03:51.015 +08:00] [WARN] [global_controller.go:819] ["[resource group controller] resource group name does not exist"] [name=default]
[2026/07/13 01:03:51.016 +08:00] [WARN] [global_controller.go:819] ["[resource group controller] resource group name does not exist"] [name=default]
[2026/07/13 01:03:51.016 +08:00] [INFO] [job_worker.go:854] ["run one job step"] [category=ddl] [jobID=9] [job="ID:9, Type:create table, State:queueing, SchemaState:none, SchemaID:1, TableID:8, RowCount:0, ArgLen:0, start time: 2026-07-13 01:03:51.015 +0800 CST, Err:<nil>, ErrCount:0, SnapshotVersion:0, Version: v2"]
[2026/07/13 01:03:51.016 +08:00] [WARN] [global_controller.go:819] ["[resource group controller] resource group name does not exist"] [name=default]
[2026/07/13 01:03:51.016 +08:00] [WARN] [global_controller.go:819] ["[resource group controller] resource group name does not exist"] [name=default]
[2026/07/13 01:03:51.016 +08:00] [WARN] [global_controller.go:819] ["[resource group controller] resource group name does not exist"] [name=default]
[2026/07/13 01:03:51.016 +08:00] [INFO] [loader.go:216] ["diff load InfoSchema success"] [mode=auto] [isV2=true] [currVer=3] [neededVer=4] [gotVer=4] ["elapsed time"=68.541µs] [phyTblIDs="[8]"] [actionTypes="[3]"] [diffTypes="[\"create table\"]"]
[2026/07/13 01:03:51.016 +08:00] [INFO] [syncer.go:258] ["session manager is nil"]
[2026/07/13 01:03:51.016 +08:00] [INFO] [syncer.go:281] ["mdl gets lock, update self version to owner"] [jobID=9] [version=4]
[2026/07/13 01:03:51.018 +08:00] [INFO] [schema_version.go:397] ["wait schema version synced success"] [category=ddl] [ver=4] [checkAssumedSvr=false] ["take time"=2.059ms] [job="ID:9, Type:create table, State:done, SchemaState:public, SchemaID:1, TableID:8, RowCount:0, ArgLen:1, start time: 2026-07-13 01:03:51.015 +0800 CST, Err:<nil>, ErrCount:0, SnapshotVersion:0, Version: v2"] [summary="server count: 1"]
[2026/07/13 01:03:51.018 +08:00] [WARN] [global_controller.go:819] ["[resource group controller] resource group name does not exist"] [name=default]
[2026/07/13 01:03:51.018 +08:00] [WARN] [global_controller.go:819] ["[resource group controller] resource group name does not exist"] [name=default]
[2026/07/13 01:03:51.019 +08:00] [WARN] [global_controller.go:819] ["[resource group controller] resource group name does not exist"] [name=default]
[2026/07/13 01:03:51.019 +08:00] [WARN] [global_controller.go:819] ["[resource group controller] resource group name does not exist"] [name=default]
[2026/07/13 01:03:51.019 +08:00] [WARN] [global_controller.go:819] ["[resource group controller] resource group name does not exist"] [name=default]
[2026/07/13 01:03:51.019 +08:00] [INFO] [job_worker.go:447] ["finish DDL job"] [category=ddl] [jobID=9] [job="ID:9, Type:create table, State:synced, SchemaState:public, SchemaID:1, TableID:8, RowCount:0, ArgLen:0, start time: 2026-07-13 01:03:51.015 +0800 CST, Err:<nil>, ErrCount:0, SnapshotVersion:0, Version: v2"]
[2026/07/13 01:03:51.019 +08:00] [WARN] [global_controller.go:819] ["[resource group controller] resource group name does not exist"] [name=default]
[2026/07/13 01:03:51.019 +08:00] [WARN] [global_controller.go:819] ["[resource group controller] resource group name does not exist"] [name=default]
[2026/07/13 01:03:51.019 +08:00] [WARN] [global_controller.go:819] ["[resource group controller] resource group name does not exist"] [name=default]
[2026/07/13 01:03:51.019 +08:00] [INFO] [executor.go:7380] ["DDL job is finished"] [category=ddl] [jobID=9]
[2026/07/13 01:03:51.019 +08:00] [INFO] [session.go:5104] ["CRUCIAL OPERATION"] [conn=0] [schemaVersion=4] [cur_db=mysql] [sql="CREATE TABLE IF NOT EXISTS mysql.global_priv (\n\t\tHost CHAR(255) NOT NULL DEFAULT '',\n\t\tUser CHAR(80) NOT NULL DEFAULT '',\n\t\tPriv LONGTEXT NOT NULL DEFAULT '',\n\t\tPRIMARY KEY (Host, User),\n\t\tKEY i_user (User))"] [user=]
[2026/07/13 01:03:51.019 +08:00] [WARN] [global_controller.go:819] ["[resource group controller] resource group name does not exist"] [name=default]
[2026/07/13 01:03:51.020 +08:00] [INFO] [executor.go:7545] ["system variable tidb_scatter_region not found, use default value"] [category=ddl]
[2026/07/13 01:03:51.020 +08:00] [WARN] [global_controller.go:819] ["[resource group controller] resource group name does not exist"] [name=default]
[2026/07/13 01:03:51.020 +08:00] [WARN] [global_controller.go:819] ["[resource group controller] resource group name does not exist"] [name=default]
[2026/07/13 01:03:51.020 +08:00] [INFO] [job_submitter.go:118] ["add DDL jobs"] [category=ddl] ["batch count"=1] [jobs="ID:11, Type:create table, State:queueing, SchemaState:none, SchemaID:1, TableID:10, RowCount:0, ArgLen:1, start time: 2026-07-13 01:03:51.02 +0800 CST, Err:<nil>, ErrCount:0, SnapshotVersion:0, Version: v2; "] [fast_create=true]
[2026/07/13 01:03:51.020 +08:00] [INFO] [executor.go:7260] ["DDL job submitted"] [category=ddl] [job="ID:11, Type:create table, State:queueing, SchemaState:none, SchemaID:1, TableID:10, RowCount:0, ArgLen:1, start time: 2026-07-13 01:03:51.02 +0800 CST, Err:<nil>, ErrCount:0, SnapshotVersion:0, Version: v2"] [query="CREATE TABLE IF NOT EXISTS mysql.db (\n\t\tHost\t\t\t\t\tCHAR(255),\n\t\tDB\t\t\t\t\t\tCHAR(64) CHARSET utf8mb4 COLLATE utf8mb4_general_ci,\n\t\tUser\t\t\t\t\tCHAR(32),\n\t\tSelect_priv\t\t\t\tENUM('N','Y') NOT NULL DEFAULT 'N',\n\t\tInsert_priv\t\t\t\tENUM('N','Y') NOT NULL DEFAULT 'N',\n\t\tUpdate_priv\t\t\t\tENUM('N','Y') NOT NULL DEFAULT 'N',\n\t\tDelete_priv\t\t\t\tENUM('N','Y') NOT NULL DEFAULT 'N',\n\t\tCreate_priv\t\t\t\tENUM('N','Y') NOT NULL DEFAULT 'N',\n\t\tDrop_priv\t\t\t\tENUM('N','Y') NOT NULL DEFAULT 'N',\n\t\tGrant_priv\t\t\t\tENUM('N','Y') NOT NULL DEFAULT 'N',\n\t\tReferences_priv \t\tENUM('N','Y') NOT NULL DEFAULT 'N',\n\t\tIndex_priv\t\t\t\tENUM('N','Y') NOT NULL DEFAULT 'N',\n\t\tAlter_priv\t\t\t\tENUM('N','Y') NOT NULL DEFAULT 'N',\n\t\tCreate_tmp_table_priv\tENUM('N','Y') NOT NULL DEFAULT 'N',\n\t\tLock_tables_priv\t\tENUM('N','Y') NOT NULL DEFAULT 'N',\n\t\tCreate_view_priv\t\tENUM('N','Y') NOT NULL DEFAULT 'N',\n\t\tShow_view_priv\t\t\tENUM('N','Y') NOT NULL DEFAULT 'N',\n\t\tCreate_routine_priv\t\tENUM('N','Y') NOT NULL DEFAULT 'N',\n\t\tAlter_routine_priv\t\tENUM('N','Y') NOT NULL DEFAULT 'N',\n\t\tExecute_priv\t\t\tENUM('N','Y') NOT NULL DEFAULT 'N',\n\t\tEvent_priv\t\t\t\tENUM('N','Y') NOT NULL DEFAULT 'N',\n\t\tTrigger_priv\t\t\tENUM('N','Y') NOT NULL DEFAULT 'N',\n\t\tPRIMARY KEY (Host, DB, User),\n\t\tKEY i_user (User));"]
[2026/07/13 01:03:51.021 +08:00] [WARN] [global_controller.go:819] ["[resource group controller] resource group name does not exist"] [name=default]
[2026/07/13 01:03:51.021 +08:00] [WARN] [global_controller.go:819] ["[resource group controller] resource group name does not exist"] [name=default]
[2026/07/13 01:03:51.021 +08:00] [INFO] [job_worker.go:854] ["run one job step"] [category=ddl] [jobID=11] [job="ID:11, Type:create table, State:queueing, SchemaState:none, SchemaID:1, TableID:10, RowCount:0, ArgLen:0, start time: 2026-07-13 01:03:51.02 +0800 CST, Err:<nil>, ErrCount:0, SnapshotVersion:0, Version: v2"]
[2026/07/13 01:03:51.021 +08:00] [WARN] [global_controller.go:819] ["[resource group controller] resource group name does not exist"] [name=default]
[2026/07/13 01:03:51.021 +08:00] [WARN] [global_controller.go:819] ["[resource group controller] resource group name does not exist"] [name=default]
[2026/07/13 01:03:51.022 +08:00] [WARN] [global_controller.go:819] ["[resource group controller] resource group name does not exist"] [name=default]
[2026/07/13 01:03:51.022 +08:00] [INFO] [loader.go:216] ["diff load InfoSchema success"] [mode=auto] [isV2=true] [currVer=4] [neededVer=5] [gotVer=5] ["elapsed time"=180.167µs] [phyTblIDs="[10]"] [actionTypes="[3]"] [diffTypes="[\"create table\"]"]
[2026/07/13 01:03:51.022 +08:00] [INFO] [syncer.go:258] ["session manager is nil"]
[2026/07/13 01:03:51.022 +08:00] [INFO] [syncer.go:281] ["mdl gets lock, update self version to owner"] [jobID=11] [version=5]
[2026/07/13 01:03:51.024 +08:00] [INFO] [schema_version.go:397] ["wait schema version synced success"] [category=ddl] [ver=5] [checkAssumedSvr=false] ["take time"=2.013667ms] [job="ID:11, Type:create table, State:done, SchemaState:public, SchemaID:1, TableID:10, RowCount:0, ArgLen:1, start time: 2026-07-13 01:03:51.02 +0800 CST, Err:<nil>, ErrCount:0, SnapshotVersion:0, Version: v2"] [summary="server count: 1"]
[2026/07/13 01:03:51.024 +08:00] [WARN] [global_controller.go:819] ["[resource group controller] resource group name does not exist"] [name=default]
[2026/07/13 01:03:51.024 +08:00] [WARN] [global_controller.go:819] ["[resource group controller] resource group name does not exist"] [name=default]
[2026/07/13 01:03:51.024 +08:00] [WARN] [global_controller.go:819] ["[resource group controller] resource group name does not exist"] [name=default]
[2026/07/13 01:03:51.024 +08:00] [WARN] [global_controller.go:819] ["[resource group controller] resource group name does not exist"] [name=default]
[2026/07/13 01:03:51.024 +08:00] [WARN] [global_controller.go:819] ["[resource group controller] resource group name does not exist"] [name=default]
[2026/07/13 01:03:51.024 +08:00] [INFO] [job_worker.go:447] ["finish DDL job"] [category=ddl] [jobID=11] [job="ID:11, Type:create table, State:synced, SchemaState:public, SchemaID:1, TableID:10, RowCount:0, ArgLen:0, start time: 2026-07-13 01:03:51.02 +0800 CST, Err:<nil>, ErrCount:0, SnapshotVersion:0, Version: v2"]
[2026/07/13 01:03:51.025 +08:00] [WARN] [global_controller.go:819] ["[resource group controller] resource group name does not exist"] [name=default]
[2026/07/13 01:03:51.025 +08:00] [WARN] [global_controller.go:819] ["[resource group controller] resource group name does not exist"] [name=default]
[2026/07/13 01:03:51.025 +08:00] [WARN] [global_controller.go:819] ["[resource group controller] resource group name does not exist"] [name=default]
[2026/07/13 01:03:51.025 +08:00] [WARN] [global_controller.go:819] ["[resource group controller] resource group name does not exist"] [name=default]
[2026/07/13 01:03:51.025 +08:00] [INFO] [executor.go:7380] ["DDL job is finished"] [category=ddl] [jobID=11]
[2026/07/13 01:03:51.025 +08:00] [INFO] [session.go:5104] ["CRUCIAL OPERATION"] [conn=0] [schemaVersion=5] [cur_db=mysql] [sql="CREATE TABLE IF NOT EXISTS mysql.db (\n\t\tHost\t\t\t\t\tCHAR(255),\n\t\tDB\t\t\t\t\t\tCHAR(64) CHARSET utf8mb4 COLLATE utf8mb4_general_ci,\n\t\tUser\t\t\t\t\tCHAR(32),\n\t\tSelect_priv\t\t\t\tENUM('N','Y') NOT NULL DEFAULT 'N',\n\t\tInsert_priv\t\t\t\tENUM('N','Y') NOT NULL DEFAULT 'N',\n\t\tUpdate_priv\t\t\t\tENUM('N','Y') NOT NULL DEFAULT 'N',\n\t\tDelete_priv\t\t\t\tENUM('N','Y') NOT NULL DEFAULT 'N',\n\t\tCreate_priv\t\t\t\tENUM('N','Y') NOT NULL DEFAULT 'N',\n\t\tDrop_priv\t\t\t\tENUM('N','Y') NOT NULL DEFAULT 'N',\n\t\tGrant_priv\t\t\t\tENUM('N','Y') NOT NULL DEFAULT 'N',\n\t\tReferences_priv \t\tENUM('N','Y') NOT NULL DEFAULT 'N',\n\t\tIndex_priv\t\t\t\tENUM('N','Y') NOT NULL DEFAULT 'N',\n\t\tAlter_priv\t\t\t\tENUM('N','Y') NOT NULL DEFAULT 'N',\n\t\tCreate_tmp_table_priv\tENUM('N','Y') NOT NULL DEFAULT 'N',\n\t\tLock_tables_priv\t\tENUM('N','Y') NOT NULL DEFAULT 'N',\n\t\tCreate_view_priv\t\tENUM('N','Y') NOT NULL DEFAULT 'N',\n\t\tShow_view_priv\t\t\tENUM('N','Y') NOT NULL DEFAULT 'N',\n\t\tCreate_routine_priv\t\tENUM('N','Y') NOT NULL DEFAULT 'N',\n\t\tAlter_routine_priv\t\tENUM('N','Y') NOT NULL DEFAULT 'N',\n\t\tExecute_priv\t\t\tENUM('N','Y') NOT NULL DEFAULT 'N',\n\t\tEvent_priv\t\t\t\tENUM('N','Y') NOT NULL DEFAULT 'N',\n\t\tTrigger_priv\t\t\tENUM('N','Y') NOT NULL DEFAULT 'N',\n\t\tPRIMARY KEY (Host, DB, User),\n\t\tKEY i_user (User));"] [user=]
[2026/07/13 01:03:51.026 +08:00] [INFO] [executor.go:7545] ["system variable tidb_scatter_region not found, use default value"] [category=ddl]
[2026/07/13 01:03:51.026 +08:00] [WARN] [global_controller.go:819] ["[resource group controller] resource group name does not exist"] [name=default]
[2026/07/13 01:03:51.026 +08:00] [WARN] [global_controller.go:819] ["[resource group controller] resource group name does not exist"] [name=default]
[2026/07/13 01:03:51.026 +08:00] [INFO] [job_submitter.go:118] ["add DDL jobs"] [category=ddl] ["batch count"=1] [jobs="ID:13, Type:create table, State:queueing, SchemaState:none, SchemaID:1, TableID:12, RowCount:0, ArgLen:1, start time: 2026-07-13 01:03:51.026 +0800 CST, Err:<nil>, ErrCount:0, SnapshotVersion:0, Version: v2; "] [fast_create=true]
[2026/07/13 01:03:51.026 +08:00] [INFO] [executor.go:7260] ["DDL job submitted"] [category=ddl] [job="ID:13, Type:create table, State:queueing, SchemaState:none, SchemaID:1, TableID:12, RowCount:0, ArgLen:1, start time: 2026-07-13 01:03:51.026 +0800 CST, Err:<nil>, ErrCount:0, SnapshotVersion:0, Version: v2"] [query="CREATE TABLE IF NOT EXISTS mysql.tables_priv (\n\t\tHost\t\tCHAR(255),\n\t\tDB\t\t\tCHAR(64) CHARSET utf8mb4 COLLATE utf8mb4_general_ci,\n\t\tUser\t\tCHAR(32),\n\t\tTable_name\tCHAR(64) CHARSET utf8mb4 COLLATE utf8mb4_general_ci,\n\t\tGrantor\t\tCHAR(77),\n\t\tTimestamp\tTIMESTAMP DEFAULT CURRENT_TIMESTAMP,\n\t\tTable_priv\tSET('Select','Insert','Update','Delete','Create','Drop','Grant','Index','Alter','Create View','Show View','Trigger','References'),\n\t\tColumn_priv\tSET('Select','Insert','Update','References'),\n\t\tPRIMARY KEY (Host, DB, User, Table_name),\n\t\tKEY i_user (User));"]
[2026/07/13 01:03:51.026 +08:00] [WARN] [global_controller.go:819] ["[resource group controller] resource group name does not exist"] [name=default]
[2026/07/13 01:03:51.027 +08:00] [WARN] [global_controller.go:819] ["[resource group controller] resource group name does not exist"] [name=default]
[2026/07/13 01:03:51.027 +08:00] [INFO] [job_worker.go:854] ["run one job step"] [category=ddl] [jobID=13] [job="ID:13, Type:create table, State:queueing, SchemaState:none, SchemaID:1, TableID:12, RowCount:0, ArgLen:0, start time: 2026-07-13 01:03:51.026 +0800 CST, Err:<nil>, ErrCount:0, SnapshotVersion:0, Version: v2"]
[2026/07/13 01:03:51.027 +08:00] [WARN] [global_controller.go:819] ["[resource group controller] resource group name does not exist"] [name=default]
[2026/07/13 01:03:51.027 +08:00] [WARN] [global_controller.go:819] ["[resource group controller] resource group name does not exist"] [name=default]
[2026/07/13 01:03:51.027 +08:00] [WARN] [global_controller.go:819] ["[resource group controller] resource group name does not exist"] [name=default]
[2026/07/13 01:03:51.027 +08:00] [INFO] [loader.go:216] ["diff load InfoSchema success"] [mode=auto] [isV2=true] [currVer=5] [neededVer=6] [gotVer=6] ["elapsed time"=88.208µs] [phyTblIDs="[12]"] [actionTypes="[3]"] [diffTypes="[\"create table\"]"]
[2026/07/13 01:03:51.027 +08:00] [INFO] [syncer.go:258] ["session manager is nil"]
[2026/07/13 01:03:51.027 +08:00] [INFO] [syncer.go:281] ["mdl gets lock, update self version to owner"] [jobID=13] [version=6]
[2026/07/13 01:03:51.029 +08:00] [INFO] [schema_version.go:397] ["wait schema version synced success"] [category=ddl] [ver=6] [checkAssumedSvr=false] ["take time"=2.0485ms] [job="ID:13, Type:create table, State:done, SchemaState:public, SchemaID:1, TableID:12, RowCount:0, ArgLen:1, start time: 2026-07-13 01:03:51.026 +0800 CST, Err:<nil>, ErrCount:0, SnapshotVersion:0, Version: v2"] [summary="server count: 1"]
[2026/07/13 01:03:51.029 +08:00] [WARN] [global_controller.go:819] ["[resource group controller] resource group name does not exist"] [name=default]
[2026/07/13 01:03:51.030 +08:00] [WARN] [global_controller.go:819] ["[resource group controller] resource group name does not exist"] [name=default]
[2026/07/13 01:03:51.030 +08:00] [WARN] [global_controller.go:819] ["[resource group controller] resource group name does not exist"] [name=default]
[2026/07/13 01:03:51.030 +08:00] [WARN] [global_controller.go:819] ["[resource group controller] resource group name does not exist"] [name=default]
[2026/07/13 01:03:51.030 +08:00] [WARN] [global_controller.go:819] ["[resource group controller] resource group name does not exist"] [name=default]
[2026/07/13 01:03:51.030 +08:00] [INFO] [job_worker.go:447] ["finish DDL job"] [category=ddl] [jobID=13] [job="ID:13, Type:create table, State:synced, SchemaState:public, SchemaID:1, TableID:12, RowCount:0, ArgLen:0, start time: 2026-07-13 01:03:51.026 +0800 CST, Err:<nil>, ErrCount:0, SnapshotVersion:0, Version: v2"]
[2026/07/13 01:03:51.030 +08:00] [WARN] [global_controller.go:819] ["[resource group controller] resource group name does not exist"] [name=default]
[2026/07/13 01:03:51.030 +08:00] [WARN] [global_controller.go:819] ["[resource group controller] resource group name does not exist"] [name=default]
[2026/07/13 01:03:51.030 +08:00] [WARN] [global_controller.go:819] ["[resource group controller] resource group name does not exist"] [name=default]
[2026/07/13 01:03:51.031 +08:00] [INFO] [executor.go:7380] ["DDL job is finished"] [category=ddl] [jobID=13]
[2026/07/13 01:03:51.031 +08:00] [INFO] [session.go:5104] ["CRUCIAL OPERATION"] [conn=0] [schemaVersion=6] [cur_db=mysql] [sql="CREATE TABLE IF NOT EXISTS mysql.tables_priv (\n\t\tHost\t\tCHAR(255),\n\t\tDB\t\t\tCHAR(64) CHARSET utf8mb4 COLLATE utf8mb4_general_ci,\n\t\tUser\t\tCHAR(32),\n\t\tTable_name\tCHAR(64) CHARSET utf8mb4 COLLATE utf8mb4_general_ci,\n\t\tGrantor\t\tCHAR(77),\n\t\tTimestamp\tTIMESTAMP DEFAULT CURRENT_TIMESTAMP,\n\t\tTable_priv\tSET('Select','Insert','Update','Delete','Create','Drop','Grant','Index','Alter','Create View','Show View','Trigger','References'),\n\t\tColumn_priv\tSET('Select','Insert','Update','References'),\n\t\tPRIMARY KEY (Host, DB, User, Table_name),\n\t\tKEY i_user (User));"] [user=]
[2026/07/13 01:03:51.031 +08:00] [WARN] [global_controller.go:819] ["[resource group controller] resource group name does not exist"] [name=default]
[2026/07/13 01:03:51.031 +08:00] [INFO] [executor.go:7545] ["system variable tidb_scatter_region not found, use default value"] [category=ddl]
[2026/07/13 01:03:51.031 +08:00] [WARN] [global_controller.go:819] ["[resource group controller] resource group name does not exist"] [name=default]
[2026/07/13 01:03:51.032 +08:00] [WARN] [global_controller.go:819] ["[resource group controller] resource group name does not exist"] [name=default]
[2026/07/13 01:03:51.032 +08:00] [INFO] [job_submitter.go:118] ["add DDL jobs"] [category=ddl] ["batch count"=1] [jobs="ID:15, Type:create table, State:queueing, SchemaState:none, SchemaID:1, TableID:14, RowCount:0, ArgLen:1, start time: 2026-07-13 01:03:51.031 +0800 CST, Err:<nil>, ErrCount:0, SnapshotVersion:0, Version: v2; "] [fast_create=true]
[2026/07/13 01:03:51.032 +08:00] [INFO] [executor.go:7260] ["DDL job submitted"] [category=ddl] [job="ID:15, Type:create table, State:queueing, SchemaState:none, SchemaID:1, TableID:14, RowCount:0, ArgLen:1, start time: 2026-07-13 01:03:51.031 +0800 CST, Err:<nil>, ErrCount:0, SnapshotVersion:0, Version: v2"] [query="CREATE TABLE IF NOT EXISTS mysql.columns_priv (\n\t\tHost\t\tCHAR(255),\n\t\tDB\t\t\tCHAR(64) CHARSET utf8mb4 COLLATE utf8mb4_general_ci,\n\t\tUser\t\tCHAR(32),\n\t\tTable_name\tCHAR(64) CHARSET utf8mb4 COLLATE utf8mb4_general_ci,\n\t\tColumn_name\tCHAR(64) CHARSET utf8mb4 COLLATE utf8mb4_general_ci,\n\t\tTimestamp\tTIMESTAMP DEFAULT CURRENT_TIMESTAMP,\n\t\tColumn_priv\tSET('Select','Insert','Update','References'),\n\t\tPRIMARY KEY (Host, DB, User, Table_name, Column_name),\n\t\tKEY i_user (User));"]
[2026/07/13 01:03:51.032 +08:00] [WARN] [global_controller.go:819] ["[resource group controller] resource group name does not exist"] [name=default]
[2026/07/13 01:03:51.033 +08:00] [WARN] [global_controller.go:819] ["[resource group controller] resource group name does not exist"] [name=default]
[2026/07/13 01:03:51.033 +08:00] [INFO] [job_worker.go:854] ["run one job step"] [category=ddl] [jobID=15] [job="ID:15, Type:create table, State:queueing, SchemaState:none, SchemaID:1, TableID:14, RowCount:0, ArgLen:0, start time: 2026-07-13 01:03:51.031 +0800 CST, Err:<nil>, ErrCount:0, SnapshotVersion:0, Version: v2"]
[2026/07/13 01:03:51.033 +08:00] [WARN] [global_controller.go:819] ["[resource group controller] resource group name does not exist"] [name=default]
[2026/07/13 01:03:51.033 +08:00] [WARN] [global_controller.go:819] ["[resource group controller] resource group name does not exist"] [name=default]
[2026/07/13 01:03:51.033 +08:00] [WARN] [global_controller.go:819] ["[resource group controller] resource group name does not exist"] [name=default]
[2026/07/13 01:03:51.033 +08:00] [INFO] [loader.go:216] ["diff load InfoSchema success"] [mode=auto] [isV2=true] [currVer=6] [neededVer=7] [gotVer=7] ["elapsed time"=90.458µs] [phyTblIDs="[14]"] [actionTypes="[3]"] [diffTypes="[\"create table\"]"]
[2026/07/13 01:03:51.034 +08:00] [INFO] [syncer.go:258] ["session manager is nil"]
[2026/07/13 01:03:51.034 +08:00] [INFO] [syncer.go:281] ["mdl gets lock, update self version to owner"] [jobID=15] [version=7]
[2026/07/13 01:03:51.034 +08:00] [WARN] [global_controller.go:819] ["[resource group controller] resource group name does not exist"] [name=default]
[2026/07/13 01:03:51.035 +08:00] [INFO] [schema_version.go:397] ["wait schema version synced success"] [category=ddl] [ver=7] [checkAssumedSvr=false] ["take time"=2.198667ms] [job="ID:15, Type:create table, State:done, SchemaState:public, SchemaID:1, TableID:14, RowCount:0, ArgLen:1, start time: 2026-07-13 01:03:51.031 +0800 CST, Err:<nil>, ErrCount:0, SnapshotVersion:0, Version: v2"] [summary="server count: 1"]
[2026/07/13 01:03:51.036 +08:00] [WARN] [global_controller.go:819] ["[resource group controller] resource group name does not exist"] [name=default]
[2026/07/13 01:03:51.036 +08:00] [WARN] [global_controller.go:819] ["[resource group controller] resource group name does not exist"] [name=default]
[2026/07/13 01:03:51.036 +08:00] [WARN] [global_controller.go:819] ["[resource group controller] resource group name does not exist"] [name=default]
[2026/07/13 01:03:51.036 +08:00] [WARN] [global_controller.go:819] ["[resource group controller] resource group name does not exist"] [name=default]
[2026/07/13 01:03:51.036 +08:00] [WARN] [global_controller.go:819] ["[resource group controller] resource group name does not exist"] [name=default]
[2026/07/13 01:03:51.036 +08:00] [INFO] [job_worker.go:447] ["finish DDL job"] [category=ddl] [jobID=15] [job="ID:15, Type:create table, State:synced, SchemaState:public, SchemaID:1, TableID:14, RowCount:0, ArgLen:0, start time: 2026-07-13 01:03:51.031 +0800 CST, Err:<nil>, ErrCount:0, SnapshotVersion:0, Version: v2"]
[2026/07/13 01:03:51.036 +08:00] [WARN] [global_controller.go:819] ["[resource group controller] resource group name does not exist"] [name=default]
[2026/07/13 01:03:51.036 +08:00] [WARN] [global_controller.go:819] ["[resource group controller] resource group name does not exist"] [name=default]
[2026/07/13 01:03:51.037 +08:00] [WARN] [global_controller.go:819] ["[resource group controller] resource group name does not exist"] [name=default]
[2026/07/13 01:03:51.037 +08:00] [INFO] [executor.go:7380] ["DDL job is finished"] [category=ddl] [jobID=15]
[2026/07/13 01:03:51.037 +08:00] [INFO] [session.go:5104] ["CRUCIAL OPERATION"] [conn=0] [schemaVersion=7] [cur_db=mysql] [sql="CREATE TABLE IF NOT EXISTS mysql.columns_priv (\n\t\tHost\t\tCHAR(255),\n\t\tDB\t\t\tCHAR(64) CHARSET utf8mb4 COLLATE utf8mb4_general_ci,\n\t\tUser\t\tCHAR(32),\n\t\tTable_name\tCHAR(64) CHARSET utf8mb4 COLLATE utf8mb4_general_ci,\n\t\tColumn_name\tCHAR(64) CHARSET utf8mb4 COLLATE utf8mb4_general_ci,\n\t\tTimestamp\tTIMESTAMP DEFAULT CURRENT_TIMESTAMP,\n\t\tColumn_priv\tSET('Select','Insert','Update','References'),\n\t\tPRIMARY KEY (Host, DB, User, Table_name, Column_name),\n\t\tKEY i_user (User));"] [user=]
[2026/07/13 01:03:51.037 +08:00] [WARN] [global_controller.go:819] ["[resource group controller] resource group name does not exist"] [name=default]
[2026/07/13 01:03:51.037 +08:00] [INFO] [executor.go:7545] ["system variable tidb_scatter_region not found, use default value"] [category=ddl]
[2026/07/13 01:03:51.037 +08:00] [WARN] [global_controller.go:819] ["[resource group controller] resource group name does not exist"] [name=default]
[2026/07/13 01:03:51.037 +08:00] [WARN] [global_controller.go:819] ["[resource group controller] resource group name does not exist"] [name=default]
[2026/07/13 01:03:51.037 +08:00] [INFO] [job_submitter.go:118] ["add DDL jobs"] [category=ddl] ["batch count"=1] [jobs="ID:17, Type:create table, State:queueing, SchemaState:none, SchemaID:1, TableID:16, RowCount:0, ArgLen:1, start time: 2026-07-13 01:03:51.037 +0800 CST, Err:<nil>, ErrCount:0, SnapshotVersion:0, Version: v2; "] [fast_create=true]
[2026/07/13 01:03:51.037 +08:00] [INFO] [executor.go:7260] ["DDL job submitted"] [category=ddl] [job="ID:17, Type:create table, State:queueing, SchemaState:none, SchemaID:1, TableID:16, RowCount:0, ArgLen:1, start time: 2026-07-13 01:03:51.037 +0800 CST, Err:<nil>, ErrCount:0, SnapshotVersion:0, Version: v2"] [query="CREATE TABLE IF NOT EXISTS mysql.global_variables (\n\t\tVARIABLE_NAME  VARCHAR(64) NOT NULL PRIMARY KEY,\n\t\tVARIABLE_VALUE VARCHAR(16383) DEFAULT NULL);"]
[2026/07/13 01:03:51.037 +08:00] [WARN] [global_controller.go:819] ["[resource group controller] resource group name does not exist"] [name=default]
[2026/07/13 01:03:51.038 +08:00] [WARN] [global_controller.go:819] ["[resource group controller] resource group name does not exist"] [name=default]
[2026/07/13 01:03:51.038 +08:00] [INFO] [job_worker.go:854] ["run one job step"] [category=ddl] [jobID=17] [job="ID:17, Type:create table, State:queueing, SchemaState:none, SchemaID:1, TableID:16, RowCount:0, ArgLen:0, start time: 2026-07-13 01:03:51.037 +0800 CST, Err:<nil>, ErrCount:0, SnapshotVersion:0, Version: v2"]
[2026/07/13 01:03:51.038 +08:00] [WARN] [global_controller.go:819] ["[resource group controller] resource group name does not exist"] [name=default]
[2026/07/13 01:03:51.038 +08:00] [WARN] [global_controller.go:819] ["[resource group controller] resource group name does not exist"] [name=default]
[2026/07/13 01:03:51.038 +08:00] [WARN] [global_controller.go:819] ["[resource group controller] resource group name does not exist"] [name=default]
[2026/07/13 01:03:51.038 +08:00] [INFO] [loader.go:216] ["diff load InfoSchema success"] [mode=auto] [isV2=true] [currVer=7] [neededVer=8] [gotVer=8] ["elapsed time"=59µs] [phyTblIDs="[16]"] [actionTypes="[3]"] [diffTypes="[\"create table\"]"]
[2026/07/13 01:03:51.038 +08:00] [INFO] [syncer.go:258] ["session manager is nil"]
[2026/07/13 01:03:51.038 +08:00] [INFO] [syncer.go:281] ["mdl gets lock, update self version to owner"] [jobID=17] [version=8]
[2026/07/13 01:03:51.040 +08:00] [INFO] [schema_version.go:397] ["wait schema version synced success"] [category=ddl] [ver=8] [checkAssumedSvr=false] ["take time"=2.040542ms] [job="ID:17, Type:create table, State:done, SchemaState:public, SchemaID:1, TableID:16, RowCount:0, ArgLen:1, start time: 2026-07-13 01:03:51.037 +0800 CST, Err:<nil>, ErrCount:0, SnapshotVersion:0, Version: v2"] [summary="server count: 1"]
[2026/07/13 01:03:51.040 +08:00] [WARN] [global_controller.go:819] ["[resource group controller] resource group name does not exist"] [name=default]
[2026/07/13 01:03:51.040 +08:00] [WARN] [global_controller.go:819] ["[resource group controller] resource group name does not exist"] [name=default]
[2026/07/13 01:03:51.040 +08:00] [WARN] [global_controller.go:819] ["[resource group controller] resource group name does not exist"] [name=default]
[2026/07/13 01:03:51.040 +08:00] [WARN] [global_controller.go:819] ["[resource group controller] resource group name does not exist"] [name=default]
[2026/07/13 01:03:51.040 +08:00] [WARN] [global_controller.go:819] ["[resource group controller] resource group name does not exist"] [name=default]
[2026/07/13 01:03:51.040 +08:00] [INFO] [job_worker.go:447] ["finish DDL job"] [category=ddl] [jobID=17] [job="ID:17, Type:create table, State:synced, SchemaState:public, SchemaID:1, TableID:16, RowCount:0, ArgLen:0, start time: 2026-07-13 01:03:51.037 +0800 CST, Err:<nil>, ErrCount:0, SnapshotVersion:0, Version: v2"]
[2026/07/13 01:03:51.041 +08:00] [WARN] [global_controller.go:819] ["[resource group controller] resource group name does not exist"] [name=default]
[2026/07/13 01:03:51.041 +08:00] [WARN] [global_controller.go:819] ["[resource group controller] resource group name does not exist"] [name=default]
[2026/07/13 01:03:51.041 +08:00] [WARN] [global_controller.go:819] ["[resource group controller] resource group name does not exist"] [name=default]
[2026/07/13 01:03:51.041 +08:00] [INFO] [executor.go:7380] ["DDL job is finished"] [category=ddl] [jobID=17]
[2026/07/13 01:03:51.041 +08:00] [INFO] [session.go:5104] ["CRUCIAL OPERATION"] [conn=0] [schemaVersion=8] [cur_db=mysql] [sql="CREATE TABLE IF NOT EXISTS mysql.global_variables (\n\t\tVARIABLE_NAME  VARCHAR(64) NOT NULL PRIMARY KEY,\n\t\tVARIABLE_VALUE VARCHAR(16383) DEFAULT NULL);"] [user=]
[2026/07/13 01:03:51.041 +08:00] [INFO] [executor.go:7545] ["system variable tidb_scatter_region not found, use default value"] [category=ddl]
[2026/07/13 01:03:51.041 +08:00] [WARN] [global_controller.go:819] ["[resource group controller] resource group name does not exist"] [name=default]
[2026/07/13 01:03:51.041 +08:00] [WARN] [global_controller.go:819] ["[resource group controller] resource group name does not exist"] [name=default]
[2026/07/13 01:03:51.042 +08:00] [WARN] [global_controller.go:819] ["[resource group controller] resource group name does not exist"] [name=default]
[2026/07/13 01:03:51.042 +08:00] [INFO] [job_submitter.go:118] ["add DDL jobs"] [category=ddl] ["batch count"=1] [jobs="ID:19, Type:create table, State:queueing, SchemaState:none, SchemaID:1, TableID:18, RowCount:0, ArgLen:1, start time: 2026-07-13 01:03:51.041 +0800 CST, Err:<nil>, ErrCount:0, SnapshotVersion:0, Version: v2; "] [fast_create=true]
[2026/07/13 01:03:51.042 +08:00] [INFO] [executor.go:7260] ["DDL job submitted"] [category=ddl] [job="ID:19, Type:create table, State:queueing, SchemaState:none, SchemaID:1, TableID:18, RowCount:0, ArgLen:1, start time: 2026-07-13 01:03:51.041 +0800 CST, Err:<nil>, ErrCount:0, SnapshotVersion:0, Version: v2"] [query="CREATE TABLE IF NOT EXISTS mysql.tidb (\n\t\tVARIABLE_NAME  \tVARCHAR(64) NOT NULL PRIMARY KEY,\n\t\tVARIABLE_VALUE \tVARCHAR(1024) DEFAULT NULL,\n\t\tCOMMENT \t\tVARCHAR(1024));"]
[2026/07/13 01:03:51.042 +08:00] [WARN] [global_controller.go:819] ["[resource group controller] resource group name does not exist"] [name=default]
[2026/07/13 01:03:51.042 +08:00] [WARN] [global_controller.go:819] ["[resource group controller] resource group name does not exist"] [name=default]
[2026/07/13 01:03:51.042 +08:00] [INFO] [job_worker.go:854] ["run one job step"] [category=ddl] [jobID=19] [job="ID:19, Type:create table, State:queueing, SchemaState:none, SchemaID:1, TableID:18, RowCount:0, ArgLen:0, start time: 2026-07-13 01:03:51.041 +0800 CST, Err:<nil>, ErrCount:0, SnapshotVersion:0, Version: v2"]
[2026/07/13 01:03:51.042 +08:00] [WARN] [global_controller.go:819] ["[resource group controller] resource group name does not exist"] [name=default]
[2026/07/13 01:03:51.042 +08:00] [WARN] [global_controller.go:819] ["[resource group controller] resource group name does not exist"] [name=default]
[2026/07/13 01:03:51.043 +08:00] [WARN] [global_controller.go:819] ["[resource group controller] resource group name does not exist"] [name=default]
[2026/07/13 01:03:51.043 +08:00] [INFO] [loader.go:216] ["diff load InfoSchema success"] [mode=auto] [isV2=true] [currVer=8] [neededVer=9] [gotVer=9] ["elapsed time"=58.958µs] [phyTblIDs="[18]"] [actionTypes="[3]"] [diffTypes="[\"create table\"]"]
[2026/07/13 01:03:51.043 +08:00] [INFO] [syncer.go:258] ["session manager is nil"]
[2026/07/13 01:03:51.043 +08:00] [INFO] [syncer.go:281] ["mdl gets lock, update self version to owner"] [jobID=19] [version=9]
[2026/07/13 01:03:51.045 +08:00] [INFO] [schema_version.go:397] ["wait schema version synced success"] [category=ddl] [ver=9] [checkAssumedSvr=false] ["take time"=2.122041ms] [job="ID:19, Type:create table, State:done, SchemaState:public, SchemaID:1, TableID:18, RowCount:0, ArgLen:1, start time: 2026-07-13 01:03:51.041 +0800 CST, Err:<nil>, ErrCount:0, SnapshotVersion:0, Version: v2"] [summary="server count: 1"]
[2026/07/13 01:03:51.045 +08:00] [WARN] [global_controller.go:819] ["[resource group controller] resource group name does not exist"] [name=default]
[2026/07/13 01:03:51.045 +08:00] [WARN] [global_controller.go:819] ["[resource group controller] resource group name does not exist"] [name=default]
[2026/07/13 01:03:51.045 +08:00] [WARN] [global_controller.go:819] ["[resource group controller] resource group name does not exist"] [name=default]
[2026/07/13 01:03:51.045 +08:00] [WARN] [global_controller.go:819] ["[resource group controller] resource group name does not exist"] [name=default]
[2026/07/13 01:03:51.045 +08:00] [WARN] [global_controller.go:819] ["[resource group controller] resource group name does not exist"] [name=default]
[2026/07/13 01:03:51.045 +08:00] [INFO] [job_worker.go:447] ["finish DDL job"] [category=ddl] [jobID=19] [job="ID:19, Type:create table, State:synced, SchemaState:public, SchemaID:1, TableID:18, RowCount:0, ArgLen:0, start time: 2026-07-13 01:03:51.041 +0800 CST, Err:<nil>, ErrCount:0, SnapshotVersion:0, Version: v2"]
[2026/07/13 01:03:51.045 +08:00] [WARN] [global_controller.go:819] ["[resource group controller] resource group name does not exist"] [name=default]
[2026/07/13 01:03:51.046 +08:00] [WARN] [global_controller.go:819] ["[resource group controller] resource group name does not exist"] [name=default]
[2026/07/13 01:03:51.046 +08:00] [WARN] [global_controller.go:819] ["[resource group controller] resource group name does not exist"] [name=default]
[2026/07/13 01:03:51.046 +08:00] [INFO] [executor.go:7380] ["DDL job is finished"] [category=ddl] [jobID=19]
[2026/07/13 01:03:51.046 +08:00] [INFO] [session.go:5104] ["CRUCIAL OPERATION"] [conn=0] [schemaVersion=9] [cur_db=mysql] [sql="CREATE TABLE IF NOT EXISTS mysql.tidb (\n\t\tVARIABLE_NAME  \tVARCHAR(64) NOT NULL PRIMARY KEY,\n\t\tVARIABLE_VALUE \tVARCHAR(1024) DEFAULT NULL,\n\t\tCOMMENT \t\tVARCHAR(1024));"] [user=]
[2026/07/13 01:03:51.046 +08:00] [WARN] [global_controller.go:819] ["[resource group controller] resource group name does not exist"] [name=default]
[2026/07/13 01:03:51.046 +08:00] [INFO] [executor.go:7545] ["system variable tidb_scatter_region not found, use default value"] [category=ddl]
[2026/07/13 01:03:51.046 +08:00] [WARN] [global_controller.go:819] ["[resource group controller] resource group name does not exist"] [name=default]
[2026/07/13 01:03:51.046 +08:00] [WARN] [global_controller.go:819] ["[resource group controller] resource group name does not exist"] [name=default]
[2026/07/13 01:03:51.046 +08:00] [INFO] [job_submitter.go:118] ["add DDL jobs"] [category=ddl] ["batch count"=1] [jobs="ID:21, Type:create table, State:queueing, SchemaState:none, SchemaID:1, TableID:20, RowCount:0, ArgLen:1, start time: 2026-07-13 01:03:51.046 +0800 CST, Err:<nil>, ErrCount:0, SnapshotVersion:0, Version: v2; "] [fast_create=true]
[2026/07/13 01:03:51.046 +08:00] [INFO] [executor.go:7260] ["DDL job submitted"] [category=ddl] [job="ID:21, Type:create table, State:queueing, SchemaState:none, SchemaID:1, TableID:20, RowCount:0, ArgLen:1, start time: 2026-07-13 01:03:51.046 +0800 CST, Err:<nil>, ErrCount:0, SnapshotVersion:0, Version: v2"] [query="CREATE TABLE IF NOT EXISTS mysql.help_topic (\n\t\thelp_topic_id \t\tINT(10) UNSIGNED NOT NULL,\n\t\tname \t\t\t\tCHAR(64) NOT NULL,\n\t\thelp_category_id \tSMALLINT(5) UNSIGNED NOT NULL,\n\t\tdescription \t\tTEXT NOT NULL,\n\t\texample \t\t\tTEXT NOT NULL,\n\t\turl \t\t\t\tTEXT NOT NULL,\n\t\tPRIMARY KEY (help_topic_id) clustered,\n\t\tUNIQUE KEY name (name)\n\t\t) ENGINE=InnoDB DEFAULT CHARSET=utf8 STATS_PERSISTENT=0 COMMENT='help topics';"]
[2026/07/13 01:03:51.047 +08:00] [WARN] [global_controller.go:819] ["[resource group controller] resource group name does not exist"] [name=default]
[2026/07/13 01:03:51.047 +08:00] [WARN] [global_controller.go:819] ["[resource group controller] resource group name does not exist"] [name=default]
[2026/07/13 01:03:51.047 +08:00] [INFO] [job_worker.go:854] ["run one job step"] [category=ddl] [jobID=21] [job="ID:21, Type:create table, State:queueing, SchemaState:none, SchemaID:1, TableID:20, RowCount:0, ArgLen:0, start time: 2026-07-13 01:03:51.046 +0800 CST, Err:<nil>, ErrCount:0, SnapshotVersion:0, Version: v2"]
[2026/07/13 01:03:51.047 +08:00] [WARN] [global_controller.go:819] ["[resource group controller] resource group name does not exist"] [name=default]
[2026/07/13 01:03:51.047 +08:00] [WARN] [global_controller.go:819] ["[resource group controller] resource group name does not exist"] [name=default]
[2026/07/13 01:03:51.047 +08:00] [WARN] [global_controller.go:819] ["[resource group controller] resource group name does not exist"] [name=default]
[2026/07/13 01:03:51.047 +08:00] [INFO] [loader.go:216] ["diff load InfoSchema success"] [mode=auto] [isV2=true] [currVer=9] [neededVer=10] [gotVer=10] ["elapsed time"=82.291µs] [phyTblIDs="[20]"] [actionTypes="[3]"] [diffTypes="[\"create table\"]"]
[2026/07/13 01:03:51.048 +08:00] [INFO] [syncer.go:258] ["session manager is nil"]
[2026/07/13 01:03:51.048 +08:00] [INFO] [syncer.go:281] ["mdl gets lock, update self version to owner"] [jobID=21] [version=10]
[2026/07/13 01:03:51.049 +08:00] [INFO] [schema_version.go:397] ["wait schema version synced success"] [category=ddl] [ver=10] [checkAssumedSvr=false] ["take time"=2.089334ms] [job="ID:21, Type:create table, State:done, SchemaState:public, SchemaID:1, TableID:20, RowCount:0, ArgLen:1, start time: 2026-07-13 01:03:51.046 +0800 CST, Err:<nil>, ErrCount:0, SnapshotVersion:0, Version: v2"] [summary="server count: 1"]
[2026/07/13 01:03:51.049 +08:00] [WARN] [global_controller.go:819] ["[resource group controller] resource group name does not exist"] [name=default]
[2026/07/13 01:03:51.050 +08:00] [WARN] [global_controller.go:819] ["[resource group controller] resource group name does not exist"] [name=default]
[2026/07/13 01:03:51.050 +08:00] [WARN] [global_controller.go:819] ["[resource group controller] resource group name does not exist"] [name=default]
[2026/07/13 01:03:51.050 +08:00] [WARN] [global_controller.go:819] ["[resource group controller] resource group name does not exist"] [name=default]
[2026/07/13 01:03:51.050 +08:00] [WARN] [global_controller.go:819] ["[resource group controller] resource group name does not exist"] [name=default]
[2026/07/13 01:03:51.050 +08:00] [INFO] [job_worker.go:447] ["finish DDL job"] [category=ddl] [jobID=21] [job="ID:21, Type:create table, State:synced, SchemaState:public, SchemaID:1, TableID:20, RowCount:0, ArgLen:0, start time: 2026-07-13 01:03:51.046 +0800 CST, Err:<nil>, ErrCount:0, SnapshotVersion:0, Version: v2"]
[2026/07/13 01:03:51.050 +08:00] [WARN] [global_controller.go:819] ["[resource group controller] resource group name does not exist"] [name=default]
[2026/07/13 01:03:51.050 +08:00] [WARN] [global_controller.go:819] ["[resource group controller] resource group name does not exist"] [name=default]
[2026/07/13 01:03:51.050 +08:00] [WARN] [global_controller.go:819] ["[resource group controller] resource group name does not exist"] [name=default]
[2026/07/13 01:03:51.050 +08:00] [INFO] [executor.go:7380] ["DDL job is finished"] [category=ddl] [jobID=21]
[2026/07/13 01:03:51.050 +08:00] [INFO] [session.go:5104] ["CRUCIAL OPERATION"] [conn=0] [schemaVersion=10] [cur_db=mysql] [sql="CREATE TABLE IF NOT EXISTS mysql.help_topic (\n\t\thelp_topic_id \t\tINT(10) UNSIGNED NOT NULL,\n\t\tname \t\t\t\tCHAR(64) NOT NULL,\n\t\thelp_category_id \tSMALLINT(5) UNSIGNED NOT NULL,\n\t\tdescription \t\tTEXT NOT NULL,\n\t\texample \t\t\tTEXT NOT NULL,\n\t\turl \t\t\t\tTEXT NOT NULL,\n\t\tPRIMARY KEY (help_topic_id) clustered,\n\t\tUNIQUE KEY name (name)\n\t\t) ENGINE=InnoDB DEFAULT CHARSET=utf8 STATS_PERSISTENT=0 COMMENT='help topics';"] [user=]
[2026/07/13 01:03:51.050 +08:00] [WARN] [global_controller.go:819] ["[resource group controller] resource group name does not exist"] [name=default]
[2026/07/13 01:03:51.050 +08:00] [INFO] [executor.go:7545] ["system variable tidb_scatter_region not found, use default value"] [category=ddl]
[2026/07/13 01:03:51.051 +08:00] [WARN] [global_controller.go:819] ["[resource group controller] resource group name does not exist"] [name=default]
[2026/07/13 01:03:51.051 +08:00] [WARN] [global_controller.go:819] ["[resource group controller] resource group name does not exist"] [name=default]
[2026/07/13 01:03:51.051 +08:00] [INFO] [job_submitter.go:118] ["add DDL jobs"] [category=ddl] ["batch count"=1] [jobs="ID:23, Type:create table, State:queueing, SchemaState:none, SchemaID:1, TableID:22, RowCount:0, ArgLen:1, start time: 2026-07-13 01:03:51.051 +0800 CST, Err:<nil>, ErrCount:0, SnapshotVersion:0, Version: v2; "] [fast_create=true]
[2026/07/13 01:03:51.051 +08:00] [INFO] [executor.go:7260] ["DDL job submitted"] [category=ddl] [job="ID:23, Type:create table, State:queueing, SchemaState:none, SchemaID:1, TableID:22, RowCount:0, ArgLen:1, start time: 2026-07-13 01:03:51.051 +0800 CST, Err:<nil>, ErrCount:0, SnapshotVersion:0, Version: v2"] [query="CREATE TABLE IF NOT EXISTS mysql.stats_meta (\n\t\tversion \t\t\t\t\tBIGINT(64) UNSIGNED NOT NULL,\n\t\ttable_id \t\t\t\t\tBIGINT(64) NOT NULL,\n\t\tmodify_count\t\t\t\tBIGINT(64) NOT NULL DEFAULT 0,\n\t\tcount \t\t\t\t\t\tBIGINT(64) UNSIGNED NOT NULL DEFAULT 0,\n\t\tsnapshot        \t\t\tBIGINT(64) UNSIGNED NOT NULL DEFAULT 0,\n\t\tlast_stats_histograms_version \tBIGINT(64) UNSIGNED DEFAULT NULL,\n\t\tPRIMARY KEY (table_id) CLUSTERED,\n\t\tINDEX idx_ver(version)\n\t);"]
[2026/07/13 01:03:51.051 +08:00] [WARN] [global_controller.go:819] ["[resource group controller] resource group name does not exist"] [name=default]
[2026/07/13 01:03:51.052 +08:00] [WARN] [global_controller.go:819] ["[resource group controller] resource group name does not exist"] [name=default]
[2026/07/13 01:03:51.052 +08:00] [INFO] [job_worker.go:854] ["run one job step"] [category=ddl] [jobID=23] [job="ID:23, Type:create table, State:queueing, SchemaState:none, SchemaID:1, TableID:22, RowCount:0, ArgLen:0, start time: 2026-07-13 01:03:51.051 +0800 CST, Err:<nil>, ErrCount:0, SnapshotVersion:0, Version: v2"]
[2026/07/13 01:03:51.052 +08:00] [WARN] [global_controller.go:819] ["[resource group controller] resource group name does not exist"] [name=default]
[2026/07/13 01:03:51.052 +08:00] [WARN] [global_controller.go:819] ["[resource group controller] resource group name does not exist"] [name=default]
[2026/07/13 01:03:51.052 +08:00] [WARN] [global_controller.go:819] ["[resource group controller] resource group name does not exist"] [name=default]
[2026/07/13 01:03:51.052 +08:00] [INFO] [loader.go:216] ["diff load InfoSchema success"] [mode=auto] [isV2=true] [currVer=10] [neededVer=11] [gotVer=11] ["elapsed time"=72.666µs] [phyTblIDs="[22]"] [actionTypes="[3]"] [diffTypes="[\"create table\"]"]
[2026/07/13 01:03:51.052 +08:00] [INFO] [syncer.go:258] ["session manager is nil"]
[2026/07/13 01:03:51.052 +08:00] [INFO] [syncer.go:281] ["mdl gets lock, update self version to owner"] [jobID=23] [version=11]
[2026/07/13 01:03:51.054 +08:00] [INFO] [schema_version.go:397] ["wait schema version synced success"] [category=ddl] [ver=11] [checkAssumedSvr=false] ["take time"=2.046666ms] [job="ID:23, Type:create table, State:done, SchemaState:public, SchemaID:1, TableID:22, RowCount:0, ArgLen:1, start time: 2026-07-13 01:03:51.051 +0800 CST, Err:<nil>, ErrCount:0, SnapshotVersion:0, Version: v2"] [summary="server count: 1"]
[2026/07/13 01:03:51.054 +08:00] [WARN] [global_controller.go:819] ["[resource group controller] resource group name does not exist"] [name=default]
[2026/07/13 01:03:51.054 +08:00] [WARN] [global_controller.go:819] ["[resource group controller] resource group name does not exist"] [name=default]
[2026/07/13 01:03:51.054 +08:00] [WARN] [global_controller.go:819] ["[resource group controller] resource group name does not exist"] [name=default]
[2026/07/13 01:03:51.054 +08:00] [WARN] [global_controller.go:819] ["[resource group controller] resource group name does not exist"] [name=default]
[2026/07/13 01:03:51.055 +08:00] [WARN] [global_controller.go:819] ["[resource group controller] resource group name does not exist"] [name=default]
[2026/07/13 01:03:51.055 +08:00] [INFO] [job_worker.go:447] ["finish DDL job"] [category=ddl] [jobID=23] [job="ID:23, Type:create table, State:synced, SchemaState:public, SchemaID:1, TableID:22, RowCount:0, ArgLen:0, start time: 2026-07-13 01:03:51.051 +0800 CST, Err:<nil>, ErrCount:0, SnapshotVersion:0, Version: v2"]
[2026/07/13 01:03:51.055 +08:00] [WARN] [global_controller.go:819] ["[resource group controller] resource group name does not exist"] [name=default]
[2026/07/13 01:03:51.055 +08:00] [WARN] [global_controller.go:819] ["[resource group controller] resource group name does not exist"] [name=default]
[2026/07/13 01:03:51.055 +08:00] [WARN] [global_controller.go:819] ["[resource group controller] resource group name does not exist"] [name=default]
[2026/07/13 01:03:51.055 +08:00] [INFO] [executor.go:7380] ["DDL job is finished"] [category=ddl] [jobID=23]
[2026/07/13 01:03:51.055 +08:00] [INFO] [session.go:5104] ["CRUCIAL OPERATION"] [conn=0] [schemaVersion=11] [cur_db=mysql] [sql="CREATE TABLE IF NOT EXISTS mysql.stats_meta (\n\t\tversion \t\t\t\t\tBIGINT(64) UNSIGNED NOT NULL,\n\t\ttable_id \t\t\t\t\tBIGINT(64) NOT NULL,\n\t\tmodify_count\t\t\t\tBIGINT(64) NOT NULL DEFAULT 0,\n\t\tcount \t\t\t\t\t\tBIGINT(64) UNSIGNED NOT NULL DEFAULT 0,\n\t\tsnapshot        \t\t\tBIGINT(64) UNSIGNED NOT NULL DEFAULT 0,\n\t\tlast_stats_histograms_version \tBIGINT(64) UNSIGNED DEFAULT NULL,\n\t\tPRIMARY KEY (table_id) CLUSTERED,\n\t\tINDEX idx_ver(version)\n\t);"] [user=]
[2026/07/13 01:03:51.055 +08:00] [WARN] [global_controller.go:819] ["[resource group controller] resource group name does not exist"] [name=default]
[2026/07/13 01:03:51.055 +08:00] [INFO] [add_column.go:1339] ["Automatically convert BLOB(6291456) to MEDIUMBLOB"] [category=ddl]
[2026/07/13 01:03:51.055 +08:00] [INFO] [executor.go:7545] ["system variable tidb_scatter_region not found, use default value"] [category=ddl]
[2026/07/13 01:03:51.056 +08:00] [WARN] [global_controller.go:819] ["[resource group controller] resource group name does not exist"] [name=default]
[2026/07/13 01:03:51.056 +08:00] [WARN] [global_controller.go:819] ["[resource group controller] resource group name does not exist"] [name=default]
[2026/07/13 01:03:51.056 +08:00] [INFO] [job_submitter.go:118] ["add DDL jobs"] [category=ddl] ["batch count"=1] [jobs="ID:25, Type:create table, State:queueing, SchemaState:none, SchemaID:1, TableID:24, RowCount:0, ArgLen:1, start time: 2026-07-13 01:03:51.056 +0800 CST, Err:<nil>, ErrCount:0, SnapshotVersion:0, Version: v2; "] [fast_create=true]
[2026/07/13 01:03:51.056 +08:00] [INFO] [executor.go:7260] ["DDL job submitted"] [category=ddl] [job="ID:25, Type:create table, State:queueing, SchemaState:none, SchemaID:1, TableID:24, RowCount:0, ArgLen:1, start time: 2026-07-13 01:03:51.056 +0800 CST, Err:<nil>, ErrCount:0, SnapshotVersion:0, Version: v2"] [query="CREATE TABLE IF NOT EXISTS mysql.stats_histograms (\n\t\ttable_id \t\t\tBIGINT(64) NOT NULL,\n\t\tis_index \t\t\tTINYINT(2) NOT NULL,\n\t\thist_id \t\t\tBIGINT(64) NOT NULL,\n\t\tdistinct_count \t\tBIGINT(64) NOT NULL,\n\t\tnull_count \t\t\tBIGINT(64) NOT NULL DEFAULT 0,\n\t\ttot_col_size \t\tBIGINT(64) NOT NULL DEFAULT 0,\n\t\tmodify_count \t\tBIGINT(64) NOT NULL DEFAULT 0,\n\t\tversion \t\t\tBIGINT(64) UNSIGNED NOT NULL DEFAULT 0,\n\t\tcm_sketch \t\t\tBLOB(6291456),\n\t\tstats_ver \t\t\tBIGINT(64) NOT NULL DEFAULT 0,\n\t\tflag \t\t\t\tBIGINT(64) NOT NULL DEFAULT 0,\n\t\tcorrelation \t\tDOUBLE NOT NULL DEFAULT 0,\n\t\tlast_analyze_pos \tLONGBLOB DEFAULT NULL,\n\t\tPRIMARY KEY (table_id, is_index, hist_id) CLUSTERED\n\t);"]
[2026/07/13 01:03:51.056 +08:00] [WARN] [global_controller.go:819] ["[resource group controller] resource group name does not exist"] [name=default]
[2026/07/13 01:03:51.056 +08:00] [WARN] [global_controller.go:819] ["[resource group controller] resource group name does not exist"] [name=default]
[2026/07/13 01:03:51.056 +08:00] [INFO] [job_worker.go:854] ["run one job step"] [category=ddl] [jobID=25] [job="ID:25, Type:create table, State:queueing, SchemaState:none, SchemaID:1, TableID:24, RowCount:0, ArgLen:0, start time: 2026-07-13 01:03:51.056 +0800 CST, Err:<nil>, ErrCount:0, SnapshotVersion:0, Version: v2"]
[2026/07/13 01:03:51.057 +08:00] [WARN] [global_controller.go:819] ["[resource group controller] resource group name does not exist"] [name=default]
[2026/07/13 01:03:51.057 +08:00] [WARN] [global_controller.go:819] ["[resource group controller] resource group name does not exist"] [name=default]
[2026/07/13 01:03:51.057 +08:00] [WARN] [global_controller.go:819] ["[resource group controller] resource group name does not exist"] [name=default]
[2026/07/13 01:03:51.057 +08:00] [INFO] [loader.go:216] ["diff load InfoSchema success"] [mode=auto] [isV2=true] [currVer=11] [neededVer=12] [gotVer=12] ["elapsed time"=102.584µs] [phyTblIDs="[24]"] [actionTypes="[3]"] [diffTypes="[\"create table\"]"]
[2026/07/13 01:03:51.057 +08:00] [INFO] [syncer.go:258] ["session manager is nil"]
[2026/07/13 01:03:51.057 +08:00] [INFO] [syncer.go:281] ["mdl gets lock, update self version to owner"] [jobID=25] [version=12]
[2026/07/13 01:03:51.059 +08:00] [INFO] [schema_version.go:397] ["wait schema version synced success"] [category=ddl] [ver=12] [checkAssumedSvr=false] ["take time"=2.183917ms] [job="ID:25, Type:create table, State:done, SchemaState:public, SchemaID:1, TableID:24, RowCount:0, ArgLen:1, start time: 2026-07-13 01:03:51.056 +0800 CST, Err:<nil>, ErrCount:0, SnapshotVersion:0, Version: v2"] [summary="server count: 1"]
[2026/07/13 01:03:51.059 +08:00] [WARN] [global_controller.go:819] ["[resource group controller] resource group name does not exist"] [name=default]
[2026/07/13 01:03:51.059 +08:00] [WARN] [global_controller.go:819] ["[resource group controller] resource group name does not exist"] [name=default]
[2026/07/13 01:03:51.060 +08:00] [WARN] [global_controller.go:819] ["[resource group controller] resource group name does not exist"] [name=default]
[2026/07/13 01:03:51.060 +08:00] [WARN] [global_controller.go:819] ["[resource group controller] resource group name does not exist"] [name=default]
[2026/07/13 01:03:51.060 +08:00] [WARN] [global_controller.go:819] ["[resource group controller] resource group name does not exist"] [name=default]
[2026/07/13 01:03:51.060 +08:00] [INFO] [job_worker.go:447] ["finish DDL job"] [category=ddl] [jobID=25] [job="ID:25, Type:create table, State:synced, SchemaState:public, SchemaID:1, TableID:24, RowCount:0, ArgLen:0, start time: 2026-07-13 01:03:51.056 +0800 CST, Err:<nil>, ErrCount:0, SnapshotVersion:0, Version: v2"]
[2026/07/13 01:03:51.060 +08:00] [WARN] [global_controller.go:819] ["[resource group controller] resource group name does not exist"] [name=default]
[2026/07/13 01:03:51.060 +08:00] [WARN] [global_controller.go:819] ["[resource group controller] resource group name does not exist"] [name=default]
[2026/07/13 01:03:51.061 +08:00] [WARN] [global_controller.go:819] ["[resource group controller] resource group name does not exist"] [name=default]
[2026/07/13 01:03:51.061 +08:00] [INFO] [executor.go:7380] ["DDL job is finished"] [category=ddl] [jobID=25]
[2026/07/13 01:03:51.061 +08:00] [WARN] [global_controller.go:819] ["[resource group controller] resource group name does not exist"] [name=default]
[2026/07/13 01:03:51.061 +08:00] [INFO] [session.go:5104] ["CRUCIAL OPERATION"] [conn=0] [schemaVersion=12] [cur_db=mysql] [sql="CREATE TABLE IF NOT EXISTS mysql.stats_histograms (\n\t\ttable_id \t\t\tBIGINT(64) NOT NULL,\n\t\tis_index \t\t\tTINYINT(2) NOT NULL,\n\t\thist_id \t\t\tBIGINT(64) NOT NULL,\n\t\tdistinct_count \t\tBIGINT(64) NOT NULL,\n\t\tnull_count \t\t\tBIGINT(64) NOT NULL DEFAULT 0,\n\t\ttot_col_size \t\tBIGINT(64) NOT NULL DEFAULT 0,\n\t\tmodify_count \t\tBIGINT(64) NOT NULL DEFAULT 0,\n\t\tversion \t\t\tBIGINT(64) UNSIGNED NOT NULL DEFAULT 0,\n\t\tcm_sketch \t\t\tBLOB(6291456),\n\t\tstats_ver \t\t\tBIGINT(64) NOT NULL DEFAULT 0,\n\t\tflag \t\t\t\tBIGINT(64) NOT NULL DEFAULT 0,\n\t\tcorrelation \t\tDOUBLE NOT NULL DEFAULT 0,\n\t\tlast_analyze_pos \tLONGBLOB DEFAULT NULL,\n\t\tPRIMARY KEY (table_id, is_index, hist_id) CLUSTERED\n\t);"] [user=]
[2026/07/13 01:03:51.061 +08:00] [INFO] [executor.go:7545] ["system variable tidb_scatter_region not found, use default value"] [category=ddl]
[2026/07/13 01:03:51.061 +08:00] [WARN] [global_controller.go:819] ["[resource group controller] resource group name does not exist"] [name=default]
[2026/07/13 01:03:51.061 +08:00] [WARN] [global_controller.go:819] ["[resource group controller] resource group name does not exist"] [name=default]
[2026/07/13 01:03:51.061 +08:00] [INFO] [job_submitter.go:118] ["add DDL jobs"] [category=ddl] ["batch count"=1] [jobs="ID:27, Type:create table, State:queueing, SchemaState:none, SchemaID:1, TableID:26, RowCount:0, ArgLen:1, start time: 2026-07-13 01:03:51.061 +0800 CST, Err:<nil>, ErrCount:0, SnapshotVersion:0, Version: v2; "] [fast_create=true]
[2026/07/13 01:03:51.061 +08:00] [INFO] [executor.go:7260] ["DDL job submitted"] [category=ddl] [job="ID:27, Type:create table, State:queueing, SchemaState:none, SchemaID:1, TableID:26, RowCount:0, ArgLen:1, start time: 2026-07-13 01:03:51.061 +0800 CST, Err:<nil>, ErrCount:0, SnapshotVersion:0, Version: v2"] [query="CREATE TABLE IF NOT EXISTS mysql.stats_buckets (\n\t\ttable_id \tBIGINT(64) NOT NULL,\n\t\tis_index \tTINYINT(2) NOT NULL,\n\t\thist_id \tBIGINT(64) NOT NULL,\n\t\tbucket_id \tBIGINT(64) NOT NULL,\n\t\tcount \t\tBIGINT(64) NOT NULL,\n\t\trepeats \tBIGINT(64) NOT NULL,\n\t\tupper_bound LONGBLOB NOT NULL,\n\t\tlower_bound LONGBLOB ,\n\t\tndv         BIGINT NOT NULL DEFAULT 0,\n\t\tPRIMARY KEY (table_id, is_index, hist_id, bucket_id) CLUSTERED\n\t);"]
[2026/07/13 01:03:51.062 +08:00] [WARN] [global_controller.go:819] ["[resource group controller] resource group name does not exist"] [name=default]
[2026/07/13 01:03:51.062 +08:00] [WARN] [global_controller.go:819] ["[resource group controller] resource group name does not exist"] [name=default]
[2026/07/13 01:03:51.062 +08:00] [INFO] [job_worker.go:854] ["run one job step"] [category=ddl] [jobID=27] [job="ID:27, Type:create table, State:queueing, SchemaState:none, SchemaID:1, TableID:26, RowCount:0, ArgLen:0, start time: 2026-07-13 01:03:51.061 +0800 CST, Err:<nil>, ErrCount:0, SnapshotVersion:0, Version: v2"]
[2026/07/13 01:03:51.062 +08:00] [WARN] [global_controller.go:819] ["[resource group controller] resource group name does not exist"] [name=default]
[2026/07/13 01:03:51.062 +08:00] [WARN] [global_controller.go:819] ["[resource group controller] resource group name does not exist"] [name=default]
[2026/07/13 01:03:51.062 +08:00] [WARN] [global_controller.go:819] ["[resource group controller] resource group name does not exist"] [name=default]
[2026/07/13 01:03:51.062 +08:00] [INFO] [loader.go:216] ["diff load InfoSchema success"] [mode=auto] [isV2=true] [currVer=12] [neededVer=13] [gotVer=13] ["elapsed time"=86µs] [phyTblIDs="[26]"] [actionTypes="[3]"] [diffTypes="[\"create table\"]"]
[2026/07/13 01:03:51.063 +08:00] [INFO] [syncer.go:258] ["session manager is nil"]
[2026/07/13 01:03:51.063 +08:00] [INFO] [syncer.go:281] ["mdl gets lock, update self version to owner"] [jobID=27] [version=13]
[2026/07/13 01:03:51.064 +08:00] [INFO] [schema_version.go:397] ["wait schema version synced success"] [category=ddl] [ver=13] [checkAssumedSvr=false] ["take time"=2.056625ms] [job="ID:27, Type:create table, State:done, SchemaState:public, SchemaID:1, TableID:26, RowCount:0, ArgLen:1, start time: 2026-07-13 01:03:51.061 +0800 CST, Err:<nil>, ErrCount:0, SnapshotVersion:0, Version: v2"] [summary="server count: 1"]
[2026/07/13 01:03:51.065 +08:00] [WARN] [global_controller.go:819] ["[resource group controller] resource group name does not exist"] [name=default]
[2026/07/13 01:03:51.065 +08:00] [WARN] [global_controller.go:819] ["[resource group controller] resource group name does not exist"] [name=default]
[2026/07/13 01:03:51.065 +08:00] [WARN] [global_controller.go:819] ["[resource group controller] resource group name does not exist"] [name=default]
[2026/07/13 01:03:51.065 +08:00] [WARN] [global_controller.go:819] ["[resource group controller] resource group name does not exist"] [name=default]
[2026/07/13 01:03:51.065 +08:00] [WARN] [global_controller.go:819] ["[resource group controller] resource group name does not exist"] [name=default]
[2026/07/13 01:03:51.065 +08:00] [INFO] [job_worker.go:447] ["finish DDL job"] [category=ddl] [jobID=27] [job="ID:27, Type:create table, State:synced, SchemaState:public, SchemaID:1, TableID:26, RowCount:0, ArgLen:0, start time: 2026-07-13 01:03:51.061 +0800 CST, Err:<nil>, ErrCount:0, SnapshotVersion:0, Version: v2"]
[2026/07/13 01:03:51.065 +08:00] [WARN] [global_controller.go:819] ["[resource group controller] resource group name does not exist"] [name=default]
[2026/07/13 01:03:51.065 +08:00] [WARN] [global_controller.go:819] ["[resource group controller] resource group name does not exist"] [name=default]
[2026/07/13 01:03:51.065 +08:00] [WARN] [global_controller.go:819] ["[resource group controller] resource group name does not exist"] [name=default]
[2026/07/13 01:03:51.066 +08:00] [INFO] [executor.go:7380] ["DDL job is finished"] [category=ddl] [jobID=27]
[2026/07/13 01:03:51.066 +08:00] [INFO] [session.go:5104] ["CRUCIAL OPERATION"] [conn=0] [schemaVersion=13] [cur_db=mysql] [sql="CREATE TABLE IF NOT EXISTS mysql.stats_buckets (\n\t\ttable_id \tBIGINT(64) NOT NULL,\n\t\tis_index \tTINYINT(2) NOT NULL,\n\t\thist_id \tBIGINT(64) NOT NULL,\n\t\tbucket_id \tBIGINT(64) NOT NULL,\n\t\tcount \t\tBIGINT(64) NOT NULL,\n\t\trepeats \tBIGINT(64) NOT NULL,\n\t\tupper_bound LONGBLOB NOT NULL,\n\t\tlower_bound LONGBLOB ,\n\t\tndv         BIGINT NOT NULL DEFAULT 0,\n\t\tPRIMARY KEY (table_id, is_index, hist_id, bucket_id) CLUSTERED\n\t);"] [user=]
[2026/07/13 01:03:51.066 +08:00] [WARN] [global_controller.go:819] ["[resource group controller] resource group name does not exist"] [name=default]
[2026/07/13 01:03:51.066 +08:00] [INFO] [executor.go:7545] ["system variable tidb_scatter_region not found, use default value"] [category=ddl]
[2026/07/13 01:03:51.066 +08:00] [WARN] [global_controller.go:819] ["[resource group controller] resource group name does not exist"] [name=default]
[2026/07/13 01:03:51.066 +08:00] [WARN] [global_controller.go:819] ["[resource group controller] resource group name does not exist"] [name=default]
[2026/07/13 01:03:51.066 +08:00] [INFO] [job_submitter.go:118] ["add DDL jobs"] [category=ddl] ["batch count"=1] [jobs="ID:29, Type:create table, State:queueing, SchemaState:none, SchemaID:1, TableID:28, RowCount:0, ArgLen:1, start time: 2026-07-13 01:03:51.066 +0800 CST, Err:<nil>, ErrCount:0, SnapshotVersion:0, Version: v2; "] [fast_create=true]
[2026/07/13 01:03:51.066 +08:00] [INFO] [executor.go:7260] ["DDL job submitted"] [category=ddl] [job="ID:29, Type:create table, State:queueing, SchemaState:none, SchemaID:1, TableID:28, RowCount:0, ArgLen:1, start time: 2026-07-13 01:03:51.066 +0800 CST, Err:<nil>, ErrCount:0, SnapshotVersion:0, Version: v2"] [query="CREATE TABLE IF NOT EXISTS mysql.gc_delete_range (\n\t\tjob_id \t\tBIGINT NOT NULL COMMENT \"the DDL job ID\",\n\t\telement_id \tBIGINT NOT NULL COMMENT \"the schema element ID\",\n\t\tstart_key \tVARCHAR(255) NOT NULL COMMENT \"encoded in hex\",\n\t\tend_key \tVARCHAR(255) NOT NULL COMMENT \"encoded in hex\",\n\t\tts \t\t\tBIGINT NOT NULL COMMENT \"timestamp in uint64\",\n\t\tUNIQUE KEY delete_range_index (job_id, element_id)\n\t);"]
[2026/07/13 01:03:51.066 +08:00] [WARN] [global_controller.go:819] ["[resource group controller] resource group name does not exist"] [name=default]
[2026/07/13 01:03:51.066 +08:00] [WARN] [global_controller.go:819] ["[resource group controller] resource group name does not exist"] [name=default]
[2026/07/13 01:03:51.066 +08:00] [INFO] [job_worker.go:854] ["run one job step"] [category=ddl] [jobID=29] [job="ID:29, Type:create table, State:queueing, SchemaState:none, SchemaID:1, TableID:28, RowCount:0, ArgLen:0, start time: 2026-07-13 01:03:51.066 +0800 CST, Err:<nil>, ErrCount:0, SnapshotVersion:0, Version: v2"]
[2026/07/13 01:03:51.067 +08:00] [WARN] [global_controller.go:819] ["[resource group controller] resource group name does not exist"] [name=default]
[2026/07/13 01:03:51.067 +08:00] [WARN] [global_controller.go:819] ["[resource group controller] resource group name does not exist"] [name=default]
[2026/07/13 01:03:51.067 +08:00] [WARN] [global_controller.go:819] ["[resource group controller] resource group name does not exist"] [name=default]
[2026/07/13 01:03:51.067 +08:00] [INFO] [loader.go:216] ["diff load InfoSchema success"] [mode=auto] [isV2=true] [currVer=13] [neededVer=14] [gotVer=14] ["elapsed time"=82.417µs] [phyTblIDs="[28]"] [actionTypes="[3]"] [diffTypes="[\"create table\"]"]
[2026/07/13 01:03:51.067 +08:00] [INFO] [syncer.go:258] ["session manager is nil"]
[2026/07/13 01:03:51.067 +08:00] [INFO] [syncer.go:281] ["mdl gets lock, update self version to owner"] [jobID=29] [version=14]
[2026/07/13 01:03:51.069 +08:00] [INFO] [schema_version.go:397] ["wait schema version synced success"] [category=ddl] [ver=14] [checkAssumedSvr=false] ["take time"=2.193208ms] [job="ID:29, Type:create table, State:done, SchemaState:public, SchemaID:1, TableID:28, RowCount:0, ArgLen:1, start time: 2026-07-13 01:03:51.066 +0800 CST, Err:<nil>, ErrCount:0, SnapshotVersion:0, Version: v2"] [summary="server count: 1"]
[2026/07/13 01:03:51.069 +08:00] [WARN] [global_controller.go:819] ["[resource group controller] resource group name does not exist"] [name=default]
[2026/07/13 01:03:51.069 +08:00] [WARN] [global_controller.go:819] ["[resource group controller] resource group name does not exist"] [name=default]
[2026/07/13 01:03:51.070 +08:00] [WARN] [global_controller.go:819] ["[resource group controller] resource group name does not exist"] [name=default]
[2026/07/13 01:03:51.070 +08:00] [WARN] [global_controller.go:819] ["[resource group controller] resource group name does not exist"] [name=default]
[2026/07/13 01:03:51.070 +08:00] [WARN] [global_controller.go:819] ["[resource group controller] resource group name does not exist"] [name=default]
[2026/07/13 01:03:51.070 +08:00] [INFO] [job_worker.go:447] ["finish DDL job"] [category=ddl] [jobID=29] [job="ID:29, Type:create table, State:synced, SchemaState:public, SchemaID:1, TableID:28, RowCount:0, ArgLen:0, start time: 2026-07-13 01:03:51.066 +0800 CST, Err:<nil>, ErrCount:0, SnapshotVersion:0, Version: v2"]
[2026/07/13 01:03:51.070 +08:00] [WARN] [global_controller.go:819] ["[resource group controller] resource group name does not exist"] [name=default]
[2026/07/13 01:03:51.070 +08:00] [WARN] [global_controller.go:819] ["[resource group controller] resource group name does not exist"] [name=default]
[2026/07/13 01:03:51.070 +08:00] [WARN] [global_controller.go:819] ["[resource group controller] resource group name does not exist"] [name=default]
[2026/07/13 01:03:51.070 +08:00] [INFO] [executor.go:7380] ["DDL job is finished"] [category=ddl] [jobID=29]
[2026/07/13 01:03:51.070 +08:00] [INFO] [session.go:5104] ["CRUCIAL OPERATION"] [conn=0] [schemaVersion=14] [cur_db=mysql] [sql="CREATE TABLE IF NOT EXISTS mysql.gc_delete_range (\n\t\tjob_id \t\tBIGINT NOT NULL COMMENT \"the DDL job ID\",\n\t\telement_id \tBIGINT NOT NULL COMMENT \"the schema element ID\",\n\t\tstart_key \tVARCHAR(255) NOT NULL COMMENT \"encoded in hex\",\n\t\tend_key \tVARCHAR(255) NOT NULL COMMENT \"encoded in hex\",\n\t\tts \t\t\tBIGINT NOT NULL COMMENT \"timestamp in uint64\",\n\t\tUNIQUE KEY delete_range_index (job_id, element_id)\n\t);"] [user=]
[2026/07/13 01:03:51.070 +08:00] [INFO] [executor.go:7545] ["system variable tidb_scatter_region not found, use default value"] [category=ddl]
[2026/07/13 01:03:51.070 +08:00] [WARN] [global_controller.go:819] ["[resource group controller] resource group name does not exist"] [name=default]
[2026/07/13 01:03:51.070 +08:00] [WARN] [global_controller.go:819] ["[resource group controller] resource group name does not exist"] [name=default]
[2026/07/13 01:03:51.071 +08:00] [WARN] [global_controller.go:819] ["[resource group controller] resource group name does not exist"] [name=default]
[2026/07/13 01:03:51.071 +08:00] [INFO] [job_submitter.go:118] ["add DDL jobs"] [category=ddl] ["batch count"=1] [jobs="ID:31, Type:create table, State:queueing, SchemaState:none, SchemaID:1, TableID:30, RowCount:0, ArgLen:1, start time: 2026-07-13 01:03:51.07 +0800 CST, Err:<nil>, ErrCount:0, SnapshotVersion:0, Version: v2; "] [fast_create=true]
[2026/07/13 01:03:51.071 +08:00] [INFO] [executor.go:7260] ["DDL job submitted"] [category=ddl] [job="ID:31, Type:create table, State:queueing, SchemaState:none, SchemaID:1, TableID:30, RowCount:0, ArgLen:1, start time: 2026-07-13 01:03:51.07 +0800 CST, Err:<nil>, ErrCount:0, SnapshotVersion:0, Version: v2"] [query="CREATE TABLE IF NOT EXISTS mysql.gc_delete_range_done (\n\t\tjob_id \t\tBIGINT NOT NULL COMMENT \"the DDL job ID\",\n\t\telement_id \tBIGINT NOT NULL COMMENT \"the schema element ID\",\n\t\tstart_key \tVARCHAR(255) NOT NULL COMMENT \"encoded in hex\",\n\t\tend_key \tVARCHAR(255) NOT NULL COMMENT \"encoded in hex\",\n\t\tts \t\t\tBIGINT NOT NULL COMMENT \"timestamp in uint64\",\n\t\tUNIQUE KEY delete_range_done_index (job_id, element_id)\n\t);"]
[2026/07/13 01:03:51.071 +08:00] [WARN] [global_controller.go:819] ["[resource group controller] resource group name does not exist"] [name=default]
[2026/07/13 01:03:51.071 +08:00] [WARN] [global_controller.go:819] ["[resource group controller] resource group name does not exist"] [name=default]
[2026/07/13 01:03:51.071 +08:00] [INFO] [job_worker.go:854] ["run one job step"] [category=ddl] [jobID=31] [job="ID:31, Type:create table, State:queueing, SchemaState:none, SchemaID:1, TableID:30, RowCount:0, ArgLen:0, start time: 2026-07-13 01:03:51.07 +0800 CST, Err:<nil>, ErrCount:0, SnapshotVersion:0, Version: v2"]
[2026/07/13 01:03:51.071 +08:00] [WARN] [global_controller.go:819] ["[resource group controller] resource group name does not exist"] [name=default]
[2026/07/13 01:03:51.071 +08:00] [WARN] [global_controller.go:819] ["[resource group controller] resource group name does not exist"] [name=default]
[2026/07/13 01:03:51.071 +08:00] [WARN] [global_controller.go:819] ["[resource group controller] resource group name does not exist"] [name=default]
[2026/07/13 01:03:51.072 +08:00] [INFO] [loader.go:216] ["diff load InfoSchema success"] [mode=auto] [isV2=true] [currVer=14] [neededVer=15] [gotVer=15] ["elapsed time"=71.042µs] [phyTblIDs="[30]"] [actionTypes="[3]"] [diffTypes="[\"create table\"]"]
[2026/07/13 01:03:51.072 +08:00] [INFO] [syncer.go:258] ["session manager is nil"]
[2026/07/13 01:03:51.072 +08:00] [INFO] [syncer.go:281] ["mdl gets lock, update self version to owner"] [jobID=31] [version=15]
[2026/07/13 01:03:51.074 +08:00] [INFO] [schema_version.go:397] ["wait schema version synced success"] [category=ddl] [ver=15] [checkAssumedSvr=false] ["take time"=2.108334ms] [job="ID:31, Type:create table, State:done, SchemaState:public, SchemaID:1, TableID:30, RowCount:0, ArgLen:1, start time: 2026-07-13 01:03:51.07 +0800 CST, Err:<nil>, ErrCount:0, SnapshotVersion:0, Version: v2"] [summary="server count: 1"]
[2026/07/13 01:03:51.074 +08:00] [WARN] [global_controller.go:819] ["[resource group controller] resource group name does not exist"] [name=default]
[2026/07/13 01:03:51.074 +08:00] [WARN] [global_controller.go:819] ["[resource group controller] resource group name does not exist"] [name=default]
[2026/07/13 01:03:51.074 +08:00] [WARN] [global_controller.go:819] ["[resource group controller] resource group name does not exist"] [name=default]
[2026/07/13 01:03:51.074 +08:00] [WARN] [global_controller.go:819] ["[resource group controller] resource group name does not exist"] [name=default]
[2026/07/13 01:03:51.074 +08:00] [WARN] [global_controller.go:819] ["[resource group controller] resource group name does not exist"] [name=default]
[2026/07/13 01:03:51.074 +08:00] [INFO] [job_worker.go:447] ["finish DDL job"] [category=ddl] [jobID=31] [job="ID:31, Type:create table, State:synced, SchemaState:public, SchemaID:1, TableID:30, RowCount:0, ArgLen:0, start time: 2026-07-13 01:03:51.07 +0800 CST, Err:<nil>, ErrCount:0, SnapshotVersion:0, Version: v2"]
[2026/07/13 01:03:51.074 +08:00] [WARN] [global_controller.go:819] ["[resource group controller] resource group name does not exist"] [name=default]
[2026/07/13 01:03:51.075 +08:00] [WARN] [global_controller.go:819] ["[resource group controller] resource group name does not exist"] [name=default]
[2026/07/13 01:03:51.075 +08:00] [WARN] [global_controller.go:819] ["[resource group controller] resource group name does not exist"] [name=default]
[2026/07/13 01:03:51.075 +08:00] [INFO] [executor.go:7380] ["DDL job is finished"] [category=ddl] [jobID=31]
[2026/07/13 01:03:51.075 +08:00] [INFO] [session.go:5104] ["CRUCIAL OPERATION"] [conn=0] [schemaVersion=15] [cur_db=mysql] [sql="CREATE TABLE IF NOT EXISTS mysql.gc_delete_range_done (\n\t\tjob_id \t\tBIGINT NOT NULL COMMENT \"the DDL job ID\",\n\t\telement_id \tBIGINT NOT NULL COMMENT \"the schema element ID\",\n\t\tstart_key \tVARCHAR(255) NOT NULL COMMENT \"encoded in hex\",\n\t\tend_key \tVARCHAR(255) NOT NULL COMMENT \"encoded in hex\",\n\t\tts \t\t\tBIGINT NOT NULL COMMENT \"timestamp in uint64\",\n\t\tUNIQUE KEY delete_range_done_index (job_id, element_id)\n\t);"] [user=]
[2026/07/13 01:03:51.075 +08:00] [INFO] [executor.go:7545] ["system variable tidb_scatter_region not found, use default value"] [category=ddl]
[2026/07/13 01:03:51.075 +08:00] [WARN] [global_controller.go:819] ["[resource group controller] resource group name does not exist"] [name=default]
[2026/07/13 01:03:51.075 +08:00] [WARN] [global_controller.go:819] ["[resource group controller] resource group name does not exist"] [name=default]
[2026/07/13 01:03:51.076 +08:00] [WARN] [global_controller.go:819] ["[resource group controller] resource group name does not exist"] [name=default]
[2026/07/13 01:03:51.076 +08:00] [INFO] [job_submitter.go:118] ["add DDL jobs"] [category=ddl] ["batch count"=1] [jobs="ID:33, Type:create table, State:queueing, SchemaState:none, SchemaID:1, TableID:32, RowCount:0, ArgLen:1, start time: 2026-07-13 01:03:51.075 +0800 CST, Err:<nil>, ErrCount:0, SnapshotVersion:0, Version: v2; "] [fast_create=true]
[2026/07/13 01:03:51.076 +08:00] [INFO] [executor.go:7260] ["DDL job submitted"] [category=ddl] [job="ID:33, Type:create table, State:queueing, SchemaState:none, SchemaID:1, TableID:32, RowCount:0, ArgLen:1, start time: 2026-07-13 01:03:51.075 +0800 CST, Err:<nil>, ErrCount:0, SnapshotVersion:0, Version: v2"] [query="CREATE TABLE IF NOT EXISTS mysql.stats_feedback (\n\t\ttable_id \tBIGINT(64) NOT NULL,\n\t\tis_index \tTINYINT(2) NOT NULL,\n\t\thist_id \tBIGINT(64) NOT NULL,\n\t\tfeedback \tBLOB NOT NULL,\n\t\tINDEX hist(table_id, is_index, hist_id)\n\t);"]
[2026/07/13 01:03:51.076 +08:00] [WARN] [global_controller.go:819] ["[resource group controller] resource group name does not exist"] [name=default]
[2026/07/13 01:03:51.076 +08:00] [WARN] [global_controller.go:819] ["[resource group controller] resource group name does not exist"] [name=default]
[2026/07/13 01:03:51.076 +08:00] [INFO] [job_worker.go:854] ["run one job step"] [category=ddl] [jobID=33] [job="ID:33, Type:create table, State:queueing, SchemaState:none, SchemaID:1, TableID:32, RowCount:0, ArgLen:0, start time: 2026-07-13 01:03:51.075 +0800 CST, Err:<nil>, ErrCount:0, SnapshotVersion:0, Version: v2"]
[2026/07/13 01:03:51.076 +08:00] [WARN] [global_controller.go:819] ["[resource group controller] resource group name does not exist"] [name=default]
[2026/07/13 01:03:51.076 +08:00] [WARN] [global_controller.go:819] ["[resource group controller] resource group name does not exist"] [name=default]
[2026/07/13 01:03:51.076 +08:00] [WARN] [global_controller.go:819] ["[resource group controller] resource group name does not exist"] [name=default]
[2026/07/13 01:03:51.077 +08:00] [INFO] [loader.go:216] ["diff load InfoSchema success"] [mode=auto] [isV2=true] [currVer=15] [neededVer=16] [gotVer=16] ["elapsed time"=62.75µs] [phyTblIDs="[32]"] [actionTypes="[3]"] [diffTypes="[\"create table\"]"]
[2026/07/13 01:03:51.077 +08:00] [INFO] [syncer.go:258] ["session manager is nil"]
[2026/07/13 01:03:51.077 +08:00] [INFO] [syncer.go:281] ["mdl gets lock, update self version to owner"] [jobID=33] [version=16]
[2026/07/13 01:03:51.079 +08:00] [INFO] [schema_version.go:397] ["wait schema version synced success"] [category=ddl] [ver=16] [checkAssumedSvr=false] ["take time"=2.115292ms] [job="ID:33, Type:create table, State:done, SchemaState:public, SchemaID:1, TableID:32, RowCount:0, ArgLen:1, start time: 2026-07-13 01:03:51.075 +0800 CST, Err:<nil>, ErrCount:0, SnapshotVersion:0, Version: v2"] [summary="server count: 1"]
[2026/07/13 01:03:51.079 +08:00] [WARN] [global_controller.go:819] ["[resource group controller] resource group name does not exist"] [name=default]
[2026/07/13 01:03:51.079 +08:00] [WARN] [global_controller.go:819] ["[resource group controller] resource group name does not exist"] [name=default]
[2026/07/13 01:03:51.079 +08:00] [WARN] [global_controller.go:819] ["[resource group controller] resource group name does not exist"] [name=default]
[2026/07/13 01:03:51.079 +08:00] [WARN] [global_controller.go:819] ["[resource group controller] resource group name does not exist"] [name=default]
[2026/07/13 01:03:51.079 +08:00] [WARN] [global_controller.go:819] ["[resource group controller] resource group name does not exist"] [name=default]
[2026/07/13 01:03:51.079 +08:00] [INFO] [job_worker.go:447] ["finish DDL job"] [category=ddl] [jobID=33] [job="ID:33, Type:create table, State:synced, SchemaState:public, SchemaID:1, TableID:32, RowCount:0, ArgLen:0, start time: 2026-07-13 01:03:51.075 +0800 CST, Err:<nil>, ErrCount:0, SnapshotVersion:0, Version: v2"]
[2026/07/13 01:03:51.079 +08:00] [WARN] [global_controller.go:819] ["[resource group controller] resource group name does not exist"] [name=default]
[2026/07/13 01:03:51.079 +08:00] [WARN] [global_controller.go:819] ["[resource group controller] resource group name does not exist"] [name=default]
[2026/07/13 01:03:51.080 +08:00] [WARN] [global_controller.go:819] ["[resource group controller] resource group name does not exist"] [name=default]
[2026/07/13 01:03:51.080 +08:00] [INFO] [executor.go:7380] ["DDL job is finished"] [category=ddl] [jobID=33]
[2026/07/13 01:03:51.080 +08:00] [INFO] [session.go:5104] ["CRUCIAL OPERATION"] [conn=0] [schemaVersion=16] [cur_db=mysql] [sql="CREATE TABLE IF NOT EXISTS mysql.stats_feedback (\n\t\ttable_id \tBIGINT(64) NOT NULL,\n\t\tis_index \tTINYINT(2) NOT NULL,\n\t\thist_id \tBIGINT(64) NOT NULL,\n\t\tfeedback \tBLOB NOT NULL,\n\t\tINDEX hist(table_id, is_index, hist_id)\n\t);"] [user=]
[2026/07/13 01:03:51.080 +08:00] [WARN] [global_controller.go:819] ["[resource group controller] resource group name does not exist"] [name=default]
[2026/07/13 01:03:51.080 +08:00] [INFO] [executor.go:7545] ["system variable tidb_scatter_region not found, use default value"] [category=ddl]
[2026/07/13 01:03:51.080 +08:00] [WARN] [global_controller.go:819] ["[resource group controller] resource group name does not exist"] [name=default]
[2026/07/13 01:03:51.080 +08:00] [WARN] [global_controller.go:819] ["[resource group controller] resource group name does not exist"] [name=default]
[2026/07/13 01:03:51.080 +08:00] [INFO] [job_submitter.go:118] ["add DDL jobs"] [category=ddl] ["batch count"=1] [jobs="ID:35, Type:create table, State:queueing, SchemaState:none, SchemaID:1, TableID:34, RowCount:0, ArgLen:1, start time: 2026-07-13 01:03:51.08 +0800 CST, Err:<nil>, ErrCount:0, SnapshotVersion:0, Version: v2; "] [fast_create=true]
[2026/07/13 01:03:51.080 +08:00] [INFO] [executor.go:7260] ["DDL job submitted"] [category=ddl] [job="ID:35, Type:create table, State:queueing, SchemaState:none, SchemaID:1, TableID:34, RowCount:0, ArgLen:1, start time: 2026-07-13 01:03:51.08 +0800 CST, Err:<nil>, ErrCount:0, SnapshotVersion:0, Version: v2"] [query="CREATE TABLE IF NOT EXISTS mysql.role_edges (\n\t\tFROM_HOST \t\t\tCHAR(60) COLLATE utf8_bin NOT NULL DEFAULT '',\n\t\tFROM_USER \t\t\tCHAR(32) COLLATE utf8_bin NOT NULL DEFAULT '',\n\t\tTO_HOST \t\t\tCHAR(60) COLLATE utf8_bin NOT NULL DEFAULT '',\n\t\tTO_USER \t\t\tCHAR(32) COLLATE utf8_bin NOT NULL DEFAULT '',\n\t\tWITH_ADMIN_OPTION \tENUM('N','Y') CHARACTER SET utf8 COLLATE utf8_general_ci NOT NULL DEFAULT 'N',\n\t\tPRIMARY KEY (FROM_HOST,FROM_USER,TO_HOST,TO_USER)\n\t);"]
[2026/07/13 01:03:51.080 +08:00] [WARN] [global_controller.go:819] ["[resource group controller] resource group name does not exist"] [name=default]
[2026/07/13 01:03:51.080 +08:00] [WARN] [global_controller.go:819] ["[resource group controller] resource group name does not exist"] [name=default]
[2026/07/13 01:03:51.080 +08:00] [INFO] [job_worker.go:854] ["run one job step"] [category=ddl] [jobID=35] [job="ID:35, Type:create table, State:queueing, SchemaState:none, SchemaID:1, TableID:34, RowCount:0, ArgLen:0, start time: 2026-07-13 01:03:51.08 +0800 CST, Err:<nil>, ErrCount:0, SnapshotVersion:0, Version: v2"]
[2026/07/13 01:03:51.081 +08:00] [WARN] [global_controller.go:819] ["[resource group controller] resource group name does not exist"] [name=default]
[2026/07/13 01:03:51.081 +08:00] [WARN] [global_controller.go:819] ["[resource group controller] resource group name does not exist"] [name=default]
[2026/07/13 01:03:51.081 +08:00] [WARN] [global_controller.go:819] ["[resource group controller] resource group name does not exist"] [name=default]
[2026/07/13 01:03:51.081 +08:00] [INFO] [loader.go:216] ["diff load InfoSchema success"] [mode=auto] [isV2=true] [currVer=16] [neededVer=17] [gotVer=17] ["elapsed time"=68.75µs] [phyTblIDs="[34]"] [actionTypes="[3]"] [diffTypes="[\"create table\"]"]
[2026/07/13 01:03:51.081 +08:00] [INFO] [syncer.go:258] ["session manager is nil"]
[2026/07/13 01:03:51.081 +08:00] [INFO] [syncer.go:281] ["mdl gets lock, update self version to owner"] [jobID=35] [version=17]
[2026/07/13 01:03:51.083 +08:00] [INFO] [schema_version.go:397] ["wait schema version synced success"] [category=ddl] [ver=17] [checkAssumedSvr=false] ["take time"=2.194708ms] [job="ID:35, Type:create table, State:done, SchemaState:public, SchemaID:1, TableID:34, RowCount:0, ArgLen:1, start time: 2026-07-13 01:03:51.08 +0800 CST, Err:<nil>, ErrCount:0, SnapshotVersion:0, Version: v2"] [summary="server count: 1"]
[2026/07/13 01:03:51.083 +08:00] [WARN] [global_controller.go:819] ["[resource group controller] resource group name does not exist"] [name=default]
[2026/07/13 01:03:51.083 +08:00] [WARN] [global_controller.go:819] ["[resource group controller] resource group name does not exist"] [name=default]
[2026/07/13 01:03:51.084 +08:00] [WARN] [global_controller.go:819] ["[resource group controller] resource group name does not exist"] [name=default]
[2026/07/13 01:03:51.084 +08:00] [WARN] [global_controller.go:819] ["[resource group controller] resource group name does not exist"] [name=default]
[2026/07/13 01:03:51.084 +08:00] [WARN] [global_controller.go:819] ["[resource group controller] resource group name does not exist"] [name=default]
[2026/07/13 01:03:51.084 +08:00] [INFO] [job_worker.go:447] ["finish DDL job"] [category=ddl] [jobID=35] [job="ID:35, Type:create table, State:synced, SchemaState:public, SchemaID:1, TableID:34, RowCount:0, ArgLen:0, start time: 2026-07-13 01:03:51.08 +0800 CST, Err:<nil>, ErrCount:0, SnapshotVersion:0, Version: v2"]
[2026/07/13 01:03:51.084 +08:00] [WARN] [global_controller.go:819] ["[resource group controller] resource group name does not exist"] [name=default]
[2026/07/13 01:03:51.084 +08:00] [WARN] [global_controller.go:819] ["[resource group controller] resource group name does not exist"] [name=default]
[2026/07/13 01:03:51.084 +08:00] [WARN] [global_controller.go:819] ["[resource group controller] resource group name does not exist"] [name=default]
[2026/07/13 01:03:51.084 +08:00] [WARN] [global_controller.go:819] ["[resource group controller] resource group name does not exist"] [name=default]
[2026/07/13 01:03:51.084 +08:00] [INFO] [executor.go:7380] ["DDL job is finished"] [category=ddl] [jobID=35]
[2026/07/13 01:03:51.084 +08:00] [INFO] [session.go:5104] ["CRUCIAL OPERATION"] [conn=0] [schemaVersion=17] [cur_db=mysql] [sql="CREATE TABLE IF NOT EXISTS mysql.role_edges (\n\t\tFROM_HOST \t\t\tCHAR(60) COLLATE utf8_bin NOT NULL DEFAULT '',\n\t\tFROM_USER \t\t\tCHAR(32) COLLATE utf8_bin NOT NULL DEFAULT '',\n\t\tTO_HOST \t\t\tCHAR(60) COLLATE utf8_bin NOT NULL DEFAULT '',\n\t\tTO_USER \t\t\tCHAR(32) COLLATE utf8_bin NOT NULL DEFAULT '',\n\t\tWITH_ADMIN_OPTION \tENUM('N','Y') CHARACTER SET utf8 COLLATE utf8_general_ci NOT NULL DEFAULT 'N',\n\t\tPRIMARY KEY (FROM_HOST,FROM_USER,TO_HOST,TO_USER)\n\t);"] [user=]
[2026/07/13 01:03:51.084 +08:00] [WARN] [global_controller.go:819] ["[resource group controller] resource group name does not exist"] [name=default]
[2026/07/13 01:03:51.084 +08:00] [INFO] [executor.go:7545] ["system variable tidb_scatter_region not found, use default value"] [category=ddl]
[2026/07/13 01:03:51.085 +08:00] [WARN] [global_controller.go:819] ["[resource group controller] resource group name does not exist"] [name=default]
[2026/07/13 01:03:51.085 +08:00] [WARN] [global_controller.go:819] ["[resource group controller] resource group name does not exist"] [name=default]
[2026/07/13 01:03:51.085 +08:00] [INFO] [job_submitter.go:118] ["add DDL jobs"] [category=ddl] ["batch count"=1] [jobs="ID:37, Type:create table, State:queueing, SchemaState:none, SchemaID:1, TableID:36, RowCount:0, ArgLen:1, start time: 2026-07-13 01:03:51.085 +0800 CST, Err:<nil>, ErrCount:0, SnapshotVersion:0, Version: v2; "] [fast_create=true]
[2026/07/13 01:03:51.085 +08:00] [INFO] [executor.go:7260] ["DDL job submitted"] [category=ddl] [job="ID:37, Type:create table, State:queueing, SchemaState:none, SchemaID:1, TableID:36, RowCount:0, ArgLen:1, start time: 2026-07-13 01:03:51.085 +0800 CST, Err:<nil>, ErrCount:0, SnapshotVersion:0, Version: v2"] [query="CREATE TABLE IF NOT EXISTS mysql.default_roles (\n\t\tHOST \t\t\t\tCHAR(60) COLLATE utf8_bin NOT NULL DEFAULT '',\n\t\tUSER \t\t\t\tCHAR(32) COLLATE utf8_bin NOT NULL DEFAULT '',\n\t\tDEFAULT_ROLE_HOST \tCHAR(60) COLLATE utf8_bin NOT NULL DEFAULT '%',\n\t\tDEFAULT_ROLE_USER \tCHAR(32) COLLATE utf8_bin NOT NULL DEFAULT '',\n\t\tPRIMARY KEY (HOST,USER,DEFAULT_ROLE_HOST,DEFAULT_ROLE_USER),\n\t\tKEY i_user (USER))"]
[2026/07/13 01:03:51.085 +08:00] [WARN] [global_controller.go:819] ["[resource group controller] resource group name does not exist"] [name=default]
[2026/07/13 01:03:51.085 +08:00] [WARN] [global_controller.go:819] ["[resource group controller] resource group name does not exist"] [name=default]
[2026/07/13 01:03:51.085 +08:00] [INFO] [job_worker.go:854] ["run one job step"] [category=ddl] [jobID=37] [job="ID:37, Type:create table, State:queueing, SchemaState:none, SchemaID:1, TableID:36, RowCount:0, ArgLen:0, start time: 2026-07-13 01:03:51.085 +0800 CST, Err:<nil>, ErrCount:0, SnapshotVersion:0, Version: v2"]
[2026/07/13 01:03:51.085 +08:00] [WARN] [global_controller.go:819] ["[resource group controller] resource group name does not exist"] [name=default]
[2026/07/13 01:03:51.085 +08:00] [WARN] [global_controller.go:819] ["[resource group controller] resource group name does not exist"] [name=default]
[2026/07/13 01:03:51.086 +08:00] [WARN] [global_controller.go:819] ["[resource group controller] resource group name does not exist"] [name=default]
[2026/07/13 01:03:51.086 +08:00] [INFO] [loader.go:216] ["diff load InfoSchema success"] [mode=auto] [isV2=true] [currVer=17] [neededVer=18] [gotVer=18] ["elapsed time"=63.458µs] [phyTblIDs="[36]"] [actionTypes="[3]"] [diffTypes="[\"create table\"]"]
[2026/07/13 01:03:51.086 +08:00] [INFO] [syncer.go:258] ["session manager is nil"]
[2026/07/13 01:03:51.086 +08:00] [INFO] [syncer.go:281] ["mdl gets lock, update self version to owner"] [jobID=37] [version=18]
[2026/07/13 01:03:51.088 +08:00] [INFO] [schema_version.go:397] ["wait schema version synced success"] [category=ddl] [ver=18] [checkAssumedSvr=false] ["take time"=2.025375ms] [job="ID:37, Type:create table, State:done, SchemaState:public, SchemaID:1, TableID:36, RowCount:0, ArgLen:1, start time: 2026-07-13 01:03:51.085 +0800 CST, Err:<nil>, ErrCount:0, SnapshotVersion:0, Version: v2"] [summary="server count: 1"]
[2026/07/13 01:03:51.088 +08:00] [WARN] [global_controller.go:819] ["[resource group controller] resource group name does not exist"] [name=default]
[2026/07/13 01:03:51.088 +08:00] [WARN] [global_controller.go:819] ["[resource group controller] resource group name does not exist"] [name=default]
[2026/07/13 01:03:51.088 +08:00] [WARN] [global_controller.go:819] ["[resource group controller] resource group name does not exist"] [name=default]
[2026/07/13 01:03:51.088 +08:00] [WARN] [global_controller.go:819] ["[resource group controller] resource group name does not exist"] [name=default]
[2026/07/13 01:03:51.088 +08:00] [WARN] [global_controller.go:819] ["[resource group controller] resource group name does not exist"] [name=default]
[2026/07/13 01:03:51.088 +08:00] [INFO] [job_worker.go:447] ["finish DDL job"] [category=ddl] [jobID=37] [job="ID:37, Type:create table, State:synced, SchemaState:public, SchemaID:1, TableID:36, RowCount:0, ArgLen:0, start time: 2026-07-13 01:03:51.085 +0800 CST, Err:<nil>, ErrCount:0, SnapshotVersion:0, Version: v2"]
[2026/07/13 01:03:51.088 +08:00] [WARN] [global_controller.go:819] ["[resource group controller] resource group name does not exist"] [name=default]
[2026/07/13 01:03:51.089 +08:00] [WARN] [global_controller.go:819] ["[resource group controller] resource group name does not exist"] [name=default]
[2026/07/13 01:03:51.089 +08:00] [WARN] [global_controller.go:819] ["[resource group controller] resource group name does not exist"] [name=default]
[2026/07/13 01:03:51.089 +08:00] [INFO] [executor.go:7380] ["DDL job is finished"] [category=ddl] [jobID=37]
[2026/07/13 01:03:51.089 +08:00] [INFO] [session.go:5104] ["CRUCIAL OPERATION"] [conn=0] [schemaVersion=18] [cur_db=mysql] [sql="CREATE TABLE IF NOT EXISTS mysql.default_roles (\n\t\tHOST \t\t\t\tCHAR(60) COLLATE utf8_bin NOT NULL DEFAULT '',\n\t\tUSER \t\t\t\tCHAR(32) COLLATE utf8_bin NOT NULL DEFAULT '',\n\t\tDEFAULT_ROLE_HOST \tCHAR(60) COLLATE utf8_bin NOT NULL DEFAULT '%',\n\t\tDEFAULT_ROLE_USER \tCHAR(32) COLLATE utf8_bin NOT NULL DEFAULT '',\n\t\tPRIMARY KEY (HOST,USER,DEFAULT_ROLE_HOST,DEFAULT_ROLE_USER),\n\t\tKEY i_user (USER))"] [user=]
[2026/07/13 01:03:51.089 +08:00] [WARN] [global_controller.go:819] ["[resource group controller] resource group name does not exist"] [name=default]
[2026/07/13 01:03:51.089 +08:00] [INFO] [executor.go:7545] ["system variable tidb_scatter_region not found, use default value"] [category=ddl]
[2026/07/13 01:03:51.089 +08:00] [WARN] [global_controller.go:819] ["[resource group controller] resource group name does not exist"] [name=default]
[2026/07/13 01:03:51.090 +08:00] [WARN] [global_controller.go:819] ["[resource group controller] resource group name does not exist"] [name=default]
[2026/07/13 01:03:51.090 +08:00] [INFO] [job_submitter.go:118] ["add DDL jobs"] [category=ddl] ["batch count"=1] [jobs="ID:39, Type:create table, State:queueing, SchemaState:none, SchemaID:1, TableID:38, RowCount:0, ArgLen:1, start time: 2026-07-13 01:03:51.089 +0800 CST, Err:<nil>, ErrCount:0, SnapshotVersion:0, Version: v2; "] [fast_create=true]
[2026/07/13 01:03:51.090 +08:00] [INFO] [executor.go:7260] ["DDL job submitted"] [category=ddl] [job="ID:39, Type:create table, State:queueing, SchemaState:none, SchemaID:1, TableID:38, RowCount:0, ArgLen:1, start time: 2026-07-13 01:03:51.089 +0800 CST, Err:<nil>, ErrCount:0, SnapshotVersion:0, Version: v2"] [query="CREATE TABLE IF NOT EXISTS mysql.bind_info (\n\t\toriginal_sql LONGTEXT NOT NULL,\n\t\tbind_sql LONGTEXT NOT NULL,\n\t\tdefault_db TEXT NOT NULL,\n\t\tstatus TEXT NOT NULL,\n\t\tcreate_time TIMESTAMP(6) NOT NULL,\n\t\tupdate_time TIMESTAMP(6) NOT NULL,\n\t\tcharset TEXT NOT NULL,\n\t\tcollation TEXT NOT NULL,\n\t\tsource VARCHAR(10) NOT NULL DEFAULT 'unknown',\n\t\tsql_digest varchar(64) DEFAULT NULL,\n\t\tplan_digest varchar(64) DEFAULT NULL,\n\t\tlast_used_date date DEFAULT NULL,\n\t\tINDEX sql_index(original_sql(700),default_db(68)) COMMENT \"accelerate the speed when add global binding query\",\n\t\tINDEX time_index(update_time) COMMENT \"accelerate the speed when querying with last update time\",\n\t\tUNIQUE INDEX digest_index(plan_digest, sql_digest) COMMENT \"avoid duplicated records\"\n\t) ENGINE=InnoDB DEFAULT CHARSET=utf8mb4 COLLATE=utf8mb4_bin;"]
[2026/07/13 01:03:51.090 +08:00] [WARN] [global_controller.go:819] ["[resource group controller] resource group name does not exist"] [name=default]
[2026/07/13 01:03:51.090 +08:00] [WARN] [global_controller.go:819] ["[resource group controller] resource group name does not exist"] [name=default]
[2026/07/13 01:03:51.090 +08:00] [INFO] [job_worker.go:854] ["run one job step"] [category=ddl] [jobID=39] [job="ID:39, Type:create table, State:queueing, SchemaState:none, SchemaID:1, TableID:38, RowCount:0, ArgLen:0, start time: 2026-07-13 01:03:51.089 +0800 CST, Err:<nil>, ErrCount:0, SnapshotVersion:0, Version: v2"]
[2026/07/13 01:03:51.090 +08:00] [WARN] [global_controller.go:819] ["[resource group controller] resource group name does not exist"] [name=default]
[2026/07/13 01:03:51.090 +08:00] [WARN] [global_controller.go:819] ["[resource group controller] resource group name does not exist"] [name=default]
[2026/07/13 01:03:51.091 +08:00] [WARN] [global_controller.go:819] ["[resource group controller] resource group name does not exist"] [name=default]
[2026/07/13 01:03:51.091 +08:00] [INFO] [loader.go:216] ["diff load InfoSchema success"] [mode=auto] [isV2=true] [currVer=18] [neededVer=19] [gotVer=19] ["elapsed time"=123.667µs] [phyTblIDs="[38]"] [actionTypes="[3]"] [diffTypes="[\"create table\"]"]
[2026/07/13 01:03:51.091 +08:00] [INFO] [syncer.go:258] ["session manager is nil"]
[2026/07/13 01:03:51.091 +08:00] [INFO] [syncer.go:281] ["mdl gets lock, update self version to owner"] [jobID=39] [version=19]
[2026/07/13 01:03:51.093 +08:00] [INFO] [schema_version.go:397] ["wait schema version synced success"] [category=ddl] [ver=19] [checkAssumedSvr=false] ["take time"=2.13475ms] [job="ID:39, Type:create table, State:done, SchemaState:public, SchemaID:1, TableID:38, RowCount:0, ArgLen:1, start time: 2026-07-13 01:03:51.089 +0800 CST, Err:<nil>, ErrCount:0, SnapshotVersion:0, Version: v2"] [summary="server count: 1"]
[2026/07/13 01:03:51.093 +08:00] [WARN] [global_controller.go:819] ["[resource group controller] resource group name does not exist"] [name=default]
[2026/07/13 01:03:51.093 +08:00] [WARN] [global_controller.go:819] ["[resource group controller] resource group name does not exist"] [name=default]
[2026/07/13 01:03:51.093 +08:00] [WARN] [global_controller.go:819] ["[resource group controller] resource group name does not exist"] [name=default]
[2026/07/13 01:03:51.093 +08:00] [WARN] [global_controller.go:819] ["[resource group controller] resource group name does not exist"] [name=default]
[2026/07/13 01:03:51.093 +08:00] [WARN] [global_controller.go:819] ["[resource group controller] resource group name does not exist"] [name=default]
[2026/07/13 01:03:51.093 +08:00] [INFO] [job_worker.go:447] ["finish DDL job"] [category=ddl] [jobID=39] [job="ID:39, Type:create table, State:synced, SchemaState:public, SchemaID:1, TableID:38, RowCount:0, ArgLen:0, start time: 2026-07-13 01:03:51.089 +0800 CST, Err:<nil>, ErrCount:0, SnapshotVersion:0, Version: v2"]
[2026/07/13 01:03:51.094 +08:00] [WARN] [global_controller.go:819] ["[resource group controller] resource group name does not exist"] [name=default]
[2026/07/13 01:03:51.094 +08:00] [WARN] [global_controller.go:819] ["[resource group controller] resource group name does not exist"] [name=default]
[2026/07/13 01:03:51.094 +08:00] [WARN] [global_controller.go:819] ["[resource group controller] resource group name does not exist"] [name=default]
[2026/07/13 01:03:51.094 +08:00] [INFO] [executor.go:7380] ["DDL job is finished"] [category=ddl] [jobID=39]
[2026/07/13 01:03:51.094 +08:00] [INFO] [session.go:5104] ["CRUCIAL OPERATION"] [conn=0] [schemaVersion=19] [cur_db=mysql] [sql="CREATE TABLE IF NOT EXISTS mysql.bind_info (\n\t\toriginal_sql LONGTEXT NOT NULL,\n\t\tbind_sql LONGTEXT NOT NULL,\n\t\tdefault_db TEXT NOT NULL,\n\t\tstatus TEXT NOT NULL,\n\t\tcreate_time TIMESTAMP(6) NOT NULL,\n\t\tupdate_time TIMESTAMP(6) NOT NULL,\n\t\tcharset TEXT NOT NULL,\n\t\tcollation TEXT NOT NULL,\n\t\tsource VARCHAR(10) NOT NULL DEFAULT 'unknown',\n\t\tsql_digest varchar(64) DEFAULT NULL,\n\t\tplan_digest varchar(64) DEFAULT NULL,\n\t\tlast_used_date date DEFAULT NULL,\n\t\tINDEX sql_index(original_sql(700),default_db(68)) COMMENT \"accelerate the speed when add global binding query\",\n\t\tINDEX time_index(update_time) COMMENT \"accelerate the speed when querying with last update time\",\n\t\tUNIQUE INDEX digest_index(plan_digest, sql_digest) COMMENT \"avoid duplicated records\"\n\t) ENGINE=InnoDB DEFAULT CHARSET=utf8mb4 COLLATE=utf8mb4_bin;"] [user=]
[2026/07/13 01:03:51.094 +08:00] [WARN] [global_controller.go:819] ["[resource group controller] resource group name does not exist"] [name=default]
[2026/07/13 01:03:51.094 +08:00] [INFO] [executor.go:7545] ["system variable tidb_scatter_region not found, use default value"] [category=ddl]
[2026/07/13 01:03:51.094 +08:00] [WARN] [global_controller.go:819] ["[resource group controller] resource group name does not exist"] [name=default]
[2026/07/13 01:03:51.095 +08:00] [WARN] [global_controller.go:819] ["[resource group controller] resource group name does not exist"] [name=default]
[2026/07/13 01:03:51.095 +08:00] [INFO] [job_submitter.go:118] ["add DDL jobs"] [category=ddl] ["batch count"=1] [jobs="ID:41, Type:create table, State:queueing, SchemaState:none, SchemaID:1, TableID:40, RowCount:0, ArgLen:1, start time: 2026-07-13 01:03:51.094 +0800 CST, Err:<nil>, ErrCount:0, SnapshotVersion:0, Version: v2; "] [fast_create=true]
[2026/07/13 01:03:51.095 +08:00] [INFO] [executor.go:7260] ["DDL job submitted"] [category=ddl] [job="ID:41, Type:create table, State:queueing, SchemaState:none, SchemaID:1, TableID:40, RowCount:0, ArgLen:1, start time: 2026-07-13 01:03:51.094 +0800 CST, Err:<nil>, ErrCount:0, SnapshotVersion:0, Version: v2"] [query="CREATE TABLE IF NOT EXISTS mysql.stats_top_n (\n\t\ttable_id \tBIGINT(64) NOT NULL,\n\t\tis_index \tTINYINT(2) NOT NULL,\n\t\thist_id \tBIGINT(64) NOT NULL,\n\t\tvalue \t\tLONGBLOB,\n\t\tcount \t\tBIGINT(64) UNSIGNED NOT NULL,\n\t\tINDEX tbl(table_id, is_index, hist_id)\n\t);"]
[2026/07/13 01:03:51.095 +08:00] [WARN] [global_controller.go:819] ["[resource group controller] resource group name does not exist"] [name=default]
[2026/07/13 01:03:51.095 +08:00] [WARN] [global_controller.go:819] ["[resource group controller] resource group name does not exist"] [name=default]
[2026/07/13 01:03:51.095 +08:00] [INFO] [job_worker.go:854] ["run one job step"] [category=ddl] [jobID=41] [job="ID:41, Type:create table, State:queueing, SchemaState:none, SchemaID:1, TableID:40, RowCount:0, ArgLen:0, start time: 2026-07-13 01:03:51.094 +0800 CST, Err:<nil>, ErrCount:0, SnapshotVersion:0, Version: v2"]
[2026/07/13 01:03:51.095 +08:00] [WARN] [global_controller.go:819] ["[resource group controller] resource group name does not exist"] [name=default]
[2026/07/13 01:03:51.095 +08:00] [WARN] [global_controller.go:819] ["[resource group controller] resource group name does not exist"] [name=default]
[2026/07/13 01:03:51.095 +08:00] [WARN] [global_controller.go:819] ["[resource group controller] resource group name does not exist"] [name=default]
[2026/07/13 01:03:51.096 +08:00] [INFO] [loader.go:216] ["diff load InfoSchema success"] [mode=auto] [isV2=true] [currVer=19] [neededVer=20] [gotVer=20] ["elapsed time"=64.708µs] [phyTblIDs="[40]"] [actionTypes="[3]"] [diffTypes="[\"create table\"]"]
[2026/07/13 01:03:51.096 +08:00] [INFO] [syncer.go:258] ["session manager is nil"]
[2026/07/13 01:03:51.096 +08:00] [INFO] [syncer.go:281] ["mdl gets lock, update self version to owner"] [jobID=41] [version=20]
[2026/07/13 01:03:51.098 +08:00] [INFO] [schema_version.go:397] ["wait schema version synced success"] [category=ddl] [ver=20] [checkAssumedSvr=false] ["take time"=2.230791ms] [job="ID:41, Type:create table, State:done, SchemaState:public, SchemaID:1, TableID:40, RowCount:0, ArgLen:1, start time: 2026-07-13 01:03:51.094 +0800 CST, Err:<nil>, ErrCount:0, SnapshotVersion:0, Version: v2"] [summary="server count: 1"]
[2026/07/13 01:03:51.098 +08:00] [WARN] [global_controller.go:819] ["[resource group controller] resource group name does not exist"] [name=default]
[2026/07/13 01:03:51.098 +08:00] [WARN] [global_controller.go:819] ["[resource group controller] resource group name does not exist"] [name=default]
[2026/07/13 01:03:51.098 +08:00] [WARN] [global_controller.go:819] ["[resource group controller] resource group name does not exist"] [name=default]
[2026/07/13 01:03:51.098 +08:00] [WARN] [global_controller.go:819] ["[resource group controller] resource group name does not exist"] [name=default]
[2026/07/13 01:03:51.098 +08:00] [WARN] [global_controller.go:819] ["[resource group controller] resource group name does not exist"] [name=default]
[2026/07/13 01:03:51.098 +08:00] [INFO] [job_worker.go:447] ["finish DDL job"] [category=ddl] [jobID=41] [job="ID:41, Type:create table, State:synced, SchemaState:public, SchemaID:1, TableID:40, RowCount:0, ArgLen:0, start time: 2026-07-13 01:03:51.094 +0800 CST, Err:<nil>, ErrCount:0, SnapshotVersion:0, Version: v2"]
[2026/07/13 01:03:51.098 +08:00] [WARN] [global_controller.go:819] ["[resource group controller] resource group name does not exist"] [name=default]
[2026/07/13 01:03:51.099 +08:00] [WARN] [global_controller.go:819] ["[resource group controller] resource group name does not exist"] [name=default]
[2026/07/13 01:03:51.099 +08:00] [WARN] [global_controller.go:819] ["[resource group controller] resource group name does not exist"] [name=default]
[2026/07/13 01:03:51.099 +08:00] [INFO] [executor.go:7380] ["DDL job is finished"] [category=ddl] [jobID=41]
[2026/07/13 01:03:51.099 +08:00] [INFO] [session.go:5104] ["CRUCIAL OPERATION"] [conn=0] [schemaVersion=20] [cur_db=mysql] [sql="CREATE TABLE IF NOT EXISTS mysql.stats_top_n (\n\t\ttable_id \tBIGINT(64) NOT NULL,\n\t\tis_index \tTINYINT(2) NOT NULL,\n\t\thist_id \tBIGINT(64) NOT NULL,\n\t\tvalue \t\tLONGBLOB,\n\t\tcount \t\tBIGINT(64) UNSIGNED NOT NULL,\n\t\tINDEX tbl(table_id, is_index, hist_id)\n\t);"] [user=]
[2026/07/13 01:03:51.099 +08:00] [INFO] [executor.go:7545] ["system variable tidb_scatter_region not found, use default value"] [category=ddl]
[2026/07/13 01:03:51.099 +08:00] [WARN] [global_controller.go:819] ["[resource group controller] resource group name does not exist"] [name=default]
[2026/07/13 01:03:51.099 +08:00] [WARN] [global_controller.go:819] ["[resource group controller] resource group name does not exist"] [name=default]
[2026/07/13 01:03:51.099 +08:00] [WARN] [global_controller.go:819] ["[resource group controller] resource group name does not exist"] [name=default]
[2026/07/13 01:03:51.099 +08:00] [INFO] [job_submitter.go:118] ["add DDL jobs"] [category=ddl] ["batch count"=1] [jobs="ID:43, Type:create table, State:queueing, SchemaState:none, SchemaID:1, TableID:42, RowCount:0, ArgLen:1, start time: 2026-07-13 01:03:51.099 +0800 CST, Err:<nil>, ErrCount:0, SnapshotVersion:0, Version: v2; "] [fast_create=true]
[2026/07/13 01:03:51.099 +08:00] [INFO] [executor.go:7260] ["DDL job submitted"] [category=ddl] [job="ID:43, Type:create table, State:queueing, SchemaState:none, SchemaID:1, TableID:42, RowCount:0, ArgLen:1, start time: 2026-07-13 01:03:51.099 +0800 CST, Err:<nil>, ErrCount:0, SnapshotVersion:0, Version: v2"] [query="CREATE TABLE IF NOT EXISTS mysql.expr_pushdown_blacklist (\n\t\tname \t\tCHAR(100) NOT NULL,\n\t\tstore_type \tCHAR(100) NOT NULL DEFAULT 'tikv,tiflash,tidb',\n\t\treason \t\tVARCHAR(200)\n\t);"]
[2026/07/13 01:03:51.099 +08:00] [WARN] [global_controller.go:819] ["[resource group controller] resource group name does not exist"] [name=default]
[2026/07/13 01:03:51.099 +08:00] [WARN] [global_controller.go:819] ["[resource group controller] resource group name does not exist"] [name=default]
[2026/07/13 01:03:51.099 +08:00] [INFO] [job_worker.go:854] ["run one job step"] [category=ddl] [jobID=43] [job="ID:43, Type:create table, State:queueing, SchemaState:none, SchemaID:1, TableID:42, RowCount:0, ArgLen:0, start time: 2026-07-13 01:03:51.099 +0800 CST, Err:<nil>, ErrCount:0, SnapshotVersion:0, Version: v2"]
[2026/07/13 01:03:51.100 +08:00] [WARN] [global_controller.go:819] ["[resource group controller] resource group name does not exist"] [name=default]
[2026/07/13 01:03:51.100 +08:00] [WARN] [global_controller.go:819] ["[resource group controller] resource group name does not exist"] [name=default]
[2026/07/13 01:03:51.100 +08:00] [WARN] [global_controller.go:819] ["[resource group controller] resource group name does not exist"] [name=default]
[2026/07/13 01:03:51.100 +08:00] [INFO] [loader.go:216] ["diff load InfoSchema success"] [mode=auto] [isV2=true] [currVer=20] [neededVer=21] [gotVer=21] ["elapsed time"=57.333µs] [phyTblIDs="[42]"] [actionTypes="[3]"] [diffTypes="[\"create table\"]"]
[2026/07/13 01:03:51.100 +08:00] [INFO] [syncer.go:258] ["session manager is nil"]
[2026/07/13 01:03:51.100 +08:00] [INFO] [syncer.go:281] ["mdl gets lock, update self version to owner"] [jobID=43] [version=21]
[2026/07/13 01:03:51.102 +08:00] [INFO] [schema_version.go:397] ["wait schema version synced success"] [category=ddl] [ver=21] [checkAssumedSvr=false] ["take time"=2.033ms] [job="ID:43, Type:create table, State:done, SchemaState:public, SchemaID:1, TableID:42, RowCount:0, ArgLen:1, start time: 2026-07-13 01:03:51.099 +0800 CST, Err:<nil>, ErrCount:0, SnapshotVersion:0, Version: v2"] [summary="server count: 1"]
[2026/07/13 01:03:51.102 +08:00] [WARN] [global_controller.go:819] ["[resource group controller] resource group name does not exist"] [name=default]
[2026/07/13 01:03:51.102 +08:00] [WARN] [global_controller.go:819] ["[resource group controller] resource group name does not exist"] [name=default]
[2026/07/13 01:03:51.102 +08:00] [WARN] [global_controller.go:819] ["[resource group controller] resource group name does not exist"] [name=default]
[2026/07/13 01:03:51.102 +08:00] [WARN] [global_controller.go:819] ["[resource group controller] resource group name does not exist"] [name=default]
[2026/07/13 01:03:51.102 +08:00] [WARN] [global_controller.go:819] ["[resource group controller] resource group name does not exist"] [name=default]
[2026/07/13 01:03:51.102 +08:00] [INFO] [job_worker.go:447] ["finish DDL job"] [category=ddl] [jobID=43] [job="ID:43, Type:create table, State:synced, SchemaState:public, SchemaID:1, TableID:42, RowCount:0, ArgLen:0, start time: 2026-07-13 01:03:51.099 +0800 CST, Err:<nil>, ErrCount:0, SnapshotVersion:0, Version: v2"]
[2026/07/13 01:03:51.103 +08:00] [WARN] [global_controller.go:819] ["[resource group controller] resource group name does not exist"] [name=default]
[2026/07/13 01:03:51.103 +08:00] [WARN] [global_controller.go:819] ["[resource group controller] resource group name does not exist"] [name=default]
[2026/07/13 01:03:51.103 +08:00] [WARN] [global_controller.go:819] ["[resource group controller] resource group name does not exist"] [name=default]
[2026/07/13 01:03:51.103 +08:00] [INFO] [executor.go:7380] ["DDL job is finished"] [category=ddl] [jobID=43]
[2026/07/13 01:03:51.103 +08:00] [INFO] [session.go:5104] ["CRUCIAL OPERATION"] [conn=0] [schemaVersion=21] [cur_db=mysql] [sql="CREATE TABLE IF NOT EXISTS mysql.expr_pushdown_blacklist (\n\t\tname \t\tCHAR(100) NOT NULL,\n\t\tstore_type \tCHAR(100) NOT NULL DEFAULT 'tikv,tiflash,tidb',\n\t\treason \t\tVARCHAR(200)\n\t);"] [user=]
[2026/07/13 01:03:51.103 +08:00] [WARN] [global_controller.go:819] ["[resource group controller] resource group name does not exist"] [name=default]
[2026/07/13 01:03:51.103 +08:00] [INFO] [executor.go:7545] ["system variable tidb_scatter_region not found, use default value"] [category=ddl]
[2026/07/13 01:03:51.103 +08:00] [WARN] [global_controller.go:819] ["[resource group controller] resource group name does not exist"] [name=default]
[2026/07/13 01:03:51.103 +08:00] [WARN] [global_controller.go:819] ["[resource group controller] resource group name does not exist"] [name=default]
[2026/07/13 01:03:51.103 +08:00] [INFO] [job_submitter.go:118] ["add DDL jobs"] [category=ddl] ["batch count"=1] [jobs="ID:45, Type:create table, State:queueing, SchemaState:none, SchemaID:1, TableID:44, RowCount:0, ArgLen:1, start time: 2026-07-13 01:03:51.103 +0800 CST, Err:<nil>, ErrCount:0, SnapshotVersion:0, Version: v2; "] [fast_create=true]
[2026/07/13 01:03:51.103 +08:00] [INFO] [executor.go:7260] ["DDL job submitted"] [category=ddl] [job="ID:45, Type:create table, State:queueing, SchemaState:none, SchemaID:1, TableID:44, RowCount:0, ArgLen:1, start time: 2026-07-13 01:03:51.103 +0800 CST, Err:<nil>, ErrCount:0, SnapshotVersion:0, Version: v2"] [query="CREATE TABLE IF NOT EXISTS mysql.opt_rule_blacklist (\n\t\tname \tCHAR(100) NOT NULL\n\t);"]
[2026/07/13 01:03:51.104 +08:00] [WARN] [global_controller.go:819] ["[resource group controller] resource group name does not exist"] [name=default]
[2026/07/13 01:03:51.104 +08:00] [WARN] [global_controller.go:819] ["[resource group controller] resource group name does not exist"] [name=default]
[2026/07/13 01:03:51.104 +08:00] [INFO] [job_worker.go:854] ["run one job step"] [category=ddl] [jobID=45] [job="ID:45, Type:create table, State:queueing, SchemaState:none, SchemaID:1, TableID:44, RowCount:0, ArgLen:0, start time: 2026-07-13 01:03:51.103 +0800 CST, Err:<nil>, ErrCount:0, SnapshotVersion:0, Version: v2"]
[2026/07/13 01:03:51.104 +08:00] [WARN] [global_controller.go:819] ["[resource group controller] resource group name does not exist"] [name=default]
[2026/07/13 01:03:51.104 +08:00] [WARN] [global_controller.go:819] ["[resource group controller] resource group name does not exist"] [name=default]
[2026/07/13 01:03:51.104 +08:00] [WARN] [global_controller.go:819] ["[resource group controller] resource group name does not exist"] [name=default]
[2026/07/13 01:03:51.104 +08:00] [INFO] [loader.go:216] ["diff load InfoSchema success"] [mode=auto] [isV2=true] [currVer=21] [neededVer=22] [gotVer=22] ["elapsed time"=44µs] [phyTblIDs="[44]"] [actionTypes="[3]"] [diffTypes="[\"create table\"]"]
[2026/07/13 01:03:51.104 +08:00] [INFO] [syncer.go:258] ["session manager is nil"]
[2026/07/13 01:03:51.104 +08:00] [INFO] [syncer.go:281] ["mdl gets lock, update self version to owner"] [jobID=45] [version=22]
[2026/07/13 01:03:51.106 +08:00] [INFO] [schema_version.go:397] ["wait schema version synced success"] [category=ddl] [ver=22] [checkAssumedSvr=false] ["take time"=2.057125ms] [job="ID:45, Type:create table, State:done, SchemaState:public, SchemaID:1, TableID:44, RowCount:0, ArgLen:1, start time: 2026-07-13 01:03:51.103 +0800 CST, Err:<nil>, ErrCount:0, SnapshotVersion:0, Version: v2"] [summary="server count: 1"]
[2026/07/13 01:03:51.106 +08:00] [WARN] [global_controller.go:819] ["[resource group controller] resource group name does not exist"] [name=default]
[2026/07/13 01:03:51.106 +08:00] [WARN] [global_controller.go:819] ["[resource group controller] resource group name does not exist"] [name=default]
[2026/07/13 01:03:51.106 +08:00] [WARN] [global_controller.go:819] ["[resource group controller] resource group name does not exist"] [name=default]
[2026/07/13 01:03:51.107 +08:00] [WARN] [global_controller.go:819] ["[resource group controller] resource group name does not exist"] [name=default]
[2026/07/13 01:03:51.107 +08:00] [WARN] [global_controller.go:819] ["[resource group controller] resource group name does not exist"] [name=default]
[2026/07/13 01:03:51.107 +08:00] [INFO] [job_worker.go:447] ["finish DDL job"] [category=ddl] [jobID=45] [job="ID:45, Type:create table, State:synced, SchemaState:public, SchemaID:1, TableID:44, RowCount:0, ArgLen:0, start time: 2026-07-13 01:03:51.103 +0800 CST, Err:<nil>, ErrCount:0, SnapshotVersion:0, Version: v2"]
[2026/07/13 01:03:51.107 +08:00] [WARN] [global_controller.go:819] ["[resource group controller] resource group name does not exist"] [name=default]
[2026/07/13 01:03:51.107 +08:00] [WARN] [global_controller.go:819] ["[resource group controller] resource group name does not exist"] [name=default]
[2026/07/13 01:03:51.107 +08:00] [WARN] [global_controller.go:819] ["[resource group controller] resource group name does not exist"] [name=default]
[2026/07/13 01:03:51.107 +08:00] [INFO] [executor.go:7380] ["DDL job is finished"] [category=ddl] [jobID=45]
[2026/07/13 01:03:51.107 +08:00] [INFO] [session.go:5104] ["CRUCIAL OPERATION"] [conn=0] [schemaVersion=22] [cur_db=mysql] [sql="CREATE TABLE IF NOT EXISTS mysql.opt_rule_blacklist (\n\t\tname \tCHAR(100) NOT NULL\n\t);"] [user=]
[2026/07/13 01:03:51.107 +08:00] [INFO] [executor.go:7545] ["system variable tidb_scatter_region not found, use default value"] [category=ddl]
[2026/07/13 01:03:51.107 +08:00] [WARN] [global_controller.go:819] ["[resource group controller] resource group name does not exist"] [name=default]
[2026/07/13 01:03:51.107 +08:00] [WARN] [global_controller.go:819] ["[resource group controller] resource group name does not exist"] [name=default]
[2026/07/13 01:03:51.108 +08:00] [WARN] [global_controller.go:819] ["[resource group controller] resource group name does not exist"] [name=default]
[2026/07/13 01:03:51.108 +08:00] [INFO] [job_submitter.go:118] ["add DDL jobs"] [category=ddl] ["batch count"=1] [jobs="ID:47, Type:create table, State:queueing, SchemaState:none, SchemaID:1, TableID:46, RowCount:0, ArgLen:1, start time: 2026-07-13 01:03:51.107 +0800 CST, Err:<nil>, ErrCount:0, SnapshotVersion:0, Version: v2; "] [fast_create=true]
[2026/07/13 01:03:51.108 +08:00] [INFO] [executor.go:7260] ["DDL job submitted"] [category=ddl] [job="ID:47, Type:create table, State:queueing, SchemaState:none, SchemaID:1, TableID:46, RowCount:0, ArgLen:1, start time: 2026-07-13 01:03:51.107 +0800 CST, Err:<nil>, ErrCount:0, SnapshotVersion:0, Version: v2"] [query="CREATE TABLE IF NOT EXISTS mysql.stats_extended (\n\t\tname varchar(32) NOT NULL,\n\t\ttype tinyint(4) NOT NULL,\n\t\ttable_id bigint(64) NOT NULL,\n\t\tcolumn_ids varchar(32) NOT NULL,\n\t\tstats blob DEFAULT NULL,\n\t\tversion bigint(64) unsigned NOT NULL,\n\t\tstatus tinyint(4) NOT NULL,\n\t\tPRIMARY KEY(name, table_id),\n\t\tKEY idx_1 (table_id, status, version),\n\t\tKEY idx_2 (status, version)\n\t);"]
[2026/07/13 01:03:51.108 +08:00] [WARN] [global_controller.go:819] ["[resource group controller] resource group name does not exist"] [name=default]
[2026/07/13 01:03:51.108 +08:00] [WARN] [global_controller.go:819] ["[resource group controller] resource group name does not exist"] [name=default]
[2026/07/13 01:03:51.108 +08:00] [INFO] [job_worker.go:854] ["run one job step"] [category=ddl] [jobID=47] [job="ID:47, Type:create table, State:queueing, SchemaState:none, SchemaID:1, TableID:46, RowCount:0, ArgLen:0, start time: 2026-07-13 01:03:51.107 +0800 CST, Err:<nil>, ErrCount:0, SnapshotVersion:0, Version: v2"]
[2026/07/13 01:03:51.108 +08:00] [WARN] [global_controller.go:819] ["[resource group controller] resource group name does not exist"] [name=default]
[2026/07/13 01:03:51.108 +08:00] [WARN] [global_controller.go:819] ["[resource group controller] resource group name does not exist"] [name=default]
[2026/07/13 01:03:51.109 +08:00] [WARN] [global_controller.go:819] ["[resource group controller] resource group name does not exist"] [name=default]
[2026/07/13 01:03:51.109 +08:00] [INFO] [loader.go:216] ["diff load InfoSchema success"] [mode=auto] [isV2=true] [currVer=22] [neededVer=23] [gotVer=23] ["elapsed time"=112.25µs] [phyTblIDs="[46]"] [actionTypes="[3]"] [diffTypes="[\"create table\"]"]
[2026/07/13 01:03:51.109 +08:00] [INFO] [syncer.go:258] ["session manager is nil"]
[2026/07/13 01:03:51.109 +08:00] [INFO] [syncer.go:281] ["mdl gets lock, update self version to owner"] [jobID=47] [version=23]
[2026/07/13 01:03:51.111 +08:00] [INFO] [schema_version.go:397] ["wait schema version synced success"] [category=ddl] [ver=23] [checkAssumedSvr=false] ["take time"=2.148333ms] [job="ID:47, Type:create table, State:done, SchemaState:public, SchemaID:1, TableID:46, RowCount:0, ArgLen:1, start time: 2026-07-13 01:03:51.107 +0800 CST, Err:<nil>, ErrCount:0, SnapshotVersion:0, Version: v2"] [summary="server count: 1"]
[2026/07/13 01:03:51.111 +08:00] [WARN] [global_controller.go:819] ["[resource group controller] resource group name does not exist"] [name=default]
[2026/07/13 01:03:51.111 +08:00] [WARN] [global_controller.go:819] ["[resource group controller] resource group name does not exist"] [name=default]
[2026/07/13 01:03:51.111 +08:00] [WARN] [global_controller.go:819] ["[resource group controller] resource group name does not exist"] [name=default]
[2026/07/13 01:03:51.111 +08:00] [WARN] [global_controller.go:819] ["[resource group controller] resource group name does not exist"] [name=default]
[2026/07/13 01:03:51.111 +08:00] [WARN] [global_controller.go:819] ["[resource group controller] resource group name does not exist"] [name=default]
[2026/07/13 01:03:51.111 +08:00] [INFO] [job_worker.go:447] ["finish DDL job"] [category=ddl] [jobID=47] [job="ID:47, Type:create table, State:synced, SchemaState:public, SchemaID:1, TableID:46, RowCount:0, ArgLen:0, start time: 2026-07-13 01:03:51.107 +0800 CST, Err:<nil>, ErrCount:0, SnapshotVersion:0, Version: v2"]
[2026/07/13 01:03:51.112 +08:00] [WARN] [global_controller.go:819] ["[resource group controller] resource group name does not exist"] [name=default]
[2026/07/13 01:03:51.112 +08:00] [WARN] [global_controller.go:819] ["[resource group controller] resource group name does not exist"] [name=default]
[2026/07/13 01:03:51.112 +08:00] [WARN] [global_controller.go:819] ["[resource group controller] resource group name does not exist"] [name=default]
[2026/07/13 01:03:51.112 +08:00] [INFO] [executor.go:7380] ["DDL job is finished"] [category=ddl] [jobID=47]
[2026/07/13 01:03:51.112 +08:00] [INFO] [session.go:5104] ["CRUCIAL OPERATION"] [conn=0] [schemaVersion=23] [cur_db=mysql] [sql="CREATE TABLE IF NOT EXISTS mysql.stats_extended (\n\t\tname varchar(32) NOT NULL,\n\t\ttype tinyint(4) NOT NULL,\n\t\ttable_id bigint(64) NOT NULL,\n\t\tcolumn_ids varchar(32) NOT NULL,\n\t\tstats blob DEFAULT NULL,\n\t\tversion bigint(64) unsigned NOT NULL,\n\t\tstatus tinyint(4) NOT NULL,\n\t\tPRIMARY KEY(name, table_id),\n\t\tKEY idx_1 (table_id, status, version),\n\t\tKEY idx_2 (status, version)\n\t);"] [user=]
[2026/07/13 01:03:51.112 +08:00] [WARN] [global_controller.go:819] ["[resource group controller] resource group name does not exist"] [name=default]
[2026/07/13 01:03:51.112 +08:00] [INFO] [executor.go:7545] ["system variable tidb_scatter_region not found, use default value"] [category=ddl]
[2026/07/13 01:03:51.112 +08:00] [WARN] [global_controller.go:819] ["[resource group controller] resource group name does not exist"] [name=default]
[2026/07/13 01:03:51.113 +08:00] [WARN] [global_controller.go:819] ["[resource group controller] resource group name does not exist"] [name=default]
[2026/07/13 01:03:51.113 +08:00] [INFO] [job_submitter.go:118] ["add DDL jobs"] [category=ddl] ["batch count"=1] [jobs="ID:49, Type:create table, State:queueing, SchemaState:none, SchemaID:1, TableID:48, RowCount:0, ArgLen:1, start time: 2026-07-13 01:03:51.112 +0800 CST, Err:<nil>, ErrCount:0, SnapshotVersion:0, Version: v2; "] [fast_create=true]
[2026/07/13 01:03:51.113 +08:00] [INFO] [executor.go:7260] ["DDL job submitted"] [category=ddl] [job="ID:49, Type:create table, State:queueing, SchemaState:none, SchemaID:1, TableID:48, RowCount:0, ArgLen:1, start time: 2026-07-13 01:03:51.112 +0800 CST, Err:<nil>, ErrCount:0, SnapshotVersion:0, Version: v2"] [query="CREATE TABLE IF NOT EXISTS mysql.stats_fm_sketch (\n\t\ttable_id \tBIGINT(64) NOT NULL,\n\t\tis_index \tTINYINT(2) NOT NULL,\n\t\thist_id \tBIGINT(64) NOT NULL,\n\t\tvalue \t\tLONGBLOB,\n\t\tPRIMARY KEY (table_id, is_index, hist_id) CLUSTERED\n\t);"]
[2026/07/13 01:03:51.113 +08:00] [WARN] [global_controller.go:819] ["[resource group controller] resource group name does not exist"] [name=default]
[2026/07/13 01:03:51.113 +08:00] [WARN] [global_controller.go:819] ["[resource group controller] resource group name does not exist"] [name=default]
[2026/07/13 01:03:51.113 +08:00] [INFO] [job_worker.go:854] ["run one job step"] [category=ddl] [jobID=49] [job="ID:49, Type:create table, State:queueing, SchemaState:none, SchemaID:1, TableID:48, RowCount:0, ArgLen:0, start time: 2026-07-13 01:03:51.112 +0800 CST, Err:<nil>, ErrCount:0, SnapshotVersion:0, Version: v2"]
[2026/07/13 01:03:51.113 +08:00] [WARN] [global_controller.go:819] ["[resource group controller] resource group name does not exist"] [name=default]
[2026/07/13 01:03:51.113 +08:00] [WARN] [global_controller.go:819] ["[resource group controller] resource group name does not exist"] [name=default]
[2026/07/13 01:03:51.113 +08:00] [WARN] [global_controller.go:819] ["[resource group controller] resource group name does not exist"] [name=default]
[2026/07/13 01:03:51.113 +08:00] [INFO] [loader.go:216] ["diff load InfoSchema success"] [mode=auto] [isV2=true] [currVer=23] [neededVer=24] [gotVer=24] ["elapsed time"=67.5µs] [phyTblIDs="[48]"] [actionTypes="[3]"] [diffTypes="[\"create table\"]"]
[2026/07/13 01:03:51.114 +08:00] [INFO] [syncer.go:258] ["session manager is nil"]
[2026/07/13 01:03:51.114 +08:00] [INFO] [syncer.go:281] ["mdl gets lock, update self version to owner"] [jobID=49] [version=24]
[2026/07/13 01:03:51.116 +08:00] [INFO] [schema_version.go:397] ["wait schema version synced success"] [category=ddl] [ver=24] [checkAssumedSvr=false] ["take time"=2.247333ms] [job="ID:49, Type:create table, State:done, SchemaState:public, SchemaID:1, TableID:48, RowCount:0, ArgLen:1, start time: 2026-07-13 01:03:51.112 +0800 CST, Err:<nil>, ErrCount:0, SnapshotVersion:0, Version: v2"] [summary="server count: 1"]
[2026/07/13 01:03:51.116 +08:00] [WARN] [global_controller.go:819] ["[resource group controller] resource group name does not exist"] [name=default]
[2026/07/13 01:03:51.116 +08:00] [WARN] [global_controller.go:819] ["[resource group controller] resource group name does not exist"] [name=default]
[2026/07/13 01:03:51.116 +08:00] [WARN] [global_controller.go:819] ["[resource group controller] resource group name does not exist"] [name=default]
[2026/07/13 01:03:51.116 +08:00] [WARN] [global_controller.go:819] ["[resource group controller] resource group name does not exist"] [name=default]
[2026/07/13 01:03:51.116 +08:00] [WARN] [global_controller.go:819] ["[resource group controller] resource group name does not exist"] [name=default]
[2026/07/13 01:03:51.116 +08:00] [INFO] [job_worker.go:447] ["finish DDL job"] [category=ddl] [jobID=49] [job="ID:49, Type:create table, State:synced, SchemaState:public, SchemaID:1, TableID:48, RowCount:0, ArgLen:0, start time: 2026-07-13 01:03:51.112 +0800 CST, Err:<nil>, ErrCount:0, SnapshotVersion:0, Version: v2"]
[2026/07/13 01:03:51.116 +08:00] [WARN] [global_controller.go:819] ["[resource group controller] resource group name does not exist"] [name=default]
[2026/07/13 01:03:51.117 +08:00] [WARN] [global_controller.go:819] ["[resource group controller] resource group name does not exist"] [name=default]
[2026/07/13 01:03:51.117 +08:00] [WARN] [global_controller.go:819] ["[resource group controller] resource group name does not exist"] [name=default]
[2026/07/13 01:03:51.117 +08:00] [INFO] [executor.go:7380] ["DDL job is finished"] [category=ddl] [jobID=49]
[2026/07/13 01:03:51.117 +08:00] [INFO] [session.go:5104] ["CRUCIAL OPERATION"] [conn=0] [schemaVersion=24] [cur_db=mysql] [sql="CREATE TABLE IF NOT EXISTS mysql.stats_fm_sketch (\n\t\ttable_id \tBIGINT(64) NOT NULL,\n\t\tis_index \tTINYINT(2) NOT NULL,\n\t\thist_id \tBIGINT(64) NOT NULL,\n\t\tvalue \t\tLONGBLOB,\n\t\tPRIMARY KEY (table_id, is_index, hist_id) CLUSTERED\n\t);"] [user=]
[2026/07/13 01:03:51.117 +08:00] [INFO] [executor.go:7545] ["system variable tidb_scatter_region not found, use default value"] [category=ddl]
[2026/07/13 01:03:51.117 +08:00] [WARN] [global_controller.go:819] ["[resource group controller] resource group name does not exist"] [name=default]
[2026/07/13 01:03:51.117 +08:00] [WARN] [global_controller.go:819] ["[resource group controller] resource group name does not exist"] [name=default]
[2026/07/13 01:03:51.117 +08:00] [WARN] [global_controller.go:819] ["[resource group controller] resource group name does not exist"] [name=default]
[2026/07/13 01:03:51.117 +08:00] [INFO] [job_submitter.go:118] ["add DDL jobs"] [category=ddl] ["batch count"=1] [jobs="ID:51, Type:create table, State:queueing, SchemaState:none, SchemaID:1, TableID:50, RowCount:0, ArgLen:1, start time: 2026-07-13 01:03:51.117 +0800 CST, Err:<nil>, ErrCount:0, SnapshotVersion:0, Version: v2; "] [fast_create=true]
[2026/07/13 01:03:51.117 +08:00] [INFO] [executor.go:7260] ["DDL job submitted"] [category=ddl] [job="ID:51, Type:create table, State:queueing, SchemaState:none, SchemaID:1, TableID:50, RowCount:0, ArgLen:1, start time: 2026-07-13 01:03:51.117 +0800 CST, Err:<nil>, ErrCount:0, SnapshotVersion:0, Version: v2"] [query="CREATE TABLE IF NOT EXISTS mysql.global_grants (\n\t\tUSER char(32) NOT NULL DEFAULT '',\n\t\tHOST char(255) NOT NULL DEFAULT '',\n\t\tPRIV char(32) NOT NULL DEFAULT '',\n\t\tWITH_GRANT_OPTION enum('N','Y') NOT NULL DEFAULT 'N',\n\t\tPRIMARY KEY (USER,HOST,PRIV),\n\t\tKEY i_user (USER)\n\t);"]
[2026/07/13 01:03:51.118 +08:00] [WARN] [global_controller.go:819] ["[resource group controller] resource group name does not exist"] [name=default]
[2026/07/13 01:03:51.118 +08:00] [WARN] [global_controller.go:819] ["[resource group controller] resource group name does not exist"] [name=default]
[2026/07/13 01:03:51.118 +08:00] [INFO] [job_worker.go:854] ["run one job step"] [category=ddl] [jobID=51] [job="ID:51, Type:create table, State:queueing, SchemaState:none, SchemaID:1, TableID:50, RowCount:0, ArgLen:0, start time: 2026-07-13 01:03:51.117 +0800 CST, Err:<nil>, ErrCount:0, SnapshotVersion:0, Version: v2"]
[2026/07/13 01:03:51.118 +08:00] [WARN] [global_controller.go:819] ["[resource group controller] resource group name does not exist"] [name=default]
[2026/07/13 01:03:51.118 +08:00] [WARN] [global_controller.go:819] ["[resource group controller] resource group name does not exist"] [name=default]
[2026/07/13 01:03:51.118 +08:00] [WARN] [global_controller.go:819] ["[resource group controller] resource group name does not exist"] [name=default]
[2026/07/13 01:03:51.118 +08:00] [INFO] [loader.go:216] ["diff load InfoSchema success"] [mode=auto] [isV2=true] [currVer=24] [neededVer=25] [gotVer=25] ["elapsed time"=71.5µs] [phyTblIDs="[50]"] [actionTypes="[3]"] [diffTypes="[\"create table\"]"]
[2026/07/13 01:03:51.118 +08:00] [INFO] [syncer.go:258] ["session manager is nil"]
[2026/07/13 01:03:51.118 +08:00] [INFO] [syncer.go:281] ["mdl gets lock, update self version to owner"] [jobID=51] [version=25]
[2026/07/13 01:03:51.120 +08:00] [INFO] [schema_version.go:397] ["wait schema version synced success"] [category=ddl] [ver=25] [checkAssumedSvr=false] ["take time"=2.062042ms] [job="ID:51, Type:create table, State:done, SchemaState:public, SchemaID:1, TableID:50, RowCount:0, ArgLen:1, start time: 2026-07-13 01:03:51.117 +0800 CST, Err:<nil>, ErrCount:0, SnapshotVersion:0, Version: v2"] [summary="server count: 1"]
[2026/07/13 01:03:51.120 +08:00] [WARN] [global_controller.go:819] ["[resource group controller] resource group name does not exist"] [name=default]
[2026/07/13 01:03:51.120 +08:00] [WARN] [global_controller.go:819] ["[resource group controller] resource group name does not exist"] [name=default]
[2026/07/13 01:03:51.120 +08:00] [WARN] [global_controller.go:819] ["[resource group controller] resource group name does not exist"] [name=default]
[2026/07/13 01:03:51.120 +08:00] [WARN] [global_controller.go:819] ["[resource group controller] resource group name does not exist"] [name=default]
[2026/07/13 01:03:51.121 +08:00] [WARN] [global_controller.go:819] ["[resource group controller] resource group name does not exist"] [name=default]
[2026/07/13 01:03:51.121 +08:00] [INFO] [job_worker.go:447] ["finish DDL job"] [category=ddl] [jobID=51] [job="ID:51, Type:create table, State:synced, SchemaState:public, SchemaID:1, TableID:50, RowCount:0, ArgLen:0, start time: 2026-07-13 01:03:51.117 +0800 CST, Err:<nil>, ErrCount:0, SnapshotVersion:0, Version: v2"]
[2026/07/13 01:03:51.121 +08:00] [WARN] [global_controller.go:819] ["[resource group controller] resource group name does not exist"] [name=default]
[2026/07/13 01:03:51.121 +08:00] [WARN] [global_controller.go:819] ["[resource group controller] resource group name does not exist"] [name=default]
[2026/07/13 01:03:51.121 +08:00] [WARN] [global_controller.go:819] ["[resource group controller] resource group name does not exist"] [name=default]
[2026/07/13 01:03:51.121 +08:00] [INFO] [executor.go:7380] ["DDL job is finished"] [category=ddl] [jobID=51]
[2026/07/13 01:03:51.121 +08:00] [INFO] [session.go:5104] ["CRUCIAL OPERATION"] [conn=0] [schemaVersion=25] [cur_db=mysql] [sql="CREATE TABLE IF NOT EXISTS mysql.global_grants (\n\t\tUSER char(32) NOT NULL DEFAULT '',\n\t\tHOST char(255) NOT NULL DEFAULT '',\n\t\tPRIV char(32) NOT NULL DEFAULT '',\n\t\tWITH_GRANT_OPTION enum('N','Y') NOT NULL DEFAULT 'N',\n\t\tPRIMARY KEY (USER,HOST,PRIV),\n\t\tKEY i_user (USER)\n\t);"] [user=]
[2026/07/13 01:03:51.121 +08:00] [INFO] [executor.go:7545] ["system variable tidb_scatter_region not found, use default value"] [category=ddl]
[2026/07/13 01:03:51.121 +08:00] [WARN] [global_controller.go:819] ["[resource group controller] resource group name does not exist"] [name=default]
[2026/07/13 01:03:51.121 +08:00] [WARN] [global_controller.go:819] ["[resource group controller] resource group name does not exist"] [name=default]
[2026/07/13 01:03:51.122 +08:00] [WARN] [global_controller.go:819] ["[resource group controller] resource group name does not exist"] [name=default]
[2026/07/13 01:03:51.122 +08:00] [INFO] [job_submitter.go:118] ["add DDL jobs"] [category=ddl] ["batch count"=1] [jobs="ID:53, Type:create table, State:queueing, SchemaState:none, SchemaID:1, TableID:52, RowCount:0, ArgLen:1, start time: 2026-07-13 01:03:51.122 +0800 CST, Err:<nil>, ErrCount:0, SnapshotVersion:0, Version: v2; "] [fast_create=true]
[2026/07/13 01:03:51.122 +08:00] [INFO] [executor.go:7260] ["DDL job submitted"] [category=ddl] [job="ID:53, Type:create table, State:queueing, SchemaState:none, SchemaID:1, TableID:52, RowCount:0, ArgLen:1, start time: 2026-07-13 01:03:51.122 +0800 CST, Err:<nil>, ErrCount:0, SnapshotVersion:0, Version: v2"] [query="CREATE TABLE IF NOT EXISTS mysql.capture_plan_baselines_blacklist (\n\t\tid bigint(64) auto_increment,\n\t\tfilter_type varchar(32) NOT NULL COMMENT \"type of the filter, only db, table and frequency supported now\",\n\t\tfilter_value varchar(32) NOT NULL,\n\t\tkey idx(filter_type),\n\t\tprimary key(id)\n\t);"]
[2026/07/13 01:03:51.122 +08:00] [WARN] [global_controller.go:819] ["[resource group controller] resource group name does not exist"] [name=default]
[2026/07/13 01:03:51.122 +08:00] [WARN] [global_controller.go:819] ["[resource group controller] resource group name does not exist"] [name=default]
[2026/07/13 01:03:51.122 +08:00] [INFO] [job_worker.go:854] ["run one job step"] [category=ddl] [jobID=53] [job="ID:53, Type:create table, State:queueing, SchemaState:none, SchemaID:1, TableID:52, RowCount:0, ArgLen:0, start time: 2026-07-13 01:03:51.122 +0800 CST, Err:<nil>, ErrCount:0, SnapshotVersion:0, Version: v2"]
[2026/07/13 01:03:51.122 +08:00] [WARN] [global_controller.go:819] ["[resource group controller] resource group name does not exist"] [name=default]
[2026/07/13 01:03:51.122 +08:00] [WARN] [global_controller.go:819] ["[resource group controller] resource group name does not exist"] [name=default]
[2026/07/13 01:03:51.122 +08:00] [WARN] [global_controller.go:819] ["[resource group controller] resource group name does not exist"] [name=default]
[2026/07/13 01:03:51.123 +08:00] [INFO] [loader.go:216] ["diff load InfoSchema success"] [mode=auto] [isV2=true] [currVer=25] [neededVer=26] [gotVer=26] ["elapsed time"=55.916µs] [phyTblIDs="[52]"] [actionTypes="[3]"] [diffTypes="[\"create table\"]"]
[2026/07/13 01:03:51.123 +08:00] [INFO] [syncer.go:258] ["session manager is nil"]
[2026/07/13 01:03:51.123 +08:00] [INFO] [syncer.go:281] ["mdl gets lock, update self version to owner"] [jobID=53] [version=26]
[2026/07/13 01:03:51.125 +08:00] [INFO] [schema_version.go:397] ["wait schema version synced success"] [category=ddl] [ver=26] [checkAssumedSvr=false] ["take time"=2.114167ms] [job="ID:53, Type:create table, State:done, SchemaState:public, SchemaID:1, TableID:52, RowCount:0, ArgLen:1, start time: 2026-07-13 01:03:51.122 +0800 CST, Err:<nil>, ErrCount:0, SnapshotVersion:0, Version: v2"] [summary="server count: 1"]
[2026/07/13 01:03:51.125 +08:00] [WARN] [global_controller.go:819] ["[resource group controller] resource group name does not exist"] [name=default]
[2026/07/13 01:03:51.125 +08:00] [WARN] [global_controller.go:819] ["[resource group controller] resource group name does not exist"] [name=default]
[2026/07/13 01:03:51.125 +08:00] [WARN] [global_controller.go:819] ["[resource group controller] resource group name does not exist"] [name=default]
[2026/07/13 01:03:51.125 +08:00] [WARN] [global_controller.go:819] ["[resource group controller] resource group name does not exist"] [name=default]
[2026/07/13 01:03:51.125 +08:00] [WARN] [global_controller.go:819] ["[resource group controller] resource group name does not exist"] [name=default]
[2026/07/13 01:03:51.125 +08:00] [INFO] [job_worker.go:447] ["finish DDL job"] [category=ddl] [jobID=53] [job="ID:53, Type:create table, State:synced, SchemaState:public, SchemaID:1, TableID:52, RowCount:0, ArgLen:0, start time: 2026-07-13 01:03:51.122 +0800 CST, Err:<nil>, ErrCount:0, SnapshotVersion:0, Version: v2"]
[2026/07/13 01:03:51.125 +08:00] [WARN] [global_controller.go:819] ["[resource group controller] resource group name does not exist"] [name=default]
[2026/07/13 01:03:51.126 +08:00] [WARN] [global_controller.go:819] ["[resource group controller] resource group name does not exist"] [name=default]
[2026/07/13 01:03:51.126 +08:00] [WARN] [global_controller.go:819] ["[resource group controller] resource group name does not exist"] [name=default]
[2026/07/13 01:03:51.126 +08:00] [INFO] [executor.go:7380] ["DDL job is finished"] [category=ddl] [jobID=53]
[2026/07/13 01:03:51.126 +08:00] [INFO] [session.go:5104] ["CRUCIAL OPERATION"] [conn=0] [schemaVersion=26] [cur_db=mysql] [sql="CREATE TABLE IF NOT EXISTS mysql.capture_plan_baselines_blacklist (\n\t\tid bigint(64) auto_increment,\n\t\tfilter_type varchar(32) NOT NULL COMMENT \"type of the filter, only db, table and frequency supported now\",\n\t\tfilter_value varchar(32) NOT NULL,\n\t\tkey idx(filter_type),\n\t\tprimary key(id)\n\t);"] [user=]
[2026/07/13 01:03:51.126 +08:00] [WARN] [global_controller.go:819] ["[resource group controller] resource group name does not exist"] [name=default]
[2026/07/13 01:03:51.126 +08:00] [INFO] [executor.go:7545] ["system variable tidb_scatter_region not found, use default value"] [category=ddl]
[2026/07/13 01:03:51.126 +08:00] [WARN] [global_controller.go:819] ["[resource group controller] resource group name does not exist"] [name=default]
[2026/07/13 01:03:51.126 +08:00] [WARN] [global_controller.go:819] ["[resource group controller] resource group name does not exist"] [name=default]
[2026/07/13 01:03:51.126 +08:00] [INFO] [job_submitter.go:118] ["add DDL jobs"] [category=ddl] ["batch count"=1] [jobs="ID:55, Type:create table, State:queueing, SchemaState:none, SchemaID:1, TableID:54, RowCount:0, ArgLen:1, start time: 2026-07-13 01:03:51.126 +0800 CST, Err:<nil>, ErrCount:0, SnapshotVersion:0, Version: v2; "] [fast_create=true]
[2026/07/13 01:03:51.126 +08:00] [INFO] [executor.go:7260] ["DDL job submitted"] [category=ddl] [job="ID:55, Type:create table, State:queueing, SchemaState:none, SchemaID:1, TableID:54, RowCount:0, ArgLen:1, start time: 2026-07-13 01:03:51.126 +0800 CST, Err:<nil>, ErrCount:0, SnapshotVersion:0, Version: v2"] [query="CREATE TABLE IF NOT EXISTS mysql.column_stats_usage (\n\t\ttable_id BIGINT(64) NOT NULL,\n\t\tcolumn_id BIGINT(64) NOT NULL,\n\t\tlast_used_at TIMESTAMP,\n\t\tlast_analyzed_at TIMESTAMP,\n\t\tPRIMARY KEY (table_id, column_id) CLUSTERED\n\t);"]
[2026/07/13 01:03:51.127 +08:00] [WARN] [global_controller.go:819] ["[resource group controller] resource group name does not exist"] [name=default]
[2026/07/13 01:03:51.127 +08:00] [WARN] [global_controller.go:819] ["[resource group controller] resource group name does not exist"] [name=default]
[2026/07/13 01:03:51.127 +08:00] [INFO] [job_worker.go:854] ["run one job step"] [category=ddl] [jobID=55] [job="ID:55, Type:create table, State:queueing, SchemaState:none, SchemaID:1, TableID:54, RowCount:0, ArgLen:0, start time: 2026-07-13 01:03:51.126 +0800 CST, Err:<nil>, ErrCount:0, SnapshotVersion:0, Version: v2"]
[2026/07/13 01:03:51.127 +08:00] [WARN] [global_controller.go:819] ["[resource group controller] resource group name does not exist"] [name=default]
[2026/07/13 01:03:51.127 +08:00] [WARN] [global_controller.go:819] ["[resource group controller] resource group name does not exist"] [name=default]
[2026/07/13 01:03:51.127 +08:00] [WARN] [global_controller.go:819] ["[resource group controller] resource group name does not exist"] [name=default]
[2026/07/13 01:03:51.127 +08:00] [INFO] [loader.go:216] ["diff load InfoSchema success"] [mode=auto] [isV2=true] [currVer=26] [neededVer=27] [gotVer=27] ["elapsed time"=70.792µs] [phyTblIDs="[54]"] [actionTypes="[3]"] [diffTypes="[\"create table\"]"]
[2026/07/13 01:03:51.128 +08:00] [INFO] [syncer.go:258] ["session manager is nil"]
[2026/07/13 01:03:51.128 +08:00] [INFO] [syncer.go:281] ["mdl gets lock, update self version to owner"] [jobID=55] [version=27]
[2026/07/13 01:03:51.129 +08:00] [INFO] [schema_version.go:397] ["wait schema version synced success"] [category=ddl] [ver=27] [checkAssumedSvr=false] ["take time"=2.224ms] [job="ID:55, Type:create table, State:done, SchemaState:public, SchemaID:1, TableID:54, RowCount:0, ArgLen:1, start time: 2026-07-13 01:03:51.126 +0800 CST, Err:<nil>, ErrCount:0, SnapshotVersion:0, Version: v2"] [summary="server count: 1"]
[2026/07/13 01:03:51.130 +08:00] [WARN] [global_controller.go:819] ["[resource group controller] resource group name does not exist"] [name=default]
[2026/07/13 01:03:51.130 +08:00] [WARN] [global_controller.go:819] ["[resource group controller] resource group name does not exist"] [name=default]
[2026/07/13 01:03:51.130 +08:00] [WARN] [global_controller.go:819] ["[resource group controller] resource group name does not exist"] [name=default]
[2026/07/13 01:03:51.130 +08:00] [WARN] [global_controller.go:819] ["[resource group controller] resource group name does not exist"] [name=default]
[2026/07/13 01:03:51.130 +08:00] [WARN] [global_controller.go:819] ["[resource group controller] resource group name does not exist"] [name=default]
[2026/07/13 01:03:51.130 +08:00] [INFO] [job_worker.go:447] ["finish DDL job"] [category=ddl] [jobID=55] [job="ID:55, Type:create table, State:synced, SchemaState:public, SchemaID:1, TableID:54, RowCount:0, ArgLen:0, start time: 2026-07-13 01:03:51.126 +0800 CST, Err:<nil>, ErrCount:0, SnapshotVersion:0, Version: v2"]
[2026/07/13 01:03:51.130 +08:00] [WARN] [global_controller.go:819] ["[resource group controller] resource group name does not exist"] [name=default]
[2026/07/13 01:03:51.130 +08:00] [WARN] [global_controller.go:819] ["[resource group controller] resource group name does not exist"] [name=default]
[2026/07/13 01:03:51.130 +08:00] [WARN] [global_controller.go:819] ["[resource group controller] resource group name does not exist"] [name=default]
[2026/07/13 01:03:51.130 +08:00] [INFO] [executor.go:7380] ["DDL job is finished"] [category=ddl] [jobID=55]
[2026/07/13 01:03:51.130 +08:00] [INFO] [session.go:5104] ["CRUCIAL OPERATION"] [conn=0] [schemaVersion=27] [cur_db=mysql] [sql="CREATE TABLE IF NOT EXISTS mysql.column_stats_usage (\n\t\ttable_id BIGINT(64) NOT NULL,\n\t\tcolumn_id BIGINT(64) NOT NULL,\n\t\tlast_used_at TIMESTAMP,\n\t\tlast_analyzed_at TIMESTAMP,\n\t\tPRIMARY KEY (table_id, column_id) CLUSTERED\n\t);"] [user=]
[2026/07/13 01:03:51.131 +08:00] [WARN] [global_controller.go:819] ["[resource group controller] resource group name does not exist"] [name=default]
[2026/07/13 01:03:51.131 +08:00] [INFO] [executor.go:7545] ["system variable tidb_scatter_region not found, use default value"] [category=ddl]
[2026/07/13 01:03:51.131 +08:00] [WARN] [global_controller.go:819] ["[resource group controller] resource group name does not exist"] [name=default]
[2026/07/13 01:03:51.131 +08:00] [WARN] [global_controller.go:819] ["[resource group controller] resource group name does not exist"] [name=default]
[2026/07/13 01:03:51.131 +08:00] [INFO] [job_submitter.go:118] ["add DDL jobs"] [category=ddl] ["batch count"=1] [jobs="ID:57, Type:create table, State:queueing, SchemaState:none, SchemaID:1, TableID:56, RowCount:0, ArgLen:1, start time: 2026-07-13 01:03:51.131 +0800 CST, Err:<nil>, ErrCount:0, SnapshotVersion:0, Version: v2; "] [fast_create=true]
[2026/07/13 01:03:51.131 +08:00] [INFO] [executor.go:7260] ["DDL job submitted"] [category=ddl] [job="ID:57, Type:create table, State:queueing, SchemaState:none, SchemaID:1, TableID:56, RowCount:0, ArgLen:1, start time: 2026-07-13 01:03:51.131 +0800 CST, Err:<nil>, ErrCount:0, SnapshotVersion:0, Version: v2"] [query="CREATE TABLE IF NOT EXISTS mysql.table_cache_meta (\n\t\ttid bigint(11) NOT NULL DEFAULT 0,\n\t\tlock_type enum('NONE','READ', 'INTEND', 'WRITE') NOT NULL DEFAULT 'NONE',\n\t\tlease bigint(20) NOT NULL DEFAULT 0,\n\t\toldReadLease bigint(20) NOT NULL DEFAULT 0,\n\t\tPRIMARY KEY (tid)\n\t);"]
[2026/07/13 01:03:51.131 +08:00] [WARN] [global_controller.go:819] ["[resource group controller] resource group name does not exist"] [name=default]
[2026/07/13 01:03:51.131 +08:00] [WARN] [global_controller.go:819] ["[resource group controller] resource group name does not exist"] [name=default]
[2026/07/13 01:03:51.131 +08:00] [INFO] [job_worker.go:854] ["run one job step"] [category=ddl] [jobID=57] [job="ID:57, Type:create table, State:queueing, SchemaState:none, SchemaID:1, TableID:56, RowCount:0, ArgLen:0, start time: 2026-07-13 01:03:51.131 +0800 CST, Err:<nil>, ErrCount:0, SnapshotVersion:0, Version: v2"]
[2026/07/13 01:03:51.132 +08:00] [WARN] [global_controller.go:819] ["[resource group controller] resource group name does not exist"] [name=default]
[2026/07/13 01:03:51.132 +08:00] [WARN] [global_controller.go:819] ["[resource group controller] resource group name does not exist"] [name=default]
[2026/07/13 01:03:51.132 +08:00] [WARN] [global_controller.go:819] ["[resource group controller] resource group name does not exist"] [name=default]
[2026/07/13 01:03:51.132 +08:00] [INFO] [loader.go:216] ["diff load InfoSchema success"] [mode=auto] [isV2=true] [currVer=27] [neededVer=28] [gotVer=28] ["elapsed time"=54.042µs] [phyTblIDs="[56]"] [actionTypes="[3]"] [diffTypes="[\"create table\"]"]
[2026/07/13 01:03:51.132 +08:00] [INFO] [syncer.go:258] ["session manager is nil"]
[2026/07/13 01:03:51.132 +08:00] [INFO] [syncer.go:281] ["mdl gets lock, update self version to owner"] [jobID=57] [version=28]
[2026/07/13 01:03:51.134 +08:00] [WARN] [global_controller.go:819] ["[resource group controller] resource group name does not exist"] [name=default]
[2026/07/13 01:03:51.134 +08:00] [INFO] [schema_version.go:397] ["wait schema version synced success"] [category=ddl] [ver=28] [checkAssumedSvr=false] ["take time"=2.017667ms] [job="ID:57, Type:create table, State:done, SchemaState:public, SchemaID:1, TableID:56, RowCount:0, ArgLen:1, start time: 2026-07-13 01:03:51.131 +0800 CST, Err:<nil>, ErrCount:0, SnapshotVersion:0, Version: v2"] [summary="server count: 1"]
[2026/07/13 01:03:51.134 +08:00] [WARN] [global_controller.go:819] ["[resource group controller] resource group name does not exist"] [name=default]
[2026/07/13 01:03:51.134 +08:00] [WARN] [global_controller.go:819] ["[resource group controller] resource group name does not exist"] [name=default]
[2026/07/13 01:03:51.134 +08:00] [WARN] [global_controller.go:819] ["[resource group controller] resource group name does not exist"] [name=default]
[2026/07/13 01:03:51.134 +08:00] [WARN] [global_controller.go:819] ["[resource group controller] resource group name does not exist"] [name=default]
[2026/07/13 01:03:51.134 +08:00] [WARN] [global_controller.go:819] ["[resource group controller] resource group name does not exist"] [name=default]
[2026/07/13 01:03:51.134 +08:00] [INFO] [job_worker.go:447] ["finish DDL job"] [category=ddl] [jobID=57] [job="ID:57, Type:create table, State:synced, SchemaState:public, SchemaID:1, TableID:56, RowCount:0, ArgLen:0, start time: 2026-07-13 01:03:51.131 +0800 CST, Err:<nil>, ErrCount:0, SnapshotVersion:0, Version: v2"]
[2026/07/13 01:03:51.135 +08:00] [WARN] [global_controller.go:819] ["[resource group controller] resource group name does not exist"] [name=default]
[2026/07/13 01:03:51.135 +08:00] [WARN] [global_controller.go:819] ["[resource group controller] resource group name does not exist"] [name=default]
[2026/07/13 01:03:51.135 +08:00] [WARN] [global_controller.go:819] ["[resource group controller] resource group name does not exist"] [name=default]
[2026/07/13 01:03:51.135 +08:00] [INFO] [executor.go:7380] ["DDL job is finished"] [category=ddl] [jobID=57]
[2026/07/13 01:03:51.135 +08:00] [INFO] [session.go:5104] ["CRUCIAL OPERATION"] [conn=0] [schemaVersion=28] [cur_db=mysql] [sql="CREATE TABLE IF NOT EXISTS mysql.table_cache_meta (\n\t\ttid bigint(11) NOT NULL DEFAULT 0,\n\t\tlock_type enum('NONE','READ', 'INTEND', 'WRITE') NOT NULL DEFAULT 'NONE',\n\t\tlease bigint(20) NOT NULL DEFAULT 0,\n\t\toldReadLease bigint(20) NOT NULL DEFAULT 0,\n\t\tPRIMARY KEY (tid)\n\t);"] [user=]
[2026/07/13 01:03:51.135 +08:00] [WARN] [global_controller.go:819] ["[resource group controller] resource group name does not exist"] [name=default]
[2026/07/13 01:03:51.135 +08:00] [INFO] [add_column.go:1339] ["Automatically convert BLOB(19372) to MEDIUMBLOB"] [category=ddl]
[2026/07/13 01:03:51.135 +08:00] [INFO] [executor.go:7545] ["system variable tidb_scatter_region not found, use default value"] [category=ddl]
[2026/07/13 01:03:51.135 +08:00] [WARN] [global_controller.go:819] ["[resource group controller] resource group name does not exist"] [name=default]
[2026/07/13 01:03:51.136 +08:00] [WARN] [global_controller.go:819] ["[resource group controller] resource group name does not exist"] [name=default]
[2026/07/13 01:03:51.136 +08:00] [INFO] [job_submitter.go:118] ["add DDL jobs"] [category=ddl] ["batch count"=1] [jobs="ID:59, Type:create table, State:queueing, SchemaState:none, SchemaID:1, TableID:58, RowCount:0, ArgLen:1, start time: 2026-07-13 01:03:51.135 +0800 CST, Err:<nil>, ErrCount:0, SnapshotVersion:0, Version: v2; "] [fast_create=true]
[2026/07/13 01:03:51.136 +08:00] [INFO] [executor.go:7260] ["DDL job submitted"] [category=ddl] [job="ID:59, Type:create table, State:queueing, SchemaState:none, SchemaID:1, TableID:58, RowCount:0, ArgLen:1, start time: 2026-07-13 01:03:51.135 +0800 CST, Err:<nil>, ErrCount:0, SnapshotVersion:0, Version: v2"] [query="CREATE TABLE IF NOT EXISTS mysql.analyze_options (\n\t\ttable_id BIGINT(64) NOT NULL,\n\t\tsample_num BIGINT(64) NOT NULL DEFAULT 0,\n\t\tsample_rate DOUBLE NOT NULL DEFAULT -1,\n\t\tbuckets BIGINT(64) NOT NULL DEFAULT 0,\n\t\ttopn BIGINT(64) NOT NULL DEFAULT -1,\n\t\tcolumn_choice enum('DEFAULT','ALL','PREDICATE','LIST') NOT NULL DEFAULT 'DEFAULT',\n\t\tcolumn_ids TEXT(19372),\n\t\tPRIMARY KEY (table_id) CLUSTERED\n\t);"]
[2026/07/13 01:03:51.136 +08:00] [WARN] [global_controller.go:819] ["[resource group controller] resource group name does not exist"] [name=default]
[2026/07/13 01:03:51.136 +08:00] [WARN] [global_controller.go:819] ["[resource group controller] resource group name does not exist"] [name=default]
[2026/07/13 01:03:51.136 +08:00] [INFO] [job_worker.go:854] ["run one job step"] [category=ddl] [jobID=59] [job="ID:59, Type:create table, State:queueing, SchemaState:none, SchemaID:1, TableID:58, RowCount:0, ArgLen:0, start time: 2026-07-13 01:03:51.135 +0800 CST, Err:<nil>, ErrCount:0, SnapshotVersion:0, Version: v2"]
[2026/07/13 01:03:51.136 +08:00] [WARN] [global_controller.go:819] ["[resource group controller] resource group name does not exist"] [name=default]
[2026/07/13 01:03:51.136 +08:00] [WARN] [global_controller.go:819] ["[resource group controller] resource group name does not exist"] [name=default]
[2026/07/13 01:03:51.137 +08:00] [WARN] [global_controller.go:819] ["[resource group controller] resource group name does not exist"] [name=default]
[2026/07/13 01:03:51.137 +08:00] [INFO] [loader.go:216] ["diff load InfoSchema success"] [mode=auto] [isV2=true] [currVer=28] [neededVer=29] [gotVer=29] ["elapsed time"=75.083µs] [phyTblIDs="[58]"] [actionTypes="[3]"] [diffTypes="[\"create table\"]"]
[2026/07/13 01:03:51.137 +08:00] [INFO] [syncer.go:258] ["session manager is nil"]
[2026/07/13 01:03:51.137 +08:00] [INFO] [syncer.go:281] ["mdl gets lock, update self version to owner"] [jobID=59] [version=29]
[2026/07/13 01:03:51.139 +08:00] [INFO] [schema_version.go:397] ["wait schema version synced success"] [category=ddl] [ver=29] [checkAssumedSvr=false] ["take time"=2.122958ms] [job="ID:59, Type:create table, State:done, SchemaState:public, SchemaID:1, TableID:58, RowCount:0, ArgLen:1, start time: 2026-07-13 01:03:51.135 +0800 CST, Err:<nil>, ErrCount:0, SnapshotVersion:0, Version: v2"] [summary="server count: 1"]
[2026/07/13 01:03:51.139 +08:00] [WARN] [global_controller.go:819] ["[resource group controller] resource group name does not exist"] [name=default]
[2026/07/13 01:03:51.139 +08:00] [WARN] [global_controller.go:819] ["[resource group controller] resource group name does not exist"] [name=default]
[2026/07/13 01:03:51.139 +08:00] [WARN] [global_controller.go:819] ["[resource group controller] resource group name does not exist"] [name=default]
[2026/07/13 01:03:51.139 +08:00] [WARN] [global_controller.go:819] ["[resource group controller] resource group name does not exist"] [name=default]
[2026/07/13 01:03:51.139 +08:00] [WARN] [global_controller.go:819] ["[resource group controller] resource group name does not exist"] [name=default]
[2026/07/13 01:03:51.139 +08:00] [INFO] [job_worker.go:447] ["finish DDL job"] [category=ddl] [jobID=59] [job="ID:59, Type:create table, State:synced, SchemaState:public, SchemaID:1, TableID:58, RowCount:0, ArgLen:0, start time: 2026-07-13 01:03:51.135 +0800 CST, Err:<nil>, ErrCount:0, SnapshotVersion:0, Version: v2"]
[2026/07/13 01:03:51.139 +08:00] [WARN] [global_controller.go:819] ["[resource group controller] resource group name does not exist"] [name=default]
[2026/07/13 01:03:51.140 +08:00] [WARN] [global_controller.go:819] ["[resource group controller] resource group name does not exist"] [name=default]
[2026/07/13 01:03:51.140 +08:00] [WARN] [global_controller.go:819] ["[resource group controller] resource group name does not exist"] [name=default]
[2026/07/13 01:03:51.140 +08:00] [INFO] [executor.go:7380] ["DDL job is finished"] [category=ddl] [jobID=59]
[2026/07/13 01:03:51.140 +08:00] [INFO] [session.go:5104] ["CRUCIAL OPERATION"] [conn=0] [schemaVersion=29] [cur_db=mysql] [sql="CREATE TABLE IF NOT EXISTS mysql.analyze_options (\n\t\ttable_id BIGINT(64) NOT NULL,\n\t\tsample_num BIGINT(64) NOT NULL DEFAULT 0,\n\t\tsample_rate DOUBLE NOT NULL DEFAULT -1,\n\t\tbuckets BIGINT(64) NOT NULL DEFAULT 0,\n\t\ttopn BIGINT(64) NOT NULL DEFAULT -1,\n\t\tcolumn_choice enum('DEFAULT','ALL','PREDICATE','LIST') NOT NULL DEFAULT 'DEFAULT',\n\t\tcolumn_ids TEXT(19372),\n\t\tPRIMARY KEY (table_id) CLUSTERED\n\t);"] [user=]
[2026/07/13 01:03:51.140 +08:00] [WARN] [global_controller.go:819] ["[resource group controller] resource group name does not exist"] [name=default]
[2026/07/13 01:03:51.140 +08:00] [INFO] [executor.go:7545] ["system variable tidb_scatter_region not found, use default value"] [category=ddl]
[2026/07/13 01:03:51.140 +08:00] [WARN] [global_controller.go:819] ["[resource group controller] resource group name does not exist"] [name=default]
[2026/07/13 01:03:51.141 +08:00] [WARN] [global_controller.go:819] ["[resource group controller] resource group name does not exist"] [name=default]
[2026/07/13 01:03:51.141 +08:00] [INFO] [job_submitter.go:118] ["add DDL jobs"] [category=ddl] ["batch count"=1] [jobs="ID:61, Type:create table, State:queueing, SchemaState:none, SchemaID:1, TableID:60, RowCount:0, ArgLen:1, start time: 2026-07-13 01:03:51.14 +0800 CST, Err:<nil>, ErrCount:0, SnapshotVersion:0, Version: v2; "] [fast_create=true]
[2026/07/13 01:03:51.141 +08:00] [INFO] [executor.go:7260] ["DDL job submitted"] [category=ddl] [job="ID:61, Type:create table, State:queueing, SchemaState:none, SchemaID:1, TableID:60, RowCount:0, ArgLen:1, start time: 2026-07-13 01:03:51.14 +0800 CST, Err:<nil>, ErrCount:0, SnapshotVersion:0, Version: v2"] [query="CREATE TABLE IF NOT EXISTS mysql.stats_history (\n\t\ttable_id bigint(64) NOT NULL,\n\t\tstats_data longblob NOT NULL,\n\t\tseq_no bigint(64) NOT NULL comment 'sequence number of the gzipped data slice',\n\t\tversion bigint(64) NOT NULL comment 'stats version which corresponding to stats:version in EXPLAIN',\n\t\tcreate_time datetime(6) NOT NULL,\n\t\tPRIMARY KEY (table_id, version, seq_no) CLUSTERED,\n\t\tKEY table_create_time (table_id, create_time, seq_no),\n    \tKEY idx_create_time (create_time)\n\t);"]
[2026/07/13 01:03:51.141 +08:00] [WARN] [global_controller.go:819] ["[resource group controller] resource group name does not exist"] [name=default]
[2026/07/13 01:03:51.141 +08:00] [WARN] [global_controller.go:819] ["[resource group controller] resource group name does not exist"] [name=default]
[2026/07/13 01:03:51.141 +08:00] [INFO] [job_worker.go:854] ["run one job step"] [category=ddl] [jobID=61] [job="ID:61, Type:create table, State:queueing, SchemaState:none, SchemaID:1, TableID:60, RowCount:0, ArgLen:0, start time: 2026-07-13 01:03:51.14 +0800 CST, Err:<nil>, ErrCount:0, SnapshotVersion:0, Version: v2"]
[2026/07/13 01:03:51.141 +08:00] [WARN] [global_controller.go:819] ["[resource group controller] resource group name does not exist"] [name=default]
[2026/07/13 01:03:51.141 +08:00] [WARN] [global_controller.go:819] ["[resource group controller] resource group name does not exist"] [name=default]
[2026/07/13 01:03:51.142 +08:00] [WARN] [global_controller.go:819] ["[resource group controller] resource group name does not exist"] [name=default]
[2026/07/13 01:03:51.142 +08:00] [INFO] [loader.go:216] ["diff load InfoSchema success"] [mode=auto] [isV2=true] [currVer=29] [neededVer=30] [gotVer=30] ["elapsed time"=106.459µs] [phyTblIDs="[60]"] [actionTypes="[3]"] [diffTypes="[\"create table\"]"]
[2026/07/13 01:03:51.142 +08:00] [INFO] [syncer.go:258] ["session manager is nil"]
[2026/07/13 01:03:51.142 +08:00] [INFO] [syncer.go:281] ["mdl gets lock, update self version to owner"] [jobID=61] [version=30]
[2026/07/13 01:03:51.144 +08:00] [INFO] [schema_version.go:397] ["wait schema version synced success"] [category=ddl] [ver=30] [checkAssumedSvr=false] ["take time"=2.108084ms] [job="ID:61, Type:create table, State:done, SchemaState:public, SchemaID:1, TableID:60, RowCount:0, ArgLen:1, start time: 2026-07-13 01:03:51.14 +0800 CST, Err:<nil>, ErrCount:0, SnapshotVersion:0, Version: v2"] [summary="server count: 1"]
[2026/07/13 01:03:51.144 +08:00] [WARN] [global_controller.go:819] ["[resource group controller] resource group name does not exist"] [name=default]
[2026/07/13 01:03:51.144 +08:00] [WARN] [global_controller.go:819] ["[resource group controller] resource group name does not exist"] [name=default]
[2026/07/13 01:03:51.144 +08:00] [WARN] [global_controller.go:819] ["[resource group controller] resource group name does not exist"] [name=default]
[2026/07/13 01:03:51.144 +08:00] [WARN] [global_controller.go:819] ["[resource group controller] resource group name does not exist"] [name=default]
[2026/07/13 01:03:51.144 +08:00] [WARN] [global_controller.go:819] ["[resource group controller] resource group name does not exist"] [name=default]
[2026/07/13 01:03:51.144 +08:00] [INFO] [job_worker.go:447] ["finish DDL job"] [category=ddl] [jobID=61] [job="ID:61, Type:create table, State:synced, SchemaState:public, SchemaID:1, TableID:60, RowCount:0, ArgLen:0, start time: 2026-07-13 01:03:51.14 +0800 CST, Err:<nil>, ErrCount:0, SnapshotVersion:0, Version: v2"]
[2026/07/13 01:03:51.144 +08:00] [WARN] [global_controller.go:819] ["[resource group controller] resource group name does not exist"] [name=default]
[2026/07/13 01:03:51.145 +08:00] [WARN] [global_controller.go:819] ["[resource group controller] resource group name does not exist"] [name=default]
[2026/07/13 01:03:51.145 +08:00] [WARN] [global_controller.go:819] ["[resource group controller] resource group name does not exist"] [name=default]
[2026/07/13 01:03:51.145 +08:00] [INFO] [executor.go:7380] ["DDL job is finished"] [category=ddl] [jobID=61]
[2026/07/13 01:03:51.145 +08:00] [INFO] [session.go:5104] ["CRUCIAL OPERATION"] [conn=0] [schemaVersion=30] [cur_db=mysql] [sql="CREATE TABLE IF NOT EXISTS mysql.stats_history (\n\t\ttable_id bigint(64) NOT NULL,\n\t\tstats_data longblob NOT NULL,\n\t\tseq_no bigint(64) NOT NULL comment 'sequence number of the gzipped data slice',\n\t\tversion bigint(64) NOT NULL comment 'stats version which corresponding to stats:version in EXPLAIN',\n\t\tcreate_time datetime(6) NOT NULL,\n\t\tPRIMARY KEY (table_id, version, seq_no) CLUSTERED,\n\t\tKEY table_create_time (table_id, create_time, seq_no),\n    \tKEY idx_create_time (create_time)\n\t);"] [user=]
[2026/07/13 01:03:51.145 +08:00] [WARN] [global_controller.go:819] ["[resource group controller] resource group name does not exist"] [name=default]
[2026/07/13 01:03:51.145 +08:00] [INFO] [executor.go:7545] ["system variable tidb_scatter_region not found, use default value"] [category=ddl]
[2026/07/13 01:03:51.145 +08:00] [WARN] [global_controller.go:819] ["[resource group controller] resource group name does not exist"] [name=default]
[2026/07/13 01:03:51.146 +08:00] [WARN] [global_controller.go:819] ["[resource group controller] resource group name does not exist"] [name=default]
[2026/07/13 01:03:51.146 +08:00] [INFO] [job_submitter.go:118] ["add DDL jobs"] [category=ddl] ["batch count"=1] [jobs="ID:63, Type:create table, State:queueing, SchemaState:none, SchemaID:1, TableID:62, RowCount:0, ArgLen:1, start time: 2026-07-13 01:03:51.145 +0800 CST, Err:<nil>, ErrCount:0, SnapshotVersion:0, Version: v2; "] [fast_create=true]
[2026/07/13 01:03:51.146 +08:00] [INFO] [executor.go:7260] ["DDL job submitted"] [category=ddl] [job="ID:63, Type:create table, State:queueing, SchemaState:none, SchemaID:1, TableID:62, RowCount:0, ArgLen:1, start time: 2026-07-13 01:03:51.145 +0800 CST, Err:<nil>, ErrCount:0, SnapshotVersion:0, Version: v2"] [query="CREATE TABLE IF NOT EXISTS mysql.stats_meta_history (\n\t\ttable_id bigint(64) NOT NULL,\n\t\tmodify_count bigint(64) NOT NULL,\n\t\tcount bigint(64) NOT NULL,\n\t\tversion bigint(64) NOT NULL comment 'stats version which corresponding to stats:version in EXPLAIN',\n    \tsource varchar(40) NOT NULL,\n\t\tcreate_time datetime(6) NOT NULL,\n\t\tPRIMARY KEY (table_id, version) CLUSTERED,\n\t\tKEY table_create_time (table_id, create_time),\n    \tKEY idx_create_time (create_time)\n\t);"]
[2026/07/13 01:03:51.146 +08:00] [WARN] [global_controller.go:819] ["[resource group controller] resource group name does not exist"] [name=default]
[2026/07/13 01:03:51.146 +08:00] [WARN] [global_controller.go:819] ["[resource group controller] resource group name does not exist"] [name=default]
[2026/07/13 01:03:51.146 +08:00] [INFO] [job_worker.go:854] ["run one job step"] [category=ddl] [jobID=63] [job="ID:63, Type:create table, State:queueing, SchemaState:none, SchemaID:1, TableID:62, RowCount:0, ArgLen:0, start time: 2026-07-13 01:03:51.145 +0800 CST, Err:<nil>, ErrCount:0, SnapshotVersion:0, Version: v2"]
[2026/07/13 01:03:51.146 +08:00] [WARN] [global_controller.go:819] ["[resource group controller] resource group name does not exist"] [name=default]
[2026/07/13 01:03:51.146 +08:00] [WARN] [global_controller.go:819] ["[resource group controller] resource group name does not exist"] [name=default]
[2026/07/13 01:03:51.146 +08:00] [WARN] [global_controller.go:819] ["[resource group controller] resource group name does not exist"] [name=default]
[2026/07/13 01:03:51.147 +08:00] [INFO] [loader.go:216] ["diff load InfoSchema success"] [mode=auto] [isV2=true] [currVer=30] [neededVer=31] [gotVer=31] ["elapsed time"=98.417µs] [phyTblIDs="[62]"] [actionTypes="[3]"] [diffTypes="[\"create table\"]"]
[2026/07/13 01:03:51.147 +08:00] [INFO] [syncer.go:258] ["session manager is nil"]
[2026/07/13 01:03:51.147 +08:00] [INFO] [syncer.go:281] ["mdl gets lock, update self version to owner"] [jobID=63] [version=31]
[2026/07/13 01:03:51.149 +08:00] [INFO] [schema_version.go:397] ["wait schema version synced success"] [category=ddl] [ver=31] [checkAssumedSvr=false] ["take time"=2.062042ms] [job="ID:63, Type:create table, State:done, SchemaState:public, SchemaID:1, TableID:62, RowCount:0, ArgLen:1, start time: 2026-07-13 01:03:51.145 +0800 CST, Err:<nil>, ErrCount:0, SnapshotVersion:0, Version: v2"] [summary="server count: 1"]
[2026/07/13 01:03:51.149 +08:00] [WARN] [global_controller.go:819] ["[resource group controller] resource group name does not exist"] [name=default]
[2026/07/13 01:03:51.149 +08:00] [WARN] [global_controller.go:819] ["[resource group controller] resource group name does not exist"] [name=default]
[2026/07/13 01:03:51.149 +08:00] [WARN] [global_controller.go:819] ["[resource group controller] resource group name does not exist"] [name=default]
[2026/07/13 01:03:51.149 +08:00] [WARN] [global_controller.go:819] ["[resource group controller] resource group name does not exist"] [name=default]
[2026/07/13 01:03:51.149 +08:00] [WARN] [global_controller.go:819] ["[resource group controller] resource group name does not exist"] [name=default]
[2026/07/13 01:03:51.149 +08:00] [INFO] [job_worker.go:447] ["finish DDL job"] [category=ddl] [jobID=63] [job="ID:63, Type:create table, State:synced, SchemaState:public, SchemaID:1, TableID:62, RowCount:0, ArgLen:0, start time: 2026-07-13 01:03:51.145 +0800 CST, Err:<nil>, ErrCount:0, SnapshotVersion:0, Version: v2"]
[2026/07/13 01:03:51.149 +08:00] [WARN] [global_controller.go:819] ["[resource group controller] resource group name does not exist"] [name=default]
[2026/07/13 01:03:51.150 +08:00] [WARN] [global_controller.go:819] ["[resource group controller] resource group name does not exist"] [name=default]
[2026/07/13 01:03:51.150 +08:00] [WARN] [global_controller.go:819] ["[resource group controller] resource group name does not exist"] [name=default]
[2026/07/13 01:03:51.150 +08:00] [INFO] [executor.go:7380] ["DDL job is finished"] [category=ddl] [jobID=63]
[2026/07/13 01:03:51.150 +08:00] [INFO] [session.go:5104] ["CRUCIAL OPERATION"] [conn=0] [schemaVersion=31] [cur_db=mysql] [sql="CREATE TABLE IF NOT EXISTS mysql.stats_meta_history (\n\t\ttable_id bigint(64) NOT NULL,\n\t\tmodify_count bigint(64) NOT NULL,\n\t\tcount bigint(64) NOT NULL,\n\t\tversion bigint(64) NOT NULL comment 'stats version which corresponding to stats:version in EXPLAIN',\n    \tsource varchar(40) NOT NULL,\n\t\tcreate_time datetime(6) NOT NULL,\n\t\tPRIMARY KEY (table_id, version) CLUSTERED,\n\t\tKEY table_create_time (table_id, create_time),\n    \tKEY idx_create_time (create_time)\n\t);"] [user=]
[2026/07/13 01:03:51.150 +08:00] [WARN] [global_controller.go:819] ["[resource group controller] resource group name does not exist"] [name=default]
[2026/07/13 01:03:51.150 +08:00] [INFO] [executor.go:7545] ["system variable tidb_scatter_region not found, use default value"] [category=ddl]
[2026/07/13 01:03:51.150 +08:00] [WARN] [global_controller.go:819] ["[resource group controller] resource group name does not exist"] [name=default]
[2026/07/13 01:03:51.151 +08:00] [WARN] [global_controller.go:819] ["[resource group controller] resource group name does not exist"] [name=default]
[2026/07/13 01:03:51.151 +08:00] [INFO] [job_submitter.go:118] ["add DDL jobs"] [category=ddl] ["batch count"=1] [jobs="ID:65, Type:create table, State:queueing, SchemaState:none, SchemaID:1, TableID:64, RowCount:0, ArgLen:1, start time: 2026-07-13 01:03:51.15 +0800 CST, Err:<nil>, ErrCount:0, SnapshotVersion:0, Version: v2; "] [fast_create=true]
[2026/07/13 01:03:51.151 +08:00] [INFO] [executor.go:7260] ["DDL job submitted"] [category=ddl] [job="ID:65, Type:create table, State:queueing, SchemaState:none, SchemaID:1, TableID:64, RowCount:0, ArgLen:1, start time: 2026-07-13 01:03:51.15 +0800 CST, Err:<nil>, ErrCount:0, SnapshotVersion:0, Version: v2"] [query="CREATE TABLE IF NOT EXISTS mysql.analyze_jobs (\n\t\tid BIGINT(64) UNSIGNED NOT NULL AUTO_INCREMENT,\n\t\tupdate_time TIMESTAMP NOT NULL DEFAULT CURRENT_TIMESTAMP ON UPDATE CURRENT_TIMESTAMP,\n\t\ttable_schema CHAR(64) NOT NULL DEFAULT '',\n\t\ttable_name CHAR(64) NOT NULL DEFAULT '',\n\t\tpartition_name CHAR(64) NOT NULL DEFAULT '',\n\t\tjob_info TEXT NOT NULL,\n\t\tprocessed_rows BIGINT(64) UNSIGNED NOT NULL DEFAULT 0,\n\t\tstart_time TIMESTAMP,\n\t\tend_time TIMESTAMP,\n\t\tstate ENUM('pending', 'running', 'finished', 'failed') NOT NULL,\n\t\tfail_reason TEXT,\n\t\tinstance VARCHAR(512) NOT NULL comment 'address of the TiDB instance executing the analyze job',\n\t\tprocess_id BIGINT(64) UNSIGNED comment 'ID of the process executing the analyze job',\n\t\tPRIMARY KEY (id),\n\t\tKEY (update_time),\n\t\tINDEX idx_schema_table_state (table_schema, table_name, state),\n\t\tINDEX idx_schema_table_partition_state (table_schema, table_name, partition_name, state)\n\t);"]
[2026/07/13 01:03:51.151 +08:00] [WARN] [global_controller.go:819] ["[resource group controller] resource group name does not exist"] [name=default]
[2026/07/13 01:03:51.151 +08:00] [WARN] [global_controller.go:819] ["[resource group controller] resource group name does not exist"] [name=default]
[2026/07/13 01:03:51.151 +08:00] [INFO] [job_worker.go:854] ["run one job step"] [category=ddl] [jobID=65] [job="ID:65, Type:create table, State:queueing, SchemaState:none, SchemaID:1, TableID:64, RowCount:0, ArgLen:0, start time: 2026-07-13 01:03:51.15 +0800 CST, Err:<nil>, ErrCount:0, SnapshotVersion:0, Version: v2"]
[2026/07/13 01:03:51.152 +08:00] [WARN] [global_controller.go:819] ["[resource group controller] resource group name does not exist"] [name=default]
[2026/07/13 01:03:51.152 +08:00] [WARN] [global_controller.go:819] ["[resource group controller] resource group name does not exist"] [name=default]
[2026/07/13 01:03:51.152 +08:00] [WARN] [global_controller.go:819] ["[resource group controller] resource group name does not exist"] [name=default]
[2026/07/13 01:03:51.152 +08:00] [INFO] [loader.go:216] ["diff load InfoSchema success"] [mode=auto] [isV2=true] [currVer=31] [neededVer=32] [gotVer=32] ["elapsed time"=142.75µs] [phyTblIDs="[64]"] [actionTypes="[3]"] [diffTypes="[\"create table\"]"]
[2026/07/13 01:03:51.153 +08:00] [INFO] [syncer.go:258] ["session manager is nil"]
[2026/07/13 01:03:51.153 +08:00] [INFO] [syncer.go:281] ["mdl gets lock, update self version to owner"] [jobID=65] [version=32]
[2026/07/13 01:03:51.154 +08:00] [INFO] [schema_version.go:397] ["wait schema version synced success"] [category=ddl] [ver=32] [checkAssumedSvr=false] ["take time"=2.072834ms] [job="ID:65, Type:create table, State:done, SchemaState:public, SchemaID:1, TableID:64, RowCount:0, ArgLen:1, start time: 2026-07-13 01:03:51.15 +0800 CST, Err:<nil>, ErrCount:0, SnapshotVersion:0, Version: v2"] [summary="server count: 1"]
[2026/07/13 01:03:51.154 +08:00] [WARN] [global_controller.go:819] ["[resource group controller] resource group name does not exist"] [name=default]
[2026/07/13 01:03:51.154 +08:00] [WARN] [global_controller.go:819] ["[resource group controller] resource group name does not exist"] [name=default]
[2026/07/13 01:03:51.155 +08:00] [WARN] [global_controller.go:819] ["[resource group controller] resource group name does not exist"] [name=default]
[2026/07/13 01:03:51.155 +08:00] [WARN] [global_controller.go:819] ["[resource group controller] resource group name does not exist"] [name=default]
[2026/07/13 01:03:51.155 +08:00] [WARN] [global_controller.go:819] ["[resource group controller] resource group name does not exist"] [name=default]
[2026/07/13 01:03:51.155 +08:00] [INFO] [job_worker.go:447] ["finish DDL job"] [category=ddl] [jobID=65] [job="ID:65, Type:create table, State:synced, SchemaState:public, SchemaID:1, TableID:64, RowCount:0, ArgLen:0, start time: 2026-07-13 01:03:51.15 +0800 CST, Err:<nil>, ErrCount:0, SnapshotVersion:0, Version: v2"]
[2026/07/13 01:03:51.155 +08:00] [WARN] [global_controller.go:819] ["[resource group controller] resource group name does not exist"] [name=default]
[2026/07/13 01:03:51.156 +08:00] [WARN] [global_controller.go:819] ["[resource group controller] resource group name does not exist"] [name=default]
[2026/07/13 01:03:51.156 +08:00] [WARN] [global_controller.go:819] ["[resource group controller] resource group name does not exist"] [name=default]
[2026/07/13 01:03:51.156 +08:00] [INFO] [executor.go:7380] ["DDL job is finished"] [category=ddl] [jobID=65]
[2026/07/13 01:03:51.156 +08:00] [INFO] [session.go:5104] ["CRUCIAL OPERATION"] [conn=0] [schemaVersion=32] [cur_db=mysql] [sql="CREATE TABLE IF NOT EXISTS mysql.analyze_jobs (\n\t\tid BIGINT(64) UNSIGNED NOT NULL AUTO_INCREMENT,\n\t\tupdate_time TIMESTAMP NOT NULL DEFAULT CURRENT_TIMESTAMP ON UPDATE CURRENT_TIMESTAMP,\n\t\ttable_schema CHAR(64) NOT NULL DEFAULT '',\n\t\ttable_name CHAR(64) NOT NULL DEFAULT '',\n\t\tpartition_name CHAR(64) NOT NULL DEFAULT '',\n\t\tjob_info TEXT NOT NULL,\n\t\tprocessed_rows BIGINT(64) UNSIGNED NOT NULL DEFAULT 0,\n\t\tstart_time TIMESTAMP,\n\t\tend_time TIMESTAMP,\n\t\tstate ENUM('pending', 'running', 'finished', 'failed') NOT NULL,\n\t\tfail_reason TEXT,\n\t\tinstance VARCHAR(512) NOT NULL comment 'address of the TiDB instance executing the analyze job',\n\t\tprocess_id BIGINT(64) UNSIGNED comment 'ID of the process executing the analyze job',\n\t\tPRIMARY KEY (id),\n\t\tKEY (update_time),\n\t\tINDEX idx_schema_table_state (table_schema, table_name, state),\n\t\tINDEX idx_schema_table_partition_state (table_schema, table_name, partition_name, state)\n\t);"] [user=]
[2026/07/13 01:03:51.156 +08:00] [WARN] [global_controller.go:819] ["[resource group controller] resource group name does not exist"] [name=default]
[2026/07/13 01:03:51.156 +08:00] [INFO] [executor.go:7545] ["system variable tidb_scatter_region not found, use default value"] [category=ddl]
[2026/07/13 01:03:51.156 +08:00] [WARN] [global_controller.go:819] ["[resource group controller] resource group name does not exist"] [name=default]
[2026/07/13 01:03:51.156 +08:00] [WARN] [global_controller.go:819] ["[resource group controller] resource group name does not exist"] [name=default]
[2026/07/13 01:03:51.156 +08:00] [INFO] [job_submitter.go:118] ["add DDL jobs"] [category=ddl] ["batch count"=1] [jobs="ID:67, Type:create table, State:queueing, SchemaState:none, SchemaID:1, TableID:66, RowCount:0, ArgLen:1, start time: 2026-07-13 01:03:51.156 +0800 CST, Err:<nil>, ErrCount:0, SnapshotVersion:0, Version: v2; "] [fast_create=true]
[2026/07/13 01:03:51.156 +08:00] [INFO] [executor.go:7260] ["DDL job submitted"] [category=ddl] [job="ID:67, Type:create table, State:queueing, SchemaState:none, SchemaID:1, TableID:66, RowCount:0, ArgLen:1, start time: 2026-07-13 01:03:51.156 +0800 CST, Err:<nil>, ErrCount:0, SnapshotVersion:0, Version: v2"] [query="CREATE TABLE IF NOT EXISTS mysql.advisory_locks (\n\t\tlock_name VARCHAR(64) NOT NULL PRIMARY KEY\n\t);"]
[2026/07/13 01:03:51.157 +08:00] [WARN] [global_controller.go:819] ["[resource group controller] resource group name does not exist"] [name=default]
[2026/07/13 01:03:51.157 +08:00] [WARN] [global_controller.go:819] ["[resource group controller] resource group name does not exist"] [name=default]
[2026/07/13 01:03:51.157 +08:00] [INFO] [job_worker.go:854] ["run one job step"] [category=ddl] [jobID=67] [job="ID:67, Type:create table, State:queueing, SchemaState:none, SchemaID:1, TableID:66, RowCount:0, ArgLen:0, start time: 2026-07-13 01:03:51.156 +0800 CST, Err:<nil>, ErrCount:0, SnapshotVersion:0, Version: v2"]
[2026/07/13 01:03:51.157 +08:00] [WARN] [global_controller.go:819] ["[resource group controller] resource group name does not exist"] [name=default]
[2026/07/13 01:03:51.157 +08:00] [WARN] [global_controller.go:819] ["[resource group controller] resource group name does not exist"] [name=default]
[2026/07/13 01:03:51.157 +08:00] [WARN] [global_controller.go:819] ["[resource group controller] resource group name does not exist"] [name=default]
[2026/07/13 01:03:51.157 +08:00] [INFO] [loader.go:216] ["diff load InfoSchema success"] [mode=auto] [isV2=true] [currVer=32] [neededVer=33] [gotVer=33] ["elapsed time"=43.709µs] [phyTblIDs="[66]"] [actionTypes="[3]"] [diffTypes="[\"create table\"]"]
[2026/07/13 01:03:51.157 +08:00] [INFO] [syncer.go:258] ["session manager is nil"]
[2026/07/13 01:03:51.157 +08:00] [INFO] [syncer.go:281] ["mdl gets lock, update self version to owner"] [jobID=67] [version=33]
[2026/07/13 01:03:51.159 +08:00] [INFO] [schema_version.go:397] ["wait schema version synced success"] [category=ddl] [ver=33] [checkAssumedSvr=false] ["take time"=2.208583ms] [job="ID:67, Type:create table, State:done, SchemaState:public, SchemaID:1, TableID:66, RowCount:0, ArgLen:1, start time: 2026-07-13 01:03:51.156 +0800 CST, Err:<nil>, ErrCount:0, SnapshotVersion:0, Version: v2"] [summary="server count: 1"]
[2026/07/13 01:03:51.160 +08:00] [WARN] [global_controller.go:819] ["[resource group controller] resource group name does not exist"] [name=default]
[2026/07/13 01:03:51.160 +08:00] [WARN] [global_controller.go:819] ["[resource group controller] resource group name does not exist"] [name=default]
[2026/07/13 01:03:51.160 +08:00] [WARN] [global_controller.go:819] ["[resource group controller] resource group name does not exist"] [name=default]
[2026/07/13 01:03:51.160 +08:00] [WARN] [global_controller.go:819] ["[resource group controller] resource group name does not exist"] [name=default]
[2026/07/13 01:03:51.160 +08:00] [WARN] [global_controller.go:819] ["[resource group controller] resource group name does not exist"] [name=default]
[2026/07/13 01:03:51.160 +08:00] [INFO] [job_worker.go:447] ["finish DDL job"] [category=ddl] [jobID=67] [job="ID:67, Type:create table, State:synced, SchemaState:public, SchemaID:1, TableID:66, RowCount:0, ArgLen:0, start time: 2026-07-13 01:03:51.156 +0800 CST, Err:<nil>, ErrCount:0, SnapshotVersion:0, Version: v2"]
[2026/07/13 01:03:51.160 +08:00] [WARN] [global_controller.go:819] ["[resource group controller] resource group name does not exist"] [name=default]
[2026/07/13 01:03:51.160 +08:00] [WARN] [global_controller.go:819] ["[resource group controller] resource group name does not exist"] [name=default]
[2026/07/13 01:03:51.160 +08:00] [WARN] [global_controller.go:819] ["[resource group controller] resource group name does not exist"] [name=default]
[2026/07/13 01:03:51.160 +08:00] [INFO] [executor.go:7380] ["DDL job is finished"] [category=ddl] [jobID=67]
[2026/07/13 01:03:51.160 +08:00] [INFO] [session.go:5104] ["CRUCIAL OPERATION"] [conn=0] [schemaVersion=33] [cur_db=mysql] [sql="CREATE TABLE IF NOT EXISTS mysql.advisory_locks (\n\t\tlock_name VARCHAR(64) NOT NULL PRIMARY KEY\n\t);"] [user=]
[2026/07/13 01:03:51.161 +08:00] [WARN] [global_controller.go:819] ["[resource group controller] resource group name does not exist"] [name=default]
[2026/07/13 01:03:51.161 +08:00] [INFO] [executor.go:7545] ["system variable tidb_scatter_region not found, use default value"] [category=ddl]
[2026/07/13 01:03:51.161 +08:00] [WARN] [global_controller.go:819] ["[resource group controller] resource group name does not exist"] [name=default]
[2026/07/13 01:03:51.161 +08:00] [WARN] [global_controller.go:819] ["[resource group controller] resource group name does not exist"] [name=default]
[2026/07/13 01:03:51.161 +08:00] [INFO] [job_submitter.go:118] ["add DDL jobs"] [category=ddl] ["batch count"=1] [jobs="ID:69, Type:create table, State:queueing, SchemaState:none, SchemaID:1, TableID:68, RowCount:0, ArgLen:1, start time: 2026-07-13 01:03:51.161 +0800 CST, Err:<nil>, ErrCount:0, SnapshotVersion:0, Version: v2; "] [fast_create=true]
[2026/07/13 01:03:51.161 +08:00] [INFO] [executor.go:7260] ["DDL job submitted"] [category=ddl] [job="ID:69, Type:create table, State:queueing, SchemaState:none, SchemaID:1, TableID:68, RowCount:0, ArgLen:1, start time: 2026-07-13 01:03:51.161 +0800 CST, Err:<nil>, ErrCount:0, SnapshotVersion:0, Version: v2"] [query="CREATE TABLE IF NOT EXISTS mysql.plan_replayer_status (\n\t\tsql_digest VARCHAR(128),\n\t\tplan_digest VARCHAR(128),\n\t\torigin_sql TEXT,\n\t\ttoken VARCHAR(128),\n\t\tupdate_time TIMESTAMP NOT NULL DEFAULT CURRENT_TIMESTAMP ON UPDATE CURRENT_TIMESTAMP,\n\t\tfail_reason TEXT,\n\t\tinstance VARCHAR(512) NOT NULL comment 'address of the TiDB instance executing the plan replayer job');"]
[2026/07/13 01:03:51.161 +08:00] [WARN] [global_controller.go:819] ["[resource group controller] resource group name does not exist"] [name=default]
[2026/07/13 01:03:51.162 +08:00] [WARN] [global_controller.go:819] ["[resource group controller] resource group name does not exist"] [name=default]
[2026/07/13 01:03:51.162 +08:00] [INFO] [job_worker.go:854] ["run one job step"] [category=ddl] [jobID=69] [job="ID:69, Type:create table, State:queueing, SchemaState:none, SchemaID:1, TableID:68, RowCount:0, ArgLen:0, start time: 2026-07-13 01:03:51.161 +0800 CST, Err:<nil>, ErrCount:0, SnapshotVersion:0, Version: v2"]
[2026/07/13 01:03:51.162 +08:00] [WARN] [global_controller.go:819] ["[resource group controller] resource group name does not exist"] [name=default]
[2026/07/13 01:03:51.162 +08:00] [WARN] [global_controller.go:819] ["[resource group controller] resource group name does not exist"] [name=default]
[2026/07/13 01:03:51.162 +08:00] [WARN] [global_controller.go:819] ["[resource group controller] resource group name does not exist"] [name=default]
[2026/07/13 01:03:51.162 +08:00] [INFO] [loader.go:216] ["diff load InfoSchema success"] [mode=auto] [isV2=true] [currVer=33] [neededVer=34] [gotVer=34] ["elapsed time"=80.791µs] [phyTblIDs="[68]"] [actionTypes="[3]"] [diffTypes="[\"create table\"]"]
[2026/07/13 01:03:51.162 +08:00] [INFO] [syncer.go:258] ["session manager is nil"]
[2026/07/13 01:03:51.162 +08:00] [INFO] [syncer.go:281] ["mdl gets lock, update self version to owner"] [jobID=69] [version=34]
[2026/07/13 01:03:51.164 +08:00] [INFO] [schema_version.go:397] ["wait schema version synced success"] [category=ddl] [ver=34] [checkAssumedSvr=false] ["take time"=2.059458ms] [job="ID:69, Type:create table, State:done, SchemaState:public, SchemaID:1, TableID:68, RowCount:0, ArgLen:1, start time: 2026-07-13 01:03:51.161 +0800 CST, Err:<nil>, ErrCount:0, SnapshotVersion:0, Version: v2"] [summary="server count: 1"]
[2026/07/13 01:03:51.164 +08:00] [WARN] [global_controller.go:819] ["[resource group controller] resource group name does not exist"] [name=default]
[2026/07/13 01:03:51.164 +08:00] [WARN] [global_controller.go:819] ["[resource group controller] resource group name does not exist"] [name=default]
[2026/07/13 01:03:51.165 +08:00] [WARN] [global_controller.go:819] ["[resource group controller] resource group name does not exist"] [name=default]
[2026/07/13 01:03:51.165 +08:00] [WARN] [global_controller.go:819] ["[resource group controller] resource group name does not exist"] [name=default]
[2026/07/13 01:03:51.165 +08:00] [WARN] [global_controller.go:819] ["[resource group controller] resource group name does not exist"] [name=default]
[2026/07/13 01:03:51.165 +08:00] [INFO] [job_worker.go:447] ["finish DDL job"] [category=ddl] [jobID=69] [job="ID:69, Type:create table, State:synced, SchemaState:public, SchemaID:1, TableID:68, RowCount:0, ArgLen:0, start time: 2026-07-13 01:03:51.161 +0800 CST, Err:<nil>, ErrCount:0, SnapshotVersion:0, Version: v2"]
[2026/07/13 01:03:51.165 +08:00] [WARN] [global_controller.go:819] ["[resource group controller] resource group name does not exist"] [name=default]
[2026/07/13 01:03:51.165 +08:00] [WARN] [global_controller.go:819] ["[resource group controller] resource group name does not exist"] [name=default]
[2026/07/13 01:03:51.165 +08:00] [WARN] [global_controller.go:819] ["[resource group controller] resource group name does not exist"] [name=default]
[2026/07/13 01:03:51.165 +08:00] [INFO] [executor.go:7380] ["DDL job is finished"] [category=ddl] [jobID=69]
[2026/07/13 01:03:51.165 +08:00] [INFO] [session.go:5104] ["CRUCIAL OPERATION"] [conn=0] [schemaVersion=34] [cur_db=mysql] [sql="CREATE TABLE IF NOT EXISTS mysql.plan_replayer_status (\n\t\tsql_digest VARCHAR(128),\n\t\tplan_digest VARCHAR(128),\n\t\torigin_sql TEXT,\n\t\ttoken VARCHAR(128),\n\t\tupdate_time TIMESTAMP NOT NULL DEFAULT CURRENT_TIMESTAMP ON UPDATE CURRENT_TIMESTAMP,\n\t\tfail_reason TEXT,\n\t\tinstance VARCHAR(512) NOT NULL comment 'address of the TiDB instance executing the plan replayer job');"] [user=]
[2026/07/13 01:03:51.165 +08:00] [INFO] [executor.go:7545] ["system variable tidb_scatter_region not found, use default value"] [category=ddl]
[2026/07/13 01:03:51.165 +08:00] [WARN] [global_controller.go:819] ["[resource group controller] resource group name does not exist"] [name=default]
[2026/07/13 01:03:51.166 +08:00] [WARN] [global_controller.go:819] ["[resource group controller] resource group name does not exist"] [name=default]
[2026/07/13 01:03:51.166 +08:00] [WARN] [global_controller.go:819] ["[resource group controller] resource group name does not exist"] [name=default]
[2026/07/13 01:03:51.166 +08:00] [INFO] [job_submitter.go:118] ["add DDL jobs"] [category=ddl] ["batch count"=1] [jobs="ID:71, Type:create table, State:queueing, SchemaState:none, SchemaID:1, TableID:70, RowCount:0, ArgLen:1, start time: 2026-07-13 01:03:51.166 +0800 CST, Err:<nil>, ErrCount:0, SnapshotVersion:0, Version: v2; "] [fast_create=true]
[2026/07/13 01:03:51.166 +08:00] [INFO] [executor.go:7260] ["DDL job submitted"] [category=ddl] [job="ID:71, Type:create table, State:queueing, SchemaState:none, SchemaID:1, TableID:70, RowCount:0, ArgLen:1, start time: 2026-07-13 01:03:51.166 +0800 CST, Err:<nil>, ErrCount:0, SnapshotVersion:0, Version: v2"] [query="CREATE TABLE IF NOT EXISTS mysql.plan_replayer_task (\n\t\tsql_digest VARCHAR(128) NOT NULL,\n\t\tplan_digest VARCHAR(128) NOT NULL,\n\t\tupdate_time TIMESTAMP NOT NULL DEFAULT CURRENT_TIMESTAMP ON UPDATE CURRENT_TIMESTAMP,\n\t\tPRIMARY KEY (sql_digest,plan_digest));"]
[2026/07/13 01:03:51.166 +08:00] [WARN] [global_controller.go:819] ["[resource group controller] resource group name does not exist"] [name=default]
[2026/07/13 01:03:51.166 +08:00] [WARN] [global_controller.go:819] ["[resource group controller] resource group name does not exist"] [name=default]
[2026/07/13 01:03:51.166 +08:00] [INFO] [job_worker.go:854] ["run one job step"] [category=ddl] [jobID=71] [job="ID:71, Type:create table, State:queueing, SchemaState:none, SchemaID:1, TableID:70, RowCount:0, ArgLen:0, start time: 2026-07-13 01:03:51.166 +0800 CST, Err:<nil>, ErrCount:0, SnapshotVersion:0, Version: v2"]
[2026/07/13 01:03:51.166 +08:00] [WARN] [global_controller.go:819] ["[resource group controller] resource group name does not exist"] [name=default]
[2026/07/13 01:03:51.166 +08:00] [WARN] [global_controller.go:819] ["[resource group controller] resource group name does not exist"] [name=default]
[2026/07/13 01:03:51.167 +08:00] [WARN] [global_controller.go:819] ["[resource group controller] resource group name does not exist"] [name=default]
[2026/07/13 01:03:51.167 +08:00] [INFO] [loader.go:216] ["diff load InfoSchema success"] [mode=auto] [isV2=true] [currVer=34] [neededVer=35] [gotVer=35] ["elapsed time"=63.75µs] [phyTblIDs="[70]"] [actionTypes="[3]"] [diffTypes="[\"create table\"]"]
[2026/07/13 01:03:51.167 +08:00] [INFO] [syncer.go:258] ["session manager is nil"]
[2026/07/13 01:03:51.167 +08:00] [INFO] [syncer.go:281] ["mdl gets lock, update self version to owner"] [jobID=71] [version=35]
[2026/07/13 01:03:51.169 +08:00] [INFO] [schema_version.go:397] ["wait schema version synced success"] [category=ddl] [ver=35] [checkAssumedSvr=false] ["take time"=2.145542ms] [job="ID:71, Type:create table, State:done, SchemaState:public, SchemaID:1, TableID:70, RowCount:0, ArgLen:1, start time: 2026-07-13 01:03:51.166 +0800 CST, Err:<nil>, ErrCount:0, SnapshotVersion:0, Version: v2"] [summary="server count: 1"]
[2026/07/13 01:03:51.169 +08:00] [WARN] [global_controller.go:819] ["[resource group controller] resource group name does not exist"] [name=default]
[2026/07/13 01:03:51.169 +08:00] [WARN] [global_controller.go:819] ["[resource group controller] resource group name does not exist"] [name=default]
[2026/07/13 01:03:51.169 +08:00] [WARN] [global_controller.go:819] ["[resource group controller] resource group name does not exist"] [name=default]
[2026/07/13 01:03:51.169 +08:00] [WARN] [global_controller.go:819] ["[resource group controller] resource group name does not exist"] [name=default]
[2026/07/13 01:03:51.169 +08:00] [WARN] [global_controller.go:819] ["[resource group controller] resource group name does not exist"] [name=default]
[2026/07/13 01:03:51.169 +08:00] [INFO] [job_worker.go:447] ["finish DDL job"] [category=ddl] [jobID=71] [job="ID:71, Type:create table, State:synced, SchemaState:public, SchemaID:1, TableID:70, RowCount:0, ArgLen:0, start time: 2026-07-13 01:03:51.166 +0800 CST, Err:<nil>, ErrCount:0, SnapshotVersion:0, Version: v2"]
[2026/07/13 01:03:51.170 +08:00] [WARN] [global_controller.go:819] ["[resource group controller] resource group name does not exist"] [name=default]
[2026/07/13 01:03:51.170 +08:00] [WARN] [global_controller.go:819] ["[resource group controller] resource group name does not exist"] [name=default]
[2026/07/13 01:03:51.170 +08:00] [WARN] [global_controller.go:819] ["[resource group controller] resource group name does not exist"] [name=default]
[2026/07/13 01:03:51.170 +08:00] [INFO] [executor.go:7380] ["DDL job is finished"] [category=ddl] [jobID=71]
[2026/07/13 01:03:51.170 +08:00] [INFO] [session.go:5104] ["CRUCIAL OPERATION"] [conn=0] [schemaVersion=35] [cur_db=mysql] [sql="CREATE TABLE IF NOT EXISTS mysql.plan_replayer_task (\n\t\tsql_digest VARCHAR(128) NOT NULL,\n\t\tplan_digest VARCHAR(128) NOT NULL,\n\t\tupdate_time TIMESTAMP NOT NULL DEFAULT CURRENT_TIMESTAMP ON UPDATE CURRENT_TIMESTAMP,\n\t\tPRIMARY KEY (sql_digest,plan_digest));"] [user=]
[2026/07/13 01:03:51.170 +08:00] [INFO] [executor.go:7545] ["system variable tidb_scatter_region not found, use default value"] [category=ddl]
[2026/07/13 01:03:51.170 +08:00] [WARN] [global_controller.go:819] ["[resource group controller] resource group name does not exist"] [name=default]
[2026/07/13 01:03:51.170 +08:00] [WARN] [global_controller.go:819] ["[resource group controller] resource group name does not exist"] [name=default]
[2026/07/13 01:03:51.171 +08:00] [WARN] [global_controller.go:819] ["[resource group controller] resource group name does not exist"] [name=default]
[2026/07/13 01:03:51.171 +08:00] [INFO] [job_submitter.go:118] ["add DDL jobs"] [category=ddl] ["batch count"=1] [jobs="ID:73, Type:create table, State:queueing, SchemaState:none, SchemaID:1, TableID:72, RowCount:0, ArgLen:1, start time: 2026-07-13 01:03:51.17 +0800 CST, Err:<nil>, ErrCount:0, SnapshotVersion:0, Version: v2; "] [fast_create=true]
[2026/07/13 01:03:51.171 +08:00] [INFO] [executor.go:7260] ["DDL job submitted"] [category=ddl] [job="ID:73, Type:create table, State:queueing, SchemaState:none, SchemaID:1, TableID:72, RowCount:0, ArgLen:1, start time: 2026-07-13 01:03:51.17 +0800 CST, Err:<nil>, ErrCount:0, SnapshotVersion:0, Version: v2"] [query="CREATE TABLE IF NOT EXISTS mysql.stats_table_locked (\n\t\ttable_id bigint(64) NOT NULL,\n\t\tmodify_count bigint(64) NOT NULL DEFAULT 0,\n\t\tcount bigint(64) NOT NULL DEFAULT 0,\n\t\tversion bigint(64) UNSIGNED NOT NULL DEFAULT 0,\n\t\tPRIMARY KEY (table_id) CLUSTERED);"]
[2026/07/13 01:03:51.171 +08:00] [WARN] [global_controller.go:819] ["[resource group controller] resource group name does not exist"] [name=default]
[2026/07/13 01:03:51.171 +08:00] [WARN] [global_controller.go:819] ["[resource group controller] resource group name does not exist"] [name=default]
[2026/07/13 01:03:51.171 +08:00] [INFO] [job_worker.go:854] ["run one job step"] [category=ddl] [jobID=73] [job="ID:73, Type:create table, State:queueing, SchemaState:none, SchemaID:1, TableID:72, RowCount:0, ArgLen:0, start time: 2026-07-13 01:03:51.17 +0800 CST, Err:<nil>, ErrCount:0, SnapshotVersion:0, Version: v2"]
[2026/07/13 01:03:51.171 +08:00] [WARN] [global_controller.go:819] ["[resource group controller] resource group name does not exist"] [name=default]
[2026/07/13 01:03:51.171 +08:00] [WARN] [global_controller.go:819] ["[resource group controller] resource group name does not exist"] [name=default]
[2026/07/13 01:03:51.171 +08:00] [WARN] [global_controller.go:819] ["[resource group controller] resource group name does not exist"] [name=default]
[2026/07/13 01:03:51.172 +08:00] [INFO] [loader.go:216] ["diff load InfoSchema success"] [mode=auto] [isV2=true] [currVer=35] [neededVer=36] [gotVer=36] ["elapsed time"=57.709µs] [phyTblIDs="[72]"] [actionTypes="[3]"] [diffTypes="[\"create table\"]"]
[2026/07/13 01:03:51.172 +08:00] [INFO] [syncer.go:258] ["session manager is nil"]
[2026/07/13 01:03:51.172 +08:00] [INFO] [syncer.go:281] ["mdl gets lock, update self version to owner"] [jobID=73] [version=36]
[2026/07/13 01:03:51.174 +08:00] [INFO] [schema_version.go:397] ["wait schema version synced success"] [category=ddl] [ver=36] [checkAssumedSvr=false] ["take time"=2.25425ms] [job="ID:73, Type:create table, State:done, SchemaState:public, SchemaID:1, TableID:72, RowCount:0, ArgLen:1, start time: 2026-07-13 01:03:51.17 +0800 CST, Err:<nil>, ErrCount:0, SnapshotVersion:0, Version: v2"] [summary="server count: 1"]
[2026/07/13 01:03:51.174 +08:00] [WARN] [global_controller.go:819] ["[resource group controller] resource group name does not exist"] [name=default]
[2026/07/13 01:03:51.174 +08:00] [WARN] [global_controller.go:819] ["[resource group controller] resource group name does not exist"] [name=default]
[2026/07/13 01:03:51.174 +08:00] [WARN] [global_controller.go:819] ["[resource group controller] resource group name does not exist"] [name=default]
[2026/07/13 01:03:51.174 +08:00] [WARN] [global_controller.go:819] ["[resource group controller] resource group name does not exist"] [name=default]
[2026/07/13 01:03:51.174 +08:00] [WARN] [global_controller.go:819] ["[resource group controller] resource group name does not exist"] [name=default]
[2026/07/13 01:03:51.174 +08:00] [INFO] [job_worker.go:447] ["finish DDL job"] [category=ddl] [jobID=73] [job="ID:73, Type:create table, State:synced, SchemaState:public, SchemaID:1, TableID:72, RowCount:0, ArgLen:0, start time: 2026-07-13 01:03:51.17 +0800 CST, Err:<nil>, ErrCount:0, SnapshotVersion:0, Version: v2"]
[2026/07/13 01:03:51.174 +08:00] [WARN] [global_controller.go:819] ["[resource group controller] resource group name does not exist"] [name=default]
[2026/07/13 01:03:51.175 +08:00] [WARN] [global_controller.go:819] ["[resource group controller] resource group name does not exist"] [name=default]
[2026/07/13 01:03:51.175 +08:00] [WARN] [global_controller.go:819] ["[resource group controller] resource group name does not exist"] [name=default]
[2026/07/13 01:03:51.175 +08:00] [INFO] [executor.go:7380] ["DDL job is finished"] [category=ddl] [jobID=73]
[2026/07/13 01:03:51.175 +08:00] [INFO] [session.go:5104] ["CRUCIAL OPERATION"] [conn=0] [schemaVersion=36] [cur_db=mysql] [sql="CREATE TABLE IF NOT EXISTS mysql.stats_table_locked (\n\t\ttable_id bigint(64) NOT NULL,\n\t\tmodify_count bigint(64) NOT NULL DEFAULT 0,\n\t\tcount bigint(64) NOT NULL DEFAULT 0,\n\t\tversion bigint(64) UNSIGNED NOT NULL DEFAULT 0,\n\t\tPRIMARY KEY (table_id) CLUSTERED);"] [user=]
[2026/07/13 01:03:51.175 +08:00] [INFO] [executor.go:7545] ["system variable tidb_scatter_region not found, use default value"] [category=ddl]
[2026/07/13 01:03:51.175 +08:00] [WARN] [global_controller.go:819] ["[resource group controller] resource group name does not exist"] [name=default]
[2026/07/13 01:03:51.175 +08:00] [WARN] [global_controller.go:819] ["[resource group controller] resource group name does not exist"] [name=default]
[2026/07/13 01:03:51.176 +08:00] [WARN] [global_controller.go:819] ["[resource group controller] resource group name does not exist"] [name=default]
[2026/07/13 01:03:51.176 +08:00] [INFO] [job_submitter.go:118] ["add DDL jobs"] [category=ddl] ["batch count"=1] [jobs="ID:75, Type:create table, State:queueing, SchemaState:none, SchemaID:1, TableID:74, RowCount:0, ArgLen:1, start time: 2026-07-13 01:03:51.175 +0800 CST, Err:<nil>, ErrCount:0, SnapshotVersion:0, Version: v2; "] [fast_create=true]
[2026/07/13 01:03:51.176 +08:00] [INFO] [executor.go:7260] ["DDL job submitted"] [category=ddl] [job="ID:75, Type:create table, State:queueing, SchemaState:none, SchemaID:1, TableID:74, RowCount:0, ArgLen:1, start time: 2026-07-13 01:03:51.175 +0800 CST, Err:<nil>, ErrCount:0, SnapshotVersion:0, Version: v2"] [query="CREATE TABLE IF NOT EXISTS mysql.tidb_ttl_table_status (\n\t\ttable_id bigint(64) PRIMARY KEY,\n        parent_table_id bigint(64),\n        table_statistics text DEFAULT NULL,\n\t\tlast_job_id varchar(64) DEFAULT NULL,\n\t\tlast_job_start_time timestamp NULL DEFAULT NULL,\n\t\tlast_job_finish_time timestamp NULL DEFAULT NULL,\n\t\tlast_job_ttl_expire timestamp NULL DEFAULT NULL,\n        last_job_summary text DEFAULT NULL,\n\t\tcurrent_job_id varchar(64) DEFAULT NULL,\n\t\tcurrent_job_owner_id varchar(64) DEFAULT NULL,\n\t\tcurrent_job_owner_addr varchar(256) DEFAULT NULL,\n\t\tcurrent_job_owner_hb_time timestamp,\n\t\tcurrent_job_start_time timestamp NULL DEFAULT NULL,\n\t\tcurrent_job_ttl_expire timestamp NULL DEFAULT NULL,\n\t\tcurrent_job_state text DEFAULT NULL,\n\t\tcurrent_job_status varchar(64) DEFAULT NULL,\n  \t\tcurrent_job_status_update_time timestamp NULL DEFAULT NULL);"]
[2026/07/13 01:03:51.176 +08:00] [WARN] [global_controller.go:819] ["[resource group controller] resource group name does not exist"] [name=default]
[2026/07/13 01:03:51.176 +08:00] [WARN] [global_controller.go:819] ["[resource group controller] resource group name does not exist"] [name=default]
[2026/07/13 01:03:51.176 +08:00] [INFO] [job_worker.go:854] ["run one job step"] [category=ddl] [jobID=75] [job="ID:75, Type:create table, State:queueing, SchemaState:none, SchemaID:1, TableID:74, RowCount:0, ArgLen:0, start time: 2026-07-13 01:03:51.175 +0800 CST, Err:<nil>, ErrCount:0, SnapshotVersion:0, Version: v2"]
[2026/07/13 01:03:51.176 +08:00] [WARN] [global_controller.go:819] ["[resource group controller] resource group name does not exist"] [name=default]
[2026/07/13 01:03:51.177 +08:00] [WARN] [global_controller.go:819] ["[resource group controller] resource group name does not exist"] [name=default]
[2026/07/13 01:03:51.177 +08:00] [WARN] [global_controller.go:819] ["[resource group controller] resource group name does not exist"] [name=default]
[2026/07/13 01:03:51.177 +08:00] [INFO] [loader.go:216] ["diff load InfoSchema success"] [mode=auto] [isV2=true] [currVer=36] [neededVer=37] [gotVer=37] ["elapsed time"=120.959µs] [phyTblIDs="[74]"] [actionTypes="[3]"] [diffTypes="[\"create table\"]"]
[2026/07/13 01:03:51.177 +08:00] [INFO] [syncer.go:258] ["session manager is nil"]
[2026/07/13 01:03:51.177 +08:00] [INFO] [syncer.go:281] ["mdl gets lock, update self version to owner"] [jobID=75] [version=37]
[2026/07/13 01:03:51.179 +08:00] [INFO] [schema_version.go:397] ["wait schema version synced success"] [category=ddl] [ver=37] [checkAssumedSvr=false] ["take time"=2.190375ms] [job="ID:75, Type:create table, State:done, SchemaState:public, SchemaID:1, TableID:74, RowCount:0, ArgLen:1, start time: 2026-07-13 01:03:51.175 +0800 CST, Err:<nil>, ErrCount:0, SnapshotVersion:0, Version: v2"] [summary="server count: 1"]
[2026/07/13 01:03:51.179 +08:00] [WARN] [global_controller.go:819] ["[resource group controller] resource group name does not exist"] [name=default]
[2026/07/13 01:03:51.180 +08:00] [WARN] [global_controller.go:819] ["[resource group controller] resource group name does not exist"] [name=default]
[2026/07/13 01:03:51.180 +08:00] [WARN] [global_controller.go:819] ["[resource group controller] resource group name does not exist"] [name=default]
[2026/07/13 01:03:51.180 +08:00] [WARN] [global_controller.go:819] ["[resource group controller] resource group name does not exist"] [name=default]
[2026/07/13 01:03:51.180 +08:00] [WARN] [global_controller.go:819] ["[resource group controller] resource group name does not exist"] [name=default]
[2026/07/13 01:03:51.180 +08:00] [INFO] [job_worker.go:447] ["finish DDL job"] [category=ddl] [jobID=75] [job="ID:75, Type:create table, State:synced, SchemaState:public, SchemaID:1, TableID:74, RowCount:0, ArgLen:0, start time: 2026-07-13 01:03:51.175 +0800 CST, Err:<nil>, ErrCount:0, SnapshotVersion:0, Version: v2"]
[2026/07/13 01:03:51.180 +08:00] [WARN] [global_controller.go:819] ["[resource group controller] resource group name does not exist"] [name=default]
[2026/07/13 01:03:51.181 +08:00] [WARN] [global_controller.go:819] ["[resource group controller] resource group name does not exist"] [name=default]
[2026/07/13 01:03:51.181 +08:00] [WARN] [global_controller.go:819] ["[resource group controller] resource group name does not exist"] [name=default]
[2026/07/13 01:03:51.181 +08:00] [INFO] [executor.go:7380] ["DDL job is finished"] [category=ddl] [jobID=75]
[2026/07/13 01:03:51.181 +08:00] [INFO] [session.go:5104] ["CRUCIAL OPERATION"] [conn=0] [schemaVersion=37] [cur_db=mysql] [sql="CREATE TABLE IF NOT EXISTS mysql.tidb_ttl_table_status (\n\t\ttable_id bigint(64) PRIMARY KEY,\n        parent_table_id bigint(64),\n        table_statistics text DEFAULT NULL,\n\t\tlast_job_id varchar(64) DEFAULT NULL,\n\t\tlast_job_start_time timestamp NULL DEFAULT NULL,\n\t\tlast_job_finish_time timestamp NULL DEFAULT NULL,\n\t\tlast_job_ttl_expire timestamp NULL DEFAULT NULL,\n        last_job_summary text DEFAULT NULL,\n\t\tcurrent_job_id varchar(64) DEFAULT NULL,\n\t\tcurrent_job_owner_id varchar(64) DEFAULT NULL,\n\t\tcurrent_job_owner_addr varchar(256) DEFAULT NULL,\n\t\tcurrent_job_owner_hb_time timestamp,\n\t\tcurrent_job_start_time timestamp NULL DEFAULT NULL,\n\t\tcurrent_job_ttl_expire timestamp NULL DEFAULT NULL,\n\t\tcurrent_job_state text DEFAULT NULL,\n\t\tcurrent_job_status varchar(64) DEFAULT NULL,\n  \t\tcurrent_job_status_update_time timestamp NULL DEFAULT NULL);"] [user=]
[2026/07/13 01:03:51.181 +08:00] [WARN] [global_controller.go:819] ["[resource group controller] resource group name does not exist"] [name=default]
[2026/07/13 01:03:51.181 +08:00] [INFO] [executor.go:7545] ["system variable tidb_scatter_region not found, use default value"] [category=ddl]
[2026/07/13 01:03:51.181 +08:00] [WARN] [global_controller.go:819] ["[resource group controller] resource group name does not exist"] [name=default]
[2026/07/13 01:03:51.182 +08:00] [WARN] [global_controller.go:819] ["[resource group controller] resource group name does not exist"] [name=default]
[2026/07/13 01:03:51.182 +08:00] [INFO] [job_submitter.go:118] ["add DDL jobs"] [category=ddl] ["batch count"=1] [jobs="ID:77, Type:create table, State:queueing, SchemaState:none, SchemaID:1, TableID:76, RowCount:0, ArgLen:1, start time: 2026-07-13 01:03:51.181 +0800 CST, Err:<nil>, ErrCount:0, SnapshotVersion:0, Version: v2; "] [fast_create=true]
[2026/07/13 01:03:51.182 +08:00] [INFO] [executor.go:7260] ["DDL job submitted"] [category=ddl] [job="ID:77, Type:create table, State:queueing, SchemaState:none, SchemaID:1, TableID:76, RowCount:0, ArgLen:1, start time: 2026-07-13 01:03:51.181 +0800 CST, Err:<nil>, ErrCount:0, SnapshotVersion:0, Version: v2"] [query="CREATE TABLE IF NOT EXISTS mysql.tidb_ttl_task (\n\t\tjob_id varchar(64) NOT NULL,\n\t\ttable_id bigint(64) NOT NULL,\n\t\tscan_id int NOT NULL,\n\t\tscan_range_start BLOB,\n\t\tscan_range_end BLOB,\n\t\texpire_time timestamp NOT NULL,\n\t\towner_id varchar(64) DEFAULT NULL,\n\t\towner_addr varchar(64) DEFAULT NULL,\n\t\towner_hb_time timestamp DEFAULT NULL,\n\t\tstatus varchar(64) DEFAULT 'waiting',\n\t\tstatus_update_time timestamp NULL DEFAULT NULL,\n\t\tstate text,\n\t\tcreated_time timestamp NOT NULL,\n\t\tprimary key(job_id, scan_id),\n\t\tkey(created_time));"]
[2026/07/13 01:03:51.182 +08:00] [WARN] [global_controller.go:819] ["[resource group controller] resource group name does not exist"] [name=default]
[2026/07/13 01:03:51.182 +08:00] [WARN] [global_controller.go:819] ["[resource group controller] resource group name does not exist"] [name=default]
[2026/07/13 01:03:51.182 +08:00] [INFO] [job_worker.go:854] ["run one job step"] [category=ddl] [jobID=77] [job="ID:77, Type:create table, State:queueing, SchemaState:none, SchemaID:1, TableID:76, RowCount:0, ArgLen:0, start time: 2026-07-13 01:03:51.181 +0800 CST, Err:<nil>, ErrCount:0, SnapshotVersion:0, Version: v2"]
[2026/07/13 01:03:51.182 +08:00] [WARN] [global_controller.go:819] ["[resource group controller] resource group name does not exist"] [name=default]
[2026/07/13 01:03:51.182 +08:00] [WARN] [global_controller.go:819] ["[resource group controller] resource group name does not exist"] [name=default]
[2026/07/13 01:03:51.182 +08:00] [WARN] [global_controller.go:819] ["[resource group controller] resource group name does not exist"] [name=default]
[2026/07/13 01:03:51.183 +08:00] [INFO] [loader.go:216] ["diff load InfoSchema success"] [mode=auto] [isV2=true] [currVer=37] [neededVer=38] [gotVer=38] ["elapsed time"=119.833µs] [phyTblIDs="[76]"] [actionTypes="[3]"] [diffTypes="[\"create table\"]"]
[2026/07/13 01:03:51.183 +08:00] [INFO] [syncer.go:258] ["session manager is nil"]
[2026/07/13 01:03:51.183 +08:00] [INFO] [syncer.go:281] ["mdl gets lock, update self version to owner"] [jobID=77] [version=38]
[2026/07/13 01:03:51.184 +08:00] [WARN] [global_controller.go:819] ["[resource group controller] resource group name does not exist"] [name=default]
[2026/07/13 01:03:51.185 +08:00] [INFO] [schema_version.go:397] ["wait schema version synced success"] [category=ddl] [ver=38] [checkAssumedSvr=false] ["take time"=2.124041ms] [job="ID:77, Type:create table, State:done, SchemaState:public, SchemaID:1, TableID:76, RowCount:0, ArgLen:1, start time: 2026-07-13 01:03:51.181 +0800 CST, Err:<nil>, ErrCount:0, SnapshotVersion:0, Version: v2"] [summary="server count: 1"]
[2026/07/13 01:03:51.185 +08:00] [WARN] [global_controller.go:819] ["[resource group controller] resource group name does not exist"] [name=default]
[2026/07/13 01:03:51.185 +08:00] [WARN] [global_controller.go:819] ["[resource group controller] resource group name does not exist"] [name=default]
[2026/07/13 01:03:51.185 +08:00] [WARN] [global_controller.go:819] ["[resource group controller] resource group name does not exist"] [name=default]
[2026/07/13 01:03:51.185 +08:00] [WARN] [global_controller.go:819] ["[resource group controller] resource group name does not exist"] [name=default]
[2026/07/13 01:03:51.185 +08:00] [WARN] [global_controller.go:819] ["[resource group controller] resource group name does not exist"] [name=default]
[2026/07/13 01:03:51.185 +08:00] [INFO] [job_worker.go:447] ["finish DDL job"] [category=ddl] [jobID=77] [job="ID:77, Type:create table, State:synced, SchemaState:public, SchemaID:1, TableID:76, RowCount:0, ArgLen:0, start time: 2026-07-13 01:03:51.181 +0800 CST, Err:<nil>, ErrCount:0, SnapshotVersion:0, Version: v2"]
[2026/07/13 01:03:51.186 +08:00] [WARN] [global_controller.go:819] ["[resource group controller] resource group name does not exist"] [name=default]
[2026/07/13 01:03:51.186 +08:00] [WARN] [global_controller.go:819] ["[resource group controller] resource group name does not exist"] [name=default]
[2026/07/13 01:03:51.186 +08:00] [WARN] [global_controller.go:819] ["[resource group controller] resource group name does not exist"] [name=default]
[2026/07/13 01:03:51.186 +08:00] [INFO] [executor.go:7380] ["DDL job is finished"] [category=ddl] [jobID=77]
[2026/07/13 01:03:51.186 +08:00] [INFO] [session.go:5104] ["CRUCIAL OPERATION"] [conn=0] [schemaVersion=38] [cur_db=mysql] [sql="CREATE TABLE IF NOT EXISTS mysql.tidb_ttl_task (\n\t\tjob_id varchar(64) NOT NULL,\n\t\ttable_id bigint(64) NOT NULL,\n\t\tscan_id int NOT NULL,\n\t\tscan_range_start BLOB,\n\t\tscan_range_end BLOB,\n\t\texpire_time timestamp NOT NULL,\n\t\towner_id varchar(64) DEFAULT NULL,\n\t\towner_addr varchar(64) DEFAULT NULL,\n\t\towner_hb_time timestamp DEFAULT NULL,\n\t\tstatus varchar(64) DEFAULT 'waiting',\n\t\tstatus_update_time timestamp NULL DEFAULT NULL,\n\t\tstate text,\n\t\tcreated_time timestamp NOT NULL,\n\t\tprimary key(job_id, scan_id),\n\t\tkey(created_time));"] [user=]
[2026/07/13 01:03:51.186 +08:00] [WARN] [global_controller.go:819] ["[resource group controller] resource group name does not exist"] [name=default]
[2026/07/13 01:03:51.186 +08:00] [INFO] [executor.go:7545] ["system variable tidb_scatter_region not found, use default value"] [category=ddl]
[2026/07/13 01:03:51.186 +08:00] [WARN] [global_controller.go:819] ["[resource group controller] resource group name does not exist"] [name=default]
[2026/07/13 01:03:51.187 +08:00] [WARN] [global_controller.go:819] ["[resource group controller] resource group name does not exist"] [name=default]
[2026/07/13 01:03:51.187 +08:00] [INFO] [job_submitter.go:118] ["add DDL jobs"] [category=ddl] ["batch count"=1] [jobs="ID:79, Type:create table, State:queueing, SchemaState:none, SchemaID:1, TableID:78, RowCount:0, ArgLen:1, start time: 2026-07-13 01:03:51.186 +0800 CST, Err:<nil>, ErrCount:0, SnapshotVersion:0, Version: v2; "] [fast_create=true]
[2026/07/13 01:03:51.187 +08:00] [INFO] [executor.go:7260] ["DDL job submitted"] [category=ddl] [job="ID:79, Type:create table, State:queueing, SchemaState:none, SchemaID:1, TableID:78, RowCount:0, ArgLen:1, start time: 2026-07-13 01:03:51.186 +0800 CST, Err:<nil>, ErrCount:0, SnapshotVersion:0, Version: v2"] [query="CREATE TABLE IF NOT EXISTS mysql.tidb_ttl_job_history (\n\t\tjob_id varchar(64) PRIMARY KEY,\n\t\ttable_id bigint(64) NOT NULL,\n        parent_table_id bigint(64) NOT NULL,\n    \ttable_schema varchar(64) NOT NULL,\n\t\ttable_name varchar(64) NOT NULL,\n    \tpartition_name varchar(64) DEFAULT NULL,\n\t\tcreate_time timestamp NOT NULL,\n\t\tfinish_time timestamp NOT NULL,\n\t\tttl_expire timestamp NOT NULL,\n        summary_text text,\n\t\texpired_rows bigint(64) DEFAULT NULL,\n    \tdeleted_rows bigint(64) DEFAULT NULL,\n    \terror_delete_rows bigint(64) DEFAULT NULL,\n    \tstatus varchar(64) NOT NULL,\n    \tkey(table_schema, table_name, create_time),\n    \tkey(parent_table_id, create_time),\n    \tkey(create_time)\n\t);"]
[2026/07/13 01:03:51.187 +08:00] [WARN] [global_controller.go:819] ["[resource group controller] resource group name does not exist"] [name=default]
[2026/07/13 01:03:51.187 +08:00] [WARN] [global_controller.go:819] ["[resource group controller] resource group name does not exist"] [name=default]
[2026/07/13 01:03:51.187 +08:00] [INFO] [job_worker.go:854] ["run one job step"] [category=ddl] [jobID=79] [job="ID:79, Type:create table, State:queueing, SchemaState:none, SchemaID:1, TableID:78, RowCount:0, ArgLen:0, start time: 2026-07-13 01:03:51.186 +0800 CST, Err:<nil>, ErrCount:0, SnapshotVersion:0, Version: v2"]
[2026/07/13 01:03:51.187 +08:00] [WARN] [global_controller.go:819] ["[resource group controller] resource group name does not exist"] [name=default]
[2026/07/13 01:03:51.187 +08:00] [WARN] [global_controller.go:819] ["[resource group controller] resource group name does not exist"] [name=default]
[2026/07/13 01:03:51.188 +08:00] [WARN] [global_controller.go:819] ["[resource group controller] resource group name does not exist"] [name=default]
[2026/07/13 01:03:51.188 +08:00] [INFO] [loader.go:216] ["diff load InfoSchema success"] [mode=auto] [isV2=true] [currVer=38] [neededVer=39] [gotVer=39] ["elapsed time"=127.5µs] [phyTblIDs="[78]"] [actionTypes="[3]"] [diffTypes="[\"create table\"]"]
[2026/07/13 01:03:51.188 +08:00] [INFO] [syncer.go:258] ["session manager is nil"]
[2026/07/13 01:03:51.188 +08:00] [INFO] [syncer.go:281] ["mdl gets lock, update self version to owner"] [jobID=79] [version=39]
[2026/07/13 01:03:51.190 +08:00] [INFO] [schema_version.go:397] ["wait schema version synced success"] [category=ddl] [ver=39] [checkAssumedSvr=false] ["take time"=2.048334ms] [job="ID:79, Type:create table, State:done, SchemaState:public, SchemaID:1, TableID:78, RowCount:0, ArgLen:1, start time: 2026-07-13 01:03:51.186 +0800 CST, Err:<nil>, ErrCount:0, SnapshotVersion:0, Version: v2"] [summary="server count: 1"]
[2026/07/13 01:03:51.190 +08:00] [WARN] [global_controller.go:819] ["[resource group controller] resource group name does not exist"] [name=default]
[2026/07/13 01:03:51.190 +08:00] [WARN] [global_controller.go:819] ["[resource group controller] resource group name does not exist"] [name=default]
[2026/07/13 01:03:51.190 +08:00] [WARN] [global_controller.go:819] ["[resource group controller] resource group name does not exist"] [name=default]
[2026/07/13 01:03:51.190 +08:00] [WARN] [global_controller.go:819] ["[resource group controller] resource group name does not exist"] [name=default]
[2026/07/13 01:03:51.190 +08:00] [WARN] [global_controller.go:819] ["[resource group controller] resource group name does not exist"] [name=default]
[2026/07/13 01:03:51.191 +08:00] [INFO] [job_worker.go:447] ["finish DDL job"] [category=ddl] [jobID=79] [job="ID:79, Type:create table, State:synced, SchemaState:public, SchemaID:1, TableID:78, RowCount:0, ArgLen:0, start time: 2026-07-13 01:03:51.186 +0800 CST, Err:<nil>, ErrCount:0, SnapshotVersion:0, Version: v2"]
[2026/07/13 01:03:51.191 +08:00] [WARN] [global_controller.go:819] ["[resource group controller] resource group name does not exist"] [name=default]
[2026/07/13 01:03:51.191 +08:00] [WARN] [global_controller.go:819] ["[resource group controller] resource group name does not exist"] [name=default]
[2026/07/13 01:03:51.191 +08:00] [WARN] [global_controller.go:819] ["[resource group controller] resource group name does not exist"] [name=default]
[2026/07/13 01:03:51.192 +08:00] [INFO] [executor.go:7380] ["DDL job is finished"] [category=ddl] [jobID=79]
[2026/07/13 01:03:51.192 +08:00] [INFO] [session.go:5104] ["CRUCIAL OPERATION"] [conn=0] [schemaVersion=39] [cur_db=mysql] [sql="CREATE TABLE IF NOT EXISTS mysql.tidb_ttl_job_history (\n\t\tjob_id varchar(64) PRIMARY KEY,\n\t\ttable_id bigint(64) NOT NULL,\n        parent_table_id bigint(64) NOT NULL,\n    \ttable_schema varchar(64) NOT NULL,\n\t\ttable_name varchar(64) NOT NULL,\n    \tpartition_name varchar(64) DEFAULT NULL,\n\t\tcreate_time timestamp NOT NULL,\n\t\tfinish_time timestamp NOT NULL,\n\t\tttl_expire timestamp NOT NULL,\n        summary_text text,\n\t\texpired_rows bigint(64) DEFAULT NULL,\n    \tdeleted_rows bigint(64) DEFAULT NULL,\n    \terror_delete_rows bigint(64) DEFAULT NULL,\n    \tstatus varchar(64) NOT NULL,\n    \tkey(table_schema, table_name, create_time),\n    \tkey(parent_table_id, create_time),\n    \tkey(create_time)\n\t);"] [user=]
[2026/07/13 01:03:51.192 +08:00] [WARN] [global_controller.go:819] ["[resource group controller] resource group name does not exist"] [name=default]
[2026/07/13 01:03:51.192 +08:00] [INFO] [executor.go:7545] ["system variable tidb_scatter_region not found, use default value"] [category=ddl]
[2026/07/13 01:03:51.192 +08:00] [WARN] [global_controller.go:819] ["[resource group controller] resource group name does not exist"] [name=default]
[2026/07/13 01:03:51.192 +08:00] [WARN] [global_controller.go:819] ["[resource group controller] resource group name does not exist"] [name=default]
[2026/07/13 01:03:51.192 +08:00] [INFO] [job_submitter.go:118] ["add DDL jobs"] [category=ddl] ["batch count"=1] [jobs="ID:81, Type:create table, State:queueing, SchemaState:none, SchemaID:1, TableID:80, RowCount:0, ArgLen:1, start time: 2026-07-13 01:03:51.192 +0800 CST, Err:<nil>, ErrCount:0, SnapshotVersion:0, Version: v2; "] [fast_create=true]
[2026/07/13 01:03:51.193 +08:00] [INFO] [executor.go:7260] ["DDL job submitted"] [category=ddl] [job="ID:81, Type:create table, State:queueing, SchemaState:none, SchemaID:1, TableID:80, RowCount:0, ArgLen:1, start time: 2026-07-13 01:03:51.192 +0800 CST, Err:<nil>, ErrCount:0, SnapshotVersion:0, Version: v2"] [query="CREATE TABLE IF NOT EXISTS mysql.tidb_global_task (\n\t\tid BIGINT(20) NOT NULL AUTO_INCREMENT PRIMARY KEY,\n    \ttask_key VARCHAR(256) NOT NULL,\n\t\ttype VARCHAR(256) NOT NULL,\n\t\tdispatcher_id VARCHAR(261),\n\t\tstate VARCHAR(64) NOT NULL,\n\t\tpriority INT DEFAULT 1,\n\t\tcreate_time TIMESTAMP,\n\t\tstart_time TIMESTAMP,\n\t\tstate_update_time TIMESTAMP,\n\t\tend_time TIMESTAMP,\n\t\tmeta LONGBLOB,\n\t\tconcurrency INT(11),\n\t\tstep INT(11),\n\t\ttarget_scope VARCHAR(256) DEFAULT \"\",\n\t\terror BLOB,\n\t\tmodify_params json,\n\t\tmax_node_count INT DEFAULT 0,\n\t\textra_params json,\n\t\tkeyspace varchar(64) default '',\n\t\tkey(state),\n\t\tkey idx_keyspace(keyspace),\n\t\tUNIQUE KEY task_key(task_key)\n\t);"]
[2026/07/13 01:03:51.193 +08:00] [WARN] [global_controller.go:819] ["[resource group controller] resource group name does not exist"] [name=default]
[2026/07/13 01:03:51.193 +08:00] [WARN] [global_controller.go:819] ["[resource group controller] resource group name does not exist"] [name=default]
[2026/07/13 01:03:51.193 +08:00] [INFO] [job_worker.go:854] ["run one job step"] [category=ddl] [jobID=81] [job="ID:81, Type:create table, State:queueing, SchemaState:none, SchemaID:1, TableID:80, RowCount:0, ArgLen:0, start time: 2026-07-13 01:03:51.192 +0800 CST, Err:<nil>, ErrCount:0, SnapshotVersion:0, Version: v2"]
[2026/07/13 01:03:51.193 +08:00] [WARN] [global_controller.go:819] ["[resource group controller] resource group name does not exist"] [name=default]
[2026/07/13 01:03:51.193 +08:00] [WARN] [global_controller.go:819] ["[resource group controller] resource group name does not exist"] [name=default]
[2026/07/13 01:03:51.194 +08:00] [WARN] [global_controller.go:819] ["[resource group controller] resource group name does not exist"] [name=default]
[2026/07/13 01:03:51.194 +08:00] [INFO] [loader.go:216] ["diff load InfoSchema success"] [mode=auto] [isV2=true] [currVer=39] [neededVer=40] [gotVer=40] ["elapsed time"=142.334µs] [phyTblIDs="[80]"] [actionTypes="[3]"] [diffTypes="[\"create table\"]"]
[2026/07/13 01:03:51.194 +08:00] [INFO] [syncer.go:258] ["session manager is nil"]
[2026/07/13 01:03:51.194 +08:00] [INFO] [syncer.go:281] ["mdl gets lock, update self version to owner"] [jobID=81] [version=40]
[2026/07/13 01:03:51.196 +08:00] [INFO] [schema_version.go:397] ["wait schema version synced success"] [category=ddl] [ver=40] [checkAssumedSvr=false] ["take time"=2.025541ms] [job="ID:81, Type:create table, State:done, SchemaState:public, SchemaID:1, TableID:80, RowCount:0, ArgLen:1, start time: 2026-07-13 01:03:51.192 +0800 CST, Err:<nil>, ErrCount:0, SnapshotVersion:0, Version: v2"] [summary="server count: 1"]
[2026/07/13 01:03:51.196 +08:00] [WARN] [global_controller.go:819] ["[resource group controller] resource group name does not exist"] [name=default]
[2026/07/13 01:03:51.196 +08:00] [WARN] [global_controller.go:819] ["[resource group controller] resource group name does not exist"] [name=default]
[2026/07/13 01:03:51.196 +08:00] [WARN] [global_controller.go:819] ["[resource group controller] resource group name does not exist"] [name=default]
[2026/07/13 01:03:51.196 +08:00] [WARN] [global_controller.go:819] ["[resource group controller] resource group name does not exist"] [name=default]
[2026/07/13 01:03:51.196 +08:00] [WARN] [global_controller.go:819] ["[resource group controller] resource group name does not exist"] [name=default]
[2026/07/13 01:03:51.196 +08:00] [INFO] [job_worker.go:447] ["finish DDL job"] [category=ddl] [jobID=81] [job="ID:81, Type:create table, State:synced, SchemaState:public, SchemaID:1, TableID:80, RowCount:0, ArgLen:0, start time: 2026-07-13 01:03:51.192 +0800 CST, Err:<nil>, ErrCount:0, SnapshotVersion:0, Version: v2"]
[2026/07/13 01:03:51.197 +08:00] [WARN] [global_controller.go:819] ["[resource group controller] resource group name does not exist"] [name=default]
[2026/07/13 01:03:51.197 +08:00] [WARN] [global_controller.go:819] ["[resource group controller] resource group name does not exist"] [name=default]
[2026/07/13 01:03:51.197 +08:00] [WARN] [global_controller.go:819] ["[resource group controller] resource group name does not exist"] [name=default]
[2026/07/13 01:03:51.197 +08:00] [WARN] [global_controller.go:819] ["[resource group controller] resource group name does not exist"] [name=default]
[2026/07/13 01:03:51.197 +08:00] [INFO] [executor.go:7380] ["DDL job is finished"] [category=ddl] [jobID=81]
[2026/07/13 01:03:51.197 +08:00] [INFO] [session.go:5104] ["CRUCIAL OPERATION"] [conn=0] [schemaVersion=40] [cur_db=mysql] [sql="CREATE TABLE IF NOT EXISTS mysql.tidb_global_task (\n\t\tid BIGINT(20) NOT NULL AUTO_INCREMENT PRIMARY KEY,\n    \ttask_key VARCHAR(256) NOT NULL,\n\t\ttype VARCHAR(256) NOT NULL,\n\t\tdispatcher_id VARCHAR(261),\n\t\tstate VARCHAR(64) NOT NULL,\n\t\tpriority INT DEFAULT 1,\n\t\tcreate_time TIMESTAMP,\n\t\tstart_time TIMESTAMP,\n\t\tstate_update_time TIMESTAMP,\n\t\tend_time TIMESTAMP,\n\t\tmeta LONGBLOB,\n\t\tconcurrency INT(11),\n\t\tstep INT(11),\n\t\ttarget_scope VARCHAR(256) DEFAULT \"\",\n\t\terror BLOB,\n\t\tmodify_params json,\n\t\tmax_node_count INT DEFAULT 0,\n\t\textra_params json,\n\t\tkeyspace varchar(64) default '',\n\t\tkey(state),\n\t\tkey idx_keyspace(keyspace),\n\t\tUNIQUE KEY task_key(task_key)\n\t);"] [user=]
[2026/07/13 01:03:51.198 +08:00] [INFO] [executor.go:7545] ["system variable tidb_scatter_region not found, use default value"] [category=ddl]
[2026/07/13 01:03:51.198 +08:00] [WARN] [global_controller.go:819] ["[resource group controller] resource group name does not exist"] [name=default]
[2026/07/13 01:03:51.198 +08:00] [WARN] [global_controller.go:819] ["[resource group controller] resource group name does not exist"] [name=default]
[2026/07/13 01:03:51.198 +08:00] [INFO] [job_submitter.go:118] ["add DDL jobs"] [category=ddl] ["batch count"=1] [jobs="ID:83, Type:create table, State:queueing, SchemaState:none, SchemaID:1, TableID:82, RowCount:0, ArgLen:1, start time: 2026-07-13 01:03:51.198 +0800 CST, Err:<nil>, ErrCount:0, SnapshotVersion:0, Version: v2; "] [fast_create=true]
[2026/07/13 01:03:51.198 +08:00] [INFO] [executor.go:7260] ["DDL job submitted"] [category=ddl] [job="ID:83, Type:create table, State:queueing, SchemaState:none, SchemaID:1, TableID:82, RowCount:0, ArgLen:1, start time: 2026-07-13 01:03:51.198 +0800 CST, Err:<nil>, ErrCount:0, SnapshotVersion:0, Version: v2"] [query="CREATE TABLE IF NOT EXISTS mysql.tidb_global_task_history (\n\t\tid BIGINT(20) NOT NULL AUTO_INCREMENT PRIMARY KEY,\n    \ttask_key VARCHAR(256) NOT NULL,\n\t\ttype VARCHAR(256) NOT NULL,\n\t\tdispatcher_id VARCHAR(261),\n\t\tstate VARCHAR(64) NOT NULL,\n\t\tpriority INT DEFAULT 1,\n\t\tcreate_time TIMESTAMP,\n\t\tstart_time TIMESTAMP,\n\t\tstate_update_time TIMESTAMP,\n\t\tend_time TIMESTAMP,\n\t\tmeta LONGBLOB,\n\t\tconcurrency INT(11),\n\t\tstep INT(11),\n\t\ttarget_scope VARCHAR(256) DEFAULT \"\",\n\t\terror BLOB,\n\t\tmodify_params json,\n\t\tmax_node_count INT DEFAULT 0,\n\t\textra_params json,\n\t\tkeyspace varchar(64) default '',\n\t\tkey(state),\n\t\tkey idx_keyspace(keyspace),\n\t\tUNIQUE KEY task_key(task_key)\n\t);"]
[2026/07/13 01:03:51.199 +08:00] [WARN] [global_controller.go:819] ["[resource group controller] resource group name does not exist"] [name=default]
[2026/07/13 01:03:51.199 +08:00] [WARN] [global_controller.go:819] ["[resource group controller] resource group name does not exist"] [name=default]
[2026/07/13 01:03:51.199 +08:00] [INFO] [job_worker.go:854] ["run one job step"] [category=ddl] [jobID=83] [job="ID:83, Type:create table, State:queueing, SchemaState:none, SchemaID:1, TableID:82, RowCount:0, ArgLen:0, start time: 2026-07-13 01:03:51.198 +0800 CST, Err:<nil>, ErrCount:0, SnapshotVersion:0, Version: v2"]
[2026/07/13 01:03:51.199 +08:00] [WARN] [global_controller.go:819] ["[resource group controller] resource group name does not exist"] [name=default]
[2026/07/13 01:03:51.199 +08:00] [WARN] [global_controller.go:819] ["[resource group controller] resource group name does not exist"] [name=default]
[2026/07/13 01:03:51.199 +08:00] [WARN] [global_controller.go:819] ["[resource group controller] resource group name does not exist"] [name=default]
[2026/07/13 01:03:51.200 +08:00] [INFO] [loader.go:216] ["diff load InfoSchema success"] [mode=auto] [isV2=true] [currVer=40] [neededVer=41] [gotVer=41] ["elapsed time"=146.291µs] [phyTblIDs="[82]"] [actionTypes="[3]"] [diffTypes="[\"create table\"]"]
[2026/07/13 01:03:51.200 +08:00] [INFO] [syncer.go:258] ["session manager is nil"]
[2026/07/13 01:03:51.200 +08:00] [INFO] [syncer.go:281] ["mdl gets lock, update self version to owner"] [jobID=83] [version=41]
[2026/07/13 01:03:51.202 +08:00] [INFO] [schema_version.go:397] ["wait schema version synced success"] [category=ddl] [ver=41] [checkAssumedSvr=false] ["take time"=2.111375ms] [job="ID:83, Type:create table, State:done, SchemaState:public, SchemaID:1, TableID:82, RowCount:0, ArgLen:1, start time: 2026-07-13 01:03:51.198 +0800 CST, Err:<nil>, ErrCount:0, SnapshotVersion:0, Version: v2"] [summary="server count: 1"]
[2026/07/13 01:03:51.202 +08:00] [WARN] [global_controller.go:819] ["[resource group controller] resource group name does not exist"] [name=default]
[2026/07/13 01:03:51.202 +08:00] [WARN] [global_controller.go:819] ["[resource group controller] resource group name does not exist"] [name=default]
[2026/07/13 01:03:51.202 +08:00] [WARN] [global_controller.go:819] ["[resource group controller] resource group name does not exist"] [name=default]
[2026/07/13 01:03:51.202 +08:00] [WARN] [global_controller.go:819] ["[resource group controller] resource group name does not exist"] [name=default]
[2026/07/13 01:03:51.202 +08:00] [WARN] [global_controller.go:819] ["[resource group controller] resource group name does not exist"] [name=default]
[2026/07/13 01:03:51.202 +08:00] [INFO] [job_worker.go:447] ["finish DDL job"] [category=ddl] [jobID=83] [job="ID:83, Type:create table, State:synced, SchemaState:public, SchemaID:1, TableID:82, RowCount:0, ArgLen:0, start time: 2026-07-13 01:03:51.198 +0800 CST, Err:<nil>, ErrCount:0, SnapshotVersion:0, Version: v2"]
[2026/07/13 01:03:51.203 +08:00] [WARN] [global_controller.go:819] ["[resource group controller] resource group name does not exist"] [name=default]
[2026/07/13 01:03:51.203 +08:00] [WARN] [global_controller.go:819] ["[resource group controller] resource group name does not exist"] [name=default]
[2026/07/13 01:03:51.203 +08:00] [WARN] [global_controller.go:819] ["[resource group controller] resource group name does not exist"] [name=default]
[2026/07/13 01:03:51.203 +08:00] [INFO] [executor.go:7380] ["DDL job is finished"] [category=ddl] [jobID=83]
[2026/07/13 01:03:51.203 +08:00] [INFO] [session.go:5104] ["CRUCIAL OPERATION"] [conn=0] [schemaVersion=41] [cur_db=mysql] [sql="CREATE TABLE IF NOT EXISTS mysql.tidb_global_task_history (\n\t\tid BIGINT(20) NOT NULL AUTO_INCREMENT PRIMARY KEY,\n    \ttask_key VARCHAR(256) NOT NULL,\n\t\ttype VARCHAR(256) NOT NULL,\n\t\tdispatcher_id VARCHAR(261),\n\t\tstate VARCHAR(64) NOT NULL,\n\t\tpriority INT DEFAULT 1,\n\t\tcreate_time TIMESTAMP,\n\t\tstart_time TIMESTAMP,\n\t\tstate_update_time TIMESTAMP,\n\t\tend_time TIMESTAMP,\n\t\tmeta LONGBLOB,\n\t\tconcurrency INT(11),\n\t\tstep INT(11),\n\t\ttarget_scope VARCHAR(256) DEFAULT \"\",\n\t\terror BLOB,\n\t\tmodify_params json,\n\t\tmax_node_count INT DEFAULT 0,\n\t\textra_params json,\n\t\tkeyspace varchar(64) default '',\n\t\tkey(state),\n\t\tkey idx_keyspace(keyspace),\n\t\tUNIQUE KEY task_key(task_key)\n\t);"] [user=]
[2026/07/13 01:03:51.203 +08:00] [WARN] [global_controller.go:819] ["[resource group controller] resource group name does not exist"] [name=default]
[2026/07/13 01:03:51.203 +08:00] [INFO] [executor.go:7545] ["system variable tidb_scatter_region not found, use default value"] [category=ddl]
[2026/07/13 01:03:51.204 +08:00] [WARN] [global_controller.go:819] ["[resource group controller] resource group name does not exist"] [name=default]
[2026/07/13 01:03:51.204 +08:00] [WARN] [global_controller.go:819] ["[resource group controller] resource group name does not exist"] [name=default]
[2026/07/13 01:03:51.204 +08:00] [INFO] [job_submitter.go:118] ["add DDL jobs"] [category=ddl] ["batch count"=1] [jobs="ID:85, Type:create table, State:queueing, SchemaState:none, SchemaID:1, TableID:84, RowCount:0, ArgLen:1, start time: 2026-07-13 01:03:51.204 +0800 CST, Err:<nil>, ErrCount:0, SnapshotVersion:0, Version: v2; "] [fast_create=true]
[2026/07/13 01:03:51.204 +08:00] [INFO] [executor.go:7260] ["DDL job submitted"] [category=ddl] [job="ID:85, Type:create table, State:queueing, SchemaState:none, SchemaID:1, TableID:84, RowCount:0, ArgLen:1, start time: 2026-07-13 01:03:51.204 +0800 CST, Err:<nil>, ErrCount:0, SnapshotVersion:0, Version: v2"] [query="CREATE TABLE IF NOT EXISTS mysql.tidb_import_jobs (\n\t\tid bigint(64) NOT NULL AUTO_INCREMENT,\n\t\tcreate_time TIMESTAMP(6) NOT NULL DEFAULT CURRENT_TIMESTAMP(6),\n\t\tstart_time TIMESTAMP(6) NULL DEFAULT NULL,\n\t\tupdate_time TIMESTAMP(6) NULL DEFAULT NULL,\n\t\tend_time TIMESTAMP(6) NULL DEFAULT NULL,\n\t\ttable_schema VARCHAR(64) NOT NULL,\n\t\ttable_name VARCHAR(64) NOT NULL,\n\t\ttable_id bigint(64) NOT NULL,\n\t\tcreated_by VARCHAR(300) NOT NULL,\n\t\tgroup_key VARCHAR(256) NOT NULL DEFAULT \"\",\n\t\tparameters text NOT NULL,\n\t\tsource_file_size bigint(64) NOT NULL,\n\t\tstatus VARCHAR(64) NOT NULL,\n\t\tstep VARCHAR(64) NOT NULL,\n\t\tsummary text DEFAULT NULL,\n\t\terror_message TEXT DEFAULT NULL,\n\t\tPRIMARY KEY (id),\n\t\tKEY (created_by),\n\t\tKEY idx_group_key(group_key),\n\t\tKEY (status));"]
[2026/07/13 01:03:51.204 +08:00] [WARN] [global_controller.go:819] ["[resource group controller] resource group name does not exist"] [name=default]
[2026/07/13 01:03:51.204 +08:00] [WARN] [global_controller.go:819] ["[resource group controller] resource group name does not exist"] [name=default]
[2026/07/13 01:03:51.204 +08:00] [INFO] [job_worker.go:854] ["run one job step"] [category=ddl] [jobID=85] [job="ID:85, Type:create table, State:queueing, SchemaState:none, SchemaID:1, TableID:84, RowCount:0, ArgLen:0, start time: 2026-07-13 01:03:51.204 +0800 CST, Err:<nil>, ErrCount:0, SnapshotVersion:0, Version: v2"]
[2026/07/13 01:03:51.205 +08:00] [WARN] [global_controller.go:819] ["[resource group controller] resource group name does not exist"] [name=default]
[2026/07/13 01:03:51.205 +08:00] [WARN] [global_controller.go:819] ["[resource group controller] resource group name does not exist"] [name=default]
[2026/07/13 01:03:51.205 +08:00] [WARN] [global_controller.go:819] ["[resource group controller] resource group name does not exist"] [name=default]
[2026/07/13 01:03:51.205 +08:00] [INFO] [loader.go:216] ["diff load InfoSchema success"] [mode=auto] [isV2=true] [currVer=41] [neededVer=42] [gotVer=42] ["elapsed time"=132.75µs] [phyTblIDs="[84]"] [actionTypes="[3]"] [diffTypes="[\"create table\"]"]
[2026/07/13 01:03:51.206 +08:00] [INFO] [syncer.go:258] ["session manager is nil"]
[2026/07/13 01:03:51.206 +08:00] [INFO] [syncer.go:281] ["mdl gets lock, update self version to owner"] [jobID=85] [version=42]
[2026/07/13 01:03:51.207 +08:00] [INFO] [schema_version.go:397] ["wait schema version synced success"] [category=ddl] [ver=42] [checkAssumedSvr=false] ["take time"=2.245166ms] [job="ID:85, Type:create table, State:done, SchemaState:public, SchemaID:1, TableID:84, RowCount:0, ArgLen:1, start time: 2026-07-13 01:03:51.204 +0800 CST, Err:<nil>, ErrCount:0, SnapshotVersion:0, Version: v2"] [summary="server count: 1"]
[2026/07/13 01:03:51.208 +08:00] [WARN] [global_controller.go:819] ["[resource group controller] resource group name does not exist"] [name=default]
[2026/07/13 01:03:51.208 +08:00] [WARN] [global_controller.go:819] ["[resource group controller] resource group name does not exist"] [name=default]
[2026/07/13 01:03:51.208 +08:00] [WARN] [global_controller.go:819] ["[resource group controller] resource group name does not exist"] [name=default]
[2026/07/13 01:03:51.208 +08:00] [WARN] [global_controller.go:819] ["[resource group controller] resource group name does not exist"] [name=default]
[2026/07/13 01:03:51.208 +08:00] [WARN] [global_controller.go:819] ["[resource group controller] resource group name does not exist"] [name=default]
[2026/07/13 01:03:51.208 +08:00] [INFO] [job_worker.go:447] ["finish DDL job"] [category=ddl] [jobID=85] [job="ID:85, Type:create table, State:synced, SchemaState:public, SchemaID:1, TableID:84, RowCount:0, ArgLen:0, start time: 2026-07-13 01:03:51.204 +0800 CST, Err:<nil>, ErrCount:0, SnapshotVersion:0, Version: v2"]
[2026/07/13 01:03:51.208 +08:00] [WARN] [global_controller.go:819] ["[resource group controller] resource group name does not exist"] [name=default]
[2026/07/13 01:03:51.209 +08:00] [WARN] [global_controller.go:819] ["[resource group controller] resource group name does not exist"] [name=default]
[2026/07/13 01:03:51.209 +08:00] [WARN] [global_controller.go:819] ["[resource group controller] resource group name does not exist"] [name=default]
[2026/07/13 01:03:51.209 +08:00] [INFO] [executor.go:7380] ["DDL job is finished"] [category=ddl] [jobID=85]
[2026/07/13 01:03:51.209 +08:00] [WARN] [global_controller.go:819] ["[resource group controller] resource group name does not exist"] [name=default]
[2026/07/13 01:03:51.209 +08:00] [INFO] [session.go:5104] ["CRUCIAL OPERATION"] [conn=0] [schemaVersion=42] [cur_db=mysql] [sql="CREATE TABLE IF NOT EXISTS mysql.tidb_import_jobs (\n\t\tid bigint(64) NOT NULL AUTO_INCREMENT,\n\t\tcreate_time TIMESTAMP(6) NOT NULL DEFAULT CURRENT_TIMESTAMP(6),\n\t\tstart_time TIMESTAMP(6) NULL DEFAULT NULL,\n\t\tupdate_time TIMESTAMP(6) NULL DEFAULT NULL,\n\t\tend_time TIMESTAMP(6) NULL DEFAULT NULL,\n\t\ttable_schema VARCHAR(64) NOT NULL,\n\t\ttable_name VARCHAR(64) NOT NULL,\n\t\ttable_id bigint(64) NOT NULL,\n\t\tcreated_by VARCHAR(300) NOT NULL,\n\t\tgroup_key VARCHAR(256) NOT NULL DEFAULT \"\",\n\t\tparameters text NOT NULL,\n\t\tsource_file_size bigint(64) NOT NULL,\n\t\tstatus VARCHAR(64) NOT NULL,\n\t\tstep VARCHAR(64) NOT NULL,\n\t\tsummary text DEFAULT NULL,\n\t\terror_message TEXT DEFAULT NULL,\n\t\tPRIMARY KEY (id),\n\t\tKEY (created_by),\n\t\tKEY idx_group_key(group_key),\n\t\tKEY (status));"] [user=]
[2026/07/13 01:03:51.209 +08:00] [INFO] [executor.go:7545] ["system variable tidb_scatter_region not found, use default value"] [category=ddl]
[2026/07/13 01:03:51.210 +08:00] [WARN] [global_controller.go:819] ["[resource group controller] resource group name does not exist"] [name=default]
[2026/07/13 01:03:51.210 +08:00] [WARN] [global_controller.go:819] ["[resource group controller] resource group name does not exist"] [name=default]
[2026/07/13 01:03:51.210 +08:00] [INFO] [job_submitter.go:118] ["add DDL jobs"] [category=ddl] ["batch count"=1] [jobs="ID:87, Type:create table, State:queueing, SchemaState:none, SchemaID:1, TableID:86, RowCount:0, ArgLen:1, start time: 2026-07-13 01:03:51.21 +0800 CST, Err:<nil>, ErrCount:0, SnapshotVersion:0, Version: v2; "] [fast_create=true]
[2026/07/13 01:03:51.210 +08:00] [INFO] [executor.go:7260] ["DDL job submitted"] [category=ddl] [job="ID:87, Type:create table, State:queueing, SchemaState:none, SchemaID:1, TableID:86, RowCount:0, ArgLen:1, start time: 2026-07-13 01:03:51.21 +0800 CST, Err:<nil>, ErrCount:0, SnapshotVersion:0, Version: v2"] [query="CREATE TABLE IF NOT EXISTS mysql.tidb_runaway_watch (\n\t\tid BIGINT(20) NOT NULL AUTO_INCREMENT PRIMARY KEY,\n\t\tresource_group_name varchar(32) not null,\n\t\tstart_time datetime(6) NOT NULL,\n\t\tend_time datetime(6),\n\t\twatch bigint(10) NOT NULL,\n\t\twatch_text TEXT NOT NULL,\n\t\tsource varchar(512) NOT NULL,\n\t\taction bigint(10),\n\t\tswitch_group_name VARCHAR(32) DEFAULT '',\n\t\trule VARCHAR(512) DEFAULT '',\n\t\tINDEX sql_index(resource_group_name,watch_text(700)) COMMENT \"accelerate the speed when select quarantined query\",\n\t\tINDEX time_index(end_time) COMMENT \"accelerate the speed when querying with active watch\",\n\t\tINDEX idx_start_time(start_time) COMMENT \"accelerate the speed when syncing new watch records\"\n\t) ENGINE=InnoDB DEFAULT CHARSET=utf8mb4 COLLATE=utf8mb4_bin;"]
[2026/07/13 01:03:51.210 +08:00] [WARN] [global_controller.go:819] ["[resource group controller] resource group name does not exist"] [name=default]
[2026/07/13 01:03:51.210 +08:00] [WARN] [global_controller.go:819] ["[resource group controller] resource group name does not exist"] [name=default]
[2026/07/13 01:03:51.210 +08:00] [INFO] [job_worker.go:854] ["run one job step"] [category=ddl] [jobID=87] [job="ID:87, Type:create table, State:queueing, SchemaState:none, SchemaID:1, TableID:86, RowCount:0, ArgLen:0, start time: 2026-07-13 01:03:51.21 +0800 CST, Err:<nil>, ErrCount:0, SnapshotVersion:0, Version: v2"]
[2026/07/13 01:03:51.211 +08:00] [WARN] [global_controller.go:819] ["[resource group controller] resource group name does not exist"] [name=default]
[2026/07/13 01:03:51.211 +08:00] [WARN] [global_controller.go:819] ["[resource group controller] resource group name does not exist"] [name=default]
[2026/07/13 01:03:51.211 +08:00] [WARN] [global_controller.go:819] ["[resource group controller] resource group name does not exist"] [name=default]
[2026/07/13 01:03:51.211 +08:00] [INFO] [loader.go:216] ["diff load InfoSchema success"] [mode=auto] [isV2=true] [currVer=42] [neededVer=43] [gotVer=43] ["elapsed time"=122.792µs] [phyTblIDs="[86]"] [actionTypes="[3]"] [diffTypes="[\"create table\"]"]
[2026/07/13 01:03:51.211 +08:00] [INFO] [syncer.go:258] ["session manager is nil"]
[2026/07/13 01:03:51.211 +08:00] [INFO] [syncer.go:281] ["mdl gets lock, update self version to owner"] [jobID=87] [version=43]
[2026/07/13 01:03:51.213 +08:00] [INFO] [schema_version.go:397] ["wait schema version synced success"] [category=ddl] [ver=43] [checkAssumedSvr=false] ["take time"=2.179ms] [job="ID:87, Type:create table, State:done, SchemaState:public, SchemaID:1, TableID:86, RowCount:0, ArgLen:1, start time: 2026-07-13 01:03:51.21 +0800 CST, Err:<nil>, ErrCount:0, SnapshotVersion:0, Version: v2"] [summary="server count: 1"]
[2026/07/13 01:03:51.213 +08:00] [WARN] [global_controller.go:819] ["[resource group controller] resource group name does not exist"] [name=default]
[2026/07/13 01:03:51.213 +08:00] [WARN] [global_controller.go:819] ["[resource group controller] resource group name does not exist"] [name=default]
[2026/07/13 01:03:51.214 +08:00] [WARN] [global_controller.go:819] ["[resource group controller] resource group name does not exist"] [name=default]
[2026/07/13 01:03:51.214 +08:00] [WARN] [global_controller.go:819] ["[resource group controller] resource group name does not exist"] [name=default]
[2026/07/13 01:03:51.214 +08:00] [WARN] [global_controller.go:819] ["[resource group controller] resource group name does not exist"] [name=default]
[2026/07/13 01:03:51.214 +08:00] [INFO] [job_worker.go:447] ["finish DDL job"] [category=ddl] [jobID=87] [job="ID:87, Type:create table, State:synced, SchemaState:public, SchemaID:1, TableID:86, RowCount:0, ArgLen:0, start time: 2026-07-13 01:03:51.21 +0800 CST, Err:<nil>, ErrCount:0, SnapshotVersion:0, Version: v2"]
[2026/07/13 01:03:51.214 +08:00] [WARN] [global_controller.go:819] ["[resource group controller] resource group name does not exist"] [name=default]
[2026/07/13 01:03:51.214 +08:00] [WARN] [global_controller.go:819] ["[resource group controller] resource group name does not exist"] [name=default]
[2026/07/13 01:03:51.214 +08:00] [WARN] [global_controller.go:819] ["[resource group controller] resource group name does not exist"] [name=default]
[2026/07/13 01:03:51.215 +08:00] [INFO] [executor.go:7380] ["DDL job is finished"] [category=ddl] [jobID=87]
[2026/07/13 01:03:51.215 +08:00] [INFO] [session.go:5104] ["CRUCIAL OPERATION"] [conn=0] [schemaVersion=43] [cur_db=mysql] [sql="CREATE TABLE IF NOT EXISTS mysql.tidb_runaway_watch (\n\t\tid BIGINT(20) NOT NULL AUTO_INCREMENT PRIMARY KEY,\n\t\tresource_group_name varchar(32) not null,\n\t\tstart_time datetime(6) NOT NULL,\n\t\tend_time datetime(6),\n\t\twatch bigint(10) NOT NULL,\n\t\twatch_text TEXT NOT NULL,\n\t\tsource varchar(512) NOT NULL,\n\t\taction bigint(10),\n\t\tswitch_group_name VARCHAR(32) DEFAULT '',\n\t\trule VARCHAR(512) DEFAULT '',\n\t\tINDEX sql_index(resource_group_name,watch_text(700)) COMMENT \"accelerate the speed when select quarantined query\",\n\t\tINDEX time_index(end_time) COMMENT \"accelerate the speed when querying with active watch\",\n\t\tINDEX idx_start_time(start_time) COMMENT \"accelerate the speed when syncing new watch records\"\n\t) ENGINE=InnoDB DEFAULT CHARSET=utf8mb4 COLLATE=utf8mb4_bin;"] [user=]
[2026/07/13 01:03:51.215 +08:00] [WARN] [global_controller.go:819] ["[resource group controller] resource group name does not exist"] [name=default]
[2026/07/13 01:03:51.215 +08:00] [INFO] [executor.go:7545] ["system variable tidb_scatter_region not found, use default value"] [category=ddl]
[2026/07/13 01:03:51.215 +08:00] [WARN] [global_controller.go:819] ["[resource group controller] resource group name does not exist"] [name=default]
[2026/07/13 01:03:51.215 +08:00] [WARN] [global_controller.go:819] ["[resource group controller] resource group name does not exist"] [name=default]
[2026/07/13 01:03:51.215 +08:00] [INFO] [job_submitter.go:118] ["add DDL jobs"] [category=ddl] ["batch count"=1] [jobs="ID:89, Type:create table, State:queueing, SchemaState:none, SchemaID:1, TableID:88, RowCount:0, ArgLen:1, start time: 2026-07-13 01:03:51.215 +0800 CST, Err:<nil>, ErrCount:0, SnapshotVersion:0, Version: v2; "] [fast_create=true]
[2026/07/13 01:03:51.215 +08:00] [INFO] [executor.go:7260] ["DDL job submitted"] [category=ddl] [job="ID:89, Type:create table, State:queueing, SchemaState:none, SchemaID:1, TableID:88, RowCount:0, ArgLen:1, start time: 2026-07-13 01:03:51.215 +0800 CST, Err:<nil>, ErrCount:0, SnapshotVersion:0, Version: v2"] [query="CREATE TABLE IF NOT EXISTS mysql.tidb_runaway_queries (\n\t\tresource_group_name varchar(32) not null,\n\t\tstart_time TIMESTAMP NOT NULL,\n\t\trepeats int default 1,\n\t\tmatch_type varchar(12) NOT NULL,\n\t\taction varchar(64) NOT NULL,\n\t\tsample_sql TEXT NOT NULL,\n\t\tsql_digest varchar(64) NOT NULL,\n\t\tplan_digest varchar(64) NOT NULL,\n\t\ttidb_server varchar(512),\n\t\trule VARCHAR(512) DEFAULT '',\n\t\tINDEX plan_index(plan_digest(64)) COMMENT \"accelerate the speed when select runaway query\",\n\t\tINDEX time_index(start_time) COMMENT \"accelerate the speed when querying with active watch\"\n\t) ENGINE=InnoDB DEFAULT CHARSET=utf8mb4 COLLATE=utf8mb4_bin;"]
[2026/07/13 01:03:51.216 +08:00] [WARN] [global_controller.go:819] ["[resource group controller] resource group name does not exist"] [name=default]
[2026/07/13 01:03:51.216 +08:00] [WARN] [global_controller.go:819] ["[resource group controller] resource group name does not exist"] [name=default]
[2026/07/13 01:03:51.216 +08:00] [INFO] [job_worker.go:854] ["run one job step"] [category=ddl] [jobID=89] [job="ID:89, Type:create table, State:queueing, SchemaState:none, SchemaID:1, TableID:88, RowCount:0, ArgLen:0, start time: 2026-07-13 01:03:51.215 +0800 CST, Err:<nil>, ErrCount:0, SnapshotVersion:0, Version: v2"]
[2026/07/13 01:03:51.216 +08:00] [WARN] [global_controller.go:819] ["[resource group controller] resource group name does not exist"] [name=default]
[2026/07/13 01:03:51.216 +08:00] [WARN] [global_controller.go:819] ["[resource group controller] resource group name does not exist"] [name=default]
[2026/07/13 01:03:51.216 +08:00] [WARN] [global_controller.go:819] ["[resource group controller] resource group name does not exist"] [name=default]
[2026/07/13 01:03:51.217 +08:00] [INFO] [loader.go:216] ["diff load InfoSchema success"] [mode=auto] [isV2=true] [currVer=43] [neededVer=44] [gotVer=44] ["elapsed time"=137.375µs] [phyTblIDs="[88]"] [actionTypes="[3]"] [diffTypes="[\"create table\"]"]
[2026/07/13 01:03:51.217 +08:00] [INFO] [syncer.go:258] ["session manager is nil"]
[2026/07/13 01:03:51.217 +08:00] [INFO] [syncer.go:281] ["mdl gets lock, update self version to owner"] [jobID=89] [version=44]
[2026/07/13 01:03:51.219 +08:00] [INFO] [schema_version.go:397] ["wait schema version synced success"] [category=ddl] [ver=44] [checkAssumedSvr=false] ["take time"=2.10025ms] [job="ID:89, Type:create table, State:done, SchemaState:public, SchemaID:1, TableID:88, RowCount:0, ArgLen:1, start time: 2026-07-13 01:03:51.215 +0800 CST, Err:<nil>, ErrCount:0, SnapshotVersion:0, Version: v2"] [summary="server count: 1"]
[2026/07/13 01:03:51.219 +08:00] [WARN] [global_controller.go:819] ["[resource group controller] resource group name does not exist"] [name=default]
[2026/07/13 01:03:51.219 +08:00] [WARN] [global_controller.go:819] ["[resource group controller] resource group name does not exist"] [name=default]
[2026/07/13 01:03:51.219 +08:00] [WARN] [global_controller.go:819] ["[resource group controller] resource group name does not exist"] [name=default]
[2026/07/13 01:03:51.219 +08:00] [WARN] [global_controller.go:819] ["[resource group controller] resource group name does not exist"] [name=default]
[2026/07/13 01:03:51.219 +08:00] [WARN] [global_controller.go:819] ["[resource group controller] resource group name does not exist"] [name=default]
[2026/07/13 01:03:51.219 +08:00] [INFO] [job_worker.go:447] ["finish DDL job"] [category=ddl] [jobID=89] [job="ID:89, Type:create table, State:synced, SchemaState:public, SchemaID:1, TableID:88, RowCount:0, ArgLen:0, start time: 2026-07-13 01:03:51.215 +0800 CST, Err:<nil>, ErrCount:0, SnapshotVersion:0, Version: v2"]
[2026/07/13 01:03:51.221 +08:00] [WARN] [global_controller.go:819] ["[resource group controller] resource group name does not exist"] [name=default]
[2026/07/13 01:03:51.221 +08:00] [WARN] [global_controller.go:819] ["[resource group controller] resource group name does not exist"] [name=default]
[2026/07/13 01:03:51.222 +08:00] [WARN] [global_controller.go:819] ["[resource group controller] resource group name does not exist"] [name=default]
[2026/07/13 01:03:51.222 +08:00] [INFO] [executor.go:7380] ["DDL job is finished"] [category=ddl] [jobID=89]
[2026/07/13 01:03:51.222 +08:00] [INFO] [session.go:5104] ["CRUCIAL OPERATION"] [conn=0] [schemaVersion=44] [cur_db=mysql] [sql="CREATE TABLE IF NOT EXISTS mysql.tidb_runaway_queries (\n\t\tresource_group_name varchar(32) not null,\n\t\tstart_time TIMESTAMP NOT NULL,\n\t\trepeats int default 1,\n\t\tmatch_type varchar(12) NOT NULL,\n\t\taction varchar(64) NOT NULL,\n\t\tsample_sql TEXT NOT NULL,\n\t\tsql_digest varchar(64) NOT NULL,\n\t\tplan_digest varchar(64) NOT NULL,\n\t\ttidb_server varchar(512),\n\t\trule VARCHAR(512) DEFAULT '',\n\t\tINDEX plan_index(plan_digest(64)) COMMENT \"accelerate the speed when select runaway query\",\n\t\tINDEX time_index(start_time) COMMENT \"accelerate the speed when querying with active watch\"\n\t) ENGINE=InnoDB DEFAULT CHARSET=utf8mb4 COLLATE=utf8mb4_bin;"] [user=]
[2026/07/13 01:03:51.222 +08:00] [WARN] [global_controller.go:819] ["[resource group controller] resource group name does not exist"] [name=default]
[2026/07/13 01:03:51.222 +08:00] [INFO] [executor.go:7545] ["system variable tidb_scatter_region not found, use default value"] [category=ddl]
[2026/07/13 01:03:51.222 +08:00] [WARN] [global_controller.go:819] ["[resource group controller] resource group name does not exist"] [name=default]
[2026/07/13 01:03:51.223 +08:00] [WARN] [global_controller.go:819] ["[resource group controller] resource group name does not exist"] [name=default]
[2026/07/13 01:03:51.223 +08:00] [INFO] [job_submitter.go:118] ["add DDL jobs"] [category=ddl] ["batch count"=1] [jobs="ID:91, Type:create table, State:queueing, SchemaState:none, SchemaID:1, TableID:90, RowCount:0, ArgLen:1, start time: 2026-07-13 01:03:51.222 +0800 CST, Err:<nil>, ErrCount:0, SnapshotVersion:0, Version: v2; "] [fast_create=true]
[2026/07/13 01:03:51.223 +08:00] [INFO] [executor.go:7260] ["DDL job submitted"] [category=ddl] [job="ID:91, Type:create table, State:queueing, SchemaState:none, SchemaID:1, TableID:90, RowCount:0, ArgLen:1, start time: 2026-07-13 01:03:51.222 +0800 CST, Err:<nil>, ErrCount:0, SnapshotVersion:0, Version: v2"] [query="CREATE TABLE IF NOT EXISTS mysql.tidb_timers (\n\t\tID BIGINT(64) UNSIGNED NOT NULL AUTO_INCREMENT,\n\t\tNAMESPACE VARCHAR(256) NOT NULL,\n\t\tTIMER_KEY VARCHAR(256) NOT NULL,\n\t\tTIMER_DATA BLOB,\n\t\tTIMEZONE VARCHAR(64) NOT NULL,\n\t\tSCHED_POLICY_TYPE VARCHAR(32) NOT NULL,\n\t\tSCHED_POLICY_EXPR VARCHAR(256) NOT NULL,\n\t\tHOOK_CLASS VARCHAR(64) NOT NULL,\n\t\tWATERMARK TIMESTAMP DEFAULT NULL,\n\t\tENABLE TINYINT(2) NOT NULL,\n\t\tTIMER_EXT JSON NOT NULL,\n\t\tEVENT_STATUS VARCHAR(32) NOT NULL,\n\t\tEVENT_ID VARCHAR(64) NOT NULL,\n\t\tEVENT_DATA BLOB,\n\t\tEVENT_START TIMESTAMP DEFAULT NULL,\n\t\tSUMMARY_DATA BLOB,\n\t\tCREATE_TIME TIMESTAMP NOT NULL DEFAULT CURRENT_TIMESTAMP,\n\t\tUPDATE_TIME TIMESTAMP NOT NULL DEFAULT CURRENT_TIMESTAMP ON UPDATE CURRENT_TIMESTAMP,\n\t\tVERSION BIGINT(64) UNSIGNED NOT NULL,\n\t\tPRIMARY KEY (ID),\n\t\tUNIQUE KEY timer_key(NAMESPACE, TIMER_KEY),\n\t\tKEY hook_class(HOOK_CLASS)\n\t)"]
[2026/07/13 01:03:51.223 +08:00] [WARN] [global_controller.go:819] ["[resource group controller] resource group name does not exist"] [name=default]
[2026/07/13 01:03:51.223 +08:00] [WARN] [global_controller.go:819] ["[resource group controller] resource group name does not exist"] [name=default]
[2026/07/13 01:03:51.223 +08:00] [INFO] [job_worker.go:854] ["run one job step"] [category=ddl] [jobID=91] [job="ID:91, Type:create table, State:queueing, SchemaState:none, SchemaID:1, TableID:90, RowCount:0, ArgLen:0, start time: 2026-07-13 01:03:51.222 +0800 CST, Err:<nil>, ErrCount:0, SnapshotVersion:0, Version: v2"]
[2026/07/13 01:03:51.223 +08:00] [WARN] [global_controller.go:819] ["[resource group controller] resource group name does not exist"] [name=default]
[2026/07/13 01:03:51.223 +08:00] [WARN] [global_controller.go:819] ["[resource group controller] resource group name does not exist"] [name=default]
[2026/07/13 01:03:51.224 +08:00] [WARN] [global_controller.go:819] ["[resource group controller] resource group name does not exist"] [name=default]
[2026/07/13 01:03:51.224 +08:00] [INFO] [loader.go:216] ["diff load InfoSchema success"] [mode=auto] [isV2=true] [currVer=44] [neededVer=45] [gotVer=45] ["elapsed time"=150.166µs] [phyTblIDs="[90]"] [actionTypes="[3]"] [diffTypes="[\"create table\"]"]
[2026/07/13 01:03:51.224 +08:00] [INFO] [syncer.go:258] ["session manager is nil"]
[2026/07/13 01:03:51.224 +08:00] [INFO] [syncer.go:281] ["mdl gets lock, update self version to owner"] [jobID=91] [version=45]
[2026/07/13 01:03:51.226 +08:00] [INFO] [schema_version.go:397] ["wait schema version synced success"] [category=ddl] [ver=45] [checkAssumedSvr=false] ["take time"=2.059084ms] [job="ID:91, Type:create table, State:done, SchemaState:public, SchemaID:1, TableID:90, RowCount:0, ArgLen:1, start time: 2026-07-13 01:03:51.222 +0800 CST, Err:<nil>, ErrCount:0, SnapshotVersion:0, Version: v2"] [summary="server count: 1"]
[2026/07/13 01:03:51.226 +08:00] [WARN] [global_controller.go:819] ["[resource group controller] resource group name does not exist"] [name=default]
[2026/07/13 01:03:51.226 +08:00] [WARN] [global_controller.go:819] ["[resource group controller] resource group name does not exist"] [name=default]
[2026/07/13 01:03:51.227 +08:00] [WARN] [global_controller.go:819] ["[resource group controller] resource group name does not exist"] [name=default]
[2026/07/13 01:03:51.227 +08:00] [WARN] [global_controller.go:819] ["[resource group controller] resource group name does not exist"] [name=default]
[2026/07/13 01:03:51.227 +08:00] [WARN] [global_controller.go:819] ["[resource group controller] resource group name does not exist"] [name=default]
[2026/07/13 01:03:51.227 +08:00] [INFO] [job_worker.go:447] ["finish DDL job"] [category=ddl] [jobID=91] [job="ID:91, Type:create table, State:synced, SchemaState:public, SchemaID:1, TableID:90, RowCount:0, ArgLen:0, start time: 2026-07-13 01:03:51.222 +0800 CST, Err:<nil>, ErrCount:0, SnapshotVersion:0, Version: v2"]
[2026/07/13 01:03:51.227 +08:00] [WARN] [global_controller.go:819] ["[resource group controller] resource group name does not exist"] [name=default]
[2026/07/13 01:03:51.227 +08:00] [WARN] [global_controller.go:819] ["[resource group controller] resource group name does not exist"] [name=default]
[2026/07/13 01:03:51.228 +08:00] [WARN] [global_controller.go:819] ["[resource group controller] resource group name does not exist"] [name=default]
[2026/07/13 01:03:51.228 +08:00] [INFO] [executor.go:7380] ["DDL job is finished"] [category=ddl] [jobID=91]
[2026/07/13 01:03:51.228 +08:00] [INFO] [session.go:5104] ["CRUCIAL OPERATION"] [conn=0] [schemaVersion=45] [cur_db=mysql] [sql="CREATE TABLE IF NOT EXISTS mysql.tidb_timers (\n\t\tID BIGINT(64) UNSIGNED NOT NULL AUTO_INCREMENT,\n\t\tNAMESPACE VARCHAR(256) NOT NULL,\n\t\tTIMER_KEY VARCHAR(256) NOT NULL,\n\t\tTIMER_DATA BLOB,\n\t\tTIMEZONE VARCHAR(64) NOT NULL,\n\t\tSCHED_POLICY_TYPE VARCHAR(32) NOT NULL,\n\t\tSCHED_POLICY_EXPR VARCHAR(256) NOT NULL,\n\t\tHOOK_CLASS VARCHAR(64) NOT NULL,\n\t\tWATERMARK TIMESTAMP DEFAULT NULL,\n\t\tENABLE TINYINT(2) NOT NULL,\n\t\tTIMER_EXT JSON NOT NULL,\n\t\tEVENT_STATUS VARCHAR(32) NOT NULL,\n\t\tEVENT_ID VARCHAR(64) NOT NULL,\n\t\tEVENT_DATA BLOB,\n\t\tEVENT_START TIMESTAMP DEFAULT NULL,\n\t\tSUMMARY_DATA BLOB,\n\t\tCREATE_TIME TIMESTAMP NOT NULL DEFAULT CURRENT_TIMESTAMP,\n\t\tUPDATE_TIME TIMESTAMP NOT NULL DEFAULT CURRENT_TIMESTAMP ON UPDATE CURRENT_TIMESTAMP,\n\t\tVERSION BIGINT(64) UNSIGNED NOT NULL,\n\t\tPRIMARY KEY (ID),\n\t\tUNIQUE KEY timer_key(NAMESPACE, TIMER_KEY),\n\t\tKEY hook_class(HOOK_CLASS)\n\t)"] [user=]
[2026/07/13 01:03:51.228 +08:00] [WARN] [global_controller.go:819] ["[resource group controller] resource group name does not exist"] [name=default]
[2026/07/13 01:03:51.228 +08:00] [INFO] [executor.go:7545] ["system variable tidb_scatter_region not found, use default value"] [category=ddl]
[2026/07/13 01:03:51.228 +08:00] [WARN] [global_controller.go:819] ["[resource group controller] resource group name does not exist"] [name=default]
[2026/07/13 01:03:51.228 +08:00] [WARN] [global_controller.go:819] ["[resource group controller] resource group name does not exist"] [name=default]
[2026/07/13 01:03:51.228 +08:00] [INFO] [job_submitter.go:118] ["add DDL jobs"] [category=ddl] ["batch count"=1] [jobs="ID:93, Type:create table, State:queueing, SchemaState:none, SchemaID:1, TableID:92, RowCount:0, ArgLen:1, start time: 2026-07-13 01:03:51.228 +0800 CST, Err:<nil>, ErrCount:0, SnapshotVersion:0, Version: v2; "] [fast_create=true]
[2026/07/13 01:03:51.228 +08:00] [INFO] [executor.go:7260] ["DDL job submitted"] [category=ddl] [job="ID:93, Type:create table, State:queueing, SchemaState:none, SchemaID:1, TableID:92, RowCount:0, ArgLen:1, start time: 2026-07-13 01:03:51.228 +0800 CST, Err:<nil>, ErrCount:0, SnapshotVersion:0, Version: v2"] [query="CREATE TABLE IF NOT EXISTS mysql.tidb_runaway_watch_done (\n\t\tid BIGINT(20) NOT NULL AUTO_INCREMENT PRIMARY KEY,\n\t\trecord_id BIGINT(20) not null,\n\t\tresource_group_name varchar(32) not null,\n\t\tstart_time datetime(6) NOT NULL,\n\t\tend_time datetime(6),\n\t\twatch bigint(10) NOT NULL,\n\t\twatch_text TEXT NOT NULL,\n\t\tsource varchar(512) NOT NULL,\n\t\taction bigint(10),\n\t\tswitch_group_name VARCHAR(32) DEFAULT '',\n\t\trule VARCHAR(512) DEFAULT '',\n\t\tdone_time TIMESTAMP(6) NOT NULL,\n\t\tINDEX idx_done_time(done_time) COMMENT \"accelerate the speed when syncing done watch records\"\n\t) ENGINE=InnoDB DEFAULT CHARSET=utf8mb4 COLLATE=utf8mb4_bin;"]
[2026/07/13 01:03:51.229 +08:00] [WARN] [global_controller.go:819] ["[resource group controller] resource group name does not exist"] [name=default]
[2026/07/13 01:03:51.229 +08:00] [WARN] [global_controller.go:819] ["[resource group controller] resource group name does not exist"] [name=default]
[2026/07/13 01:03:51.229 +08:00] [INFO] [job_worker.go:854] ["run one job step"] [category=ddl] [jobID=93] [job="ID:93, Type:create table, State:queueing, SchemaState:none, SchemaID:1, TableID:92, RowCount:0, ArgLen:0, start time: 2026-07-13 01:03:51.228 +0800 CST, Err:<nil>, ErrCount:0, SnapshotVersion:0, Version: v2"]
[2026/07/13 01:03:51.229 +08:00] [WARN] [global_controller.go:819] ["[resource group controller] resource group name does not exist"] [name=default]
[2026/07/13 01:03:51.229 +08:00] [WARN] [global_controller.go:819] ["[resource group controller] resource group name does not exist"] [name=default]
[2026/07/13 01:03:51.229 +08:00] [WARN] [global_controller.go:819] ["[resource group controller] resource group name does not exist"] [name=default]
[2026/07/13 01:03:51.229 +08:00] [INFO] [loader.go:216] ["diff load InfoSchema success"] [mode=auto] [isV2=true] [currVer=45] [neededVer=46] [gotVer=46] ["elapsed time"=106.708µs] [phyTblIDs="[92]"] [actionTypes="[3]"] [diffTypes="[\"create table\"]"]
[2026/07/13 01:03:51.230 +08:00] [INFO] [syncer.go:258] ["session manager is nil"]
[2026/07/13 01:03:51.230 +08:00] [INFO] [syncer.go:281] ["mdl gets lock, update self version to owner"] [jobID=93] [version=46]
[2026/07/13 01:03:51.232 +08:00] [INFO] [schema_version.go:397] ["wait schema version synced success"] [category=ddl] [ver=46] [checkAssumedSvr=false] ["take time"=2.23825ms] [job="ID:93, Type:create table, State:done, SchemaState:public, SchemaID:1, TableID:92, RowCount:0, ArgLen:1, start time: 2026-07-13 01:03:51.228 +0800 CST, Err:<nil>, ErrCount:0, SnapshotVersion:0, Version: v2"] [summary="server count: 1"]
[2026/07/13 01:03:51.232 +08:00] [WARN] [global_controller.go:819] ["[resource group controller] resource group name does not exist"] [name=default]
[2026/07/13 01:03:51.232 +08:00] [WARN] [global_controller.go:819] ["[resource group controller] resource group name does not exist"] [name=default]
[2026/07/13 01:03:51.232 +08:00] [WARN] [global_controller.go:819] ["[resource group controller] resource group name does not exist"] [name=default]
[2026/07/13 01:03:51.232 +08:00] [WARN] [global_controller.go:819] ["[resource group controller] resource group name does not exist"] [name=default]
[2026/07/13 01:03:51.232 +08:00] [WARN] [global_controller.go:819] ["[resource group controller] resource group name does not exist"] [name=default]
[2026/07/13 01:03:51.232 +08:00] [INFO] [job_worker.go:447] ["finish DDL job"] [category=ddl] [jobID=93] [job="ID:93, Type:create table, State:synced, SchemaState:public, SchemaID:1, TableID:92, RowCount:0, ArgLen:0, start time: 2026-07-13 01:03:51.228 +0800 CST, Err:<nil>, ErrCount:0, SnapshotVersion:0, Version: v2"]
[2026/07/13 01:03:51.232 +08:00] [WARN] [global_controller.go:819] ["[resource group controller] resource group name does not exist"] [name=default]
[2026/07/13 01:03:51.233 +08:00] [WARN] [global_controller.go:819] ["[resource group controller] resource group name does not exist"] [name=default]
[2026/07/13 01:03:51.233 +08:00] [WARN] [global_controller.go:819] ["[resource group controller] resource group name does not exist"] [name=default]
[2026/07/13 01:03:51.233 +08:00] [INFO] [executor.go:7380] ["DDL job is finished"] [category=ddl] [jobID=93]
[2026/07/13 01:03:51.233 +08:00] [WARN] [global_controller.go:819] ["[resource group controller] resource group name does not exist"] [name=default]
[2026/07/13 01:03:51.233 +08:00] [INFO] [session.go:5104] ["CRUCIAL OPERATION"] [conn=0] [schemaVersion=46] [cur_db=mysql] [sql="CREATE TABLE IF NOT EXISTS mysql.tidb_runaway_watch_done (\n\t\tid BIGINT(20) NOT NULL AUTO_INCREMENT PRIMARY KEY,\n\t\trecord_id BIGINT(20) not null,\n\t\tresource_group_name varchar(32) not null,\n\t\tstart_time datetime(6) NOT NULL,\n\t\tend_time datetime(6),\n\t\twatch bigint(10) NOT NULL,\n\t\twatch_text TEXT NOT NULL,\n\t\tsource varchar(512) NOT NULL,\n\t\taction bigint(10),\n\t\tswitch_group_name VARCHAR(32) DEFAULT '',\n\t\trule VARCHAR(512) DEFAULT '',\n\t\tdone_time TIMESTAMP(6) NOT NULL,\n\t\tINDEX idx_done_time(done_time) COMMENT \"accelerate the speed when syncing done watch records\"\n\t) ENGINE=InnoDB DEFAULT CHARSET=utf8mb4 COLLATE=utf8mb4_bin;"] [user=]
[2026/07/13 01:03:51.233 +08:00] [INFO] [executor.go:7545] ["system variable tidb_scatter_region not found, use default value"] [category=ddl]
[2026/07/13 01:03:51.233 +08:00] [WARN] [global_controller.go:819] ["[resource group controller] resource group name does not exist"] [name=default]
[2026/07/13 01:03:51.233 +08:00] [WARN] [global_controller.go:819] ["[resource group controller] resource group name does not exist"] [name=default]
[2026/07/13 01:03:51.233 +08:00] [INFO] [job_submitter.go:118] ["add DDL jobs"] [category=ddl] ["batch count"=1] [jobs="ID:95, Type:create table, State:queueing, SchemaState:none, SchemaID:1, TableID:94, RowCount:0, ArgLen:1, start time: 2026-07-13 01:03:51.233 +0800 CST, Err:<nil>, ErrCount:0, SnapshotVersion:0, Version: v2; "] [fast_create=true]
[2026/07/13 01:03:51.233 +08:00] [INFO] [executor.go:7260] ["DDL job submitted"] [category=ddl] [job="ID:95, Type:create table, State:queueing, SchemaState:none, SchemaID:1, TableID:94, RowCount:0, ArgLen:1, start time: 2026-07-13 01:03:51.233 +0800 CST, Err:<nil>, ErrCount:0, SnapshotVersion:0, Version: v2"] [query="CREATE TABLE IF NOT EXISTS mysql.dist_framework_meta (\n        host VARCHAR(261) NOT NULL PRIMARY KEY,\n        role VARCHAR(64),\n        cpu_count int default 0,\n        keyspace_id bigint(8) NOT NULL DEFAULT -1\n    );"]
[2026/07/13 01:03:51.234 +08:00] [WARN] [global_controller.go:819] ["[resource group controller] resource group name does not exist"] [name=default]
[2026/07/13 01:03:51.234 +08:00] [WARN] [global_controller.go:819] ["[resource group controller] resource group name does not exist"] [name=default]
[2026/07/13 01:03:51.234 +08:00] [INFO] [job_worker.go:854] ["run one job step"] [category=ddl] [jobID=95] [job="ID:95, Type:create table, State:queueing, SchemaState:none, SchemaID:1, TableID:94, RowCount:0, ArgLen:0, start time: 2026-07-13 01:03:51.233 +0800 CST, Err:<nil>, ErrCount:0, SnapshotVersion:0, Version: v2"]
[2026/07/13 01:03:51.234 +08:00] [WARN] [global_controller.go:819] ["[resource group controller] resource group name does not exist"] [name=default]
[2026/07/13 01:03:51.234 +08:00] [WARN] [global_controller.go:819] ["[resource group controller] resource group name does not exist"] [name=default]
[2026/07/13 01:03:51.234 +08:00] [WARN] [global_controller.go:819] ["[resource group controller] resource group name does not exist"] [name=default]
[2026/07/13 01:03:51.234 +08:00] [WARN] [global_controller.go:819] ["[resource group controller] resource group name does not exist"] [name=default]
[2026/07/13 01:03:51.234 +08:00] [INFO] [loader.go:216] ["diff load InfoSchema success"] [mode=auto] [isV2=true] [currVer=46] [neededVer=47] [gotVer=47] ["elapsed time"=75.042µs] [phyTblIDs="[94]"] [actionTypes="[3]"] [diffTypes="[\"create table\"]"]
[2026/07/13 01:03:51.235 +08:00] [INFO] [syncer.go:258] ["session manager is nil"]
[2026/07/13 01:03:51.235 +08:00] [INFO] [syncer.go:281] ["mdl gets lock, update self version to owner"] [jobID=95] [version=47]
[2026/07/13 01:03:51.236 +08:00] [INFO] [schema_version.go:397] ["wait schema version synced success"] [category=ddl] [ver=47] [checkAssumedSvr=false] ["take time"=2.081292ms] [job="ID:95, Type:create table, State:done, SchemaState:public, SchemaID:1, TableID:94, RowCount:0, ArgLen:1, start time: 2026-07-13 01:03:51.233 +0800 CST, Err:<nil>, ErrCount:0, SnapshotVersion:0, Version: v2"] [summary="server count: 1"]
[2026/07/13 01:03:51.237 +08:00] [WARN] [global_controller.go:819] ["[resource group controller] resource group name does not exist"] [name=default]
[2026/07/13 01:03:51.237 +08:00] [WARN] [global_controller.go:819] ["[resource group controller] resource group name does not exist"] [name=default]
[2026/07/13 01:03:51.237 +08:00] [WARN] [global_controller.go:819] ["[resource group controller] resource group name does not exist"] [name=default]
[2026/07/13 01:03:51.237 +08:00] [WARN] [global_controller.go:819] ["[resource group controller] resource group name does not exist"] [name=default]
[2026/07/13 01:03:51.237 +08:00] [WARN] [global_controller.go:819] ["[resource group controller] resource group name does not exist"] [name=default]
[2026/07/13 01:03:51.237 +08:00] [INFO] [job_worker.go:447] ["finish DDL job"] [category=ddl] [jobID=95] [job="ID:95, Type:create table, State:synced, SchemaState:public, SchemaID:1, TableID:94, RowCount:0, ArgLen:0, start time: 2026-07-13 01:03:51.233 +0800 CST, Err:<nil>, ErrCount:0, SnapshotVersion:0, Version: v2"]
[2026/07/13 01:03:51.237 +08:00] [WARN] [global_controller.go:819] ["[resource group controller] resource group name does not exist"] [name=default]
[2026/07/13 01:03:51.237 +08:00] [WARN] [global_controller.go:819] ["[resource group controller] resource group name does not exist"] [name=default]
[2026/07/13 01:03:51.237 +08:00] [WARN] [global_controller.go:819] ["[resource group controller] resource group name does not exist"] [name=default]
[2026/07/13 01:03:51.237 +08:00] [INFO] [executor.go:7380] ["DDL job is finished"] [category=ddl] [jobID=95]
[2026/07/13 01:03:51.237 +08:00] [INFO] [session.go:5104] ["CRUCIAL OPERATION"] [conn=0] [schemaVersion=47] [cur_db=mysql] [sql="CREATE TABLE IF NOT EXISTS mysql.dist_framework_meta (\n        host VARCHAR(261) NOT NULL PRIMARY KEY,\n        role VARCHAR(64),\n        cpu_count int default 0,\n        keyspace_id bigint(8) NOT NULL DEFAULT -1\n    );"] [user=]
[2026/07/13 01:03:51.237 +08:00] [WARN] [global_controller.go:819] ["[resource group controller] resource group name does not exist"] [name=default]
[2026/07/13 01:03:51.237 +08:00] [INFO] [executor.go:7545] ["system variable tidb_scatter_region not found, use default value"] [category=ddl]
[2026/07/13 01:03:51.238 +08:00] [WARN] [global_controller.go:819] ["[resource group controller] resource group name does not exist"] [name=default]
[2026/07/13 01:03:51.238 +08:00] [WARN] [global_controller.go:819] ["[resource group controller] resource group name does not exist"] [name=default]
[2026/07/13 01:03:51.238 +08:00] [INFO] [job_submitter.go:118] ["add DDL jobs"] [category=ddl] ["batch count"=1] [jobs="ID:97, Type:create table, State:queueing, SchemaState:none, SchemaID:1, TableID:96, RowCount:0, ArgLen:1, start time: 2026-07-13 01:03:51.238 +0800 CST, Err:<nil>, ErrCount:0, SnapshotVersion:0, Version: v2; "] [fast_create=true]
[2026/07/13 01:03:51.238 +08:00] [INFO] [executor.go:7260] ["DDL job submitted"] [category=ddl] [job="ID:97, Type:create table, State:queueing, SchemaState:none, SchemaID:1, TableID:96, RowCount:0, ArgLen:1, start time: 2026-07-13 01:03:51.238 +0800 CST, Err:<nil>, ErrCount:0, SnapshotVersion:0, Version: v2"] [query="CREATE TABLE IF NOT EXISTS mysql.request_unit_by_group (\n\t\tstart_time TIMESTAMP(6) NOT NULL,\n\t\tend_time TIMESTAMP(6) NOT NULL,\n\t\tresource_group VARCHAR(32) NOT null,\n\t\ttotal_ru bigint(64) UNSIGNED NOT NULL,\n\t\tPRIMARY KEY (start_time, end_time, resource_group),\n\t\tKEY (resource_group)\n\t);"]
[2026/07/13 01:03:51.238 +08:00] [WARN] [global_controller.go:819] ["[resource group controller] resource group name does not exist"] [name=default]
[2026/07/13 01:03:51.238 +08:00] [WARN] [global_controller.go:819] ["[resource group controller] resource group name does not exist"] [name=default]
[2026/07/13 01:03:51.238 +08:00] [INFO] [job_worker.go:854] ["run one job step"] [category=ddl] [jobID=97] [job="ID:97, Type:create table, State:queueing, SchemaState:none, SchemaID:1, TableID:96, RowCount:0, ArgLen:0, start time: 2026-07-13 01:03:51.238 +0800 CST, Err:<nil>, ErrCount:0, SnapshotVersion:0, Version: v2"]
[2026/07/13 01:03:51.238 +08:00] [WARN] [global_controller.go:819] ["[resource group controller] resource group name does not exist"] [name=default]
[2026/07/13 01:03:51.239 +08:00] [WARN] [global_controller.go:819] ["[resource group controller] resource group name does not exist"] [name=default]
[2026/07/13 01:03:51.239 +08:00] [WARN] [global_controller.go:819] ["[resource group controller] resource group name does not exist"] [name=default]
[2026/07/13 01:03:51.239 +08:00] [INFO] [loader.go:216] ["diff load InfoSchema success"] [mode=auto] [isV2=true] [currVer=47] [neededVer=48] [gotVer=48] ["elapsed time"=73.708µs] [phyTblIDs="[96]"] [actionTypes="[3]"] [diffTypes="[\"create table\"]"]
[2026/07/13 01:03:51.239 +08:00] [INFO] [syncer.go:258] ["session manager is nil"]
[2026/07/13 01:03:51.239 +08:00] [INFO] [syncer.go:281] ["mdl gets lock, update self version to owner"] [jobID=97] [version=48]
[2026/07/13 01:03:51.241 +08:00] [INFO] [schema_version.go:397] ["wait schema version synced success"] [category=ddl] [ver=48] [checkAssumedSvr=false] ["take time"=2.149125ms] [job="ID:97, Type:create table, State:done, SchemaState:public, SchemaID:1, TableID:96, RowCount:0, ArgLen:1, start time: 2026-07-13 01:03:51.238 +0800 CST, Err:<nil>, ErrCount:0, SnapshotVersion:0, Version: v2"] [summary="server count: 1"]
[2026/07/13 01:03:51.241 +08:00] [WARN] [global_controller.go:819] ["[resource group controller] resource group name does not exist"] [name=default]
[2026/07/13 01:03:51.241 +08:00] [WARN] [global_controller.go:819] ["[resource group controller] resource group name does not exist"] [name=default]
[2026/07/13 01:03:51.241 +08:00] [WARN] [global_controller.go:819] ["[resource group controller] resource group name does not exist"] [name=default]
[2026/07/13 01:03:51.241 +08:00] [WARN] [global_controller.go:819] ["[resource group controller] resource group name does not exist"] [name=default]
[2026/07/13 01:03:51.241 +08:00] [WARN] [global_controller.go:819] ["[resource group controller] resource group name does not exist"] [name=default]
[2026/07/13 01:03:51.241 +08:00] [INFO] [job_worker.go:447] ["finish DDL job"] [category=ddl] [jobID=97] [job="ID:97, Type:create table, State:synced, SchemaState:public, SchemaID:1, TableID:96, RowCount:0, ArgLen:0, start time: 2026-07-13 01:03:51.238 +0800 CST, Err:<nil>, ErrCount:0, SnapshotVersion:0, Version: v2"]
[2026/07/13 01:03:51.242 +08:00] [WARN] [global_controller.go:819] ["[resource group controller] resource group name does not exist"] [name=default]
[2026/07/13 01:03:51.242 +08:00] [WARN] [global_controller.go:819] ["[resource group controller] resource group name does not exist"] [name=default]
[2026/07/13 01:03:51.242 +08:00] [WARN] [global_controller.go:819] ["[resource group controller] resource group name does not exist"] [name=default]
[2026/07/13 01:03:51.242 +08:00] [INFO] [executor.go:7380] ["DDL job is finished"] [category=ddl] [jobID=97]
[2026/07/13 01:03:51.242 +08:00] [INFO] [session.go:5104] ["CRUCIAL OPERATION"] [conn=0] [schemaVersion=48] [cur_db=mysql] [sql="CREATE TABLE IF NOT EXISTS mysql.request_unit_by_group (\n\t\tstart_time TIMESTAMP(6) NOT NULL,\n\t\tend_time TIMESTAMP(6) NOT NULL,\n\t\tresource_group VARCHAR(32) NOT null,\n\t\ttotal_ru bigint(64) UNSIGNED NOT NULL,\n\t\tPRIMARY KEY (start_time, end_time, resource_group),\n\t\tKEY (resource_group)\n\t);"] [user=]
[2026/07/13 01:03:51.242 +08:00] [WARN] [global_controller.go:819] ["[resource group controller] resource group name does not exist"] [name=default]
[2026/07/13 01:03:51.242 +08:00] [INFO] [add_column.go:1339] ["Automatically convert BLOB(524288) to MEDIUMBLOB"] [category=ddl]
[2026/07/13 01:03:51.242 +08:00] [INFO] [executor.go:7545] ["system variable tidb_scatter_region not found, use default value"] [category=ddl]
[2026/07/13 01:03:51.242 +08:00] [WARN] [global_controller.go:819] ["[resource group controller] resource group name does not exist"] [name=default]
[2026/07/13 01:03:51.243 +08:00] [WARN] [global_controller.go:819] ["[resource group controller] resource group name does not exist"] [name=default]
[2026/07/13 01:03:51.243 +08:00] [INFO] [job_submitter.go:118] ["add DDL jobs"] [category=ddl] ["batch count"=1] [jobs="ID:99, Type:create table, State:queueing, SchemaState:none, SchemaID:1, TableID:98, RowCount:0, ArgLen:1, start time: 2026-07-13 01:03:51.242 +0800 CST, Err:<nil>, ErrCount:0, SnapshotVersion:0, Version: v2; "] [fast_create=true]
[2026/07/13 01:03:51.243 +08:00] [INFO] [executor.go:7260] ["DDL job submitted"] [category=ddl] [job="ID:99, Type:create table, State:queueing, SchemaState:none, SchemaID:1, TableID:98, RowCount:0, ArgLen:1, start time: 2026-07-13 01:03:51.242 +0800 CST, Err:<nil>, ErrCount:0, SnapshotVersion:0, Version: v2"] [query="CREATE TABLE IF NOT EXISTS mysql.tidb_pitr_id_map (\n\t\trestore_id BIGINT NOT NULL DEFAULT 0,\n\t\trestored_ts BIGINT NOT NULL,\n\t\tupstream_cluster_id BIGINT NOT NULL,\n\t\tsegment_id BIGINT NOT NULL,\n\t\tid_map BLOB(524288) NOT NULL,\n\t\tupdate_time TIMESTAMP DEFAULT CURRENT_TIMESTAMP,\n\t\tPRIMARY KEY (restore_id, restored_ts, upstream_cluster_id, segment_id));"]
[2026/07/13 01:03:51.243 +08:00] [WARN] [global_controller.go:819] ["[resource group controller] resource group name does not exist"] [name=default]
[2026/07/13 01:03:51.243 +08:00] [WARN] [global_controller.go:819] ["[resource group controller] resource group name does not exist"] [name=default]
[2026/07/13 01:03:51.243 +08:00] [INFO] [job_worker.go:854] ["run one job step"] [category=ddl] [jobID=99] [job="ID:99, Type:create table, State:queueing, SchemaState:none, SchemaID:1, TableID:98, RowCount:0, ArgLen:0, start time: 2026-07-13 01:03:51.242 +0800 CST, Err:<nil>, ErrCount:0, SnapshotVersion:0, Version: v2"]
[2026/07/13 01:03:51.243 +08:00] [WARN] [global_controller.go:819] ["[resource group controller] resource group name does not exist"] [name=default]
[2026/07/13 01:03:51.243 +08:00] [WARN] [global_controller.go:819] ["[resource group controller] resource group name does not exist"] [name=default]
[2026/07/13 01:03:51.244 +08:00] [WARN] [global_controller.go:819] ["[resource group controller] resource group name does not exist"] [name=default]
[2026/07/13 01:03:51.244 +08:00] [INFO] [loader.go:216] ["diff load InfoSchema success"] [mode=auto] [isV2=true] [currVer=48] [neededVer=49] [gotVer=49] ["elapsed time"=75.791µs] [phyTblIDs="[98]"] [actionTypes="[3]"] [diffTypes="[\"create table\"]"]
[2026/07/13 01:03:51.244 +08:00] [INFO] [syncer.go:258] ["session manager is nil"]
[2026/07/13 01:03:51.244 +08:00] [INFO] [syncer.go:281] ["mdl gets lock, update self version to owner"] [jobID=99] [version=49]
[2026/07/13 01:03:51.246 +08:00] [INFO] [schema_version.go:397] ["wait schema version synced success"] [category=ddl] [ver=49] [checkAssumedSvr=false] ["take time"=2.008916ms] [job="ID:99, Type:create table, State:done, SchemaState:public, SchemaID:1, TableID:98, RowCount:0, ArgLen:1, start time: 2026-07-13 01:03:51.242 +0800 CST, Err:<nil>, ErrCount:0, SnapshotVersion:0, Version: v2"] [summary="server count: 1"]
[2026/07/13 01:03:51.246 +08:00] [WARN] [global_controller.go:819] ["[resource group controller] resource group name does not exist"] [name=default]
[2026/07/13 01:03:51.246 +08:00] [WARN] [global_controller.go:819] ["[resource group controller] resource group name does not exist"] [name=default]
[2026/07/13 01:03:51.246 +08:00] [WARN] [global_controller.go:819] ["[resource group controller] resource group name does not exist"] [name=default]
[2026/07/13 01:03:51.246 +08:00] [WARN] [global_controller.go:819] ["[resource group controller] resource group name does not exist"] [name=default]
[2026/07/13 01:03:51.246 +08:00] [WARN] [global_controller.go:819] ["[resource group controller] resource group name does not exist"] [name=default]
[2026/07/13 01:03:51.246 +08:00] [INFO] [job_worker.go:447] ["finish DDL job"] [category=ddl] [jobID=99] [job="ID:99, Type:create table, State:synced, SchemaState:public, SchemaID:1, TableID:98, RowCount:0, ArgLen:0, start time: 2026-07-13 01:03:51.242 +0800 CST, Err:<nil>, ErrCount:0, SnapshotVersion:0, Version: v2"]
[2026/07/13 01:03:51.246 +08:00] [WARN] [global_controller.go:819] ["[resource group controller] resource group name does not exist"] [name=default]
[2026/07/13 01:03:51.247 +08:00] [WARN] [global_controller.go:819] ["[resource group controller] resource group name does not exist"] [name=default]
[2026/07/13 01:03:51.247 +08:00] [WARN] [global_controller.go:819] ["[resource group controller] resource group name does not exist"] [name=default]
[2026/07/13 01:03:51.247 +08:00] [INFO] [executor.go:7380] ["DDL job is finished"] [category=ddl] [jobID=99]
[2026/07/13 01:03:51.247 +08:00] [INFO] [session.go:5104] ["CRUCIAL OPERATION"] [conn=0] [schemaVersion=49] [cur_db=mysql] [sql="CREATE TABLE IF NOT EXISTS mysql.tidb_pitr_id_map (\n\t\trestore_id BIGINT NOT NULL DEFAULT 0,\n\t\trestored_ts BIGINT NOT NULL,\n\t\tupstream_cluster_id BIGINT NOT NULL,\n\t\tsegment_id BIGINT NOT NULL,\n\t\tid_map BLOB(524288) NOT NULL,\n\t\tupdate_time TIMESTAMP DEFAULT CURRENT_TIMESTAMP,\n\t\tPRIMARY KEY (restore_id, restored_ts, upstream_cluster_id, segment_id));"] [user=]
[2026/07/13 01:03:51.247 +08:00] [WARN] [global_controller.go:819] ["[resource group controller] resource group name does not exist"] [name=default]
[2026/07/13 01:03:51.247 +08:00] [INFO] [executor.go:7545] ["system variable tidb_scatter_region not found, use default value"] [category=ddl]
[2026/07/13 01:03:51.247 +08:00] [WARN] [global_controller.go:819] ["[resource group controller] resource group name does not exist"] [name=default]
[2026/07/13 01:03:51.247 +08:00] [WARN] [global_controller.go:819] ["[resource group controller] resource group name does not exist"] [name=default]
[2026/07/13 01:03:51.248 +08:00] [INFO] [job_submitter.go:118] ["add DDL jobs"] [category=ddl] ["batch count"=1] [jobs="ID:101, Type:create table, State:queueing, SchemaState:none, SchemaID:1, TableID:100, RowCount:0, ArgLen:1, start time: 2026-07-13 01:03:51.247 +0800 CST, Err:<nil>, ErrCount:0, SnapshotVersion:0, Version: v2; "] [fast_create=true]
[2026/07/13 01:03:51.248 +08:00] [INFO] [executor.go:7260] ["DDL job submitted"] [category=ddl] [job="ID:101, Type:create table, State:queueing, SchemaState:none, SchemaID:1, TableID:100, RowCount:0, ArgLen:1, start time: 2026-07-13 01:03:51.247 +0800 CST, Err:<nil>, ErrCount:0, SnapshotVersion:0, Version: v2"] [query="CREATE TABLE IF NOT EXISTS mysql.tidb_restore_registry (\n\t\tid BIGINT UNSIGNED NOT NULL AUTO_INCREMENT PRIMARY KEY,\n\t\tfilter_strings TEXT NOT NULL,\n\t\tfilter_hash VARCHAR(64) NOT NULL,\n\t\tstart_ts BIGINT UNSIGNED NOT NULL,\n\t\trestored_ts BIGINT UNSIGNED NOT NULL,\n\t\tupstream_cluster_id BIGINT UNSIGNED,\n\t\twith_sys_table BOOLEAN NOT NULL DEFAULT TRUE,\n\t\tstatus VARCHAR(20) NOT NULL DEFAULT 'running',\n\t\tcmd TEXT,\n\t\ttask_start_time TIMESTAMP(6) DEFAULT CURRENT_TIMESTAMP(6),\n\t\tlast_heartbeat_time TIMESTAMP(6) DEFAULT CURRENT_TIMESTAMP(6),\n\t\tUNIQUE KEY unique_registration_params (\n\t\t\tfilter_hash,\n\t\t\tstart_ts,\n\t\t\trestored_ts,\n\t\t\tupstream_cluster_id,\n\t\t\twith_sys_table,\n\t\t\tcmd(256)\n\t\t)\n\t) AUTO_INCREMENT = 1;"]
[2026/07/13 01:03:51.248 +08:00] [WARN] [global_controller.go:819] ["[resource group controller] resource group name does not exist"] [name=default]
[2026/07/13 01:03:51.248 +08:00] [WARN] [global_controller.go:819] ["[resource group controller] resource group name does not exist"] [name=default]
[2026/07/13 01:03:51.248 +08:00] [INFO] [job_worker.go:854] ["run one job step"] [category=ddl] [jobID=101] [job="ID:101, Type:create table, State:queueing, SchemaState:none, SchemaID:1, TableID:100, RowCount:0, ArgLen:0, start time: 2026-07-13 01:03:51.247 +0800 CST, Err:<nil>, ErrCount:0, SnapshotVersion:0, Version: v2"]
[2026/07/13 01:03:51.248 +08:00] [WARN] [global_controller.go:819] ["[resource group controller] resource group name does not exist"] [name=default]
[2026/07/13 01:03:51.248 +08:00] [WARN] [global_controller.go:819] ["[resource group controller] resource group name does not exist"] [name=default]
[2026/07/13 01:03:51.248 +08:00] [WARN] [global_controller.go:819] ["[resource group controller] resource group name does not exist"] [name=default]
[2026/07/13 01:03:51.248 +08:00] [INFO] [loader.go:216] ["diff load InfoSchema success"] [mode=auto] [isV2=true] [currVer=49] [neededVer=50] [gotVer=50] ["elapsed time"=105.459µs] [phyTblIDs="[100]"] [actionTypes="[3]"] [diffTypes="[\"create table\"]"]
[2026/07/13 01:03:51.249 +08:00] [INFO] [syncer.go:258] ["session manager is nil"]
[2026/07/13 01:03:51.249 +08:00] [INFO] [syncer.go:281] ["mdl gets lock, update self version to owner"] [jobID=101] [version=50]
[2026/07/13 01:03:51.250 +08:00] [INFO] [schema_version.go:397] ["wait schema version synced success"] [category=ddl] [ver=50] [checkAssumedSvr=false] ["take time"=2.119ms] [job="ID:101, Type:create table, State:done, SchemaState:public, SchemaID:1, TableID:100, RowCount:0, ArgLen:1, start time: 2026-07-13 01:03:51.247 +0800 CST, Err:<nil>, ErrCount:0, SnapshotVersion:0, Version: v2"] [summary="server count: 1"]
[2026/07/13 01:03:51.251 +08:00] [WARN] [global_controller.go:819] ["[resource group controller] resource group name does not exist"] [name=default]
[2026/07/13 01:03:51.251 +08:00] [WARN] [global_controller.go:819] ["[resource group controller] resource group name does not exist"] [name=default]
[2026/07/13 01:03:51.251 +08:00] [WARN] [global_controller.go:819] ["[resource group controller] resource group name does not exist"] [name=default]
[2026/07/13 01:03:51.251 +08:00] [WARN] [global_controller.go:819] ["[resource group controller] resource group name does not exist"] [name=default]
[2026/07/13 01:03:51.251 +08:00] [WARN] [global_controller.go:819] ["[resource group controller] resource group name does not exist"] [name=default]
[2026/07/13 01:03:51.251 +08:00] [INFO] [job_worker.go:447] ["finish DDL job"] [category=ddl] [jobID=101] [job="ID:101, Type:create table, State:synced, SchemaState:public, SchemaID:1, TableID:100, RowCount:0, ArgLen:0, start time: 2026-07-13 01:03:51.247 +0800 CST, Err:<nil>, ErrCount:0, SnapshotVersion:0, Version: v2"]
[2026/07/13 01:03:51.251 +08:00] [WARN] [global_controller.go:819] ["[resource group controller] resource group name does not exist"] [name=default]
[2026/07/13 01:03:51.252 +08:00] [WARN] [global_controller.go:819] ["[resource group controller] resource group name does not exist"] [name=default]
[2026/07/13 01:03:51.252 +08:00] [WARN] [global_controller.go:819] ["[resource group controller] resource group name does not exist"] [name=default]
[2026/07/13 01:03:51.252 +08:00] [INFO] [executor.go:7380] ["DDL job is finished"] [category=ddl] [jobID=101]
[2026/07/13 01:03:51.252 +08:00] [WARN] [global_controller.go:819] ["[resource group controller] resource group name does not exist"] [name=default]
[2026/07/13 01:03:51.252 +08:00] [INFO] [session.go:5104] ["CRUCIAL OPERATION"] [conn=0] [schemaVersion=50] [cur_db=mysql] [sql="CREATE TABLE IF NOT EXISTS mysql.tidb_restore_registry (\n\t\tid BIGINT UNSIGNED NOT NULL AUTO_INCREMENT PRIMARY KEY,\n\t\tfilter_strings TEXT NOT NULL,\n\t\tfilter_hash VARCHAR(64) NOT NULL,\n\t\tstart_ts BIGINT UNSIGNED NOT NULL,\n\t\trestored_ts BIGINT UNSIGNED NOT NULL,\n\t\tupstream_cluster_id BIGINT UNSIGNED,\n\t\twith_sys_table BOOLEAN NOT NULL DEFAULT TRUE,\n\t\tstatus VARCHAR(20) NOT NULL DEFAULT 'running',\n\t\tcmd TEXT,\n\t\ttask_start_time TIMESTAMP(6) DEFAULT CURRENT_TIMESTAMP(6),\n\t\tlast_heartbeat_time TIMESTAMP(6) DEFAULT CURRENT_TIMESTAMP(6),\n\t\tUNIQUE KEY unique_registration_params (\n\t\t\tfilter_hash,\n\t\t\tstart_ts,\n\t\t\trestored_ts,\n\t\t\tupstream_cluster_id,\n\t\t\twith_sys_table,\n\t\t\tcmd(256)\n\t\t)\n\t) AUTO_INCREMENT = 1;"] [user=]
[2026/07/13 01:03:51.252 +08:00] [INFO] [executor.go:7545] ["system variable tidb_scatter_region not found, use default value"] [category=ddl]
[2026/07/13 01:03:51.252 +08:00] [WARN] [global_controller.go:819] ["[resource group controller] resource group name does not exist"] [name=default]
[2026/07/13 01:03:51.252 +08:00] [WARN] [global_controller.go:819] ["[resource group controller] resource group name does not exist"] [name=default]
[2026/07/13 01:03:51.253 +08:00] [INFO] [job_submitter.go:118] ["add DDL jobs"] [category=ddl] ["batch count"=1] [jobs="ID:103, Type:create table, State:queueing, SchemaState:none, SchemaID:1, TableID:102, RowCount:0, ArgLen:1, start time: 2026-07-13 01:03:51.252 +0800 CST, Err:<nil>, ErrCount:0, SnapshotVersion:0, Version: v2; "] [fast_create=true]
[2026/07/13 01:03:51.253 +08:00] [INFO] [executor.go:7260] ["DDL job submitted"] [category=ddl] [job="ID:103, Type:create table, State:queueing, SchemaState:none, SchemaID:1, TableID:102, RowCount:0, ArgLen:1, start time: 2026-07-13 01:03:51.252 +0800 CST, Err:<nil>, ErrCount:0, SnapshotVersion:0, Version: v2"] [query="CREATE TABLE IF NOT EXISTS mysql.index_advisor_results (\n       id bigint primary key not null auto_increment,\n       created_at datetime not null,\n       updated_at datetime not null,\n\n       schema_name varchar(64) not null,\n       table_name varchar(64) not null,\n       index_name varchar(127) not null,\n       index_columns varchar(500) not null COMMENT 'split by \",\", e.g. \"c1\", \"c1,c2\", \"c1,c2,c3,c4,c5\"',\n\n       index_details json,        -- est_index_size, reason, DDL to create this index, ...\n       top_impacted_queries json, -- improvement, plan before and after this index, ...\n       workload_impact json,      -- improvement and more details, ...\n       extra json,                -- for the cloud env to save more info like RU, cost_saving, ...\n       index idx_create(created_at),\n       index idx_update(updated_at),\n       unique index idx(schema_name, table_name, index_columns));"]
[2026/07/13 01:03:51.253 +08:00] [WARN] [global_controller.go:819] ["[resource group controller] resource group name does not exist"] [name=default]
[2026/07/13 01:03:51.253 +08:00] [WARN] [global_controller.go:819] ["[resource group controller] resource group name does not exist"] [name=default]
[2026/07/13 01:03:51.253 +08:00] [INFO] [job_worker.go:854] ["run one job step"] [category=ddl] [jobID=103] [job="ID:103, Type:create table, State:queueing, SchemaState:none, SchemaID:1, TableID:102, RowCount:0, ArgLen:0, start time: 2026-07-13 01:03:51.252 +0800 CST, Err:<nil>, ErrCount:0, SnapshotVersion:0, Version: v2"]
[2026/07/13 01:03:51.253 +08:00] [WARN] [global_controller.go:819] ["[resource group controller] resource group name does not exist"] [name=default]
[2026/07/13 01:03:51.253 +08:00] [WARN] [global_controller.go:819] ["[resource group controller] resource group name does not exist"] [name=default]
[2026/07/13 01:03:51.253 +08:00] [WARN] [global_controller.go:819] ["[resource group controller] resource group name does not exist"] [name=default]
[2026/07/13 01:03:51.254 +08:00] [INFO] [loader.go:216] ["diff load InfoSchema success"] [mode=auto] [isV2=true] [currVer=50] [neededVer=51] [gotVer=51] ["elapsed time"=103.083µs] [phyTblIDs="[102]"] [actionTypes="[3]"] [diffTypes="[\"create table\"]"]
[2026/07/13 01:03:51.254 +08:00] [INFO] [syncer.go:258] ["session manager is nil"]
[2026/07/13 01:03:51.254 +08:00] [INFO] [syncer.go:281] ["mdl gets lock, update self version to owner"] [jobID=103] [version=51]
[2026/07/13 01:03:51.255 +08:00] [INFO] [schema_version.go:397] ["wait schema version synced success"] [category=ddl] [ver=51] [checkAssumedSvr=false] ["take time"=2.004208ms] [job="ID:103, Type:create table, State:done, SchemaState:public, SchemaID:1, TableID:102, RowCount:0, ArgLen:1, start time: 2026-07-13 01:03:51.252 +0800 CST, Err:<nil>, ErrCount:0, SnapshotVersion:0, Version: v2"] [summary="server count: 1"]
[2026/07/13 01:03:51.256 +08:00] [WARN] [global_controller.go:819] ["[resource group controller] resource group name does not exist"] [name=default]
[2026/07/13 01:03:51.256 +08:00] [WARN] [global_controller.go:819] ["[resource group controller] resource group name does not exist"] [name=default]
[2026/07/13 01:03:51.256 +08:00] [WARN] [global_controller.go:819] ["[resource group controller] resource group name does not exist"] [name=default]
[2026/07/13 01:03:51.256 +08:00] [WARN] [global_controller.go:819] ["[resource group controller] resource group name does not exist"] [name=default]
[2026/07/13 01:03:51.256 +08:00] [WARN] [global_controller.go:819] ["[resource group controller] resource group name does not exist"] [name=default]
[2026/07/13 01:03:51.256 +08:00] [INFO] [job_worker.go:447] ["finish DDL job"] [category=ddl] [jobID=103] [job="ID:103, Type:create table, State:synced, SchemaState:public, SchemaID:1, TableID:102, RowCount:0, ArgLen:0, start time: 2026-07-13 01:03:51.252 +0800 CST, Err:<nil>, ErrCount:0, SnapshotVersion:0, Version: v2"]
[2026/07/13 01:03:51.256 +08:00] [WARN] [global_controller.go:819] ["[resource group controller] resource group name does not exist"] [name=default]
[2026/07/13 01:03:51.257 +08:00] [WARN] [global_controller.go:819] ["[resource group controller] resource group name does not exist"] [name=default]
[2026/07/13 01:03:51.257 +08:00] [WARN] [global_controller.go:819] ["[resource group controller] resource group name does not exist"] [name=default]
[2026/07/13 01:03:51.257 +08:00] [INFO] [executor.go:7380] ["DDL job is finished"] [category=ddl] [jobID=103]
[2026/07/13 01:03:51.257 +08:00] [INFO] [session.go:5104] ["CRUCIAL OPERATION"] [conn=0] [schemaVersion=51] [cur_db=mysql] [sql="CREATE TABLE IF NOT EXISTS mysql.index_advisor_results (\n       id bigint primary key not null auto_increment,\n       created_at datetime not null,\n       updated_at datetime not null,\n\n       schema_name varchar(64) not null,\n       table_name varchar(64) not null,\n       index_name varchar(127) not null,\n       index_columns varchar(500) not null COMMENT 'split by \",\", e.g. \"c1\", \"c1,c2\", \"c1,c2,c3,c4,c5\"',\n\n       index_details json,        -- est_index_size, reason, DDL to create this index, ...\n       top_impacted_queries json, -- improvement, plan before and after this index, ...\n       workload_impact json,      -- improvement and more details, ...\n       extra json,                -- for the cloud env to save more info like RU, cost_saving, ...\n       index idx_create(created_at),\n       index idx_update(updated_at),\n       unique index idx(schema_name, table_name, index_columns));"] [user=]
[2026/07/13 01:03:51.257 +08:00] [WARN] [global_controller.go:819] ["[resource group controller] resource group name does not exist"] [name=default]
[2026/07/13 01:03:51.257 +08:00] [INFO] [executor.go:7545] ["system variable tidb_scatter_region not found, use default value"] [category=ddl]
[2026/07/13 01:03:51.257 +08:00] [WARN] [global_controller.go:819] ["[resource group controller] resource group name does not exist"] [name=default]
[2026/07/13 01:03:51.257 +08:00] [WARN] [global_controller.go:819] ["[resource group controller] resource group name does not exist"] [name=default]
[2026/07/13 01:03:51.257 +08:00] [INFO] [job_submitter.go:118] ["add DDL jobs"] [category=ddl] ["batch count"=1] [jobs="ID:105, Type:create table, State:queueing, SchemaState:none, SchemaID:1, TableID:104, RowCount:0, ArgLen:1, start time: 2026-07-13 01:03:51.257 +0800 CST, Err:<nil>, ErrCount:0, SnapshotVersion:0, Version: v2; "] [fast_create=true]
[2026/07/13 01:03:51.257 +08:00] [INFO] [executor.go:7260] ["DDL job submitted"] [category=ddl] [job="ID:105, Type:create table, State:queueing, SchemaState:none, SchemaID:1, TableID:104, RowCount:0, ArgLen:1, start time: 2026-07-13 01:03:51.257 +0800 CST, Err:<nil>, ErrCount:0, SnapshotVersion:0, Version: v2"] [query="CREATE TABLE IF NOT EXISTS mysql.tidb_kernel_options (\n        module varchar(128),\n        name varchar(128),\n        value varchar(128),\n        updated_at datetime,\n        status varchar(128),\n        description text,\n        primary key(module, name));"]
[2026/07/13 01:03:51.258 +08:00] [WARN] [global_controller.go:819] ["[resource group controller] resource group name does not exist"] [name=default]
[2026/07/13 01:03:51.258 +08:00] [WARN] [global_controller.go:819] ["[resource group controller] resource group name does not exist"] [name=default]
[2026/07/13 01:03:51.258 +08:00] [INFO] [job_worker.go:854] ["run one job step"] [category=ddl] [jobID=105] [job="ID:105, Type:create table, State:queueing, SchemaState:none, SchemaID:1, TableID:104, RowCount:0, ArgLen:0, start time: 2026-07-13 01:03:51.257 +0800 CST, Err:<nil>, ErrCount:0, SnapshotVersion:0, Version: v2"]
[2026/07/13 01:03:51.258 +08:00] [WARN] [global_controller.go:819] ["[resource group controller] resource group name does not exist"] [name=default]
[2026/07/13 01:03:51.258 +08:00] [WARN] [global_controller.go:819] ["[resource group controller] resource group name does not exist"] [name=default]
[2026/07/13 01:03:51.258 +08:00] [WARN] [global_controller.go:819] ["[resource group controller] resource group name does not exist"] [name=default]
[2026/07/13 01:03:51.258 +08:00] [INFO] [loader.go:216] ["diff load InfoSchema success"] [mode=auto] [isV2=true] [currVer=51] [neededVer=52] [gotVer=52] ["elapsed time"=79.958µs] [phyTblIDs="[104]"] [actionTypes="[3]"] [diffTypes="[\"create table\"]"]
[2026/07/13 01:03:51.259 +08:00] [INFO] [syncer.go:258] ["session manager is nil"]
[2026/07/13 01:03:51.259 +08:00] [INFO] [syncer.go:281] ["mdl gets lock, update self version to owner"] [jobID=105] [version=52]
[2026/07/13 01:03:51.260 +08:00] [INFO] [schema_version.go:397] ["wait schema version synced success"] [category=ddl] [ver=52] [checkAssumedSvr=false] ["take time"=2.083125ms] [job="ID:105, Type:create table, State:done, SchemaState:public, SchemaID:1, TableID:104, RowCount:0, ArgLen:1, start time: 2026-07-13 01:03:51.257 +0800 CST, Err:<nil>, ErrCount:0, SnapshotVersion:0, Version: v2"] [summary="server count: 1"]
[2026/07/13 01:03:51.261 +08:00] [WARN] [global_controller.go:819] ["[resource group controller] resource group name does not exist"] [name=default]
[2026/07/13 01:03:51.261 +08:00] [WARN] [global_controller.go:819] ["[resource group controller] resource group name does not exist"] [name=default]
[2026/07/13 01:03:51.261 +08:00] [WARN] [global_controller.go:819] ["[resource group controller] resource group name does not exist"] [name=default]
[2026/07/13 01:03:51.261 +08:00] [WARN] [global_controller.go:819] ["[resource group controller] resource group name does not exist"] [name=default]
[2026/07/13 01:03:51.261 +08:00] [WARN] [global_controller.go:819] ["[resource group controller] resource group name does not exist"] [name=default]
[2026/07/13 01:03:51.261 +08:00] [INFO] [job_worker.go:447] ["finish DDL job"] [category=ddl] [jobID=105] [job="ID:105, Type:create table, State:synced, SchemaState:public, SchemaID:1, TableID:104, RowCount:0, ArgLen:0, start time: 2026-07-13 01:03:51.257 +0800 CST, Err:<nil>, ErrCount:0, SnapshotVersion:0, Version: v2"]
[2026/07/13 01:03:51.261 +08:00] [WARN] [global_controller.go:819] ["[resource group controller] resource group name does not exist"] [name=default]
[2026/07/13 01:03:51.261 +08:00] [WARN] [global_controller.go:819] ["[resource group controller] resource group name does not exist"] [name=default]
[2026/07/13 01:03:51.261 +08:00] [WARN] [global_controller.go:819] ["[resource group controller] resource group name does not exist"] [name=default]
[2026/07/13 01:03:51.261 +08:00] [INFO] [executor.go:7380] ["DDL job is finished"] [category=ddl] [jobID=105]
[2026/07/13 01:03:51.261 +08:00] [INFO] [session.go:5104] ["CRUCIAL OPERATION"] [conn=0] [schemaVersion=52] [cur_db=mysql] [sql="CREATE TABLE IF NOT EXISTS mysql.tidb_kernel_options (\n        module varchar(128),\n        name varchar(128),\n        value varchar(128),\n        updated_at datetime,\n        status varchar(128),\n        description text,\n        primary key(module, name));"] [user=]
[2026/07/13 01:03:51.262 +08:00] [INFO] [executor.go:7545] ["system variable tidb_scatter_region not found, use default value"] [category=ddl]
[2026/07/13 01:03:51.262 +08:00] [WARN] [global_controller.go:819] ["[resource group controller] resource group name does not exist"] [name=default]
[2026/07/13 01:03:51.262 +08:00] [WARN] [global_controller.go:819] ["[resource group controller] resource group name does not exist"] [name=default]
[2026/07/13 01:03:51.262 +08:00] [WARN] [global_controller.go:819] ["[resource group controller] resource group name does not exist"] [name=default]
[2026/07/13 01:03:51.262 +08:00] [INFO] [job_submitter.go:118] ["add DDL jobs"] [category=ddl] ["batch count"=1] [jobs="ID:107, Type:create table, State:queueing, SchemaState:none, SchemaID:1, TableID:106, RowCount:0, ArgLen:1, start time: 2026-07-13 01:03:51.262 +0800 CST, Err:<nil>, ErrCount:0, SnapshotVersion:0, Version: v2; "] [fast_create=true]
[2026/07/13 01:03:51.262 +08:00] [INFO] [executor.go:7260] ["DDL job submitted"] [category=ddl] [job="ID:107, Type:create table, State:queueing, SchemaState:none, SchemaID:1, TableID:106, RowCount:0, ArgLen:1, start time: 2026-07-13 01:03:51.262 +0800 CST, Err:<nil>, ErrCount:0, SnapshotVersion:0, Version: v2"] [query="CREATE TABLE IF NOT EXISTS mysql.tidb_workload_values (\n\t\tid bigint(20) NOT NULL AUTO_INCREMENT PRIMARY KEY,\n\t\tversion bigint(20) NOT NULL,\n\t\tcategory varchar(64) NOT NULL,\n\t\ttype varchar(64) NOT NULL,\n\t\ttable_id bigint(20) NOT NULL,\n\t\tvalue json NOT NULL,\n\t\tindex idx_version_category_type (version, category, type),\n\t\tindex idx_table_id (table_id));"]
[2026/07/13 01:03:51.262 +08:00] [WARN] [global_controller.go:819] ["[resource group controller] resource group name does not exist"] [name=default]
[2026/07/13 01:03:51.262 +08:00] [WARN] [global_controller.go:819] ["[resource group controller] resource group name does not exist"] [name=default]
[2026/07/13 01:03:51.262 +08:00] [INFO] [job_worker.go:854] ["run one job step"] [category=ddl] [jobID=107] [job="ID:107, Type:create table, State:queueing, SchemaState:none, SchemaID:1, TableID:106, RowCount:0, ArgLen:0, start time: 2026-07-13 01:03:51.262 +0800 CST, Err:<nil>, ErrCount:0, SnapshotVersion:0, Version: v2"]
[2026/07/13 01:03:51.263 +08:00] [WARN] [global_controller.go:819] ["[resource group controller] resource group name does not exist"] [name=default]
[2026/07/13 01:03:51.263 +08:00] [WARN] [global_controller.go:819] ["[resource group controller] resource group name does not exist"] [name=default]
[2026/07/13 01:03:51.263 +08:00] [WARN] [global_controller.go:819] ["[resource group controller] resource group name does not exist"] [name=default]
[2026/07/13 01:03:51.263 +08:00] [INFO] [loader.go:216] ["diff load InfoSchema success"] [mode=auto] [isV2=true] [currVer=52] [neededVer=53] [gotVer=53] ["elapsed time"=75.667µs] [phyTblIDs="[106]"] [actionTypes="[3]"] [diffTypes="[\"create table\"]"]
[2026/07/13 01:03:51.263 +08:00] [INFO] [syncer.go:258] ["session manager is nil"]
[2026/07/13 01:03:51.263 +08:00] [INFO] [syncer.go:281] ["mdl gets lock, update self version to owner"] [jobID=107] [version=53]
[2026/07/13 01:03:51.265 +08:00] [INFO] [schema_version.go:397] ["wait schema version synced success"] [category=ddl] [ver=53] [checkAssumedSvr=false] ["take time"=2.161458ms] [job="ID:107, Type:create table, State:done, SchemaState:public, SchemaID:1, TableID:106, RowCount:0, ArgLen:1, start time: 2026-07-13 01:03:51.262 +0800 CST, Err:<nil>, ErrCount:0, SnapshotVersion:0, Version: v2"] [summary="server count: 1"]
[2026/07/13 01:03:51.265 +08:00] [WARN] [global_controller.go:819] ["[resource group controller] resource group name does not exist"] [name=default]
[2026/07/13 01:03:51.265 +08:00] [WARN] [global_controller.go:819] ["[resource group controller] resource group name does not exist"] [name=default]
[2026/07/13 01:03:51.265 +08:00] [WARN] [global_controller.go:819] ["[resource group controller] resource group name does not exist"] [name=default]
[2026/07/13 01:03:51.265 +08:00] [WARN] [global_controller.go:819] ["[resource group controller] resource group name does not exist"] [name=default]
[2026/07/13 01:03:51.266 +08:00] [WARN] [global_controller.go:819] ["[resource group controller] resource group name does not exist"] [name=default]
[2026/07/13 01:03:51.266 +08:00] [INFO] [job_worker.go:447] ["finish DDL job"] [category=ddl] [jobID=107] [job="ID:107, Type:create table, State:synced, SchemaState:public, SchemaID:1, TableID:106, RowCount:0, ArgLen:0, start time: 2026-07-13 01:03:51.262 +0800 CST, Err:<nil>, ErrCount:0, SnapshotVersion:0, Version: v2"]
[2026/07/13 01:03:51.266 +08:00] [WARN] [global_controller.go:819] ["[resource group controller] resource group name does not exist"] [name=default]
[2026/07/13 01:03:51.266 +08:00] [WARN] [global_controller.go:819] ["[resource group controller] resource group name does not exist"] [name=default]
[2026/07/13 01:03:51.266 +08:00] [WARN] [global_controller.go:819] ["[resource group controller] resource group name does not exist"] [name=default]
[2026/07/13 01:03:51.266 +08:00] [INFO] [executor.go:7380] ["DDL job is finished"] [category=ddl] [jobID=107]
[2026/07/13 01:03:51.266 +08:00] [INFO] [session.go:5104] ["CRUCIAL OPERATION"] [conn=0] [schemaVersion=53] [cur_db=mysql] [sql="CREATE TABLE IF NOT EXISTS mysql.tidb_workload_values (\n\t\tid bigint(20) NOT NULL AUTO_INCREMENT PRIMARY KEY,\n\t\tversion bigint(20) NOT NULL,\n\t\tcategory varchar(64) NOT NULL,\n\t\ttype varchar(64) NOT NULL,\n\t\ttable_id bigint(20) NOT NULL,\n\t\tvalue json NOT NULL,\n\t\tindex idx_version_category_type (version, category, type),\n\t\tindex idx_table_id (table_id));"] [user=]
[2026/07/13 01:03:51.266 +08:00] [WARN] [global_controller.go:819] ["[resource group controller] resource group name does not exist"] [name=default]
[2026/07/13 01:03:51.266 +08:00] [INFO] [executor.go:7545] ["system variable tidb_scatter_region not found, use default value"] [category=ddl]
[2026/07/13 01:03:51.267 +08:00] [WARN] [global_controller.go:819] ["[resource group controller] resource group name does not exist"] [name=default]
[2026/07/13 01:03:51.267 +08:00] [WARN] [global_controller.go:819] ["[resource group controller] resource group name does not exist"] [name=default]
[2026/07/13 01:03:51.267 +08:00] [INFO] [job_submitter.go:118] ["add DDL jobs"] [category=ddl] ["batch count"=1] [jobs="ID:109, Type:create table, State:queueing, SchemaState:none, SchemaID:1, TableID:108, RowCount:0, ArgLen:1, start time: 2026-07-13 01:03:51.267 +0800 CST, Err:<nil>, ErrCount:0, SnapshotVersion:0, Version: v2; "] [fast_create=true]
[2026/07/13 01:03:51.267 +08:00] [INFO] [executor.go:7260] ["DDL job submitted"] [category=ddl] [job="ID:109, Type:create table, State:queueing, SchemaState:none, SchemaID:1, TableID:108, RowCount:0, ArgLen:1, start time: 2026-07-13 01:03:51.267 +0800 CST, Err:<nil>, ErrCount:0, SnapshotVersion:0, Version: v2"] [query="CREATE TABLE IF NOT EXISTS mysql.tidb_masking_policy (\n\t\tpolicy_id BIGINT(64) NOT NULL AUTO_INCREMENT,\n\t\tpolicy_name VARCHAR(64) NOT NULL,\n\t\tdb_name VARCHAR(64) NOT NULL,\n\t\ttable_name VARCHAR(64) NOT NULL,\n\t\ttable_id BIGINT(64) NOT NULL,\n\t\tcolumn_name VARCHAR(64) NOT NULL,\n\t\tcolumn_id BIGINT(64) NOT NULL,\n\t\texpression TEXT NOT NULL,\n\t\tstatus VARCHAR(16) NOT NULL,\n\t\tmasking_type VARCHAR(32) NOT NULL,\n\t\trestrict_on VARCHAR(256) NOT NULL DEFAULT 'NONE',\n\t\tcreated_at DATETIME(6) NOT NULL,\n\t\tupdated_at DATETIME(6) NOT NULL,\n\t\tcreated_by VARCHAR(288) NOT NULL DEFAULT '',\n\t\tPRIMARY KEY(policy_id),\n\t\tUNIQUE KEY uk_table_policy(table_id, policy_name),\n\t\tUNIQUE KEY uk_table_column(table_id, column_id)\n\t\t);"]
[2026/07/13 01:03:51.268 +08:00] [WARN] [global_controller.go:819] ["[resource group controller] resource group name does not exist"] [name=default]
[2026/07/13 01:03:51.268 +08:00] [WARN] [global_controller.go:819] ["[resource group controller] resource group name does not exist"] [name=default]
[2026/07/13 01:03:51.268 +08:00] [INFO] [job_worker.go:854] ["run one job step"] [category=ddl] [jobID=109] [job="ID:109, Type:create table, State:queueing, SchemaState:none, SchemaID:1, TableID:108, RowCount:0, ArgLen:0, start time: 2026-07-13 01:03:51.267 +0800 CST, Err:<nil>, ErrCount:0, SnapshotVersion:0, Version: v2"]
[2026/07/13 01:03:51.268 +08:00] [WARN] [global_controller.go:819] ["[resource group controller] resource group name does not exist"] [name=default]
[2026/07/13 01:03:51.268 +08:00] [WARN] [global_controller.go:819] ["[resource group controller] resource group name does not exist"] [name=default]
[2026/07/13 01:03:51.268 +08:00] [WARN] [global_controller.go:819] ["[resource group controller] resource group name does not exist"] [name=default]
[2026/07/13 01:03:51.269 +08:00] [INFO] [loader.go:216] ["diff load InfoSchema success"] [mode=auto] [isV2=true] [currVer=53] [neededVer=54] [gotVer=54] ["elapsed time"=117.5µs] [phyTblIDs="[108]"] [actionTypes="[3]"] [diffTypes="[\"create table\"]"]
[2026/07/13 01:03:51.269 +08:00] [INFO] [syncer.go:258] ["session manager is nil"]
[2026/07/13 01:03:51.269 +08:00] [INFO] [syncer.go:281] ["mdl gets lock, update self version to owner"] [jobID=109] [version=54]
[2026/07/13 01:03:51.271 +08:00] [INFO] [schema_version.go:397] ["wait schema version synced success"] [category=ddl] [ver=54] [checkAssumedSvr=false] ["take time"=2.098042ms] [job="ID:109, Type:create table, State:done, SchemaState:public, SchemaID:1, TableID:108, RowCount:0, ArgLen:1, start time: 2026-07-13 01:03:51.267 +0800 CST, Err:<nil>, ErrCount:0, SnapshotVersion:0, Version: v2"] [summary="server count: 1"]
[2026/07/13 01:03:51.271 +08:00] [WARN] [global_controller.go:819] ["[resource group controller] resource group name does not exist"] [name=default]
[2026/07/13 01:03:51.271 +08:00] [WARN] [global_controller.go:819] ["[resource group controller] resource group name does not exist"] [name=default]
[2026/07/13 01:03:51.271 +08:00] [WARN] [global_controller.go:819] ["[resource group controller] resource group name does not exist"] [name=default]
[2026/07/13 01:03:51.271 +08:00] [WARN] [global_controller.go:819] ["[resource group controller] resource group name does not exist"] [name=default]
[2026/07/13 01:03:51.271 +08:00] [WARN] [global_controller.go:819] ["[resource group controller] resource group name does not exist"] [name=default]
[2026/07/13 01:03:51.271 +08:00] [INFO] [job_worker.go:447] ["finish DDL job"] [category=ddl] [jobID=109] [job="ID:109, Type:create table, State:synced, SchemaState:public, SchemaID:1, TableID:108, RowCount:0, ArgLen:0, start time: 2026-07-13 01:03:51.267 +0800 CST, Err:<nil>, ErrCount:0, SnapshotVersion:0, Version: v2"]
[2026/07/13 01:03:51.271 +08:00] [WARN] [global_controller.go:819] ["[resource group controller] resource group name does not exist"] [name=default]
[2026/07/13 01:03:51.272 +08:00] [WARN] [global_controller.go:819] ["[resource group controller] resource group name does not exist"] [name=default]
[2026/07/13 01:03:51.272 +08:00] [WARN] [global_controller.go:819] ["[resource group controller] resource group name does not exist"] [name=default]
[2026/07/13 01:03:51.272 +08:00] [INFO] [executor.go:7380] ["DDL job is finished"] [category=ddl] [jobID=109]
[2026/07/13 01:03:51.272 +08:00] [INFO] [session.go:5104] ["CRUCIAL OPERATION"] [conn=0] [schemaVersion=54] [cur_db=mysql] [sql="CREATE TABLE IF NOT EXISTS mysql.tidb_masking_policy (\n\t\tpolicy_id BIGINT(64) NOT NULL AUTO_INCREMENT,\n\t\tpolicy_name VARCHAR(64) NOT NULL,\n\t\tdb_name VARCHAR(64) NOT NULL,\n\t\ttable_name VARCHAR(64) NOT NULL,\n\t\ttable_id BIGINT(64) NOT NULL,\n\t\tcolumn_name VARCHAR(64) NOT NULL,\n\t\tcolumn_id BIGINT(64) NOT NULL,\n\t\texpression TEXT NOT NULL,\n\t\tstatus VARCHAR(16) NOT NULL,\n\t\tmasking_type VARCHAR(32) NOT NULL,\n\t\trestrict_on VARCHAR(256) NOT NULL DEFAULT 'NONE',\n\t\tcreated_at DATETIME(6) NOT NULL,\n\t\tupdated_at DATETIME(6) NOT NULL,\n\t\tcreated_by VARCHAR(288) NOT NULL DEFAULT '',\n\t\tPRIMARY KEY(policy_id),\n\t\tUNIQUE KEY uk_table_policy(table_id, policy_name),\n\t\tUNIQUE KEY uk_table_column(table_id, column_id)\n\t\t);"] [user=]
[2026/07/13 01:03:51.272 +08:00] [WARN] [global_controller.go:819] ["[resource group controller] resource group name does not exist"] [name=default]
[2026/07/13 01:03:51.273 +08:00] [INFO] [executor.go:7545] ["system variable tidb_scatter_region not found, use default value"] [category=ddl]
[2026/07/13 01:03:51.273 +08:00] [WARN] [global_controller.go:819] ["[resource group controller] resource group name does not exist"] [name=default]
[2026/07/13 01:03:51.273 +08:00] [WARN] [global_controller.go:819] ["[resource group controller] resource group name does not exist"] [name=default]
[2026/07/13 01:03:51.273 +08:00] [INFO] [job_submitter.go:118] ["add DDL jobs"] [category=ddl] ["batch count"=1] [jobs="ID:111, Type:create view, State:queueing, SchemaState:none, SchemaID:1, TableID:110, RowCount:0, ArgLen:1, start time: 2026-07-13 01:03:51.273 +0800 CST, Err:<nil>, ErrCount:0, SnapshotVersion:0, Version: v2; "] [fast_create=true]
[2026/07/13 01:03:51.273 +08:00] [INFO] [executor.go:7260] ["DDL job submitted"] [category=ddl] [job="ID:111, Type:create view, State:queueing, SchemaState:none, SchemaID:1, TableID:110, RowCount:0, ArgLen:1, start time: 2026-07-13 01:03:51.273 +0800 CST, Err:<nil>, ErrCount:0, SnapshotVersion:0, Version: v2"] [query="CREATE OR REPLACE SQL SECURITY INVOKER VIEW mysql.tidb_mdl_view as (\n\t\tSELECT tidb_mdl_info.job_id,\n\t\t\tJSON_UNQUOTE(JSON_EXTRACT(cast(cast(job_meta as char) as json), \"$.schema_name\")) as db_name,\n\t\t\tJSON_UNQUOTE(JSON_EXTRACT(cast(cast(job_meta as char) as json), \"$.table_name\")) as table_name,\n\t\t\tJSON_UNQUOTE(JSON_EXTRACT(cast(cast(job_meta as char) as json), \"$.query\")) as query,\n\t\t\tsession_id,\n\t\t\tcluster_tidb_trx.start_time,\n\t\t\ttidb_decode_sql_digests(all_sql_digests, 4096) AS SQL_DIGESTS\n\t\tFROM mysql.tidb_ddl_job,\n\t\t\tmysql.tidb_mdl_info,\n\t\t\tinformation_schema.cluster_tidb_trx\n\t\tWHERE tidb_ddl_job.job_id=tidb_mdl_info.job_id\n\t\t\tAND CONCAT(',', tidb_mdl_info.table_ids, ',') REGEXP CONCAT(',(', REPLACE(cluster_tidb_trx.related_table_ids, ',', '|'), '),') != 0\n\t);"]
[2026/07/13 01:03:51.274 +08:00] [WARN] [global_controller.go:819] ["[resource group controller] resource group name does not exist"] [name=default]
[2026/07/13 01:03:51.274 +08:00] [WARN] [global_controller.go:819] ["[resource group controller] resource group name does not exist"] [name=default]
[2026/07/13 01:03:51.274 +08:00] [INFO] [job_worker.go:854] ["run one job step"] [category=ddl] [jobID=111] [job="ID:111, Type:create view, State:queueing, SchemaState:none, SchemaID:1, TableID:110, RowCount:0, ArgLen:0, start time: 2026-07-13 01:03:51.273 +0800 CST, Err:<nil>, ErrCount:0, SnapshotVersion:0, Version: v2"]
[2026/07/13 01:03:51.274 +08:00] [WARN] [global_controller.go:819] ["[resource group controller] resource group name does not exist"] [name=default]
[2026/07/13 01:03:51.274 +08:00] [WARN] [global_controller.go:819] ["[resource group controller] resource group name does not exist"] [name=default]
[2026/07/13 01:03:51.274 +08:00] [WARN] [global_controller.go:819] ["[resource group controller] resource group name does not exist"] [name=default]
[2026/07/13 01:03:51.274 +08:00] [INFO] [loader.go:216] ["diff load InfoSchema success"] [mode=auto] [isV2=true] [currVer=54] [neededVer=55] [gotVer=55] ["elapsed time"=77.583µs] [phyTblIDs="[110]"] [actionTypes="[21]"] [diffTypes="[\"create view\"]"]
[2026/07/13 01:03:51.275 +08:00] [INFO] [syncer.go:258] ["session manager is nil"]
[2026/07/13 01:03:51.275 +08:00] [INFO] [syncer.go:281] ["mdl gets lock, update self version to owner"] [jobID=111] [version=55]
[2026/07/13 01:03:51.276 +08:00] [INFO] [schema_version.go:397] ["wait schema version synced success"] [category=ddl] [ver=55] [checkAssumedSvr=false] ["take time"=2.061209ms] [job="ID:111, Type:create view, State:done, SchemaState:public, SchemaID:1, TableID:110, RowCount:0, ArgLen:1, start time: 2026-07-13 01:03:51.273 +0800 CST, Err:<nil>, ErrCount:0, SnapshotVersion:0, Version: v2"] [summary="server count: 1"]
[2026/07/13 01:03:51.277 +08:00] [WARN] [global_controller.go:819] ["[resource group controller] resource group name does not exist"] [name=default]
[2026/07/13 01:03:51.277 +08:00] [WARN] [global_controller.go:819] ["[resource group controller] resource group name does not exist"] [name=default]
[2026/07/13 01:03:51.277 +08:00] [WARN] [global_controller.go:819] ["[resource group controller] resource group name does not exist"] [name=default]
[2026/07/13 01:03:51.277 +08:00] [WARN] [global_controller.go:819] ["[resource group controller] resource group name does not exist"] [name=default]
[2026/07/13 01:03:51.277 +08:00] [WARN] [global_controller.go:819] ["[resource group controller] resource group name does not exist"] [name=default]
[2026/07/13 01:03:51.277 +08:00] [INFO] [job_worker.go:447] ["finish DDL job"] [category=ddl] [jobID=111] [job="ID:111, Type:create view, State:synced, SchemaState:public, SchemaID:1, TableID:110, RowCount:0, ArgLen:0, start time: 2026-07-13 01:03:51.273 +0800 CST, Err:<nil>, ErrCount:0, SnapshotVersion:0, Version: v2"]
[2026/07/13 01:03:51.277 +08:00] [WARN] [global_controller.go:819] ["[resource group controller] resource group name does not exist"] [name=default]
[2026/07/13 01:03:51.277 +08:00] [WARN] [global_controller.go:819] ["[resource group controller] resource group name does not exist"] [name=default]
[2026/07/13 01:03:51.277 +08:00] [WARN] [global_controller.go:819] ["[resource group controller] resource group name does not exist"] [name=default]
[2026/07/13 01:03:51.277 +08:00] [INFO] [executor.go:7380] ["DDL job is finished"] [category=ddl] [jobID=111]
[2026/07/13 01:03:51.278 +08:00] [WARN] [global_controller.go:819] ["[resource group controller] resource group name does not exist"] [name=default]
[2026/07/13 01:03:51.278 +08:00] [INFO] [executor.go:7545] ["system variable tidb_scatter_region not found, use default value"] [category=ddl]
[2026/07/13 01:03:51.278 +08:00] [WARN] [global_controller.go:819] ["[resource group controller] resource group name does not exist"] [name=default]
[2026/07/13 01:03:51.278 +08:00] [WARN] [global_controller.go:819] ["[resource group controller] resource group name does not exist"] [name=default]
[2026/07/13 01:03:51.278 +08:00] [INFO] [job_submitter.go:118] ["add DDL jobs"] [category=ddl] ["batch count"=1] [jobs="ID:113, Type:create view, State:queueing, SchemaState:none, SchemaID:2, TableID:112, RowCount:0, ArgLen:1, start time: 2026-07-13 01:03:51.278 +0800 CST, Err:<nil>, ErrCount:0, SnapshotVersion:0, Version: v2; "] [fast_create=true]
[2026/07/13 01:03:51.278 +08:00] [INFO] [executor.go:7260] ["DDL job submitted"] [category=ddl] [job="ID:113, Type:create view, State:queueing, SchemaState:none, SchemaID:2, TableID:112, RowCount:0, ArgLen:1, start time: 2026-07-13 01:03:51.278 +0800 CST, Err:<nil>, ErrCount:0, SnapshotVersion:0, Version: v2"] [query="CREATE OR REPLACE VIEW sys.schema_unused_indexes AS\n\t\tSELECT\n\t\t\ttable_schema as object_schema,\n\t\t\ttable_name as object_name,\n\t\t\tindex_name\n\t\tFROM information_schema.cluster_tidb_index_usage\n\t\tWHERE\n\t\t\ttable_schema not in ('sys', 'mysql', 'INFORMATION_SCHEMA', 'PERFORMANCE_SCHEMA') and\n\t\t\tindex_name != 'PRIMARY'\n\t\tGROUP BY table_schema, table_name, index_name\n\t\tHAVING\n\t\t\tsum(last_access_time) is null;"]
[2026/07/13 01:03:51.278 +08:00] [WARN] [global_controller.go:819] ["[resource group controller] resource group name does not exist"] [name=default]
[2026/07/13 01:03:51.278 +08:00] [WARN] [global_controller.go:819] ["[resource group controller] resource group name does not exist"] [name=default]
[2026/07/13 01:03:51.278 +08:00] [INFO] [job_worker.go:854] ["run one job step"] [category=ddl] [jobID=113] [job="ID:113, Type:create view, State:queueing, SchemaState:none, SchemaID:2, TableID:112, RowCount:0, ArgLen:0, start time: 2026-07-13 01:03:51.278 +0800 CST, Err:<nil>, ErrCount:0, SnapshotVersion:0, Version: v2"]
[2026/07/13 01:03:51.279 +08:00] [WARN] [global_controller.go:819] ["[resource group controller] resource group name does not exist"] [name=default]
[2026/07/13 01:03:51.279 +08:00] [WARN] [global_controller.go:819] ["[resource group controller] resource group name does not exist"] [name=default]
[2026/07/13 01:03:51.279 +08:00] [WARN] [global_controller.go:819] ["[resource group controller] resource group name does not exist"] [name=default]
[2026/07/13 01:03:51.279 +08:00] [INFO] [loader.go:216] ["diff load InfoSchema success"] [mode=auto] [isV2=true] [currVer=55] [neededVer=56] [gotVer=56] ["elapsed time"=47.584µs] [phyTblIDs="[112]"] [actionTypes="[21]"] [diffTypes="[\"create view\"]"]
[2026/07/13 01:03:51.279 +08:00] [INFO] [syncer.go:258] ["session manager is nil"]
[2026/07/13 01:03:51.279 +08:00] [INFO] [syncer.go:281] ["mdl gets lock, update self version to owner"] [jobID=113] [version=56]
[2026/07/13 01:03:51.281 +08:00] [INFO] [schema_version.go:397] ["wait schema version synced success"] [category=ddl] [ver=56] [checkAssumedSvr=false] ["take time"=2.153375ms] [job="ID:113, Type:create view, State:done, SchemaState:public, SchemaID:2, TableID:112, RowCount:0, ArgLen:1, start time: 2026-07-13 01:03:51.278 +0800 CST, Err:<nil>, ErrCount:0, SnapshotVersion:0, Version: v2"] [summary="server count: 1"]
[2026/07/13 01:03:51.281 +08:00] [WARN] [global_controller.go:819] ["[resource group controller] resource group name does not exist"] [name=default]
[2026/07/13 01:03:51.281 +08:00] [WARN] [global_controller.go:819] ["[resource group controller] resource group name does not exist"] [name=default]
[2026/07/13 01:03:51.281 +08:00] [WARN] [global_controller.go:819] ["[resource group controller] resource group name does not exist"] [name=default]
[2026/07/13 01:03:51.281 +08:00] [WARN] [global_controller.go:819] ["[resource group controller] resource group name does not exist"] [name=default]
[2026/07/13 01:03:51.281 +08:00] [WARN] [global_controller.go:819] ["[resource group controller] resource group name does not exist"] [name=default]
[2026/07/13 01:03:51.281 +08:00] [INFO] [job_worker.go:447] ["finish DDL job"] [category=ddl] [jobID=113] [job="ID:113, Type:create view, State:synced, SchemaState:public, SchemaID:2, TableID:112, RowCount:0, ArgLen:0, start time: 2026-07-13 01:03:51.278 +0800 CST, Err:<nil>, ErrCount:0, SnapshotVersion:0, Version: v2"]
[2026/07/13 01:03:51.282 +08:00] [WARN] [global_controller.go:819] ["[resource group controller] resource group name does not exist"] [name=default]
[2026/07/13 01:03:51.282 +08:00] [WARN] [global_controller.go:819] ["[resource group controller] resource group name does not exist"] [name=default]
[2026/07/13 01:03:51.282 +08:00] [WARN] [global_controller.go:819] ["[resource group controller] resource group name does not exist"] [name=default]
[2026/07/13 01:03:51.282 +08:00] [INFO] [executor.go:7380] ["DDL job is finished"] [category=ddl] [jobID=113]
[2026/07/13 01:03:51.282 +08:00] [WARN] [global_controller.go:819] ["[resource group controller] resource group name does not exist"] [name=default]
[2026/07/13 01:03:51.282 +08:00] [WARN] [global_controller.go:819] ["[resource group controller] resource group name does not exist"] [name=default]
[2026/07/13 01:03:51.282 +08:00] [WARN] [global_controller.go:819] ["[resource group controller] resource group name does not exist"] [name=default]
[2026/07/13 01:03:51.282 +08:00] [INFO] [job_submitter.go:118] ["add DDL jobs"] [category=ddl] ["batch count"=1] [jobs="ID:115, Type:create schema, State:queueing, SchemaState:none, SchemaID:114, TableID:0, RowCount:0, ArgLen:1, start time: 2026-07-13 01:03:51.282 +0800 CST, Err:<nil>, ErrCount:0, SnapshotVersion:0, Version: v2; "] [fast_create=true]
[2026/07/13 01:03:51.282 +08:00] [INFO] [executor.go:7260] ["DDL job submitted"] [category=ddl] [job="ID:115, Type:create schema, State:queueing, SchemaState:none, SchemaID:114, TableID:0, RowCount:0, ArgLen:1, start time: 2026-07-13 01:03:51.282 +0800 CST, Err:<nil>, ErrCount:0, SnapshotVersion:0, Version: v2"] [query="CREATE DATABASE IF NOT EXISTS test"]
[2026/07/13 01:03:51.283 +08:00] [WARN] [global_controller.go:819] ["[resource group controller] resource group name does not exist"] [name=default]
[2026/07/13 01:03:51.283 +08:00] [WARN] [global_controller.go:819] ["[resource group controller] resource group name does not exist"] [name=default]
[2026/07/13 01:03:51.283 +08:00] [INFO] [job_worker.go:854] ["run one job step"] [category=ddl] [jobID=115] [job="ID:115, Type:create schema, State:queueing, SchemaState:none, SchemaID:114, TableID:0, RowCount:0, ArgLen:0, start time: 2026-07-13 01:03:51.282 +0800 CST, Err:<nil>, ErrCount:0, SnapshotVersion:0, Version: v2"]
[2026/07/13 01:03:51.283 +08:00] [WARN] [global_controller.go:819] ["[resource group controller] resource group name does not exist"] [name=default]
[2026/07/13 01:03:51.283 +08:00] [WARN] [global_controller.go:819] ["[resource group controller] resource group name does not exist"] [name=default]
[2026/07/13 01:03:51.283 +08:00] [WARN] [global_controller.go:819] ["[resource group controller] resource group name does not exist"] [name=default]
[2026/07/13 01:03:51.283 +08:00] [INFO] [loader.go:216] ["diff load InfoSchema success"] [mode=auto] [isV2=true] [currVer=56] [neededVer=57] [gotVer=57] ["elapsed time"=14.75µs] [phyTblIDs="[]"] [actionTypes="[]"] [diffTypes="[\"create schema\"]"]
[2026/07/13 01:03:51.283 +08:00] [INFO] [syncer.go:258] ["session manager is nil"]
[2026/07/13 01:03:51.283 +08:00] [INFO] [syncer.go:281] ["mdl gets lock, update self version to owner"] [jobID=115] [version=57]
[2026/07/13 01:03:51.284 +08:00] [WARN] [global_controller.go:819] ["[resource group controller] resource group name does not exist"] [name=default]
[2026/07/13 01:03:51.285 +08:00] [INFO] [schema_version.go:397] ["wait schema version synced success"] [category=ddl] [ver=57] [checkAssumedSvr=false] ["take time"=2.166875ms] [job="ID:115, Type:create schema, State:done, SchemaState:public, SchemaID:114, TableID:0, RowCount:0, ArgLen:1, start time: 2026-07-13 01:03:51.282 +0800 CST, Err:<nil>, ErrCount:0, SnapshotVersion:0, Version: v2"] [summary="server count: 1"]
[2026/07/13 01:03:51.285 +08:00] [WARN] [global_controller.go:819] ["[resource group controller] resource group name does not exist"] [name=default]
[2026/07/13 01:03:51.285 +08:00] [WARN] [global_controller.go:819] ["[resource group controller] resource group name does not exist"] [name=default]
[2026/07/13 01:03:51.286 +08:00] [WARN] [global_controller.go:819] ["[resource group controller] resource group name does not exist"] [name=default]
[2026/07/13 01:03:51.286 +08:00] [WARN] [global_controller.go:819] ["[resource group controller] resource group name does not exist"] [name=default]
[2026/07/13 01:03:51.286 +08:00] [WARN] [global_controller.go:819] ["[resource group controller] resource group name does not exist"] [name=default]
[2026/07/13 01:03:51.286 +08:00] [INFO] [job_worker.go:447] ["finish DDL job"] [category=ddl] [jobID=115] [job="ID:115, Type:create schema, State:synced, SchemaState:public, SchemaID:114, TableID:0, RowCount:0, ArgLen:0, start time: 2026-07-13 01:03:51.282 +0800 CST, Err:<nil>, ErrCount:0, SnapshotVersion:0, Version: v2"]
[2026/07/13 01:03:51.286 +08:00] [WARN] [global_controller.go:819] ["[resource group controller] resource group name does not exist"] [name=default]
[2026/07/13 01:03:51.286 +08:00] [WARN] [global_controller.go:819] ["[resource group controller] resource group name does not exist"] [name=default]
[2026/07/13 01:03:51.286 +08:00] [INFO] [executor.go:7380] ["DDL job is finished"] [category=ddl] [jobID=115]
[2026/07/13 01:03:51.286 +08:00] [INFO] [session.go:5104] ["CRUCIAL OPERATION"] [conn=0] [schemaVersion=57] [cur_db=mysql] [sql="CREATE DATABASE IF NOT EXISTS test"] [user=]
[2026/07/13 01:03:51.286 +08:00] [WARN] [global_controller.go:819] ["[resource group controller] resource group name does not exist"] [name=default]
[2026/07/13 01:03:51.286 +08:00] [WARN] [global_controller.go:819] ["[resource group controller] resource group name does not exist"] [name=default]
[2026/07/13 01:03:51.291 +08:00] [INFO] [bootstrap.go:90] ["bootstrap successful"] ["take time"=307.850625ms]
[2026/07/13 01:03:51.291 +08:00] [INFO] [job_scheduler.go:268] ["scheduleLoop quit due to context canceled"] [category=ddl]
[2026/07/13 01:03:51.291 +08:00] [INFO] [mock.go:100] ["owner manager retire owner"] [ownerKey=/tidb/ddl/fg/owner] [ID=e3af3c3a-8d35-4b30-9bdc-51e66c267432]
[2026/07/13 01:03:51.291 +08:00] [INFO] [ddl_workerpool.go:78] ["closing workerPool"] [category=ddl]
[2026/07/13 01:03:51.291 +08:00] [INFO] [ddl_workerpool.go:78] ["closing workerPool"] [category=ddl]
[2026/07/13 01:03:51.291 +08:00] [INFO] [job_worker.go:267] ["DDL worker closed"] [category=ddl] [worker="worker 8, tp general"] ["take time"=2.5µs]
[2026/07/13 01:03:51.291 +08:00] [INFO] [job_worker.go:267] ["DDL worker closed"] [category=ddl] [worker="worker 9, tp general"] ["take time"=1.5µs]
[2026/07/13 01:03:51.291 +08:00] [INFO] [job_worker.go:267] ["DDL worker closed"] [category=ddl] [worker="worker 10, tp general"] ["take time"=1.291µs]
[2026/07/13 01:03:51.291 +08:00] [INFO] [job_worker.go:267] ["DDL worker closed"] [category=ddl] [worker="worker 1, tp general"] ["take time"=12.041µs]
[2026/07/13 01:03:51.291 +08:00] [INFO] [job_worker.go:267] ["DDL worker closed"] [category=ddl] [worker="worker 2, tp general"] ["take time"=2.25µs]
[2026/07/13 01:03:51.291 +08:00] [INFO] [job_worker.go:267] ["DDL worker closed"] [category=ddl] [worker="worker 3, tp general"] ["take time"=1.625µs]
[2026/07/13 01:03:51.292 +08:00] [INFO] [job_worker.go:267] ["DDL worker closed"] [category=ddl] [worker="worker 4, tp general"] ["take time"=1.375µs]
[2026/07/13 01:03:51.292 +08:00] [INFO] [job_worker.go:267] ["DDL worker closed"] [category=ddl] [worker="worker 5, tp general"] ["take time"=1.583µs]
[2026/07/13 01:03:51.292 +08:00] [INFO] [job_worker.go:267] ["DDL worker closed"] [category=ddl] [worker="worker 6, tp general"] ["take time"=3.458µs]
[2026/07/13 01:03:51.292 +08:00] [INFO] [job_worker.go:267] ["DDL worker closed"] [category=ddl] [worker="worker 7, tp general"] ["take time"=1.709µs]
[2026/07/13 01:03:51.292 +08:00] [INFO] [mock.go:112] ["owner manager is canceled"] [ownerKey=/tidb/ddl/fg/owner] [ID=e3af3c3a-8d35-4b30-9bdc-51e66c267432]
[2026/07/13 01:03:51.292 +08:00] [INFO] [delete_range.go:162] ["closing delRange"] [category=ddl]
[2026/07/13 01:03:51.292 +08:00] [INFO] [session_pool.go:133] ["closing session pool"] [category=ddl]
[2026/07/13 01:03:51.292 +08:00] [INFO] [ddl.go:1159] ["DDL closed"] [category=ddl] [ID=e3af3c3a-8d35-4b30-9bdc-51e66c267432] ["take time"=782.208µs]
[2026/07/13 01:03:51.292 +08:00] [INFO] [ddl.go:850] ["stop DDL"] [category=ddl] [ID=e3af3c3a-8d35-4b30-9bdc-51e66c267432]
[2026/07/13 01:03:51.292 +08:00] [INFO] [domain.go:390] ["topNSlowQueryLoop exited."]
[2026/07/13 01:03:51.292 +08:00] [INFO] [wait_group_wrapper.go:150] ["background process exited"] [source=domain] [process=topNSlowQueryLoop]
[2026/07/13 01:03:51.292 +08:00] [INFO] [domain.go:978] ["closestReplicaReadCheckLoop exited."]
[2026/07/13 01:03:51.292 +08:00] [INFO] [wait_group_wrapper.go:150] ["background process exited"] [source=domain] [process=closestReplicaReadCheckLoop]
[2026/07/13 01:03:51.292 +08:00] [INFO] [manager.go:241] ["runaway watch sync loop exit"]
[2026/07/13 01:03:51.292 +08:00] [INFO] [wait_group_wrapper.go:150] ["background process exited"] [source=domain] [process=runawayWatchSyncLoop]
[2026/07/13 01:03:51.292 +08:00] [INFO] [wait_group_wrapper.go:150] ["background process exited"] [source=domain] [process=mdlCheckLoop]
[2026/07/13 01:03:51.292 +08:00] [INFO] [syncer.go:245] ["server info sync loop exited."]
[2026/07/13 01:03:51.292 +08:00] [INFO] [syncer.go:379] ["topology sync loop exited."]
[2026/07/13 01:03:51.292 +08:00] [INFO] [syncer.go:304] ["info schema sync loop exited."]
[2026/07/13 01:03:51.292 +08:00] [INFO] [wait_group_wrapper.go:150] ["background process exited"] [source=domain] [process=loadSchemaInLoop]
[2026/07/13 01:03:51.292 +08:00] [INFO] [wait_group_wrapper.go:150] ["background process exited"] [source=domain] [process=topologySyncerKeeper]
[2026/07/13 01:03:51.292 +08:00] [INFO] [wait_group_wrapper.go:150] ["background process exited"] [source=domain] [process=infoSyncerKeeper]
[2026/07/13 01:03:51.292 +08:00] [INFO] [domain.go:418] ["globalConfigSyncerKeeper exited."]
[2026/07/13 01:03:51.292 +08:00] [INFO] [wait_group_wrapper.go:150] ["background process exited"] [source=domain] [process=globalConfigSyncerKeeper]
[2026/07/13 01:03:51.292 +08:00] [INFO] [flusher.go:89] ["flushing remaining records before stop"] [name=runaway-record]
[2026/07/13 01:03:51.292 +08:00] [INFO] [flusher.go:91] ["stopped flusher"] [name=runaway-record]
[2026/07/13 01:03:51.292 +08:00] [INFO] [flusher.go:89] ["flushing remaining records before stop"] [name=quarantine-record]
[2026/07/13 01:03:51.292 +08:00] [INFO] [flusher.go:91] ["stopped flusher"] [name=quarantine-record]
[2026/07/13 01:03:51.292 +08:00] [INFO] [flusher.go:89] ["flushing remaining records before stop"] [name=stale-quarantine-record]
[2026/07/13 01:03:51.292 +08:00] [INFO] [flusher.go:91] ["stopped flusher"] [name=stale-quarantine-record]
[2026/07/13 01:03:51.292 +08:00] [INFO] [manager.go:205] ["runaway record flush loop exit"]
[2026/07/13 01:03:51.292 +08:00] [INFO] [wait_group_wrapper.go:150] ["background process exited"] [source=domain] [process=runawayRecordFlushLoop]
[2026/07/13 01:03:51.292 +08:00] [INFO] [domain.go:549] ["domain closed"] ["take time"=900.542µs]
[2026/07/13 01:03:51.292 +08:00] [INFO] [session.go:4595] ["bootstrap cluster finished"] [bootMode=bootstrap] [cost=316.062958ms]
[2026/07/13 01:03:51.292 +08:00] [INFO] [tidb.go:103] ["new domain"] [store=01d04ff0-7dbe-4a24-9449-e9ab907caf50] ["ddl lease"=500ms] ["stats lease"=-1ns]
[2026/07/13 01:03:51.293 +08:00] [WARN] [global_controller.go:237] ["[resource group controller] server does not save config, load config failed"]
[2026/07/13 01:03:51.293 +08:00] [INFO] [global_controller.go:219] ["load resource controller config"] [config="{\"degraded-mode-wait-duration\":\"0s\",\"ltb-max-wait-duration\":\"30s\",\"ltb-token-rpc-max-delay\":\"1s\",\"request-unit\":{\"read-base-cost\":0.125,\"read-per-batch-base-cost\":0.5,\"read-cost-per-byte\":0.0000152587890625,\"write-base-cost\":1,\"write-per-batch-base-cost\":1,\"write-cost-per-byte\":0.0009765625,\"read-cpu-ms-cost\":0.3333333333333333},\"enable-controller-trace-log\":\"false\",\"token-rpc-params\":{\"wait-retry-interval\":\"50ms\",\"wait-retry-times\":20}}"] [ru-config="{\"ReadBaseCost\":0.125,\"ReadPerBatchBaseCost\":0.5,\"ReadBytesCost\":0.0000152587890625,\"WriteBaseCost\":1,\"WritePerBatchBaseCost\":1,\"WriteBytesCost\":0.0009765625,\"CPUMsCost\":0.3333333333333333,\"LTBMaxWaitDuration\":30000000000,\"WaitRetryInterval\":50000000,\"WaitRetryTimes\":20,\"DegradedModeWaitDuration\":0}"] [keyspace-id=4294967295]
[2026/07/13 01:03:51.297 +08:00] [INFO] [loader.go:281] ["full load InfoSchema success"] [mode=auto] [isV2=true] [currentSchemaVersion=0] [neededSchemaVersion=57] ["elapsed time"=3.724042ms]
[2026/07/13 01:03:51.297 +08:00] [INFO] [syncer.go:456] ["full load and reset schema validator"]
[2026/07/13 01:03:51.297 +08:00] [INFO] [ddl.go:883] ["start DDL"] [category=ddl] [ID=eb9cfe03-ccc7-4b57-bab5-29ad118fc581] [runWorker=true] [jobVersion=v2] [startMode=normal]
[2026/07/13 01:03:51.297 +08:00] [INFO] [ddl.go:858] ["start delRangeManager OK"] [category=ddl] ["is a emulator"=true]
[2026/07/13 01:03:51.297 +08:00] [INFO] [env.go:123] ["the ingest sorted directory"] [category=ddl-ingest] ["data path"=/tmp/tidb/tmp_ddl-4000]
[2026/07/13 01:03:51.297 +08:00] [INFO] [delete_range.go:172] ["start delRange emulator"] [category=ddl]
[2026/07/13 01:03:51.297 +08:00] [INFO] [mock.go:88] ["owner manager gets owner"] [ownerKey=/tidb/ddl/fg/owner] [ID=eb9cfe03-ccc7-4b57-bab5-29ad118fc581]
[2026/07/13 01:03:51.297 +08:00] [WARN] [env.go:61] ["initialize environment failed"] [category=ddl-ingest] ["storage limitation"="only support TiKV storage"] ["current storage"=unistore] ["lightning is initialized"=false]
[2026/07/13 01:03:51.297 +08:00] [INFO] [wait_group_wrapper.go:141] ["background process started"] [source=domain] [process=loadSchemaInLoop]
[2026/07/13 01:03:51.297 +08:00] [INFO] [wait_group_wrapper.go:141] ["background process started"] [source=domain] [process=mdlCheckLoop]
[2026/07/13 01:03:51.297 +08:00] [INFO] [wait_group_wrapper.go:141] ["background process started"] [source=domain] [process=topNSlowQueryLoop]
[2026/07/13 01:03:51.297 +08:00] [INFO] [wait_group_wrapper.go:141] ["background process started"] [source=domain] [process=infoSyncerKeeper]
[2026/07/13 01:03:51.297 +08:00] [INFO] [wait_group_wrapper.go:141] ["background process started"] [source=domain] [process=globalConfigSyncerKeeper]
[2026/07/13 01:03:51.297 +08:00] [INFO] [wait_group_wrapper.go:141] ["background process started"] [source=domain] [process=runawayRecordFlushLoop]
[2026/07/13 01:03:51.297 +08:00] [INFO] [wait_group_wrapper.go:141] ["background process started"] [source=domain] [process=runawayWatchSyncLoop]
[2026/07/13 01:03:51.297 +08:00] [INFO] [wait_group_wrapper.go:141] ["background process started"] [source=domain] [process=requestUnitsWriterLoop]
[2026/07/13 01:03:51.297 +08:00] [INFO] [wait_group_wrapper.go:141] ["background process started"] [source=domain] [process=topologySyncerKeeper]
[2026/07/13 01:03:51.297 +08:00] [INFO] [job_scheduler.go:362] ["get global state and global state change"] [category=ddl] [oldState=false] [currState=false]
[2026/07/13 01:03:51.297 +08:00] [INFO] [wait_group_wrapper.go:141] ["background process started"] [source=domain] [process=closestReplicaReadCheckLoop]
[2026/07/13 01:03:51.297 +08:00] [INFO] [job_scheduler.go:374] ["the owner sets owner operator value"] [category=ddl] [ownerOp=none]
[2026/07/13 01:03:51.297 +08:00] [WARN] [domain.go:942] ["pd / etcd client not provided, won't begin Advancer."]
[2026/07/13 01:03:51.297 +08:00] [INFO] [wait_group_wrapper.go:150] ["background process exited"] [source=domain] [process=requestUnitsWriterLoop]
[2026/07/13 01:03:51.297 +08:00] [WARN] [sysvar_cache.go:53] ["sysvar cache is empty, triggering rebuild"]
[2026/07/13 01:03:51.298 +08:00] [WARN] [global_controller.go:819] ["[resource group controller] resource group name does not exist"] [name=default]
[2026/07/13 01:03:51.298 +08:00] [INFO] [sysvar.go:3362] ["set resource control"] [enable=true]
[2026/07/13 01:03:51.298 +08:00] [INFO] [global_controller.go:577] ["[resource group controller] create resource group cost controller"] [name=default]
[2026/07/13 01:03:51.298 +08:00] [INFO] [wait_group_wrapper.go:141] ["background process started"] [source=domain] [process=loadPrivilegeInLoop]
[2026/07/13 01:03:51.299 +08:00] [INFO] [wait_group_wrapper.go:141] ["background process started"] [source=domain] [process=LoadSysVarCacheLoop]
[2026/07/13 01:03:51.300 +08:00] [INFO] [binding_cache.go:75] ["load bindings"] [category=sql-bind] [fullLoad=true] [fromRemote=false] [cacheSizeChange=false] [hasNewBinding=false] [cacheCapacity=67108864] [cacheUsage=0] [cachedBindingNum=0] [duration=553µs] []
[2026/07/13 01:03:51.300 +08:00] [INFO] [wait_group_wrapper.go:141] ["background process started"] [source=domain] [process=globalBindHandleWorkerLoop]
[2026/07/13 01:03:51.300 +08:00] [INFO] [mock.go:88] ["owner manager gets owner"] [ownerKey=/tidb/bindinfo/owner] [ID=eb9cfe03-ccc7-4b57-bab5-29ad118fc581]
[2026/07/13 01:03:51.300 +08:00] [INFO] [wait_group_wrapper.go:141] ["background process started"] [source=domain] [process=dumpFileGcChecker]
[2026/07/13 01:03:51.300 +08:00] [INFO] [domain.go:1846] ["dumpFileGcChecker started"]
[2026/07/13 01:03:51.300 +08:00] [INFO] [wait_group_wrapper.go:141] ["background process started"] [source=domain] [process=indexUsageWorker]
[2026/07/13 01:03:51.300 +08:00] [INFO] [wait_group_wrapper.go:141] ["background process started"] [source=domain] [process=quitStatsOwner]
[2026/07/13 01:03:51.300 +08:00] [INFO] [mock.go:88] ["owner manager gets owner"] [ownerKey=/tidb/stats/owner] [ID=eb9cfe03-ccc7-4b57-bab5-29ad118fc581]
[2026/07/13 01:03:51.300 +08:00] [INFO] [domain.go:2047] ["start load stats sub workers"] [workerCount=6]
[2026/07/13 01:03:51.300 +08:00] [INFO] [wait_group_wrapper.go:141] ["background process started"] [source=domain] [process=planCacheEvictTrigger]
[2026/07/13 01:03:51.300 +08:00] [INFO] [wait_group_wrapper.go:141] ["background process started"] [source=domain] [process=planCacheMetricsAndVars]
[2026/07/13 01:03:51.300 +08:00] [INFO] [wait_group_wrapper.go:141] ["background process started"] [source=domain] [process=readTableCostWorker]
[2026/07/13 01:03:51.300 +08:00] [INFO] [wait_group_wrapper.go:141] ["background process started"] [source=domain] [process=loadSigningCertLoop]
[2026/07/13 01:03:51.300 +08:00] [INFO] [domain.go:1203] ["initialize node resource"] [total-cpu=14] [total-mem=36GiB] [dxf-resource-limit=100] [dxf-usable-cpu=14] [dxf-usable-mem=36GiB] [total-disk=926.4GiB]
[2026/07/13 01:03:51.301 +08:00] [INFO] [task_manager.go:248] ["scale ttl worker"] [ttl-worker=job-manager] [ttl-worker=eb9cfe03-ccc7-4b57-bab5-29ad118fc581] [ttl-worker=task-manager] [ttl-worker=eb9cfe03-ccc7-4b57-bab5-29ad118fc581] [originalCount=0] [newCount=4]
[2026/07/13 01:03:51.301 +08:00] [INFO] [task_manager.go:248] ["scale ttl worker"] [ttl-worker=job-manager] [ttl-worker=eb9cfe03-ccc7-4b57-bab5-29ad118fc581] [ttl-worker=task-manager] [ttl-worker=eb9cfe03-ccc7-4b57-bab5-29ad118fc581] [originalCount=0] [newCount=4]
[2026/07/13 01:03:51.301 +08:00] [INFO] [job_manager.go:519] ["TTL leader to collect delay metrics"] [ttl-worker=job-manager] [ttl-worker=eb9cfe03-ccc7-4b57-bab5-29ad118fc581]
[2026/07/13 01:03:51.301 +08:00] [INFO] [wait_group_wrapper.go:141] ["background process started"] [source=domain] [process=distTaskFrameworkLoop]
[2026/07/13 01:03:51.301 +08:00] [INFO] [rate_limiter_param.go:98] ["meta kv not found in meta store, initialized to default and persisted"] [key=maxBatchSplitRanges] [value=2048]
[2026/07/13 01:03:51.301 +08:00] [INFO] [rate_limiter_param.go:98] ["meta kv not found in meta store, initialized to default and persisted"] [key=maxSplitRangesPerSec] [value=0]
[2026/07/13 01:03:51.301 +08:00] [INFO] [manager.go:124] ["task executor manager start"] [server-id=:4000]
[2026/07/13 01:03:51.301 +08:00] [INFO] [rate_limiter_param.go:98] ["meta kv not found in meta store, initialized to default and persisted"] [key=maxIngestInflight] [value=0]
[2026/07/13 01:03:51.301 +08:00] [INFO] [domain.go:1219] ["dist task executor manager started"]
[2026/07/13 01:03:51.301 +08:00] [INFO] [rate_limiter_param.go:98] ["meta kv not found in meta store, initialized to default and persisted"] [key=maxIngestPerSec] [value=0]
[2026/07/13 01:03:51.301 +08:00] [INFO] [session.go:5104] ["CRUCIAL OPERATION"] [conn=1] [schemaVersion=57] [cur_db=test] [sql="drop table if exists ai_outer, ai_inner"] [user=]
[2026/07/13 01:03:51.302 +08:00] [INFO] [job_manager.go:1096] ["TTL leader to DoGC"] [ttl-worker=job-manager] [ttl-worker=eb9cfe03-ccc7-4b57-bab5-29ad118fc581]
[2026/07/13 01:03:51.302 +08:00] [INFO] [job_submitter.go:118] ["add DDL jobs"] [category=ddl] ["batch count"=1] [jobs="ID:117, Type:create table, State:queueing, SchemaState:none, SchemaID:114, TableID:116, RowCount:0, ArgLen:1, start time: 2026-07-13 01:03:51.302 +0800 CST, Err:<nil>, ErrCount:0, SnapshotVersion:0, Version: v2; "] [fast_create=true]
[2026/07/13 01:03:51.302 +08:00] [INFO] [executor.go:7260] ["DDL job submitted"] [category=ddl] [job="ID:117, Type:create table, State:queueing, SchemaState:none, SchemaID:114, TableID:116, RowCount:0, ArgLen:1, start time: 2026-07-13 01:03:51.302 +0800 CST, Err:<nil>, ErrCount:0, SnapshotVersion:0, Version: v2"] [query="create table ai_outer(k int)"]
[2026/07/13 01:03:51.302 +08:00] [INFO] [job_worker.go:854] ["run one job step"] [category=ddl] [jobID=117] [conn=1] [job="ID:117, Type:create table, State:queueing, SchemaState:none, SchemaID:114, TableID:116, RowCount:0, ArgLen:0, start time: 2026-07-13 01:03:51.302 +0800 CST, Err:<nil>, ErrCount:0, SnapshotVersion:0, Version: v2"]
[2026/07/13 01:03:51.302 +08:00] [WARN] [ddl.go:702] ["fail to notify DDL event"] [category=ddl] [event="(Event Type: create table, Table ID: 116, Table Name: ai_outer)"]
[2026/07/13 01:03:51.303 +08:00] [INFO] [loader.go:216] ["diff load InfoSchema success"] [mode=auto] [isV2=true] [currVer=57] [neededVer=58] [gotVer=58] ["elapsed time"=45.917µs] [phyTblIDs="[116]"] [actionTypes="[3]"] [diffTypes="[\"create table\"]"]
[2026/07/13 01:03:51.303 +08:00] [INFO] [syncer.go:281] ["mdl gets lock, update self version to owner"] [jobID=117] [version=58]
[2026/07/13 01:03:51.305 +08:00] [INFO] [schema_version.go:397] ["wait schema version synced success"] [category=ddl] [ver=58] [checkAssumedSvr=false] ["take time"=2.183833ms] [job="ID:117, Type:create table, State:done, SchemaState:public, SchemaID:114, TableID:116, RowCount:0, ArgLen:1, start time: 2026-07-13 01:03:51.302 +0800 CST, Err:<nil>, ErrCount:0, SnapshotVersion:0, Version: v2"] [summary="server count: 1"]
[2026/07/13 01:03:51.306 +08:00] [INFO] [job_worker.go:447] ["finish DDL job"] [category=ddl] [jobID=117] [conn=1] [job="ID:117, Type:create table, State:synced, SchemaState:public, SchemaID:114, TableID:116, RowCount:0, ArgLen:0, start time: 2026-07-13 01:03:51.302 +0800 CST, Err:<nil>, ErrCount:0, SnapshotVersion:0, Version: v2"]
[2026/07/13 01:03:51.306 +08:00] [INFO] [executor.go:7380] ["DDL job is finished"] [category=ddl] [jobID=117]
[2026/07/13 01:03:51.306 +08:00] [INFO] [session.go:5104] ["CRUCIAL OPERATION"] [conn=1] [schemaVersion=58] [cur_db=test] [sql="create table ai_outer(k int)"] [user=]
[2026/07/13 01:03:51.307 +08:00] [INFO] [job_submitter.go:118] ["add DDL jobs"] [category=ddl] ["batch count"=1] [jobs="ID:119, Type:create table, State:queueing, SchemaState:none, SchemaID:114, TableID:118, RowCount:0, ArgLen:1, start time: 2026-07-13 01:03:51.307 +0800 CST, Err:<nil>, ErrCount:0, SnapshotVersion:0, Version: v2; "] [fast_create=true]
[2026/07/13 01:03:51.307 +08:00] [INFO] [executor.go:7260] ["DDL job submitted"] [category=ddl] [job="ID:119, Type:create table, State:queueing, SchemaState:none, SchemaID:114, TableID:118, RowCount:0, ArgLen:1, start time: 2026-07-13 01:03:51.307 +0800 CST, Err:<nil>, ErrCount:0, SnapshotVersion:0, Version: v2"] [query="create table ai_inner(a int, b int, v int, key(a))"]
[2026/07/13 01:03:51.307 +08:00] [INFO] [job_worker.go:854] ["run one job step"] [category=ddl] [jobID=119] [conn=1] [job="ID:119, Type:create table, State:queueing, SchemaState:none, SchemaID:114, TableID:118, RowCount:0, ArgLen:0, start time: 2026-07-13 01:03:51.307 +0800 CST, Err:<nil>, ErrCount:0, SnapshotVersion:0, Version: v2"]
[2026/07/13 01:03:51.307 +08:00] [WARN] [ddl.go:702] ["fail to notify DDL event"] [category=ddl] [event="(Event Type: create table, Table ID: 118, Table Name: ai_inner)"]
[2026/07/13 01:03:51.308 +08:00] [INFO] [loader.go:216] ["diff load InfoSchema success"] [mode=auto] [isV2=true] [currVer=58] [neededVer=59] [gotVer=59] ["elapsed time"=54.125µs] [phyTblIDs="[118]"] [actionTypes="[3]"] [diffTypes="[\"create table\"]"]
[2026/07/13 01:03:51.308 +08:00] [INFO] [syncer.go:281] ["mdl gets lock, update self version to owner"] [jobID=119] [version=59]
[2026/07/13 01:03:51.310 +08:00] [INFO] [schema_version.go:397] ["wait schema version synced success"] [category=ddl] [ver=59] [checkAssumedSvr=false] ["take time"=2.034625ms] [job="ID:119, Type:create table, State:done, SchemaState:public, SchemaID:114, TableID:118, RowCount:0, ArgLen:1, start time: 2026-07-13 01:03:51.307 +0800 CST, Err:<nil>, ErrCount:0, SnapshotVersion:0, Version: v2"] [summary="server count: 1"]
[2026/07/13 01:03:51.310 +08:00] [INFO] [job_worker.go:447] ["finish DDL job"] [category=ddl] [jobID=119] [conn=1] [job="ID:119, Type:create table, State:synced, SchemaState:public, SchemaID:114, TableID:118, RowCount:0, ArgLen:0, start time: 2026-07-13 01:03:51.307 +0800 CST, Err:<nil>, ErrCount:0, SnapshotVersion:0, Version: v2"]
[2026/07/13 01:03:51.311 +08:00] [INFO] [executor.go:7380] ["DDL job is finished"] [category=ddl] [jobID=119]
[2026/07/13 01:03:51.311 +08:00] [INFO] [session.go:5104] ["CRUCIAL OPERATION"] [conn=1] [schemaVersion=59] [cur_db=test] [sql="create table ai_inner(a int, b int, v int, key(a))"] [user=]
    ai_native_indexjoin_agg_expr_test.go:49: inl rows=[[1 3 30]] plan=[[Sort 9990.00 root  test.ai_outer.k, Column#10, Column#9] [└─IndexJoin 9990.00 root  inner join, inner:Projection, outer key:test.ai_outer.k, inner key:test.ai_inner.a, equal cond:eq(test.ai_outer.k, test.ai_inner.a)] [  ├─TableReader(Build) 9990.00 root  data:Selection] [  │ └─Selection 9990.00 cop[tikv]  not(isnull(test.ai_outer.k))] [  │   └─TableFullScan 10000.00 cop[tikv] table:o keep order:false, stats:pseudo] [  └─Projection(Probe) 9990.00 root  test.ai_inner.a, plus(test.ai_inner.a, test.ai_inner.b)->Column#10, Column#9] [    └─HashAgg 9990.00 root  group by:Column#38, funcs:sum(Column#35)->Column#9, funcs:firstrow(Column#36)->test.ai_inner.a, funcs:firstrow(Column#37)->test.ai_inner.b] [      └─Projection 9990.00 root  cast(test.ai_inner.v, decimal(10,0) BINARY)->Column#35, test.ai_inner.a->Column#36, test.ai_inner.b->Column#37, plus(test.ai_inner.a, test.ai_inner.b)->Column#38] [        └─IndexLookUp 9990.00 root  ] [          ├─Selection(Build) 9990.00 cop[tikv]  not(isnull(test.ai_inner.a))] [          │ └─IndexRangeScan 10000.00 cop[tikv] table:ai_inner, index:a(a) range: decided by [eq(test.ai_inner.a, test.ai_outer.k)], keep order:false, stats:pseudo] [          └─TableRowIDScan(Probe) 9990.00 cop[tikv] table:ai_inner keep order:false, stats:pseudo]]
    ai_native_indexjoin_agg_expr_test.go:50: hash rows=[[1 3 30]] plan=[[Sort 9990.00 root  test.ai_outer.k, Column#10, Column#9] [└─HashJoin 9990.00 root  inner join, equal:[eq(test.ai_outer.k, test.ai_inner.a)]] [  ├─Projection(Build) 7992.00 root  test.ai_inner.a, plus(test.ai_inner.a, test.ai_inner.b)->Column#10, Column#9] [  │ └─HashAgg 7992.00 root  group by:Column#13, funcs:sum(Column#14)->Column#9, funcs:firstrow(Column#15)->test.ai_inner.a, funcs:firstrow(Column#16)->test.ai_inner.b] [  │   └─TableReader 7992.00 root  data:HashAgg] [  │     └─HashAgg 7992.00 cop[tikv]  group by:plus(test.ai_inner.a, test.ai_inner.b), funcs:sum(test.ai_inner.v)->Column#14, funcs:firstrow(test.ai_inner.a)->Column#15, funcs:firstrow(test.ai_inner.b)->Column#16] [  │       └─Selection 9990.00 cop[tikv]  not(isnull(test.ai_inner.a))] [  │         └─TableFullScan 10000.00 cop[tikv] table:ai_inner keep order:false, stats:pseudo] [  └─TableReader(Probe) 9990.00 root  data:Selection] [    └─Selection 9990.00 cop[tikv]  not(isnull(test.ai_outer.k))] [      └─TableFullScan 10000.00 cop[tikv] table:o keep order:false, stats:pseudo]]
[2026/07/13 01:03:51.314 +08:00] [INFO] [job_scheduler.go:268] ["scheduleLoop quit due to context canceled"] [category=ddl]
[2026/07/13 01:03:51.314 +08:00] [INFO] [mock.go:100] ["owner manager retire owner"] [ownerKey=/tidb/ddl/fg/owner] [ID=eb9cfe03-ccc7-4b57-bab5-29ad118fc581]
[2026/07/13 01:03:51.314 +08:00] [INFO] [ddl_workerpool.go:78] ["closing workerPool"] [category=ddl]
[2026/07/13 01:03:51.314 +08:00] [INFO] [ddl_workerpool.go:78] ["closing workerPool"] [category=ddl]
[2026/07/13 01:03:51.314 +08:00] [INFO] [job_worker.go:267] ["DDL worker closed"] [category=ddl] [worker="worker 11, tp general"] ["take time"=2.666µs]
[2026/07/13 01:03:51.314 +08:00] [INFO] [job_worker.go:267] ["DDL worker closed"] [category=ddl] [worker="worker 12, tp general"] ["take time"=1.333µs]
[2026/07/13 01:03:51.314 +08:00] [INFO] [mock.go:112] ["owner manager is canceled"] [ownerKey=/tidb/ddl/fg/owner] [ID=eb9cfe03-ccc7-4b57-bab5-29ad118fc581]
[2026/07/13 01:03:51.314 +08:00] [INFO] [delete_range.go:162] ["closing delRange"] [category=ddl]
[2026/07/13 01:03:51.314 +08:00] [INFO] [session_pool.go:133] ["closing session pool"] [category=ddl]
[2026/07/13 01:03:51.314 +08:00] [INFO] [ddl.go:1159] ["DDL closed"] [category=ddl] [ID=eb9cfe03-ccc7-4b57-bab5-29ad118fc581] ["take time"=87.417µs]
[2026/07/13 01:03:51.314 +08:00] [INFO] [ddl.go:850] ["stop DDL"] [category=ddl] [ID=eb9cfe03-ccc7-4b57-bab5-29ad118fc581]
[2026/07/13 01:03:51.314 +08:00] [INFO] [domain.go:483] ["stopping ttlJobManager"]
[2026/07/13 01:03:51.314 +08:00] [INFO] [task_manager.go:225] ["shrink ttl worker"] [ttl-worker=job-manager] [ttl-worker=eb9cfe03-ccc7-4b57-bab5-29ad118fc581] [ttl-worker=task-manager] [ttl-worker=eb9cfe03-ccc7-4b57-bab5-29ad118fc581] [originalCount=4] [newCount=0]
[2026/07/13 01:03:51.314 +08:00] [INFO] [scan.go:379] ["ttlScanWorker loop exited."]
[2026/07/13 01:03:51.314 +08:00] [INFO] [scan.go:379] ["ttlScanWorker loop exited."]
[2026/07/13 01:03:51.314 +08:00] [INFO] [scan.go:379] ["ttlScanWorker loop exited."]
[2026/07/13 01:03:51.314 +08:00] [INFO] [scan.go:379] ["ttlScanWorker loop exited."]
[2026/07/13 01:03:51.314 +08:00] [INFO] [task_manager.go:225] ["shrink ttl worker"] [ttl-worker=job-manager] [ttl-worker=eb9cfe03-ccc7-4b57-bab5-29ad118fc581] [ttl-worker=task-manager] [ttl-worker=eb9cfe03-ccc7-4b57-bab5-29ad118fc581] [originalCount=4] [newCount=0]
[2026/07/13 01:03:51.314 +08:00] [INFO] [del.go:344] ["ttlDeleteWorker loop exited."]
[2026/07/13 01:03:51.314 +08:00] [INFO] [del.go:344] ["ttlDeleteWorker loop exited."]
[2026/07/13 01:03:51.314 +08:00] [INFO] [del.go:344] ["ttlDeleteWorker loop exited."]
[2026/07/13 01:03:51.314 +08:00] [INFO] [del.go:344] ["ttlDeleteWorker loop exited."]
[2026/07/13 01:03:51.314 +08:00] [INFO] [job_manager.go:183] ["ttlJobManager loop exited."] [ttl-worker=job-manager] [ttl-worker=eb9cfe03-ccc7-4b57-bab5-29ad118fc581]
[2026/07/13 01:03:51.314 +08:00] [INFO] [job_manager.go:168] ["ttlJobManager loop exited."] [ttl-worker=job-manager] [ttl-worker=eb9cfe03-ccc7-4b57-bab5-29ad118fc581]
[2026/07/13 01:03:51.314 +08:00] [INFO] [domain.go:494] ["ttlJobManager exited."]
[2026/07/13 01:03:51.315 +08:00] [INFO] [manager.go:285] ["recoverMetaLoop done"] [server-id=:4000]
[2026/07/13 01:03:51.315 +08:00] [INFO] [domain.go:1466] ["LoadSysVarCacheLoop exited."]
[2026/07/13 01:03:51.315 +08:00] [INFO] [domain.go:1221] ["stopping dist task executor manager"]
[2026/07/13 01:03:51.315 +08:00] [INFO] [wait_group_wrapper.go:150] ["background process exited"] [source=domain] [process=LoadSysVarCacheLoop]
[2026/07/13 01:03:51.315 +08:00] [INFO] [domain.go:390] ["topNSlowQueryLoop exited."]
[2026/07/13 01:03:51.315 +08:00] [INFO] [mock.go:100] ["owner manager retire owner"] [ownerKey=/tidb/bindinfo/owner] [ID=eb9cfe03-ccc7-4b57-bab5-29ad118fc581]
[2026/07/13 01:03:51.315 +08:00] [INFO] [wait_group_wrapper.go:150] ["background process exited"] [source=domain] [process=loadSigningCertLoop]
[2026/07/13 01:03:51.315 +08:00] [INFO] [wait_group_wrapper.go:150] ["background process exited"] [source=domain] [process=topNSlowQueryLoop]
[2026/07/13 01:03:51.315 +08:00] [INFO] [syncer.go:304] ["info schema sync loop exited."]
[2026/07/13 01:03:51.315 +08:00] [INFO] [domain.go:2978] ["readTableCostWorker exited."]
[2026/07/13 01:03:51.315 +08:00] [INFO] [wait_group_wrapper.go:150] ["background process exited"] [source=domain] [process=mdlCheckLoop]
[2026/07/13 01:03:51.315 +08:00] [INFO] [wait_group_wrapper.go:150] ["background process exited"] [source=domain] [process=loadSchemaInLoop]
[2026/07/13 01:03:51.315 +08:00] [INFO] [wait_group_wrapper.go:150] ["background process exited"] [source=domain] [process=readTableCostWorker]
[2026/07/13 01:03:51.315 +08:00] [INFO] [mock.go:100] ["owner manager retire owner"] [ownerKey=/tidb/stats/owner] [ID=eb9cfe03-ccc7-4b57-bab5-29ad118fc581]
[2026/07/13 01:03:51.315 +08:00] [INFO] [domain.go:418] ["globalConfigSyncerKeeper exited."]
[2026/07/13 01:03:51.315 +08:00] [INFO] [manager.go:241] ["runaway watch sync loop exit"]
[2026/07/13 01:03:51.315 +08:00] [INFO] [domain.go:2934] ["planCacheEvictTrigger exited."]
[2026/07/13 01:03:51.315 +08:00] [INFO] [wait_group_wrapper.go:150] ["background process exited"] [source=domain] [process=runawayWatchSyncLoop]
[2026/07/13 01:03:51.315 +08:00] [INFO] [domain.go:978] ["closestReplicaReadCheckLoop exited."]
[2026/07/13 01:03:51.315 +08:00] [INFO] [stats_syncload.go:255] ["SubLoadWorker: exits now because the domain is closed."] [category=stats]
[2026/07/13 01:03:51.315 +08:00] [INFO] [stats_syncload.go:255] ["SubLoadWorker: exits now because the domain is closed."] [category=stats]
[2026/07/13 01:03:51.315 +08:00] [INFO] [stats_syncload.go:245] ["SubLoadWorker: exited."] [category=stats]
[2026/07/13 01:03:51.315 +08:00] [INFO] [stats_syncload.go:245] ["SubLoadWorker: exited."] [category=stats]
[2026/07/13 01:03:51.315 +08:00] [INFO] [syncer.go:245] ["server info sync loop exited."]
[2026/07/13 01:03:51.315 +08:00] [INFO] [syncer.go:379] ["topology sync loop exited."]
[2026/07/13 01:03:51.315 +08:00] [INFO] [wait_group_wrapper.go:150] ["background process exited"] [source=domain] [process=planCacheEvictTrigger]
[2026/07/13 01:03:51.315 +08:00] [INFO] [stats_syncload.go:255] ["SubLoadWorker: exits now because the domain is closed."] [category=stats]
[2026/07/13 01:03:51.315 +08:00] [INFO] [stats_syncload.go:245] ["SubLoadWorker: exited."] [category=stats]
[2026/07/13 01:03:51.315 +08:00] [INFO] [wait_group_wrapper.go:150] ["background process exited"] [source=domain] [process=infoSyncerKeeper]
[2026/07/13 01:03:51.315 +08:00] [INFO] [domain.go:2163] ["indexUsageWorker exited."]
[2026/07/13 01:03:51.315 +08:00] [INFO] [wait_group_wrapper.go:150] ["background process exited"] [source=domain] [process=indexUsageWorker]
[2026/07/13 01:03:51.315 +08:00] [INFO] [manager.go:157] ["handle tasks loop done"] [server-id=:4000]
[2026/07/13 01:03:51.315 +08:00] [INFO] [domain.go:1223] ["dist task executor manager stopped"]
[2026/07/13 01:03:51.315 +08:00] [INFO] [domain.go:2903] ["planCacheMetricsAndVars exited."]
[2026/07/13 01:03:51.315 +08:00] [INFO] [wait_group_wrapper.go:150] ["background process exited"] [source=domain] [process=distTaskFrameworkLoop]
[2026/07/13 01:03:51.315 +08:00] [INFO] [wait_group_wrapper.go:150] ["background process exited"] [source=domain] [process=planCacheMetricsAndVars]
[2026/07/13 01:03:51.315 +08:00] [INFO] [flusher.go:89] ["flushing remaining records before stop"] [name=runaway-record]
[2026/07/13 01:03:51.315 +08:00] [INFO] [domain.go:1850] ["dumpFileGcChecker exited."]
[2026/07/13 01:03:51.315 +08:00] [INFO] [flusher.go:91] ["stopped flusher"] [name=runaway-record]
[2026/07/13 01:03:51.315 +08:00] [INFO] [wait_group_wrapper.go:150] ["background process exited"] [source=domain] [process=dumpFileGcChecker]
[2026/07/13 01:03:51.315 +08:00] [INFO] [flusher.go:89] ["flushing remaining records before stop"] [name=quarantine-record]
[2026/07/13 01:03:51.315 +08:00] [INFO] [flusher.go:91] ["stopped flusher"] [name=quarantine-record]
[2026/07/13 01:03:51.315 +08:00] [INFO] [flusher.go:89] ["flushing remaining records before stop"] [name=stale-quarantine-record]
[2026/07/13 01:03:51.315 +08:00] [INFO] [flusher.go:91] ["stopped flusher"] [name=stale-quarantine-record]
[2026/07/13 01:03:51.315 +08:00] [INFO] [wait_group_wrapper.go:150] ["background process exited"] [source=domain] [process=closestReplicaReadCheckLoop]
[2026/07/13 01:03:51.315 +08:00] [INFO] [stats_syncload.go:255] ["SubLoadWorker: exits now because the domain is closed."] [category=stats]
[2026/07/13 01:03:51.315 +08:00] [INFO] [stats_syncload.go:245] ["SubLoadWorker: exited."] [category=stats]
[2026/07/13 01:03:51.315 +08:00] [INFO] [stats_syncload.go:255] ["SubLoadWorker: exits now because the domain is closed."] [category=stats]
[2026/07/13 01:03:51.315 +08:00] [INFO] [stats_syncload.go:245] ["SubLoadWorker: exited."] [category=stats]
[2026/07/13 01:03:51.315 +08:00] [INFO] [wait_group_wrapper.go:150] ["background process exited"] [source=domain] [process=topologySyncerKeeper]
[2026/07/13 01:03:51.315 +08:00] [INFO] [wait_group_wrapper.go:150] ["background process exited"] [source=domain] [process=globalConfigSyncerKeeper]
[2026/07/13 01:03:51.315 +08:00] [INFO] [domain.go:1392] ["loadPrivilegeInLoop exited."]
[2026/07/13 01:03:51.315 +08:00] [INFO] [wait_group_wrapper.go:150] ["background process exited"] [source=domain] [process=loadPrivilegeInLoop]
[2026/07/13 01:03:51.315 +08:00] [INFO] [stats_syncload.go:255] ["SubLoadWorker: exits now because the domain is closed."] [category=stats]
[2026/07/13 01:03:51.315 +08:00] [INFO] [stats_syncload.go:245] ["SubLoadWorker: exited."] [category=stats]
[2026/07/13 01:03:51.315 +08:00] [INFO] [manager.go:205] ["runaway record flush loop exit"]
[2026/07/13 01:03:51.315 +08:00] [INFO] [wait_group_wrapper.go:150] ["background process exited"] [source=domain] [process=runawayRecordFlushLoop]
[2026/07/13 01:03:51.315 +08:00] [INFO] [mock.go:112] ["owner manager is canceled"] [ownerKey=/tidb/stats/owner] [ID=eb9cfe03-ccc7-4b57-bab5-29ad118fc581]
[2026/07/13 01:03:51.315 +08:00] [INFO] [wait_group_wrapper.go:150] ["background process exited"] [source=domain] [process=quitStatsOwner]
[2026/07/13 01:03:51.315 +08:00] [INFO] [mock.go:112] ["owner manager is canceled"] [ownerKey=/tidb/bindinfo/owner] [ID=eb9cfe03-ccc7-4b57-bab5-29ad118fc581]
[2026/07/13 01:03:51.315 +08:00] [INFO] [domain.go:1605] ["globalBindHandleWorkerLoop exited."]
[2026/07/13 01:03:51.315 +08:00] [INFO] [wait_group_wrapper.go:150] ["background process exited"] [source=domain] [process=globalBindHandleWorkerLoop]
[2026/07/13 01:03:51.315 +08:00] [INFO] [domain.go:549] ["domain closed"] ["take time"=747.834µs]
[2026/07/13 01:03:51.324 +08:00] [INFO] [db.go:567] ["Closing database"]
[2026/07/13 01:03:51.324 +08:00] [INFO] [db.go:592] ["Memtable flushed"]
[2026/07/13 01:03:51.324 +08:00] [INFO] [db.go:596] ["Compaction finished"]
[2026/07/13 01:03:51.324 +08:00] [INFO] [db.go:615] ["BlobManager finished"]
[2026/07/13 01:03:51.324 +08:00] [INFO] [db.go:619] ["ResourceManager finished"]
[2026/07/13 01:03:51.324 +08:00] [INFO] [db.go:625] ["Waiting for closer"]
=== RUN   TestAINativeIndexJoinInnerAggExpressionGroupSplit/on
[2026/07/13 01:03:51.347 +08:00] [INFO] [store_cache.go:572] ["change store resolve state"] [store=1] [addr=store1] [from=unresolved] [to=resolved] [liveness-state=reachable]
[2026/07/13 01:03:51.347 +08:00] [INFO] [session.go:4163] ["init DDL tables"] [currVer=0] [targetVer=1]
[2026/07/13 01:03:51.347 +08:00] [INFO] [add_column.go:1339] ["Automatically convert BLOB(65535) to MEDIUMBLOB"] [category=ddl]
[2026/07/13 01:03:51.347 +08:00] [INFO] [add_column.go:1339] ["Automatically convert BLOB(65535) to MEDIUMBLOB"] [category=ddl]
[2026/07/13 01:03:51.347 +08:00] [INFO] [add_column.go:1339] ["Automatically convert BLOB(65535) to MEDIUMBLOB"] [category=ddl]
[2026/07/13 01:03:51.347 +08:00] [INFO] [add_column.go:1339] ["Automatically convert BLOB(65535) to MEDIUMBLOB"] [category=ddl]
[2026/07/13 01:03:51.347 +08:00] [INFO] [session.go:4163] ["init DDL tables"] [currVer=0] [targetVer=2]
[2026/07/13 01:03:51.347 +08:00] [INFO] [add_column.go:1339] ["Automatically convert BLOB(65535) to MEDIUMBLOB"] [category=ddl]
[2026/07/13 01:03:51.347 +08:00] [INFO] [session.go:4163] ["init DDL tables"] [currVer=0] [targetVer=3]
[2026/07/13 01:03:51.347 +08:00] [INFO] [session.go:4163] ["init DDL tables"] [currVer=0] [targetVer=4]
[2026/07/13 01:03:51.347 +08:00] [INFO] [tidb.go:103] ["new domain"] [store=e87fe589-93d7-44e5-ab75-da9473141de2] ["ddl lease"=500ms] ["stats lease"=-1ns]
[2026/07/13 01:03:51.348 +08:00] [WARN] [global_controller.go:237] ["[resource group controller] server does not save config, load config failed"]
[2026/07/13 01:03:51.348 +08:00] [INFO] [global_controller.go:219] ["load resource controller config"] [config="{\"degraded-mode-wait-duration\":\"0s\",\"ltb-max-wait-duration\":\"30s\",\"ltb-token-rpc-max-delay\":\"1s\",\"request-unit\":{\"read-base-cost\":0.125,\"read-per-batch-base-cost\":0.5,\"read-cost-per-byte\":0.0000152587890625,\"write-base-cost\":1,\"write-per-batch-base-cost\":1,\"write-cost-per-byte\":0.0009765625,\"read-cpu-ms-cost\":0.3333333333333333},\"enable-controller-trace-log\":\"false\",\"token-rpc-params\":{\"wait-retry-interval\":\"50ms\",\"wait-retry-times\":20}}"] [ru-config="{\"ReadBaseCost\":0.125,\"ReadPerBatchBaseCost\":0.5,\"ReadBytesCost\":0.0000152587890625,\"WriteBaseCost\":1,\"WritePerBatchBaseCost\":1,\"WriteBytesCost\":0.0009765625,\"CPUMsCost\":0.3333333333333333,\"LTBMaxWaitDuration\":30000000000,\"WaitRetryInterval\":50000000,\"WaitRetryTimes\":20,\"DegradedModeWaitDuration\":0}"] [keyspace-id=4294967295]
[2026/07/13 01:03:51.352 +08:00] [INFO] [loader.go:281] ["full load InfoSchema success"] [mode=auto] [isV2=true] [currentSchemaVersion=0] [neededSchemaVersion=0] ["elapsed time"=3.730208ms]
[2026/07/13 01:03:51.352 +08:00] [INFO] [syncer.go:456] ["full load and reset schema validator"]
[2026/07/13 01:03:51.352 +08:00] [INFO] [ddl.go:883] ["start DDL"] [category=ddl] [ID=a4a7feeb-b8bf-4f60-aa7c-996647cb6aed] [runWorker=true] [jobVersion=v2] [startMode=bootstrap]
[2026/07/13 01:03:51.352 +08:00] [INFO] [ddl.go:858] ["start delRangeManager OK"] [category=ddl] ["is a emulator"=true]
[2026/07/13 01:03:51.352 +08:00] [INFO] [env.go:123] ["the ingest sorted directory"] [category=ddl-ingest] ["data path"=/tmp/tidb/tmp_ddl-4000]
[2026/07/13 01:03:51.352 +08:00] [WARN] [env.go:61] ["initialize environment failed"] [category=ddl-ingest] ["storage limitation"="only support TiKV storage"] ["current storage"=unistore] ["lightning is initialized"=false]
[2026/07/13 01:03:51.352 +08:00] [INFO] [delete_range.go:172] ["start delRange emulator"] [category=ddl]
[2026/07/13 01:03:51.352 +08:00] [INFO] [mock.go:88] ["owner manager gets owner"] [ownerKey=/tidb/ddl/fg/owner] [ID=a4a7feeb-b8bf-4f60-aa7c-996647cb6aed]
[2026/07/13 01:03:51.352 +08:00] [INFO] [wait_group_wrapper.go:141] ["background process started"] [source=domain] [process=loadSchemaInLoop]
[2026/07/13 01:03:51.352 +08:00] [INFO] [wait_group_wrapper.go:141] ["background process started"] [source=domain] [process=mdlCheckLoop]
[2026/07/13 01:03:51.352 +08:00] [INFO] [wait_group_wrapper.go:141] ["background process started"] [source=domain] [process=topNSlowQueryLoop]
[2026/07/13 01:03:51.352 +08:00] [INFO] [wait_group_wrapper.go:141] ["background process started"] [source=domain] [process=infoSyncerKeeper]
[2026/07/13 01:03:51.352 +08:00] [INFO] [wait_group_wrapper.go:141] ["background process started"] [source=domain] [process=globalConfigSyncerKeeper]
[2026/07/13 01:03:51.352 +08:00] [INFO] [wait_group_wrapper.go:141] ["background process started"] [source=domain] [process=runawayRecordFlushLoop]
[2026/07/13 01:03:51.352 +08:00] [INFO] [wait_group_wrapper.go:141] ["background process started"] [source=domain] [process=runawayWatchSyncLoop]
[2026/07/13 01:03:51.352 +08:00] [INFO] [job_scheduler.go:362] ["get global state and global state change"] [category=ddl] [oldState=false] [currState=false]
[2026/07/13 01:03:51.352 +08:00] [INFO] [wait_group_wrapper.go:141] ["background process started"] [source=domain] [process=requestUnitsWriterLoop]
[2026/07/13 01:03:51.352 +08:00] [INFO] [job_scheduler.go:374] ["the owner sets owner operator value"] [category=ddl] [ownerOp=none]
[2026/07/13 01:03:51.352 +08:00] [INFO] [wait_group_wrapper.go:141] ["background process started"] [source=domain] [process=topologySyncerKeeper]
[2026/07/13 01:03:51.352 +08:00] [INFO] [wait_group_wrapper.go:141] ["background process started"] [source=domain] [process=closestReplicaReadCheckLoop]
[2026/07/13 01:03:51.352 +08:00] [INFO] [wait_group_wrapper.go:150] ["background process exited"] [source=domain] [process=requestUnitsWriterLoop]
[2026/07/13 01:03:51.352 +08:00] [WARN] [domain.go:942] ["pd / etcd client not provided, won't begin Advancer."]
[2026/07/13 01:03:51.352 +08:00] [INFO] [global_controller.go:577] ["[resource group controller] create resource group cost controller"] [name=default]
[2026/07/13 01:03:51.352 +08:00] [INFO] [session.go:5104] ["CRUCIAL OPERATION"] [conn=0] [schemaVersion=0] [cur_db=mysql] [sql="CREATE DATABASE IF NOT EXISTS `mysql`"] [user=]
[2026/07/13 01:03:51.353 +08:00] [INFO] [job_submitter.go:118] ["add DDL jobs"] [category=ddl] ["batch count"=1] [jobs="ID:3, Type:create schema, State:queueing, SchemaState:none, SchemaID:2, TableID:0, RowCount:0, ArgLen:1, start time: 2026-07-13 01:03:51.353 +0800 CST, Err:<nil>, ErrCount:0, SnapshotVersion:0, Version: v2; "] [fast_create=true]
[2026/07/13 01:03:51.353 +08:00] [INFO] [executor.go:7260] ["DDL job submitted"] [category=ddl] [job="ID:3, Type:create schema, State:queueing, SchemaState:none, SchemaID:2, TableID:0, RowCount:0, ArgLen:1, start time: 2026-07-13 01:03:51.353 +0800 CST, Err:<nil>, ErrCount:0, SnapshotVersion:0, Version: v2"] [query="CREATE DATABASE IF NOT EXISTS `sys`"]
[2026/07/13 01:03:51.353 +08:00] [INFO] [job_worker.go:854] ["run one job step"] [category=ddl] [jobID=3] [job="ID:3, Type:create schema, State:queueing, SchemaState:none, SchemaID:2, TableID:0, RowCount:0, ArgLen:0, start time: 2026-07-13 01:03:51.353 +0800 CST, Err:<nil>, ErrCount:0, SnapshotVersion:0, Version: v2"]
[2026/07/13 01:03:51.358 +08:00] [INFO] [loader.go:281] ["full load InfoSchema success"] [mode=auto] [isV2=true] [currentSchemaVersion=0] [neededSchemaVersion=1] ["elapsed time"=4.142875ms]
[2026/07/13 01:03:51.358 +08:00] [INFO] [syncer.go:456] ["full load and reset schema validator"]
[2026/07/13 01:03:51.358 +08:00] [INFO] [syncer.go:258] ["session manager is nil"]
[2026/07/13 01:03:51.358 +08:00] [INFO] [syncer.go:281] ["mdl gets lock, update self version to owner"] [jobID=3] [version=1]
[2026/07/13 01:03:51.360 +08:00] [INFO] [schema_version.go:397] ["wait schema version synced success"] [category=ddl] [ver=1] [checkAssumedSvr=false] ["take time"=6.20025ms] [job="ID:3, Type:create schema, State:done, SchemaState:public, SchemaID:2, TableID:0, RowCount:0, ArgLen:1, start time: 2026-07-13 01:03:51.353 +0800 CST, Err:<nil>, ErrCount:0, SnapshotVersion:0, Version: v2"] [summary="server count: 1"]
[2026/07/13 01:03:51.360 +08:00] [INFO] [job_worker.go:447] ["finish DDL job"] [category=ddl] [jobID=3] [job="ID:3, Type:create schema, State:synced, SchemaState:public, SchemaID:2, TableID:0, RowCount:0, ArgLen:0, start time: 2026-07-13 01:03:51.353 +0800 CST, Err:<nil>, ErrCount:0, SnapshotVersion:0, Version: v2"]
[2026/07/13 01:03:51.361 +08:00] [INFO] [executor.go:7380] ["DDL job is finished"] [category=ddl] [jobID=3]
[2026/07/13 01:03:51.361 +08:00] [INFO] [session.go:5104] ["CRUCIAL OPERATION"] [conn=0] [schemaVersion=1] [cur_db=mysql] [sql="CREATE DATABASE IF NOT EXISTS `sys`"] [user=]
[2026/07/13 01:03:51.361 +08:00] [INFO] [executor.go:7545] ["system variable tidb_scatter_region not found, use default value"] [category=ddl]
[2026/07/13 01:03:51.363 +08:00] [INFO] [job_submitter.go:118] ["add DDL jobs"] [category=ddl] ["batch count"=1] [jobs="ID:5, Type:create table, State:queueing, SchemaState:none, SchemaID:1, TableID:4, RowCount:0, ArgLen:1, start time: 2026-07-13 01:03:51.362 +0800 CST, Err:<nil>, ErrCount:0, SnapshotVersion:0, Version: v2; "] [fast_create=true]
[2026/07/13 01:03:51.363 +08:00] [INFO] [executor.go:7260] ["DDL job submitted"] [category=ddl] [job="ID:5, Type:create table, State:queueing, SchemaState:none, SchemaID:1, TableID:4, RowCount:0, ArgLen:1, start time: 2026-07-13 01:03:51.362 +0800 CST, Err:<nil>, ErrCount:0, SnapshotVersion:0, Version: v2"] [query="CREATE TABLE IF NOT EXISTS mysql.user (\n\t\tHost\t\t\t\t\tCHAR(255),\n\t\tUser\t\t\t\t\tCHAR(32),\n\t\tauthentication_string\tTEXT,\n\t\tplugin\t\t\t\t\tCHAR(64),\n\t\tSelect_priv\t\t\t\tENUM('N','Y') NOT NULL DEFAULT 'N',\n\t\tInsert_priv\t\t\t\tENUM('N','Y') NOT NULL DEFAULT 'N',\n\t\tUpdate_priv\t\t\t\tENUM('N','Y') NOT NULL DEFAULT 'N',\n\t\tDelete_priv\t\t\t\tENUM('N','Y') NOT NULL DEFAULT 'N',\n\t\tCreate_priv\t\t\t\tENUM('N','Y') NOT NULL DEFAULT 'N',\n\t\tDrop_priv\t\t\t\tENUM('N','Y') NOT NULL DEFAULT 'N',\n\t\tProcess_priv\t\t\tENUM('N','Y') NOT NULL DEFAULT 'N',\n\t\tGrant_priv\t\t\t\tENUM('N','Y') NOT NULL DEFAULT 'N',\n\t\tReferences_priv\t\t\tENUM('N','Y') NOT NULL DEFAULT 'N',\n\t\tAlter_priv\t\t\t\tENUM('N','Y') NOT NULL DEFAULT 'N',\n\t\tShow_db_priv\t\t\tENUM('N','Y') NOT NULL DEFAULT 'N',\n\t\tSuper_priv\t\t\t\tENUM('N','Y') NOT NULL DEFAULT 'N',\n\t\tCreate_tmp_table_priv\tENUM('N','Y') NOT NULL DEFAULT 'N',\n\t\tLock_tables_priv\t\tENUM('N','Y') NOT NULL DEFAULT 'N',\n\t\tExecute_priv\t\t\tENUM('N','Y') NOT NULL DEFAULT 'N',\n\t\tCreate_view_priv\t\tENUM('N','Y') NOT NULL DEFAULT 'N',\n\t\tShow_view_priv\t\t\tENUM('N','Y') NOT NULL DEFAULT 'N',\n\t\tCreate_routine_priv\t\tENUM('N','Y') NOT NULL DEFAULT 'N',\n\t\tAlter_routine_priv\t\tENUM('N','Y') NOT NULL DEFAULT 'N',\n\t\tIndex_priv\t\t\t\tENUM('N','Y') NOT NULL DEFAULT 'N',\n\t\tCreate_user_priv\t\tENUM('N','Y') NOT NULL DEFAULT 'N',\n\t\tEvent_priv\t\t\t\tENUM('N','Y') NOT NULL DEFAULT 'N',\n\t\tRepl_slave_priv\t    \tENUM('N','Y') NOT NULL DEFAULT 'N',\n\t\tRepl_client_priv\t\tENUM('N','Y') NOT NULL DEFAULT 'N',\n\t\tTrigger_priv\t\t\tENUM('N','Y') NOT NULL DEFAULT 'N',\n\t\tCreate_role_priv\t\tENUM('N','Y') NOT NULL DEFAULT 'N',\n\t\tDrop_role_priv\t\t\tENUM('N','Y') NOT NULL DEFAULT 'N',\n\t\tAccount_locked\t\t\tENUM('N','Y') NOT NULL DEFAULT 'N',\n\t\tShutdown_priv\t\t\tENUM('N','Y') NOT NULL DEFAULT 'N',\n\t\tReload_priv\t\t\t\tENUM('N','Y') NOT NULL DEFAULT 'N',\n\t\tFILE_priv\t\t\t\tENUM('N','Y') NOT NULL DEFAULT 'N',\n\t\tConfig_priv\t\t\t\tENUM('N','Y') NOT NULL DEFAULT 'N',\n\t\tCreate_Tablespace_Priv  ENUM('N','Y') NOT NULL DEFAULT 'N',\n\t\tPassword_reuse_history  smallint unsigned DEFAULT NULL,\n\t\tPassword_reuse_time     smallint unsigned DEFAULT NULL,\n\t\tUser_attributes\t\t\tjson,\n\t\tToken_issuer\t\t\tVARCHAR(255),\n\t\tPassword_expired\t\tENUM('N','Y') NOT NULL DEFAULT 'N',\n\t\tPassword_last_changed\tTIMESTAMP DEFAULT CURRENT_TIMESTAMP(),\n\t\tPassword_lifetime\t\tSMALLINT UNSIGNED DEFAULT NULL,\n\t\tMax_user_connections \tINT UNSIGNED NOT NULL DEFAULT 0,\n\t\tPRIMARY KEY (Host, User),\n\t\tKEY i_user (User));"]
[2026/07/13 01:03:51.363 +08:00] [INFO] [job_worker.go:854] ["run one job step"] [category=ddl] [jobID=5] [job="ID:5, Type:create table, State:queueing, SchemaState:none, SchemaID:1, TableID:4, RowCount:0, ArgLen:0, start time: 2026-07-13 01:03:51.362 +0800 CST, Err:<nil>, ErrCount:0, SnapshotVersion:0, Version: v2"]
[2026/07/13 01:03:51.365 +08:00] [INFO] [loader.go:216] ["diff load InfoSchema success"] [mode=auto] [isV2=true] [currVer=1] [neededVer=2] [gotVer=2] ["elapsed time"=270.333µs] [phyTblIDs="[4]"] [actionTypes="[3]"] [diffTypes="[\"create table\"]"]
[2026/07/13 01:03:51.365 +08:00] [INFO] [syncer.go:258] ["session manager is nil"]
[2026/07/13 01:03:51.365 +08:00] [INFO] [syncer.go:281] ["mdl gets lock, update self version to owner"] [jobID=5] [version=2]
[2026/07/13 01:03:51.366 +08:00] [INFO] [schema_version.go:397] ["wait schema version synced success"] [category=ddl] [ver=2] [checkAssumedSvr=false] ["take time"=2.042458ms] [job="ID:5, Type:create table, State:done, SchemaState:public, SchemaID:1, TableID:4, RowCount:0, ArgLen:1, start time: 2026-07-13 01:03:51.362 +0800 CST, Err:<nil>, ErrCount:0, SnapshotVersion:0, Version: v2"] [summary="server count: 1"]
[2026/07/13 01:03:51.367 +08:00] [INFO] [job_worker.go:447] ["finish DDL job"] [category=ddl] [jobID=5] [job="ID:5, Type:create table, State:synced, SchemaState:public, SchemaID:1, TableID:4, RowCount:0, ArgLen:0, start time: 2026-07-13 01:03:51.362 +0800 CST, Err:<nil>, ErrCount:0, SnapshotVersion:0, Version: v2"]
[2026/07/13 01:03:51.369 +08:00] [INFO] [executor.go:7380] ["DDL job is finished"] [category=ddl] [jobID=5]
[2026/07/13 01:03:51.369 +08:00] [INFO] [session.go:5104] ["CRUCIAL OPERATION"] [conn=0] [schemaVersion=2] [cur_db=mysql] [sql="CREATE TABLE IF NOT EXISTS mysql.user (\n\t\tHost\t\t\t\t\tCHAR(255),\n\t\tUser\t\t\t\t\tCHAR(32),\n\t\tauthentication_string\tTEXT,\n\t\tplugin\t\t\t\t\tCHAR(64),\n\t\tSelect_priv\t\t\t\tENUM('N','Y') NOT NULL DEFAULT 'N',\n\t\tInsert_priv\t\t\t\tENUM('N','Y') NOT NULL DEFAULT 'N',\n\t\tUpdate_priv\t\t\t\tENUM('N','Y') NOT NULL DEFAULT 'N',\n\t\tDelete_priv\t\t\t\tENUM('N','Y') NOT NULL DEFAULT 'N',\n\t\tCreate_priv\t\t\t\tENUM('N','Y') NOT NULL DEFAULT 'N',\n\t\tDrop_priv\t\t\t\tENUM('N','Y') NOT NULL DEFAULT 'N',\n\t\tProcess_priv\t\t\tENUM('N','Y') NOT NULL DEFAULT 'N',\n\t\tGrant_priv\t\t\t\tENUM('N','Y') NOT NULL DEFAULT 'N',\n\t\tReferences_priv\t\t\tENUM('N','Y') NOT NULL DEFAULT 'N',\n\t\tAlter_priv\t\t\t\tENUM('N','Y') NOT NULL DEFAULT 'N',\n\t\tShow_db_priv\t\t\tENUM('N','Y') NOT NULL DEFAULT 'N',\n\t\tSuper_priv\t\t\t\tENUM('N','Y') NOT NULL DEFAULT 'N',\n\t\tCreate_tmp_table_priv\tENUM('N','Y') NOT NULL DEFAULT 'N',\n\t\tLock_tables_priv\t\tENUM('N','Y') NOT NULL DEFAULT 'N',\n\t\tExecute_priv\t\t\tENUM('N','Y') NOT NULL DEFAULT 'N',\n\t\tCreate_view_priv\t\tENUM('N','Y') NOT NULL DEFAULT 'N',\n\t\tShow_view_priv\t\t\tENUM('N','Y') NOT NULL DEFAULT 'N',\n\t\tCreate_routine_priv\t\tENUM('N','Y') NOT NULL DEFAULT 'N',\n\t\tAlter_routine_priv\t\tENUM('N','Y') NOT NULL DEFAULT 'N',\n\t\tIndex_priv\t\t\t\tENUM('N','Y') NOT NULL DEFAULT 'N',\n\t\tCreate_user_priv\t\tENUM('N','Y') NOT NULL DEFAULT 'N',\n\t\tEvent_priv\t\t\t\tENUM('N','Y') NOT NULL DEFAULT 'N',\n\t\tRepl_slave_priv\t    \tENUM('N','Y') NOT NULL DEFAULT 'N',\n\t\tRepl_client_priv\t\tENUM('N','Y') NOT NULL DEFAULT 'N',\n\t\tTrigger_priv\t\t\tENUM('N','Y') NOT NULL DEFAULT 'N',\n\t\tCreate_role_priv\t\tENUM('N','Y') NOT NULL DEFAULT 'N',\n\t\tDrop_role_priv\t\t\tENUM('N','Y') NOT NULL DEFAULT 'N',\n\t\tAccount_locked\t\t\tENUM('N','Y') NOT NULL DEFAULT 'N',\n\t\tShutdown_priv\t\t\tENUM('N','Y') NOT NULL DEFAULT 'N',\n\t\tReload_priv\t\t\t\tENUM('N','Y') NOT NULL DEFAULT 'N',\n\t\tFILE_priv\t\t\t\tENUM('N','Y') NOT NULL DEFAULT 'N',\n\t\tConfig_priv\t\t\t\tENUM('N','Y') NOT NULL DEFAULT 'N',\n\t\tCreate_Tablespace_Priv  ENUM('N','Y') NOT NULL DEFAULT 'N',\n\t\tPassword_reuse_history  smallint unsigned DEFAULT NULL,\n\t\tPassword_reuse_time     smallint unsigned DEFAULT NULL,\n\t\tUser_attributes\t\t\tjson,\n\t\tToken_issuer\t\t\tVARCHAR(255),\n\t\tPassword_expired\t\tENUM('N','Y') NOT NULL DEFAULT 'N',\n\t\tPassword_last_changed\tTIMESTAMP DEFAULT CURRENT_TIMESTAMP(),\n\t\tPassword_lifetime\t\tSMALLINT UNSIGNED DEFAULT NULL,\n\t\tMax_user_connections \tINT UNSIGNED NOT NULL DEFAULT 0,\n\t\tPRIMARY KEY (Host, User),\n\t\tKEY i_user (User));"] [user=]
[2026/07/13 01:03:51.369 +08:00] [INFO] [executor.go:7545] ["system variable tidb_scatter_region not found, use default value"] [category=ddl]
[2026/07/13 01:03:51.369 +08:00] [INFO] [job_submitter.go:118] ["add DDL jobs"] [category=ddl] ["batch count"=1] [jobs="ID:7, Type:create table, State:queueing, SchemaState:none, SchemaID:1, TableID:6, RowCount:0, ArgLen:1, start time: 2026-07-13 01:03:51.369 +0800 CST, Err:<nil>, ErrCount:0, SnapshotVersion:0, Version: v2; "] [fast_create=true]
[2026/07/13 01:03:51.369 +08:00] [INFO] [executor.go:7260] ["DDL job submitted"] [category=ddl] [job="ID:7, Type:create table, State:queueing, SchemaState:none, SchemaID:1, TableID:6, RowCount:0, ArgLen:1, start time: 2026-07-13 01:03:51.369 +0800 CST, Err:<nil>, ErrCount:0, SnapshotVersion:0, Version: v2"] [query="CREATE TABLE  IF NOT EXISTS mysql.password_history (\n         Host char(255)  NOT NULL DEFAULT '',\n         User char(32)  NOT NULL DEFAULT '',\n         Password_timestamp timestamp(6) NOT NULL DEFAULT CURRENT_TIMESTAMP(6),\n         Password text,\n         PRIMARY KEY (Host,User,Password_timestamp )\n        ) COMMENT='Password history for user accounts' "]
[2026/07/13 01:03:51.370 +08:00] [INFO] [job_worker.go:854] ["run one job step"] [category=ddl] [jobID=7] [job="ID:7, Type:create table, State:queueing, SchemaState:none, SchemaID:1, TableID:6, RowCount:0, ArgLen:0, start time: 2026-07-13 01:03:51.369 +0800 CST, Err:<nil>, ErrCount:0, SnapshotVersion:0, Version: v2"]
[2026/07/13 01:03:51.370 +08:00] [INFO] [loader.go:216] ["diff load InfoSchema success"] [mode=auto] [isV2=true] [currVer=2] [neededVer=3] [gotVer=3] ["elapsed time"=59.542µs] [phyTblIDs="[6]"] [actionTypes="[3]"] [diffTypes="[\"create table\"]"]
[2026/07/13 01:03:51.370 +08:00] [INFO] [syncer.go:258] ["session manager is nil"]
[2026/07/13 01:03:51.370 +08:00] [INFO] [syncer.go:281] ["mdl gets lock, update self version to owner"] [jobID=7] [version=3]
[2026/07/13 01:03:51.372 +08:00] [INFO] [schema_version.go:397] ["wait schema version synced success"] [category=ddl] [ver=3] [checkAssumedSvr=false] ["take time"=2.23475ms] [job="ID:7, Type:create table, State:done, SchemaState:public, SchemaID:1, TableID:6, RowCount:0, ArgLen:1, start time: 2026-07-13 01:03:51.369 +0800 CST, Err:<nil>, ErrCount:0, SnapshotVersion:0, Version: v2"] [summary="server count: 1"]
[2026/07/13 01:03:51.373 +08:00] [INFO] [job_worker.go:447] ["finish DDL job"] [category=ddl] [jobID=7] [job="ID:7, Type:create table, State:synced, SchemaState:public, SchemaID:1, TableID:6, RowCount:0, ArgLen:0, start time: 2026-07-13 01:03:51.369 +0800 CST, Err:<nil>, ErrCount:0, SnapshotVersion:0, Version: v2"]
[2026/07/13 01:03:51.373 +08:00] [INFO] [executor.go:7380] ["DDL job is finished"] [category=ddl] [jobID=7]
[2026/07/13 01:03:51.373 +08:00] [INFO] [session.go:5104] ["CRUCIAL OPERATION"] [conn=0] [schemaVersion=3] [cur_db=mysql] [sql="CREATE TABLE  IF NOT EXISTS mysql.password_history (\n         Host char(255)  NOT NULL DEFAULT '',\n         User char(32)  NOT NULL DEFAULT '',\n         Password_timestamp timestamp(6) NOT NULL DEFAULT CURRENT_TIMESTAMP(6),\n         Password text,\n         PRIMARY KEY (Host,User,Password_timestamp )\n        ) COMMENT='Password history for user accounts' "] [user=]
[2026/07/13 01:03:51.373 +08:00] [INFO] [executor.go:7545] ["system variable tidb_scatter_region not found, use default value"] [category=ddl]
[2026/07/13 01:03:51.374 +08:00] [INFO] [job_submitter.go:118] ["add DDL jobs"] [category=ddl] ["batch count"=1] [jobs="ID:9, Type:create table, State:queueing, SchemaState:none, SchemaID:1, TableID:8, RowCount:0, ArgLen:1, start time: 2026-07-13 01:03:51.374 +0800 CST, Err:<nil>, ErrCount:0, SnapshotVersion:0, Version: v2; "] [fast_create=true]
[2026/07/13 01:03:51.374 +08:00] [INFO] [executor.go:7260] ["DDL job submitted"] [category=ddl] [job="ID:9, Type:create table, State:queueing, SchemaState:none, SchemaID:1, TableID:8, RowCount:0, ArgLen:1, start time: 2026-07-13 01:03:51.374 +0800 CST, Err:<nil>, ErrCount:0, SnapshotVersion:0, Version: v2"] [query="CREATE TABLE IF NOT EXISTS mysql.global_priv (\n\t\tHost CHAR(255) NOT NULL DEFAULT '',\n\t\tUser CHAR(80) NOT NULL DEFAULT '',\n\t\tPriv LONGTEXT NOT NULL DEFAULT '',\n\t\tPRIMARY KEY (Host, User),\n\t\tKEY i_user (User))"]
[2026/07/13 01:03:51.374 +08:00] [INFO] [job_worker.go:854] ["run one job step"] [category=ddl] [jobID=9] [job="ID:9, Type:create table, State:queueing, SchemaState:none, SchemaID:1, TableID:8, RowCount:0, ArgLen:0, start time: 2026-07-13 01:03:51.374 +0800 CST, Err:<nil>, ErrCount:0, SnapshotVersion:0, Version: v2"]
[2026/07/13 01:03:51.375 +08:00] [INFO] [loader.go:216] ["diff load InfoSchema success"] [mode=auto] [isV2=true] [currVer=3] [neededVer=4] [gotVer=4] ["elapsed time"=66.917µs] [phyTblIDs="[8]"] [actionTypes="[3]"] [diffTypes="[\"create table\"]"]
[2026/07/13 01:03:51.375 +08:00] [INFO] [syncer.go:258] ["session manager is nil"]
[2026/07/13 01:03:51.375 +08:00] [INFO] [syncer.go:281] ["mdl gets lock, update self version to owner"] [jobID=9] [version=4]
[2026/07/13 01:03:51.377 +08:00] [INFO] [schema_version.go:397] ["wait schema version synced success"] [category=ddl] [ver=4] [checkAssumedSvr=false] ["take time"=2.060125ms] [job="ID:9, Type:create table, State:done, SchemaState:public, SchemaID:1, TableID:8, RowCount:0, ArgLen:1, start time: 2026-07-13 01:03:51.374 +0800 CST, Err:<nil>, ErrCount:0, SnapshotVersion:0, Version: v2"] [summary="server count: 1"]
[2026/07/13 01:03:51.377 +08:00] [INFO] [job_worker.go:447] ["finish DDL job"] [category=ddl] [jobID=9] [job="ID:9, Type:create table, State:synced, SchemaState:public, SchemaID:1, TableID:8, RowCount:0, ArgLen:0, start time: 2026-07-13 01:03:51.374 +0800 CST, Err:<nil>, ErrCount:0, SnapshotVersion:0, Version: v2"]
[2026/07/13 01:03:51.378 +08:00] [INFO] [executor.go:7380] ["DDL job is finished"] [category=ddl] [jobID=9]
[2026/07/13 01:03:51.378 +08:00] [INFO] [session.go:5104] ["CRUCIAL OPERATION"] [conn=0] [schemaVersion=4] [cur_db=mysql] [sql="CREATE TABLE IF NOT EXISTS mysql.global_priv (\n\t\tHost CHAR(255) NOT NULL DEFAULT '',\n\t\tUser CHAR(80) NOT NULL DEFAULT '',\n\t\tPriv LONGTEXT NOT NULL DEFAULT '',\n\t\tPRIMARY KEY (Host, User),\n\t\tKEY i_user (User))"] [user=]
[2026/07/13 01:03:51.378 +08:00] [INFO] [executor.go:7545] ["system variable tidb_scatter_region not found, use default value"] [category=ddl]
[2026/07/13 01:03:51.379 +08:00] [INFO] [job_submitter.go:118] ["add DDL jobs"] [category=ddl] ["batch count"=1] [jobs="ID:11, Type:create table, State:queueing, SchemaState:none, SchemaID:1, TableID:10, RowCount:0, ArgLen:1, start time: 2026-07-13 01:03:51.378 +0800 CST, Err:<nil>, ErrCount:0, SnapshotVersion:0, Version: v2; "] [fast_create=true]
[2026/07/13 01:03:51.379 +08:00] [INFO] [executor.go:7260] ["DDL job submitted"] [category=ddl] [job="ID:11, Type:create table, State:queueing, SchemaState:none, SchemaID:1, TableID:10, RowCount:0, ArgLen:1, start time: 2026-07-13 01:03:51.378 +0800 CST, Err:<nil>, ErrCount:0, SnapshotVersion:0, Version: v2"] [query="CREATE TABLE IF NOT EXISTS mysql.db (\n\t\tHost\t\t\t\t\tCHAR(255),\n\t\tDB\t\t\t\t\t\tCHAR(64) CHARSET utf8mb4 COLLATE utf8mb4_general_ci,\n\t\tUser\t\t\t\t\tCHAR(32),\n\t\tSelect_priv\t\t\t\tENUM('N','Y') NOT NULL DEFAULT 'N',\n\t\tInsert_priv\t\t\t\tENUM('N','Y') NOT NULL DEFAULT 'N',\n\t\tUpdate_priv\t\t\t\tENUM('N','Y') NOT NULL DEFAULT 'N',\n\t\tDelete_priv\t\t\t\tENUM('N','Y') NOT NULL DEFAULT 'N',\n\t\tCreate_priv\t\t\t\tENUM('N','Y') NOT NULL DEFAULT 'N',\n\t\tDrop_priv\t\t\t\tENUM('N','Y') NOT NULL DEFAULT 'N',\n\t\tGrant_priv\t\t\t\tENUM('N','Y') NOT NULL DEFAULT 'N',\n\t\tReferences_priv \t\tENUM('N','Y') NOT NULL DEFAULT 'N',\n\t\tIndex_priv\t\t\t\tENUM('N','Y') NOT NULL DEFAULT 'N',\n\t\tAlter_priv\t\t\t\tENUM('N','Y') NOT NULL DEFAULT 'N',\n\t\tCreate_tmp_table_priv\tENUM('N','Y') NOT NULL DEFAULT 'N',\n\t\tLock_tables_priv\t\tENUM('N','Y') NOT NULL DEFAULT 'N',\n\t\tCreate_view_priv\t\tENUM('N','Y') NOT NULL DEFAULT 'N',\n\t\tShow_view_priv\t\t\tENUM('N','Y') NOT NULL DEFAULT 'N',\n\t\tCreate_routine_priv\t\tENUM('N','Y') NOT NULL DEFAULT 'N',\n\t\tAlter_routine_priv\t\tENUM('N','Y') NOT NULL DEFAULT 'N',\n\t\tExecute_priv\t\t\tENUM('N','Y') NOT NULL DEFAULT 'N',\n\t\tEvent_priv\t\t\t\tENUM('N','Y') NOT NULL DEFAULT 'N',\n\t\tTrigger_priv\t\t\tENUM('N','Y') NOT NULL DEFAULT 'N',\n\t\tPRIMARY KEY (Host, DB, User),\n\t\tKEY i_user (User));"]
[2026/07/13 01:03:51.379 +08:00] [INFO] [job_worker.go:854] ["run one job step"] [category=ddl] [jobID=11] [job="ID:11, Type:create table, State:queueing, SchemaState:none, SchemaID:1, TableID:10, RowCount:0, ArgLen:0, start time: 2026-07-13 01:03:51.378 +0800 CST, Err:<nil>, ErrCount:0, SnapshotVersion:0, Version: v2"]
[2026/07/13 01:03:51.380 +08:00] [INFO] [loader.go:216] ["diff load InfoSchema success"] [mode=auto] [isV2=true] [currVer=4] [neededVer=5] [gotVer=5] ["elapsed time"=158.917µs] [phyTblIDs="[10]"] [actionTypes="[3]"] [diffTypes="[\"create table\"]"]
[2026/07/13 01:03:51.380 +08:00] [INFO] [syncer.go:258] ["session manager is nil"]
[2026/07/13 01:03:51.380 +08:00] [INFO] [syncer.go:281] ["mdl gets lock, update self version to owner"] [jobID=11] [version=5]
[2026/07/13 01:03:51.382 +08:00] [INFO] [schema_version.go:397] ["wait schema version synced success"] [category=ddl] [ver=5] [checkAssumedSvr=false] ["take time"=2.198917ms] [job="ID:11, Type:create table, State:done, SchemaState:public, SchemaID:1, TableID:10, RowCount:0, ArgLen:1, start time: 2026-07-13 01:03:51.378 +0800 CST, Err:<nil>, ErrCount:0, SnapshotVersion:0, Version: v2"] [summary="server count: 1"]
[2026/07/13 01:03:51.383 +08:00] [INFO] [job_worker.go:447] ["finish DDL job"] [category=ddl] [jobID=11] [job="ID:11, Type:create table, State:synced, SchemaState:public, SchemaID:1, TableID:10, RowCount:0, ArgLen:0, start time: 2026-07-13 01:03:51.378 +0800 CST, Err:<nil>, ErrCount:0, SnapshotVersion:0, Version: v2"]
[2026/07/13 01:03:51.384 +08:00] [INFO] [executor.go:7380] ["DDL job is finished"] [category=ddl] [jobID=11]
[2026/07/13 01:03:51.384 +08:00] [INFO] [session.go:5104] ["CRUCIAL OPERATION"] [conn=0] [schemaVersion=5] [cur_db=mysql] [sql="CREATE TABLE IF NOT EXISTS mysql.db (\n\t\tHost\t\t\t\t\tCHAR(255),\n\t\tDB\t\t\t\t\t\tCHAR(64) CHARSET utf8mb4 COLLATE utf8mb4_general_ci,\n\t\tUser\t\t\t\t\tCHAR(32),\n\t\tSelect_priv\t\t\t\tENUM('N','Y') NOT NULL DEFAULT 'N',\n\t\tInsert_priv\t\t\t\tENUM('N','Y') NOT NULL DEFAULT 'N',\n\t\tUpdate_priv\t\t\t\tENUM('N','Y') NOT NULL DEFAULT 'N',\n\t\tDelete_priv\t\t\t\tENUM('N','Y') NOT NULL DEFAULT 'N',\n\t\tCreate_priv\t\t\t\tENUM('N','Y') NOT NULL DEFAULT 'N',\n\t\tDrop_priv\t\t\t\tENUM('N','Y') NOT NULL DEFAULT 'N',\n\t\tGrant_priv\t\t\t\tENUM('N','Y') NOT NULL DEFAULT 'N',\n\t\tReferences_priv \t\tENUM('N','Y') NOT NULL DEFAULT 'N',\n\t\tIndex_priv\t\t\t\tENUM('N','Y') NOT NULL DEFAULT 'N',\n\t\tAlter_priv\t\t\t\tENUM('N','Y') NOT NULL DEFAULT 'N',\n\t\tCreate_tmp_table_priv\tENUM('N','Y') NOT NULL DEFAULT 'N',\n\t\tLock_tables_priv\t\tENUM('N','Y') NOT NULL DEFAULT 'N',\n\t\tCreate_view_priv\t\tENUM('N','Y') NOT NULL DEFAULT 'N',\n\t\tShow_view_priv\t\t\tENUM('N','Y') NOT NULL DEFAULT 'N',\n\t\tCreate_routine_priv\t\tENUM('N','Y') NOT NULL DEFAULT 'N',\n\t\tAlter_routine_priv\t\tENUM('N','Y') NOT NULL DEFAULT 'N',\n\t\tExecute_priv\t\t\tENUM('N','Y') NOT NULL DEFAULT 'N',\n\t\tEvent_priv\t\t\t\tENUM('N','Y') NOT NULL DEFAULT 'N',\n\t\tTrigger_priv\t\t\tENUM('N','Y') NOT NULL DEFAULT 'N',\n\t\tPRIMARY KEY (Host, DB, User),\n\t\tKEY i_user (User));"] [user=]
[2026/07/13 01:03:51.384 +08:00] [INFO] [executor.go:7545] ["system variable tidb_scatter_region not found, use default value"] [category=ddl]
[2026/07/13 01:03:51.384 +08:00] [INFO] [job_submitter.go:118] ["add DDL jobs"] [category=ddl] ["batch count"=1] [jobs="ID:13, Type:create table, State:queueing, SchemaState:none, SchemaID:1, TableID:12, RowCount:0, ArgLen:1, start time: 2026-07-13 01:03:51.384 +0800 CST, Err:<nil>, ErrCount:0, SnapshotVersion:0, Version: v2; "] [fast_create=true]
[2026/07/13 01:03:51.384 +08:00] [INFO] [executor.go:7260] ["DDL job submitted"] [category=ddl] [job="ID:13, Type:create table, State:queueing, SchemaState:none, SchemaID:1, TableID:12, RowCount:0, ArgLen:1, start time: 2026-07-13 01:03:51.384 +0800 CST, Err:<nil>, ErrCount:0, SnapshotVersion:0, Version: v2"] [query="CREATE TABLE IF NOT EXISTS mysql.tables_priv (\n\t\tHost\t\tCHAR(255),\n\t\tDB\t\t\tCHAR(64) CHARSET utf8mb4 COLLATE utf8mb4_general_ci,\n\t\tUser\t\tCHAR(32),\n\t\tTable_name\tCHAR(64) CHARSET utf8mb4 COLLATE utf8mb4_general_ci,\n\t\tGrantor\t\tCHAR(77),\n\t\tTimestamp\tTIMESTAMP DEFAULT CURRENT_TIMESTAMP,\n\t\tTable_priv\tSET('Select','Insert','Update','Delete','Create','Drop','Grant','Index','Alter','Create View','Show View','Trigger','References'),\n\t\tColumn_priv\tSET('Select','Insert','Update','References'),\n\t\tPRIMARY KEY (Host, DB, User, Table_name),\n\t\tKEY i_user (User));"]
[2026/07/13 01:03:51.385 +08:00] [INFO] [job_worker.go:854] ["run one job step"] [category=ddl] [jobID=13] [job="ID:13, Type:create table, State:queueing, SchemaState:none, SchemaID:1, TableID:12, RowCount:0, ArgLen:0, start time: 2026-07-13 01:03:51.384 +0800 CST, Err:<nil>, ErrCount:0, SnapshotVersion:0, Version: v2"]
[2026/07/13 01:03:51.385 +08:00] [INFO] [loader.go:216] ["diff load InfoSchema success"] [mode=auto] [isV2=true] [currVer=5] [neededVer=6] [gotVer=6] ["elapsed time"=89.666µs] [phyTblIDs="[12]"] [actionTypes="[3]"] [diffTypes="[\"create table\"]"]
[2026/07/13 01:03:51.386 +08:00] [INFO] [syncer.go:258] ["session manager is nil"]
[2026/07/13 01:03:51.386 +08:00] [INFO] [syncer.go:281] ["mdl gets lock, update self version to owner"] [jobID=13] [version=6]
[2026/07/13 01:03:51.387 +08:00] [INFO] [schema_version.go:397] ["wait schema version synced success"] [category=ddl] [ver=6] [checkAssumedSvr=false] ["take time"=2.121ms] [job="ID:13, Type:create table, State:done, SchemaState:public, SchemaID:1, TableID:12, RowCount:0, ArgLen:1, start time: 2026-07-13 01:03:51.384 +0800 CST, Err:<nil>, ErrCount:0, SnapshotVersion:0, Version: v2"] [summary="server count: 1"]
[2026/07/13 01:03:51.388 +08:00] [INFO] [job_worker.go:447] ["finish DDL job"] [category=ddl] [jobID=13] [job="ID:13, Type:create table, State:synced, SchemaState:public, SchemaID:1, TableID:12, RowCount:0, ArgLen:0, start time: 2026-07-13 01:03:51.384 +0800 CST, Err:<nil>, ErrCount:0, SnapshotVersion:0, Version: v2"]
[2026/07/13 01:03:51.389 +08:00] [INFO] [executor.go:7380] ["DDL job is finished"] [category=ddl] [jobID=13]
[2026/07/13 01:03:51.389 +08:00] [INFO] [session.go:5104] ["CRUCIAL OPERATION"] [conn=0] [schemaVersion=6] [cur_db=mysql] [sql="CREATE TABLE IF NOT EXISTS mysql.tables_priv (\n\t\tHost\t\tCHAR(255),\n\t\tDB\t\t\tCHAR(64) CHARSET utf8mb4 COLLATE utf8mb4_general_ci,\n\t\tUser\t\tCHAR(32),\n\t\tTable_name\tCHAR(64) CHARSET utf8mb4 COLLATE utf8mb4_general_ci,\n\t\tGrantor\t\tCHAR(77),\n\t\tTimestamp\tTIMESTAMP DEFAULT CURRENT_TIMESTAMP,\n\t\tTable_priv\tSET('Select','Insert','Update','Delete','Create','Drop','Grant','Index','Alter','Create View','Show View','Trigger','References'),\n\t\tColumn_priv\tSET('Select','Insert','Update','References'),\n\t\tPRIMARY KEY (Host, DB, User, Table_name),\n\t\tKEY i_user (User));"] [user=]
[2026/07/13 01:03:51.389 +08:00] [INFO] [executor.go:7545] ["system variable tidb_scatter_region not found, use default value"] [category=ddl]
[2026/07/13 01:03:51.389 +08:00] [INFO] [job_submitter.go:118] ["add DDL jobs"] [category=ddl] ["batch count"=1] [jobs="ID:15, Type:create table, State:queueing, SchemaState:none, SchemaID:1, TableID:14, RowCount:0, ArgLen:1, start time: 2026-07-13 01:03:51.389 +0800 CST, Err:<nil>, ErrCount:0, SnapshotVersion:0, Version: v2; "] [fast_create=true]
[2026/07/13 01:03:51.389 +08:00] [INFO] [executor.go:7260] ["DDL job submitted"] [category=ddl] [job="ID:15, Type:create table, State:queueing, SchemaState:none, SchemaID:1, TableID:14, RowCount:0, ArgLen:1, start time: 2026-07-13 01:03:51.389 +0800 CST, Err:<nil>, ErrCount:0, SnapshotVersion:0, Version: v2"] [query="CREATE TABLE IF NOT EXISTS mysql.columns_priv (\n\t\tHost\t\tCHAR(255),\n\t\tDB\t\t\tCHAR(64) CHARSET utf8mb4 COLLATE utf8mb4_general_ci,\n\t\tUser\t\tCHAR(32),\n\t\tTable_name\tCHAR(64) CHARSET utf8mb4 COLLATE utf8mb4_general_ci,\n\t\tColumn_name\tCHAR(64) CHARSET utf8mb4 COLLATE utf8mb4_general_ci,\n\t\tTimestamp\tTIMESTAMP DEFAULT CURRENT_TIMESTAMP,\n\t\tColumn_priv\tSET('Select','Insert','Update','References'),\n\t\tPRIMARY KEY (Host, DB, User, Table_name, Column_name),\n\t\tKEY i_user (User));"]
[2026/07/13 01:03:51.390 +08:00] [INFO] [job_worker.go:854] ["run one job step"] [category=ddl] [jobID=15] [job="ID:15, Type:create table, State:queueing, SchemaState:none, SchemaID:1, TableID:14, RowCount:0, ArgLen:0, start time: 2026-07-13 01:03:51.389 +0800 CST, Err:<nil>, ErrCount:0, SnapshotVersion:0, Version: v2"]
[2026/07/13 01:03:51.390 +08:00] [INFO] [loader.go:216] ["diff load InfoSchema success"] [mode=auto] [isV2=true] [currVer=6] [neededVer=7] [gotVer=7] ["elapsed time"=90.666µs] [phyTblIDs="[14]"] [actionTypes="[3]"] [diffTypes="[\"create table\"]"]
[2026/07/13 01:03:51.390 +08:00] [INFO] [syncer.go:258] ["session manager is nil"]
[2026/07/13 01:03:51.390 +08:00] [INFO] [syncer.go:281] ["mdl gets lock, update self version to owner"] [jobID=15] [version=7]
[2026/07/13 01:03:51.392 +08:00] [INFO] [schema_version.go:397] ["wait schema version synced success"] [category=ddl] [ver=7] [checkAssumedSvr=false] ["take time"=2.181792ms] [job="ID:15, Type:create table, State:done, SchemaState:public, SchemaID:1, TableID:14, RowCount:0, ArgLen:1, start time: 2026-07-13 01:03:51.389 +0800 CST, Err:<nil>, ErrCount:0, SnapshotVersion:0, Version: v2"] [summary="server count: 1"]
[2026/07/13 01:03:51.393 +08:00] [INFO] [job_worker.go:447] ["finish DDL job"] [category=ddl] [jobID=15] [job="ID:15, Type:create table, State:synced, SchemaState:public, SchemaID:1, TableID:14, RowCount:0, ArgLen:0, start time: 2026-07-13 01:03:51.389 +0800 CST, Err:<nil>, ErrCount:0, SnapshotVersion:0, Version: v2"]
[2026/07/13 01:03:51.394 +08:00] [INFO] [executor.go:7380] ["DDL job is finished"] [category=ddl] [jobID=15]
[2026/07/13 01:03:51.394 +08:00] [INFO] [session.go:5104] ["CRUCIAL OPERATION"] [conn=0] [schemaVersion=7] [cur_db=mysql] [sql="CREATE TABLE IF NOT EXISTS mysql.columns_priv (\n\t\tHost\t\tCHAR(255),\n\t\tDB\t\t\tCHAR(64) CHARSET utf8mb4 COLLATE utf8mb4_general_ci,\n\t\tUser\t\tCHAR(32),\n\t\tTable_name\tCHAR(64) CHARSET utf8mb4 COLLATE utf8mb4_general_ci,\n\t\tColumn_name\tCHAR(64) CHARSET utf8mb4 COLLATE utf8mb4_general_ci,\n\t\tTimestamp\tTIMESTAMP DEFAULT CURRENT_TIMESTAMP,\n\t\tColumn_priv\tSET('Select','Insert','Update','References'),\n\t\tPRIMARY KEY (Host, DB, User, Table_name, Column_name),\n\t\tKEY i_user (User));"] [user=]
[2026/07/13 01:03:51.394 +08:00] [INFO] [executor.go:7545] ["system variable tidb_scatter_region not found, use default value"] [category=ddl]
[2026/07/13 01:03:51.394 +08:00] [INFO] [job_submitter.go:118] ["add DDL jobs"] [category=ddl] ["batch count"=1] [jobs="ID:17, Type:create table, State:queueing, SchemaState:none, SchemaID:1, TableID:16, RowCount:0, ArgLen:1, start time: 2026-07-13 01:03:51.394 +0800 CST, Err:<nil>, ErrCount:0, SnapshotVersion:0, Version: v2; "] [fast_create=true]
[2026/07/13 01:03:51.394 +08:00] [INFO] [executor.go:7260] ["DDL job submitted"] [category=ddl] [job="ID:17, Type:create table, State:queueing, SchemaState:none, SchemaID:1, TableID:16, RowCount:0, ArgLen:1, start time: 2026-07-13 01:03:51.394 +0800 CST, Err:<nil>, ErrCount:0, SnapshotVersion:0, Version: v2"] [query="CREATE TABLE IF NOT EXISTS mysql.global_variables (\n\t\tVARIABLE_NAME  VARCHAR(64) NOT NULL PRIMARY KEY,\n\t\tVARIABLE_VALUE VARCHAR(16383) DEFAULT NULL);"]
[2026/07/13 01:03:51.394 +08:00] [INFO] [job_worker.go:854] ["run one job step"] [category=ddl] [jobID=17] [job="ID:17, Type:create table, State:queueing, SchemaState:none, SchemaID:1, TableID:16, RowCount:0, ArgLen:0, start time: 2026-07-13 01:03:51.394 +0800 CST, Err:<nil>, ErrCount:0, SnapshotVersion:0, Version: v2"]
[2026/07/13 01:03:51.395 +08:00] [INFO] [loader.go:216] ["diff load InfoSchema success"] [mode=auto] [isV2=true] [currVer=7] [neededVer=8] [gotVer=8] ["elapsed time"=63.083µs] [phyTblIDs="[16]"] [actionTypes="[3]"] [diffTypes="[\"create table\"]"]
[2026/07/13 01:03:51.395 +08:00] [INFO] [syncer.go:258] ["session manager is nil"]
[2026/07/13 01:03:51.395 +08:00] [INFO] [syncer.go:281] ["mdl gets lock, update self version to owner"] [jobID=17] [version=8]
[2026/07/13 01:03:51.397 +08:00] [INFO] [schema_version.go:397] ["wait schema version synced success"] [category=ddl] [ver=8] [checkAssumedSvr=false] ["take time"=2.05425ms] [job="ID:17, Type:create table, State:done, SchemaState:public, SchemaID:1, TableID:16, RowCount:0, ArgLen:1, start time: 2026-07-13 01:03:51.394 +0800 CST, Err:<nil>, ErrCount:0, SnapshotVersion:0, Version: v2"] [summary="server count: 1"]
[2026/07/13 01:03:51.397 +08:00] [INFO] [job_worker.go:447] ["finish DDL job"] [category=ddl] [jobID=17] [job="ID:17, Type:create table, State:synced, SchemaState:public, SchemaID:1, TableID:16, RowCount:0, ArgLen:0, start time: 2026-07-13 01:03:51.394 +0800 CST, Err:<nil>, ErrCount:0, SnapshotVersion:0, Version: v2"]
[2026/07/13 01:03:51.398 +08:00] [INFO] [executor.go:7380] ["DDL job is finished"] [category=ddl] [jobID=17]
[2026/07/13 01:03:51.398 +08:00] [INFO] [session.go:5104] ["CRUCIAL OPERATION"] [conn=0] [schemaVersion=8] [cur_db=mysql] [sql="CREATE TABLE IF NOT EXISTS mysql.global_variables (\n\t\tVARIABLE_NAME  VARCHAR(64) NOT NULL PRIMARY KEY,\n\t\tVARIABLE_VALUE VARCHAR(16383) DEFAULT NULL);"] [user=]
[2026/07/13 01:03:51.398 +08:00] [INFO] [executor.go:7545] ["system variable tidb_scatter_region not found, use default value"] [category=ddl]
[2026/07/13 01:03:51.398 +08:00] [INFO] [job_submitter.go:118] ["add DDL jobs"] [category=ddl] ["batch count"=1] [jobs="ID:19, Type:create table, State:queueing, SchemaState:none, SchemaID:1, TableID:18, RowCount:0, ArgLen:1, start time: 2026-07-13 01:03:51.398 +0800 CST, Err:<nil>, ErrCount:0, SnapshotVersion:0, Version: v2; "] [fast_create=true]
[2026/07/13 01:03:51.398 +08:00] [INFO] [executor.go:7260] ["DDL job submitted"] [category=ddl] [job="ID:19, Type:create table, State:queueing, SchemaState:none, SchemaID:1, TableID:18, RowCount:0, ArgLen:1, start time: 2026-07-13 01:03:51.398 +0800 CST, Err:<nil>, ErrCount:0, SnapshotVersion:0, Version: v2"] [query="CREATE TABLE IF NOT EXISTS mysql.tidb (\n\t\tVARIABLE_NAME  \tVARCHAR(64) NOT NULL PRIMARY KEY,\n\t\tVARIABLE_VALUE \tVARCHAR(1024) DEFAULT NULL,\n\t\tCOMMENT \t\tVARCHAR(1024));"]
[2026/07/13 01:03:51.398 +08:00] [INFO] [job_worker.go:854] ["run one job step"] [category=ddl] [jobID=19] [job="ID:19, Type:create table, State:queueing, SchemaState:none, SchemaID:1, TableID:18, RowCount:0, ArgLen:0, start time: 2026-07-13 01:03:51.398 +0800 CST, Err:<nil>, ErrCount:0, SnapshotVersion:0, Version: v2"]
[2026/07/13 01:03:51.399 +08:00] [INFO] [loader.go:216] ["diff load InfoSchema success"] [mode=auto] [isV2=true] [currVer=8] [neededVer=9] [gotVer=9] ["elapsed time"=53.542µs] [phyTblIDs="[18]"] [actionTypes="[3]"] [diffTypes="[\"create table\"]"]
[2026/07/13 01:03:51.399 +08:00] [INFO] [syncer.go:258] ["session manager is nil"]
[2026/07/13 01:03:51.399 +08:00] [INFO] [syncer.go:281] ["mdl gets lock, update self version to owner"] [jobID=19] [version=9]
[2026/07/13 01:03:51.401 +08:00] [INFO] [schema_version.go:397] ["wait schema version synced success"] [category=ddl] [ver=9] [checkAssumedSvr=false] ["take time"=2.076792ms] [job="ID:19, Type:create table, State:done, SchemaState:public, SchemaID:1, TableID:18, RowCount:0, ArgLen:1, start time: 2026-07-13 01:03:51.398 +0800 CST, Err:<nil>, ErrCount:0, SnapshotVersion:0, Version: v2"] [summary="server count: 1"]
[2026/07/13 01:03:51.401 +08:00] [INFO] [job_worker.go:447] ["finish DDL job"] [category=ddl] [jobID=19] [job="ID:19, Type:create table, State:synced, SchemaState:public, SchemaID:1, TableID:18, RowCount:0, ArgLen:0, start time: 2026-07-13 01:03:51.398 +0800 CST, Err:<nil>, ErrCount:0, SnapshotVersion:0, Version: v2"]
[2026/07/13 01:03:51.402 +08:00] [INFO] [executor.go:7380] ["DDL job is finished"] [category=ddl] [jobID=19]
[2026/07/13 01:03:51.402 +08:00] [INFO] [session.go:5104] ["CRUCIAL OPERATION"] [conn=0] [schemaVersion=9] [cur_db=mysql] [sql="CREATE TABLE IF NOT EXISTS mysql.tidb (\n\t\tVARIABLE_NAME  \tVARCHAR(64) NOT NULL PRIMARY KEY,\n\t\tVARIABLE_VALUE \tVARCHAR(1024) DEFAULT NULL,\n\t\tCOMMENT \t\tVARCHAR(1024));"] [user=]
[2026/07/13 01:03:51.402 +08:00] [INFO] [executor.go:7545] ["system variable tidb_scatter_region not found, use default value"] [category=ddl]
[2026/07/13 01:03:51.402 +08:00] [INFO] [job_submitter.go:118] ["add DDL jobs"] [category=ddl] ["batch count"=1] [jobs="ID:21, Type:create table, State:queueing, SchemaState:none, SchemaID:1, TableID:20, RowCount:0, ArgLen:1, start time: 2026-07-13 01:03:51.402 +0800 CST, Err:<nil>, ErrCount:0, SnapshotVersion:0, Version: v2; "] [fast_create=true]
[2026/07/13 01:03:51.402 +08:00] [INFO] [executor.go:7260] ["DDL job submitted"] [category=ddl] [job="ID:21, Type:create table, State:queueing, SchemaState:none, SchemaID:1, TableID:20, RowCount:0, ArgLen:1, start time: 2026-07-13 01:03:51.402 +0800 CST, Err:<nil>, ErrCount:0, SnapshotVersion:0, Version: v2"] [query="CREATE TABLE IF NOT EXISTS mysql.help_topic (\n\t\thelp_topic_id \t\tINT(10) UNSIGNED NOT NULL,\n\t\tname \t\t\t\tCHAR(64) NOT NULL,\n\t\thelp_category_id \tSMALLINT(5) UNSIGNED NOT NULL,\n\t\tdescription \t\tTEXT NOT NULL,\n\t\texample \t\t\tTEXT NOT NULL,\n\t\turl \t\t\t\tTEXT NOT NULL,\n\t\tPRIMARY KEY (help_topic_id) clustered,\n\t\tUNIQUE KEY name (name)\n\t\t) ENGINE=InnoDB DEFAULT CHARSET=utf8 STATS_PERSISTENT=0 COMMENT='help topics';"]
[2026/07/13 01:03:51.403 +08:00] [INFO] [job_worker.go:854] ["run one job step"] [category=ddl] [jobID=21] [job="ID:21, Type:create table, State:queueing, SchemaState:none, SchemaID:1, TableID:20, RowCount:0, ArgLen:0, start time: 2026-07-13 01:03:51.402 +0800 CST, Err:<nil>, ErrCount:0, SnapshotVersion:0, Version: v2"]
[2026/07/13 01:03:51.403 +08:00] [INFO] [loader.go:216] ["diff load InfoSchema success"] [mode=auto] [isV2=true] [currVer=9] [neededVer=10] [gotVer=10] ["elapsed time"=75.792µs] [phyTblIDs="[20]"] [actionTypes="[3]"] [diffTypes="[\"create table\"]"]
[2026/07/13 01:03:51.404 +08:00] [INFO] [syncer.go:258] ["session manager is nil"]
[2026/07/13 01:03:51.404 +08:00] [INFO] [syncer.go:281] ["mdl gets lock, update self version to owner"] [jobID=21] [version=10]
[2026/07/13 01:03:51.405 +08:00] [INFO] [schema_version.go:397] ["wait schema version synced success"] [category=ddl] [ver=10] [checkAssumedSvr=false] ["take time"=2.124292ms] [job="ID:21, Type:create table, State:done, SchemaState:public, SchemaID:1, TableID:20, RowCount:0, ArgLen:1, start time: 2026-07-13 01:03:51.402 +0800 CST, Err:<nil>, ErrCount:0, SnapshotVersion:0, Version: v2"] [summary="server count: 1"]
[2026/07/13 01:03:51.406 +08:00] [INFO] [job_worker.go:447] ["finish DDL job"] [category=ddl] [jobID=21] [job="ID:21, Type:create table, State:synced, SchemaState:public, SchemaID:1, TableID:20, RowCount:0, ArgLen:0, start time: 2026-07-13 01:03:51.402 +0800 CST, Err:<nil>, ErrCount:0, SnapshotVersion:0, Version: v2"]
[2026/07/13 01:03:51.406 +08:00] [INFO] [executor.go:7380] ["DDL job is finished"] [category=ddl] [jobID=21]
[2026/07/13 01:03:51.406 +08:00] [INFO] [session.go:5104] ["CRUCIAL OPERATION"] [conn=0] [schemaVersion=10] [cur_db=mysql] [sql="CREATE TABLE IF NOT EXISTS mysql.help_topic (\n\t\thelp_topic_id \t\tINT(10) UNSIGNED NOT NULL,\n\t\tname \t\t\t\tCHAR(64) NOT NULL,\n\t\thelp_category_id \tSMALLINT(5) UNSIGNED NOT NULL,\n\t\tdescription \t\tTEXT NOT NULL,\n\t\texample \t\t\tTEXT NOT NULL,\n\t\turl \t\t\t\tTEXT NOT NULL,\n\t\tPRIMARY KEY (help_topic_id) clustered,\n\t\tUNIQUE KEY name (name)\n\t\t) ENGINE=InnoDB DEFAULT CHARSET=utf8 STATS_PERSISTENT=0 COMMENT='help topics';"] [user=]
[2026/07/13 01:03:51.407 +08:00] [INFO] [executor.go:7545] ["system variable tidb_scatter_region not found, use default value"] [category=ddl]
[2026/07/13 01:03:51.407 +08:00] [INFO] [job_submitter.go:118] ["add DDL jobs"] [category=ddl] ["batch count"=1] [jobs="ID:23, Type:create table, State:queueing, SchemaState:none, SchemaID:1, TableID:22, RowCount:0, ArgLen:1, start time: 2026-07-13 01:03:51.407 +0800 CST, Err:<nil>, ErrCount:0, SnapshotVersion:0, Version: v2; "] [fast_create=true]
[2026/07/13 01:03:51.407 +08:00] [INFO] [executor.go:7260] ["DDL job submitted"] [category=ddl] [job="ID:23, Type:create table, State:queueing, SchemaState:none, SchemaID:1, TableID:22, RowCount:0, ArgLen:1, start time: 2026-07-13 01:03:51.407 +0800 CST, Err:<nil>, ErrCount:0, SnapshotVersion:0, Version: v2"] [query="CREATE TABLE IF NOT EXISTS mysql.stats_meta (\n\t\tversion \t\t\t\t\tBIGINT(64) UNSIGNED NOT NULL,\n\t\ttable_id \t\t\t\t\tBIGINT(64) NOT NULL,\n\t\tmodify_count\t\t\t\tBIGINT(64) NOT NULL DEFAULT 0,\n\t\tcount \t\t\t\t\t\tBIGINT(64) UNSIGNED NOT NULL DEFAULT 0,\n\t\tsnapshot        \t\t\tBIGINT(64) UNSIGNED NOT NULL DEFAULT 0,\n\t\tlast_stats_histograms_version \tBIGINT(64) UNSIGNED DEFAULT NULL,\n\t\tPRIMARY KEY (table_id) CLUSTERED,\n\t\tINDEX idx_ver(version)\n\t);"]
[2026/07/13 01:03:51.407 +08:00] [INFO] [job_worker.go:854] ["run one job step"] [category=ddl] [jobID=23] [job="ID:23, Type:create table, State:queueing, SchemaState:none, SchemaID:1, TableID:22, RowCount:0, ArgLen:0, start time: 2026-07-13 01:03:51.407 +0800 CST, Err:<nil>, ErrCount:0, SnapshotVersion:0, Version: v2"]
[2026/07/13 01:03:51.408 +08:00] [INFO] [loader.go:216] ["diff load InfoSchema success"] [mode=auto] [isV2=true] [currVer=10] [neededVer=11] [gotVer=11] ["elapsed time"=74.125µs] [phyTblIDs="[22]"] [actionTypes="[3]"] [diffTypes="[\"create table\"]"]
[2026/07/13 01:03:51.408 +08:00] [INFO] [syncer.go:258] ["session manager is nil"]
[2026/07/13 01:03:51.408 +08:00] [INFO] [syncer.go:281] ["mdl gets lock, update self version to owner"] [jobID=23] [version=11]
[2026/07/13 01:03:51.410 +08:00] [INFO] [schema_version.go:397] ["wait schema version synced success"] [category=ddl] [ver=11] [checkAssumedSvr=false] ["take time"=2.184208ms] [job="ID:23, Type:create table, State:done, SchemaState:public, SchemaID:1, TableID:22, RowCount:0, ArgLen:1, start time: 2026-07-13 01:03:51.407 +0800 CST, Err:<nil>, ErrCount:0, SnapshotVersion:0, Version: v2"] [summary="server count: 1"]
[2026/07/13 01:03:51.410 +08:00] [INFO] [job_worker.go:447] ["finish DDL job"] [category=ddl] [jobID=23] [job="ID:23, Type:create table, State:synced, SchemaState:public, SchemaID:1, TableID:22, RowCount:0, ArgLen:0, start time: 2026-07-13 01:03:51.407 +0800 CST, Err:<nil>, ErrCount:0, SnapshotVersion:0, Version: v2"]
[2026/07/13 01:03:51.411 +08:00] [INFO] [executor.go:7380] ["DDL job is finished"] [category=ddl] [jobID=23]
[2026/07/13 01:03:51.411 +08:00] [INFO] [session.go:5104] ["CRUCIAL OPERATION"] [conn=0] [schemaVersion=11] [cur_db=mysql] [sql="CREATE TABLE IF NOT EXISTS mysql.stats_meta (\n\t\tversion \t\t\t\t\tBIGINT(64) UNSIGNED NOT NULL,\n\t\ttable_id \t\t\t\t\tBIGINT(64) NOT NULL,\n\t\tmodify_count\t\t\t\tBIGINT(64) NOT NULL DEFAULT 0,\n\t\tcount \t\t\t\t\t\tBIGINT(64) UNSIGNED NOT NULL DEFAULT 0,\n\t\tsnapshot        \t\t\tBIGINT(64) UNSIGNED NOT NULL DEFAULT 0,\n\t\tlast_stats_histograms_version \tBIGINT(64) UNSIGNED DEFAULT NULL,\n\t\tPRIMARY KEY (table_id) CLUSTERED,\n\t\tINDEX idx_ver(version)\n\t);"] [user=]
[2026/07/13 01:03:51.411 +08:00] [INFO] [add_column.go:1339] ["Automatically convert BLOB(6291456) to MEDIUMBLOB"] [category=ddl]
[2026/07/13 01:03:51.411 +08:00] [INFO] [executor.go:7545] ["system variable tidb_scatter_region not found, use default value"] [category=ddl]
[2026/07/13 01:03:51.412 +08:00] [INFO] [job_submitter.go:118] ["add DDL jobs"] [category=ddl] ["batch count"=1] [jobs="ID:25, Type:create table, State:queueing, SchemaState:none, SchemaID:1, TableID:24, RowCount:0, ArgLen:1, start time: 2026-07-13 01:03:51.411 +0800 CST, Err:<nil>, ErrCount:0, SnapshotVersion:0, Version: v2; "] [fast_create=true]
[2026/07/13 01:03:51.412 +08:00] [INFO] [executor.go:7260] ["DDL job submitted"] [category=ddl] [job="ID:25, Type:create table, State:queueing, SchemaState:none, SchemaID:1, TableID:24, RowCount:0, ArgLen:1, start time: 2026-07-13 01:03:51.411 +0800 CST, Err:<nil>, ErrCount:0, SnapshotVersion:0, Version: v2"] [query="CREATE TABLE IF NOT EXISTS mysql.stats_histograms (\n\t\ttable_id \t\t\tBIGINT(64) NOT NULL,\n\t\tis_index \t\t\tTINYINT(2) NOT NULL,\n\t\thist_id \t\t\tBIGINT(64) NOT NULL,\n\t\tdistinct_count \t\tBIGINT(64) NOT NULL,\n\t\tnull_count \t\t\tBIGINT(64) NOT NULL DEFAULT 0,\n\t\ttot_col_size \t\tBIGINT(64) NOT NULL DEFAULT 0,\n\t\tmodify_count \t\tBIGINT(64) NOT NULL DEFAULT 0,\n\t\tversion \t\t\tBIGINT(64) UNSIGNED NOT NULL DEFAULT 0,\n\t\tcm_sketch \t\t\tBLOB(6291456),\n\t\tstats_ver \t\t\tBIGINT(64) NOT NULL DEFAULT 0,\n\t\tflag \t\t\t\tBIGINT(64) NOT NULL DEFAULT 0,\n\t\tcorrelation \t\tDOUBLE NOT NULL DEFAULT 0,\n\t\tlast_analyze_pos \tLONGBLOB DEFAULT NULL,\n\t\tPRIMARY KEY (table_id, is_index, hist_id) CLUSTERED\n\t);"]
[2026/07/13 01:03:51.412 +08:00] [INFO] [job_worker.go:854] ["run one job step"] [category=ddl] [jobID=25] [job="ID:25, Type:create table, State:queueing, SchemaState:none, SchemaID:1, TableID:24, RowCount:0, ArgLen:0, start time: 2026-07-13 01:03:51.411 +0800 CST, Err:<nil>, ErrCount:0, SnapshotVersion:0, Version: v2"]
[2026/07/13 01:03:51.413 +08:00] [INFO] [loader.go:216] ["diff load InfoSchema success"] [mode=auto] [isV2=true] [currVer=11] [neededVer=12] [gotVer=12] ["elapsed time"=107.833µs] [phyTblIDs="[24]"] [actionTypes="[3]"] [diffTypes="[\"create table\"]"]
[2026/07/13 01:03:51.413 +08:00] [INFO] [syncer.go:258] ["session manager is nil"]
[2026/07/13 01:03:51.413 +08:00] [INFO] [syncer.go:281] ["mdl gets lock, update self version to owner"] [jobID=25] [version=12]
[2026/07/13 01:03:51.415 +08:00] [INFO] [schema_version.go:397] ["wait schema version synced success"] [category=ddl] [ver=12] [checkAssumedSvr=false] ["take time"=2.027417ms] [job="ID:25, Type:create table, State:done, SchemaState:public, SchemaID:1, TableID:24, RowCount:0, ArgLen:1, start time: 2026-07-13 01:03:51.411 +0800 CST, Err:<nil>, ErrCount:0, SnapshotVersion:0, Version: v2"] [summary="server count: 1"]
[2026/07/13 01:03:51.415 +08:00] [INFO] [job_worker.go:447] ["finish DDL job"] [category=ddl] [jobID=25] [job="ID:25, Type:create table, State:synced, SchemaState:public, SchemaID:1, TableID:24, RowCount:0, ArgLen:0, start time: 2026-07-13 01:03:51.411 +0800 CST, Err:<nil>, ErrCount:0, SnapshotVersion:0, Version: v2"]
[2026/07/13 01:03:51.416 +08:00] [INFO] [executor.go:7380] ["DDL job is finished"] [category=ddl] [jobID=25]
[2026/07/13 01:03:51.416 +08:00] [INFO] [session.go:5104] ["CRUCIAL OPERATION"] [conn=0] [schemaVersion=12] [cur_db=mysql] [sql="CREATE TABLE IF NOT EXISTS mysql.stats_histograms (\n\t\ttable_id \t\t\tBIGINT(64) NOT NULL,\n\t\tis_index \t\t\tTINYINT(2) NOT NULL,\n\t\thist_id \t\t\tBIGINT(64) NOT NULL,\n\t\tdistinct_count \t\tBIGINT(64) NOT NULL,\n\t\tnull_count \t\t\tBIGINT(64) NOT NULL DEFAULT 0,\n\t\ttot_col_size \t\tBIGINT(64) NOT NULL DEFAULT 0,\n\t\tmodify_count \t\tBIGINT(64) NOT NULL DEFAULT 0,\n\t\tversion \t\t\tBIGINT(64) UNSIGNED NOT NULL DEFAULT 0,\n\t\tcm_sketch \t\t\tBLOB(6291456),\n\t\tstats_ver \t\t\tBIGINT(64) NOT NULL DEFAULT 0,\n\t\tflag \t\t\t\tBIGINT(64) NOT NULL DEFAULT 0,\n\t\tcorrelation \t\tDOUBLE NOT NULL DEFAULT 0,\n\t\tlast_analyze_pos \tLONGBLOB DEFAULT NULL,\n\t\tPRIMARY KEY (table_id, is_index, hist_id) CLUSTERED\n\t);"] [user=]
[2026/07/13 01:03:51.416 +08:00] [INFO] [executor.go:7545] ["system variable tidb_scatter_region not found, use default value"] [category=ddl]
[2026/07/13 01:03:51.416 +08:00] [INFO] [job_submitter.go:118] ["add DDL jobs"] [category=ddl] ["batch count"=1] [jobs="ID:27, Type:create table, State:queueing, SchemaState:none, SchemaID:1, TableID:26, RowCount:0, ArgLen:1, start time: 2026-07-13 01:03:51.416 +0800 CST, Err:<nil>, ErrCount:0, SnapshotVersion:0, Version: v2; "] [fast_create=true]
[2026/07/13 01:03:51.416 +08:00] [INFO] [executor.go:7260] ["DDL job submitted"] [category=ddl] [job="ID:27, Type:create table, State:queueing, SchemaState:none, SchemaID:1, TableID:26, RowCount:0, ArgLen:1, start time: 2026-07-13 01:03:51.416 +0800 CST, Err:<nil>, ErrCount:0, SnapshotVersion:0, Version: v2"] [query="CREATE TABLE IF NOT EXISTS mysql.stats_buckets (\n\t\ttable_id \tBIGINT(64) NOT NULL,\n\t\tis_index \tTINYINT(2) NOT NULL,\n\t\thist_id \tBIGINT(64) NOT NULL,\n\t\tbucket_id \tBIGINT(64) NOT NULL,\n\t\tcount \t\tBIGINT(64) NOT NULL,\n\t\trepeats \tBIGINT(64) NOT NULL,\n\t\tupper_bound LONGBLOB NOT NULL,\n\t\tlower_bound LONGBLOB ,\n\t\tndv         BIGINT NOT NULL DEFAULT 0,\n\t\tPRIMARY KEY (table_id, is_index, hist_id, bucket_id) CLUSTERED\n\t);"]
[2026/07/13 01:03:51.417 +08:00] [INFO] [job_worker.go:854] ["run one job step"] [category=ddl] [jobID=27] [job="ID:27, Type:create table, State:queueing, SchemaState:none, SchemaID:1, TableID:26, RowCount:0, ArgLen:0, start time: 2026-07-13 01:03:51.416 +0800 CST, Err:<nil>, ErrCount:0, SnapshotVersion:0, Version: v2"]
[2026/07/13 01:03:51.418 +08:00] [INFO] [loader.go:216] ["diff load InfoSchema success"] [mode=auto] [isV2=true] [currVer=12] [neededVer=13] [gotVer=13] ["elapsed time"=85.5µs] [phyTblIDs="[26]"] [actionTypes="[3]"] [diffTypes="[\"create table\"]"]
[2026/07/13 01:03:51.418 +08:00] [INFO] [syncer.go:258] ["session manager is nil"]
[2026/07/13 01:03:51.418 +08:00] [INFO] [syncer.go:281] ["mdl gets lock, update self version to owner"] [jobID=27] [version=13]
[2026/07/13 01:03:51.420 +08:00] [INFO] [schema_version.go:397] ["wait schema version synced success"] [category=ddl] [ver=13] [checkAssumedSvr=false] ["take time"=2.138ms] [job="ID:27, Type:create table, State:done, SchemaState:public, SchemaID:1, TableID:26, RowCount:0, ArgLen:1, start time: 2026-07-13 01:03:51.416 +0800 CST, Err:<nil>, ErrCount:0, SnapshotVersion:0, Version: v2"] [summary="server count: 1"]
[2026/07/13 01:03:51.420 +08:00] [INFO] [job_worker.go:447] ["finish DDL job"] [category=ddl] [jobID=27] [job="ID:27, Type:create table, State:synced, SchemaState:public, SchemaID:1, TableID:26, RowCount:0, ArgLen:0, start time: 2026-07-13 01:03:51.416 +0800 CST, Err:<nil>, ErrCount:0, SnapshotVersion:0, Version: v2"]
[2026/07/13 01:03:51.421 +08:00] [INFO] [executor.go:7380] ["DDL job is finished"] [category=ddl] [jobID=27]
[2026/07/13 01:03:51.421 +08:00] [INFO] [session.go:5104] ["CRUCIAL OPERATION"] [conn=0] [schemaVersion=13] [cur_db=mysql] [sql="CREATE TABLE IF NOT EXISTS mysql.stats_buckets (\n\t\ttable_id \tBIGINT(64) NOT NULL,\n\t\tis_index \tTINYINT(2) NOT NULL,\n\t\thist_id \tBIGINT(64) NOT NULL,\n\t\tbucket_id \tBIGINT(64) NOT NULL,\n\t\tcount \t\tBIGINT(64) NOT NULL,\n\t\trepeats \tBIGINT(64) NOT NULL,\n\t\tupper_bound LONGBLOB NOT NULL,\n\t\tlower_bound LONGBLOB ,\n\t\tndv         BIGINT NOT NULL DEFAULT 0,\n\t\tPRIMARY KEY (table_id, is_index, hist_id, bucket_id) CLUSTERED\n\t);"] [user=]
[2026/07/13 01:03:51.421 +08:00] [INFO] [executor.go:7545] ["system variable tidb_scatter_region not found, use default value"] [category=ddl]
[2026/07/13 01:03:51.421 +08:00] [INFO] [job_submitter.go:118] ["add DDL jobs"] [category=ddl] ["batch count"=1] [jobs="ID:29, Type:create table, State:queueing, SchemaState:none, SchemaID:1, TableID:28, RowCount:0, ArgLen:1, start time: 2026-07-13 01:03:51.421 +0800 CST, Err:<nil>, ErrCount:0, SnapshotVersion:0, Version: v2; "] [fast_create=true]
[2026/07/13 01:03:51.421 +08:00] [INFO] [executor.go:7260] ["DDL job submitted"] [category=ddl] [job="ID:29, Type:create table, State:queueing, SchemaState:none, SchemaID:1, TableID:28, RowCount:0, ArgLen:1, start time: 2026-07-13 01:03:51.421 +0800 CST, Err:<nil>, ErrCount:0, SnapshotVersion:0, Version: v2"] [query="CREATE TABLE IF NOT EXISTS mysql.gc_delete_range (\n\t\tjob_id \t\tBIGINT NOT NULL COMMENT \"the DDL job ID\",\n\t\telement_id \tBIGINT NOT NULL COMMENT \"the schema element ID\",\n\t\tstart_key \tVARCHAR(255) NOT NULL COMMENT \"encoded in hex\",\n\t\tend_key \tVARCHAR(255) NOT NULL COMMENT \"encoded in hex\",\n\t\tts \t\t\tBIGINT NOT NULL COMMENT \"timestamp in uint64\",\n\t\tUNIQUE KEY delete_range_index (job_id, element_id)\n\t);"]
[2026/07/13 01:03:51.421 +08:00] [INFO] [job_worker.go:854] ["run one job step"] [category=ddl] [jobID=29] [job="ID:29, Type:create table, State:queueing, SchemaState:none, SchemaID:1, TableID:28, RowCount:0, ArgLen:0, start time: 2026-07-13 01:03:51.421 +0800 CST, Err:<nil>, ErrCount:0, SnapshotVersion:0, Version: v2"]
[2026/07/13 01:03:51.422 +08:00] [INFO] [loader.go:216] ["diff load InfoSchema success"] [mode=auto] [isV2=true] [currVer=13] [neededVer=14] [gotVer=14] ["elapsed time"=74.917µs] [phyTblIDs="[28]"] [actionTypes="[3]"] [diffTypes="[\"create table\"]"]
[2026/07/13 01:03:51.422 +08:00] [INFO] [syncer.go:258] ["session manager is nil"]
[2026/07/13 01:03:51.422 +08:00] [INFO] [syncer.go:281] ["mdl gets lock, update self version to owner"] [jobID=29] [version=14]
[2026/07/13 01:03:51.424 +08:00] [INFO] [schema_version.go:397] ["wait schema version synced success"] [category=ddl] [ver=14] [checkAssumedSvr=false] ["take time"=2.220042ms] [job="ID:29, Type:create table, State:done, SchemaState:public, SchemaID:1, TableID:28, RowCount:0, ArgLen:1, start time: 2026-07-13 01:03:51.421 +0800 CST, Err:<nil>, ErrCount:0, SnapshotVersion:0, Version: v2"] [summary="server count: 1"]
[2026/07/13 01:03:51.425 +08:00] [INFO] [job_worker.go:447] ["finish DDL job"] [category=ddl] [jobID=29] [job="ID:29, Type:create table, State:synced, SchemaState:public, SchemaID:1, TableID:28, RowCount:0, ArgLen:0, start time: 2026-07-13 01:03:51.421 +0800 CST, Err:<nil>, ErrCount:0, SnapshotVersion:0, Version: v2"]
[2026/07/13 01:03:51.425 +08:00] [INFO] [executor.go:7380] ["DDL job is finished"] [category=ddl] [jobID=29]
[2026/07/13 01:03:51.425 +08:00] [INFO] [session.go:5104] ["CRUCIAL OPERATION"] [conn=0] [schemaVersion=14] [cur_db=mysql] [sql="CREATE TABLE IF NOT EXISTS mysql.gc_delete_range (\n\t\tjob_id \t\tBIGINT NOT NULL COMMENT \"the DDL job ID\",\n\t\telement_id \tBIGINT NOT NULL COMMENT \"the schema element ID\",\n\t\tstart_key \tVARCHAR(255) NOT NULL COMMENT \"encoded in hex\",\n\t\tend_key \tVARCHAR(255) NOT NULL COMMENT \"encoded in hex\",\n\t\tts \t\t\tBIGINT NOT NULL COMMENT \"timestamp in uint64\",\n\t\tUNIQUE KEY delete_range_index (job_id, element_id)\n\t);"] [user=]
[2026/07/13 01:03:51.425 +08:00] [INFO] [executor.go:7545] ["system variable tidb_scatter_region not found, use default value"] [category=ddl]
[2026/07/13 01:03:51.426 +08:00] [INFO] [job_submitter.go:118] ["add DDL jobs"] [category=ddl] ["batch count"=1] [jobs="ID:31, Type:create table, State:queueing, SchemaState:none, SchemaID:1, TableID:30, RowCount:0, ArgLen:1, start time: 2026-07-13 01:03:51.426 +0800 CST, Err:<nil>, ErrCount:0, SnapshotVersion:0, Version: v2; "] [fast_create=true]
[2026/07/13 01:03:51.426 +08:00] [INFO] [executor.go:7260] ["DDL job submitted"] [category=ddl] [job="ID:31, Type:create table, State:queueing, SchemaState:none, SchemaID:1, TableID:30, RowCount:0, ArgLen:1, start time: 2026-07-13 01:03:51.426 +0800 CST, Err:<nil>, ErrCount:0, SnapshotVersion:0, Version: v2"] [query="CREATE TABLE IF NOT EXISTS mysql.gc_delete_range_done (\n\t\tjob_id \t\tBIGINT NOT NULL COMMENT \"the DDL job ID\",\n\t\telement_id \tBIGINT NOT NULL COMMENT \"the schema element ID\",\n\t\tstart_key \tVARCHAR(255) NOT NULL COMMENT \"encoded in hex\",\n\t\tend_key \tVARCHAR(255) NOT NULL COMMENT \"encoded in hex\",\n\t\tts \t\t\tBIGINT NOT NULL COMMENT \"timestamp in uint64\",\n\t\tUNIQUE KEY delete_range_done_index (job_id, element_id)\n\t);"]
[2026/07/13 01:03:51.426 +08:00] [INFO] [job_worker.go:854] ["run one job step"] [category=ddl] [jobID=31] [job="ID:31, Type:create table, State:queueing, SchemaState:none, SchemaID:1, TableID:30, RowCount:0, ArgLen:0, start time: 2026-07-13 01:03:51.426 +0800 CST, Err:<nil>, ErrCount:0, SnapshotVersion:0, Version: v2"]
[2026/07/13 01:03:51.427 +08:00] [INFO] [loader.go:216] ["diff load InfoSchema success"] [mode=auto] [isV2=true] [currVer=14] [neededVer=15] [gotVer=15] ["elapsed time"=68µs] [phyTblIDs="[30]"] [actionTypes="[3]"] [diffTypes="[\"create table\"]"]
[2026/07/13 01:03:51.427 +08:00] [INFO] [syncer.go:258] ["session manager is nil"]
[2026/07/13 01:03:51.427 +08:00] [INFO] [syncer.go:281] ["mdl gets lock, update self version to owner"] [jobID=31] [version=15]
[2026/07/13 01:03:51.429 +08:00] [INFO] [schema_version.go:397] ["wait schema version synced success"] [category=ddl] [ver=15] [checkAssumedSvr=false] ["take time"=2.044584ms] [job="ID:31, Type:create table, State:done, SchemaState:public, SchemaID:1, TableID:30, RowCount:0, ArgLen:1, start time: 2026-07-13 01:03:51.426 +0800 CST, Err:<nil>, ErrCount:0, SnapshotVersion:0, Version: v2"] [summary="server count: 1"]
[2026/07/13 01:03:51.429 +08:00] [INFO] [job_worker.go:447] ["finish DDL job"] [category=ddl] [jobID=31] [job="ID:31, Type:create table, State:synced, SchemaState:public, SchemaID:1, TableID:30, RowCount:0, ArgLen:0, start time: 2026-07-13 01:03:51.426 +0800 CST, Err:<nil>, ErrCount:0, SnapshotVersion:0, Version: v2"]
[2026/07/13 01:03:51.430 +08:00] [INFO] [executor.go:7380] ["DDL job is finished"] [category=ddl] [jobID=31]
[2026/07/13 01:03:51.430 +08:00] [INFO] [session.go:5104] ["CRUCIAL OPERATION"] [conn=0] [schemaVersion=15] [cur_db=mysql] [sql="CREATE TABLE IF NOT EXISTS mysql.gc_delete_range_done (\n\t\tjob_id \t\tBIGINT NOT NULL COMMENT \"the DDL job ID\",\n\t\telement_id \tBIGINT NOT NULL COMMENT \"the schema element ID\",\n\t\tstart_key \tVARCHAR(255) NOT NULL COMMENT \"encoded in hex\",\n\t\tend_key \tVARCHAR(255) NOT NULL COMMENT \"encoded in hex\",\n\t\tts \t\t\tBIGINT NOT NULL COMMENT \"timestamp in uint64\",\n\t\tUNIQUE KEY delete_range_done_index (job_id, element_id)\n\t);"] [user=]
[2026/07/13 01:03:51.430 +08:00] [INFO] [executor.go:7545] ["system variable tidb_scatter_region not found, use default value"] [category=ddl]
[2026/07/13 01:03:51.430 +08:00] [INFO] [job_submitter.go:118] ["add DDL jobs"] [category=ddl] ["batch count"=1] [jobs="ID:33, Type:create table, State:queueing, SchemaState:none, SchemaID:1, TableID:32, RowCount:0, ArgLen:1, start time: 2026-07-13 01:03:51.43 +0800 CST, Err:<nil>, ErrCount:0, SnapshotVersion:0, Version: v2; "] [fast_create=true]
[2026/07/13 01:03:51.430 +08:00] [INFO] [executor.go:7260] ["DDL job submitted"] [category=ddl] [job="ID:33, Type:create table, State:queueing, SchemaState:none, SchemaID:1, TableID:32, RowCount:0, ArgLen:1, start time: 2026-07-13 01:03:51.43 +0800 CST, Err:<nil>, ErrCount:0, SnapshotVersion:0, Version: v2"] [query="CREATE TABLE IF NOT EXISTS mysql.stats_feedback (\n\t\ttable_id \tBIGINT(64) NOT NULL,\n\t\tis_index \tTINYINT(2) NOT NULL,\n\t\thist_id \tBIGINT(64) NOT NULL,\n\t\tfeedback \tBLOB NOT NULL,\n\t\tINDEX hist(table_id, is_index, hist_id)\n\t);"]
[2026/07/13 01:03:51.430 +08:00] [INFO] [job_worker.go:854] ["run one job step"] [category=ddl] [jobID=33] [job="ID:33, Type:create table, State:queueing, SchemaState:none, SchemaID:1, TableID:32, RowCount:0, ArgLen:0, start time: 2026-07-13 01:03:51.43 +0800 CST, Err:<nil>, ErrCount:0, SnapshotVersion:0, Version: v2"]
[2026/07/13 01:03:51.431 +08:00] [INFO] [loader.go:216] ["diff load InfoSchema success"] [mode=auto] [isV2=true] [currVer=15] [neededVer=16] [gotVer=16] ["elapsed time"=62.292µs] [phyTblIDs="[32]"] [actionTypes="[3]"] [diffTypes="[\"create table\"]"]
[2026/07/13 01:03:51.431 +08:00] [INFO] [syncer.go:258] ["session manager is nil"]
[2026/07/13 01:03:51.431 +08:00] [INFO] [syncer.go:281] ["mdl gets lock, update self version to owner"] [jobID=33] [version=16]
[2026/07/13 01:03:51.433 +08:00] [INFO] [schema_version.go:397] ["wait schema version synced success"] [category=ddl] [ver=16] [checkAssumedSvr=false] ["take time"=2.055208ms] [job="ID:33, Type:create table, State:done, SchemaState:public, SchemaID:1, TableID:32, RowCount:0, ArgLen:1, start time: 2026-07-13 01:03:51.43 +0800 CST, Err:<nil>, ErrCount:0, SnapshotVersion:0, Version: v2"] [summary="server count: 1"]
[2026/07/13 01:03:51.433 +08:00] [INFO] [job_worker.go:447] ["finish DDL job"] [category=ddl] [jobID=33] [job="ID:33, Type:create table, State:synced, SchemaState:public, SchemaID:1, TableID:32, RowCount:0, ArgLen:0, start time: 2026-07-13 01:03:51.43 +0800 CST, Err:<nil>, ErrCount:0, SnapshotVersion:0, Version: v2"]
[2026/07/13 01:03:51.434 +08:00] [INFO] [executor.go:7380] ["DDL job is finished"] [category=ddl] [jobID=33]
[2026/07/13 01:03:51.434 +08:00] [INFO] [session.go:5104] ["CRUCIAL OPERATION"] [conn=0] [schemaVersion=16] [cur_db=mysql] [sql="CREATE TABLE IF NOT EXISTS mysql.stats_feedback (\n\t\ttable_id \tBIGINT(64) NOT NULL,\n\t\tis_index \tTINYINT(2) NOT NULL,\n\t\thist_id \tBIGINT(64) NOT NULL,\n\t\tfeedback \tBLOB NOT NULL,\n\t\tINDEX hist(table_id, is_index, hist_id)\n\t);"] [user=]
[2026/07/13 01:03:51.434 +08:00] [INFO] [executor.go:7545] ["system variable tidb_scatter_region not found, use default value"] [category=ddl]
[2026/07/13 01:03:51.434 +08:00] [INFO] [job_submitter.go:118] ["add DDL jobs"] [category=ddl] ["batch count"=1] [jobs="ID:35, Type:create table, State:queueing, SchemaState:none, SchemaID:1, TableID:34, RowCount:0, ArgLen:1, start time: 2026-07-13 01:03:51.434 +0800 CST, Err:<nil>, ErrCount:0, SnapshotVersion:0, Version: v2; "] [fast_create=true]
[2026/07/13 01:03:51.434 +08:00] [INFO] [executor.go:7260] ["DDL job submitted"] [category=ddl] [job="ID:35, Type:create table, State:queueing, SchemaState:none, SchemaID:1, TableID:34, RowCount:0, ArgLen:1, start time: 2026-07-13 01:03:51.434 +0800 CST, Err:<nil>, ErrCount:0, SnapshotVersion:0, Version: v2"] [query="CREATE TABLE IF NOT EXISTS mysql.role_edges (\n\t\tFROM_HOST \t\t\tCHAR(60) COLLATE utf8_bin NOT NULL DEFAULT '',\n\t\tFROM_USER \t\t\tCHAR(32) COLLATE utf8_bin NOT NULL DEFAULT '',\n\t\tTO_HOST \t\t\tCHAR(60) COLLATE utf8_bin NOT NULL DEFAULT '',\n\t\tTO_USER \t\t\tCHAR(32) COLLATE utf8_bin NOT NULL DEFAULT '',\n\t\tWITH_ADMIN_OPTION \tENUM('N','Y') CHARACTER SET utf8 COLLATE utf8_general_ci NOT NULL DEFAULT 'N',\n\t\tPRIMARY KEY (FROM_HOST,FROM_USER,TO_HOST,TO_USER)\n\t);"]
[2026/07/13 01:03:51.434 +08:00] [INFO] [job_worker.go:854] ["run one job step"] [category=ddl] [jobID=35] [job="ID:35, Type:create table, State:queueing, SchemaState:none, SchemaID:1, TableID:34, RowCount:0, ArgLen:0, start time: 2026-07-13 01:03:51.434 +0800 CST, Err:<nil>, ErrCount:0, SnapshotVersion:0, Version: v2"]
[2026/07/13 01:03:51.435 +08:00] [INFO] [loader.go:216] ["diff load InfoSchema success"] [mode=auto] [isV2=true] [currVer=16] [neededVer=17] [gotVer=17] ["elapsed time"=64.292µs] [phyTblIDs="[34]"] [actionTypes="[3]"] [diffTypes="[\"create table\"]"]
[2026/07/13 01:03:51.435 +08:00] [INFO] [syncer.go:258] ["session manager is nil"]
[2026/07/13 01:03:51.435 +08:00] [INFO] [syncer.go:281] ["mdl gets lock, update self version to owner"] [jobID=35] [version=17]
[2026/07/13 01:03:51.437 +08:00] [INFO] [schema_version.go:397] ["wait schema version synced success"] [category=ddl] [ver=17] [checkAssumedSvr=false] ["take time"=2.075ms] [job="ID:35, Type:create table, State:done, SchemaState:public, SchemaID:1, TableID:34, RowCount:0, ArgLen:1, start time: 2026-07-13 01:03:51.434 +0800 CST, Err:<nil>, ErrCount:0, SnapshotVersion:0, Version: v2"] [summary="server count: 1"]
[2026/07/13 01:03:51.437 +08:00] [INFO] [job_worker.go:447] ["finish DDL job"] [category=ddl] [jobID=35] [job="ID:35, Type:create table, State:synced, SchemaState:public, SchemaID:1, TableID:34, RowCount:0, ArgLen:0, start time: 2026-07-13 01:03:51.434 +0800 CST, Err:<nil>, ErrCount:0, SnapshotVersion:0, Version: v2"]
[2026/07/13 01:03:51.438 +08:00] [INFO] [executor.go:7380] ["DDL job is finished"] [category=ddl] [jobID=35]
[2026/07/13 01:03:51.438 +08:00] [INFO] [session.go:5104] ["CRUCIAL OPERATION"] [conn=0] [schemaVersion=17] [cur_db=mysql] [sql="CREATE TABLE IF NOT EXISTS mysql.role_edges (\n\t\tFROM_HOST \t\t\tCHAR(60) COLLATE utf8_bin NOT NULL DEFAULT '',\n\t\tFROM_USER \t\t\tCHAR(32) COLLATE utf8_bin NOT NULL DEFAULT '',\n\t\tTO_HOST \t\t\tCHAR(60) COLLATE utf8_bin NOT NULL DEFAULT '',\n\t\tTO_USER \t\t\tCHAR(32) COLLATE utf8_bin NOT NULL DEFAULT '',\n\t\tWITH_ADMIN_OPTION \tENUM('N','Y') CHARACTER SET utf8 COLLATE utf8_general_ci NOT NULL DEFAULT 'N',\n\t\tPRIMARY KEY (FROM_HOST,FROM_USER,TO_HOST,TO_USER)\n\t);"] [user=]
[2026/07/13 01:03:51.438 +08:00] [INFO] [executor.go:7545] ["system variable tidb_scatter_region not found, use default value"] [category=ddl]
[2026/07/13 01:03:51.439 +08:00] [INFO] [job_submitter.go:118] ["add DDL jobs"] [category=ddl] ["batch count"=1] [jobs="ID:37, Type:create table, State:queueing, SchemaState:none, SchemaID:1, TableID:36, RowCount:0, ArgLen:1, start time: 2026-07-13 01:03:51.438 +0800 CST, Err:<nil>, ErrCount:0, SnapshotVersion:0, Version: v2; "] [fast_create=true]
[2026/07/13 01:03:51.439 +08:00] [INFO] [executor.go:7260] ["DDL job submitted"] [category=ddl] [job="ID:37, Type:create table, State:queueing, SchemaState:none, SchemaID:1, TableID:36, RowCount:0, ArgLen:1, start time: 2026-07-13 01:03:51.438 +0800 CST, Err:<nil>, ErrCount:0, SnapshotVersion:0, Version: v2"] [query="CREATE TABLE IF NOT EXISTS mysql.default_roles (\n\t\tHOST \t\t\t\tCHAR(60) COLLATE utf8_bin NOT NULL DEFAULT '',\n\t\tUSER \t\t\t\tCHAR(32) COLLATE utf8_bin NOT NULL DEFAULT '',\n\t\tDEFAULT_ROLE_HOST \tCHAR(60) COLLATE utf8_bin NOT NULL DEFAULT '%',\n\t\tDEFAULT_ROLE_USER \tCHAR(32) COLLATE utf8_bin NOT NULL DEFAULT '',\n\t\tPRIMARY KEY (HOST,USER,DEFAULT_ROLE_HOST,DEFAULT_ROLE_USER),\n\t\tKEY i_user (USER))"]
[2026/07/13 01:03:51.439 +08:00] [INFO] [job_worker.go:854] ["run one job step"] [category=ddl] [jobID=37] [job="ID:37, Type:create table, State:queueing, SchemaState:none, SchemaID:1, TableID:36, RowCount:0, ArgLen:0, start time: 2026-07-13 01:03:51.438 +0800 CST, Err:<nil>, ErrCount:0, SnapshotVersion:0, Version: v2"]
[2026/07/13 01:03:51.439 +08:00] [INFO] [loader.go:216] ["diff load InfoSchema success"] [mode=auto] [isV2=true] [currVer=17] [neededVer=18] [gotVer=18] ["elapsed time"=68.791µs] [phyTblIDs="[36]"] [actionTypes="[3]"] [diffTypes="[\"create table\"]"]
[2026/07/13 01:03:51.439 +08:00] [INFO] [syncer.go:258] ["session manager is nil"]
[2026/07/13 01:03:51.439 +08:00] [INFO] [syncer.go:281] ["mdl gets lock, update self version to owner"] [jobID=37] [version=18]
[2026/07/13 01:03:51.441 +08:00] [INFO] [schema_version.go:397] ["wait schema version synced success"] [category=ddl] [ver=18] [checkAssumedSvr=false] ["take time"=2.138708ms] [job="ID:37, Type:create table, State:done, SchemaState:public, SchemaID:1, TableID:36, RowCount:0, ArgLen:1, start time: 2026-07-13 01:03:51.438 +0800 CST, Err:<nil>, ErrCount:0, SnapshotVersion:0, Version: v2"] [summary="server count: 1"]
[2026/07/13 01:03:51.442 +08:00] [INFO] [job_worker.go:447] ["finish DDL job"] [category=ddl] [jobID=37] [job="ID:37, Type:create table, State:synced, SchemaState:public, SchemaID:1, TableID:36, RowCount:0, ArgLen:0, start time: 2026-07-13 01:03:51.438 +0800 CST, Err:<nil>, ErrCount:0, SnapshotVersion:0, Version: v2"]
[2026/07/13 01:03:51.442 +08:00] [INFO] [executor.go:7380] ["DDL job is finished"] [category=ddl] [jobID=37]
[2026/07/13 01:03:51.442 +08:00] [INFO] [session.go:5104] ["CRUCIAL OPERATION"] [conn=0] [schemaVersion=18] [cur_db=mysql] [sql="CREATE TABLE IF NOT EXISTS mysql.default_roles (\n\t\tHOST \t\t\t\tCHAR(60) COLLATE utf8_bin NOT NULL DEFAULT '',\n\t\tUSER \t\t\t\tCHAR(32) COLLATE utf8_bin NOT NULL DEFAULT '',\n\t\tDEFAULT_ROLE_HOST \tCHAR(60) COLLATE utf8_bin NOT NULL DEFAULT '%',\n\t\tDEFAULT_ROLE_USER \tCHAR(32) COLLATE utf8_bin NOT NULL DEFAULT '',\n\t\tPRIMARY KEY (HOST,USER,DEFAULT_ROLE_HOST,DEFAULT_ROLE_USER),\n\t\tKEY i_user (USER))"] [user=]
[2026/07/13 01:03:51.442 +08:00] [INFO] [executor.go:7545] ["system variable tidb_scatter_region not found, use default value"] [category=ddl]
[2026/07/13 01:03:51.443 +08:00] [INFO] [job_submitter.go:118] ["add DDL jobs"] [category=ddl] ["batch count"=1] [jobs="ID:39, Type:create table, State:queueing, SchemaState:none, SchemaID:1, TableID:38, RowCount:0, ArgLen:1, start time: 2026-07-13 01:03:51.443 +0800 CST, Err:<nil>, ErrCount:0, SnapshotVersion:0, Version: v2; "] [fast_create=true]
[2026/07/13 01:03:51.443 +08:00] [INFO] [executor.go:7260] ["DDL job submitted"] [category=ddl] [job="ID:39, Type:create table, State:queueing, SchemaState:none, SchemaID:1, TableID:38, RowCount:0, ArgLen:1, start time: 2026-07-13 01:03:51.443 +0800 CST, Err:<nil>, ErrCount:0, SnapshotVersion:0, Version: v2"] [query="CREATE TABLE IF NOT EXISTS mysql.bind_info (\n\t\toriginal_sql LONGTEXT NOT NULL,\n\t\tbind_sql LONGTEXT NOT NULL,\n\t\tdefault_db TEXT NOT NULL,\n\t\tstatus TEXT NOT NULL,\n\t\tcreate_time TIMESTAMP(6) NOT NULL,\n\t\tupdate_time TIMESTAMP(6) NOT NULL,\n\t\tcharset TEXT NOT NULL,\n\t\tcollation TEXT NOT NULL,\n\t\tsource VARCHAR(10) NOT NULL DEFAULT 'unknown',\n\t\tsql_digest varchar(64) DEFAULT NULL,\n\t\tplan_digest varchar(64) DEFAULT NULL,\n\t\tlast_used_date date DEFAULT NULL,\n\t\tINDEX sql_index(original_sql(700),default_db(68)) COMMENT \"accelerate the speed when add global binding query\",\n\t\tINDEX time_index(update_time) COMMENT \"accelerate the speed when querying with last update time\",\n\t\tUNIQUE INDEX digest_index(plan_digest, sql_digest) COMMENT \"avoid duplicated records\"\n\t) ENGINE=InnoDB DEFAULT CHARSET=utf8mb4 COLLATE=utf8mb4_bin;"]
[2026/07/13 01:03:51.443 +08:00] [INFO] [job_worker.go:854] ["run one job step"] [category=ddl] [jobID=39] [job="ID:39, Type:create table, State:queueing, SchemaState:none, SchemaID:1, TableID:38, RowCount:0, ArgLen:0, start time: 2026-07-13 01:03:51.443 +0800 CST, Err:<nil>, ErrCount:0, SnapshotVersion:0, Version: v2"]
[2026/07/13 01:03:51.444 +08:00] [INFO] [loader.go:216] ["diff load InfoSchema success"] [mode=auto] [isV2=true] [currVer=18] [neededVer=19] [gotVer=19] ["elapsed time"=110.25µs] [phyTblIDs="[38]"] [actionTypes="[3]"] [diffTypes="[\"create table\"]"]
[2026/07/13 01:03:51.444 +08:00] [INFO] [syncer.go:258] ["session manager is nil"]
[2026/07/13 01:03:51.444 +08:00] [INFO] [syncer.go:281] ["mdl gets lock, update self version to owner"] [jobID=39] [version=19]
[2026/07/13 01:03:51.446 +08:00] [INFO] [schema_version.go:397] ["wait schema version synced success"] [category=ddl] [ver=19] [checkAssumedSvr=false] ["take time"=2.208042ms] [job="ID:39, Type:create table, State:done, SchemaState:public, SchemaID:1, TableID:38, RowCount:0, ArgLen:1, start time: 2026-07-13 01:03:51.443 +0800 CST, Err:<nil>, ErrCount:0, SnapshotVersion:0, Version: v2"] [summary="server count: 1"]
[2026/07/13 01:03:51.447 +08:00] [INFO] [job_worker.go:447] ["finish DDL job"] [category=ddl] [jobID=39] [job="ID:39, Type:create table, State:synced, SchemaState:public, SchemaID:1, TableID:38, RowCount:0, ArgLen:0, start time: 2026-07-13 01:03:51.443 +0800 CST, Err:<nil>, ErrCount:0, SnapshotVersion:0, Version: v2"]
[2026/07/13 01:03:51.447 +08:00] [INFO] [executor.go:7380] ["DDL job is finished"] [category=ddl] [jobID=39]
[2026/07/13 01:03:51.447 +08:00] [INFO] [session.go:5104] ["CRUCIAL OPERATION"] [conn=0] [schemaVersion=19] [cur_db=mysql] [sql="CREATE TABLE IF NOT EXISTS mysql.bind_info (\n\t\toriginal_sql LONGTEXT NOT NULL,\n\t\tbind_sql LONGTEXT NOT NULL,\n\t\tdefault_db TEXT NOT NULL,\n\t\tstatus TEXT NOT NULL,\n\t\tcreate_time TIMESTAMP(6) NOT NULL,\n\t\tupdate_time TIMESTAMP(6) NOT NULL,\n\t\tcharset TEXT NOT NULL,\n\t\tcollation TEXT NOT NULL,\n\t\tsource VARCHAR(10) NOT NULL DEFAULT 'unknown',\n\t\tsql_digest varchar(64) DEFAULT NULL,\n\t\tplan_digest varchar(64) DEFAULT NULL,\n\t\tlast_used_date date DEFAULT NULL,\n\t\tINDEX sql_index(original_sql(700),default_db(68)) COMMENT \"accelerate the speed when add global binding query\",\n\t\tINDEX time_index(update_time) COMMENT \"accelerate the speed when querying with last update time\",\n\t\tUNIQUE INDEX digest_index(plan_digest, sql_digest) COMMENT \"avoid duplicated records\"\n\t) ENGINE=InnoDB DEFAULT CHARSET=utf8mb4 COLLATE=utf8mb4_bin;"] [user=]
[2026/07/13 01:03:51.447 +08:00] [INFO] [executor.go:7545] ["system variable tidb_scatter_region not found, use default value"] [category=ddl]
[2026/07/13 01:03:51.448 +08:00] [INFO] [job_submitter.go:118] ["add DDL jobs"] [category=ddl] ["batch count"=1] [jobs="ID:41, Type:create table, State:queueing, SchemaState:none, SchemaID:1, TableID:40, RowCount:0, ArgLen:1, start time: 2026-07-13 01:03:51.448 +0800 CST, Err:<nil>, ErrCount:0, SnapshotVersion:0, Version: v2; "] [fast_create=true]
[2026/07/13 01:03:51.448 +08:00] [INFO] [executor.go:7260] ["DDL job submitted"] [category=ddl] [job="ID:41, Type:create table, State:queueing, SchemaState:none, SchemaID:1, TableID:40, RowCount:0, ArgLen:1, start time: 2026-07-13 01:03:51.448 +0800 CST, Err:<nil>, ErrCount:0, SnapshotVersion:0, Version: v2"] [query="CREATE TABLE IF NOT EXISTS mysql.stats_top_n (\n\t\ttable_id \tBIGINT(64) NOT NULL,\n\t\tis_index \tTINYINT(2) NOT NULL,\n\t\thist_id \tBIGINT(64) NOT NULL,\n\t\tvalue \t\tLONGBLOB,\n\t\tcount \t\tBIGINT(64) UNSIGNED NOT NULL,\n\t\tINDEX tbl(table_id, is_index, hist_id)\n\t);"]
[2026/07/13 01:03:51.448 +08:00] [INFO] [job_worker.go:854] ["run one job step"] [category=ddl] [jobID=41] [job="ID:41, Type:create table, State:queueing, SchemaState:none, SchemaID:1, TableID:40, RowCount:0, ArgLen:0, start time: 2026-07-13 01:03:51.448 +0800 CST, Err:<nil>, ErrCount:0, SnapshotVersion:0, Version: v2"]
[2026/07/13 01:03:51.449 +08:00] [INFO] [loader.go:216] ["diff load InfoSchema success"] [mode=auto] [isV2=true] [currVer=19] [neededVer=20] [gotVer=20] ["elapsed time"=58.167µs] [phyTblIDs="[40]"] [actionTypes="[3]"] [diffTypes="[\"create table\"]"]
[2026/07/13 01:03:51.449 +08:00] [INFO] [syncer.go:258] ["session manager is nil"]
[2026/07/13 01:03:51.449 +08:00] [INFO] [syncer.go:281] ["mdl gets lock, update self version to owner"] [jobID=41] [version=20]
[2026/07/13 01:03:51.451 +08:00] [INFO] [schema_version.go:397] ["wait schema version synced success"] [category=ddl] [ver=20] [checkAssumedSvr=false] ["take time"=2.020667ms] [job="ID:41, Type:create table, State:done, SchemaState:public, SchemaID:1, TableID:40, RowCount:0, ArgLen:1, start time: 2026-07-13 01:03:51.448 +0800 CST, Err:<nil>, ErrCount:0, SnapshotVersion:0, Version: v2"] [summary="server count: 1"]
[2026/07/13 01:03:51.451 +08:00] [INFO] [job_worker.go:447] ["finish DDL job"] [category=ddl] [jobID=41] [job="ID:41, Type:create table, State:synced, SchemaState:public, SchemaID:1, TableID:40, RowCount:0, ArgLen:0, start time: 2026-07-13 01:03:51.448 +0800 CST, Err:<nil>, ErrCount:0, SnapshotVersion:0, Version: v2"]
[2026/07/13 01:03:51.451 +08:00] [INFO] [executor.go:7380] ["DDL job is finished"] [category=ddl] [jobID=41]
[2026/07/13 01:03:51.451 +08:00] [INFO] [session.go:5104] ["CRUCIAL OPERATION"] [conn=0] [schemaVersion=20] [cur_db=mysql] [sql="CREATE TABLE IF NOT EXISTS mysql.stats_top_n (\n\t\ttable_id \tBIGINT(64) NOT NULL,\n\t\tis_index \tTINYINT(2) NOT NULL,\n\t\thist_id \tBIGINT(64) NOT NULL,\n\t\tvalue \t\tLONGBLOB,\n\t\tcount \t\tBIGINT(64) UNSIGNED NOT NULL,\n\t\tINDEX tbl(table_id, is_index, hist_id)\n\t);"] [user=]
[2026/07/13 01:03:51.452 +08:00] [INFO] [executor.go:7545] ["system variable tidb_scatter_region not found, use default value"] [category=ddl]
[2026/07/13 01:03:51.452 +08:00] [INFO] [job_submitter.go:118] ["add DDL jobs"] [category=ddl] ["batch count"=1] [jobs="ID:43, Type:create table, State:queueing, SchemaState:none, SchemaID:1, TableID:42, RowCount:0, ArgLen:1, start time: 2026-07-13 01:03:51.452 +0800 CST, Err:<nil>, ErrCount:0, SnapshotVersion:0, Version: v2; "] [fast_create=true]
[2026/07/13 01:03:51.452 +08:00] [INFO] [executor.go:7260] ["DDL job submitted"] [category=ddl] [job="ID:43, Type:create table, State:queueing, SchemaState:none, SchemaID:1, TableID:42, RowCount:0, ArgLen:1, start time: 2026-07-13 01:03:51.452 +0800 CST, Err:<nil>, ErrCount:0, SnapshotVersion:0, Version: v2"] [query="CREATE TABLE IF NOT EXISTS mysql.expr_pushdown_blacklist (\n\t\tname \t\tCHAR(100) NOT NULL,\n\t\tstore_type \tCHAR(100) NOT NULL DEFAULT 'tikv,tiflash,tidb',\n\t\treason \t\tVARCHAR(200)\n\t);"]
[2026/07/13 01:03:51.452 +08:00] [INFO] [job_worker.go:854] ["run one job step"] [category=ddl] [jobID=43] [job="ID:43, Type:create table, State:queueing, SchemaState:none, SchemaID:1, TableID:42, RowCount:0, ArgLen:0, start time: 2026-07-13 01:03:51.452 +0800 CST, Err:<nil>, ErrCount:0, SnapshotVersion:0, Version: v2"]
[2026/07/13 01:03:51.453 +08:00] [INFO] [loader.go:216] ["diff load InfoSchema success"] [mode=auto] [isV2=true] [currVer=20] [neededVer=21] [gotVer=21] ["elapsed time"=49.875µs] [phyTblIDs="[42]"] [actionTypes="[3]"] [diffTypes="[\"create table\"]"]
[2026/07/13 01:03:51.453 +08:00] [INFO] [syncer.go:258] ["session manager is nil"]
[2026/07/13 01:03:51.453 +08:00] [INFO] [syncer.go:281] ["mdl gets lock, update self version to owner"] [jobID=43] [version=21]
[2026/07/13 01:03:51.455 +08:00] [INFO] [schema_version.go:397] ["wait schema version synced success"] [category=ddl] [ver=21] [checkAssumedSvr=false] ["take time"=2.027959ms] [job="ID:43, Type:create table, State:done, SchemaState:public, SchemaID:1, TableID:42, RowCount:0, ArgLen:1, start time: 2026-07-13 01:03:51.452 +0800 CST, Err:<nil>, ErrCount:0, SnapshotVersion:0, Version: v2"] [summary="server count: 1"]
[2026/07/13 01:03:51.455 +08:00] [INFO] [job_worker.go:447] ["finish DDL job"] [category=ddl] [jobID=43] [job="ID:43, Type:create table, State:synced, SchemaState:public, SchemaID:1, TableID:42, RowCount:0, ArgLen:0, start time: 2026-07-13 01:03:51.452 +0800 CST, Err:<nil>, ErrCount:0, SnapshotVersion:0, Version: v2"]
[2026/07/13 01:03:51.455 +08:00] [INFO] [executor.go:7380] ["DDL job is finished"] [category=ddl] [jobID=43]
[2026/07/13 01:03:51.455 +08:00] [INFO] [session.go:5104] ["CRUCIAL OPERATION"] [conn=0] [schemaVersion=21] [cur_db=mysql] [sql="CREATE TABLE IF NOT EXISTS mysql.expr_pushdown_blacklist (\n\t\tname \t\tCHAR(100) NOT NULL,\n\t\tstore_type \tCHAR(100) NOT NULL DEFAULT 'tikv,tiflash,tidb',\n\t\treason \t\tVARCHAR(200)\n\t);"] [user=]
[2026/07/13 01:03:51.456 +08:00] [INFO] [executor.go:7545] ["system variable tidb_scatter_region not found, use default value"] [category=ddl]
[2026/07/13 01:03:51.456 +08:00] [INFO] [job_submitter.go:118] ["add DDL jobs"] [category=ddl] ["batch count"=1] [jobs="ID:45, Type:create table, State:queueing, SchemaState:none, SchemaID:1, TableID:44, RowCount:0, ArgLen:1, start time: 2026-07-13 01:03:51.456 +0800 CST, Err:<nil>, ErrCount:0, SnapshotVersion:0, Version: v2; "] [fast_create=true]
[2026/07/13 01:03:51.456 +08:00] [INFO] [executor.go:7260] ["DDL job submitted"] [category=ddl] [job="ID:45, Type:create table, State:queueing, SchemaState:none, SchemaID:1, TableID:44, RowCount:0, ArgLen:1, start time: 2026-07-13 01:03:51.456 +0800 CST, Err:<nil>, ErrCount:0, SnapshotVersion:0, Version: v2"] [query="CREATE TABLE IF NOT EXISTS mysql.opt_rule_blacklist (\n\t\tname \tCHAR(100) NOT NULL\n\t);"]
[2026/07/13 01:03:51.456 +08:00] [INFO] [job_worker.go:854] ["run one job step"] [category=ddl] [jobID=45] [job="ID:45, Type:create table, State:queueing, SchemaState:none, SchemaID:1, TableID:44, RowCount:0, ArgLen:0, start time: 2026-07-13 01:03:51.456 +0800 CST, Err:<nil>, ErrCount:0, SnapshotVersion:0, Version: v2"]
[2026/07/13 01:03:51.457 +08:00] [INFO] [loader.go:216] ["diff load InfoSchema success"] [mode=auto] [isV2=true] [currVer=21] [neededVer=22] [gotVer=22] ["elapsed time"=37µs] [phyTblIDs="[44]"] [actionTypes="[3]"] [diffTypes="[\"create table\"]"]
[2026/07/13 01:03:51.457 +08:00] [INFO] [syncer.go:258] ["session manager is nil"]
[2026/07/13 01:03:51.457 +08:00] [INFO] [syncer.go:281] ["mdl gets lock, update self version to owner"] [jobID=45] [version=22]
[2026/07/13 01:03:51.459 +08:00] [INFO] [schema_version.go:397] ["wait schema version synced success"] [category=ddl] [ver=22] [checkAssumedSvr=false] ["take time"=2.037833ms] [job="ID:45, Type:create table, State:done, SchemaState:public, SchemaID:1, TableID:44, RowCount:0, ArgLen:1, start time: 2026-07-13 01:03:51.456 +0800 CST, Err:<nil>, ErrCount:0, SnapshotVersion:0, Version: v2"] [summary="server count: 1"]
[2026/07/13 01:03:51.459 +08:00] [INFO] [job_worker.go:447] ["finish DDL job"] [category=ddl] [jobID=45] [job="ID:45, Type:create table, State:synced, SchemaState:public, SchemaID:1, TableID:44, RowCount:0, ArgLen:0, start time: 2026-07-13 01:03:51.456 +0800 CST, Err:<nil>, ErrCount:0, SnapshotVersion:0, Version: v2"]
[2026/07/13 01:03:51.459 +08:00] [INFO] [executor.go:7380] ["DDL job is finished"] [category=ddl] [jobID=45]
[2026/07/13 01:03:51.459 +08:00] [INFO] [session.go:5104] ["CRUCIAL OPERATION"] [conn=0] [schemaVersion=22] [cur_db=mysql] [sql="CREATE TABLE IF NOT EXISTS mysql.opt_rule_blacklist (\n\t\tname \tCHAR(100) NOT NULL\n\t);"] [user=]
[2026/07/13 01:03:51.460 +08:00] [INFO] [executor.go:7545] ["system variable tidb_scatter_region not found, use default value"] [category=ddl]
[2026/07/13 01:03:51.460 +08:00] [INFO] [job_submitter.go:118] ["add DDL jobs"] [category=ddl] ["batch count"=1] [jobs="ID:47, Type:create table, State:queueing, SchemaState:none, SchemaID:1, TableID:46, RowCount:0, ArgLen:1, start time: 2026-07-13 01:03:51.46 +0800 CST, Err:<nil>, ErrCount:0, SnapshotVersion:0, Version: v2; "] [fast_create=true]
[2026/07/13 01:03:51.460 +08:00] [INFO] [executor.go:7260] ["DDL job submitted"] [category=ddl] [job="ID:47, Type:create table, State:queueing, SchemaState:none, SchemaID:1, TableID:46, RowCount:0, ArgLen:1, start time: 2026-07-13 01:03:51.46 +0800 CST, Err:<nil>, ErrCount:0, SnapshotVersion:0, Version: v2"] [query="CREATE TABLE IF NOT EXISTS mysql.stats_extended (\n\t\tname varchar(32) NOT NULL,\n\t\ttype tinyint(4) NOT NULL,\n\t\ttable_id bigint(64) NOT NULL,\n\t\tcolumn_ids varchar(32) NOT NULL,\n\t\tstats blob DEFAULT NULL,\n\t\tversion bigint(64) unsigned NOT NULL,\n\t\tstatus tinyint(4) NOT NULL,\n\t\tPRIMARY KEY(name, table_id),\n\t\tKEY idx_1 (table_id, status, version),\n\t\tKEY idx_2 (status, version)\n\t);"]
[2026/07/13 01:03:51.460 +08:00] [INFO] [job_worker.go:854] ["run one job step"] [category=ddl] [jobID=47] [job="ID:47, Type:create table, State:queueing, SchemaState:none, SchemaID:1, TableID:46, RowCount:0, ArgLen:0, start time: 2026-07-13 01:03:51.46 +0800 CST, Err:<nil>, ErrCount:0, SnapshotVersion:0, Version: v2"]
[2026/07/13 01:03:51.461 +08:00] [INFO] [loader.go:216] ["diff load InfoSchema success"] [mode=auto] [isV2=true] [currVer=22] [neededVer=23] [gotVer=23] ["elapsed time"=88.916µs] [phyTblIDs="[46]"] [actionTypes="[3]"] [diffTypes="[\"create table\"]"]
[2026/07/13 01:03:51.461 +08:00] [INFO] [syncer.go:258] ["session manager is nil"]
[2026/07/13 01:03:51.461 +08:00] [INFO] [syncer.go:281] ["mdl gets lock, update self version to owner"] [jobID=47] [version=23]
[2026/07/13 01:03:51.463 +08:00] [INFO] [schema_version.go:397] ["wait schema version synced success"] [category=ddl] [ver=23] [checkAssumedSvr=false] ["take time"=2.077875ms] [job="ID:47, Type:create table, State:done, SchemaState:public, SchemaID:1, TableID:46, RowCount:0, ArgLen:1, start time: 2026-07-13 01:03:51.46 +0800 CST, Err:<nil>, ErrCount:0, SnapshotVersion:0, Version: v2"] [summary="server count: 1"]
[2026/07/13 01:03:51.463 +08:00] [INFO] [job_worker.go:447] ["finish DDL job"] [category=ddl] [jobID=47] [job="ID:47, Type:create table, State:synced, SchemaState:public, SchemaID:1, TableID:46, RowCount:0, ArgLen:0, start time: 2026-07-13 01:03:51.46 +0800 CST, Err:<nil>, ErrCount:0, SnapshotVersion:0, Version: v2"]
[2026/07/13 01:03:51.464 +08:00] [INFO] [executor.go:7380] ["DDL job is finished"] [category=ddl] [jobID=47]
[2026/07/13 01:03:51.464 +08:00] [INFO] [session.go:5104] ["CRUCIAL OPERATION"] [conn=0] [schemaVersion=23] [cur_db=mysql] [sql="CREATE TABLE IF NOT EXISTS mysql.stats_extended (\n\t\tname varchar(32) NOT NULL,\n\t\ttype tinyint(4) NOT NULL,\n\t\ttable_id bigint(64) NOT NULL,\n\t\tcolumn_ids varchar(32) NOT NULL,\n\t\tstats blob DEFAULT NULL,\n\t\tversion bigint(64) unsigned NOT NULL,\n\t\tstatus tinyint(4) NOT NULL,\n\t\tPRIMARY KEY(name, table_id),\n\t\tKEY idx_1 (table_id, status, version),\n\t\tKEY idx_2 (status, version)\n\t);"] [user=]
[2026/07/13 01:03:51.464 +08:00] [INFO] [executor.go:7545] ["system variable tidb_scatter_region not found, use default value"] [category=ddl]
[2026/07/13 01:03:51.465 +08:00] [INFO] [job_submitter.go:118] ["add DDL jobs"] [category=ddl] ["batch count"=1] [jobs="ID:49, Type:create table, State:queueing, SchemaState:none, SchemaID:1, TableID:48, RowCount:0, ArgLen:1, start time: 2026-07-13 01:03:51.464 +0800 CST, Err:<nil>, ErrCount:0, SnapshotVersion:0, Version: v2; "] [fast_create=true]
[2026/07/13 01:03:51.465 +08:00] [INFO] [executor.go:7260] ["DDL job submitted"] [category=ddl] [job="ID:49, Type:create table, State:queueing, SchemaState:none, SchemaID:1, TableID:48, RowCount:0, ArgLen:1, start time: 2026-07-13 01:03:51.464 +0800 CST, Err:<nil>, ErrCount:0, SnapshotVersion:0, Version: v2"] [query="CREATE TABLE IF NOT EXISTS mysql.stats_fm_sketch (\n\t\ttable_id \tBIGINT(64) NOT NULL,\n\t\tis_index \tTINYINT(2) NOT NULL,\n\t\thist_id \tBIGINT(64) NOT NULL,\n\t\tvalue \t\tLONGBLOB,\n\t\tPRIMARY KEY (table_id, is_index, hist_id) CLUSTERED\n\t);"]
[2026/07/13 01:03:51.465 +08:00] [INFO] [job_worker.go:854] ["run one job step"] [category=ddl] [jobID=49] [job="ID:49, Type:create table, State:queueing, SchemaState:none, SchemaID:1, TableID:48, RowCount:0, ArgLen:0, start time: 2026-07-13 01:03:51.464 +0800 CST, Err:<nil>, ErrCount:0, SnapshotVersion:0, Version: v2"]
[2026/07/13 01:03:51.466 +08:00] [INFO] [loader.go:216] ["diff load InfoSchema success"] [mode=auto] [isV2=true] [currVer=23] [neededVer=24] [gotVer=24] ["elapsed time"=61.333µs] [phyTblIDs="[48]"] [actionTypes="[3]"] [diffTypes="[\"create table\"]"]
[2026/07/13 01:03:51.466 +08:00] [INFO] [syncer.go:258] ["session manager is nil"]
[2026/07/13 01:03:51.466 +08:00] [INFO] [syncer.go:281] ["mdl gets lock, update self version to owner"] [jobID=49] [version=24]
[2026/07/13 01:03:51.468 +08:00] [INFO] [schema_version.go:397] ["wait schema version synced success"] [category=ddl] [ver=24] [checkAssumedSvr=false] ["take time"=2.144125ms] [job="ID:49, Type:create table, State:done, SchemaState:public, SchemaID:1, TableID:48, RowCount:0, ArgLen:1, start time: 2026-07-13 01:03:51.464 +0800 CST, Err:<nil>, ErrCount:0, SnapshotVersion:0, Version: v2"] [summary="server count: 1"]
[2026/07/13 01:03:51.468 +08:00] [INFO] [job_worker.go:447] ["finish DDL job"] [category=ddl] [jobID=49] [job="ID:49, Type:create table, State:synced, SchemaState:public, SchemaID:1, TableID:48, RowCount:0, ArgLen:0, start time: 2026-07-13 01:03:51.464 +0800 CST, Err:<nil>, ErrCount:0, SnapshotVersion:0, Version: v2"]
[2026/07/13 01:03:51.469 +08:00] [INFO] [executor.go:7380] ["DDL job is finished"] [category=ddl] [jobID=49]
[2026/07/13 01:03:51.469 +08:00] [INFO] [session.go:5104] ["CRUCIAL OPERATION"] [conn=0] [schemaVersion=24] [cur_db=mysql] [sql="CREATE TABLE IF NOT EXISTS mysql.stats_fm_sketch (\n\t\ttable_id \tBIGINT(64) NOT NULL,\n\t\tis_index \tTINYINT(2) NOT NULL,\n\t\thist_id \tBIGINT(64) NOT NULL,\n\t\tvalue \t\tLONGBLOB,\n\t\tPRIMARY KEY (table_id, is_index, hist_id) CLUSTERED\n\t);"] [user=]
[2026/07/13 01:03:51.469 +08:00] [INFO] [executor.go:7545] ["system variable tidb_scatter_region not found, use default value"] [category=ddl]
[2026/07/13 01:03:51.469 +08:00] [INFO] [job_submitter.go:118] ["add DDL jobs"] [category=ddl] ["batch count"=1] [jobs="ID:51, Type:create table, State:queueing, SchemaState:none, SchemaID:1, TableID:50, RowCount:0, ArgLen:1, start time: 2026-07-13 01:03:51.469 +0800 CST, Err:<nil>, ErrCount:0, SnapshotVersion:0, Version: v2; "] [fast_create=true]
[2026/07/13 01:03:51.469 +08:00] [INFO] [executor.go:7260] ["DDL job submitted"] [category=ddl] [job="ID:51, Type:create table, State:queueing, SchemaState:none, SchemaID:1, TableID:50, RowCount:0, ArgLen:1, start time: 2026-07-13 01:03:51.469 +0800 CST, Err:<nil>, ErrCount:0, SnapshotVersion:0, Version: v2"] [query="CREATE TABLE IF NOT EXISTS mysql.global_grants (\n\t\tUSER char(32) NOT NULL DEFAULT '',\n\t\tHOST char(255) NOT NULL DEFAULT '',\n\t\tPRIV char(32) NOT NULL DEFAULT '',\n\t\tWITH_GRANT_OPTION enum('N','Y') NOT NULL DEFAULT 'N',\n\t\tPRIMARY KEY (USER,HOST,PRIV),\n\t\tKEY i_user (USER)\n\t);"]
[2026/07/13 01:03:51.469 +08:00] [INFO] [job_worker.go:854] ["run one job step"] [category=ddl] [jobID=51] [job="ID:51, Type:create table, State:queueing, SchemaState:none, SchemaID:1, TableID:50, RowCount:0, ArgLen:0, start time: 2026-07-13 01:03:51.469 +0800 CST, Err:<nil>, ErrCount:0, SnapshotVersion:0, Version: v2"]
[2026/07/13 01:03:51.470 +08:00] [INFO] [loader.go:216] ["diff load InfoSchema success"] [mode=auto] [isV2=true] [currVer=24] [neededVer=25] [gotVer=25] ["elapsed time"=63.459µs] [phyTblIDs="[50]"] [actionTypes="[3]"] [diffTypes="[\"create table\"]"]
[2026/07/13 01:03:51.470 +08:00] [INFO] [syncer.go:258] ["session manager is nil"]
[2026/07/13 01:03:51.470 +08:00] [INFO] [syncer.go:281] ["mdl gets lock, update self version to owner"] [jobID=51] [version=25]
[2026/07/13 01:03:51.472 +08:00] [INFO] [schema_version.go:397] ["wait schema version synced success"] [category=ddl] [ver=25] [checkAssumedSvr=false] ["take time"=2.234417ms] [job="ID:51, Type:create table, State:done, SchemaState:public, SchemaID:1, TableID:50, RowCount:0, ArgLen:1, start time: 2026-07-13 01:03:51.469 +0800 CST, Err:<nil>, ErrCount:0, SnapshotVersion:0, Version: v2"] [summary="server count: 1"]
[2026/07/13 01:03:51.473 +08:00] [INFO] [job_worker.go:447] ["finish DDL job"] [category=ddl] [jobID=51] [job="ID:51, Type:create table, State:synced, SchemaState:public, SchemaID:1, TableID:50, RowCount:0, ArgLen:0, start time: 2026-07-13 01:03:51.469 +0800 CST, Err:<nil>, ErrCount:0, SnapshotVersion:0, Version: v2"]
[2026/07/13 01:03:51.473 +08:00] [INFO] [executor.go:7380] ["DDL job is finished"] [category=ddl] [jobID=51]
[2026/07/13 01:03:51.473 +08:00] [INFO] [session.go:5104] ["CRUCIAL OPERATION"] [conn=0] [schemaVersion=25] [cur_db=mysql] [sql="CREATE TABLE IF NOT EXISTS mysql.global_grants (\n\t\tUSER char(32) NOT NULL DEFAULT '',\n\t\tHOST char(255) NOT NULL DEFAULT '',\n\t\tPRIV char(32) NOT NULL DEFAULT '',\n\t\tWITH_GRANT_OPTION enum('N','Y') NOT NULL DEFAULT 'N',\n\t\tPRIMARY KEY (USER,HOST,PRIV),\n\t\tKEY i_user (USER)\n\t);"] [user=]
[2026/07/13 01:03:51.473 +08:00] [INFO] [executor.go:7545] ["system variable tidb_scatter_region not found, use default value"] [category=ddl]
[2026/07/13 01:03:51.474 +08:00] [INFO] [job_submitter.go:118] ["add DDL jobs"] [category=ddl] ["batch count"=1] [jobs="ID:53, Type:create table, State:queueing, SchemaState:none, SchemaID:1, TableID:52, RowCount:0, ArgLen:1, start time: 2026-07-13 01:03:51.473 +0800 CST, Err:<nil>, ErrCount:0, SnapshotVersion:0, Version: v2; "] [fast_create=true]
[2026/07/13 01:03:51.474 +08:00] [INFO] [executor.go:7260] ["DDL job submitted"] [category=ddl] [job="ID:53, Type:create table, State:queueing, SchemaState:none, SchemaID:1, TableID:52, RowCount:0, ArgLen:1, start time: 2026-07-13 01:03:51.473 +0800 CST, Err:<nil>, ErrCount:0, SnapshotVersion:0, Version: v2"] [query="CREATE TABLE IF NOT EXISTS mysql.capture_plan_baselines_blacklist (\n\t\tid bigint(64) auto_increment,\n\t\tfilter_type varchar(32) NOT NULL COMMENT \"type of the filter, only db, table and frequency supported now\",\n\t\tfilter_value varchar(32) NOT NULL,\n\t\tkey idx(filter_type),\n\t\tprimary key(id)\n\t);"]
[2026/07/13 01:03:51.474 +08:00] [INFO] [job_worker.go:854] ["run one job step"] [category=ddl] [jobID=53] [job="ID:53, Type:create table, State:queueing, SchemaState:none, SchemaID:1, TableID:52, RowCount:0, ArgLen:0, start time: 2026-07-13 01:03:51.473 +0800 CST, Err:<nil>, ErrCount:0, SnapshotVersion:0, Version: v2"]
[2026/07/13 01:03:51.474 +08:00] [INFO] [loader.go:216] ["diff load InfoSchema success"] [mode=auto] [isV2=true] [currVer=25] [neededVer=26] [gotVer=26] ["elapsed time"=53.458µs] [phyTblIDs="[52]"] [actionTypes="[3]"] [diffTypes="[\"create table\"]"]
[2026/07/13 01:03:51.475 +08:00] [INFO] [syncer.go:258] ["session manager is nil"]
[2026/07/13 01:03:51.475 +08:00] [INFO] [syncer.go:281] ["mdl gets lock, update self version to owner"] [jobID=53] [version=26]
[2026/07/13 01:03:51.476 +08:00] [INFO] [schema_version.go:397] ["wait schema version synced success"] [category=ddl] [ver=26] [checkAssumedSvr=false] ["take time"=2.0085ms] [job="ID:53, Type:create table, State:done, SchemaState:public, SchemaID:1, TableID:52, RowCount:0, ArgLen:1, start time: 2026-07-13 01:03:51.473 +0800 CST, Err:<nil>, ErrCount:0, SnapshotVersion:0, Version: v2"] [summary="server count: 1"]
[2026/07/13 01:03:51.477 +08:00] [INFO] [job_worker.go:447] ["finish DDL job"] [category=ddl] [jobID=53] [job="ID:53, Type:create table, State:synced, SchemaState:public, SchemaID:1, TableID:52, RowCount:0, ArgLen:0, start time: 2026-07-13 01:03:51.473 +0800 CST, Err:<nil>, ErrCount:0, SnapshotVersion:0, Version: v2"]
[2026/07/13 01:03:51.477 +08:00] [INFO] [executor.go:7380] ["DDL job is finished"] [category=ddl] [jobID=53]
[2026/07/13 01:03:51.477 +08:00] [INFO] [session.go:5104] ["CRUCIAL OPERATION"] [conn=0] [schemaVersion=26] [cur_db=mysql] [sql="CREATE TABLE IF NOT EXISTS mysql.capture_plan_baselines_blacklist (\n\t\tid bigint(64) auto_increment,\n\t\tfilter_type varchar(32) NOT NULL COMMENT \"type of the filter, only db, table and frequency supported now\",\n\t\tfilter_value varchar(32) NOT NULL,\n\t\tkey idx(filter_type),\n\t\tprimary key(id)\n\t);"] [user=]
[2026/07/13 01:03:51.477 +08:00] [INFO] [executor.go:7545] ["system variable tidb_scatter_region not found, use default value"] [category=ddl]
[2026/07/13 01:03:51.478 +08:00] [INFO] [job_submitter.go:118] ["add DDL jobs"] [category=ddl] ["batch count"=1] [jobs="ID:55, Type:create table, State:queueing, SchemaState:none, SchemaID:1, TableID:54, RowCount:0, ArgLen:1, start time: 2026-07-13 01:03:51.478 +0800 CST, Err:<nil>, ErrCount:0, SnapshotVersion:0, Version: v2; "] [fast_create=true]
[2026/07/13 01:03:51.478 +08:00] [INFO] [executor.go:7260] ["DDL job submitted"] [category=ddl] [job="ID:55, Type:create table, State:queueing, SchemaState:none, SchemaID:1, TableID:54, RowCount:0, ArgLen:1, start time: 2026-07-13 01:03:51.478 +0800 CST, Err:<nil>, ErrCount:0, SnapshotVersion:0, Version: v2"] [query="CREATE TABLE IF NOT EXISTS mysql.column_stats_usage (\n\t\ttable_id BIGINT(64) NOT NULL,\n\t\tcolumn_id BIGINT(64) NOT NULL,\n\t\tlast_used_at TIMESTAMP,\n\t\tlast_analyzed_at TIMESTAMP,\n\t\tPRIMARY KEY (table_id, column_id) CLUSTERED\n\t);"]
[2026/07/13 01:03:51.478 +08:00] [INFO] [job_worker.go:854] ["run one job step"] [category=ddl] [jobID=55] [job="ID:55, Type:create table, State:queueing, SchemaState:none, SchemaID:1, TableID:54, RowCount:0, ArgLen:0, start time: 2026-07-13 01:03:51.478 +0800 CST, Err:<nil>, ErrCount:0, SnapshotVersion:0, Version: v2"]
[2026/07/13 01:03:51.479 +08:00] [INFO] [loader.go:216] ["diff load InfoSchema success"] [mode=auto] [isV2=true] [currVer=26] [neededVer=27] [gotVer=27] ["elapsed time"=58.25µs] [phyTblIDs="[54]"] [actionTypes="[3]"] [diffTypes="[\"create table\"]"]
[2026/07/13 01:03:51.479 +08:00] [INFO] [syncer.go:258] ["session manager is nil"]
[2026/07/13 01:03:51.479 +08:00] [INFO] [syncer.go:281] ["mdl gets lock, update self version to owner"] [jobID=55] [version=27]
[2026/07/13 01:03:51.481 +08:00] [INFO] [schema_version.go:397] ["wait schema version synced success"] [category=ddl] [ver=27] [checkAssumedSvr=false] ["take time"=2.028166ms] [job="ID:55, Type:create table, State:done, SchemaState:public, SchemaID:1, TableID:54, RowCount:0, ArgLen:1, start time: 2026-07-13 01:03:51.478 +0800 CST, Err:<nil>, ErrCount:0, SnapshotVersion:0, Version: v2"] [summary="server count: 1"]
[2026/07/13 01:03:51.481 +08:00] [INFO] [job_worker.go:447] ["finish DDL job"] [category=ddl] [jobID=55] [job="ID:55, Type:create table, State:synced, SchemaState:public, SchemaID:1, TableID:54, RowCount:0, ArgLen:0, start time: 2026-07-13 01:03:51.478 +0800 CST, Err:<nil>, ErrCount:0, SnapshotVersion:0, Version: v2"]
[2026/07/13 01:03:51.481 +08:00] [INFO] [executor.go:7380] ["DDL job is finished"] [category=ddl] [jobID=55]
[2026/07/13 01:03:51.481 +08:00] [INFO] [session.go:5104] ["CRUCIAL OPERATION"] [conn=0] [schemaVersion=27] [cur_db=mysql] [sql="CREATE TABLE IF NOT EXISTS mysql.column_stats_usage (\n\t\ttable_id BIGINT(64) NOT NULL,\n\t\tcolumn_id BIGINT(64) NOT NULL,\n\t\tlast_used_at TIMESTAMP,\n\t\tlast_analyzed_at TIMESTAMP,\n\t\tPRIMARY KEY (table_id, column_id) CLUSTERED\n\t);"] [user=]
[2026/07/13 01:03:51.482 +08:00] [INFO] [executor.go:7545] ["system variable tidb_scatter_region not found, use default value"] [category=ddl]
[2026/07/13 01:03:51.482 +08:00] [INFO] [job_submitter.go:118] ["add DDL jobs"] [category=ddl] ["batch count"=1] [jobs="ID:57, Type:create table, State:queueing, SchemaState:none, SchemaID:1, TableID:56, RowCount:0, ArgLen:1, start time: 2026-07-13 01:03:51.482 +0800 CST, Err:<nil>, ErrCount:0, SnapshotVersion:0, Version: v2; "] [fast_create=true]
[2026/07/13 01:03:51.482 +08:00] [INFO] [executor.go:7260] ["DDL job submitted"] [category=ddl] [job="ID:57, Type:create table, State:queueing, SchemaState:none, SchemaID:1, TableID:56, RowCount:0, ArgLen:1, start time: 2026-07-13 01:03:51.482 +0800 CST, Err:<nil>, ErrCount:0, SnapshotVersion:0, Version: v2"] [query="CREATE TABLE IF NOT EXISTS mysql.table_cache_meta (\n\t\ttid bigint(11) NOT NULL DEFAULT 0,\n\t\tlock_type enum('NONE','READ', 'INTEND', 'WRITE') NOT NULL DEFAULT 'NONE',\n\t\tlease bigint(20) NOT NULL DEFAULT 0,\n\t\toldReadLease bigint(20) NOT NULL DEFAULT 0,\n\t\tPRIMARY KEY (tid)\n\t);"]
[2026/07/13 01:03:51.482 +08:00] [INFO] [job_worker.go:854] ["run one job step"] [category=ddl] [jobID=57] [job="ID:57, Type:create table, State:queueing, SchemaState:none, SchemaID:1, TableID:56, RowCount:0, ArgLen:0, start time: 2026-07-13 01:03:51.482 +0800 CST, Err:<nil>, ErrCount:0, SnapshotVersion:0, Version: v2"]
[2026/07/13 01:03:51.483 +08:00] [INFO] [loader.go:216] ["diff load InfoSchema success"] [mode=auto] [isV2=true] [currVer=27] [neededVer=28] [gotVer=28] ["elapsed time"=54.25µs] [phyTblIDs="[56]"] [actionTypes="[3]"] [diffTypes="[\"create table\"]"]
[2026/07/13 01:03:51.483 +08:00] [INFO] [syncer.go:258] ["session manager is nil"]
[2026/07/13 01:03:51.483 +08:00] [INFO] [syncer.go:281] ["mdl gets lock, update self version to owner"] [jobID=57] [version=28]
[2026/07/13 01:03:51.485 +08:00] [INFO] [schema_version.go:397] ["wait schema version synced success"] [category=ddl] [ver=28] [checkAssumedSvr=false] ["take time"=2.042417ms] [job="ID:57, Type:create table, State:done, SchemaState:public, SchemaID:1, TableID:56, RowCount:0, ArgLen:1, start time: 2026-07-13 01:03:51.482 +0800 CST, Err:<nil>, ErrCount:0, SnapshotVersion:0, Version: v2"] [summary="server count: 1"]
[2026/07/13 01:03:51.485 +08:00] [INFO] [job_worker.go:447] ["finish DDL job"] [category=ddl] [jobID=57] [job="ID:57, Type:create table, State:synced, SchemaState:public, SchemaID:1, TableID:56, RowCount:0, ArgLen:0, start time: 2026-07-13 01:03:51.482 +0800 CST, Err:<nil>, ErrCount:0, SnapshotVersion:0, Version: v2"]
[2026/07/13 01:03:51.485 +08:00] [INFO] [executor.go:7380] ["DDL job is finished"] [category=ddl] [jobID=57]
[2026/07/13 01:03:51.486 +08:00] [INFO] [session.go:5104] ["CRUCIAL OPERATION"] [conn=0] [schemaVersion=28] [cur_db=mysql] [sql="CREATE TABLE IF NOT EXISTS mysql.table_cache_meta (\n\t\ttid bigint(11) NOT NULL DEFAULT 0,\n\t\tlock_type enum('NONE','READ', 'INTEND', 'WRITE') NOT NULL DEFAULT 'NONE',\n\t\tlease bigint(20) NOT NULL DEFAULT 0,\n\t\toldReadLease bigint(20) NOT NULL DEFAULT 0,\n\t\tPRIMARY KEY (tid)\n\t);"] [user=]
[2026/07/13 01:03:51.486 +08:00] [INFO] [add_column.go:1339] ["Automatically convert BLOB(19372) to MEDIUMBLOB"] [category=ddl]
[2026/07/13 01:03:51.486 +08:00] [INFO] [executor.go:7545] ["system variable tidb_scatter_region not found, use default value"] [category=ddl]
[2026/07/13 01:03:51.486 +08:00] [INFO] [job_submitter.go:118] ["add DDL jobs"] [category=ddl] ["batch count"=1] [jobs="ID:59, Type:create table, State:queueing, SchemaState:none, SchemaID:1, TableID:58, RowCount:0, ArgLen:1, start time: 2026-07-13 01:03:51.486 +0800 CST, Err:<nil>, ErrCount:0, SnapshotVersion:0, Version: v2; "] [fast_create=true]
[2026/07/13 01:03:51.486 +08:00] [INFO] [executor.go:7260] ["DDL job submitted"] [category=ddl] [job="ID:59, Type:create table, State:queueing, SchemaState:none, SchemaID:1, TableID:58, RowCount:0, ArgLen:1, start time: 2026-07-13 01:03:51.486 +0800 CST, Err:<nil>, ErrCount:0, SnapshotVersion:0, Version: v2"] [query="CREATE TABLE IF NOT EXISTS mysql.analyze_options (\n\t\ttable_id BIGINT(64) NOT NULL,\n\t\tsample_num BIGINT(64) NOT NULL DEFAULT 0,\n\t\tsample_rate DOUBLE NOT NULL DEFAULT -1,\n\t\tbuckets BIGINT(64) NOT NULL DEFAULT 0,\n\t\ttopn BIGINT(64) NOT NULL DEFAULT -1,\n\t\tcolumn_choice enum('DEFAULT','ALL','PREDICATE','LIST') NOT NULL DEFAULT 'DEFAULT',\n\t\tcolumn_ids TEXT(19372),\n\t\tPRIMARY KEY (table_id) CLUSTERED\n\t);"]
[2026/07/13 01:03:51.486 +08:00] [INFO] [job_worker.go:854] ["run one job step"] [category=ddl] [jobID=59] [job="ID:59, Type:create table, State:queueing, SchemaState:none, SchemaID:1, TableID:58, RowCount:0, ArgLen:0, start time: 2026-07-13 01:03:51.486 +0800 CST, Err:<nil>, ErrCount:0, SnapshotVersion:0, Version: v2"]
[2026/07/13 01:03:51.487 +08:00] [INFO] [loader.go:216] ["diff load InfoSchema success"] [mode=auto] [isV2=true] [currVer=28] [neededVer=29] [gotVer=29] ["elapsed time"=64.709µs] [phyTblIDs="[58]"] [actionTypes="[3]"] [diffTypes="[\"create table\"]"]
[2026/07/13 01:03:51.487 +08:00] [INFO] [syncer.go:258] ["session manager is nil"]
[2026/07/13 01:03:51.487 +08:00] [INFO] [syncer.go:281] ["mdl gets lock, update self version to owner"] [jobID=59] [version=29]
[2026/07/13 01:03:51.489 +08:00] [INFO] [schema_version.go:397] ["wait schema version synced success"] [category=ddl] [ver=29] [checkAssumedSvr=false] ["take time"=2.058875ms] [job="ID:59, Type:create table, State:done, SchemaState:public, SchemaID:1, TableID:58, RowCount:0, ArgLen:1, start time: 2026-07-13 01:03:51.486 +0800 CST, Err:<nil>, ErrCount:0, SnapshotVersion:0, Version: v2"] [summary="server count: 1"]
[2026/07/13 01:03:51.489 +08:00] [INFO] [job_worker.go:447] ["finish DDL job"] [category=ddl] [jobID=59] [job="ID:59, Type:create table, State:synced, SchemaState:public, SchemaID:1, TableID:58, RowCount:0, ArgLen:0, start time: 2026-07-13 01:03:51.486 +0800 CST, Err:<nil>, ErrCount:0, SnapshotVersion:0, Version: v2"]
[2026/07/13 01:03:51.490 +08:00] [INFO] [executor.go:7380] ["DDL job is finished"] [category=ddl] [jobID=59]
[2026/07/13 01:03:51.490 +08:00] [INFO] [session.go:5104] ["CRUCIAL OPERATION"] [conn=0] [schemaVersion=29] [cur_db=mysql] [sql="CREATE TABLE IF NOT EXISTS mysql.analyze_options (\n\t\ttable_id BIGINT(64) NOT NULL,\n\t\tsample_num BIGINT(64) NOT NULL DEFAULT 0,\n\t\tsample_rate DOUBLE NOT NULL DEFAULT -1,\n\t\tbuckets BIGINT(64) NOT NULL DEFAULT 0,\n\t\ttopn BIGINT(64) NOT NULL DEFAULT -1,\n\t\tcolumn_choice enum('DEFAULT','ALL','PREDICATE','LIST') NOT NULL DEFAULT 'DEFAULT',\n\t\tcolumn_ids TEXT(19372),\n\t\tPRIMARY KEY (table_id) CLUSTERED\n\t);"] [user=]
[2026/07/13 01:03:51.490 +08:00] [INFO] [executor.go:7545] ["system variable tidb_scatter_region not found, use default value"] [category=ddl]
[2026/07/13 01:03:51.490 +08:00] [INFO] [job_submitter.go:118] ["add DDL jobs"] [category=ddl] ["batch count"=1] [jobs="ID:61, Type:create table, State:queueing, SchemaState:none, SchemaID:1, TableID:60, RowCount:0, ArgLen:1, start time: 2026-07-13 01:03:51.49 +0800 CST, Err:<nil>, ErrCount:0, SnapshotVersion:0, Version: v2; "] [fast_create=true]
[2026/07/13 01:03:51.490 +08:00] [INFO] [executor.go:7260] ["DDL job submitted"] [category=ddl] [job="ID:61, Type:create table, State:queueing, SchemaState:none, SchemaID:1, TableID:60, RowCount:0, ArgLen:1, start time: 2026-07-13 01:03:51.49 +0800 CST, Err:<nil>, ErrCount:0, SnapshotVersion:0, Version: v2"] [query="CREATE TABLE IF NOT EXISTS mysql.stats_history (\n\t\ttable_id bigint(64) NOT NULL,\n\t\tstats_data longblob NOT NULL,\n\t\tseq_no bigint(64) NOT NULL comment 'sequence number of the gzipped data slice',\n\t\tversion bigint(64) NOT NULL comment 'stats version which corresponding to stats:version in EXPLAIN',\n\t\tcreate_time datetime(6) NOT NULL,\n\t\tPRIMARY KEY (table_id, version, seq_no) CLUSTERED,\n\t\tKEY table_create_time (table_id, create_time, seq_no),\n    \tKEY idx_create_time (create_time)\n\t);"]
[2026/07/13 01:03:51.491 +08:00] [INFO] [job_worker.go:854] ["run one job step"] [category=ddl] [jobID=61] [job="ID:61, Type:create table, State:queueing, SchemaState:none, SchemaID:1, TableID:60, RowCount:0, ArgLen:0, start time: 2026-07-13 01:03:51.49 +0800 CST, Err:<nil>, ErrCount:0, SnapshotVersion:0, Version: v2"]
[2026/07/13 01:03:51.491 +08:00] [INFO] [loader.go:216] ["diff load InfoSchema success"] [mode=auto] [isV2=true] [currVer=29] [neededVer=30] [gotVer=30] ["elapsed time"=86.417µs] [phyTblIDs="[60]"] [actionTypes="[3]"] [diffTypes="[\"create table\"]"]
[2026/07/13 01:03:51.491 +08:00] [INFO] [syncer.go:258] ["session manager is nil"]
[2026/07/13 01:03:51.491 +08:00] [INFO] [syncer.go:281] ["mdl gets lock, update self version to owner"] [jobID=61] [version=30]
[2026/07/13 01:03:51.493 +08:00] [INFO] [schema_version.go:397] ["wait schema version synced success"] [category=ddl] [ver=30] [checkAssumedSvr=false] ["take time"=2.104208ms] [job="ID:61, Type:create table, State:done, SchemaState:public, SchemaID:1, TableID:60, RowCount:0, ArgLen:1, start time: 2026-07-13 01:03:51.49 +0800 CST, Err:<nil>, ErrCount:0, SnapshotVersion:0, Version: v2"] [summary="server count: 1"]
[2026/07/13 01:03:51.494 +08:00] [INFO] [job_worker.go:447] ["finish DDL job"] [category=ddl] [jobID=61] [job="ID:61, Type:create table, State:synced, SchemaState:public, SchemaID:1, TableID:60, RowCount:0, ArgLen:0, start time: 2026-07-13 01:03:51.49 +0800 CST, Err:<nil>, ErrCount:0, SnapshotVersion:0, Version: v2"]
[2026/07/13 01:03:51.494 +08:00] [INFO] [executor.go:7380] ["DDL job is finished"] [category=ddl] [jobID=61]
[2026/07/13 01:03:51.494 +08:00] [INFO] [session.go:5104] ["CRUCIAL OPERATION"] [conn=0] [schemaVersion=30] [cur_db=mysql] [sql="CREATE TABLE IF NOT EXISTS mysql.stats_history (\n\t\ttable_id bigint(64) NOT NULL,\n\t\tstats_data longblob NOT NULL,\n\t\tseq_no bigint(64) NOT NULL comment 'sequence number of the gzipped data slice',\n\t\tversion bigint(64) NOT NULL comment 'stats version which corresponding to stats:version in EXPLAIN',\n\t\tcreate_time datetime(6) NOT NULL,\n\t\tPRIMARY KEY (table_id, version, seq_no) CLUSTERED,\n\t\tKEY table_create_time (table_id, create_time, seq_no),\n    \tKEY idx_create_time (create_time)\n\t);"] [user=]
[2026/07/13 01:03:51.494 +08:00] [INFO] [executor.go:7545] ["system variable tidb_scatter_region not found, use default value"] [category=ddl]
[2026/07/13 01:03:51.495 +08:00] [INFO] [job_submitter.go:118] ["add DDL jobs"] [category=ddl] ["batch count"=1] [jobs="ID:63, Type:create table, State:queueing, SchemaState:none, SchemaID:1, TableID:62, RowCount:0, ArgLen:1, start time: 2026-07-13 01:03:51.494 +0800 CST, Err:<nil>, ErrCount:0, SnapshotVersion:0, Version: v2; "] [fast_create=true]
[2026/07/13 01:03:51.495 +08:00] [INFO] [executor.go:7260] ["DDL job submitted"] [category=ddl] [job="ID:63, Type:create table, State:queueing, SchemaState:none, SchemaID:1, TableID:62, RowCount:0, ArgLen:1, start time: 2026-07-13 01:03:51.494 +0800 CST, Err:<nil>, ErrCount:0, SnapshotVersion:0, Version: v2"] [query="CREATE TABLE IF NOT EXISTS mysql.stats_meta_history (\n\t\ttable_id bigint(64) NOT NULL,\n\t\tmodify_count bigint(64) NOT NULL,\n\t\tcount bigint(64) NOT NULL,\n\t\tversion bigint(64) NOT NULL comment 'stats version which corresponding to stats:version in EXPLAIN',\n    \tsource varchar(40) NOT NULL,\n\t\tcreate_time datetime(6) NOT NULL,\n\t\tPRIMARY KEY (table_id, version) CLUSTERED,\n\t\tKEY table_create_time (table_id, create_time),\n    \tKEY idx_create_time (create_time)\n\t);"]
[2026/07/13 01:03:51.495 +08:00] [INFO] [job_worker.go:854] ["run one job step"] [category=ddl] [jobID=63] [job="ID:63, Type:create table, State:queueing, SchemaState:none, SchemaID:1, TableID:62, RowCount:0, ArgLen:0, start time: 2026-07-13 01:03:51.494 +0800 CST, Err:<nil>, ErrCount:0, SnapshotVersion:0, Version: v2"]
[2026/07/13 01:03:51.496 +08:00] [INFO] [loader.go:216] ["diff load InfoSchema success"] [mode=auto] [isV2=true] [currVer=30] [neededVer=31] [gotVer=31] ["elapsed time"=78.583µs] [phyTblIDs="[62]"] [actionTypes="[3]"] [diffTypes="[\"create table\"]"]
[2026/07/13 01:03:51.496 +08:00] [INFO] [syncer.go:258] ["session manager is nil"]
[2026/07/13 01:03:51.496 +08:00] [INFO] [syncer.go:281] ["mdl gets lock, update self version to owner"] [jobID=63] [version=31]
[2026/07/13 01:03:51.498 +08:00] [INFO] [schema_version.go:397] ["wait schema version synced success"] [category=ddl] [ver=31] [checkAssumedSvr=false] ["take time"=2.140583ms] [job="ID:63, Type:create table, State:done, SchemaState:public, SchemaID:1, TableID:62, RowCount:0, ArgLen:1, start time: 2026-07-13 01:03:51.494 +0800 CST, Err:<nil>, ErrCount:0, SnapshotVersion:0, Version: v2"] [summary="server count: 1"]
[2026/07/13 01:03:51.498 +08:00] [INFO] [job_worker.go:447] ["finish DDL job"] [category=ddl] [jobID=63] [job="ID:63, Type:create table, State:synced, SchemaState:public, SchemaID:1, TableID:62, RowCount:0, ArgLen:0, start time: 2026-07-13 01:03:51.494 +0800 CST, Err:<nil>, ErrCount:0, SnapshotVersion:0, Version: v2"]
[2026/07/13 01:03:51.499 +08:00] [INFO] [executor.go:7380] ["DDL job is finished"] [category=ddl] [jobID=63]
[2026/07/13 01:03:51.499 +08:00] [INFO] [session.go:5104] ["CRUCIAL OPERATION"] [conn=0] [schemaVersion=31] [cur_db=mysql] [sql="CREATE TABLE IF NOT EXISTS mysql.stats_meta_history (\n\t\ttable_id bigint(64) NOT NULL,\n\t\tmodify_count bigint(64) NOT NULL,\n\t\tcount bigint(64) NOT NULL,\n\t\tversion bigint(64) NOT NULL comment 'stats version which corresponding to stats:version in EXPLAIN',\n    \tsource varchar(40) NOT NULL,\n\t\tcreate_time datetime(6) NOT NULL,\n\t\tPRIMARY KEY (table_id, version) CLUSTERED,\n\t\tKEY table_create_time (table_id, create_time),\n    \tKEY idx_create_time (create_time)\n\t);"] [user=]
[2026/07/13 01:03:51.499 +08:00] [INFO] [executor.go:7545] ["system variable tidb_scatter_region not found, use default value"] [category=ddl]
[2026/07/13 01:03:51.499 +08:00] [INFO] [job_submitter.go:118] ["add DDL jobs"] [category=ddl] ["batch count"=1] [jobs="ID:65, Type:create table, State:queueing, SchemaState:none, SchemaID:1, TableID:64, RowCount:0, ArgLen:1, start time: 2026-07-13 01:03:51.499 +0800 CST, Err:<nil>, ErrCount:0, SnapshotVersion:0, Version: v2; "] [fast_create=true]
[2026/07/13 01:03:51.499 +08:00] [INFO] [executor.go:7260] ["DDL job submitted"] [category=ddl] [job="ID:65, Type:create table, State:queueing, SchemaState:none, SchemaID:1, TableID:64, RowCount:0, ArgLen:1, start time: 2026-07-13 01:03:51.499 +0800 CST, Err:<nil>, ErrCount:0, SnapshotVersion:0, Version: v2"] [query="CREATE TABLE IF NOT EXISTS mysql.analyze_jobs (\n\t\tid BIGINT(64) UNSIGNED NOT NULL AUTO_INCREMENT,\n\t\tupdate_time TIMESTAMP NOT NULL DEFAULT CURRENT_TIMESTAMP ON UPDATE CURRENT_TIMESTAMP,\n\t\ttable_schema CHAR(64) NOT NULL DEFAULT '',\n\t\ttable_name CHAR(64) NOT NULL DEFAULT '',\n\t\tpartition_name CHAR(64) NOT NULL DEFAULT '',\n\t\tjob_info TEXT NOT NULL,\n\t\tprocessed_rows BIGINT(64) UNSIGNED NOT NULL DEFAULT 0,\n\t\tstart_time TIMESTAMP,\n\t\tend_time TIMESTAMP,\n\t\tstate ENUM('pending', 'running', 'finished', 'failed') NOT NULL,\n\t\tfail_reason TEXT,\n\t\tinstance VARCHAR(512) NOT NULL comment 'address of the TiDB instance executing the analyze job',\n\t\tprocess_id BIGINT(64) UNSIGNED comment 'ID of the process executing the analyze job',\n\t\tPRIMARY KEY (id),\n\t\tKEY (update_time),\n\t\tINDEX idx_schema_table_state (table_schema, table_name, state),\n\t\tINDEX idx_schema_table_partition_state (table_schema, table_name, partition_name, state)\n\t);"]
[2026/07/13 01:03:51.500 +08:00] [INFO] [job_worker.go:854] ["run one job step"] [category=ddl] [jobID=65] [job="ID:65, Type:create table, State:queueing, SchemaState:none, SchemaID:1, TableID:64, RowCount:0, ArgLen:0, start time: 2026-07-13 01:03:51.499 +0800 CST, Err:<nil>, ErrCount:0, SnapshotVersion:0, Version: v2"]
[2026/07/13 01:03:51.501 +08:00] [INFO] [loader.go:216] ["diff load InfoSchema success"] [mode=auto] [isV2=true] [currVer=31] [neededVer=32] [gotVer=32] ["elapsed time"=139.334µs] [phyTblIDs="[64]"] [actionTypes="[3]"] [diffTypes="[\"create table\"]"]
[2026/07/13 01:03:51.501 +08:00] [INFO] [syncer.go:258] ["session manager is nil"]
[2026/07/13 01:03:51.501 +08:00] [INFO] [syncer.go:281] ["mdl gets lock, update self version to owner"] [jobID=65] [version=32]
[2026/07/13 01:03:51.502 +08:00] [INFO] [schema_version.go:397] ["wait schema version synced success"] [category=ddl] [ver=32] [checkAssumedSvr=false] ["take time"=2.012042ms] [job="ID:65, Type:create table, State:done, SchemaState:public, SchemaID:1, TableID:64, RowCount:0, ArgLen:1, start time: 2026-07-13 01:03:51.499 +0800 CST, Err:<nil>, ErrCount:0, SnapshotVersion:0, Version: v2"] [summary="server count: 1"]
[2026/07/13 01:03:51.503 +08:00] [INFO] [job_worker.go:447] ["finish DDL job"] [category=ddl] [jobID=65] [job="ID:65, Type:create table, State:synced, SchemaState:public, SchemaID:1, TableID:64, RowCount:0, ArgLen:0, start time: 2026-07-13 01:03:51.499 +0800 CST, Err:<nil>, ErrCount:0, SnapshotVersion:0, Version: v2"]
[2026/07/13 01:03:51.504 +08:00] [INFO] [executor.go:7380] ["DDL job is finished"] [category=ddl] [jobID=65]
[2026/07/13 01:03:51.504 +08:00] [INFO] [session.go:5104] ["CRUCIAL OPERATION"] [conn=0] [schemaVersion=32] [cur_db=mysql] [sql="CREATE TABLE IF NOT EXISTS mysql.analyze_jobs (\n\t\tid BIGINT(64) UNSIGNED NOT NULL AUTO_INCREMENT,\n\t\tupdate_time TIMESTAMP NOT NULL DEFAULT CURRENT_TIMESTAMP ON UPDATE CURRENT_TIMESTAMP,\n\t\ttable_schema CHAR(64) NOT NULL DEFAULT '',\n\t\ttable_name CHAR(64) NOT NULL DEFAULT '',\n\t\tpartition_name CHAR(64) NOT NULL DEFAULT '',\n\t\tjob_info TEXT NOT NULL,\n\t\tprocessed_rows BIGINT(64) UNSIGNED NOT NULL DEFAULT 0,\n\t\tstart_time TIMESTAMP,\n\t\tend_time TIMESTAMP,\n\t\tstate ENUM('pending', 'running', 'finished', 'failed') NOT NULL,\n\t\tfail_reason TEXT,\n\t\tinstance VARCHAR(512) NOT NULL comment 'address of the TiDB instance executing the analyze job',\n\t\tprocess_id BIGINT(64) UNSIGNED comment 'ID of the process executing the analyze job',\n\t\tPRIMARY KEY (id),\n\t\tKEY (update_time),\n\t\tINDEX idx_schema_table_state (table_schema, table_name, state),\n\t\tINDEX idx_schema_table_partition_state (table_schema, table_name, partition_name, state)\n\t);"] [user=]
[2026/07/13 01:03:51.504 +08:00] [INFO] [executor.go:7545] ["system variable tidb_scatter_region not found, use default value"] [category=ddl]
[2026/07/13 01:03:51.504 +08:00] [INFO] [job_submitter.go:118] ["add DDL jobs"] [category=ddl] ["batch count"=1] [jobs="ID:67, Type:create table, State:queueing, SchemaState:none, SchemaID:1, TableID:66, RowCount:0, ArgLen:1, start time: 2026-07-13 01:03:51.504 +0800 CST, Err:<nil>, ErrCount:0, SnapshotVersion:0, Version: v2; "] [fast_create=true]
[2026/07/13 01:03:51.504 +08:00] [INFO] [executor.go:7260] ["DDL job submitted"] [category=ddl] [job="ID:67, Type:create table, State:queueing, SchemaState:none, SchemaID:1, TableID:66, RowCount:0, ArgLen:1, start time: 2026-07-13 01:03:51.504 +0800 CST, Err:<nil>, ErrCount:0, SnapshotVersion:0, Version: v2"] [query="CREATE TABLE IF NOT EXISTS mysql.advisory_locks (\n\t\tlock_name VARCHAR(64) NOT NULL PRIMARY KEY\n\t);"]
[2026/07/13 01:03:51.504 +08:00] [INFO] [job_worker.go:854] ["run one job step"] [category=ddl] [jobID=67] [job="ID:67, Type:create table, State:queueing, SchemaState:none, SchemaID:1, TableID:66, RowCount:0, ArgLen:0, start time: 2026-07-13 01:03:51.504 +0800 CST, Err:<nil>, ErrCount:0, SnapshotVersion:0, Version: v2"]
[2026/07/13 01:03:51.505 +08:00] [INFO] [loader.go:216] ["diff load InfoSchema success"] [mode=auto] [isV2=true] [currVer=32] [neededVer=33] [gotVer=33] ["elapsed time"=46.5µs] [phyTblIDs="[66]"] [actionTypes="[3]"] [diffTypes="[\"create table\"]"]
[2026/07/13 01:03:51.505 +08:00] [INFO] [syncer.go:258] ["session manager is nil"]
[2026/07/13 01:03:51.505 +08:00] [INFO] [syncer.go:281] ["mdl gets lock, update self version to owner"] [jobID=67] [version=33]
[2026/07/13 01:03:51.507 +08:00] [INFO] [schema_version.go:397] ["wait schema version synced success"] [category=ddl] [ver=33] [checkAssumedSvr=false] ["take time"=2.055167ms] [job="ID:67, Type:create table, State:done, SchemaState:public, SchemaID:1, TableID:66, RowCount:0, ArgLen:1, start time: 2026-07-13 01:03:51.504 +0800 CST, Err:<nil>, ErrCount:0, SnapshotVersion:0, Version: v2"] [summary="server count: 1"]
[2026/07/13 01:03:51.507 +08:00] [INFO] [job_worker.go:447] ["finish DDL job"] [category=ddl] [jobID=67] [job="ID:67, Type:create table, State:synced, SchemaState:public, SchemaID:1, TableID:66, RowCount:0, ArgLen:0, start time: 2026-07-13 01:03:51.504 +0800 CST, Err:<nil>, ErrCount:0, SnapshotVersion:0, Version: v2"]
[2026/07/13 01:03:51.508 +08:00] [INFO] [executor.go:7380] ["DDL job is finished"] [category=ddl] [jobID=67]
[2026/07/13 01:03:51.508 +08:00] [INFO] [session.go:5104] ["CRUCIAL OPERATION"] [conn=0] [schemaVersion=33] [cur_db=mysql] [sql="CREATE TABLE IF NOT EXISTS mysql.advisory_locks (\n\t\tlock_name VARCHAR(64) NOT NULL PRIMARY KEY\n\t);"] [user=]
[2026/07/13 01:03:51.508 +08:00] [INFO] [executor.go:7545] ["system variable tidb_scatter_region not found, use default value"] [category=ddl]
[2026/07/13 01:03:51.509 +08:00] [INFO] [job_submitter.go:118] ["add DDL jobs"] [category=ddl] ["batch count"=1] [jobs="ID:69, Type:create table, State:queueing, SchemaState:none, SchemaID:1, TableID:68, RowCount:0, ArgLen:1, start time: 2026-07-13 01:03:51.508 +0800 CST, Err:<nil>, ErrCount:0, SnapshotVersion:0, Version: v2; "] [fast_create=true]
[2026/07/13 01:03:51.509 +08:00] [INFO] [executor.go:7260] ["DDL job submitted"] [category=ddl] [job="ID:69, Type:create table, State:queueing, SchemaState:none, SchemaID:1, TableID:68, RowCount:0, ArgLen:1, start time: 2026-07-13 01:03:51.508 +0800 CST, Err:<nil>, ErrCount:0, SnapshotVersion:0, Version: v2"] [query="CREATE TABLE IF NOT EXISTS mysql.plan_replayer_status (\n\t\tsql_digest VARCHAR(128),\n\t\tplan_digest VARCHAR(128),\n\t\torigin_sql TEXT,\n\t\ttoken VARCHAR(128),\n\t\tupdate_time TIMESTAMP NOT NULL DEFAULT CURRENT_TIMESTAMP ON UPDATE CURRENT_TIMESTAMP,\n\t\tfail_reason TEXT,\n\t\tinstance VARCHAR(512) NOT NULL comment 'address of the TiDB instance executing the plan replayer job');"]
[2026/07/13 01:03:51.509 +08:00] [INFO] [job_worker.go:854] ["run one job step"] [category=ddl] [jobID=69] [job="ID:69, Type:create table, State:queueing, SchemaState:none, SchemaID:1, TableID:68, RowCount:0, ArgLen:0, start time: 2026-07-13 01:03:51.508 +0800 CST, Err:<nil>, ErrCount:0, SnapshotVersion:0, Version: v2"]
[2026/07/13 01:03:51.510 +08:00] [INFO] [loader.go:216] ["diff load InfoSchema success"] [mode=auto] [isV2=true] [currVer=33] [neededVer=34] [gotVer=34] ["elapsed time"=76.792µs] [phyTblIDs="[68]"] [actionTypes="[3]"] [diffTypes="[\"create table\"]"]
[2026/07/13 01:03:51.510 +08:00] [INFO] [syncer.go:258] ["session manager is nil"]
[2026/07/13 01:03:51.510 +08:00] [INFO] [syncer.go:281] ["mdl gets lock, update self version to owner"] [jobID=69] [version=34]
[2026/07/13 01:03:51.512 +08:00] [INFO] [schema_version.go:397] ["wait schema version synced success"] [category=ddl] [ver=34] [checkAssumedSvr=false] ["take time"=2.161292ms] [job="ID:69, Type:create table, State:done, SchemaState:public, SchemaID:1, TableID:68, RowCount:0, ArgLen:1, start time: 2026-07-13 01:03:51.508 +0800 CST, Err:<nil>, ErrCount:0, SnapshotVersion:0, Version: v2"] [summary="server count: 1"]
[2026/07/13 01:03:51.512 +08:00] [INFO] [job_worker.go:447] ["finish DDL job"] [category=ddl] [jobID=69] [job="ID:69, Type:create table, State:synced, SchemaState:public, SchemaID:1, TableID:68, RowCount:0, ArgLen:0, start time: 2026-07-13 01:03:51.508 +0800 CST, Err:<nil>, ErrCount:0, SnapshotVersion:0, Version: v2"]
[2026/07/13 01:03:51.513 +08:00] [INFO] [executor.go:7380] ["DDL job is finished"] [category=ddl] [jobID=69]
[2026/07/13 01:03:51.513 +08:00] [INFO] [session.go:5104] ["CRUCIAL OPERATION"] [conn=0] [schemaVersion=34] [cur_db=mysql] [sql="CREATE TABLE IF NOT EXISTS mysql.plan_replayer_status (\n\t\tsql_digest VARCHAR(128),\n\t\tplan_digest VARCHAR(128),\n\t\torigin_sql TEXT,\n\t\ttoken VARCHAR(128),\n\t\tupdate_time TIMESTAMP NOT NULL DEFAULT CURRENT_TIMESTAMP ON UPDATE CURRENT_TIMESTAMP,\n\t\tfail_reason TEXT,\n\t\tinstance VARCHAR(512) NOT NULL comment 'address of the TiDB instance executing the plan replayer job');"] [user=]
[2026/07/13 01:03:51.513 +08:00] [INFO] [executor.go:7545] ["system variable tidb_scatter_region not found, use default value"] [category=ddl]
[2026/07/13 01:03:51.513 +08:00] [INFO] [job_submitter.go:118] ["add DDL jobs"] [category=ddl] ["batch count"=1] [jobs="ID:71, Type:create table, State:queueing, SchemaState:none, SchemaID:1, TableID:70, RowCount:0, ArgLen:1, start time: 2026-07-13 01:03:51.513 +0800 CST, Err:<nil>, ErrCount:0, SnapshotVersion:0, Version: v2; "] [fast_create=true]
[2026/07/13 01:03:51.513 +08:00] [INFO] [executor.go:7260] ["DDL job submitted"] [category=ddl] [job="ID:71, Type:create table, State:queueing, SchemaState:none, SchemaID:1, TableID:70, RowCount:0, ArgLen:1, start time: 2026-07-13 01:03:51.513 +0800 CST, Err:<nil>, ErrCount:0, SnapshotVersion:0, Version: v2"] [query="CREATE TABLE IF NOT EXISTS mysql.plan_replayer_task (\n\t\tsql_digest VARCHAR(128) NOT NULL,\n\t\tplan_digest VARCHAR(128) NOT NULL,\n\t\tupdate_time TIMESTAMP NOT NULL DEFAULT CURRENT_TIMESTAMP ON UPDATE CURRENT_TIMESTAMP,\n\t\tPRIMARY KEY (sql_digest,plan_digest));"]
[2026/07/13 01:03:51.514 +08:00] [INFO] [job_worker.go:854] ["run one job step"] [category=ddl] [jobID=71] [job="ID:71, Type:create table, State:queueing, SchemaState:none, SchemaID:1, TableID:70, RowCount:0, ArgLen:0, start time: 2026-07-13 01:03:51.513 +0800 CST, Err:<nil>, ErrCount:0, SnapshotVersion:0, Version: v2"]
[2026/07/13 01:03:51.514 +08:00] [INFO] [loader.go:216] ["diff load InfoSchema success"] [mode=auto] [isV2=true] [currVer=34] [neededVer=35] [gotVer=35] ["elapsed time"=58.917µs] [phyTblIDs="[70]"] [actionTypes="[3]"] [diffTypes="[\"create table\"]"]
[2026/07/13 01:03:51.514 +08:00] [INFO] [syncer.go:258] ["session manager is nil"]
[2026/07/13 01:03:51.514 +08:00] [INFO] [syncer.go:281] ["mdl gets lock, update self version to owner"] [jobID=71] [version=35]
[2026/07/13 01:03:51.516 +08:00] [INFO] [schema_version.go:397] ["wait schema version synced success"] [category=ddl] [ver=35] [checkAssumedSvr=false] ["take time"=2.226792ms] [job="ID:71, Type:create table, State:done, SchemaState:public, SchemaID:1, TableID:70, RowCount:0, ArgLen:1, start time: 2026-07-13 01:03:51.513 +0800 CST, Err:<nil>, ErrCount:0, SnapshotVersion:0, Version: v2"] [summary="server count: 1"]
[2026/07/13 01:03:51.517 +08:00] [INFO] [job_worker.go:447] ["finish DDL job"] [category=ddl] [jobID=71] [job="ID:71, Type:create table, State:synced, SchemaState:public, SchemaID:1, TableID:70, RowCount:0, ArgLen:0, start time: 2026-07-13 01:03:51.513 +0800 CST, Err:<nil>, ErrCount:0, SnapshotVersion:0, Version: v2"]
[2026/07/13 01:03:51.518 +08:00] [INFO] [executor.go:7380] ["DDL job is finished"] [category=ddl] [jobID=71]
[2026/07/13 01:03:51.518 +08:00] [INFO] [session.go:5104] ["CRUCIAL OPERATION"] [conn=0] [schemaVersion=35] [cur_db=mysql] [sql="CREATE TABLE IF NOT EXISTS mysql.plan_replayer_task (\n\t\tsql_digest VARCHAR(128) NOT NULL,\n\t\tplan_digest VARCHAR(128) NOT NULL,\n\t\tupdate_time TIMESTAMP NOT NULL DEFAULT CURRENT_TIMESTAMP ON UPDATE CURRENT_TIMESTAMP,\n\t\tPRIMARY KEY (sql_digest,plan_digest));"] [user=]
[2026/07/13 01:03:51.518 +08:00] [INFO] [executor.go:7545] ["system variable tidb_scatter_region not found, use default value"] [category=ddl]
[2026/07/13 01:03:51.518 +08:00] [INFO] [job_submitter.go:118] ["add DDL jobs"] [category=ddl] ["batch count"=1] [jobs="ID:73, Type:create table, State:queueing, SchemaState:none, SchemaID:1, TableID:72, RowCount:0, ArgLen:1, start time: 2026-07-13 01:03:51.518 +0800 CST, Err:<nil>, ErrCount:0, SnapshotVersion:0, Version: v2; "] [fast_create=true]
[2026/07/13 01:03:51.518 +08:00] [INFO] [executor.go:7260] ["DDL job submitted"] [category=ddl] [job="ID:73, Type:create table, State:queueing, SchemaState:none, SchemaID:1, TableID:72, RowCount:0, ArgLen:1, start time: 2026-07-13 01:03:51.518 +0800 CST, Err:<nil>, ErrCount:0, SnapshotVersion:0, Version: v2"] [query="CREATE TABLE IF NOT EXISTS mysql.stats_table_locked (\n\t\ttable_id bigint(64) NOT NULL,\n\t\tmodify_count bigint(64) NOT NULL DEFAULT 0,\n\t\tcount bigint(64) NOT NULL DEFAULT 0,\n\t\tversion bigint(64) UNSIGNED NOT NULL DEFAULT 0,\n\t\tPRIMARY KEY (table_id) CLUSTERED);"]
[2026/07/13 01:03:51.518 +08:00] [INFO] [job_worker.go:854] ["run one job step"] [category=ddl] [jobID=73] [job="ID:73, Type:create table, State:queueing, SchemaState:none, SchemaID:1, TableID:72, RowCount:0, ArgLen:0, start time: 2026-07-13 01:03:51.518 +0800 CST, Err:<nil>, ErrCount:0, SnapshotVersion:0, Version: v2"]
[2026/07/13 01:03:51.519 +08:00] [INFO] [loader.go:216] ["diff load InfoSchema success"] [mode=auto] [isV2=true] [currVer=35] [neededVer=36] [gotVer=36] ["elapsed time"=52.334µs] [phyTblIDs="[72]"] [actionTypes="[3]"] [diffTypes="[\"create table\"]"]
[2026/07/13 01:03:51.519 +08:00] [INFO] [syncer.go:258] ["session manager is nil"]
[2026/07/13 01:03:51.519 +08:00] [INFO] [syncer.go:281] ["mdl gets lock, update self version to owner"] [jobID=73] [version=36]
[2026/07/13 01:03:51.521 +08:00] [INFO] [schema_version.go:397] ["wait schema version synced success"] [category=ddl] [ver=36] [checkAssumedSvr=false] ["take time"=2.060416ms] [job="ID:73, Type:create table, State:done, SchemaState:public, SchemaID:1, TableID:72, RowCount:0, ArgLen:1, start time: 2026-07-13 01:03:51.518 +0800 CST, Err:<nil>, ErrCount:0, SnapshotVersion:0, Version: v2"] [summary="server count: 1"]
[2026/07/13 01:03:51.521 +08:00] [INFO] [job_worker.go:447] ["finish DDL job"] [category=ddl] [jobID=73] [job="ID:73, Type:create table, State:synced, SchemaState:public, SchemaID:1, TableID:72, RowCount:0, ArgLen:0, start time: 2026-07-13 01:03:51.518 +0800 CST, Err:<nil>, ErrCount:0, SnapshotVersion:0, Version: v2"]
[2026/07/13 01:03:51.522 +08:00] [INFO] [executor.go:7380] ["DDL job is finished"] [category=ddl] [jobID=73]
[2026/07/13 01:03:51.522 +08:00] [INFO] [session.go:5104] ["CRUCIAL OPERATION"] [conn=0] [schemaVersion=36] [cur_db=mysql] [sql="CREATE TABLE IF NOT EXISTS mysql.stats_table_locked (\n\t\ttable_id bigint(64) NOT NULL,\n\t\tmodify_count bigint(64) NOT NULL DEFAULT 0,\n\t\tcount bigint(64) NOT NULL DEFAULT 0,\n\t\tversion bigint(64) UNSIGNED NOT NULL DEFAULT 0,\n\t\tPRIMARY KEY (table_id) CLUSTERED);"] [user=]
[2026/07/13 01:03:51.522 +08:00] [INFO] [executor.go:7545] ["system variable tidb_scatter_region not found, use default value"] [category=ddl]
[2026/07/13 01:03:51.523 +08:00] [INFO] [job_submitter.go:118] ["add DDL jobs"] [category=ddl] ["batch count"=1] [jobs="ID:75, Type:create table, State:queueing, SchemaState:none, SchemaID:1, TableID:74, RowCount:0, ArgLen:1, start time: 2026-07-13 01:03:51.522 +0800 CST, Err:<nil>, ErrCount:0, SnapshotVersion:0, Version: v2; "] [fast_create=true]
[2026/07/13 01:03:51.523 +08:00] [INFO] [executor.go:7260] ["DDL job submitted"] [category=ddl] [job="ID:75, Type:create table, State:queueing, SchemaState:none, SchemaID:1, TableID:74, RowCount:0, ArgLen:1, start time: 2026-07-13 01:03:51.522 +0800 CST, Err:<nil>, ErrCount:0, SnapshotVersion:0, Version: v2"] [query="CREATE TABLE IF NOT EXISTS mysql.tidb_ttl_table_status (\n\t\ttable_id bigint(64) PRIMARY KEY,\n        parent_table_id bigint(64),\n        table_statistics text DEFAULT NULL,\n\t\tlast_job_id varchar(64) DEFAULT NULL,\n\t\tlast_job_start_time timestamp NULL DEFAULT NULL,\n\t\tlast_job_finish_time timestamp NULL DEFAULT NULL,\n\t\tlast_job_ttl_expire timestamp NULL DEFAULT NULL,\n        last_job_summary text DEFAULT NULL,\n\t\tcurrent_job_id varchar(64) DEFAULT NULL,\n\t\tcurrent_job_owner_id varchar(64) DEFAULT NULL,\n\t\tcurrent_job_owner_addr varchar(256) DEFAULT NULL,\n\t\tcurrent_job_owner_hb_time timestamp,\n\t\tcurrent_job_start_time timestamp NULL DEFAULT NULL,\n\t\tcurrent_job_ttl_expire timestamp NULL DEFAULT NULL,\n\t\tcurrent_job_state text DEFAULT NULL,\n\t\tcurrent_job_status varchar(64) DEFAULT NULL,\n  \t\tcurrent_job_status_update_time timestamp NULL DEFAULT NULL);"]
[2026/07/13 01:03:51.523 +08:00] [INFO] [job_worker.go:854] ["run one job step"] [category=ddl] [jobID=75] [job="ID:75, Type:create table, State:queueing, SchemaState:none, SchemaID:1, TableID:74, RowCount:0, ArgLen:0, start time: 2026-07-13 01:03:51.522 +0800 CST, Err:<nil>, ErrCount:0, SnapshotVersion:0, Version: v2"]
[2026/07/13 01:03:51.524 +08:00] [INFO] [loader.go:216] ["diff load InfoSchema success"] [mode=auto] [isV2=true] [currVer=36] [neededVer=37] [gotVer=37] ["elapsed time"=118.5µs] [phyTblIDs="[74]"] [actionTypes="[3]"] [diffTypes="[\"create table\"]"]
[2026/07/13 01:03:51.524 +08:00] [INFO] [syncer.go:258] ["session manager is nil"]
[2026/07/13 01:03:51.524 +08:00] [INFO] [syncer.go:281] ["mdl gets lock, update self version to owner"] [jobID=75] [version=37]
[2026/07/13 01:03:51.526 +08:00] [INFO] [schema_version.go:397] ["wait schema version synced success"] [category=ddl] [ver=37] [checkAssumedSvr=false] ["take time"=2.229417ms] [job="ID:75, Type:create table, State:done, SchemaState:public, SchemaID:1, TableID:74, RowCount:0, ArgLen:1, start time: 2026-07-13 01:03:51.522 +0800 CST, Err:<nil>, ErrCount:0, SnapshotVersion:0, Version: v2"] [summary="server count: 1"]
[2026/07/13 01:03:51.527 +08:00] [INFO] [job_worker.go:447] ["finish DDL job"] [category=ddl] [jobID=75] [job="ID:75, Type:create table, State:synced, SchemaState:public, SchemaID:1, TableID:74, RowCount:0, ArgLen:0, start time: 2026-07-13 01:03:51.522 +0800 CST, Err:<nil>, ErrCount:0, SnapshotVersion:0, Version: v2"]
[2026/07/13 01:03:51.527 +08:00] [INFO] [executor.go:7380] ["DDL job is finished"] [category=ddl] [jobID=75]
[2026/07/13 01:03:51.527 +08:00] [INFO] [session.go:5104] ["CRUCIAL OPERATION"] [conn=0] [schemaVersion=37] [cur_db=mysql] [sql="CREATE TABLE IF NOT EXISTS mysql.tidb_ttl_table_status (\n\t\ttable_id bigint(64) PRIMARY KEY,\n        parent_table_id bigint(64),\n        table_statistics text DEFAULT NULL,\n\t\tlast_job_id varchar(64) DEFAULT NULL,\n\t\tlast_job_start_time timestamp NULL DEFAULT NULL,\n\t\tlast_job_finish_time timestamp NULL DEFAULT NULL,\n\t\tlast_job_ttl_expire timestamp NULL DEFAULT NULL,\n        last_job_summary text DEFAULT NULL,\n\t\tcurrent_job_id varchar(64) DEFAULT NULL,\n\t\tcurrent_job_owner_id varchar(64) DEFAULT NULL,\n\t\tcurrent_job_owner_addr varchar(256) DEFAULT NULL,\n\t\tcurrent_job_owner_hb_time timestamp,\n\t\tcurrent_job_start_time timestamp NULL DEFAULT NULL,\n\t\tcurrent_job_ttl_expire timestamp NULL DEFAULT NULL,\n\t\tcurrent_job_state text DEFAULT NULL,\n\t\tcurrent_job_status varchar(64) DEFAULT NULL,\n  \t\tcurrent_job_status_update_time timestamp NULL DEFAULT NULL);"] [user=]
[2026/07/13 01:03:51.528 +08:00] [INFO] [executor.go:7545] ["system variable tidb_scatter_region not found, use default value"] [category=ddl]
[2026/07/13 01:03:51.528 +08:00] [INFO] [job_submitter.go:118] ["add DDL jobs"] [category=ddl] ["batch count"=1] [jobs="ID:77, Type:create table, State:queueing, SchemaState:none, SchemaID:1, TableID:76, RowCount:0, ArgLen:1, start time: 2026-07-13 01:03:51.528 +0800 CST, Err:<nil>, ErrCount:0, SnapshotVersion:0, Version: v2; "] [fast_create=true]
[2026/07/13 01:03:51.528 +08:00] [INFO] [executor.go:7260] ["DDL job submitted"] [category=ddl] [job="ID:77, Type:create table, State:queueing, SchemaState:none, SchemaID:1, TableID:76, RowCount:0, ArgLen:1, start time: 2026-07-13 01:03:51.528 +0800 CST, Err:<nil>, ErrCount:0, SnapshotVersion:0, Version: v2"] [query="CREATE TABLE IF NOT EXISTS mysql.tidb_ttl_task (\n\t\tjob_id varchar(64) NOT NULL,\n\t\ttable_id bigint(64) NOT NULL,\n\t\tscan_id int NOT NULL,\n\t\tscan_range_start BLOB,\n\t\tscan_range_end BLOB,\n\t\texpire_time timestamp NOT NULL,\n\t\towner_id varchar(64) DEFAULT NULL,\n\t\towner_addr varchar(64) DEFAULT NULL,\n\t\towner_hb_time timestamp DEFAULT NULL,\n\t\tstatus varchar(64) DEFAULT 'waiting',\n\t\tstatus_update_time timestamp NULL DEFAULT NULL,\n\t\tstate text,\n\t\tcreated_time timestamp NOT NULL,\n\t\tprimary key(job_id, scan_id),\n\t\tkey(created_time));"]
[2026/07/13 01:03:51.529 +08:00] [INFO] [job_worker.go:854] ["run one job step"] [category=ddl] [jobID=77] [job="ID:77, Type:create table, State:queueing, SchemaState:none, SchemaID:1, TableID:76, RowCount:0, ArgLen:0, start time: 2026-07-13 01:03:51.528 +0800 CST, Err:<nil>, ErrCount:0, SnapshotVersion:0, Version: v2"]
[2026/07/13 01:03:51.529 +08:00] [INFO] [loader.go:216] ["diff load InfoSchema success"] [mode=auto] [isV2=true] [currVer=37] [neededVer=38] [gotVer=38] ["elapsed time"=120.666µs] [phyTblIDs="[76]"] [actionTypes="[3]"] [diffTypes="[\"create table\"]"]
[2026/07/13 01:03:51.530 +08:00] [INFO] [syncer.go:258] ["session manager is nil"]
[2026/07/13 01:03:51.530 +08:00] [INFO] [syncer.go:281] ["mdl gets lock, update self version to owner"] [jobID=77] [version=38]
[2026/07/13 01:03:51.531 +08:00] [INFO] [schema_version.go:397] ["wait schema version synced success"] [category=ddl] [ver=38] [checkAssumedSvr=false] ["take time"=2.137583ms] [job="ID:77, Type:create table, State:done, SchemaState:public, SchemaID:1, TableID:76, RowCount:0, ArgLen:1, start time: 2026-07-13 01:03:51.528 +0800 CST, Err:<nil>, ErrCount:0, SnapshotVersion:0, Version: v2"] [summary="server count: 1"]
[2026/07/13 01:03:51.532 +08:00] [INFO] [job_worker.go:447] ["finish DDL job"] [category=ddl] [jobID=77] [job="ID:77, Type:create table, State:synced, SchemaState:public, SchemaID:1, TableID:76, RowCount:0, ArgLen:0, start time: 2026-07-13 01:03:51.528 +0800 CST, Err:<nil>, ErrCount:0, SnapshotVersion:0, Version: v2"]
[2026/07/13 01:03:51.533 +08:00] [INFO] [executor.go:7380] ["DDL job is finished"] [category=ddl] [jobID=77]
[2026/07/13 01:03:51.533 +08:00] [INFO] [session.go:5104] ["CRUCIAL OPERATION"] [conn=0] [schemaVersion=38] [cur_db=mysql] [sql="CREATE TABLE IF NOT EXISTS mysql.tidb_ttl_task (\n\t\tjob_id varchar(64) NOT NULL,\n\t\ttable_id bigint(64) NOT NULL,\n\t\tscan_id int NOT NULL,\n\t\tscan_range_start BLOB,\n\t\tscan_range_end BLOB,\n\t\texpire_time timestamp NOT NULL,\n\t\towner_id varchar(64) DEFAULT NULL,\n\t\towner_addr varchar(64) DEFAULT NULL,\n\t\towner_hb_time timestamp DEFAULT NULL,\n\t\tstatus varchar(64) DEFAULT 'waiting',\n\t\tstatus_update_time timestamp NULL DEFAULT NULL,\n\t\tstate text,\n\t\tcreated_time timestamp NOT NULL,\n\t\tprimary key(job_id, scan_id),\n\t\tkey(created_time));"] [user=]
[2026/07/13 01:03:51.533 +08:00] [INFO] [executor.go:7545] ["system variable tidb_scatter_region not found, use default value"] [category=ddl]
[2026/07/13 01:03:51.534 +08:00] [INFO] [job_submitter.go:118] ["add DDL jobs"] [category=ddl] ["batch count"=1] [jobs="ID:79, Type:create table, State:queueing, SchemaState:none, SchemaID:1, TableID:78, RowCount:0, ArgLen:1, start time: 2026-07-13 01:03:51.533 +0800 CST, Err:<nil>, ErrCount:0, SnapshotVersion:0, Version: v2; "] [fast_create=true]
[2026/07/13 01:03:51.534 +08:00] [INFO] [executor.go:7260] ["DDL job submitted"] [category=ddl] [job="ID:79, Type:create table, State:queueing, SchemaState:none, SchemaID:1, TableID:78, RowCount:0, ArgLen:1, start time: 2026-07-13 01:03:51.533 +0800 CST, Err:<nil>, ErrCount:0, SnapshotVersion:0, Version: v2"] [query="CREATE TABLE IF NOT EXISTS mysql.tidb_ttl_job_history (\n\t\tjob_id varchar(64) PRIMARY KEY,\n\t\ttable_id bigint(64) NOT NULL,\n        parent_table_id bigint(64) NOT NULL,\n    \ttable_schema varchar(64) NOT NULL,\n\t\ttable_name varchar(64) NOT NULL,\n    \tpartition_name varchar(64) DEFAULT NULL,\n\t\tcreate_time timestamp NOT NULL,\n\t\tfinish_time timestamp NOT NULL,\n\t\tttl_expire timestamp NOT NULL,\n        summary_text text,\n\t\texpired_rows bigint(64) DEFAULT NULL,\n    \tdeleted_rows bigint(64) DEFAULT NULL,\n    \terror_delete_rows bigint(64) DEFAULT NULL,\n    \tstatus varchar(64) NOT NULL,\n    \tkey(table_schema, table_name, create_time),\n    \tkey(parent_table_id, create_time),\n    \tkey(create_time)\n\t);"]
[2026/07/13 01:03:51.534 +08:00] [INFO] [job_worker.go:854] ["run one job step"] [category=ddl] [jobID=79] [job="ID:79, Type:create table, State:queueing, SchemaState:none, SchemaID:1, TableID:78, RowCount:0, ArgLen:0, start time: 2026-07-13 01:03:51.533 +0800 CST, Err:<nil>, ErrCount:0, SnapshotVersion:0, Version: v2"]
[2026/07/13 01:03:51.535 +08:00] [INFO] [loader.go:216] ["diff load InfoSchema success"] [mode=auto] [isV2=true] [currVer=38] [neededVer=39] [gotVer=39] ["elapsed time"=135.208µs] [phyTblIDs="[78]"] [actionTypes="[3]"] [diffTypes="[\"create table\"]"]
[2026/07/13 01:03:51.535 +08:00] [INFO] [syncer.go:258] ["session manager is nil"]
[2026/07/13 01:03:51.535 +08:00] [INFO] [syncer.go:281] ["mdl gets lock, update self version to owner"] [jobID=79] [version=39]
[2026/07/13 01:03:51.537 +08:00] [INFO] [schema_version.go:397] ["wait schema version synced success"] [category=ddl] [ver=39] [checkAssumedSvr=false] ["take time"=2.08925ms] [job="ID:79, Type:create table, State:done, SchemaState:public, SchemaID:1, TableID:78, RowCount:0, ArgLen:1, start time: 2026-07-13 01:03:51.533 +0800 CST, Err:<nil>, ErrCount:0, SnapshotVersion:0, Version: v2"] [summary="server count: 1"]
[2026/07/13 01:03:51.538 +08:00] [INFO] [job_worker.go:447] ["finish DDL job"] [category=ddl] [jobID=79] [job="ID:79, Type:create table, State:synced, SchemaState:public, SchemaID:1, TableID:78, RowCount:0, ArgLen:0, start time: 2026-07-13 01:03:51.533 +0800 CST, Err:<nil>, ErrCount:0, SnapshotVersion:0, Version: v2"]
[2026/07/13 01:03:51.539 +08:00] [INFO] [executor.go:7380] ["DDL job is finished"] [category=ddl] [jobID=79]
[2026/07/13 01:03:51.539 +08:00] [INFO] [session.go:5104] ["CRUCIAL OPERATION"] [conn=0] [schemaVersion=39] [cur_db=mysql] [sql="CREATE TABLE IF NOT EXISTS mysql.tidb_ttl_job_history (\n\t\tjob_id varchar(64) PRIMARY KEY,\n\t\ttable_id bigint(64) NOT NULL,\n        parent_table_id bigint(64) NOT NULL,\n    \ttable_schema varchar(64) NOT NULL,\n\t\ttable_name varchar(64) NOT NULL,\n    \tpartition_name varchar(64) DEFAULT NULL,\n\t\tcreate_time timestamp NOT NULL,\n\t\tfinish_time timestamp NOT NULL,\n\t\tttl_expire timestamp NOT NULL,\n        summary_text text,\n\t\texpired_rows bigint(64) DEFAULT NULL,\n    \tdeleted_rows bigint(64) DEFAULT NULL,\n    \terror_delete_rows bigint(64) DEFAULT NULL,\n    \tstatus varchar(64) NOT NULL,\n    \tkey(table_schema, table_name, create_time),\n    \tkey(parent_table_id, create_time),\n    \tkey(create_time)\n\t);"] [user=]
[2026/07/13 01:03:51.539 +08:00] [INFO] [executor.go:7545] ["system variable tidb_scatter_region not found, use default value"] [category=ddl]
[2026/07/13 01:03:51.540 +08:00] [INFO] [job_submitter.go:118] ["add DDL jobs"] [category=ddl] ["batch count"=1] [jobs="ID:81, Type:create table, State:queueing, SchemaState:none, SchemaID:1, TableID:80, RowCount:0, ArgLen:1, start time: 2026-07-13 01:03:51.539 +0800 CST, Err:<nil>, ErrCount:0, SnapshotVersion:0, Version: v2; "] [fast_create=true]
[2026/07/13 01:03:51.540 +08:00] [INFO] [executor.go:7260] ["DDL job submitted"] [category=ddl] [job="ID:81, Type:create table, State:queueing, SchemaState:none, SchemaID:1, TableID:80, RowCount:0, ArgLen:1, start time: 2026-07-13 01:03:51.539 +0800 CST, Err:<nil>, ErrCount:0, SnapshotVersion:0, Version: v2"] [query="CREATE TABLE IF NOT EXISTS mysql.tidb_global_task (\n\t\tid BIGINT(20) NOT NULL AUTO_INCREMENT PRIMARY KEY,\n    \ttask_key VARCHAR(256) NOT NULL,\n\t\ttype VARCHAR(256) NOT NULL,\n\t\tdispatcher_id VARCHAR(261),\n\t\tstate VARCHAR(64) NOT NULL,\n\t\tpriority INT DEFAULT 1,\n\t\tcreate_time TIMESTAMP,\n\t\tstart_time TIMESTAMP,\n\t\tstate_update_time TIMESTAMP,\n\t\tend_time TIMESTAMP,\n\t\tmeta LONGBLOB,\n\t\tconcurrency INT(11),\n\t\tstep INT(11),\n\t\ttarget_scope VARCHAR(256) DEFAULT \"\",\n\t\terror BLOB,\n\t\tmodify_params json,\n\t\tmax_node_count INT DEFAULT 0,\n\t\textra_params json,\n\t\tkeyspace varchar(64) default '',\n\t\tkey(state),\n\t\tkey idx_keyspace(keyspace),\n\t\tUNIQUE KEY task_key(task_key)\n\t);"]
[2026/07/13 01:03:51.540 +08:00] [INFO] [job_worker.go:854] ["run one job step"] [category=ddl] [jobID=81] [job="ID:81, Type:create table, State:queueing, SchemaState:none, SchemaID:1, TableID:80, RowCount:0, ArgLen:0, start time: 2026-07-13 01:03:51.539 +0800 CST, Err:<nil>, ErrCount:0, SnapshotVersion:0, Version: v2"]
[2026/07/13 01:03:51.541 +08:00] [INFO] [loader.go:216] ["diff load InfoSchema success"] [mode=auto] [isV2=true] [currVer=39] [neededVer=40] [gotVer=40] ["elapsed time"=160.083µs] [phyTblIDs="[80]"] [actionTypes="[3]"] [diffTypes="[\"create table\"]"]
[2026/07/13 01:03:51.541 +08:00] [INFO] [syncer.go:258] ["session manager is nil"]
[2026/07/13 01:03:51.541 +08:00] [INFO] [syncer.go:281] ["mdl gets lock, update self version to owner"] [jobID=81] [version=40]
[2026/07/13 01:03:51.543 +08:00] [INFO] [schema_version.go:397] ["wait schema version synced success"] [category=ddl] [ver=40] [checkAssumedSvr=false] ["take time"=2.0915ms] [job="ID:81, Type:create table, State:done, SchemaState:public, SchemaID:1, TableID:80, RowCount:0, ArgLen:1, start time: 2026-07-13 01:03:51.539 +0800 CST, Err:<nil>, ErrCount:0, SnapshotVersion:0, Version: v2"] [summary="server count: 1"]
[2026/07/13 01:03:51.544 +08:00] [INFO] [job_worker.go:447] ["finish DDL job"] [category=ddl] [jobID=81] [job="ID:81, Type:create table, State:synced, SchemaState:public, SchemaID:1, TableID:80, RowCount:0, ArgLen:0, start time: 2026-07-13 01:03:51.539 +0800 CST, Err:<nil>, ErrCount:0, SnapshotVersion:0, Version: v2"]
[2026/07/13 01:03:51.545 +08:00] [INFO] [executor.go:7380] ["DDL job is finished"] [category=ddl] [jobID=81]
[2026/07/13 01:03:51.545 +08:00] [INFO] [session.go:5104] ["CRUCIAL OPERATION"] [conn=0] [schemaVersion=40] [cur_db=mysql] [sql="CREATE TABLE IF NOT EXISTS mysql.tidb_global_task (\n\t\tid BIGINT(20) NOT NULL AUTO_INCREMENT PRIMARY KEY,\n    \ttask_key VARCHAR(256) NOT NULL,\n\t\ttype VARCHAR(256) NOT NULL,\n\t\tdispatcher_id VARCHAR(261),\n\t\tstate VARCHAR(64) NOT NULL,\n\t\tpriority INT DEFAULT 1,\n\t\tcreate_time TIMESTAMP,\n\t\tstart_time TIMESTAMP,\n\t\tstate_update_time TIMESTAMP,\n\t\tend_time TIMESTAMP,\n\t\tmeta LONGBLOB,\n\t\tconcurrency INT(11),\n\t\tstep INT(11),\n\t\ttarget_scope VARCHAR(256) DEFAULT \"\",\n\t\terror BLOB,\n\t\tmodify_params json,\n\t\tmax_node_count INT DEFAULT 0,\n\t\textra_params json,\n\t\tkeyspace varchar(64) default '',\n\t\tkey(state),\n\t\tkey idx_keyspace(keyspace),\n\t\tUNIQUE KEY task_key(task_key)\n\t);"] [user=]
[2026/07/13 01:03:51.545 +08:00] [INFO] [executor.go:7545] ["system variable tidb_scatter_region not found, use default value"] [category=ddl]
[2026/07/13 01:03:51.546 +08:00] [INFO] [job_submitter.go:118] ["add DDL jobs"] [category=ddl] ["batch count"=1] [jobs="ID:83, Type:create table, State:queueing, SchemaState:none, SchemaID:1, TableID:82, RowCount:0, ArgLen:1, start time: 2026-07-13 01:03:51.545 +0800 CST, Err:<nil>, ErrCount:0, SnapshotVersion:0, Version: v2; "] [fast_create=true]
[2026/07/13 01:03:51.546 +08:00] [INFO] [executor.go:7260] ["DDL job submitted"] [category=ddl] [job="ID:83, Type:create table, State:queueing, SchemaState:none, SchemaID:1, TableID:82, RowCount:0, ArgLen:1, start time: 2026-07-13 01:03:51.545 +0800 CST, Err:<nil>, ErrCount:0, SnapshotVersion:0, Version: v2"] [query="CREATE TABLE IF NOT EXISTS mysql.tidb_global_task_history (\n\t\tid BIGINT(20) NOT NULL AUTO_INCREMENT PRIMARY KEY,\n    \ttask_key VARCHAR(256) NOT NULL,\n\t\ttype VARCHAR(256) NOT NULL,\n\t\tdispatcher_id VARCHAR(261),\n\t\tstate VARCHAR(64) NOT NULL,\n\t\tpriority INT DEFAULT 1,\n\t\tcreate_time TIMESTAMP,\n\t\tstart_time TIMESTAMP,\n\t\tstate_update_time TIMESTAMP,\n\t\tend_time TIMESTAMP,\n\t\tmeta LONGBLOB,\n\t\tconcurrency INT(11),\n\t\tstep INT(11),\n\t\ttarget_scope VARCHAR(256) DEFAULT \"\",\n\t\terror BLOB,\n\t\tmodify_params json,\n\t\tmax_node_count INT DEFAULT 0,\n\t\textra_params json,\n\t\tkeyspace varchar(64) default '',\n\t\tkey(state),\n\t\tkey idx_keyspace(keyspace),\n\t\tUNIQUE KEY task_key(task_key)\n\t);"]
[2026/07/13 01:03:51.546 +08:00] [INFO] [job_worker.go:854] ["run one job step"] [category=ddl] [jobID=83] [job="ID:83, Type:create table, State:queueing, SchemaState:none, SchemaID:1, TableID:82, RowCount:0, ArgLen:0, start time: 2026-07-13 01:03:51.545 +0800 CST, Err:<nil>, ErrCount:0, SnapshotVersion:0, Version: v2"]
[2026/07/13 01:03:51.547 +08:00] [INFO] [loader.go:216] ["diff load InfoSchema success"] [mode=auto] [isV2=true] [currVer=40] [neededVer=41] [gotVer=41] ["elapsed time"=139.625µs] [phyTblIDs="[82]"] [actionTypes="[3]"] [diffTypes="[\"create table\"]"]
[2026/07/13 01:03:51.547 +08:00] [INFO] [syncer.go:258] ["session manager is nil"]
[2026/07/13 01:03:51.547 +08:00] [INFO] [syncer.go:281] ["mdl gets lock, update self version to owner"] [jobID=83] [version=41]
[2026/07/13 01:03:51.549 +08:00] [INFO] [schema_version.go:397] ["wait schema version synced success"] [category=ddl] [ver=41] [checkAssumedSvr=false] ["take time"=2.089584ms] [job="ID:83, Type:create table, State:done, SchemaState:public, SchemaID:1, TableID:82, RowCount:0, ArgLen:1, start time: 2026-07-13 01:03:51.545 +0800 CST, Err:<nil>, ErrCount:0, SnapshotVersion:0, Version: v2"] [summary="server count: 1"]
[2026/07/13 01:03:51.549 +08:00] [INFO] [job_worker.go:447] ["finish DDL job"] [category=ddl] [jobID=83] [job="ID:83, Type:create table, State:synced, SchemaState:public, SchemaID:1, TableID:82, RowCount:0, ArgLen:0, start time: 2026-07-13 01:03:51.545 +0800 CST, Err:<nil>, ErrCount:0, SnapshotVersion:0, Version: v2"]
[2026/07/13 01:03:51.550 +08:00] [INFO] [executor.go:7380] ["DDL job is finished"] [category=ddl] [jobID=83]
[2026/07/13 01:03:51.550 +08:00] [INFO] [session.go:5104] ["CRUCIAL OPERATION"] [conn=0] [schemaVersion=41] [cur_db=mysql] [sql="CREATE TABLE IF NOT EXISTS mysql.tidb_global_task_history (\n\t\tid BIGINT(20) NOT NULL AUTO_INCREMENT PRIMARY KEY,\n    \ttask_key VARCHAR(256) NOT NULL,\n\t\ttype VARCHAR(256) NOT NULL,\n\t\tdispatcher_id VARCHAR(261),\n\t\tstate VARCHAR(64) NOT NULL,\n\t\tpriority INT DEFAULT 1,\n\t\tcreate_time TIMESTAMP,\n\t\tstart_time TIMESTAMP,\n\t\tstate_update_time TIMESTAMP,\n\t\tend_time TIMESTAMP,\n\t\tmeta LONGBLOB,\n\t\tconcurrency INT(11),\n\t\tstep INT(11),\n\t\ttarget_scope VARCHAR(256) DEFAULT \"\",\n\t\terror BLOB,\n\t\tmodify_params json,\n\t\tmax_node_count INT DEFAULT 0,\n\t\textra_params json,\n\t\tkeyspace varchar(64) default '',\n\t\tkey(state),\n\t\tkey idx_keyspace(keyspace),\n\t\tUNIQUE KEY task_key(task_key)\n\t);"] [user=]
[2026/07/13 01:03:51.550 +08:00] [INFO] [executor.go:7545] ["system variable tidb_scatter_region not found, use default value"] [category=ddl]
[2026/07/13 01:03:51.551 +08:00] [INFO] [job_submitter.go:118] ["add DDL jobs"] [category=ddl] ["batch count"=1] [jobs="ID:85, Type:create table, State:queueing, SchemaState:none, SchemaID:1, TableID:84, RowCount:0, ArgLen:1, start time: 2026-07-13 01:03:51.551 +0800 CST, Err:<nil>, ErrCount:0, SnapshotVersion:0, Version: v2; "] [fast_create=true]
[2026/07/13 01:03:51.551 +08:00] [INFO] [executor.go:7260] ["DDL job submitted"] [category=ddl] [job="ID:85, Type:create table, State:queueing, SchemaState:none, SchemaID:1, TableID:84, RowCount:0, ArgLen:1, start time: 2026-07-13 01:03:51.551 +0800 CST, Err:<nil>, ErrCount:0, SnapshotVersion:0, Version: v2"] [query="CREATE TABLE IF NOT EXISTS mysql.tidb_import_jobs (\n\t\tid bigint(64) NOT NULL AUTO_INCREMENT,\n\t\tcreate_time TIMESTAMP(6) NOT NULL DEFAULT CURRENT_TIMESTAMP(6),\n\t\tstart_time TIMESTAMP(6) NULL DEFAULT NULL,\n\t\tupdate_time TIMESTAMP(6) NULL DEFAULT NULL,\n\t\tend_time TIMESTAMP(6) NULL DEFAULT NULL,\n\t\ttable_schema VARCHAR(64) NOT NULL,\n\t\ttable_name VARCHAR(64) NOT NULL,\n\t\ttable_id bigint(64) NOT NULL,\n\t\tcreated_by VARCHAR(300) NOT NULL,\n\t\tgroup_key VARCHAR(256) NOT NULL DEFAULT \"\",\n\t\tparameters text NOT NULL,\n\t\tsource_file_size bigint(64) NOT NULL,\n\t\tstatus VARCHAR(64) NOT NULL,\n\t\tstep VARCHAR(64) NOT NULL,\n\t\tsummary text DEFAULT NULL,\n\t\terror_message TEXT DEFAULT NULL,\n\t\tPRIMARY KEY (id),\n\t\tKEY (created_by),\n\t\tKEY idx_group_key(group_key),\n\t\tKEY (status));"]
[2026/07/13 01:03:51.552 +08:00] [INFO] [job_worker.go:854] ["run one job step"] [category=ddl] [jobID=85] [job="ID:85, Type:create table, State:queueing, SchemaState:none, SchemaID:1, TableID:84, RowCount:0, ArgLen:0, start time: 2026-07-13 01:03:51.551 +0800 CST, Err:<nil>, ErrCount:0, SnapshotVersion:0, Version: v2"]
[2026/07/13 01:03:51.553 +08:00] [INFO] [loader.go:216] ["diff load InfoSchema success"] [mode=auto] [isV2=true] [currVer=41] [neededVer=42] [gotVer=42] ["elapsed time"=133.041µs] [phyTblIDs="[84]"] [actionTypes="[3]"] [diffTypes="[\"create table\"]"]
[2026/07/13 01:03:51.553 +08:00] [INFO] [syncer.go:258] ["session manager is nil"]
[2026/07/13 01:03:51.553 +08:00] [INFO] [syncer.go:281] ["mdl gets lock, update self version to owner"] [jobID=85] [version=42]
[2026/07/13 01:03:51.555 +08:00] [INFO] [schema_version.go:397] ["wait schema version synced success"] [category=ddl] [ver=42] [checkAssumedSvr=false] ["take time"=2.046291ms] [job="ID:85, Type:create table, State:done, SchemaState:public, SchemaID:1, TableID:84, RowCount:0, ArgLen:1, start time: 2026-07-13 01:03:51.551 +0800 CST, Err:<nil>, ErrCount:0, SnapshotVersion:0, Version: v2"] [summary="server count: 1"]
[2026/07/13 01:03:51.555 +08:00] [INFO] [job_worker.go:447] ["finish DDL job"] [category=ddl] [jobID=85] [job="ID:85, Type:create table, State:synced, SchemaState:public, SchemaID:1, TableID:84, RowCount:0, ArgLen:0, start time: 2026-07-13 01:03:51.551 +0800 CST, Err:<nil>, ErrCount:0, SnapshotVersion:0, Version: v2"]
[2026/07/13 01:03:51.556 +08:00] [INFO] [executor.go:7380] ["DDL job is finished"] [category=ddl] [jobID=85]
[2026/07/13 01:03:51.556 +08:00] [INFO] [session.go:5104] ["CRUCIAL OPERATION"] [conn=0] [schemaVersion=42] [cur_db=mysql] [sql="CREATE TABLE IF NOT EXISTS mysql.tidb_import_jobs (\n\t\tid bigint(64) NOT NULL AUTO_INCREMENT,\n\t\tcreate_time TIMESTAMP(6) NOT NULL DEFAULT CURRENT_TIMESTAMP(6),\n\t\tstart_time TIMESTAMP(6) NULL DEFAULT NULL,\n\t\tupdate_time TIMESTAMP(6) NULL DEFAULT NULL,\n\t\tend_time TIMESTAMP(6) NULL DEFAULT NULL,\n\t\ttable_schema VARCHAR(64) NOT NULL,\n\t\ttable_name VARCHAR(64) NOT NULL,\n\t\ttable_id bigint(64) NOT NULL,\n\t\tcreated_by VARCHAR(300) NOT NULL,\n\t\tgroup_key VARCHAR(256) NOT NULL DEFAULT \"\",\n\t\tparameters text NOT NULL,\n\t\tsource_file_size bigint(64) NOT NULL,\n\t\tstatus VARCHAR(64) NOT NULL,\n\t\tstep VARCHAR(64) NOT NULL,\n\t\tsummary text DEFAULT NULL,\n\t\terror_message TEXT DEFAULT NULL,\n\t\tPRIMARY KEY (id),\n\t\tKEY (created_by),\n\t\tKEY idx_group_key(group_key),\n\t\tKEY (status));"] [user=]
[2026/07/13 01:03:51.556 +08:00] [INFO] [executor.go:7545] ["system variable tidb_scatter_region not found, use default value"] [category=ddl]
[2026/07/13 01:03:51.557 +08:00] [INFO] [job_submitter.go:118] ["add DDL jobs"] [category=ddl] ["batch count"=1] [jobs="ID:87, Type:create table, State:queueing, SchemaState:none, SchemaID:1, TableID:86, RowCount:0, ArgLen:1, start time: 2026-07-13 01:03:51.557 +0800 CST, Err:<nil>, ErrCount:0, SnapshotVersion:0, Version: v2; "] [fast_create=true]
[2026/07/13 01:03:51.557 +08:00] [INFO] [executor.go:7260] ["DDL job submitted"] [category=ddl] [job="ID:87, Type:create table, State:queueing, SchemaState:none, SchemaID:1, TableID:86, RowCount:0, ArgLen:1, start time: 2026-07-13 01:03:51.557 +0800 CST, Err:<nil>, ErrCount:0, SnapshotVersion:0, Version: v2"] [query="CREATE TABLE IF NOT EXISTS mysql.tidb_runaway_watch (\n\t\tid BIGINT(20) NOT NULL AUTO_INCREMENT PRIMARY KEY,\n\t\tresource_group_name varchar(32) not null,\n\t\tstart_time datetime(6) NOT NULL,\n\t\tend_time datetime(6),\n\t\twatch bigint(10) NOT NULL,\n\t\twatch_text TEXT NOT NULL,\n\t\tsource varchar(512) NOT NULL,\n\t\taction bigint(10),\n\t\tswitch_group_name VARCHAR(32) DEFAULT '',\n\t\trule VARCHAR(512) DEFAULT '',\n\t\tINDEX sql_index(resource_group_name,watch_text(700)) COMMENT \"accelerate the speed when select quarantined query\",\n\t\tINDEX time_index(end_time) COMMENT \"accelerate the speed when querying with active watch\",\n\t\tINDEX idx_start_time(start_time) COMMENT \"accelerate the speed when syncing new watch records\"\n\t) ENGINE=InnoDB DEFAULT CHARSET=utf8mb4 COLLATE=utf8mb4_bin;"]
[2026/07/13 01:03:51.557 +08:00] [INFO] [job_worker.go:854] ["run one job step"] [category=ddl] [jobID=87] [job="ID:87, Type:create table, State:queueing, SchemaState:none, SchemaID:1, TableID:86, RowCount:0, ArgLen:0, start time: 2026-07-13 01:03:51.557 +0800 CST, Err:<nil>, ErrCount:0, SnapshotVersion:0, Version: v2"]
[2026/07/13 01:03:51.558 +08:00] [INFO] [loader.go:216] ["diff load InfoSchema success"] [mode=auto] [isV2=true] [currVer=42] [neededVer=43] [gotVer=43] ["elapsed time"=105.042µs] [phyTblIDs="[86]"] [actionTypes="[3]"] [diffTypes="[\"create table\"]"]
[2026/07/13 01:03:51.559 +08:00] [INFO] [syncer.go:258] ["session manager is nil"]
[2026/07/13 01:03:51.559 +08:00] [INFO] [syncer.go:281] ["mdl gets lock, update self version to owner"] [jobID=87] [version=43]
[2026/07/13 01:03:51.560 +08:00] [INFO] [schema_version.go:397] ["wait schema version synced success"] [category=ddl] [ver=43] [checkAssumedSvr=false] ["take time"=2.234958ms] [job="ID:87, Type:create table, State:done, SchemaState:public, SchemaID:1, TableID:86, RowCount:0, ArgLen:1, start time: 2026-07-13 01:03:51.557 +0800 CST, Err:<nil>, ErrCount:0, SnapshotVersion:0, Version: v2"] [summary="server count: 1"]
[2026/07/13 01:03:51.561 +08:00] [INFO] [job_worker.go:447] ["finish DDL job"] [category=ddl] [jobID=87] [job="ID:87, Type:create table, State:synced, SchemaState:public, SchemaID:1, TableID:86, RowCount:0, ArgLen:0, start time: 2026-07-13 01:03:51.557 +0800 CST, Err:<nil>, ErrCount:0, SnapshotVersion:0, Version: v2"]
[2026/07/13 01:03:51.562 +08:00] [INFO] [executor.go:7380] ["DDL job is finished"] [category=ddl] [jobID=87]
[2026/07/13 01:03:51.562 +08:00] [INFO] [session.go:5104] ["CRUCIAL OPERATION"] [conn=0] [schemaVersion=43] [cur_db=mysql] [sql="CREATE TABLE IF NOT EXISTS mysql.tidb_runaway_watch (\n\t\tid BIGINT(20) NOT NULL AUTO_INCREMENT PRIMARY KEY,\n\t\tresource_group_name varchar(32) not null,\n\t\tstart_time datetime(6) NOT NULL,\n\t\tend_time datetime(6),\n\t\twatch bigint(10) NOT NULL,\n\t\twatch_text TEXT NOT NULL,\n\t\tsource varchar(512) NOT NULL,\n\t\taction bigint(10),\n\t\tswitch_group_name VARCHAR(32) DEFAULT '',\n\t\trule VARCHAR(512) DEFAULT '',\n\t\tINDEX sql_index(resource_group_name,watch_text(700)) COMMENT \"accelerate the speed when select quarantined query\",\n\t\tINDEX time_index(end_time) COMMENT \"accelerate the speed when querying with active watch\",\n\t\tINDEX idx_start_time(start_time) COMMENT \"accelerate the speed when syncing new watch records\"\n\t) ENGINE=InnoDB DEFAULT CHARSET=utf8mb4 COLLATE=utf8mb4_bin;"] [user=]
[2026/07/13 01:03:51.562 +08:00] [INFO] [executor.go:7545] ["system variable tidb_scatter_region not found, use default value"] [category=ddl]
[2026/07/13 01:03:51.562 +08:00] [INFO] [job_submitter.go:118] ["add DDL jobs"] [category=ddl] ["batch count"=1] [jobs="ID:89, Type:create table, State:queueing, SchemaState:none, SchemaID:1, TableID:88, RowCount:0, ArgLen:1, start time: 2026-07-13 01:03:51.562 +0800 CST, Err:<nil>, ErrCount:0, SnapshotVersion:0, Version: v2; "] [fast_create=true]
[2026/07/13 01:03:51.562 +08:00] [INFO] [executor.go:7260] ["DDL job submitted"] [category=ddl] [job="ID:89, Type:create table, State:queueing, SchemaState:none, SchemaID:1, TableID:88, RowCount:0, ArgLen:1, start time: 2026-07-13 01:03:51.562 +0800 CST, Err:<nil>, ErrCount:0, SnapshotVersion:0, Version: v2"] [query="CREATE TABLE IF NOT EXISTS mysql.tidb_runaway_queries (\n\t\tresource_group_name varchar(32) not null,\n\t\tstart_time TIMESTAMP NOT NULL,\n\t\trepeats int default 1,\n\t\tmatch_type varchar(12) NOT NULL,\n\t\taction varchar(64) NOT NULL,\n\t\tsample_sql TEXT NOT NULL,\n\t\tsql_digest varchar(64) NOT NULL,\n\t\tplan_digest varchar(64) NOT NULL,\n\t\ttidb_server varchar(512),\n\t\trule VARCHAR(512) DEFAULT '',\n\t\tINDEX plan_index(plan_digest(64)) COMMENT \"accelerate the speed when select runaway query\",\n\t\tINDEX time_index(start_time) COMMENT \"accelerate the speed when querying with active watch\"\n\t) ENGINE=InnoDB DEFAULT CHARSET=utf8mb4 COLLATE=utf8mb4_bin;"]
[2026/07/13 01:03:51.563 +08:00] [INFO] [job_worker.go:854] ["run one job step"] [category=ddl] [jobID=89] [job="ID:89, Type:create table, State:queueing, SchemaState:none, SchemaID:1, TableID:88, RowCount:0, ArgLen:0, start time: 2026-07-13 01:03:51.562 +0800 CST, Err:<nil>, ErrCount:0, SnapshotVersion:0, Version: v2"]
[2026/07/13 01:03:51.563 +08:00] [INFO] [loader.go:216] ["diff load InfoSchema success"] [mode=auto] [isV2=true] [currVer=43] [neededVer=44] [gotVer=44] ["elapsed time"=94.625µs] [phyTblIDs="[88]"] [actionTypes="[3]"] [diffTypes="[\"create table\"]"]
[2026/07/13 01:03:51.564 +08:00] [INFO] [syncer.go:258] ["session manager is nil"]
[2026/07/13 01:03:51.564 +08:00] [INFO] [syncer.go:281] ["mdl gets lock, update self version to owner"] [jobID=89] [version=44]
[2026/07/13 01:03:51.565 +08:00] [INFO] [schema_version.go:397] ["wait schema version synced success"] [category=ddl] [ver=44] [checkAssumedSvr=false] ["take time"=2.124ms] [job="ID:89, Type:create table, State:done, SchemaState:public, SchemaID:1, TableID:88, RowCount:0, ArgLen:1, start time: 2026-07-13 01:03:51.562 +0800 CST, Err:<nil>, ErrCount:0, SnapshotVersion:0, Version: v2"] [summary="server count: 1"]
[2026/07/13 01:03:51.566 +08:00] [INFO] [job_worker.go:447] ["finish DDL job"] [category=ddl] [jobID=89] [job="ID:89, Type:create table, State:synced, SchemaState:public, SchemaID:1, TableID:88, RowCount:0, ArgLen:0, start time: 2026-07-13 01:03:51.562 +0800 CST, Err:<nil>, ErrCount:0, SnapshotVersion:0, Version: v2"]
[2026/07/13 01:03:51.567 +08:00] [INFO] [executor.go:7380] ["DDL job is finished"] [category=ddl] [jobID=89]
[2026/07/13 01:03:51.567 +08:00] [INFO] [session.go:5104] ["CRUCIAL OPERATION"] [conn=0] [schemaVersion=44] [cur_db=mysql] [sql="CREATE TABLE IF NOT EXISTS mysql.tidb_runaway_queries (\n\t\tresource_group_name varchar(32) not null,\n\t\tstart_time TIMESTAMP NOT NULL,\n\t\trepeats int default 1,\n\t\tmatch_type varchar(12) NOT NULL,\n\t\taction varchar(64) NOT NULL,\n\t\tsample_sql TEXT NOT NULL,\n\t\tsql_digest varchar(64) NOT NULL,\n\t\tplan_digest varchar(64) NOT NULL,\n\t\ttidb_server varchar(512),\n\t\trule VARCHAR(512) DEFAULT '',\n\t\tINDEX plan_index(plan_digest(64)) COMMENT \"accelerate the speed when select runaway query\",\n\t\tINDEX time_index(start_time) COMMENT \"accelerate the speed when querying with active watch\"\n\t) ENGINE=InnoDB DEFAULT CHARSET=utf8mb4 COLLATE=utf8mb4_bin;"] [user=]
[2026/07/13 01:03:51.567 +08:00] [INFO] [executor.go:7545] ["system variable tidb_scatter_region not found, use default value"] [category=ddl]
[2026/07/13 01:03:51.568 +08:00] [INFO] [job_submitter.go:118] ["add DDL jobs"] [category=ddl] ["batch count"=1] [jobs="ID:91, Type:create table, State:queueing, SchemaState:none, SchemaID:1, TableID:90, RowCount:0, ArgLen:1, start time: 2026-07-13 01:03:51.567 +0800 CST, Err:<nil>, ErrCount:0, SnapshotVersion:0, Version: v2; "] [fast_create=true]
[2026/07/13 01:03:51.568 +08:00] [INFO] [executor.go:7260] ["DDL job submitted"] [category=ddl] [job="ID:91, Type:create table, State:queueing, SchemaState:none, SchemaID:1, TableID:90, RowCount:0, ArgLen:1, start time: 2026-07-13 01:03:51.567 +0800 CST, Err:<nil>, ErrCount:0, SnapshotVersion:0, Version: v2"] [query="CREATE TABLE IF NOT EXISTS mysql.tidb_timers (\n\t\tID BIGINT(64) UNSIGNED NOT NULL AUTO_INCREMENT,\n\t\tNAMESPACE VARCHAR(256) NOT NULL,\n\t\tTIMER_KEY VARCHAR(256) NOT NULL,\n\t\tTIMER_DATA BLOB,\n\t\tTIMEZONE VARCHAR(64) NOT NULL,\n\t\tSCHED_POLICY_TYPE VARCHAR(32) NOT NULL,\n\t\tSCHED_POLICY_EXPR VARCHAR(256) NOT NULL,\n\t\tHOOK_CLASS VARCHAR(64) NOT NULL,\n\t\tWATERMARK TIMESTAMP DEFAULT NULL,\n\t\tENABLE TINYINT(2) NOT NULL,\n\t\tTIMER_EXT JSON NOT NULL,\n\t\tEVENT_STATUS VARCHAR(32) NOT NULL,\n\t\tEVENT_ID VARCHAR(64) NOT NULL,\n\t\tEVENT_DATA BLOB,\n\t\tEVENT_START TIMESTAMP DEFAULT NULL,\n\t\tSUMMARY_DATA BLOB,\n\t\tCREATE_TIME TIMESTAMP NOT NULL DEFAULT CURRENT_TIMESTAMP,\n\t\tUPDATE_TIME TIMESTAMP NOT NULL DEFAULT CURRENT_TIMESTAMP ON UPDATE CURRENT_TIMESTAMP,\n\t\tVERSION BIGINT(64) UNSIGNED NOT NULL,\n\t\tPRIMARY KEY (ID),\n\t\tUNIQUE KEY timer_key(NAMESPACE, TIMER_KEY),\n\t\tKEY hook_class(HOOK_CLASS)\n\t)"]
[2026/07/13 01:03:51.568 +08:00] [INFO] [job_worker.go:854] ["run one job step"] [category=ddl] [jobID=91] [job="ID:91, Type:create table, State:queueing, SchemaState:none, SchemaID:1, TableID:90, RowCount:0, ArgLen:0, start time: 2026-07-13 01:03:51.567 +0800 CST, Err:<nil>, ErrCount:0, SnapshotVersion:0, Version: v2"]
[2026/07/13 01:03:51.569 +08:00] [INFO] [loader.go:216] ["diff load InfoSchema success"] [mode=auto] [isV2=true] [currVer=44] [neededVer=45] [gotVer=45] ["elapsed time"=135.458µs] [phyTblIDs="[90]"] [actionTypes="[3]"] [diffTypes="[\"create table\"]"]
[2026/07/13 01:03:51.569 +08:00] [INFO] [syncer.go:258] ["session manager is nil"]
[2026/07/13 01:03:51.569 +08:00] [INFO] [syncer.go:281] ["mdl gets lock, update self version to owner"] [jobID=91] [version=45]
[2026/07/13 01:03:51.571 +08:00] [INFO] [schema_version.go:397] ["wait schema version synced success"] [category=ddl] [ver=45] [checkAssumedSvr=false] ["take time"=2.087542ms] [job="ID:91, Type:create table, State:done, SchemaState:public, SchemaID:1, TableID:90, RowCount:0, ArgLen:1, start time: 2026-07-13 01:03:51.567 +0800 CST, Err:<nil>, ErrCount:0, SnapshotVersion:0, Version: v2"] [summary="server count: 1"]
[2026/07/13 01:03:51.572 +08:00] [INFO] [job_worker.go:447] ["finish DDL job"] [category=ddl] [jobID=91] [job="ID:91, Type:create table, State:synced, SchemaState:public, SchemaID:1, TableID:90, RowCount:0, ArgLen:0, start time: 2026-07-13 01:03:51.567 +0800 CST, Err:<nil>, ErrCount:0, SnapshotVersion:0, Version: v2"]
[2026/07/13 01:03:51.573 +08:00] [INFO] [executor.go:7380] ["DDL job is finished"] [category=ddl] [jobID=91]
[2026/07/13 01:03:51.573 +08:00] [INFO] [session.go:5104] ["CRUCIAL OPERATION"] [conn=0] [schemaVersion=45] [cur_db=mysql] [sql="CREATE TABLE IF NOT EXISTS mysql.tidb_timers (\n\t\tID BIGINT(64) UNSIGNED NOT NULL AUTO_INCREMENT,\n\t\tNAMESPACE VARCHAR(256) NOT NULL,\n\t\tTIMER_KEY VARCHAR(256) NOT NULL,\n\t\tTIMER_DATA BLOB,\n\t\tTIMEZONE VARCHAR(64) NOT NULL,\n\t\tSCHED_POLICY_TYPE VARCHAR(32) NOT NULL,\n\t\tSCHED_POLICY_EXPR VARCHAR(256) NOT NULL,\n\t\tHOOK_CLASS VARCHAR(64) NOT NULL,\n\t\tWATERMARK TIMESTAMP DEFAULT NULL,\n\t\tENABLE TINYINT(2) NOT NULL,\n\t\tTIMER_EXT JSON NOT NULL,\n\t\tEVENT_STATUS VARCHAR(32) NOT NULL,\n\t\tEVENT_ID VARCHAR(64) NOT NULL,\n\t\tEVENT_DATA BLOB,\n\t\tEVENT_START TIMESTAMP DEFAULT NULL,\n\t\tSUMMARY_DATA BLOB,\n\t\tCREATE_TIME TIMESTAMP NOT NULL DEFAULT CURRENT_TIMESTAMP,\n\t\tUPDATE_TIME TIMESTAMP NOT NULL DEFAULT CURRENT_TIMESTAMP ON UPDATE CURRENT_TIMESTAMP,\n\t\tVERSION BIGINT(64) UNSIGNED NOT NULL,\n\t\tPRIMARY KEY (ID),\n\t\tUNIQUE KEY timer_key(NAMESPACE, TIMER_KEY),\n\t\tKEY hook_class(HOOK_CLASS)\n\t)"] [user=]
[2026/07/13 01:03:51.573 +08:00] [INFO] [executor.go:7545] ["system variable tidb_scatter_region not found, use default value"] [category=ddl]
[2026/07/13 01:03:51.573 +08:00] [INFO] [job_submitter.go:118] ["add DDL jobs"] [category=ddl] ["batch count"=1] [jobs="ID:93, Type:create table, State:queueing, SchemaState:none, SchemaID:1, TableID:92, RowCount:0, ArgLen:1, start time: 2026-07-13 01:03:51.573 +0800 CST, Err:<nil>, ErrCount:0, SnapshotVersion:0, Version: v2; "] [fast_create=true]
[2026/07/13 01:03:51.573 +08:00] [INFO] [executor.go:7260] ["DDL job submitted"] [category=ddl] [job="ID:93, Type:create table, State:queueing, SchemaState:none, SchemaID:1, TableID:92, RowCount:0, ArgLen:1, start time: 2026-07-13 01:03:51.573 +0800 CST, Err:<nil>, ErrCount:0, SnapshotVersion:0, Version: v2"] [query="CREATE TABLE IF NOT EXISTS mysql.tidb_runaway_watch_done (\n\t\tid BIGINT(20) NOT NULL AUTO_INCREMENT PRIMARY KEY,\n\t\trecord_id BIGINT(20) not null,\n\t\tresource_group_name varchar(32) not null,\n\t\tstart_time datetime(6) NOT NULL,\n\t\tend_time datetime(6),\n\t\twatch bigint(10) NOT NULL,\n\t\twatch_text TEXT NOT NULL,\n\t\tsource varchar(512) NOT NULL,\n\t\taction bigint(10),\n\t\tswitch_group_name VARCHAR(32) DEFAULT '',\n\t\trule VARCHAR(512) DEFAULT '',\n\t\tdone_time TIMESTAMP(6) NOT NULL,\n\t\tINDEX idx_done_time(done_time) COMMENT \"accelerate the speed when syncing done watch records\"\n\t) ENGINE=InnoDB DEFAULT CHARSET=utf8mb4 COLLATE=utf8mb4_bin;"]
[2026/07/13 01:03:51.574 +08:00] [INFO] [job_worker.go:854] ["run one job step"] [category=ddl] [jobID=93] [job="ID:93, Type:create table, State:queueing, SchemaState:none, SchemaID:1, TableID:92, RowCount:0, ArgLen:0, start time: 2026-07-13 01:03:51.573 +0800 CST, Err:<nil>, ErrCount:0, SnapshotVersion:0, Version: v2"]
[2026/07/13 01:03:51.575 +08:00] [INFO] [loader.go:216] ["diff load InfoSchema success"] [mode=auto] [isV2=true] [currVer=45] [neededVer=46] [gotVer=46] ["elapsed time"=98.833µs] [phyTblIDs="[92]"] [actionTypes="[3]"] [diffTypes="[\"create table\"]"]
[2026/07/13 01:03:51.575 +08:00] [INFO] [syncer.go:258] ["session manager is nil"]
[2026/07/13 01:03:51.575 +08:00] [INFO] [syncer.go:281] ["mdl gets lock, update self version to owner"] [jobID=93] [version=46]
[2026/07/13 01:03:51.576 +08:00] [INFO] [schema_version.go:397] ["wait schema version synced success"] [category=ddl] [ver=46] [checkAssumedSvr=false] ["take time"=2.015666ms] [job="ID:93, Type:create table, State:done, SchemaState:public, SchemaID:1, TableID:92, RowCount:0, ArgLen:1, start time: 2026-07-13 01:03:51.573 +0800 CST, Err:<nil>, ErrCount:0, SnapshotVersion:0, Version: v2"] [summary="server count: 1"]
[2026/07/13 01:03:51.577 +08:00] [INFO] [job_worker.go:447] ["finish DDL job"] [category=ddl] [jobID=93] [job="ID:93, Type:create table, State:synced, SchemaState:public, SchemaID:1, TableID:92, RowCount:0, ArgLen:0, start time: 2026-07-13 01:03:51.573 +0800 CST, Err:<nil>, ErrCount:0, SnapshotVersion:0, Version: v2"]
[2026/07/13 01:03:51.578 +08:00] [INFO] [executor.go:7380] ["DDL job is finished"] [category=ddl] [jobID=93]
[2026/07/13 01:03:51.578 +08:00] [INFO] [session.go:5104] ["CRUCIAL OPERATION"] [conn=0] [schemaVersion=46] [cur_db=mysql] [sql="CREATE TABLE IF NOT EXISTS mysql.tidb_runaway_watch_done (\n\t\tid BIGINT(20) NOT NULL AUTO_INCREMENT PRIMARY KEY,\n\t\trecord_id BIGINT(20) not null,\n\t\tresource_group_name varchar(32) not null,\n\t\tstart_time datetime(6) NOT NULL,\n\t\tend_time datetime(6),\n\t\twatch bigint(10) NOT NULL,\n\t\twatch_text TEXT NOT NULL,\n\t\tsource varchar(512) NOT NULL,\n\t\taction bigint(10),\n\t\tswitch_group_name VARCHAR(32) DEFAULT '',\n\t\trule VARCHAR(512) DEFAULT '',\n\t\tdone_time TIMESTAMP(6) NOT NULL,\n\t\tINDEX idx_done_time(done_time) COMMENT \"accelerate the speed when syncing done watch records\"\n\t) ENGINE=InnoDB DEFAULT CHARSET=utf8mb4 COLLATE=utf8mb4_bin;"] [user=]
[2026/07/13 01:03:51.578 +08:00] [INFO] [executor.go:7545] ["system variable tidb_scatter_region not found, use default value"] [category=ddl]
[2026/07/13 01:03:51.578 +08:00] [INFO] [job_submitter.go:118] ["add DDL jobs"] [category=ddl] ["batch count"=1] [jobs="ID:95, Type:create table, State:queueing, SchemaState:none, SchemaID:1, TableID:94, RowCount:0, ArgLen:1, start time: 2026-07-13 01:03:51.578 +0800 CST, Err:<nil>, ErrCount:0, SnapshotVersion:0, Version: v2; "] [fast_create=true]
[2026/07/13 01:03:51.578 +08:00] [INFO] [executor.go:7260] ["DDL job submitted"] [category=ddl] [job="ID:95, Type:create table, State:queueing, SchemaState:none, SchemaID:1, TableID:94, RowCount:0, ArgLen:1, start time: 2026-07-13 01:03:51.578 +0800 CST, Err:<nil>, ErrCount:0, SnapshotVersion:0, Version: v2"] [query="CREATE TABLE IF NOT EXISTS mysql.dist_framework_meta (\n        host VARCHAR(261) NOT NULL PRIMARY KEY,\n        role VARCHAR(64),\n        cpu_count int default 0,\n        keyspace_id bigint(8) NOT NULL DEFAULT -1\n    );"]
[2026/07/13 01:03:51.579 +08:00] [INFO] [job_worker.go:854] ["run one job step"] [category=ddl] [jobID=95] [job="ID:95, Type:create table, State:queueing, SchemaState:none, SchemaID:1, TableID:94, RowCount:0, ArgLen:0, start time: 2026-07-13 01:03:51.578 +0800 CST, Err:<nil>, ErrCount:0, SnapshotVersion:0, Version: v2"]
[2026/07/13 01:03:51.579 +08:00] [INFO] [loader.go:216] ["diff load InfoSchema success"] [mode=auto] [isV2=true] [currVer=46] [neededVer=47] [gotVer=47] ["elapsed time"=63.333µs] [phyTblIDs="[94]"] [actionTypes="[3]"] [diffTypes="[\"create table\"]"]
[2026/07/13 01:03:51.579 +08:00] [INFO] [syncer.go:258] ["session manager is nil"]
[2026/07/13 01:03:51.579 +08:00] [INFO] [syncer.go:281] ["mdl gets lock, update self version to owner"] [jobID=95] [version=47]
[2026/07/13 01:03:51.581 +08:00] [INFO] [schema_version.go:397] ["wait schema version synced success"] [category=ddl] [ver=47] [checkAssumedSvr=false] ["take time"=2.091375ms] [job="ID:95, Type:create table, State:done, SchemaState:public, SchemaID:1, TableID:94, RowCount:0, ArgLen:1, start time: 2026-07-13 01:03:51.578 +0800 CST, Err:<nil>, ErrCount:0, SnapshotVersion:0, Version: v2"] [summary="server count: 1"]
[2026/07/13 01:03:51.582 +08:00] [INFO] [job_worker.go:447] ["finish DDL job"] [category=ddl] [jobID=95] [job="ID:95, Type:create table, State:synced, SchemaState:public, SchemaID:1, TableID:94, RowCount:0, ArgLen:0, start time: 2026-07-13 01:03:51.578 +0800 CST, Err:<nil>, ErrCount:0, SnapshotVersion:0, Version: v2"]
[2026/07/13 01:03:51.582 +08:00] [INFO] [executor.go:7380] ["DDL job is finished"] [category=ddl] [jobID=95]
[2026/07/13 01:03:51.582 +08:00] [INFO] [session.go:5104] ["CRUCIAL OPERATION"] [conn=0] [schemaVersion=47] [cur_db=mysql] [sql="CREATE TABLE IF NOT EXISTS mysql.dist_framework_meta (\n        host VARCHAR(261) NOT NULL PRIMARY KEY,\n        role VARCHAR(64),\n        cpu_count int default 0,\n        keyspace_id bigint(8) NOT NULL DEFAULT -1\n    );"] [user=]
[2026/07/13 01:03:51.582 +08:00] [INFO] [executor.go:7545] ["system variable tidb_scatter_region not found, use default value"] [category=ddl]
[2026/07/13 01:03:51.583 +08:00] [INFO] [job_submitter.go:118] ["add DDL jobs"] [category=ddl] ["batch count"=1] [jobs="ID:97, Type:create table, State:queueing, SchemaState:none, SchemaID:1, TableID:96, RowCount:0, ArgLen:1, start time: 2026-07-13 01:03:51.582 +0800 CST, Err:<nil>, ErrCount:0, SnapshotVersion:0, Version: v2; "] [fast_create=true]
[2026/07/13 01:03:51.583 +08:00] [INFO] [executor.go:7260] ["DDL job submitted"] [category=ddl] [job="ID:97, Type:create table, State:queueing, SchemaState:none, SchemaID:1, TableID:96, RowCount:0, ArgLen:1, start time: 2026-07-13 01:03:51.582 +0800 CST, Err:<nil>, ErrCount:0, SnapshotVersion:0, Version: v2"] [query="CREATE TABLE IF NOT EXISTS mysql.request_unit_by_group (\n\t\tstart_time TIMESTAMP(6) NOT NULL,\n\t\tend_time TIMESTAMP(6) NOT NULL,\n\t\tresource_group VARCHAR(32) NOT null,\n\t\ttotal_ru bigint(64) UNSIGNED NOT NULL,\n\t\tPRIMARY KEY (start_time, end_time, resource_group),\n\t\tKEY (resource_group)\n\t);"]
[2026/07/13 01:03:51.583 +08:00] [INFO] [job_worker.go:854] ["run one job step"] [category=ddl] [jobID=97] [job="ID:97, Type:create table, State:queueing, SchemaState:none, SchemaID:1, TableID:96, RowCount:0, ArgLen:0, start time: 2026-07-13 01:03:51.582 +0800 CST, Err:<nil>, ErrCount:0, SnapshotVersion:0, Version: v2"]
[2026/07/13 01:03:51.584 +08:00] [INFO] [loader.go:216] ["diff load InfoSchema success"] [mode=auto] [isV2=true] [currVer=47] [neededVer=48] [gotVer=48] ["elapsed time"=87.333µs] [phyTblIDs="[96]"] [actionTypes="[3]"] [diffTypes="[\"create table\"]"]
[2026/07/13 01:03:51.584 +08:00] [INFO] [syncer.go:258] ["session manager is nil"]
[2026/07/13 01:03:51.584 +08:00] [INFO] [syncer.go:281] ["mdl gets lock, update self version to owner"] [jobID=97] [version=48]
[2026/07/13 01:03:51.586 +08:00] [INFO] [schema_version.go:397] ["wait schema version synced success"] [category=ddl] [ver=48] [checkAssumedSvr=false] ["take time"=2.168459ms] [job="ID:97, Type:create table, State:done, SchemaState:public, SchemaID:1, TableID:96, RowCount:0, ArgLen:1, start time: 2026-07-13 01:03:51.582 +0800 CST, Err:<nil>, ErrCount:0, SnapshotVersion:0, Version: v2"] [summary="server count: 1"]
[2026/07/13 01:03:51.586 +08:00] [INFO] [job_worker.go:447] ["finish DDL job"] [category=ddl] [jobID=97] [job="ID:97, Type:create table, State:synced, SchemaState:public, SchemaID:1, TableID:96, RowCount:0, ArgLen:0, start time: 2026-07-13 01:03:51.582 +0800 CST, Err:<nil>, ErrCount:0, SnapshotVersion:0, Version: v2"]
[2026/07/13 01:03:51.587 +08:00] [INFO] [executor.go:7380] ["DDL job is finished"] [category=ddl] [jobID=97]
[2026/07/13 01:03:51.587 +08:00] [INFO] [session.go:5104] ["CRUCIAL OPERATION"] [conn=0] [schemaVersion=48] [cur_db=mysql] [sql="CREATE TABLE IF NOT EXISTS mysql.request_unit_by_group (\n\t\tstart_time TIMESTAMP(6) NOT NULL,\n\t\tend_time TIMESTAMP(6) NOT NULL,\n\t\tresource_group VARCHAR(32) NOT null,\n\t\ttotal_ru bigint(64) UNSIGNED NOT NULL,\n\t\tPRIMARY KEY (start_time, end_time, resource_group),\n\t\tKEY (resource_group)\n\t);"] [user=]
[2026/07/13 01:03:51.587 +08:00] [INFO] [add_column.go:1339] ["Automatically convert BLOB(524288) to MEDIUMBLOB"] [category=ddl]
[2026/07/13 01:03:51.587 +08:00] [INFO] [executor.go:7545] ["system variable tidb_scatter_region not found, use default value"] [category=ddl]
[2026/07/13 01:03:51.587 +08:00] [INFO] [job_submitter.go:118] ["add DDL jobs"] [category=ddl] ["batch count"=1] [jobs="ID:99, Type:create table, State:queueing, SchemaState:none, SchemaID:1, TableID:98, RowCount:0, ArgLen:1, start time: 2026-07-13 01:03:51.587 +0800 CST, Err:<nil>, ErrCount:0, SnapshotVersion:0, Version: v2; "] [fast_create=true]
[2026/07/13 01:03:51.587 +08:00] [INFO] [executor.go:7260] ["DDL job submitted"] [category=ddl] [job="ID:99, Type:create table, State:queueing, SchemaState:none, SchemaID:1, TableID:98, RowCount:0, ArgLen:1, start time: 2026-07-13 01:03:51.587 +0800 CST, Err:<nil>, ErrCount:0, SnapshotVersion:0, Version: v2"] [query="CREATE TABLE IF NOT EXISTS mysql.tidb_pitr_id_map (\n\t\trestore_id BIGINT NOT NULL DEFAULT 0,\n\t\trestored_ts BIGINT NOT NULL,\n\t\tupstream_cluster_id BIGINT NOT NULL,\n\t\tsegment_id BIGINT NOT NULL,\n\t\tid_map BLOB(524288) NOT NULL,\n\t\tupdate_time TIMESTAMP DEFAULT CURRENT_TIMESTAMP,\n\t\tPRIMARY KEY (restore_id, restored_ts, upstream_cluster_id, segment_id));"]
[2026/07/13 01:03:51.588 +08:00] [INFO] [job_worker.go:854] ["run one job step"] [category=ddl] [jobID=99] [job="ID:99, Type:create table, State:queueing, SchemaState:none, SchemaID:1, TableID:98, RowCount:0, ArgLen:0, start time: 2026-07-13 01:03:51.587 +0800 CST, Err:<nil>, ErrCount:0, SnapshotVersion:0, Version: v2"]
[2026/07/13 01:03:51.588 +08:00] [INFO] [loader.go:216] ["diff load InfoSchema success"] [mode=auto] [isV2=true] [currVer=48] [neededVer=49] [gotVer=49] ["elapsed time"=78.416µs] [phyTblIDs="[98]"] [actionTypes="[3]"] [diffTypes="[\"create table\"]"]
[2026/07/13 01:03:51.589 +08:00] [INFO] [syncer.go:258] ["session manager is nil"]
[2026/07/13 01:03:51.589 +08:00] [INFO] [syncer.go:281] ["mdl gets lock, update self version to owner"] [jobID=99] [version=49]
[2026/07/13 01:03:51.590 +08:00] [INFO] [schema_version.go:397] ["wait schema version synced success"] [category=ddl] [ver=49] [checkAssumedSvr=false] ["take time"=2.054875ms] [job="ID:99, Type:create table, State:done, SchemaState:public, SchemaID:1, TableID:98, RowCount:0, ArgLen:1, start time: 2026-07-13 01:03:51.587 +0800 CST, Err:<nil>, ErrCount:0, SnapshotVersion:0, Version: v2"] [summary="server count: 1"]
[2026/07/13 01:03:51.591 +08:00] [INFO] [job_worker.go:447] ["finish DDL job"] [category=ddl] [jobID=99] [job="ID:99, Type:create table, State:synced, SchemaState:public, SchemaID:1, TableID:98, RowCount:0, ArgLen:0, start time: 2026-07-13 01:03:51.587 +0800 CST, Err:<nil>, ErrCount:0, SnapshotVersion:0, Version: v2"]
[2026/07/13 01:03:51.592 +08:00] [INFO] [executor.go:7380] ["DDL job is finished"] [category=ddl] [jobID=99]
[2026/07/13 01:03:51.592 +08:00] [INFO] [session.go:5104] ["CRUCIAL OPERATION"] [conn=0] [schemaVersion=49] [cur_db=mysql] [sql="CREATE TABLE IF NOT EXISTS mysql.tidb_pitr_id_map (\n\t\trestore_id BIGINT NOT NULL DEFAULT 0,\n\t\trestored_ts BIGINT NOT NULL,\n\t\tupstream_cluster_id BIGINT NOT NULL,\n\t\tsegment_id BIGINT NOT NULL,\n\t\tid_map BLOB(524288) NOT NULL,\n\t\tupdate_time TIMESTAMP DEFAULT CURRENT_TIMESTAMP,\n\t\tPRIMARY KEY (restore_id, restored_ts, upstream_cluster_id, segment_id));"] [user=]
[2026/07/13 01:03:51.592 +08:00] [INFO] [executor.go:7545] ["system variable tidb_scatter_region not found, use default value"] [category=ddl]
[2026/07/13 01:03:51.593 +08:00] [INFO] [job_submitter.go:118] ["add DDL jobs"] [category=ddl] ["batch count"=1] [jobs="ID:101, Type:create table, State:queueing, SchemaState:none, SchemaID:1, TableID:100, RowCount:0, ArgLen:1, start time: 2026-07-13 01:03:51.592 +0800 CST, Err:<nil>, ErrCount:0, SnapshotVersion:0, Version: v2; "] [fast_create=true]
[2026/07/13 01:03:51.593 +08:00] [INFO] [executor.go:7260] ["DDL job submitted"] [category=ddl] [job="ID:101, Type:create table, State:queueing, SchemaState:none, SchemaID:1, TableID:100, RowCount:0, ArgLen:1, start time: 2026-07-13 01:03:51.592 +0800 CST, Err:<nil>, ErrCount:0, SnapshotVersion:0, Version: v2"] [query="CREATE TABLE IF NOT EXISTS mysql.tidb_restore_registry (\n\t\tid BIGINT UNSIGNED NOT NULL AUTO_INCREMENT PRIMARY KEY,\n\t\tfilter_strings TEXT NOT NULL,\n\t\tfilter_hash VARCHAR(64) NOT NULL,\n\t\tstart_ts BIGINT UNSIGNED NOT NULL,\n\t\trestored_ts BIGINT UNSIGNED NOT NULL,\n\t\tupstream_cluster_id BIGINT UNSIGNED,\n\t\twith_sys_table BOOLEAN NOT NULL DEFAULT TRUE,\n\t\tstatus VARCHAR(20) NOT NULL DEFAULT 'running',\n\t\tcmd TEXT,\n\t\ttask_start_time TIMESTAMP(6) DEFAULT CURRENT_TIMESTAMP(6),\n\t\tlast_heartbeat_time TIMESTAMP(6) DEFAULT CURRENT_TIMESTAMP(6),\n\t\tUNIQUE KEY unique_registration_params (\n\t\t\tfilter_hash,\n\t\t\tstart_ts,\n\t\t\trestored_ts,\n\t\t\tupstream_cluster_id,\n\t\t\twith_sys_table,\n\t\t\tcmd(256)\n\t\t)\n\t) AUTO_INCREMENT = 1;"]
[2026/07/13 01:03:51.593 +08:00] [INFO] [job_worker.go:854] ["run one job step"] [category=ddl] [jobID=101] [job="ID:101, Type:create table, State:queueing, SchemaState:none, SchemaID:1, TableID:100, RowCount:0, ArgLen:0, start time: 2026-07-13 01:03:51.592 +0800 CST, Err:<nil>, ErrCount:0, SnapshotVersion:0, Version: v2"]
[2026/07/13 01:03:51.594 +08:00] [INFO] [loader.go:216] ["diff load InfoSchema success"] [mode=auto] [isV2=true] [currVer=49] [neededVer=50] [gotVer=50] ["elapsed time"=108.292µs] [phyTblIDs="[100]"] [actionTypes="[3]"] [diffTypes="[\"create table\"]"]
[2026/07/13 01:03:51.594 +08:00] [INFO] [syncer.go:258] ["session manager is nil"]
[2026/07/13 01:03:51.594 +08:00] [INFO] [syncer.go:281] ["mdl gets lock, update self version to owner"] [jobID=101] [version=50]
[2026/07/13 01:03:51.596 +08:00] [INFO] [schema_version.go:397] ["wait schema version synced success"] [category=ddl] [ver=50] [checkAssumedSvr=false] ["take time"=2.175375ms] [job="ID:101, Type:create table, State:done, SchemaState:public, SchemaID:1, TableID:100, RowCount:0, ArgLen:1, start time: 2026-07-13 01:03:51.592 +0800 CST, Err:<nil>, ErrCount:0, SnapshotVersion:0, Version: v2"] [summary="server count: 1"]
[2026/07/13 01:03:51.596 +08:00] [INFO] [job_worker.go:447] ["finish DDL job"] [category=ddl] [jobID=101] [job="ID:101, Type:create table, State:synced, SchemaState:public, SchemaID:1, TableID:100, RowCount:0, ArgLen:0, start time: 2026-07-13 01:03:51.592 +0800 CST, Err:<nil>, ErrCount:0, SnapshotVersion:0, Version: v2"]
[2026/07/13 01:03:51.597 +08:00] [INFO] [executor.go:7380] ["DDL job is finished"] [category=ddl] [jobID=101]
[2026/07/13 01:03:51.597 +08:00] [INFO] [session.go:5104] ["CRUCIAL OPERATION"] [conn=0] [schemaVersion=50] [cur_db=mysql] [sql="CREATE TABLE IF NOT EXISTS mysql.tidb_restore_registry (\n\t\tid BIGINT UNSIGNED NOT NULL AUTO_INCREMENT PRIMARY KEY,\n\t\tfilter_strings TEXT NOT NULL,\n\t\tfilter_hash VARCHAR(64) NOT NULL,\n\t\tstart_ts BIGINT UNSIGNED NOT NULL,\n\t\trestored_ts BIGINT UNSIGNED NOT NULL,\n\t\tupstream_cluster_id BIGINT UNSIGNED,\n\t\twith_sys_table BOOLEAN NOT NULL DEFAULT TRUE,\n\t\tstatus VARCHAR(20) NOT NULL DEFAULT 'running',\n\t\tcmd TEXT,\n\t\ttask_start_time TIMESTAMP(6) DEFAULT CURRENT_TIMESTAMP(6),\n\t\tlast_heartbeat_time TIMESTAMP(6) DEFAULT CURRENT_TIMESTAMP(6),\n\t\tUNIQUE KEY unique_registration_params (\n\t\t\tfilter_hash,\n\t\t\tstart_ts,\n\t\t\trestored_ts,\n\t\t\tupstream_cluster_id,\n\t\t\twith_sys_table,\n\t\t\tcmd(256)\n\t\t)\n\t) AUTO_INCREMENT = 1;"] [user=]
[2026/07/13 01:03:51.597 +08:00] [INFO] [executor.go:7545] ["system variable tidb_scatter_region not found, use default value"] [category=ddl]
[2026/07/13 01:03:51.598 +08:00] [INFO] [job_submitter.go:118] ["add DDL jobs"] [category=ddl] ["batch count"=1] [jobs="ID:103, Type:create table, State:queueing, SchemaState:none, SchemaID:1, TableID:102, RowCount:0, ArgLen:1, start time: 2026-07-13 01:03:51.598 +0800 CST, Err:<nil>, ErrCount:0, SnapshotVersion:0, Version: v2; "] [fast_create=true]
[2026/07/13 01:03:51.598 +08:00] [INFO] [executor.go:7260] ["DDL job submitted"] [category=ddl] [job="ID:103, Type:create table, State:queueing, SchemaState:none, SchemaID:1, TableID:102, RowCount:0, ArgLen:1, start time: 2026-07-13 01:03:51.598 +0800 CST, Err:<nil>, ErrCount:0, SnapshotVersion:0, Version: v2"] [query="CREATE TABLE IF NOT EXISTS mysql.index_advisor_results (\n       id bigint primary key not null auto_increment,\n       created_at datetime not null,\n       updated_at datetime not null,\n\n       schema_name varchar(64) not null,\n       table_name varchar(64) not null,\n       index_name varchar(127) not null,\n       index_columns varchar(500) not null COMMENT 'split by \",\", e.g. \"c1\", \"c1,c2\", \"c1,c2,c3,c4,c5\"',\n\n       index_details json,        -- est_index_size, reason, DDL to create this index, ...\n       top_impacted_queries json, -- improvement, plan before and after this index, ...\n       workload_impact json,      -- improvement and more details, ...\n       extra json,                -- for the cloud env to save more info like RU, cost_saving, ...\n       index idx_create(created_at),\n       index idx_update(updated_at),\n       unique index idx(schema_name, table_name, index_columns));"]
[2026/07/13 01:03:51.598 +08:00] [INFO] [job_worker.go:854] ["run one job step"] [category=ddl] [jobID=103] [job="ID:103, Type:create table, State:queueing, SchemaState:none, SchemaID:1, TableID:102, RowCount:0, ArgLen:0, start time: 2026-07-13 01:03:51.598 +0800 CST, Err:<nil>, ErrCount:0, SnapshotVersion:0, Version: v2"]
[2026/07/13 01:03:51.599 +08:00] [INFO] [loader.go:216] ["diff load InfoSchema success"] [mode=auto] [isV2=true] [currVer=50] [neededVer=51] [gotVer=51] ["elapsed time"=109.167µs] [phyTblIDs="[102]"] [actionTypes="[3]"] [diffTypes="[\"create table\"]"]
[2026/07/13 01:03:51.599 +08:00] [INFO] [syncer.go:258] ["session manager is nil"]
[2026/07/13 01:03:51.599 +08:00] [INFO] [syncer.go:281] ["mdl gets lock, update self version to owner"] [jobID=103] [version=51]
[2026/07/13 01:03:51.601 +08:00] [INFO] [schema_version.go:397] ["wait schema version synced success"] [category=ddl] [ver=51] [checkAssumedSvr=false] ["take time"=2.091084ms] [job="ID:103, Type:create table, State:done, SchemaState:public, SchemaID:1, TableID:102, RowCount:0, ArgLen:1, start time: 2026-07-13 01:03:51.598 +0800 CST, Err:<nil>, ErrCount:0, SnapshotVersion:0, Version: v2"] [summary="server count: 1"]
[2026/07/13 01:03:51.602 +08:00] [INFO] [job_worker.go:447] ["finish DDL job"] [category=ddl] [jobID=103] [job="ID:103, Type:create table, State:synced, SchemaState:public, SchemaID:1, TableID:102, RowCount:0, ArgLen:0, start time: 2026-07-13 01:03:51.598 +0800 CST, Err:<nil>, ErrCount:0, SnapshotVersion:0, Version: v2"]
[2026/07/13 01:03:51.603 +08:00] [INFO] [executor.go:7380] ["DDL job is finished"] [category=ddl] [jobID=103]
[2026/07/13 01:03:51.603 +08:00] [INFO] [session.go:5104] ["CRUCIAL OPERATION"] [conn=0] [schemaVersion=51] [cur_db=mysql] [sql="CREATE TABLE IF NOT EXISTS mysql.index_advisor_results (\n       id bigint primary key not null auto_increment,\n       created_at datetime not null,\n       updated_at datetime not null,\n\n       schema_name varchar(64) not null,\n       table_name varchar(64) not null,\n       index_name varchar(127) not null,\n       index_columns varchar(500) not null COMMENT 'split by \",\", e.g. \"c1\", \"c1,c2\", \"c1,c2,c3,c4,c5\"',\n\n       index_details json,        -- est_index_size, reason, DDL to create this index, ...\n       top_impacted_queries json, -- improvement, plan before and after this index, ...\n       workload_impact json,      -- improvement and more details, ...\n       extra json,                -- for the cloud env to save more info like RU, cost_saving, ...\n       index idx_create(created_at),\n       index idx_update(updated_at),\n       unique index idx(schema_name, table_name, index_columns));"] [user=]
[2026/07/13 01:03:51.603 +08:00] [INFO] [executor.go:7545] ["system variable tidb_scatter_region not found, use default value"] [category=ddl]
[2026/07/13 01:03:51.603 +08:00] [INFO] [job_submitter.go:118] ["add DDL jobs"] [category=ddl] ["batch count"=1] [jobs="ID:105, Type:create table, State:queueing, SchemaState:none, SchemaID:1, TableID:104, RowCount:0, ArgLen:1, start time: 2026-07-13 01:03:51.603 +0800 CST, Err:<nil>, ErrCount:0, SnapshotVersion:0, Version: v2; "] [fast_create=true]
[2026/07/13 01:03:51.603 +08:00] [INFO] [executor.go:7260] ["DDL job submitted"] [category=ddl] [job="ID:105, Type:create table, State:queueing, SchemaState:none, SchemaID:1, TableID:104, RowCount:0, ArgLen:1, start time: 2026-07-13 01:03:51.603 +0800 CST, Err:<nil>, ErrCount:0, SnapshotVersion:0, Version: v2"] [query="CREATE TABLE IF NOT EXISTS mysql.tidb_kernel_options (\n        module varchar(128),\n        name varchar(128),\n        value varchar(128),\n        updated_at datetime,\n        status varchar(128),\n        description text,\n        primary key(module, name));"]
[2026/07/13 01:03:51.604 +08:00] [INFO] [job_worker.go:854] ["run one job step"] [category=ddl] [jobID=105] [job="ID:105, Type:create table, State:queueing, SchemaState:none, SchemaID:1, TableID:104, RowCount:0, ArgLen:0, start time: 2026-07-13 01:03:51.603 +0800 CST, Err:<nil>, ErrCount:0, SnapshotVersion:0, Version: v2"]
[2026/07/13 01:03:51.604 +08:00] [INFO] [loader.go:216] ["diff load InfoSchema success"] [mode=auto] [isV2=true] [currVer=51] [neededVer=52] [gotVer=52] ["elapsed time"=72.583µs] [phyTblIDs="[104]"] [actionTypes="[3]"] [diffTypes="[\"create table\"]"]
[2026/07/13 01:03:51.604 +08:00] [INFO] [syncer.go:258] ["session manager is nil"]
[2026/07/13 01:03:51.604 +08:00] [INFO] [syncer.go:281] ["mdl gets lock, update self version to owner"] [jobID=105] [version=52]
[2026/07/13 01:03:51.606 +08:00] [INFO] [schema_version.go:397] ["wait schema version synced success"] [category=ddl] [ver=52] [checkAssumedSvr=false] ["take time"=2.234833ms] [job="ID:105, Type:create table, State:done, SchemaState:public, SchemaID:1, TableID:104, RowCount:0, ArgLen:1, start time: 2026-07-13 01:03:51.603 +0800 CST, Err:<nil>, ErrCount:0, SnapshotVersion:0, Version: v2"] [summary="server count: 1"]
[2026/07/13 01:03:51.607 +08:00] [INFO] [job_worker.go:447] ["finish DDL job"] [category=ddl] [jobID=105] [job="ID:105, Type:create table, State:synced, SchemaState:public, SchemaID:1, TableID:104, RowCount:0, ArgLen:0, start time: 2026-07-13 01:03:51.603 +0800 CST, Err:<nil>, ErrCount:0, SnapshotVersion:0, Version: v2"]
[2026/07/13 01:03:51.607 +08:00] [INFO] [executor.go:7380] ["DDL job is finished"] [category=ddl] [jobID=105]
[2026/07/13 01:03:51.607 +08:00] [INFO] [session.go:5104] ["CRUCIAL OPERATION"] [conn=0] [schemaVersion=52] [cur_db=mysql] [sql="CREATE TABLE IF NOT EXISTS mysql.tidb_kernel_options (\n        module varchar(128),\n        name varchar(128),\n        value varchar(128),\n        updated_at datetime,\n        status varchar(128),\n        description text,\n        primary key(module, name));"] [user=]
[2026/07/13 01:03:51.607 +08:00] [INFO] [executor.go:7545] ["system variable tidb_scatter_region not found, use default value"] [category=ddl]
[2026/07/13 01:03:51.608 +08:00] [INFO] [job_submitter.go:118] ["add DDL jobs"] [category=ddl] ["batch count"=1] [jobs="ID:107, Type:create table, State:queueing, SchemaState:none, SchemaID:1, TableID:106, RowCount:0, ArgLen:1, start time: 2026-07-13 01:03:51.608 +0800 CST, Err:<nil>, ErrCount:0, SnapshotVersion:0, Version: v2; "] [fast_create=true]
[2026/07/13 01:03:51.608 +08:00] [INFO] [executor.go:7260] ["DDL job submitted"] [category=ddl] [job="ID:107, Type:create table, State:queueing, SchemaState:none, SchemaID:1, TableID:106, RowCount:0, ArgLen:1, start time: 2026-07-13 01:03:51.608 +0800 CST, Err:<nil>, ErrCount:0, SnapshotVersion:0, Version: v2"] [query="CREATE TABLE IF NOT EXISTS mysql.tidb_workload_values (\n\t\tid bigint(20) NOT NULL AUTO_INCREMENT PRIMARY KEY,\n\t\tversion bigint(20) NOT NULL,\n\t\tcategory varchar(64) NOT NULL,\n\t\ttype varchar(64) NOT NULL,\n\t\ttable_id bigint(20) NOT NULL,\n\t\tvalue json NOT NULL,\n\t\tindex idx_version_category_type (version, category, type),\n\t\tindex idx_table_id (table_id));"]
[2026/07/13 01:03:51.609 +08:00] [INFO] [job_worker.go:854] ["run one job step"] [category=ddl] [jobID=107] [job="ID:107, Type:create table, State:queueing, SchemaState:none, SchemaID:1, TableID:106, RowCount:0, ArgLen:0, start time: 2026-07-13 01:03:51.608 +0800 CST, Err:<nil>, ErrCount:0, SnapshotVersion:0, Version: v2"]
[2026/07/13 01:03:51.609 +08:00] [INFO] [loader.go:216] ["diff load InfoSchema success"] [mode=auto] [isV2=true] [currVer=52] [neededVer=53] [gotVer=53] ["elapsed time"=82.416µs] [phyTblIDs="[106]"] [actionTypes="[3]"] [diffTypes="[\"create table\"]"]
[2026/07/13 01:03:51.609 +08:00] [INFO] [syncer.go:258] ["session manager is nil"]
[2026/07/13 01:03:51.609 +08:00] [INFO] [syncer.go:281] ["mdl gets lock, update self version to owner"] [jobID=107] [version=53]
[2026/07/13 01:03:51.611 +08:00] [INFO] [schema_version.go:397] ["wait schema version synced success"] [category=ddl] [ver=53] [checkAssumedSvr=false] ["take time"=2.105875ms] [job="ID:107, Type:create table, State:done, SchemaState:public, SchemaID:1, TableID:106, RowCount:0, ArgLen:1, start time: 2026-07-13 01:03:51.608 +0800 CST, Err:<nil>, ErrCount:0, SnapshotVersion:0, Version: v2"] [summary="server count: 1"]
[2026/07/13 01:03:51.612 +08:00] [INFO] [job_worker.go:447] ["finish DDL job"] [category=ddl] [jobID=107] [job="ID:107, Type:create table, State:synced, SchemaState:public, SchemaID:1, TableID:106, RowCount:0, ArgLen:0, start time: 2026-07-13 01:03:51.608 +0800 CST, Err:<nil>, ErrCount:0, SnapshotVersion:0, Version: v2"]
[2026/07/13 01:03:51.612 +08:00] [INFO] [executor.go:7380] ["DDL job is finished"] [category=ddl] [jobID=107]
[2026/07/13 01:03:51.612 +08:00] [INFO] [session.go:5104] ["CRUCIAL OPERATION"] [conn=0] [schemaVersion=53] [cur_db=mysql] [sql="CREATE TABLE IF NOT EXISTS mysql.tidb_workload_values (\n\t\tid bigint(20) NOT NULL AUTO_INCREMENT PRIMARY KEY,\n\t\tversion bigint(20) NOT NULL,\n\t\tcategory varchar(64) NOT NULL,\n\t\ttype varchar(64) NOT NULL,\n\t\ttable_id bigint(20) NOT NULL,\n\t\tvalue json NOT NULL,\n\t\tindex idx_version_category_type (version, category, type),\n\t\tindex idx_table_id (table_id));"] [user=]
[2026/07/13 01:03:51.612 +08:00] [INFO] [executor.go:7545] ["system variable tidb_scatter_region not found, use default value"] [category=ddl]
[2026/07/13 01:03:51.613 +08:00] [INFO] [job_submitter.go:118] ["add DDL jobs"] [category=ddl] ["batch count"=1] [jobs="ID:109, Type:create table, State:queueing, SchemaState:none, SchemaID:1, TableID:108, RowCount:0, ArgLen:1, start time: 2026-07-13 01:03:51.613 +0800 CST, Err:<nil>, ErrCount:0, SnapshotVersion:0, Version: v2; "] [fast_create=true]
[2026/07/13 01:03:51.613 +08:00] [INFO] [executor.go:7260] ["DDL job submitted"] [category=ddl] [job="ID:109, Type:create table, State:queueing, SchemaState:none, SchemaID:1, TableID:108, RowCount:0, ArgLen:1, start time: 2026-07-13 01:03:51.613 +0800 CST, Err:<nil>, ErrCount:0, SnapshotVersion:0, Version: v2"] [query="CREATE TABLE IF NOT EXISTS mysql.tidb_masking_policy (\n\t\tpolicy_id BIGINT(64) NOT NULL AUTO_INCREMENT,\n\t\tpolicy_name VARCHAR(64) NOT NULL,\n\t\tdb_name VARCHAR(64) NOT NULL,\n\t\ttable_name VARCHAR(64) NOT NULL,\n\t\ttable_id BIGINT(64) NOT NULL,\n\t\tcolumn_name VARCHAR(64) NOT NULL,\n\t\tcolumn_id BIGINT(64) NOT NULL,\n\t\texpression TEXT NOT NULL,\n\t\tstatus VARCHAR(16) NOT NULL,\n\t\tmasking_type VARCHAR(32) NOT NULL,\n\t\trestrict_on VARCHAR(256) NOT NULL DEFAULT 'NONE',\n\t\tcreated_at DATETIME(6) NOT NULL,\n\t\tupdated_at DATETIME(6) NOT NULL,\n\t\tcreated_by VARCHAR(288) NOT NULL DEFAULT '',\n\t\tPRIMARY KEY(policy_id),\n\t\tUNIQUE KEY uk_table_policy(table_id, policy_name),\n\t\tUNIQUE KEY uk_table_column(table_id, column_id)\n\t\t);"]
[2026/07/13 01:03:51.613 +08:00] [INFO] [job_worker.go:854] ["run one job step"] [category=ddl] [jobID=109] [job="ID:109, Type:create table, State:queueing, SchemaState:none, SchemaID:1, TableID:108, RowCount:0, ArgLen:0, start time: 2026-07-13 01:03:51.613 +0800 CST, Err:<nil>, ErrCount:0, SnapshotVersion:0, Version: v2"]
[2026/07/13 01:03:51.614 +08:00] [INFO] [loader.go:216] ["diff load InfoSchema success"] [mode=auto] [isV2=true] [currVer=53] [neededVer=54] [gotVer=54] ["elapsed time"=118.459µs] [phyTblIDs="[108]"] [actionTypes="[3]"] [diffTypes="[\"create table\"]"]
[2026/07/13 01:03:51.614 +08:00] [INFO] [syncer.go:258] ["session manager is nil"]
[2026/07/13 01:03:51.615 +08:00] [INFO] [syncer.go:281] ["mdl gets lock, update self version to owner"] [jobID=109] [version=54]
[2026/07/13 01:03:51.616 +08:00] [INFO] [schema_version.go:397] ["wait schema version synced success"] [category=ddl] [ver=54] [checkAssumedSvr=false] ["take time"=2.233209ms] [job="ID:109, Type:create table, State:done, SchemaState:public, SchemaID:1, TableID:108, RowCount:0, ArgLen:1, start time: 2026-07-13 01:03:51.613 +0800 CST, Err:<nil>, ErrCount:0, SnapshotVersion:0, Version: v2"] [summary="server count: 1"]
[2026/07/13 01:03:51.617 +08:00] [INFO] [job_worker.go:447] ["finish DDL job"] [category=ddl] [jobID=109] [job="ID:109, Type:create table, State:synced, SchemaState:public, SchemaID:1, TableID:108, RowCount:0, ArgLen:0, start time: 2026-07-13 01:03:51.613 +0800 CST, Err:<nil>, ErrCount:0, SnapshotVersion:0, Version: v2"]
[2026/07/13 01:03:51.618 +08:00] [INFO] [executor.go:7380] ["DDL job is finished"] [category=ddl] [jobID=109]
[2026/07/13 01:03:51.618 +08:00] [INFO] [session.go:5104] ["CRUCIAL OPERATION"] [conn=0] [schemaVersion=54] [cur_db=mysql] [sql="CREATE TABLE IF NOT EXISTS mysql.tidb_masking_policy (\n\t\tpolicy_id BIGINT(64) NOT NULL AUTO_INCREMENT,\n\t\tpolicy_name VARCHAR(64) NOT NULL,\n\t\tdb_name VARCHAR(64) NOT NULL,\n\t\ttable_name VARCHAR(64) NOT NULL,\n\t\ttable_id BIGINT(64) NOT NULL,\n\t\tcolumn_name VARCHAR(64) NOT NULL,\n\t\tcolumn_id BIGINT(64) NOT NULL,\n\t\texpression TEXT NOT NULL,\n\t\tstatus VARCHAR(16) NOT NULL,\n\t\tmasking_type VARCHAR(32) NOT NULL,\n\t\trestrict_on VARCHAR(256) NOT NULL DEFAULT 'NONE',\n\t\tcreated_at DATETIME(6) NOT NULL,\n\t\tupdated_at DATETIME(6) NOT NULL,\n\t\tcreated_by VARCHAR(288) NOT NULL DEFAULT '',\n\t\tPRIMARY KEY(policy_id),\n\t\tUNIQUE KEY uk_table_policy(table_id, policy_name),\n\t\tUNIQUE KEY uk_table_column(table_id, column_id)\n\t\t);"] [user=]
[2026/07/13 01:03:51.618 +08:00] [INFO] [executor.go:7545] ["system variable tidb_scatter_region not found, use default value"] [category=ddl]
[2026/07/13 01:03:51.619 +08:00] [INFO] [job_submitter.go:118] ["add DDL jobs"] [category=ddl] ["batch count"=1] [jobs="ID:111, Type:create view, State:queueing, SchemaState:none, SchemaID:1, TableID:110, RowCount:0, ArgLen:1, start time: 2026-07-13 01:03:51.619 +0800 CST, Err:<nil>, ErrCount:0, SnapshotVersion:0, Version: v2; "] [fast_create=true]
[2026/07/13 01:03:51.619 +08:00] [INFO] [executor.go:7260] ["DDL job submitted"] [category=ddl] [job="ID:111, Type:create view, State:queueing, SchemaState:none, SchemaID:1, TableID:110, RowCount:0, ArgLen:1, start time: 2026-07-13 01:03:51.619 +0800 CST, Err:<nil>, ErrCount:0, SnapshotVersion:0, Version: v2"] [query="CREATE OR REPLACE SQL SECURITY INVOKER VIEW mysql.tidb_mdl_view as (\n\t\tSELECT tidb_mdl_info.job_id,\n\t\t\tJSON_UNQUOTE(JSON_EXTRACT(cast(cast(job_meta as char) as json), \"$.schema_name\")) as db_name,\n\t\t\tJSON_UNQUOTE(JSON_EXTRACT(cast(cast(job_meta as char) as json), \"$.table_name\")) as table_name,\n\t\t\tJSON_UNQUOTE(JSON_EXTRACT(cast(cast(job_meta as char) as json), \"$.query\")) as query,\n\t\t\tsession_id,\n\t\t\tcluster_tidb_trx.start_time,\n\t\t\ttidb_decode_sql_digests(all_sql_digests, 4096) AS SQL_DIGESTS\n\t\tFROM mysql.tidb_ddl_job,\n\t\t\tmysql.tidb_mdl_info,\n\t\t\tinformation_schema.cluster_tidb_trx\n\t\tWHERE tidb_ddl_job.job_id=tidb_mdl_info.job_id\n\t\t\tAND CONCAT(',', tidb_mdl_info.table_ids, ',') REGEXP CONCAT(',(', REPLACE(cluster_tidb_trx.related_table_ids, ',', '|'), '),') != 0\n\t);"]
[2026/07/13 01:03:51.619 +08:00] [INFO] [job_worker.go:854] ["run one job step"] [category=ddl] [jobID=111] [job="ID:111, Type:create view, State:queueing, SchemaState:none, SchemaID:1, TableID:110, RowCount:0, ArgLen:0, start time: 2026-07-13 01:03:51.619 +0800 CST, Err:<nil>, ErrCount:0, SnapshotVersion:0, Version: v2"]
[2026/07/13 01:03:51.620 +08:00] [INFO] [loader.go:216] ["diff load InfoSchema success"] [mode=auto] [isV2=true] [currVer=54] [neededVer=55] [gotVer=55] ["elapsed time"=76.791µs] [phyTblIDs="[110]"] [actionTypes="[21]"] [diffTypes="[\"create view\"]"]
[2026/07/13 01:03:51.620 +08:00] [INFO] [syncer.go:258] ["session manager is nil"]
[2026/07/13 01:03:51.620 +08:00] [INFO] [syncer.go:281] ["mdl gets lock, update self version to owner"] [jobID=111] [version=55]
[2026/07/13 01:03:51.622 +08:00] [INFO] [schema_version.go:397] ["wait schema version synced success"] [category=ddl] [ver=55] [checkAssumedSvr=false] ["take time"=2.211209ms] [job="ID:111, Type:create view, State:done, SchemaState:public, SchemaID:1, TableID:110, RowCount:0, ArgLen:1, start time: 2026-07-13 01:03:51.619 +0800 CST, Err:<nil>, ErrCount:0, SnapshotVersion:0, Version: v2"] [summary="server count: 1"]
[2026/07/13 01:03:51.623 +08:00] [INFO] [job_worker.go:447] ["finish DDL job"] [category=ddl] [jobID=111] [job="ID:111, Type:create view, State:synced, SchemaState:public, SchemaID:1, TableID:110, RowCount:0, ArgLen:0, start time: 2026-07-13 01:03:51.619 +0800 CST, Err:<nil>, ErrCount:0, SnapshotVersion:0, Version: v2"]
[2026/07/13 01:03:51.623 +08:00] [INFO] [executor.go:7380] ["DDL job is finished"] [category=ddl] [jobID=111]
[2026/07/13 01:03:51.623 +08:00] [INFO] [executor.go:7545] ["system variable tidb_scatter_region not found, use default value"] [category=ddl]
[2026/07/13 01:03:51.624 +08:00] [INFO] [job_submitter.go:118] ["add DDL jobs"] [category=ddl] ["batch count"=1] [jobs="ID:113, Type:create view, State:queueing, SchemaState:none, SchemaID:2, TableID:112, RowCount:0, ArgLen:1, start time: 2026-07-13 01:03:51.624 +0800 CST, Err:<nil>, ErrCount:0, SnapshotVersion:0, Version: v2; "] [fast_create=true]
[2026/07/13 01:03:51.624 +08:00] [INFO] [executor.go:7260] ["DDL job submitted"] [category=ddl] [job="ID:113, Type:create view, State:queueing, SchemaState:none, SchemaID:2, TableID:112, RowCount:0, ArgLen:1, start time: 2026-07-13 01:03:51.624 +0800 CST, Err:<nil>, ErrCount:0, SnapshotVersion:0, Version: v2"] [query="CREATE OR REPLACE VIEW sys.schema_unused_indexes AS\n\t\tSELECT\n\t\t\ttable_schema as object_schema,\n\t\t\ttable_name as object_name,\n\t\t\tindex_name\n\t\tFROM information_schema.cluster_tidb_index_usage\n\t\tWHERE\n\t\t\ttable_schema not in ('sys', 'mysql', 'INFORMATION_SCHEMA', 'PERFORMANCE_SCHEMA') and\n\t\t\tindex_name != 'PRIMARY'\n\t\tGROUP BY table_schema, table_name, index_name\n\t\tHAVING\n\t\t\tsum(last_access_time) is null;"]
[2026/07/13 01:03:51.624 +08:00] [INFO] [job_worker.go:854] ["run one job step"] [category=ddl] [jobID=113] [job="ID:113, Type:create view, State:queueing, SchemaState:none, SchemaID:2, TableID:112, RowCount:0, ArgLen:0, start time: 2026-07-13 01:03:51.624 +0800 CST, Err:<nil>, ErrCount:0, SnapshotVersion:0, Version: v2"]
[2026/07/13 01:03:51.625 +08:00] [INFO] [loader.go:216] ["diff load InfoSchema success"] [mode=auto] [isV2=true] [currVer=55] [neededVer=56] [gotVer=56] ["elapsed time"=50.959µs] [phyTblIDs="[112]"] [actionTypes="[21]"] [diffTypes="[\"create view\"]"]
[2026/07/13 01:03:51.625 +08:00] [INFO] [syncer.go:258] ["session manager is nil"]
[2026/07/13 01:03:51.625 +08:00] [INFO] [syncer.go:281] ["mdl gets lock, update self version to owner"] [jobID=113] [version=56]
[2026/07/13 01:03:51.627 +08:00] [INFO] [schema_version.go:397] ["wait schema version synced success"] [category=ddl] [ver=56] [checkAssumedSvr=false] ["take time"=2.029084ms] [job="ID:113, Type:create view, State:done, SchemaState:public, SchemaID:2, TableID:112, RowCount:0, ArgLen:1, start time: 2026-07-13 01:03:51.624 +0800 CST, Err:<nil>, ErrCount:0, SnapshotVersion:0, Version: v2"] [summary="server count: 1"]
[2026/07/13 01:03:51.627 +08:00] [INFO] [job_worker.go:447] ["finish DDL job"] [category=ddl] [jobID=113] [job="ID:113, Type:create view, State:synced, SchemaState:public, SchemaID:2, TableID:112, RowCount:0, ArgLen:0, start time: 2026-07-13 01:03:51.624 +0800 CST, Err:<nil>, ErrCount:0, SnapshotVersion:0, Version: v2"]
[2026/07/13 01:03:51.627 +08:00] [INFO] [executor.go:7380] ["DDL job is finished"] [category=ddl] [jobID=113]
[2026/07/13 01:03:51.628 +08:00] [INFO] [job_submitter.go:118] ["add DDL jobs"] [category=ddl] ["batch count"=1] [jobs="ID:115, Type:create schema, State:queueing, SchemaState:none, SchemaID:114, TableID:0, RowCount:0, ArgLen:1, start time: 2026-07-13 01:03:51.628 +0800 CST, Err:<nil>, ErrCount:0, SnapshotVersion:0, Version: v2; "] [fast_create=true]
[2026/07/13 01:03:51.628 +08:00] [INFO] [executor.go:7260] ["DDL job submitted"] [category=ddl] [job="ID:115, Type:create schema, State:queueing, SchemaState:none, SchemaID:114, TableID:0, RowCount:0, ArgLen:1, start time: 2026-07-13 01:03:51.628 +0800 CST, Err:<nil>, ErrCount:0, SnapshotVersion:0, Version: v2"] [query="CREATE DATABASE IF NOT EXISTS test"]
[2026/07/13 01:03:51.628 +08:00] [INFO] [job_worker.go:854] ["run one job step"] [category=ddl] [jobID=115] [job="ID:115, Type:create schema, State:queueing, SchemaState:none, SchemaID:114, TableID:0, RowCount:0, ArgLen:0, start time: 2026-07-13 01:03:51.628 +0800 CST, Err:<nil>, ErrCount:0, SnapshotVersion:0, Version: v2"]
[2026/07/13 01:03:51.628 +08:00] [INFO] [loader.go:216] ["diff load InfoSchema success"] [mode=auto] [isV2=true] [currVer=56] [neededVer=57] [gotVer=57] ["elapsed time"=15.625µs] [phyTblIDs="[]"] [actionTypes="[]"] [diffTypes="[\"create schema\"]"]
[2026/07/13 01:03:51.629 +08:00] [INFO] [syncer.go:258] ["session manager is nil"]
[2026/07/13 01:03:51.629 +08:00] [INFO] [syncer.go:281] ["mdl gets lock, update self version to owner"] [jobID=115] [version=57]
[2026/07/13 01:03:51.630 +08:00] [INFO] [schema_version.go:397] ["wait schema version synced success"] [category=ddl] [ver=57] [checkAssumedSvr=false] ["take time"=2.009667ms] [job="ID:115, Type:create schema, State:done, SchemaState:public, SchemaID:114, TableID:0, RowCount:0, ArgLen:1, start time: 2026-07-13 01:03:51.628 +0800 CST, Err:<nil>, ErrCount:0, SnapshotVersion:0, Version: v2"] [summary="server count: 1"]
[2026/07/13 01:03:51.631 +08:00] [INFO] [job_worker.go:447] ["finish DDL job"] [category=ddl] [jobID=115] [job="ID:115, Type:create schema, State:synced, SchemaState:public, SchemaID:114, TableID:0, RowCount:0, ArgLen:0, start time: 2026-07-13 01:03:51.628 +0800 CST, Err:<nil>, ErrCount:0, SnapshotVersion:0, Version: v2"]
[2026/07/13 01:03:51.631 +08:00] [INFO] [executor.go:7380] ["DDL job is finished"] [category=ddl] [jobID=115]
[2026/07/13 01:03:51.631 +08:00] [INFO] [session.go:5104] ["CRUCIAL OPERATION"] [conn=0] [schemaVersion=57] [cur_db=mysql] [sql="CREATE DATABASE IF NOT EXISTS test"] [user=]
[2026/07/13 01:03:51.637 +08:00] [INFO] [bootstrap.go:90] ["bootstrap successful"] ["take time"=284.816833ms]
[2026/07/13 01:03:51.637 +08:00] [INFO] [job_scheduler.go:268] ["scheduleLoop quit due to context canceled"] [category=ddl]
[2026/07/13 01:03:51.637 +08:00] [INFO] [mock.go:100] ["owner manager retire owner"] [ownerKey=/tidb/ddl/fg/owner] [ID=a4a7feeb-b8bf-4f60-aa7c-996647cb6aed]
[2026/07/13 01:03:51.637 +08:00] [INFO] [ddl_workerpool.go:78] ["closing workerPool"] [category=ddl]
[2026/07/13 01:03:51.637 +08:00] [INFO] [ddl_workerpool.go:78] ["closing workerPool"] [category=ddl]
[2026/07/13 01:03:51.637 +08:00] [INFO] [job_worker.go:267] ["DDL worker closed"] [category=ddl] [worker="worker 20, tp general"] ["take time"=2.209µs]
[2026/07/13 01:03:51.637 +08:00] [INFO] [job_worker.go:267] ["DDL worker closed"] [category=ddl] [worker="worker 21, tp general"] ["take time"=1.625µs]
[2026/07/13 01:03:51.637 +08:00] [INFO] [job_worker.go:267] ["DDL worker closed"] [category=ddl] [worker="worker 22, tp general"] ["take time"=1.167µs]
[2026/07/13 01:03:51.637 +08:00] [INFO] [job_worker.go:267] ["DDL worker closed"] [category=ddl] [worker="worker 13, tp general"] ["take time"=2.916µs]
[2026/07/13 01:03:51.637 +08:00] [INFO] [job_worker.go:267] ["DDL worker closed"] [category=ddl] [worker="worker 14, tp general"] ["take time"=1.208µs]
[2026/07/13 01:03:51.637 +08:00] [INFO] [job_worker.go:267] ["DDL worker closed"] [category=ddl] [worker="worker 15, tp general"] ["take time"=1.208µs]
[2026/07/13 01:03:51.637 +08:00] [INFO] [job_worker.go:267] ["DDL worker closed"] [category=ddl] [worker="worker 16, tp general"] ["take time"=1.25µs]
[2026/07/13 01:03:51.637 +08:00] [INFO] [job_worker.go:267] ["DDL worker closed"] [category=ddl] [worker="worker 17, tp general"] ["take time"=1.167µs]
[2026/07/13 01:03:51.637 +08:00] [INFO] [job_worker.go:267] ["DDL worker closed"] [category=ddl] [worker="worker 18, tp general"] ["take time"=2.5µs]
[2026/07/13 01:03:51.637 +08:00] [INFO] [job_worker.go:267] ["DDL worker closed"] [category=ddl] [worker="worker 19, tp general"] ["take time"=1.166µs]
[2026/07/13 01:03:51.637 +08:00] [INFO] [mock.go:112] ["owner manager is canceled"] [ownerKey=/tidb/ddl/fg/owner] [ID=a4a7feeb-b8bf-4f60-aa7c-996647cb6aed]
[2026/07/13 01:03:51.637 +08:00] [INFO] [delete_range.go:162] ["closing delRange"] [category=ddl]
[2026/07/13 01:03:51.637 +08:00] [INFO] [session_pool.go:133] ["closing session pool"] [category=ddl]
[2026/07/13 01:03:51.638 +08:00] [INFO] [ddl.go:1159] ["DDL closed"] [category=ddl] [ID=a4a7feeb-b8bf-4f60-aa7c-996647cb6aed] ["take time"=790.917µs]
[2026/07/13 01:03:51.638 +08:00] [INFO] [ddl.go:850] ["stop DDL"] [category=ddl] [ID=a4a7feeb-b8bf-4f60-aa7c-996647cb6aed]
[2026/07/13 01:03:51.638 +08:00] [INFO] [syncer.go:245] ["server info sync loop exited."]
[2026/07/13 01:03:51.638 +08:00] [INFO] [wait_group_wrapper.go:150] ["background process exited"] [source=domain] [process=mdlCheckLoop]
[2026/07/13 01:03:51.638 +08:00] [INFO] [wait_group_wrapper.go:150] ["background process exited"] [source=domain] [process=infoSyncerKeeper]
[2026/07/13 01:03:51.638 +08:00] [INFO] [syncer.go:304] ["info schema sync loop exited."]
[2026/07/13 01:03:51.638 +08:00] [INFO] [wait_group_wrapper.go:150] ["background process exited"] [source=domain] [process=loadSchemaInLoop]
[2026/07/13 01:03:51.638 +08:00] [INFO] [domain.go:390] ["topNSlowQueryLoop exited."]
[2026/07/13 01:03:51.638 +08:00] [INFO] [syncer.go:379] ["topology sync loop exited."]
[2026/07/13 01:03:51.638 +08:00] [INFO] [wait_group_wrapper.go:150] ["background process exited"] [source=domain] [process=topologySyncerKeeper]
[2026/07/13 01:03:51.638 +08:00] [INFO] [manager.go:241] ["runaway watch sync loop exit"]
[2026/07/13 01:03:51.638 +08:00] [INFO] [wait_group_wrapper.go:150] ["background process exited"] [source=domain] [process=runawayWatchSyncLoop]
[2026/07/13 01:03:51.638 +08:00] [INFO] [flusher.go:89] ["flushing remaining records before stop"] [name=runaway-record]
[2026/07/13 01:03:51.638 +08:00] [INFO] [flusher.go:91] ["stopped flusher"] [name=runaway-record]
[2026/07/13 01:03:51.638 +08:00] [INFO] [flusher.go:89] ["flushing remaining records before stop"] [name=quarantine-record]
[2026/07/13 01:03:51.638 +08:00] [INFO] [flusher.go:91] ["stopped flusher"] [name=quarantine-record]
[2026/07/13 01:03:51.638 +08:00] [INFO] [flusher.go:89] ["flushing remaining records before stop"] [name=stale-quarantine-record]
[2026/07/13 01:03:51.638 +08:00] [INFO] [domain.go:978] ["closestReplicaReadCheckLoop exited."]
[2026/07/13 01:03:51.638 +08:00] [INFO] [wait_group_wrapper.go:150] ["background process exited"] [source=domain] [process=closestReplicaReadCheckLoop]
[2026/07/13 01:03:51.638 +08:00] [INFO] [domain.go:418] ["globalConfigSyncerKeeper exited."]
[2026/07/13 01:03:51.638 +08:00] [INFO] [wait_group_wrapper.go:150] ["background process exited"] [source=domain] [process=globalConfigSyncerKeeper]
[2026/07/13 01:03:51.638 +08:00] [INFO] [wait_group_wrapper.go:150] ["background process exited"] [source=domain] [process=topNSlowQueryLoop]
[2026/07/13 01:03:51.638 +08:00] [INFO] [flusher.go:91] ["stopped flusher"] [name=stale-quarantine-record]
[2026/07/13 01:03:51.638 +08:00] [INFO] [manager.go:205] ["runaway record flush loop exit"]
[2026/07/13 01:03:51.638 +08:00] [INFO] [wait_group_wrapper.go:150] ["background process exited"] [source=domain] [process=runawayRecordFlushLoop]
[2026/07/13 01:03:51.638 +08:00] [INFO] [domain.go:549] ["domain closed"] ["take time"=893µs]
[2026/07/13 01:03:51.638 +08:00] [INFO] [session.go:4595] ["bootstrap cluster finished"] [bootMode=bootstrap] [cost=290.612292ms]
[2026/07/13 01:03:51.638 +08:00] [INFO] [tidb.go:103] ["new domain"] [store=e87fe589-93d7-44e5-ab75-da9473141de2] ["ddl lease"=500ms] ["stats lease"=-1ns]
[2026/07/13 01:03:51.639 +08:00] [WARN] [global_controller.go:237] ["[resource group controller] server does not save config, load config failed"]
[2026/07/13 01:03:51.639 +08:00] [INFO] [global_controller.go:219] ["load resource controller config"] [config="{\"degraded-mode-wait-duration\":\"0s\",\"ltb-max-wait-duration\":\"30s\",\"ltb-token-rpc-max-delay\":\"1s\",\"request-unit\":{\"read-base-cost\":0.125,\"read-per-batch-base-cost\":0.5,\"read-cost-per-byte\":0.0000152587890625,\"write-base-cost\":1,\"write-per-batch-base-cost\":1,\"write-cost-per-byte\":0.0009765625,\"read-cpu-ms-cost\":0.3333333333333333},\"enable-controller-trace-log\":\"false\",\"token-rpc-params\":{\"wait-retry-interval\":\"50ms\",\"wait-retry-times\":20}}"] [ru-config="{\"ReadBaseCost\":0.125,\"ReadPerBatchBaseCost\":0.5,\"ReadBytesCost\":0.0000152587890625,\"WriteBaseCost\":1,\"WritePerBatchBaseCost\":1,\"WriteBytesCost\":0.0009765625,\"CPUMsCost\":0.3333333333333333,\"LTBMaxWaitDuration\":30000000000,\"WaitRetryInterval\":50000000,\"WaitRetryTimes\":20,\"DegradedModeWaitDuration\":0}"] [keyspace-id=4294967295]
[2026/07/13 01:03:51.643 +08:00] [INFO] [loader.go:281] ["full load InfoSchema success"] [mode=auto] [isV2=true] [currentSchemaVersion=0] [neededSchemaVersion=57] ["elapsed time"=4.180959ms]
[2026/07/13 01:03:51.643 +08:00] [INFO] [syncer.go:456] ["full load and reset schema validator"]
[2026/07/13 01:03:51.643 +08:00] [INFO] [global_controller.go:577] ["[resource group controller] create resource group cost controller"] [name=default]
[2026/07/13 01:03:51.643 +08:00] [INFO] [ddl.go:883] ["start DDL"] [category=ddl] [ID=9ef4ef6e-b7a5-4962-b227-741c2d58d0d9] [runWorker=true] [jobVersion=v2] [startMode=normal]
[2026/07/13 01:03:51.643 +08:00] [INFO] [ddl.go:858] ["start delRangeManager OK"] [category=ddl] ["is a emulator"=true]
[2026/07/13 01:03:51.644 +08:00] [INFO] [env.go:123] ["the ingest sorted directory"] [category=ddl-ingest] ["data path"=/tmp/tidb/tmp_ddl-4000]
[2026/07/13 01:03:51.644 +08:00] [WARN] [env.go:61] ["initialize environment failed"] [category=ddl-ingest] ["storage limitation"="only support TiKV storage"] ["current storage"=unistore] ["lightning is initialized"=false]
[2026/07/13 01:03:51.644 +08:00] [INFO] [wait_group_wrapper.go:141] ["background process started"] [source=domain] [process=loadSchemaInLoop]
[2026/07/13 01:03:51.644 +08:00] [INFO] [wait_group_wrapper.go:141] ["background process started"] [source=domain] [process=mdlCheckLoop]
[2026/07/13 01:03:51.644 +08:00] [INFO] [wait_group_wrapper.go:141] ["background process started"] [source=domain] [process=topNSlowQueryLoop]
[2026/07/13 01:03:51.644 +08:00] [INFO] [wait_group_wrapper.go:141] ["background process started"] [source=domain] [process=infoSyncerKeeper]
[2026/07/13 01:03:51.644 +08:00] [INFO] [wait_group_wrapper.go:141] ["background process started"] [source=domain] [process=globalConfigSyncerKeeper]
[2026/07/13 01:03:51.644 +08:00] [INFO] [wait_group_wrapper.go:141] ["background process started"] [source=domain] [process=runawayRecordFlushLoop]
[2026/07/13 01:03:51.644 +08:00] [INFO] [wait_group_wrapper.go:141] ["background process started"] [source=domain] [process=runawayWatchSyncLoop]
[2026/07/13 01:03:51.644 +08:00] [INFO] [wait_group_wrapper.go:141] ["background process started"] [source=domain] [process=requestUnitsWriterLoop]
[2026/07/13 01:03:51.644 +08:00] [INFO] [wait_group_wrapper.go:141] ["background process started"] [source=domain] [process=topologySyncerKeeper]
[2026/07/13 01:03:51.644 +08:00] [INFO] [delete_range.go:172] ["start delRange emulator"] [category=ddl]
[2026/07/13 01:03:51.644 +08:00] [INFO] [wait_group_wrapper.go:141] ["background process started"] [source=domain] [process=closestReplicaReadCheckLoop]
[2026/07/13 01:03:51.644 +08:00] [WARN] [domain.go:942] ["pd / etcd client not provided, won't begin Advancer."]
[2026/07/13 01:03:51.644 +08:00] [WARN] [sysvar_cache.go:53] ["sysvar cache is empty, triggering rebuild"]
[2026/07/13 01:03:51.644 +08:00] [INFO] [mock.go:88] ["owner manager gets owner"] [ownerKey=/tidb/ddl/fg/owner] [ID=9ef4ef6e-b7a5-4962-b227-741c2d58d0d9]
[2026/07/13 01:03:51.644 +08:00] [INFO] [wait_group_wrapper.go:150] ["background process exited"] [source=domain] [process=requestUnitsWriterLoop]
[2026/07/13 01:03:51.644 +08:00] [INFO] [job_scheduler.go:362] ["get global state and global state change"] [category=ddl] [oldState=false] [currState=false]
[2026/07/13 01:03:51.644 +08:00] [INFO] [job_scheduler.go:374] ["the owner sets owner operator value"] [category=ddl] [ownerOp=none]
[2026/07/13 01:03:51.644 +08:00] [INFO] [wait_group_wrapper.go:141] ["background process started"] [source=domain] [process=loadPrivilegeInLoop]
[2026/07/13 01:03:51.645 +08:00] [INFO] [wait_group_wrapper.go:141] ["background process started"] [source=domain] [process=LoadSysVarCacheLoop]
[2026/07/13 01:03:51.645 +08:00] [INFO] [binding_cache.go:75] ["load bindings"] [category=sql-bind] [fullLoad=true] [fromRemote=false] [cacheSizeChange=false] [hasNewBinding=false] [cacheCapacity=67108864] [cacheUsage=0] [cachedBindingNum=0] [duration=327.584µs] []
[2026/07/13 01:03:51.645 +08:00] [INFO] [wait_group_wrapper.go:141] ["background process started"] [source=domain] [process=globalBindHandleWorkerLoop]
[2026/07/13 01:03:51.645 +08:00] [INFO] [mock.go:88] ["owner manager gets owner"] [ownerKey=/tidb/bindinfo/owner] [ID=9ef4ef6e-b7a5-4962-b227-741c2d58d0d9]
[2026/07/13 01:03:51.646 +08:00] [INFO] [wait_group_wrapper.go:141] ["background process started"] [source=domain] [process=dumpFileGcChecker]
[2026/07/13 01:03:51.646 +08:00] [INFO] [domain.go:1846] ["dumpFileGcChecker started"]
[2026/07/13 01:03:51.646 +08:00] [INFO] [wait_group_wrapper.go:141] ["background process started"] [source=domain] [process=indexUsageWorker]
[2026/07/13 01:03:51.646 +08:00] [INFO] [wait_group_wrapper.go:141] ["background process started"] [source=domain] [process=quitStatsOwner]
[2026/07/13 01:03:51.646 +08:00] [INFO] [domain.go:2047] ["start load stats sub workers"] [workerCount=6]
[2026/07/13 01:03:51.646 +08:00] [INFO] [wait_group_wrapper.go:141] ["background process started"] [source=domain] [process=planCacheEvictTrigger]
[2026/07/13 01:03:51.646 +08:00] [INFO] [wait_group_wrapper.go:141] ["background process started"] [source=domain] [process=planCacheMetricsAndVars]
[2026/07/13 01:03:51.646 +08:00] [INFO] [wait_group_wrapper.go:141] ["background process started"] [source=domain] [process=readTableCostWorker]
[2026/07/13 01:03:51.646 +08:00] [INFO] [wait_group_wrapper.go:141] ["background process started"] [source=domain] [process=loadSigningCertLoop]
[2026/07/13 01:03:51.646 +08:00] [INFO] [domain.go:1203] ["initialize node resource"] [total-cpu=14] [total-mem=36GiB] [dxf-resource-limit=100] [dxf-usable-cpu=14] [dxf-usable-mem=36GiB] [total-disk=926.4GiB]
[2026/07/13 01:03:51.646 +08:00] [INFO] [mock.go:88] ["owner manager gets owner"] [ownerKey=/tidb/stats/owner] [ID=9ef4ef6e-b7a5-4962-b227-741c2d58d0d9]
[2026/07/13 01:03:51.646 +08:00] [INFO] [task_manager.go:248] ["scale ttl worker"] [ttl-worker=job-manager] [ttl-worker=9ef4ef6e-b7a5-4962-b227-741c2d58d0d9] [ttl-worker=task-manager] [ttl-worker=9ef4ef6e-b7a5-4962-b227-741c2d58d0d9] [originalCount=0] [newCount=4]
[2026/07/13 01:03:51.646 +08:00] [INFO] [wait_group_wrapper.go:141] ["background process started"] [source=domain] [process=distTaskFrameworkLoop]
[2026/07/13 01:03:51.646 +08:00] [INFO] [task_manager.go:248] ["scale ttl worker"] [ttl-worker=job-manager] [ttl-worker=9ef4ef6e-b7a5-4962-b227-741c2d58d0d9] [ttl-worker=task-manager] [ttl-worker=9ef4ef6e-b7a5-4962-b227-741c2d58d0d9] [originalCount=0] [newCount=4]
[2026/07/13 01:03:51.646 +08:00] [INFO] [rate_limiter_param.go:98] ["meta kv not found in meta store, initialized to default and persisted"] [key=maxBatchSplitRanges] [value=2048]
[2026/07/13 01:03:51.646 +08:00] [INFO] [job_manager.go:519] ["TTL leader to collect delay metrics"] [ttl-worker=job-manager] [ttl-worker=9ef4ef6e-b7a5-4962-b227-741c2d58d0d9]
[2026/07/13 01:03:51.646 +08:00] [INFO] [rate_limiter_param.go:98] ["meta kv not found in meta store, initialized to default and persisted"] [key=maxSplitRangesPerSec] [value=0]
[2026/07/13 01:03:51.646 +08:00] [INFO] [manager.go:124] ["task executor manager start"] [server-id=:4000]
[2026/07/13 01:03:51.646 +08:00] [INFO] [rate_limiter_param.go:98] ["meta kv not found in meta store, initialized to default and persisted"] [key=maxIngestInflight] [value=0]
[2026/07/13 01:03:51.646 +08:00] [INFO] [domain.go:1219] ["dist task executor manager started"]
[2026/07/13 01:03:51.646 +08:00] [INFO] [rate_limiter_param.go:98] ["meta kv not found in meta store, initialized to default and persisted"] [key=maxIngestPerSec] [value=0]
[2026/07/13 01:03:51.646 +08:00] [INFO] [session.go:5104] ["CRUCIAL OPERATION"] [conn=2] [schemaVersion=57] [cur_db=test] [sql="drop table if exists ai_outer, ai_inner"] [user=]
[2026/07/13 01:03:51.647 +08:00] [INFO] [job_manager.go:1096] ["TTL leader to DoGC"] [ttl-worker=job-manager] [ttl-worker=9ef4ef6e-b7a5-4962-b227-741c2d58d0d9]
[2026/07/13 01:03:51.647 +08:00] [INFO] [job_submitter.go:118] ["add DDL jobs"] [category=ddl] ["batch count"=1] [jobs="ID:117, Type:create table, State:queueing, SchemaState:none, SchemaID:114, TableID:116, RowCount:0, ArgLen:1, start time: 2026-07-13 01:03:51.647 +0800 CST, Err:<nil>, ErrCount:0, SnapshotVersion:0, Version: v2; "] [fast_create=true]
[2026/07/13 01:03:51.647 +08:00] [INFO] [executor.go:7260] ["DDL job submitted"] [category=ddl] [job="ID:117, Type:create table, State:queueing, SchemaState:none, SchemaID:114, TableID:116, RowCount:0, ArgLen:1, start time: 2026-07-13 01:03:51.647 +0800 CST, Err:<nil>, ErrCount:0, SnapshotVersion:0, Version: v2"] [query="create table ai_outer(k int)"]
[2026/07/13 01:03:51.647 +08:00] [INFO] [job_worker.go:854] ["run one job step"] [category=ddl] [jobID=117] [conn=2] [job="ID:117, Type:create table, State:queueing, SchemaState:none, SchemaID:114, TableID:116, RowCount:0, ArgLen:0, start time: 2026-07-13 01:03:51.647 +0800 CST, Err:<nil>, ErrCount:0, SnapshotVersion:0, Version: v2"]
[2026/07/13 01:03:51.648 +08:00] [WARN] [ddl.go:702] ["fail to notify DDL event"] [category=ddl] [event="(Event Type: create table, Table ID: 116, Table Name: ai_outer)"]
[2026/07/13 01:03:51.648 +08:00] [INFO] [loader.go:216] ["diff load InfoSchema success"] [mode=auto] [isV2=true] [currVer=57] [neededVer=58] [gotVer=58] ["elapsed time"=35µs] [phyTblIDs="[116]"] [actionTypes="[3]"] [diffTypes="[\"create table\"]"]
[2026/07/13 01:03:51.648 +08:00] [INFO] [syncer.go:281] ["mdl gets lock, update self version to owner"] [jobID=117] [version=58]
[2026/07/13 01:03:51.650 +08:00] [INFO] [schema_version.go:397] ["wait schema version synced success"] [category=ddl] [ver=58] [checkAssumedSvr=false] ["take time"=2.049375ms] [job="ID:117, Type:create table, State:done, SchemaState:public, SchemaID:114, TableID:116, RowCount:0, ArgLen:1, start time: 2026-07-13 01:03:51.647 +0800 CST, Err:<nil>, ErrCount:0, SnapshotVersion:0, Version: v2"] [summary="server count: 1"]
[2026/07/13 01:03:51.651 +08:00] [INFO] [job_worker.go:447] ["finish DDL job"] [category=ddl] [jobID=117] [conn=2] [job="ID:117, Type:create table, State:synced, SchemaState:public, SchemaID:114, TableID:116, RowCount:0, ArgLen:0, start time: 2026-07-13 01:03:51.647 +0800 CST, Err:<nil>, ErrCount:0, SnapshotVersion:0, Version: v2"]
[2026/07/13 01:03:51.651 +08:00] [INFO] [executor.go:7380] ["DDL job is finished"] [category=ddl] [jobID=117]
[2026/07/13 01:03:51.651 +08:00] [INFO] [session.go:5104] ["CRUCIAL OPERATION"] [conn=2] [schemaVersion=58] [cur_db=test] [sql="create table ai_outer(k int)"] [user=]
[2026/07/13 01:03:51.652 +08:00] [INFO] [job_submitter.go:118] ["add DDL jobs"] [category=ddl] ["batch count"=1] [jobs="ID:119, Type:create table, State:queueing, SchemaState:none, SchemaID:114, TableID:118, RowCount:0, ArgLen:1, start time: 2026-07-13 01:03:51.652 +0800 CST, Err:<nil>, ErrCount:0, SnapshotVersion:0, Version: v2; "] [fast_create=true]
[2026/07/13 01:03:51.652 +08:00] [INFO] [executor.go:7260] ["DDL job submitted"] [category=ddl] [job="ID:119, Type:create table, State:queueing, SchemaState:none, SchemaID:114, TableID:118, RowCount:0, ArgLen:1, start time: 2026-07-13 01:03:51.652 +0800 CST, Err:<nil>, ErrCount:0, SnapshotVersion:0, Version: v2"] [query="create table ai_inner(a int, b int, v int, key(a))"]
[2026/07/13 01:03:51.652 +08:00] [INFO] [job_worker.go:854] ["run one job step"] [category=ddl] [jobID=119] [conn=2] [job="ID:119, Type:create table, State:queueing, SchemaState:none, SchemaID:114, TableID:118, RowCount:0, ArgLen:0, start time: 2026-07-13 01:03:51.652 +0800 CST, Err:<nil>, ErrCount:0, SnapshotVersion:0, Version: v2"]
[2026/07/13 01:03:51.652 +08:00] [WARN] [ddl.go:702] ["fail to notify DDL event"] [category=ddl] [event="(Event Type: create table, Table ID: 118, Table Name: ai_inner)"]
[2026/07/13 01:03:51.653 +08:00] [INFO] [loader.go:216] ["diff load InfoSchema success"] [mode=auto] [isV2=true] [currVer=58] [neededVer=59] [gotVer=59] ["elapsed time"=59.542µs] [phyTblIDs="[118]"] [actionTypes="[3]"] [diffTypes="[\"create table\"]"]
[2026/07/13 01:03:51.653 +08:00] [INFO] [syncer.go:281] ["mdl gets lock, update self version to owner"] [jobID=119] [version=59]
[2026/07/13 01:03:51.655 +08:00] [INFO] [schema_version.go:397] ["wait schema version synced success"] [category=ddl] [ver=59] [checkAssumedSvr=false] ["take time"=2.149541ms] [job="ID:119, Type:create table, State:done, SchemaState:public, SchemaID:114, TableID:118, RowCount:0, ArgLen:1, start time: 2026-07-13 01:03:51.652 +0800 CST, Err:<nil>, ErrCount:0, SnapshotVersion:0, Version: v2"] [summary="server count: 1"]
[2026/07/13 01:03:51.656 +08:00] [INFO] [job_worker.go:447] ["finish DDL job"] [category=ddl] [jobID=119] [conn=2] [job="ID:119, Type:create table, State:synced, SchemaState:public, SchemaID:114, TableID:118, RowCount:0, ArgLen:0, start time: 2026-07-13 01:03:51.652 +0800 CST, Err:<nil>, ErrCount:0, SnapshotVersion:0, Version: v2"]
[2026/07/13 01:03:51.656 +08:00] [INFO] [executor.go:7380] ["DDL job is finished"] [category=ddl] [jobID=119]
[2026/07/13 01:03:51.656 +08:00] [INFO] [session.go:5104] ["CRUCIAL OPERATION"] [conn=2] [schemaVersion=59] [cur_db=test] [sql="create table ai_inner(a int, b int, v int, key(a))"] [user=]
    ai_native_indexjoin_agg_expr_test.go:49: inl rows=[[1 3 30]] plan=[[Sort 9990.00 root  test.ai_outer.k, Column#10, Column#9] [└─IndexJoin 9990.00 root  inner join, inner:Projection, outer key:test.ai_outer.k, inner key:test.ai_inner.a, equal cond:eq(test.ai_outer.k, test.ai_inner.a)] [  ├─TableReader(Build) 9990.00 root  data:Selection] [  │ └─Selection 9990.00 cop[tikv]  not(isnull(test.ai_outer.k))] [  │   └─TableFullScan 10000.00 cop[tikv] table:o keep order:false, stats:pseudo] [  └─Projection(Probe) 9990.00 root  test.ai_inner.a, plus(test.ai_inner.a, test.ai_inner.b)->Column#10, Column#9] [    └─HashAgg 9990.00 root  group by:Column#38, funcs:sum(Column#35)->Column#9, funcs:firstrow(Column#36)->test.ai_inner.a, funcs:firstrow(Column#37)->test.ai_inner.b] [      └─Projection 9990.00 root  cast(test.ai_inner.v, decimal(10,0) BINARY)->Column#35, test.ai_inner.a->Column#36, test.ai_inner.b->Column#37, plus(test.ai_inner.a, test.ai_inner.b)->Column#38] [        └─IndexLookUp 9990.00 root  ] [          ├─Selection(Build) 9990.00 cop[tikv]  not(isnull(test.ai_inner.a))] [          │ └─IndexRangeScan 10000.00 cop[tikv] table:ai_inner, index:a(a) range: decided by [eq(test.ai_inner.a, test.ai_outer.k)], keep order:false, stats:pseudo] [          └─TableRowIDScan(Probe) 9990.00 cop[tikv] table:ai_inner keep order:false, stats:pseudo]]
    ai_native_indexjoin_agg_expr_test.go:50: hash rows=[[1 3 30]] plan=[[Sort 9990.00 root  test.ai_outer.k, Column#10, Column#9] [└─HashJoin 9990.00 root  inner join, equal:[eq(test.ai_outer.k, test.ai_inner.a)]] [  ├─Projection(Build) 7992.00 root  test.ai_inner.a, plus(test.ai_inner.a, test.ai_inner.b)->Column#10, Column#9] [  │ └─HashAgg 7992.00 root  group by:Column#14, funcs:sum(Column#15)->Column#9, funcs:firstrow(Column#16)->test.ai_inner.a, funcs:firstrow(Column#17)->test.ai_inner.b] [  │   └─TableReader 7992.00 root  data:HashAgg] [  │     └─HashAgg 7992.00 cop[tikv]  group by:plus(test.ai_inner.a, test.ai_inner.b), funcs:sum(test.ai_inner.v)->Column#15, funcs:firstrow(test.ai_inner.a)->Column#16, funcs:firstrow(test.ai_inner.b)->Column#17] [  │       └─Selection 9990.00 cop[tikv]  not(isnull(test.ai_inner.a))] [  │         └─TableFullScan 10000.00 cop[tikv] table:ai_inner keep order:false, stats:pseudo] [  └─TableReader(Probe) 9990.00 root  data:Selection] [    └─Selection 9990.00 cop[tikv]  not(isnull(test.ai_outer.k))] [      └─TableFullScan 10000.00 cop[tikv] table:o keep order:false, stats:pseudo]]
[2026/07/13 01:03:51.659 +08:00] [INFO] [job_scheduler.go:268] ["scheduleLoop quit due to context canceled"] [category=ddl]
[2026/07/13 01:03:51.659 +08:00] [INFO] [mock.go:100] ["owner manager retire owner"] [ownerKey=/tidb/ddl/fg/owner] [ID=9ef4ef6e-b7a5-4962-b227-741c2d58d0d9]
[2026/07/13 01:03:51.659 +08:00] [INFO] [ddl_workerpool.go:78] ["closing workerPool"] [category=ddl]
[2026/07/13 01:03:51.659 +08:00] [INFO] [ddl_workerpool.go:78] ["closing workerPool"] [category=ddl]
[2026/07/13 01:03:51.659 +08:00] [INFO] [job_worker.go:267] ["DDL worker closed"] [category=ddl] [worker="worker 23, tp general"] ["take time"=3.75µs]
[2026/07/13 01:03:51.659 +08:00] [INFO] [job_worker.go:267] ["DDL worker closed"] [category=ddl] [worker="worker 24, tp general"] ["take time"=1.541µs]
[2026/07/13 01:03:51.659 +08:00] [INFO] [mock.go:112] ["owner manager is canceled"] [ownerKey=/tidb/ddl/fg/owner] [ID=9ef4ef6e-b7a5-4962-b227-741c2d58d0d9]
[2026/07/13 01:03:51.659 +08:00] [INFO] [delete_range.go:162] ["closing delRange"] [category=ddl]
[2026/07/13 01:03:51.659 +08:00] [INFO] [session_pool.go:133] ["closing session pool"] [category=ddl]
[2026/07/13 01:03:51.659 +08:00] [INFO] [ddl.go:1159] ["DDL closed"] [category=ddl] [ID=9ef4ef6e-b7a5-4962-b227-741c2d58d0d9] ["take time"=116.375µs]
[2026/07/13 01:03:51.659 +08:00] [INFO] [ddl.go:850] ["stop DDL"] [category=ddl] [ID=9ef4ef6e-b7a5-4962-b227-741c2d58d0d9]
[2026/07/13 01:03:51.659 +08:00] [INFO] [domain.go:483] ["stopping ttlJobManager"]
[2026/07/13 01:03:51.659 +08:00] [INFO] [task_manager.go:225] ["shrink ttl worker"] [ttl-worker=job-manager] [ttl-worker=9ef4ef6e-b7a5-4962-b227-741c2d58d0d9] [ttl-worker=task-manager] [ttl-worker=9ef4ef6e-b7a5-4962-b227-741c2d58d0d9] [originalCount=4] [newCount=0]
[2026/07/13 01:03:51.659 +08:00] [INFO] [scan.go:379] ["ttlScanWorker loop exited."]
[2026/07/13 01:03:51.659 +08:00] [INFO] [scan.go:379] ["ttlScanWorker loop exited."]
[2026/07/13 01:03:51.659 +08:00] [INFO] [scan.go:379] ["ttlScanWorker loop exited."]
[2026/07/13 01:03:51.659 +08:00] [INFO] [scan.go:379] ["ttlScanWorker loop exited."]
[2026/07/13 01:03:51.659 +08:00] [INFO] [task_manager.go:225] ["shrink ttl worker"] [ttl-worker=job-manager] [ttl-worker=9ef4ef6e-b7a5-4962-b227-741c2d58d0d9] [ttl-worker=task-manager] [ttl-worker=9ef4ef6e-b7a5-4962-b227-741c2d58d0d9] [originalCount=4] [newCount=0]
[2026/07/13 01:03:51.659 +08:00] [INFO] [del.go:344] ["ttlDeleteWorker loop exited."]
[2026/07/13 01:03:51.659 +08:00] [INFO] [del.go:344] ["ttlDeleteWorker loop exited."]
[2026/07/13 01:03:51.659 +08:00] [INFO] [del.go:344] ["ttlDeleteWorker loop exited."]
[2026/07/13 01:03:51.659 +08:00] [INFO] [del.go:344] ["ttlDeleteWorker loop exited."]
[2026/07/13 01:03:51.659 +08:00] [INFO] [job_manager.go:183] ["ttlJobManager loop exited."] [ttl-worker=job-manager] [ttl-worker=9ef4ef6e-b7a5-4962-b227-741c2d58d0d9]
[2026/07/13 01:03:51.659 +08:00] [INFO] [job_manager.go:168] ["ttlJobManager loop exited."] [ttl-worker=job-manager] [ttl-worker=9ef4ef6e-b7a5-4962-b227-741c2d58d0d9]
[2026/07/13 01:03:51.659 +08:00] [INFO] [domain.go:494] ["ttlJobManager exited."]
[2026/07/13 01:03:51.659 +08:00] [INFO] [manager.go:285] ["recoverMetaLoop done"] [server-id=:4000]
[2026/07/13 01:03:51.659 +08:00] [INFO] [domain.go:1221] ["stopping dist task executor manager"]
[2026/07/13 01:03:51.659 +08:00] [INFO] [wait_group_wrapper.go:150] ["background process exited"] [source=domain] [process=loadSigningCertLoop]
[2026/07/13 01:03:51.659 +08:00] [INFO] [domain.go:2903] ["planCacheMetricsAndVars exited."]
[2026/07/13 01:03:51.659 +08:00] [INFO] [wait_group_wrapper.go:150] ["background process exited"] [source=domain] [process=planCacheMetricsAndVars]
[2026/07/13 01:03:51.659 +08:00] [INFO] [stats_syncload.go:255] ["SubLoadWorker: exits now because the domain is closed."] [category=stats]
[2026/07/13 01:03:51.660 +08:00] [INFO] [stats_syncload.go:245] ["SubLoadWorker: exited."] [category=stats]
[2026/07/13 01:03:51.660 +08:00] [INFO] [syncer.go:379] ["topology sync loop exited."]
[2026/07/13 01:03:51.660 +08:00] [INFO] [wait_group_wrapper.go:150] ["background process exited"] [source=domain] [process=topologySyncerKeeper]
[2026/07/13 01:03:51.660 +08:00] [INFO] [wait_group_wrapper.go:150] ["background process exited"] [source=domain] [process=mdlCheckLoop]
[2026/07/13 01:03:51.660 +08:00] [INFO] [manager.go:241] ["runaway watch sync loop exit"]
[2026/07/13 01:03:51.660 +08:00] [INFO] [wait_group_wrapper.go:150] ["background process exited"] [source=domain] [process=runawayWatchSyncLoop]
[2026/07/13 01:03:51.660 +08:00] [INFO] [mock.go:100] ["owner manager retire owner"] [ownerKey=/tidb/stats/owner] [ID=9ef4ef6e-b7a5-4962-b227-741c2d58d0d9]
[2026/07/13 01:03:51.660 +08:00] [INFO] [domain.go:418] ["globalConfigSyncerKeeper exited."]
[2026/07/13 01:03:51.660 +08:00] [INFO] [wait_group_wrapper.go:150] ["background process exited"] [source=domain] [process=globalConfigSyncerKeeper]
[2026/07/13 01:03:51.660 +08:00] [INFO] [mock.go:112] ["owner manager is canceled"] [ownerKey=/tidb/stats/owner] [ID=9ef4ef6e-b7a5-4962-b227-741c2d58d0d9]
[2026/07/13 01:03:51.660 +08:00] [INFO] [wait_group_wrapper.go:150] ["background process exited"] [source=domain] [process=quitStatsOwner]
[2026/07/13 01:03:51.660 +08:00] [INFO] [flusher.go:89] ["flushing remaining records before stop"] [name=runaway-record]
[2026/07/13 01:03:51.660 +08:00] [INFO] [manager.go:157] ["handle tasks loop done"] [server-id=:4000]
[2026/07/13 01:03:51.660 +08:00] [INFO] [stats_syncload.go:255] ["SubLoadWorker: exits now because the domain is closed."] [category=stats]
[2026/07/13 01:03:51.660 +08:00] [INFO] [flusher.go:91] ["stopped flusher"] [name=runaway-record]
[2026/07/13 01:03:51.660 +08:00] [INFO] [stats_syncload.go:255] ["SubLoadWorker: exits now because the domain is closed."] [category=stats]
[2026/07/13 01:03:51.660 +08:00] [INFO] [domain.go:2978] ["readTableCostWorker exited."]
[2026/07/13 01:03:51.660 +08:00] [INFO] [syncer.go:304] ["info schema sync loop exited."]
[2026/07/13 01:03:51.660 +08:00] [INFO] [domain.go:1392] ["loadPrivilegeInLoop exited."]
[2026/07/13 01:03:51.660 +08:00] [INFO] [domain.go:2163] ["indexUsageWorker exited."]
[2026/07/13 01:03:51.660 +08:00] [INFO] [wait_group_wrapper.go:150] ["background process exited"] [source=domain] [process=loadPrivilegeInLoop]
[2026/07/13 01:03:51.660 +08:00] [INFO] [domain.go:2934] ["planCacheEvictTrigger exited."]
[2026/07/13 01:03:51.660 +08:00] [INFO] [stats_syncload.go:255] ["SubLoadWorker: exits now because the domain is closed."] [category=stats]
[2026/07/13 01:03:51.660 +08:00] [INFO] [wait_group_wrapper.go:150] ["background process exited"] [source=domain] [process=planCacheEvictTrigger]
[2026/07/13 01:03:51.660 +08:00] [INFO] [stats_syncload.go:245] ["SubLoadWorker: exited."] [category=stats]
[2026/07/13 01:03:51.660 +08:00] [INFO] [stats_syncload.go:255] ["SubLoadWorker: exits now because the domain is closed."] [category=stats]
[2026/07/13 01:03:51.660 +08:00] [INFO] [stats_syncload.go:255] ["SubLoadWorker: exits now because the domain is closed."] [category=stats]
[2026/07/13 01:03:51.660 +08:00] [INFO] [stats_syncload.go:245] ["SubLoadWorker: exited."] [category=stats]
[2026/07/13 01:03:51.660 +08:00] [INFO] [stats_syncload.go:245] ["SubLoadWorker: exited."] [category=stats]
[2026/07/13 01:03:51.660 +08:00] [INFO] [wait_group_wrapper.go:150] ["background process exited"] [source=domain] [process=indexUsageWorker]
[2026/07/13 01:03:51.660 +08:00] [INFO] [domain.go:978] ["closestReplicaReadCheckLoop exited."]
[2026/07/13 01:03:51.660 +08:00] [INFO] [wait_group_wrapper.go:150] ["background process exited"] [source=domain] [process=closestReplicaReadCheckLoop]
[2026/07/13 01:03:51.660 +08:00] [INFO] [flusher.go:89] ["flushing remaining records before stop"] [name=quarantine-record]
[2026/07/13 01:03:51.660 +08:00] [INFO] [flusher.go:91] ["stopped flusher"] [name=quarantine-record]
[2026/07/13 01:03:51.660 +08:00] [INFO] [flusher.go:89] ["flushing remaining records before stop"] [name=stale-quarantine-record]
[2026/07/13 01:03:51.660 +08:00] [INFO] [flusher.go:91] ["stopped flusher"] [name=stale-quarantine-record]
[2026/07/13 01:03:51.660 +08:00] [INFO] [manager.go:205] ["runaway record flush loop exit"]
[2026/07/13 01:03:51.660 +08:00] [INFO] [wait_group_wrapper.go:150] ["background process exited"] [source=domain] [process=runawayRecordFlushLoop]
[2026/07/13 01:03:51.660 +08:00] [INFO] [mock.go:100] ["owner manager retire owner"] [ownerKey=/tidb/bindinfo/owner] [ID=9ef4ef6e-b7a5-4962-b227-741c2d58d0d9]
[2026/07/13 01:03:51.660 +08:00] [INFO] [syncer.go:245] ["server info sync loop exited."]
[2026/07/13 01:03:51.660 +08:00] [INFO] [domain.go:1223] ["dist task executor manager stopped"]
[2026/07/13 01:03:51.660 +08:00] [INFO] [wait_group_wrapper.go:150] ["background process exited"] [source=domain] [process=infoSyncerKeeper]
[2026/07/13 01:03:51.660 +08:00] [INFO] [domain.go:390] ["topNSlowQueryLoop exited."]
[2026/07/13 01:03:51.660 +08:00] [INFO] [stats_syncload.go:245] ["SubLoadWorker: exited."] [category=stats]
[2026/07/13 01:03:51.660 +08:00] [INFO] [domain.go:1466] ["LoadSysVarCacheLoop exited."]
[2026/07/13 01:03:51.660 +08:00] [INFO] [wait_group_wrapper.go:150] ["background process exited"] [source=domain] [process=topNSlowQueryLoop]
[2026/07/13 01:03:51.660 +08:00] [INFO] [stats_syncload.go:245] ["SubLoadWorker: exited."] [category=stats]
[2026/07/13 01:03:51.660 +08:00] [INFO] [wait_group_wrapper.go:150] ["background process exited"] [source=domain] [process=readTableCostWorker]
[2026/07/13 01:03:51.660 +08:00] [INFO] [domain.go:1850] ["dumpFileGcChecker exited."]
[2026/07/13 01:03:51.660 +08:00] [INFO] [wait_group_wrapper.go:150] ["background process exited"] [source=domain] [process=dumpFileGcChecker]
[2026/07/13 01:03:51.660 +08:00] [INFO] [wait_group_wrapper.go:150] ["background process exited"] [source=domain] [process=distTaskFrameworkLoop]
[2026/07/13 01:03:51.660 +08:00] [INFO] [wait_group_wrapper.go:150] ["background process exited"] [source=domain] [process=LoadSysVarCacheLoop]
[2026/07/13 01:03:51.660 +08:00] [INFO] [wait_group_wrapper.go:150] ["background process exited"] [source=domain] [process=loadSchemaInLoop]
[2026/07/13 01:03:51.660 +08:00] [INFO] [mock.go:112] ["owner manager is canceled"] [ownerKey=/tidb/bindinfo/owner] [ID=9ef4ef6e-b7a5-4962-b227-741c2d58d0d9]
[2026/07/13 01:03:51.660 +08:00] [INFO] [domain.go:1605] ["globalBindHandleWorkerLoop exited."]
[2026/07/13 01:03:51.660 +08:00] [INFO] [wait_group_wrapper.go:150] ["background process exited"] [source=domain] [process=globalBindHandleWorkerLoop]
[2026/07/13 01:03:51.660 +08:00] [INFO] [domain.go:549] ["domain closed"] ["take time"=1.088417ms]
[2026/07/13 01:03:51.665 +08:00] [INFO] [db.go:567] ["Closing database"]
[2026/07/13 01:03:51.665 +08:00] [INFO] [db.go:592] ["Memtable flushed"]
[2026/07/13 01:03:51.665 +08:00] [INFO] [db.go:596] ["Compaction finished"]
[2026/07/13 01:03:51.665 +08:00] [INFO] [db.go:615] ["BlobManager finished"]
[2026/07/13 01:03:51.665 +08:00] [INFO] [db.go:619] ["ResourceManager finished"]
[2026/07/13 01:03:51.665 +08:00] [INFO] [db.go:625] ["Waiting for closer"]
--- PASS: TestAINativeIndexJoinInnerAggExpressionGroupSplit (0.75s)
    --- PASS: TestAINativeIndexJoinInnerAggExpressionGroupSplit/off (0.41s)
    --- PASS: TestAINativeIndexJoinInnerAggExpressionGroupSplit/on (0.34s)
PASS
ok  	github.com/pingcap/tidb/pkg/planner/core	1.957s
