=== RUN   TestAINativeNextGenImportConcurrentDMLWriteFence
    testkit.go:257: create realtikv store with keyspace: SYSTEM
[2026/07/25 09:31:55.557 +08:00] [INFO] [service_discovery.go:1011] ["[pd] update member urls"] [old-sorted-urls="[http://127.0.0.1:12379]"] [new-sorted-urls="[http://192.168.124.17:12379]"]
[2026/07/25 09:31:55.558 +08:00] [INFO] [service_discovery.go:1030] ["[pd] switch leader"] [new-leader=http://192.168.124.17:12379] [old-leader=]
[2026/07/25 09:31:55.558 +08:00] [INFO] [service_discovery.go:509] ["[pd] init cluster id"] [cluster-id=7666268769414273286]
[2026/07/25 09:31:55.561 +08:00] [INFO] [client.go:214] ["[tso] switch the tso leader serving url"] [new-url=http://192.168.124.17:12379]
[2026/07/25 09:31:55.561 +08:00] [INFO] [inner_client.go:173] ["[pd] tso provider changed to pd"]
[2026/07/25 09:31:55.561 +08:00] [INFO] [watcher.go:56] ["[pd] start the deadline watcher"] [source=tso]
[2026/07/25 09:31:55.561 +08:00] [INFO] [client.go:251] ["[tso] start tso connection contexts updater"]
[2026/07/25 09:31:55.561 +08:00] [INFO] [dispatcher.go:146] ["[tso] tso dispatcher created"]
[2026/07/25 09:31:55.561 +08:00] [INFO] [dispatcher.go:598] ["[tso] switching tso rpc concurrency"] [old=0] [new=1]
[2026/07/25 09:31:55.561 +08:00] [INFO] [inner_client.go:154] ["[pd] service mode changed"] [new-mode=PD_SVC_MODE]
[2026/07/25 09:31:55.561 +08:00] [INFO] [router_service_discovery.go:162] ["[router service] created router service discovery"] [cluster-id=7666268769414273286] [keyspace-id=16777214] [default-discovery-key=/ms/7666268769414273286/router/registry/]
[2026/07/25 09:31:55.561 +08:00] [INFO] [router_service_discovery.go:174] ["[router service] initializing router service discovery"] [max-retry-times=100] [retry-interval=1s]
[2026/07/25 09:31:55.563 +08:00] [INFO] [router_service_discovery.go:260] ["[router service] update member sorted urls"] [new-sorted-urls="[]"]
[2026/07/25 09:31:55.563 +08:00] [INFO] [router_service_discovery.go:245] ["[router service] updating nodes succeeded"] [urls="[]"] [clients-length=0]
[2026/07/25 09:31:55.563 +08:00] [INFO] [client.go:407] ["[pd] create pd client with endpoints and keyspace"] [pd-address="[127.0.0.1:12379]"] [keyspace-name=SYSTEM] [keyspace-id=16777214]
[2026/07/25 09:31:55.563 +08:00] [INFO] [client.go:424] ["[router] connection daemon is started"]
[2026/07/25 09:31:55.563 +08:00] [INFO] [tikv_driver.go:197] ["using API V2."] [keyspaceName=SYSTEM]
[2026/07/25 09:31:55.563 +08:00] [INFO] [client.go:585] ["[router] dispatcher is started"]
[2026/07/25 09:31:55.563 +08:00] [INFO] [client.go:509] ["[router] successfully established the leader router stream connection"] [url=http://192.168.124.17:12379]
[2026/07/25 09:31:55.563 +08:00] [INFO] [inner_client.go:91] ["[pd] start router client initializer"]
[2026/07/25 09:31:55.565 +08:00] [INFO] [metamanager.go:130] ["get default keyspace meta service group info "] [group-info="{\"GroupID\":\"0\",\"Addrs\":[\"192.168.124.17:12379\"]}"]
[2026/07/25 09:31:55.565 +08:00] [INFO] [metamanager.go:158] ["return keyspace meta service group info"] [meta-service-info="{\"PDAddrs\":[\"192.168.124.17:12379\"],\"Group\":{\"GroupID\":\"0\",\"Addrs\":[\"192.168.124.17:12379\"]}}"]
[2026/07/25 09:31:55.571 +08:00] [INFO] [store_cache.go:572] ["change store resolve state"] [store=1] [addr=127.0.0.1:30160] [from=unresolved] [to=resolved] [liveness-state=reachable]
[2026/07/25 09:31:55.577 +08:00] [INFO] [session.go:4452] ["cluster already bootstrapped"] [version=283]
[2026/07/25 09:31:55.578 +08:00] [INFO] [tidb.go:103] ["new domain"] [store=tikv-7666268769414273286/SYSTEM] ["ddl lease"=500ms] ["stats lease"=3s]
[2026/07/25 09:31:55.589 +08:00] [INFO] [info.go:279] ["init TiFlashReplicaManager"]
[2026/07/25 09:31:55.595 +08:00] [INFO] [domain.go:2708] [acquireServerID] [serverID=1102] ["lease id"=27db9f96d9e2a3ea]
[2026/07/25 09:31:55.596 +08:00] [INFO] [global_controller.go:219] ["load resource controller config"] [config="{\"degraded-mode-wait-duration\":\"0s\",\"ltb-max-wait-duration\":\"30s\",\"ltb-token-rpc-max-delay\":\"1s\",\"request-unit\":{\"read-base-cost\":0.125,\"read-per-batch-base-cost\":0.5,\"read-cost-per-byte\":0.0000152587890625,\"write-base-cost\":1,\"write-per-batch-base-cost\":1,\"write-cost-per-byte\":0.0009765625,\"read-cpu-ms-cost\":0.3333333333333333},\"enable-controller-trace-log\":\"false\",\"token-rpc-params\":{\"wait-retry-interval\":\"50ms\",\"wait-retry-times\":20}}"] [ru-config="{\"ReadBaseCost\":0.125,\"ReadPerBatchBaseCost\":0.5,\"ReadBytesCost\":0.0000152587890625,\"WriteBaseCost\":1,\"WritePerBatchBaseCost\":1,\"WriteBytesCost\":0.0009765625,\"CPUMsCost\":0.3333333333333333,\"LTBMaxWaitDuration\":30000000000,\"WaitRetryInterval\":50000000,\"WaitRetryTimes\":20,\"DegradedModeWaitDuration\":0}"] [keyspace-id=16777214]
[2026/07/25 09:31:55.605 +08:00] [INFO] [loader.go:281] ["full load InfoSchema success"] [mode=auto] [isV2=true] [currentSchemaVersion=0] [neededSchemaVersion=3] ["elapsed time"=7.248125ms]
[2026/07/25 09:31:55.605 +08:00] [INFO] [syncer.go:456] ["full load and reset schema validator"]
[2026/07/25 09:31:55.609 +08:00] [INFO] [ddl.go:1157] ["DDL closed"] [category=ddl] [ID=9230469f-6edf-4ce2-9fc7-ec4dd2c6b644] ["take time"=587.458µs]
[2026/07/25 09:31:55.609 +08:00] [INFO] [ddl.go:848] ["stop DDL"] [category=ddl] [ID=9230469f-6edf-4ce2-9fc7-ec4dd2c6b644]
[2026/07/25 09:31:55.611 +08:00] [INFO] [domain.go:2733] ["releaseServerID succeed"] [serverID=1102] [leaseID=2872064657628242922]
[2026/07/25 09:31:55.611 +08:00] [WARN] [meta_storage_client.go:165] ["watch stream closed"] [error="rpc error: code = Canceled desc = context canceled"]
[2026/07/25 09:31:55.611 +08:00] [WARN] [meta_storage_client.go:165] ["watch stream closed"] [error="rpc error: code = Canceled desc = context canceled"]
[2026/07/25 09:31:55.612 +08:00] [INFO] [domain.go:550] ["domain closed"] ["take time"=3.692834ms]
[2026/07/25 09:31:55.612 +08:00] [INFO] [tidb.go:103] ["new domain"] [store=tikv-7666268769414273286/SYSTEM] ["ddl lease"=500ms] ["stats lease"=3s]
[2026/07/25 09:31:55.615 +08:00] [INFO] [info.go:279] ["init TiFlashReplicaManager"]
[2026/07/25 09:31:55.618 +08:00] [INFO] [domain.go:2708] [acquireServerID] [serverID=1303] ["lease id"=27db9f96d9e2a403]
[2026/07/25 09:31:55.619 +08:00] [INFO] [global_controller.go:219] ["load resource controller config"] [config="{\"degraded-mode-wait-duration\":\"0s\",\"ltb-max-wait-duration\":\"30s\",\"ltb-token-rpc-max-delay\":\"1s\",\"request-unit\":{\"read-base-cost\":0.125,\"read-per-batch-base-cost\":0.5,\"read-cost-per-byte\":0.0000152587890625,\"write-base-cost\":1,\"write-per-batch-base-cost\":1,\"write-cost-per-byte\":0.0009765625,\"read-cpu-ms-cost\":0.3333333333333333},\"enable-controller-trace-log\":\"false\",\"token-rpc-params\":{\"wait-retry-interval\":\"50ms\",\"wait-retry-times\":20}}"] [ru-config="{\"ReadBaseCost\":0.125,\"ReadPerBatchBaseCost\":0.5,\"ReadBytesCost\":0.0000152587890625,\"WriteBaseCost\":1,\"WritePerBatchBaseCost\":1,\"WriteBytesCost\":0.0009765625,\"CPUMsCost\":0.3333333333333333,\"LTBMaxWaitDuration\":30000000000,\"WaitRetryInterval\":50000000,\"WaitRetryTimes\":20,\"DegradedModeWaitDuration\":0}"] [keyspace-id=16777214]
[2026/07/25 09:31:55.627 +08:00] [INFO] [loader.go:281] ["full load InfoSchema success"] [mode=auto] [isV2=true] [currentSchemaVersion=0] [neededSchemaVersion=3] ["elapsed time"=6.502125ms]
[2026/07/25 09:31:55.627 +08:00] [INFO] [syncer.go:456] ["full load and reset schema validator"]
[2026/07/25 09:31:55.627 +08:00] [INFO] [ddl.go:881] ["start DDL"] [category=ddl] [ID=9230469f-6edf-4ce2-9fc7-ec4dd2c6b644] [runWorker=true] [jobVersion=v2] [startMode=normal]
[2026/07/25 09:31:55.627 +08:00] [INFO] [ddl.go:856] ["start delRangeManager OK"] [category=ddl] ["is a emulator"=false]
[2026/07/25 09:31:55.629 +08:00] [INFO] [manager.go:289] ["start campaign owner"] [key=/tidb/ddl/fg/owner] [id=9230469f-6edf-4ce2-9fc7-ec4dd2c6b644]
[2026/07/25 09:31:55.630 +08:00] [INFO] [env.go:123] ["the ingest sorted directory"] [category=ddl-ingest] ["data path"=/tmp/tidb/tmp_ddl-4001]
[2026/07/25 09:31:55.630 +08:00] [WARN] [env.go:84] ["ingest backfill may not be available"] [category=ddl-ingest] [error="the available disk space(7563497472) in /tmp/tidb/tmp_ddl-4001 should be greater than @@tidb_ddl_disk_quota(107374182400)"] [errorVerbose="the available disk space(7563497472) in /tmp/tidb/tmp_ddl-4001 should be greater than @@tidb_ddl_disk_quota(107374182400)\ngithub.com/pingcap/tidb/pkg/ddl/ingest.(*diskRootImpl).StartupCheck\n\t/Users/bba/pc/tidb-ai-critical-scan/pkg/ddl/ingest/disk_root.go:191\ngithub.com/pingcap/tidb/pkg/ddl/ingest.InitGlobalLightningEnv\n\t/Users/bba/pc/tidb-ai-critical-scan/pkg/ddl/ingest/env.go:82\ngithub.com/pingcap/tidb/pkg/ddl.(*ddl).Start\n\t/Users/bba/pc/tidb-ai-critical-scan/pkg/ddl/ddl.go:942\ngithub.com/pingcap/tidb/pkg/domain.(*Domain).Start\n\t/Users/bba/pc/tidb-ai-critical-scan/pkg/domain/domain.go:809\ngithub.com/pingcap/tidb/pkg/session.bootstrapSessionImpl\n\t/Users/bba/pc/tidb-ai-critical-scan/pkg/session/session.go:4517\ngithub.com/pingcap/tidb/pkg/session.BootstrapSession\n\t/Users/bba/pc/tidb-ai-critical-scan/pkg/session/session.go:4387\ngithub.com/pingcap/tidb/tests/realtikvtest.CreateMockStoreAndDomainAndSetup\n\t/Users/bba/pc/tidb-ai-critical-scan/tests/realtikvtest/testkit.go:298\ngithub.com/pingcap/tidb/tests/realtikvtest.PrepareForCrossKSTestWithNewCollation\n\t/Users/bba/pc/tidb-ai-critical-scan/tests/realtikvtest/testkit.go:215\ngithub.com/pingcap/tidb/tests/realtikvtest.PrepareForCrossKSTest\n\t/Users/bba/pc/tidb-ai-critical-scan/tests/realtikvtest/testkit.go:180\ngithub.com/pingcap/tidb/tests/realtikvtest/importintotest3.TestAINativeNextGenImportConcurrentDMLWriteFence\n\t/Users/bba/pc/tidb-ai-critical-scan/tests/realtikvtest/importintotest3/ai_native_import_dml_write_fence_test.go:55\ntesting.tRunner\n\t/Users/bba/.gvm/pkgsets/go1.25.1/global/pkg/mod/golang.org/toolchain@v0.0.1-go1.25.10.darwin-arm64/src/testing/testing.go:1934\nruntime.goexit\n\t/Users/bba/.gvm/pkgsets/go1.25.1/global/pkg/mod/golang.org/toolchain@v0.0.1-go1.25.10.darwin-arm64/src/runtime/asm_arm64.s:1268"]
[2026/07/25 09:31:55.631 +08:00] [INFO] [env.go:88] ["init global ingest backend environment finished"] [category=ddl-ingest] ["memory limitation"=19327352832] ["disk usage info"="disk usage: 987099086848/994662584320, backend usage: 0"] ["max open file number"=138240] ["lightning is initialized"=true]
[2026/07/25 09:31:55.631 +08:00] [INFO] [wait_group_wrapper.go:141] ["background process started"] [source=domain] [process=loadSchemaInLoop]
[2026/07/25 09:31:55.631 +08:00] [INFO] [wait_group_wrapper.go:141] ["background process started"] [source=domain] [process=mdlCheckLoop]
[2026/07/25 09:31:55.631 +08:00] [INFO] [wait_group_wrapper.go:141] ["background process started"] [source=domain] [process=topNSlowQueryLoop]
[2026/07/25 09:31:55.631 +08:00] [INFO] [wait_group_wrapper.go:141] ["background process started"] [source=domain] [process=infoSyncerKeeper]
[2026/07/25 09:31:55.631 +08:00] [INFO] [wait_group_wrapper.go:141] ["background process started"] [source=domain] [process=globalConfigSyncerKeeper]
[2026/07/25 09:31:55.631 +08:00] [INFO] [wait_group_wrapper.go:141] ["background process started"] [source=domain] [process=runawayRecordFlushLoop]
[2026/07/25 09:31:55.631 +08:00] [INFO] [wait_group_wrapper.go:141] ["background process started"] [source=domain] [process=runawayWatchSyncLoop]
[2026/07/25 09:31:55.631 +08:00] [INFO] [wait_group_wrapper.go:141] ["background process started"] [source=domain] [process=requestUnitsWriterLoop]
[2026/07/25 09:31:55.631 +08:00] [INFO] [wait_group_wrapper.go:141] ["background process started"] [source=domain] [process=topologySyncerKeeper]
[2026/07/25 09:31:55.631 +08:00] [INFO] [wait_group_wrapper.go:141] ["background process started"] [source=domain] [process=closestReplicaReadCheckLoop]
[2026/07/25 09:31:55.631 +08:00] [INFO] [wait_group_wrapper.go:150] ["background process exited"] [source=domain] [process=requestUnitsWriterLoop]
[2026/07/25 09:31:55.631 +08:00] [INFO] [owner_daemon.go:70] ["begin advancer daemon"] [daemon-id=LogBackup::Advancer]
[2026/07/25 09:31:55.631 +08:00] [INFO] [manager.go:289] ["start campaign owner"] [key=/tidb/br-stream/owner] [id=3e938807-fbda-4cef-b531-a152b59b91bf]
[2026/07/25 09:31:55.631 +08:00] [INFO] [manager.go:527] ["get owner"] [key=/tidb/ddl/fg/owner] ["owner key"=/tidb/ddl/fg/owner/27db9f96d9e2a40d] [ownerID=9230469f-6edf-4ce2-9fc7-ec4dd2c6b644]
[2026/07/25 09:31:55.631 +08:00] [INFO] [manager.go:324] ["become owner"] [key=/tidb/ddl/fg/owner] [id=9230469f-6edf-4ce2-9fc7-ec4dd2c6b644]
[2026/07/25 09:31:55.631 +08:00] [INFO] [manager.go:616] ["watching owner key"] [key=/tidb/ddl/fg/owner] [id=9230469f-6edf-4ce2-9fc7-ec4dd2c6b644] [ownerKey=/tidb/ddl/fg/owner/27db9f96d9e2a40d] [currRev=702]
[2026/07/25 09:31:55.632 +08:00] [INFO] [job_scheduler.go:363] ["get global state and global state change"] [category=ddl] [oldState=false] [currState=false]
[2026/07/25 09:31:55.632 +08:00] [INFO] [manager.go:561] ["set owner op is the same as the original, so do nothing."] [key=/tidb/ddl/fg/owner] [id=9230469f-6edf-4ce2-9fc7-ec4dd2c6b644] [op=none]
[2026/07/25 09:31:55.632 +08:00] [INFO] [job_scheduler.go:375] ["the owner sets owner operator value"] [category=ddl] [ownerOp=none]
[2026/07/25 09:31:55.633 +08:00] [INFO] [wait_group_wrapper.go:141] ["background process started"] [source=domain] [process=logBackupAdvancer]
[2026/07/25 09:31:55.633 +08:00] [INFO] [wait_group_wrapper.go:141] ["background process started"] [source=domain] [process=crossKSSessMgrGCLoop]
[2026/07/25 09:31:55.633 +08:00] [INFO] [owner_daemon.go:81] ["begin running daemon"] [id=3e938807-fbda-4cef-b531-a152b59b91bf] [daemon-id=LogBackup::Advancer]
[2026/07/25 09:31:55.633 +08:00] [INFO] [manager.go:527] ["get owner"] [key=/tidb/br-stream/owner] ["owner key"=/tidb/br-stream/owner/27db9f96d9e2a412] [ownerID=3e938807-fbda-4cef-b531-a152b59b91bf]
[2026/07/25 09:31:55.633 +08:00] [INFO] [manager.go:324] ["become owner"] [key=/tidb/br-stream/owner] [id=3e938807-fbda-4cef-b531-a152b59b91bf]
[2026/07/25 09:31:55.633 +08:00] [INFO] [manager.go:616] ["watching owner key"] [key=/tidb/br-stream/owner] [id=3e938807-fbda-4cef-b531-a152b59b91bf] [ownerKey=/tidb/br-stream/owner/27db9f96d9e2a412] [currRev=703]
[2026/07/25 09:31:55.633 +08:00] [WARN] [sysvar_cache.go:53] ["sysvar cache is empty, triggering rebuild"]
[2026/07/25 09:31:55.633 +08:00] [WARN] [global_controller.go:850] ["[resource group controller] resource group name does not exist"] [name=default]
[2026/07/25 09:31:55.635 +08:00] [INFO] [sysvar.go:3400] ["set resource control"] [enable=true]
[2026/07/25 09:31:55.635 +08:00] [INFO] [client.go:434] ["[router] follower handle status changed"] [enable=true]
[2026/07/25 09:31:55.635 +08:00] [INFO] [client.go:542] ["[router] successfully established the router stream connection"] [url=http://127.0.0.1:12379]
[2026/07/25 09:31:55.635 +08:00] [INFO] [inner_client.go:103] ["[pd] notified to disable the router client"]
[2026/07/25 09:31:55.635 +08:00] [INFO] [client.go:325] ["[router] closing router client"]
[2026/07/25 09:31:55.635 +08:00] [INFO] [client.go:606] ["[router] stop fetching the pending router requests due to context canceled"]
[2026/07/25 09:31:55.635 +08:00] [INFO] [client.go:587] ["[router] dispatcher is exiting"]
[2026/07/25 09:31:55.635 +08:00] [INFO] [client.go:592] ["[router] dispatcher exited"]
[2026/07/25 09:31:55.635 +08:00] [INFO] [client.go:430] ["[router] connection daemon is exiting"]
[2026/07/25 09:31:55.635 +08:00] [INFO] [client.go:330] ["[router] router client is closed"]
[2026/07/25 09:31:55.636 +08:00] [INFO] [global_controller.go:586] ["[resource group controller] create resource group cost controller"] [name=default]
[2026/07/25 09:31:55.636 +08:00] [INFO] [wait_group_wrapper.go:141] ["background process started"] [source=domain] [process=loadPrivilegeInLoop]
[2026/07/25 09:31:55.637 +08:00] [INFO] [wait_group_wrapper.go:141] ["background process started"] [source=domain] [process=LoadSysVarCacheLoop]
[2026/07/25 09:31:55.641 +08:00] [INFO] [binding_cache.go:75] ["load bindings"] [category=sql-bind] [fullLoad=true] [fromRemote=false] [cacheSizeChange=false] [hasNewBinding=false] [cacheCapacity=67108864] [cacheUsage=0] [cachedBindingNum=0] [duration=1.992209ms] []
[2026/07/25 09:31:55.641 +08:00] [INFO] [manager.go:289] ["start campaign owner"] [key=/tidb/bindinfo/owner] [id=9230469f-6edf-4ce2-9fc7-ec4dd2c6b644]
[2026/07/25 09:31:55.641 +08:00] [INFO] [wait_group_wrapper.go:141] ["background process started"] [source=domain] [process=globalBindHandleWorkerLoop]
[2026/07/25 09:31:55.642 +08:00] [INFO] [manager.go:527] ["get owner"] [key=/tidb/bindinfo/owner] ["owner key"=/tidb/bindinfo/owner/27db9f96d9e2a41c] [ownerID=9230469f-6edf-4ce2-9fc7-ec4dd2c6b644]
[2026/07/25 09:31:55.642 +08:00] [INFO] [manager.go:324] ["become owner"] [key=/tidb/bindinfo/owner] [id=9230469f-6edf-4ce2-9fc7-ec4dd2c6b644]
[2026/07/25 09:31:55.642 +08:00] [INFO] [manager.go:616] ["watching owner key"] [key=/tidb/bindinfo/owner] [id=9230469f-6edf-4ce2-9fc7-ec4dd2c6b644] [ownerKey=/tidb/bindinfo/owner/27db9f96d9e2a41c] [currRev=704]
[2026/07/25 09:31:55.643 +08:00] [INFO] [wait_group_wrapper.go:141] ["background process started"] [source=domain] [process=PlanReplayerTaskCollectHandle]
[2026/07/25 09:31:55.643 +08:00] [INFO] [wait_group_wrapper.go:141] ["background process started"] [source=domain] [process=PlanReplayerTaskDumpHandle]
[2026/07/25 09:31:55.643 +08:00] [INFO] [wait_group_wrapper.go:141] ["background process started"] [source=domain] [process=dumpFileGcChecker]
[2026/07/25 09:31:55.643 +08:00] [INFO] [wait_group_wrapper.go:141] ["background process started"] [source=domain] [process=HistoricalStatsWorker]
[2026/07/25 09:31:55.643 +08:00] [INFO] [domain.go:1803] ["PlanReplayerTaskCollectHandle started"]
[2026/07/25 09:31:55.643 +08:00] [INFO] [domain.go:1857] ["dumpFileGcChecker started"]
[2026/07/25 09:31:55.643 +08:00] [INFO] [domain.go:1825] ["PlanReplayerTaskDumpHandle started"]
[2026/07/25 09:31:55.643 +08:00] [INFO] [domain.go:1890] ["HistoricalStatsWorker started"]
[2026/07/25 09:31:55.643 +08:00] [INFO] [plan_replayer.go:407] ["planReplayerTaskDumpWorker started."]
[2026/07/25 09:31:55.643 +08:00] [INFO] [wait_group_wrapper.go:141] ["background process started"] [source=domain] [process=loadStatsWorker]
[2026/07/25 09:31:55.643 +08:00] [INFO] [manager.go:289] ["start campaign owner"] [key=/tidb/stats/owner] [id=9230469f-6edf-4ce2-9fc7-ec4dd2c6b644]
[2026/07/25 09:31:55.644 +08:00] [INFO] [wait_group_wrapper.go:141] ["background process started"] [source=domain] [process=indexUsageWorker]
[2026/07/25 09:31:55.644 +08:00] [INFO] [wait_group_wrapper.go:141] ["background process started"] [source=domain] [process=asyncLoadHistogram]
[2026/07/25 09:31:55.644 +08:00] [INFO] [wait_group_wrapper.go:141] ["background process started"] [source=domain] [process=deltaUpdateTickerWorker]
[2026/07/25 09:31:55.644 +08:00] [INFO] [wait_group_wrapper.go:141] ["background process started"] [source=domain] [process=dumpColStatsUsageWorker]
[2026/07/25 09:31:55.644 +08:00] [INFO] [wait_group_wrapper.go:141] ["background process started"] [source=domain] [process=gcStatsWorker]
[2026/07/25 09:31:55.644 +08:00] [INFO] [wait_group_wrapper.go:141] ["background process started"] [source=domain] [process=autoAnalyzeWorker]
[2026/07/25 09:31:55.644 +08:00] [INFO] [domain.go:2301] ["deltaUpdateTickerWorker started."]
[2026/07/25 09:31:55.644 +08:00] [INFO] [wait_group_wrapper.go:141] ["background process started"] [source=domain] [process=analyzeJobsCleanupWorker]
[2026/07/25 09:31:55.644 +08:00] [INFO] [domain.go:2274] ["dumpColStatsUsageWorker started."]
[2026/07/25 09:31:55.644 +08:00] [INFO] [domain.go:2058] ["start load stats sub workers"] [workerCount=6]
[2026/07/25 09:31:55.644 +08:00] [INFO] [wait_group_wrapper.go:141] ["background process started"] [source=domain] [process=planCacheEvictTrigger]
[2026/07/25 09:31:55.644 +08:00] [INFO] [wait_group_wrapper.go:141] ["background process started"] [source=domain] [process=planCacheMetricsAndVars]
[2026/07/25 09:31:55.644 +08:00] [INFO] [wait_group_wrapper.go:141] ["background process started"] [source=domain] [process=readTableCostWorker]
[2026/07/25 09:31:55.644 +08:00] [INFO] [wait_group_wrapper.go:141] ["background process started"] [source=domain] [process=loadSigningCertLoop]
[2026/07/25 09:31:55.645 +08:00] [INFO] [wait_group_wrapper.go:141] ["background process started"] [source=domain] [process=dxfMeteringFlushLoop]
[2026/07/25 09:31:55.645 +08:00] [INFO] [notifier.go:225] ["etcd notify loop to watch timer events started"] [EtcdKey=/tidb/timer/cluster/1/notify/d629f031-983a-4d2e-8f4e-93fac758f7d3]
[2026/07/25 09:31:55.645 +08:00] [INFO] [domain.go:1204] ["initialize node resource"] [total-cpu=14] [total-mem=36GiB] [dxf-resource-limit=100] [dxf-usable-cpu=14] [dxf-usable-mem=36GiB] [total-disk=926.4GiB]
[2026/07/25 09:31:55.645 +08:00] [INFO] [manager.go:527] ["get owner"] [key=/tidb/stats/owner] ["owner key"=/tidb/stats/owner/27db9f96d9e2a421] [ownerID=9230469f-6edf-4ce2-9fc7-ec4dd2c6b644]
[2026/07/25 09:31:55.645 +08:00] [INFO] [manager.go:324] ["become owner"] [key=/tidb/stats/owner] [id=9230469f-6edf-4ce2-9fc7-ec4dd2c6b644]
[2026/07/25 09:31:55.645 +08:00] [INFO] [manager.go:616] ["watching owner key"] [key=/tidb/stats/owner] [id=9230469f-6edf-4ce2-9fc7-ec4dd2c6b644] [ownerKey=/tidb/stats/owner/27db9f96d9e2a421] [currRev=705]
[2026/07/25 09:31:55.645 +08:00] [INFO] [task_manager.go:248] ["scale ttl worker"] [ttl-worker=job-manager] [ttl-worker=9230469f-6edf-4ce2-9fc7-ec4dd2c6b644] [ttl-worker=task-manager] [ttl-worker=9230469f-6edf-4ce2-9fc7-ec4dd2c6b644] [originalCount=0] [newCount=4]
[2026/07/25 09:31:55.645 +08:00] [INFO] [task_manager.go:248] ["scale ttl worker"] [ttl-worker=job-manager] [ttl-worker=9230469f-6edf-4ce2-9fc7-ec4dd2c6b644] [ttl-worker=task-manager] [ttl-worker=9230469f-6edf-4ce2-9fc7-ec4dd2c6b644] [originalCount=0] [newCount=4]
[2026/07/25 09:31:55.645 +08:00] [INFO] [job_manager.go:519] ["TTL leader to collect delay metrics"] [ttl-worker=job-manager] [ttl-worker=9230469f-6edf-4ce2-9fc7-ec4dd2c6b644]
[2026/07/25 09:31:55.645 +08:00] [INFO] [bootstrap.go:872] ["Complete loading the stats meta in the lite mode"] [category=stats] [duration=1.67875ms]
[2026/07/25 09:31:55.647 +08:00] [INFO] [bootstrap.go:879] ["Complete loading the histogram in the lite mode"] [category=stats] [duration=1.673625ms]
[2026/07/25 09:31:55.647 +08:00] [INFO] [domain.go:2101] ["Init stats succeed"] [category=stats] [isLiteInitStats=true] [duration=3.942916ms]
[2026/07/25 09:31:55.647 +08:00] [INFO] [domain.go:2235] ["gcStatsWorker started."]
[2026/07/25 09:31:55.647 +08:00] [INFO] [helper.go:189] ["set random timezone for getStmtTimestamp"] [timezone=America/Los_Angeles]
[2026/07/25 09:31:55.648 +08:00] [INFO] [wait_group_wrapper.go:141] ["background process started"] [source=domain] [process=distTaskFrameworkLoop]
[2026/07/25 09:31:55.648 +08:00] [INFO] [manager.go:124] ["task executor manager start"] [server-id=:4000]
[2026/07/25 09:31:55.648 +08:00] [INFO] [domain.go:1220] ["dist task executor manager started"]
[2026/07/25 09:31:55.648 +08:00] [INFO] [rate_limiter_param.go:104] ["loaded value from meta store"] [key=maxBatchSplitRanges] [value=2048]
[2026/07/25 09:31:55.649 +08:00] [INFO] [job_manager.go:1096] ["TTL leader to DoGC"] [ttl-worker=job-manager] [ttl-worker=9230469f-6edf-4ce2-9fc7-ec4dd2c6b644]
[2026/07/25 09:31:55.652 +08:00] [INFO] [set.go:194] ["set global var"] [conn=1] [name=innodb_lock_wait_timeout] [val=50]
    testkit.go:326: cleaned up ddl and tables
    testkit.go:257: create realtikv store with keyspace: keyspace1
[2026/07/25 09:31:55.668 +08:00] [INFO] [service_discovery.go:1011] ["[pd] update member urls"] [old-sorted-urls="[http://127.0.0.1:12379]"] [new-sorted-urls="[http://192.168.124.17:12379]"]
[2026/07/25 09:31:55.668 +08:00] [INFO] [service_discovery.go:1030] ["[pd] switch leader"] [new-leader=http://192.168.124.17:12379] [old-leader=]
[2026/07/25 09:31:55.668 +08:00] [INFO] [service_discovery.go:509] ["[pd] init cluster id"] [cluster-id=7666268769414273286]
[2026/07/25 09:31:55.669 +08:00] [INFO] [client.go:214] ["[tso] switch the tso leader serving url"] [new-url=http://192.168.124.17:12379]
[2026/07/25 09:31:55.669 +08:00] [INFO] [inner_client.go:173] ["[pd] tso provider changed to pd"]
[2026/07/25 09:31:55.669 +08:00] [INFO] [dispatcher.go:146] ["[tso] tso dispatcher created"]
[2026/07/25 09:31:55.669 +08:00] [INFO] [watcher.go:56] ["[pd] start the deadline watcher"] [source=tso]
[2026/07/25 09:31:55.669 +08:00] [INFO] [dispatcher.go:598] ["[tso] switching tso rpc concurrency"] [old=0] [new=1]
[2026/07/25 09:31:55.669 +08:00] [INFO] [client.go:251] ["[tso] start tso connection contexts updater"]
[2026/07/25 09:31:55.670 +08:00] [INFO] [inner_client.go:154] ["[pd] service mode changed"] [new-mode=PD_SVC_MODE]
[2026/07/25 09:31:55.670 +08:00] [INFO] [router_service_discovery.go:162] ["[router service] created router service discovery"] [cluster-id=7666268769414273286] [keyspace-id=1] [default-discovery-key=/ms/7666268769414273286/router/registry/]
[2026/07/25 09:31:55.670 +08:00] [INFO] [router_service_discovery.go:174] ["[router service] initializing router service discovery"] [max-retry-times=100] [retry-interval=1s]
[2026/07/25 09:31:55.671 +08:00] [INFO] [router_service_discovery.go:260] ["[router service] update member sorted urls"] [new-sorted-urls="[]"]
[2026/07/25 09:31:55.671 +08:00] [INFO] [router_service_discovery.go:245] ["[router service] updating nodes succeeded"] [urls="[]"] [clients-length=0]
[2026/07/25 09:31:55.671 +08:00] [INFO] [client.go:407] ["[pd] create pd client with endpoints and keyspace"] [pd-address="[127.0.0.1:12379]"] [keyspace-name=keyspace1] [keyspace-id=1]
[2026/07/25 09:31:55.671 +08:00] [INFO] [client.go:424] ["[router] connection daemon is started"]
[2026/07/25 09:31:55.671 +08:00] [INFO] [tikv_driver.go:197] ["using API V2."] [keyspaceName=keyspace1]
[2026/07/25 09:31:55.671 +08:00] [INFO] [client.go:585] ["[router] dispatcher is started"]
[2026/07/25 09:31:55.671 +08:00] [INFO] [client.go:509] ["[router] successfully established the leader router stream connection"] [url=http://192.168.124.17:12379]
[2026/07/25 09:31:55.671 +08:00] [INFO] [inner_client.go:91] ["[pd] start router client initializer"]
[2026/07/25 09:31:55.672 +08:00] [INFO] [metamanager.go:130] ["get default keyspace meta service group info "] [group-info="{\"GroupID\":\"0\",\"Addrs\":[\"192.168.124.17:12379\"]}"]
[2026/07/25 09:31:55.672 +08:00] [INFO] [metamanager.go:158] ["return keyspace meta service group info"] [meta-service-info="{\"PDAddrs\":[\"192.168.124.17:12379\"],\"Group\":{\"GroupID\":\"0\",\"Addrs\":[\"192.168.124.17:12379\"]}}"]
[2026/07/25 09:31:55.677 +08:00] [INFO] [service_discovery.go:1011] ["[pd] update member urls"] [old-sorted-urls="[http://127.0.0.1:12379]"] [new-sorted-urls="[http://192.168.124.17:12379]"]
[2026/07/25 09:31:55.677 +08:00] [INFO] [service_discovery.go:1030] ["[pd] switch leader"] [new-leader=http://192.168.124.17:12379] [old-leader=]
[2026/07/25 09:31:55.677 +08:00] [INFO] [service_discovery.go:509] ["[pd] init cluster id"] [cluster-id=7666268769414273286]
[2026/07/25 09:31:55.678 +08:00] [INFO] [client.go:214] ["[tso] switch the tso leader serving url"] [new-url=http://192.168.124.17:12379]
[2026/07/25 09:31:55.678 +08:00] [INFO] [inner_client.go:173] ["[pd] tso provider changed to pd"]
[2026/07/25 09:31:55.678 +08:00] [INFO] [dispatcher.go:146] ["[tso] tso dispatcher created"]
[2026/07/25 09:31:55.678 +08:00] [INFO] [dispatcher.go:598] ["[tso] switching tso rpc concurrency"] [old=0] [new=1]
[2026/07/25 09:31:55.678 +08:00] [INFO] [client.go:251] ["[tso] start tso connection contexts updater"]
[2026/07/25 09:31:55.678 +08:00] [INFO] [watcher.go:56] ["[pd] start the deadline watcher"] [source=tso]
[2026/07/25 09:31:55.679 +08:00] [INFO] [inner_client.go:154] ["[pd] service mode changed"] [new-mode=PD_SVC_MODE]
[2026/07/25 09:31:55.679 +08:00] [INFO] [router_service_discovery.go:162] ["[router service] created router service discovery"] [cluster-id=7666268769414273286] [keyspace-id=16777214] [default-discovery-key=/ms/7666268769414273286/router/registry/]
[2026/07/25 09:31:55.679 +08:00] [INFO] [router_service_discovery.go:174] ["[router service] initializing router service discovery"] [max-retry-times=100] [retry-interval=1s]
[2026/07/25 09:31:55.679 +08:00] [INFO] [router_service_discovery.go:260] ["[router service] update member sorted urls"] [new-sorted-urls="[]"]
[2026/07/25 09:31:55.679 +08:00] [INFO] [router_service_discovery.go:245] ["[router service] updating nodes succeeded"] [urls="[]"] [clients-length=0]
[2026/07/25 09:31:55.679 +08:00] [INFO] [client.go:407] ["[pd] create pd client with endpoints and keyspace"] [pd-address="[127.0.0.1:12379]"] [keyspace-name=SYSTEM] [keyspace-id=16777214]
[2026/07/25 09:31:55.679 +08:00] [INFO] [router_service_discovery.go:315] ["[router service] exit health check member loop"]
[2026/07/25 09:31:55.680 +08:00] [INFO] [client.go:424] ["[router] connection daemon is started"]
[2026/07/25 09:31:55.680 +08:00] [INFO] [router_service_discovery.go:273] ["[router service] exit check member loop"]
[2026/07/25 09:31:55.680 +08:00] [INFO] [watcher.go:73] ["[pd] exit the deadline watcher"] [source=tso]
[2026/07/25 09:31:55.680 +08:00] [INFO] [service_discovery.go:562] ["[pd] exit member loop due to context canceled"]
[2026/07/25 09:31:55.680 +08:00] [ERROR] [client.go:500] ["[router] failed to create the leader router stream connection"] [error="rpc error: code = Canceled desc = context canceled"] [stack="github.com/tikv/pd/client/clients/router.(*Cli).updateConnection\n\t/Users/bba/.gvm/pkgsets/go1.25.1/global/pkg/mod/github.com/tikv/pd/client@v0.0.0-20260708075407-4e05b9d2c2d3/clients/router/client.go:500\ngithub.com/tikv/pd/client/clients/router.(*Cli).connectionDaemon\n\t/Users/bba/.gvm/pkgsets/go1.25.1/global/pkg/mod/github.com/tikv/pd/client@v0.0.0-20260708075407-4e05b9d2c2d3/clients/router/client.go:426"]
[2026/07/25 09:31:55.680 +08:00] [INFO] [client.go:585] ["[router] dispatcher is started"]
[2026/07/25 09:31:55.680 +08:00] [WARN] [client.go:511] ["[router] failed to create the leader router stream connection"]
[2026/07/25 09:31:55.680 +08:00] [INFO] [client.go:587] ["[router] dispatcher is exiting"]
[2026/07/25 09:31:55.680 +08:00] [INFO] [client.go:592] ["[router] dispatcher exited"]
[2026/07/25 09:31:55.680 +08:00] [INFO] [client.go:430] ["[router] connection daemon is exiting"]
[2026/07/25 09:31:55.680 +08:00] [INFO] [resource_manager_client.go:341] ["[resource manager] exit resource token dispatcher"]
[2026/07/25 09:31:55.680 +08:00] [INFO] [inner_client.go:91] ["[pd] start router client initializer"]
[2026/07/25 09:31:55.680 +08:00] [INFO] [inner_client.go:96] ["[pd] exit router client initializer"]
[2026/07/25 09:31:55.680 +08:00] [INFO] [router_service_discovery.go:287] ["[router service] closing router service discovery"]
[2026/07/25 09:31:55.680 +08:00] [INFO] [dispatcher.go:207] ["[tso] stop fetching the pending tso requests due to context canceled"]
[2026/07/25 09:31:55.680 +08:00] [INFO] [router_service_discovery.go:303] ["[router service] is closed"]
[2026/07/25 09:31:55.680 +08:00] [INFO] [dispatcher.go:149] ["[tso] exit tso dispatcher"]
[2026/07/25 09:31:55.680 +08:00] [INFO] [client.go:155] ["[tso] closing tso client"]
[2026/07/25 09:31:55.680 +08:00] [INFO] [client.go:160] ["[tso] close tso client"]
[2026/07/25 09:31:55.680 +08:00] [INFO] [stream.go:366] ["tsoStream.recvLoop ended"] [stream=192.168.124.17:12379-3] [error="rpc error: code = Canceled desc = context canceled"] [errorVerbose="rpc error: code = Canceled desc = context canceled\ngithub.com/tikv/pd/client/clients/tso.(*tsoStream).recvLoop\n\t/Users/bba/.gvm/pkgsets/go1.25.1/global/pkg/mod/github.com/tikv/pd/client@v0.0.0-20260708075407-4e05b9d2c2d3/clients/tso/stream.go:434\nruntime.goexit\n\t/Users/bba/.gvm/pkgsets/go1.25.1/global/pkg/mod/golang.org/toolchain@v0.0.1-go1.25.10.darwin-arm64/src/runtime/asm_arm64.s:1268"]
[2026/07/25 09:31:55.680 +08:00] [INFO] [client.go:277] ["[tso] exit tso connection contexts updater"]
[2026/07/25 09:31:55.680 +08:00] [INFO] [client.go:162] ["[tso] tso client is closed"]
[2026/07/25 09:31:55.680 +08:00] [INFO] [service_discovery.go:653] ["[pd] close service discovery client"]
[2026/07/25 09:31:55.680 +08:00] [INFO] [inner_client.go:275] ["[pd] close client successfully"]
[2026/07/25 09:31:55.681 +08:00] [INFO] [store_cache.go:572] ["change store resolve state"] [store=1] [addr=127.0.0.1:30160] [from=unresolved] [to=resolved] [liveness-state=reachable]
[2026/07/25 09:31:55.684 +08:00] [INFO] [session.go:4452] ["cluster already bootstrapped"] [version=283]
[2026/07/25 09:31:55.685 +08:00] [INFO] [tidb.go:103] ["new domain"] [store=tikv-7666268769414273286/keyspace1] ["ddl lease"=500ms] ["stats lease"=3s]
[2026/07/25 09:31:55.686 +08:00] [INFO] [syncer.go:258] ["found stale server info with same IP+Port, cleaning up"] [staleID=ecf1d75b-9d30-4c91-a646-e64b187b8b1e] [ip=] [port=4002]
[2026/07/25 09:31:55.693 +08:00] [INFO] [info.go:279] ["init TiFlashReplicaManager"]
[2026/07/25 09:31:55.696 +08:00] [INFO] [domain.go:2708] [acquireServerID] [serverID=1152] ["lease id"=27db9f96d9e2a444]
[2026/07/25 09:31:55.696 +08:00] [INFO] [global_controller.go:219] ["load resource controller config"] [config="{\"degraded-mode-wait-duration\":\"0s\",\"ltb-max-wait-duration\":\"30s\",\"ltb-token-rpc-max-delay\":\"1s\",\"request-unit\":{\"read-base-cost\":0.125,\"read-per-batch-base-cost\":0.5,\"read-cost-per-byte\":0.0000152587890625,\"write-base-cost\":1,\"write-per-batch-base-cost\":1,\"write-cost-per-byte\":0.0009765625,\"read-cpu-ms-cost\":0.3333333333333333},\"enable-controller-trace-log\":\"false\",\"token-rpc-params\":{\"wait-retry-interval\":\"50ms\",\"wait-retry-times\":20}}"] [ru-config="{\"ReadBaseCost\":0.125,\"ReadPerBatchBaseCost\":0.5,\"ReadBytesCost\":0.0000152587890625,\"WriteBaseCost\":1,\"WritePerBatchBaseCost\":1,\"WriteBytesCost\":0.0009765625,\"CPUMsCost\":0.3333333333333333,\"LTBMaxWaitDuration\":30000000000,\"WaitRetryInterval\":50000000,\"WaitRetryTimes\":20,\"DegradedModeWaitDuration\":0}"] [keyspace-id=1]
[2026/07/25 09:31:55.703 +08:00] [INFO] [loader.go:281] ["full load InfoSchema success"] [mode=auto] [isV2=true] [currentSchemaVersion=0] [neededSchemaVersion=20] ["elapsed time"=5.371542ms]
[2026/07/25 09:31:55.703 +08:00] [INFO] [syncer.go:456] ["full load and reset schema validator"]
[2026/07/25 09:31:55.704 +08:00] [INFO] [global_controller.go:586] ["[resource group controller] create resource group cost controller"] [name=default]
[2026/07/25 09:31:55.705 +08:00] [INFO] [ddl.go:1157] ["DDL closed"] [category=ddl] [ID=a5e70f2f-2fa3-4c6b-8dea-fe31eaac39bd] ["take time"=405.584µs]
[2026/07/25 09:31:55.705 +08:00] [INFO] [ddl.go:848] ["stop DDL"] [category=ddl] [ID=a5e70f2f-2fa3-4c6b-8dea-fe31eaac39bd]
[2026/07/25 09:31:55.706 +08:00] [INFO] [domain.go:2733] ["releaseServerID succeed"] [serverID=1152] [leaseID=2872064657628243012]
[2026/07/25 09:31:55.706 +08:00] [WARN] [meta_storage_client.go:165] ["watch stream closed"] [error="rpc error: code = Canceled desc = context canceled"]
[2026/07/25 09:31:55.706 +08:00] [WARN] [meta_storage_client.go:165] ["watch stream closed"] [error="rpc error: code = Canceled desc = context canceled"]
[2026/07/25 09:31:55.707 +08:00] [INFO] [domain.go:550] ["domain closed"] ["take time"=2.592625ms]
[2026/07/25 09:31:55.707 +08:00] [INFO] [tidb.go:103] ["new domain"] [store=tikv-7666268769414273286/keyspace1] ["ddl lease"=500ms] ["stats lease"=3s]
[2026/07/25 09:31:55.710 +08:00] [INFO] [info.go:279] ["init TiFlashReplicaManager"]
[2026/07/25 09:31:55.713 +08:00] [INFO] [domain.go:2708] [acquireServerID] [serverID=706] ["lease id"=27db9f96d9e2a45d]
[2026/07/25 09:31:55.714 +08:00] [INFO] [global_controller.go:219] ["load resource controller config"] [config="{\"degraded-mode-wait-duration\":\"0s\",\"ltb-max-wait-duration\":\"30s\",\"ltb-token-rpc-max-delay\":\"1s\",\"request-unit\":{\"read-base-cost\":0.125,\"read-per-batch-base-cost\":0.5,\"read-cost-per-byte\":0.0000152587890625,\"write-base-cost\":1,\"write-per-batch-base-cost\":1,\"write-cost-per-byte\":0.0009765625,\"read-cpu-ms-cost\":0.3333333333333333},\"enable-controller-trace-log\":\"false\",\"token-rpc-params\":{\"wait-retry-interval\":\"50ms\",\"wait-retry-times\":20}}"] [ru-config="{\"ReadBaseCost\":0.125,\"ReadPerBatchBaseCost\":0.5,\"ReadBytesCost\":0.0000152587890625,\"WriteBaseCost\":1,\"WritePerBatchBaseCost\":1,\"WriteBytesCost\":0.0009765625,\"CPUMsCost\":0.3333333333333333,\"LTBMaxWaitDuration\":30000000000,\"WaitRetryInterval\":50000000,\"WaitRetryTimes\":20,\"DegradedModeWaitDuration\":0}"] [keyspace-id=1]
[2026/07/25 09:31:55.722 +08:00] [INFO] [loader.go:281] ["full load InfoSchema success"] [mode=auto] [isV2=true] [currentSchemaVersion=0] [neededSchemaVersion=20] ["elapsed time"=6.734541ms]
[2026/07/25 09:31:55.722 +08:00] [INFO] [syncer.go:456] ["full load and reset schema validator"]
[2026/07/25 09:31:55.722 +08:00] [INFO] [ddl.go:881] ["start DDL"] [category=ddl] [ID=a5e70f2f-2fa3-4c6b-8dea-fe31eaac39bd] [runWorker=true] [jobVersion=v2] [startMode=normal]
[2026/07/25 09:31:55.722 +08:00] [INFO] [ddl.go:856] ["start delRangeManager OK"] [category=ddl] ["is a emulator"=false]
[2026/07/25 09:31:55.723 +08:00] [INFO] [manager.go:289] ["start campaign owner"] [key=/tidb/ddl/fg/owner] [id=a5e70f2f-2fa3-4c6b-8dea-fe31eaac39bd]
[2026/07/25 09:31:55.723 +08:00] [INFO] [global_controller.go:586] ["[resource group controller] create resource group cost controller"] [name=default]
[2026/07/25 09:31:55.723 +08:00] [INFO] [env.go:123] ["the ingest sorted directory"] [category=ddl-ingest] ["data path"=/tmp/tidb/tmp_ddl-4002]
[2026/07/25 09:31:55.723 +08:00] [WARN] [env.go:84] ["ingest backfill may not be available"] [category=ddl-ingest] [error="the available disk space(7563427840) in /tmp/tidb/tmp_ddl-4002 should be greater than @@tidb_ddl_disk_quota(107374182400)"] [errorVerbose="the available disk space(7563427840) in /tmp/tidb/tmp_ddl-4002 should be greater than @@tidb_ddl_disk_quota(107374182400)\ngithub.com/pingcap/tidb/pkg/ddl/ingest.(*diskRootImpl).StartupCheck\n\t/Users/bba/pc/tidb-ai-critical-scan/pkg/ddl/ingest/disk_root.go:191\ngithub.com/pingcap/tidb/pkg/ddl/ingest.InitGlobalLightningEnv\n\t/Users/bba/pc/tidb-ai-critical-scan/pkg/ddl/ingest/env.go:82\ngithub.com/pingcap/tidb/pkg/ddl.(*ddl).Start\n\t/Users/bba/pc/tidb-ai-critical-scan/pkg/ddl/ddl.go:942\ngithub.com/pingcap/tidb/pkg/domain.(*Domain).Start\n\t/Users/bba/pc/tidb-ai-critical-scan/pkg/domain/domain.go:809\ngithub.com/pingcap/tidb/pkg/session.bootstrapSessionImpl\n\t/Users/bba/pc/tidb-ai-critical-scan/pkg/session/session.go:4517\ngithub.com/pingcap/tidb/pkg/session.BootstrapSession\n\t/Users/bba/pc/tidb-ai-critical-scan/pkg/session/session.go:4387\ngithub.com/pingcap/tidb/tests/realtikvtest.CreateMockStoreAndDomainAndSetup\n\t/Users/bba/pc/tidb-ai-critical-scan/tests/realtikvtest/testkit.go:298\ngithub.com/pingcap/tidb/tests/realtikvtest.PrepareForCrossKSTestWithNewCollation\n\t/Users/bba/pc/tidb-ai-critical-scan/tests/realtikvtest/testkit.go:215\ngithub.com/pingcap/tidb/tests/realtikvtest.PrepareForCrossKSTest\n\t/Users/bba/pc/tidb-ai-critical-scan/tests/realtikvtest/testkit.go:180\ngithub.com/pingcap/tidb/tests/realtikvtest/importintotest3.TestAINativeNextGenImportConcurrentDMLWriteFence\n\t/Users/bba/pc/tidb-ai-critical-scan/tests/realtikvtest/importintotest3/ai_native_import_dml_write_fence_test.go:55\ntesting.tRunner\n\t/Users/bba/.gvm/pkgsets/go1.25.1/global/pkg/mod/golang.org/toolchain@v0.0.1-go1.25.10.darwin-arm64/src/testing/testing.go:1934\nruntime.goexit\n\t/Users/bba/.gvm/pkgsets/go1.25.1/global/pkg/mod/golang.org/toolchain@v0.0.1-go1.25.10.darwin-arm64/src/runtime/asm_arm64.s:1268"]
[2026/07/25 09:31:55.723 +08:00] [INFO] [env.go:88] ["init global ingest backend environment finished"] [category=ddl-ingest] ["memory limitation"=19327352832] ["disk usage info"="disk usage: 987099156480/994662584320, backend usage: 0"] ["max open file number"=138240] ["lightning is initialized"=true]
[2026/07/25 09:31:55.723 +08:00] [INFO] [wait_group_wrapper.go:141] ["background process started"] [source=domain] [process=loadSchemaInLoop]
[2026/07/25 09:31:55.723 +08:00] [INFO] [wait_group_wrapper.go:141] ["background process started"] [source=domain] [process=mdlCheckLoop]
[2026/07/25 09:31:55.723 +08:00] [INFO] [wait_group_wrapper.go:141] ["background process started"] [source=domain] [process=topNSlowQueryLoop]
[2026/07/25 09:31:55.723 +08:00] [INFO] [wait_group_wrapper.go:141] ["background process started"] [source=domain] [process=infoSyncerKeeper]
[2026/07/25 09:31:55.723 +08:00] [INFO] [wait_group_wrapper.go:141] ["background process started"] [source=domain] [process=globalConfigSyncerKeeper]
[2026/07/25 09:31:55.723 +08:00] [INFO] [wait_group_wrapper.go:141] ["background process started"] [source=domain] [process=runawayRecordFlushLoop]
[2026/07/25 09:31:55.723 +08:00] [INFO] [wait_group_wrapper.go:141] ["background process started"] [source=domain] [process=runawayWatchSyncLoop]
[2026/07/25 09:31:55.723 +08:00] [INFO] [wait_group_wrapper.go:141] ["background process started"] [source=domain] [process=requestUnitsWriterLoop]
[2026/07/25 09:31:55.723 +08:00] [INFO] [wait_group_wrapper.go:141] ["background process started"] [source=domain] [process=topologySyncerKeeper]
[2026/07/25 09:31:55.723 +08:00] [INFO] [wait_group_wrapper.go:141] ["background process started"] [source=domain] [process=closestReplicaReadCheckLoop]
[2026/07/25 09:31:55.723 +08:00] [INFO] [wait_group_wrapper.go:150] ["background process exited"] [source=domain] [process=requestUnitsWriterLoop]
[2026/07/25 09:31:55.723 +08:00] [INFO] [owner_daemon.go:70] ["begin advancer daemon"] [daemon-id=LogBackup::Advancer]
[2026/07/25 09:31:55.723 +08:00] [INFO] [manager.go:289] ["start campaign owner"] [key=/tidb/br-stream/owner] [id=8d5545b1-242e-458e-a5f5-8e7251553ccc]
[2026/07/25 09:31:55.724 +08:00] [INFO] [manager.go:527] ["get owner"] [key=/tidb/ddl/fg/owner] ["owner key"=/tidb/ddl/fg/owner/27db9f96d9e2a467] [ownerID=a5e70f2f-2fa3-4c6b-8dea-fe31eaac39bd]
[2026/07/25 09:31:55.724 +08:00] [INFO] [manager.go:324] ["become owner"] [key=/tidb/ddl/fg/owner] [id=a5e70f2f-2fa3-4c6b-8dea-fe31eaac39bd]
[2026/07/25 09:31:55.725 +08:00] [INFO] [manager.go:616] ["watching owner key"] [key=/tidb/ddl/fg/owner] [id=a5e70f2f-2fa3-4c6b-8dea-fe31eaac39bd] [ownerKey=/tidb/ddl/fg/owner/27db9f96d9e2a467] [currRev=725]
[2026/07/25 09:31:55.725 +08:00] [INFO] [wait_group_wrapper.go:141] ["background process started"] [source=domain] [process=logBackupAdvancer]
[2026/07/25 09:31:55.725 +08:00] [INFO] [domain.go:874] ["loading system keyspace info schema"]
[2026/07/25 09:31:55.725 +08:00] [INFO] [owner_daemon.go:81] ["begin running daemon"] [id=8d5545b1-242e-458e-a5f5-8e7251553ccc] [daemon-id=LogBackup::Advancer]
[2026/07/25 09:31:55.725 +08:00] [INFO] [job_scheduler.go:363] ["get global state and global state change"] [category=ddl] [oldState=false] [currState=false]
[2026/07/25 09:31:55.725 +08:00] [INFO] [manager.go:527] ["get owner"] [key=/tidb/br-stream/owner] ["owner key"=/tidb/br-stream/owner/27db9f96d9e2a46a] [ownerID=8d5545b1-242e-458e-a5f5-8e7251553ccc]
[2026/07/25 09:31:55.725 +08:00] [INFO] [manager.go:324] ["become owner"] [key=/tidb/br-stream/owner] [id=8d5545b1-242e-458e-a5f5-8e7251553ccc]
[2026/07/25 09:31:55.725 +08:00] [INFO] [manager.go:616] ["watching owner key"] [key=/tidb/br-stream/owner] [id=8d5545b1-242e-458e-a5f5-8e7251553ccc] [ownerKey=/tidb/br-stream/owner/27db9f96d9e2a46a] [currRev=725]
[2026/07/25 09:31:55.726 +08:00] [INFO] [manager.go:561] ["set owner op is the same as the original, so do nothing."] [key=/tidb/ddl/fg/owner] [id=a5e70f2f-2fa3-4c6b-8dea-fe31eaac39bd] [op=none]
[2026/07/25 09:31:55.726 +08:00] [INFO] [job_scheduler.go:375] ["the owner sets owner operator value"] [category=ddl] [ownerOp=none]
[2026/07/25 09:31:55.726 +08:00] [INFO] [syncer.go:258] ["found stale server info with same IP+Port, cleaning up"] [staleID=9dec18d9-e819-4eae-b0ed-9d561bdae4ca] [ip=] [port=4002]
[2026/07/25 09:31:55.734 +08:00] [INFO] [loader.go:281] ["full load InfoSchema success"] [targetKS=SYSTEM] [mode=full] [isV2=false] [currentSchemaVersion=0] [neededSchemaVersion=3] ["elapsed time"=4.393208ms]
[2026/07/25 09:31:55.734 +08:00] [INFO] [syncer.go:456] ["full load and reset schema validator"] [targetKS=SYSTEM]
[2026/07/25 09:31:55.734 +08:00] [INFO] [cross_ks.go:346] ["create cross keyspace session manager"] [targetKS=SYSTEM] [cost=9.275542ms]
[2026/07/25 09:31:55.734 +08:00] [WARN] [sysvar_cache.go:53] ["sysvar cache is empty, triggering rebuild"]
[2026/07/25 09:31:55.736 +08:00] [INFO] [inner_client.go:103] ["[pd] notified to disable the router client"]
[2026/07/25 09:31:55.736 +08:00] [INFO] [client.go:325] ["[router] closing router client"]
[2026/07/25 09:31:55.736 +08:00] [INFO] [client.go:606] ["[router] stop fetching the pending router requests due to context canceled"]
[2026/07/25 09:31:55.736 +08:00] [INFO] [client.go:587] ["[router] dispatcher is exiting"]
[2026/07/25 09:31:55.736 +08:00] [INFO] [client.go:592] ["[router] dispatcher exited"]
[2026/07/25 09:31:55.736 +08:00] [INFO] [client.go:434] ["[router] follower handle status changed"] [enable=true]
[2026/07/25 09:31:55.736 +08:00] [ERROR] [client.go:531] ["[router] failed to create the router stream connection"] [error="rpc error: code = Canceled desc = context canceled"] [stack="github.com/tikv/pd/client/clients/router.(*Cli).updateConnection\n\t/Users/bba/.gvm/pkgsets/go1.25.1/global/pkg/mod/github.com/tikv/pd/client@v0.0.0-20260708075407-4e05b9d2c2d3/clients/router/client.go:531\ngithub.com/tikv/pd/client/clients/router.(*Cli).connectionDaemon\n\t/Users/bba/.gvm/pkgsets/go1.25.1/global/pkg/mod/github.com/tikv/pd/client@v0.0.0-20260708075407-4e05b9d2c2d3/clients/router/client.go:426"]
[2026/07/25 09:31:55.736 +08:00] [INFO] [client.go:430] ["[router] connection daemon is exiting"]
[2026/07/25 09:31:55.736 +08:00] [INFO] [client.go:330] ["[router] router client is closed"]
[2026/07/25 09:31:55.736 +08:00] [INFO] [wait_group_wrapper.go:141] ["background process started"] [source=domain] [process=loadPrivilegeInLoop]
[2026/07/25 09:31:55.737 +08:00] [INFO] [wait_group_wrapper.go:141] ["background process started"] [source=domain] [process=LoadSysVarCacheLoop]
[2026/07/25 09:31:55.738 +08:00] [INFO] [binding_cache.go:75] ["load bindings"] [category=sql-bind] [fullLoad=true] [fromRemote=false] [cacheSizeChange=false] [hasNewBinding=false] [cacheCapacity=67108864] [cacheUsage=0] [cachedBindingNum=0] [duration=1.100542ms] []
[2026/07/25 09:31:55.738 +08:00] [INFO] [manager.go:289] ["start campaign owner"] [key=/tidb/bindinfo/owner] [id=a5e70f2f-2fa3-4c6b-8dea-fe31eaac39bd]
[2026/07/25 09:31:55.739 +08:00] [INFO] [wait_group_wrapper.go:141] ["background process started"] [source=domain] [process=globalBindHandleWorkerLoop]
[2026/07/25 09:31:55.740 +08:00] [INFO] [manager.go:527] ["get owner"] [key=/tidb/bindinfo/owner] ["owner key"=/tidb/bindinfo/owner/27db9f96d9e2a482] [ownerID=a5e70f2f-2fa3-4c6b-8dea-fe31eaac39bd]
[2026/07/25 09:31:55.740 +08:00] [INFO] [manager.go:324] ["become owner"] [key=/tidb/bindinfo/owner] [id=a5e70f2f-2fa3-4c6b-8dea-fe31eaac39bd]
[2026/07/25 09:31:55.740 +08:00] [INFO] [manager.go:616] ["watching owner key"] [key=/tidb/bindinfo/owner] [id=a5e70f2f-2fa3-4c6b-8dea-fe31eaac39bd] [ownerKey=/tidb/bindinfo/owner/27db9f96d9e2a482] [currRev=729]
[2026/07/25 09:31:55.741 +08:00] [INFO] [wait_group_wrapper.go:141] ["background process started"] [source=domain] [process=PlanReplayerTaskCollectHandle]
[2026/07/25 09:31:55.741 +08:00] [INFO] [wait_group_wrapper.go:141] ["background process started"] [source=domain] [process=PlanReplayerTaskDumpHandle]
[2026/07/25 09:31:55.741 +08:00] [INFO] [wait_group_wrapper.go:141] ["background process started"] [source=domain] [process=dumpFileGcChecker]
[2026/07/25 09:31:55.741 +08:00] [INFO] [wait_group_wrapper.go:141] ["background process started"] [source=domain] [process=HistoricalStatsWorker]
[2026/07/25 09:31:55.741 +08:00] [INFO] [domain.go:1803] ["PlanReplayerTaskCollectHandle started"]
[2026/07/25 09:31:55.741 +08:00] [INFO] [domain.go:1825] ["PlanReplayerTaskDumpHandle started"]
[2026/07/25 09:31:55.741 +08:00] [INFO] [plan_replayer.go:407] ["planReplayerTaskDumpWorker started."]
[2026/07/25 09:31:55.741 +08:00] [INFO] [domain.go:1857] ["dumpFileGcChecker started"]
[2026/07/25 09:31:55.741 +08:00] [INFO] [domain.go:1890] ["HistoricalStatsWorker started"]
[2026/07/25 09:31:55.741 +08:00] [INFO] [wait_group_wrapper.go:141] ["background process started"] [source=domain] [process=loadStatsWorker]
[2026/07/25 09:31:55.741 +08:00] [INFO] [manager.go:289] ["start campaign owner"] [key=/tidb/stats/owner] [id=a5e70f2f-2fa3-4c6b-8dea-fe31eaac39bd]
[2026/07/25 09:31:55.741 +08:00] [INFO] [wait_group_wrapper.go:141] ["background process started"] [source=domain] [process=indexUsageWorker]
[2026/07/25 09:31:55.741 +08:00] [INFO] [wait_group_wrapper.go:141] ["background process started"] [source=domain] [process=asyncLoadHistogram]
[2026/07/25 09:31:55.741 +08:00] [INFO] [wait_group_wrapper.go:141] ["background process started"] [source=domain] [process=deltaUpdateTickerWorker]
[2026/07/25 09:31:55.741 +08:00] [INFO] [wait_group_wrapper.go:141] ["background process started"] [source=domain] [process=dumpColStatsUsageWorker]
[2026/07/25 09:31:55.741 +08:00] [INFO] [wait_group_wrapper.go:141] ["background process started"] [source=domain] [process=gcStatsWorker]
[2026/07/25 09:31:55.741 +08:00] [INFO] [wait_group_wrapper.go:141] ["background process started"] [source=domain] [process=autoAnalyzeWorker]
[2026/07/25 09:31:55.741 +08:00] [INFO] [wait_group_wrapper.go:141] ["background process started"] [source=domain] [process=analyzeJobsCleanupWorker]
[2026/07/25 09:31:55.741 +08:00] [INFO] [domain.go:2058] ["start load stats sub workers"] [workerCount=6]
[2026/07/25 09:31:55.741 +08:00] [INFO] [wait_group_wrapper.go:141] ["background process started"] [source=domain] [process=planCacheEvictTrigger]
[2026/07/25 09:31:55.741 +08:00] [INFO] [wait_group_wrapper.go:141] ["background process started"] [source=domain] [process=planCacheMetricsAndVars]
[2026/07/25 09:31:55.741 +08:00] [INFO] [wait_group_wrapper.go:141] ["background process started"] [source=domain] [process=readTableCostWorker]
[2026/07/25 09:31:55.741 +08:00] [INFO] [domain.go:2301] ["deltaUpdateTickerWorker started."]
[2026/07/25 09:31:55.741 +08:00] [INFO] [domain.go:2274] ["dumpColStatsUsageWorker started."]
[2026/07/25 09:31:55.741 +08:00] [INFO] [wait_group_wrapper.go:141] ["background process started"] [source=domain] [process=loadSigningCertLoop]
[2026/07/25 09:31:55.741 +08:00] [INFO] [domain.go:1108] ["skip running DXF in user keyspace"]
[2026/07/25 09:31:55.742 +08:00] [INFO] [notifier.go:225] ["etcd notify loop to watch timer events started"] [EtcdKey=/tidb/timer/cluster/1/notify/686d2fd9-8e64-43d2-9b1f-8de7abddc5c3]
[2026/07/25 09:31:55.742 +08:00] [INFO] [task_manager.go:248] ["scale ttl worker"] [ttl-worker=job-manager] [ttl-worker=a5e70f2f-2fa3-4c6b-8dea-fe31eaac39bd] [ttl-worker=task-manager] [ttl-worker=a5e70f2f-2fa3-4c6b-8dea-fe31eaac39bd] [originalCount=0] [newCount=4]
[2026/07/25 09:31:55.742 +08:00] [INFO] [task_manager.go:248] ["scale ttl worker"] [ttl-worker=job-manager] [ttl-worker=a5e70f2f-2fa3-4c6b-8dea-fe31eaac39bd] [ttl-worker=task-manager] [ttl-worker=a5e70f2f-2fa3-4c6b-8dea-fe31eaac39bd] [originalCount=0] [newCount=4]
[2026/07/25 09:31:55.742 +08:00] [INFO] [job_manager.go:519] ["TTL leader to collect delay metrics"] [ttl-worker=job-manager] [ttl-worker=a5e70f2f-2fa3-4c6b-8dea-fe31eaac39bd]
[2026/07/25 09:31:55.742 +08:00] [INFO] [bootstrap.go:872] ["Complete loading the stats meta in the lite mode"] [category=stats] [duration=1.291333ms]
[2026/07/25 09:31:55.742 +08:00] [INFO] [manager.go:527] ["get owner"] [key=/tidb/stats/owner] ["owner key"=/tidb/stats/owner/27db9f96d9e2a487] [ownerID=a5e70f2f-2fa3-4c6b-8dea-fe31eaac39bd]
[2026/07/25 09:31:55.742 +08:00] [INFO] [manager.go:324] ["become owner"] [key=/tidb/stats/owner] [id=a5e70f2f-2fa3-4c6b-8dea-fe31eaac39bd]
[2026/07/25 09:31:55.742 +08:00] [INFO] [manager.go:616] ["watching owner key"] [key=/tidb/stats/owner] [id=a5e70f2f-2fa3-4c6b-8dea-fe31eaac39bd] [ownerKey=/tidb/stats/owner/27db9f96d9e2a487] [currRev=730]
[2026/07/25 09:31:55.743 +08:00] [INFO] [bootstrap.go:879] ["Complete loading the histogram in the lite mode"] [category=stats] [duration=1.040833ms]
[2026/07/25 09:31:55.744 +08:00] [INFO] [domain.go:2101] ["Init stats succeed"] [category=stats] [isLiteInitStats=true] [duration=2.7425ms]
[2026/07/25 09:31:55.744 +08:00] [INFO] [domain.go:2235] ["gcStatsWorker started."]
[2026/07/25 09:31:55.744 +08:00] [INFO] [job_manager.go:1096] ["TTL leader to DoGC"] [ttl-worker=job-manager] [ttl-worker=a5e70f2f-2fa3-4c6b-8dea-fe31eaac39bd]
[2026/07/25 09:31:55.744 +08:00] [INFO] [set.go:194] ["set global var"] [conn=2] [name=innodb_lock_wait_timeout] [val=50]
    testkit.go:326: cleaned up ddl and tables
[2026/07/25 09:31:55.755 +08:00] [INFO] [job_submitter.go:118] ["add DDL jobs"] [category=ddl] ["batch count"=1] [jobs="ID:26, Type:drop schema, State:queueing, SchemaState:public, SchemaID:22, TableID:0, RowCount:0, ArgLen:1, start time: 2026-07-25 09:31:55.702 +0800 CST, Err:<nil>, ErrCount:0, SnapshotVersion:0, Version: v2; "] [fast_create=true]
[2026/07/25 09:31:55.755 +08:00] [INFO] [executor.go:7285] ["DDL job submitted"] [category=ddl] [job="ID:26, Type:drop schema, State:queueing, SchemaState:public, SchemaID:22, TableID:0, RowCount:0, ArgLen:1, start time: 2026-07-25 09:31:55.702 +0800 CST, Err:<nil>, ErrCount:0, SnapshotVersion:0, Version: v2"] [query="drop database if exists ai_native_import_dml"]
[2026/07/25 09:31:55.757 +08:00] [INFO] [lock_resolver.go:1631] ["txn lock cleanup resolve-lock rpc finished"] [action=commit] [txnStartTS=467912128122585158] [commitTS=467912128135692289] [regionID=18] [resolveLite=true] [resolvedByCheckTxnStatus=false]
[2026/07/25 09:31:55.757 +08:00] [INFO] [lock_resolver.go:1631] ["txn lock cleanup resolve-lock rpc finished"] [action=commit] [txnStartTS=467912128122585158] [commitTS=467912128135692289] [regionID=18] [resolveLite=true] [resolvedByCheckTxnStatus=false]
[2026/07/25 09:31:55.757 +08:00] [INFO] [lock_resolver.go:1631] ["txn lock cleanup resolve-lock rpc finished"] [action=commit] [txnStartTS=467912128122585158] [commitTS=467912128135692289] [regionID=18] [resolveLite=true] [resolvedByCheckTxnStatus=false]
[2026/07/25 09:31:55.757 +08:00] [INFO] [lock_resolver.go:1631] ["txn lock cleanup resolve-lock rpc finished"] [action=commit] [txnStartTS=467912128122585158] [commitTS=467912128135692289] [regionID=18] [resolveLite=true] [resolvedByCheckTxnStatus=false]
[2026/07/25 09:31:55.758 +08:00] [INFO] [job_worker.go:854] ["run one job step"] [category=ddl] [jobID=26] [conn=4] [job="ID:26, Type:drop schema, State:queueing, SchemaState:public, SchemaID:22, TableID:0, RowCount:0, ArgLen:0, start time: 2026-07-25 09:31:55.702 +0800 CST, Err:<nil>, ErrCount:0, SnapshotVersion:0, Version: v2"]
[2026/07/25 09:31:55.770 +08:00] [INFO] [loader.go:216] ["diff load InfoSchema success"] [mode=auto] [isV2=true] [currVer=20] [neededVer=21] [gotVer=21] ["elapsed time"=826.583µs] [phyTblIDs="[24]"] [actionTypes="[2]"] [diffTypes="[\"drop schema\"]"]
[2026/07/25 09:31:55.771 +08:00] [INFO] [syncer.go:281] ["mdl gets lock, update self version to owner"] [jobID=26] [version=21]
[2026/07/25 09:31:55.771 +08:00] [INFO] [schema_version.go:397] ["wait schema version synced success"] [category=ddl] [ver=21] [checkAssumedSvr=false] ["take time"=3.078916ms] [job="ID:26, Type:drop schema, State:running, SchemaState:write only, SchemaID:22, TableID:0, RowCount:0, ArgLen:1, start time: 2026-07-25 09:31:55.702 +0800 CST, Err:<nil>, ErrCount:0, SnapshotVersion:0, Version: v2"] [summary="server count: 1"]
[2026/07/25 09:31:55.776 +08:00] [INFO] [job_worker.go:854] ["run one job step"] [category=ddl] [jobID=26] [conn=4] [job="ID:26, Type:drop schema, State:running, SchemaState:write only, SchemaID:22, TableID:0, RowCount:0, ArgLen:0, start time: 2026-07-25 09:31:55.702 +0800 CST, Err:<nil>, ErrCount:0, SnapshotVersion:0, Version: v2"]
[2026/07/25 09:31:55.786 +08:00] [INFO] [loader.go:216] ["diff load InfoSchema success"] [mode=auto] [isV2=true] [currVer=21] [neededVer=22] [gotVer=22] ["elapsed time"=11.792µs] [phyTblIDs="[]"] [actionTypes="[]"] [diffTypes="[\"drop schema\"]"]
[2026/07/25 09:31:55.787 +08:00] [INFO] [syncer.go:281] ["mdl gets lock, update self version to owner"] [jobID=26] [version=22]
[2026/07/25 09:31:55.788 +08:00] [INFO] [schema_version.go:397] ["wait schema version synced success"] [category=ddl] [ver=22] [checkAssumedSvr=false] ["take time"=2.281583ms] [job="ID:26, Type:drop schema, State:running, SchemaState:delete only, SchemaID:22, TableID:0, RowCount:0, ArgLen:0, start time: 2026-07-25 09:31:55.702 +0800 CST, Err:<nil>, ErrCount:0, SnapshotVersion:0, Version: v2"] [summary="server count: 1"]
[2026/07/25 09:31:55.792 +08:00] [INFO] [job_worker.go:854] ["run one job step"] [category=ddl] [jobID=26] [conn=4] [job="ID:26, Type:drop schema, State:running, SchemaState:delete only, SchemaID:22, TableID:0, RowCount:0, ArgLen:0, start time: 2026-07-25 09:31:55.702 +0800 CST, Err:<nil>, ErrCount:0, SnapshotVersion:0, Version: v2"]
[2026/07/25 09:31:55.798 +08:00] [WARN] [ddl.go:700] ["fail to notify DDL event"] [category=ddl] [event="(Event Type: drop schema)"]
[2026/07/25 09:31:55.804 +08:00] [INFO] [loader.go:216] ["diff load InfoSchema success"] [mode=auto] [isV2=true] [currVer=22] [neededVer=23] [gotVer=23] ["elapsed time"=9.667µs] [phyTblIDs="[]"] [actionTypes="[]"] [diffTypes="[\"drop schema\"]"]
[2026/07/25 09:31:55.805 +08:00] [INFO] [syncer.go:281] ["mdl gets lock, update self version to owner"] [jobID=26] [version=23]
[2026/07/25 09:31:55.806 +08:00] [INFO] [schema_version.go:397] ["wait schema version synced success"] [category=ddl] [ver=23] [checkAssumedSvr=false] ["take time"=2.089833ms] [job="ID:26, Type:drop schema, State:done, SchemaState:none, SchemaID:22, TableID:0, RowCount:0, ArgLen:1, start time: 2026-07-25 09:31:55.702 +0800 CST, Err:<nil>, ErrCount:0, SnapshotVersion:0, Version: v2"] [summary="server count: 1"]
[2026/07/25 09:31:55.810 +08:00] [INFO] [delete_range.go:470] ["insert into delete-range table"] [category=ddl] [jobID=26] [tableIDs="[24]"] [comment="drop schema: table IDs"]
[2026/07/25 09:31:55.819 +08:00] [INFO] [delete_range.go:112] ["add job into delete-range table"] [category=ddl] [jobID=26] [jobType="drop schema"]
[2026/07/25 09:31:55.819 +08:00] [INFO] [job_worker.go:447] ["finish DDL job"] [category=ddl] [jobID=26] [conn=4] [job="ID:26, Type:drop schema, State:synced, SchemaState:none, SchemaID:22, TableID:0, RowCount:0, ArgLen:1, start time: 2026-07-25 09:31:55.702 +0800 CST, Err:<nil>, ErrCount:0, SnapshotVersion:0, Version: v2"]
[2026/07/25 09:31:55.826 +08:00] [INFO] [executor.go:7423] ["DDL job is finished"] [category=ddl] [jobID=26]
[2026/07/25 09:31:55.826 +08:00] [INFO] [session.go:5229] ["CRUCIAL OPERATION"] [conn=4] [schemaVersion=23] [cur_db=] [sql="drop database if exists ai_native_import_dml"] [user=]
[2026/07/25 09:31:55.832 +08:00] [INFO] [job_submitter.go:118] ["add DDL jobs"] [category=ddl] ["batch count"=1] [jobs="ID:28, Type:create schema, State:queueing, SchemaState:none, SchemaID:27, TableID:0, RowCount:0, ArgLen:1, start time: 2026-07-25 09:31:55.8 +0800 CST, Err:<nil>, ErrCount:0, SnapshotVersion:0, Version: v2; "] [fast_create=true]
[2026/07/25 09:31:55.832 +08:00] [INFO] [executor.go:7285] ["DDL job submitted"] [category=ddl] [job="ID:28, Type:create schema, State:queueing, SchemaState:none, SchemaID:27, TableID:0, RowCount:0, ArgLen:1, start time: 2026-07-25 09:31:55.8 +0800 CST, Err:<nil>, ErrCount:0, SnapshotVersion:0, Version: v2"] [query="create database ai_native_import_dml"]
[2026/07/25 09:31:55.834 +08:00] [INFO] [lock_resolver.go:1631] ["txn lock cleanup resolve-lock rpc finished"] [action=commit] [txnStartTS=467912128148275224] [commitTS=467912128148275225] [regionID=18] [resolveLite=true] [resolvedByCheckTxnStatus=false]
[2026/07/25 09:31:55.834 +08:00] [INFO] [lock_resolver.go:1631] ["txn lock cleanup resolve-lock rpc finished"] [action=commit] [txnStartTS=467912128148275224] [commitTS=467912128148275225] [regionID=18] [resolveLite=true] [resolvedByCheckTxnStatus=false]
[2026/07/25 09:31:55.834 +08:00] [INFO] [lock_resolver.go:1631] ["txn lock cleanup resolve-lock rpc finished"] [action=commit] [txnStartTS=467912128148275224] [commitTS=467912128148275225] [regionID=18] [resolveLite=true] [resolvedByCheckTxnStatus=false]
[2026/07/25 09:31:55.835 +08:00] [INFO] [job_worker.go:854] ["run one job step"] [category=ddl] [jobID=28] [conn=4] [job="ID:28, Type:create schema, State:queueing, SchemaState:none, SchemaID:27, TableID:0, RowCount:0, ArgLen:0, start time: 2026-07-25 09:31:55.8 +0800 CST, Err:<nil>, ErrCount:0, SnapshotVersion:0, Version: v2"]
[2026/07/25 09:31:55.843 +08:00] [INFO] [loader.go:216] ["diff load InfoSchema success"] [mode=auto] [isV2=true] [currVer=23] [neededVer=24] [gotVer=24] ["elapsed time"=158.708µs] [phyTblIDs="[]"] [actionTypes="[]"] [diffTypes="[\"create schema\"]"]
[2026/07/25 09:31:55.844 +08:00] [INFO] [lock_resolver.go:1631] ["txn lock cleanup resolve-lock rpc finished"] [action=commit] [txnStartTS=467912128148275228] [commitTS=467912128148275231] [regionID=18] [resolveLite=true] [resolvedByCheckTxnStatus=false]
[2026/07/25 09:31:55.844 +08:00] [INFO] [syncer.go:281] ["mdl gets lock, update self version to owner"] [jobID=28] [version=24]
[2026/07/25 09:31:55.845 +08:00] [INFO] [schema_version.go:397] ["wait schema version synced success"] [category=ddl] [ver=24] [checkAssumedSvr=false] ["take time"=2.844625ms] [job="ID:28, Type:create schema, State:done, SchemaState:public, SchemaID:27, TableID:0, RowCount:0, ArgLen:1, start time: 2026-07-25 09:31:55.8 +0800 CST, Err:<nil>, ErrCount:0, SnapshotVersion:0, Version: v2"] [summary="server count: 1"]
[2026/07/25 09:31:55.851 +08:00] [INFO] [job_worker.go:447] ["finish DDL job"] [category=ddl] [jobID=28] [conn=4] [job="ID:28, Type:create schema, State:synced, SchemaState:public, SchemaID:27, TableID:0, RowCount:0, ArgLen:0, start time: 2026-07-25 09:31:55.8 +0800 CST, Err:<nil>, ErrCount:0, SnapshotVersion:0, Version: v2"]
[2026/07/25 09:31:55.857 +08:00] [INFO] [executor.go:7423] ["DDL job is finished"] [category=ddl] [jobID=28]
[2026/07/25 09:31:55.857 +08:00] [INFO] [session.go:5229] ["CRUCIAL OPERATION"] [conn=4] [schemaVersion=24] [cur_db=] [sql="create database ai_native_import_dml"] [user=]
[2026/07/25 09:31:55.864 +08:00] [INFO] [job_submitter.go:118] ["add DDL jobs"] [category=ddl] ["batch count"=1] [jobs="ID:30, Type:create table, State:queueing, SchemaState:none, SchemaID:27, TableID:29, RowCount:0, ArgLen:1, start time: 2026-07-25 09:31:55.85 +0800 CST, Err:<nil>, ErrCount:0, SnapshotVersion:0, Version: v2; "] [fast_create=true]
[2026/07/25 09:31:55.864 +08:00] [INFO] [executor.go:7285] ["DDL job submitted"] [category=ddl] [job="ID:30, Type:create table, State:queueing, SchemaState:none, SchemaID:27, TableID:29, RowCount:0, ArgLen:1, start time: 2026-07-25 09:31:55.85 +0800 CST, Err:<nil>, ErrCount:0, SnapshotVersion:0, Version: v2"] [query="\t\tcreate table t (\n\t\t\tid bigint primary key,\n\t\t\tu bigint unique,\n\t\t\tpayload varchar(100)\n\t\t)"]
[2026/07/25 09:31:55.866 +08:00] [INFO] [lock_resolver.go:1631] ["txn lock cleanup resolve-lock rpc finished"] [action=commit] [txnStartTS=467912128161382414] [commitTS=467912128161382415] [regionID=18] [resolveLite=true] [resolvedByCheckTxnStatus=false]
[2026/07/25 09:31:55.866 +08:00] [INFO] [lock_resolver.go:1631] ["txn lock cleanup resolve-lock rpc finished"] [action=commit] [txnStartTS=467912128161382414] [commitTS=467912128161382415] [regionID=18] [resolveLite=true] [resolvedByCheckTxnStatus=false]
[2026/07/25 09:31:55.866 +08:00] [INFO] [lock_resolver.go:1631] ["txn lock cleanup resolve-lock rpc finished"] [action=commit] [txnStartTS=467912128161382414] [commitTS=467912128161382415] [regionID=18] [resolveLite=true] [resolvedByCheckTxnStatus=false]
[2026/07/25 09:31:55.866 +08:00] [INFO] [lock_resolver.go:1631] ["txn lock cleanup resolve-lock rpc finished"] [action=commit] [txnStartTS=467912128161382414] [commitTS=467912128161382415] [regionID=18] [resolveLite=true] [resolvedByCheckTxnStatus=false]
[2026/07/25 09:31:55.867 +08:00] [INFO] [job_worker.go:854] ["run one job step"] [category=ddl] [jobID=30] [conn=4] [job="ID:30, Type:create table, State:queueing, SchemaState:none, SchemaID:27, TableID:29, RowCount:0, ArgLen:0, start time: 2026-07-25 09:31:55.85 +0800 CST, Err:<nil>, ErrCount:0, SnapshotVersion:0, Version: v2"]
[2026/07/25 09:31:55.873 +08:00] [WARN] [ddl.go:700] ["fail to notify DDL event"] [category=ddl] [event="(Event Type: create table, Table ID: 29, Table Name: t)"]
[2026/07/25 09:31:55.880 +08:00] [INFO] [loader.go:216] ["diff load InfoSchema success"] [mode=auto] [isV2=true] [currVer=24] [neededVer=25] [gotVer=25] ["elapsed time"=525.416µs] [phyTblIDs="[29]"] [actionTypes="[3]"] [diffTypes="[\"create table\"]"]
[2026/07/25 09:31:55.881 +08:00] [INFO] [syncer.go:281] ["mdl gets lock, update self version to owner"] [jobID=30] [version=25]
[2026/07/25 09:31:55.882 +08:00] [INFO] [schema_version.go:397] ["wait schema version synced success"] [category=ddl] [ver=25] [checkAssumedSvr=false] ["take time"=3.268375ms] [job="ID:30, Type:create table, State:done, SchemaState:public, SchemaID:27, TableID:29, RowCount:0, ArgLen:1, start time: 2026-07-25 09:31:55.85 +0800 CST, Err:<nil>, ErrCount:0, SnapshotVersion:0, Version: v2"] [summary="server count: 1"]
[2026/07/25 09:31:55.887 +08:00] [INFO] [job_worker.go:447] ["finish DDL job"] [category=ddl] [jobID=30] [conn=4] [job="ID:30, Type:create table, State:synced, SchemaState:public, SchemaID:27, TableID:29, RowCount:0, ArgLen:0, start time: 2026-07-25 09:31:55.85 +0800 CST, Err:<nil>, ErrCount:0, SnapshotVersion:0, Version: v2"]
[2026/07/25 09:31:55.893 +08:00] [INFO] [executor.go:7423] ["DDL job is finished"] [category=ddl] [jobID=30]
[2026/07/25 09:31:55.893 +08:00] [INFO] [session.go:5229] ["CRUCIAL OPERATION"] [conn=4] [schemaVersion=25] [cur_db=ai_native_import_dml] [sql="\t\tcreate table t (\n\t\t\tid bigint primary key,\n\t\t\tu bigint unique,\n\t\t\tpayload varchar(100)\n\t\t)"] [user=]
[2026/07/25 09:31:55.897 +08:00] [INFO] [gcs.go:523] ["resetting gcs storage"]
[2026/07/25 09:31:55.905 +08:00] [INFO] [import_into.go:226] ["get job importer"] [param="{\"file-location\":\"gs://ai-import-dml-source/data.csv?endpoint=http://127.0.0.1:63094/storage/v1/\",\"format\":\"auto\",\"options\":{\"cloud_storage_uri\":\"gs://ai-import-dml-sort/data?endpoint=http://127.0.0.1:63094/storage/v1/\",\"detached\":null}}"] [dist-task-enabled=true]
[2026/07/25 09:31:55.923 +08:00] [INFO] [job.go:187] ["job submitted to task queue"] [job-id=120001] [task-key=keyspace1/ImportInto/120001] [task-id=120001] [global-sort=true] [async-prepare=true]
[2026/07/25 09:31:56.645 +08:00] [INFO] [runtime.go:172] ["TimerGroupRuntime loop started"] [groupID=ttl]
[2026/07/25 09:31:56.645 +08:00] [INFO] [runtime.go:444] ["create watch chan if possible for timer runtime"] [groupID=ttl] [storeSupportWatch=true]
[2026/07/25 09:31:56.645 +08:00] [INFO] [notifier.go:140] ["new etcd watcher created to watch timer events"] [EtcdKey=/tidb/timer/cluster/1/notify/d629f031-983a-4d2e-8f4e-93fac758f7d3] [watcherID=92983c30-1f19-4550-bc8a-52f30d5ffa60]
[2026/07/25 09:31:56.648 +08:00] [INFO] [slots.go:220] ["initialize slot capacity"] [capacity=14]
[2026/07/25 09:31:56.650 +08:00] [INFO] [scheduler_manager.go:331] ["subtask table gc loop start"] [server-id=:4000]
[2026/07/25 09:31:56.650 +08:00] [INFO] [scheduler_manager.go:217] ["schedule task loop start"] [server-id=:4000]
[2026/07/25 09:31:56.650 +08:00] [INFO] [scheduler_manager.go:407] ["cleanup loop start"] [server-id=:4000]
[2026/07/25 09:31:56.650 +08:00] [INFO] [scheduler_manager.go:544] ["collect loop start"] [server-id=:4000]
[2026/07/25 09:31:56.654 +08:00] [INFO] [store.go:95] ["new store"] [path="tikv://127.0.0.1:12379?keyspaceName=keyspace1"]
[2026/07/25 09:31:56.658 +08:00] [INFO] [service_discovery.go:1011] ["[pd] update member urls"] [old-sorted-urls="[http://127.0.0.1:12379]"] [new-sorted-urls="[http://192.168.124.17:12379]"]
[2026/07/25 09:31:56.658 +08:00] [INFO] [service_discovery.go:1030] ["[pd] switch leader"] [new-leader=http://192.168.124.17:12379] [old-leader=]
[2026/07/25 09:31:56.658 +08:00] [INFO] [service_discovery.go:509] ["[pd] init cluster id"] [cluster-id=7666268769414273286]
[2026/07/25 09:31:56.661 +08:00] [INFO] [client.go:214] ["[tso] switch the tso leader serving url"] [new-url=http://192.168.124.17:12379]
[2026/07/25 09:31:56.661 +08:00] [INFO] [inner_client.go:173] ["[pd] tso provider changed to pd"]
[2026/07/25 09:31:56.661 +08:00] [INFO] [watcher.go:56] ["[pd] start the deadline watcher"] [source=tso]
[2026/07/25 09:31:56.661 +08:00] [INFO] [client.go:251] ["[tso] start tso connection contexts updater"]
[2026/07/25 09:31:56.661 +08:00] [INFO] [dispatcher.go:146] ["[tso] tso dispatcher created"]
[2026/07/25 09:31:56.661 +08:00] [INFO] [dispatcher.go:598] ["[tso] switching tso rpc concurrency"] [old=0] [new=1]
[2026/07/25 09:31:56.662 +08:00] [INFO] [inner_client.go:154] ["[pd] service mode changed"] [new-mode=PD_SVC_MODE]
[2026/07/25 09:31:56.662 +08:00] [INFO] [router_service_discovery.go:162] ["[router service] created router service discovery"] [cluster-id=7666268769414273286] [keyspace-id=1] [default-discovery-key=/ms/7666268769414273286/router/registry/]
[2026/07/25 09:31:56.662 +08:00] [INFO] [router_service_discovery.go:174] ["[router service] initializing router service discovery"] [max-retry-times=100] [retry-interval=1s]
[2026/07/25 09:31:56.663 +08:00] [INFO] [router_service_discovery.go:260] ["[router service] update member sorted urls"] [new-sorted-urls="[]"]
[2026/07/25 09:31:56.663 +08:00] [INFO] [router_service_discovery.go:245] ["[router service] updating nodes succeeded"] [urls="[]"] [clients-length=0]
[2026/07/25 09:31:56.663 +08:00] [INFO] [client.go:407] ["[pd] create pd client with endpoints and keyspace"] [pd-address="[127.0.0.1:12379]"] [keyspace-name=keyspace1] [keyspace-id=1]
[2026/07/25 09:31:56.663 +08:00] [INFO] [inner_client.go:91] ["[pd] start router client initializer"]
[2026/07/25 09:31:56.663 +08:00] [INFO] [dispatcher.go:207] ["[tso] stop fetching the pending tso requests due to context canceled"]
[2026/07/25 09:31:56.663 +08:00] [INFO] [client.go:424] ["[router] connection daemon is started"]
[2026/07/25 09:31:56.663 +08:00] [INFO] [resource_manager_client.go:341] ["[resource manager] exit resource token dispatcher"]
[2026/07/25 09:31:56.663 +08:00] [ERROR] [client.go:500] ["[router] failed to create the leader router stream connection"] [error="rpc error: code = Canceled desc = context canceled"] [stack="github.com/tikv/pd/client/clients/router.(*Cli).updateConnection\n\t/Users/bba/.gvm/pkgsets/go1.25.1/global/pkg/mod/github.com/tikv/pd/client@v0.0.0-20260708075407-4e05b9d2c2d3/clients/router/client.go:500\ngithub.com/tikv/pd/client/clients/router.(*Cli).connectionDaemon\n\t/Users/bba/.gvm/pkgsets/go1.25.1/global/pkg/mod/github.com/tikv/pd/client@v0.0.0-20260708075407-4e05b9d2c2d3/clients/router/client.go:426"]
[2026/07/25 09:31:56.663 +08:00] [INFO] [dispatcher.go:149] ["[tso] exit tso dispatcher"]
[2026/07/25 09:31:56.663 +08:00] [WARN] [client.go:511] ["[router] failed to create the leader router stream connection"]
[2026/07/25 09:31:56.663 +08:00] [INFO] [client.go:277] ["[tso] exit tso connection contexts updater"]
[2026/07/25 09:31:56.663 +08:00] [INFO] [watcher.go:73] ["[pd] exit the deadline watcher"] [source=tso]
[2026/07/25 09:31:56.663 +08:00] [INFO] [inner_client.go:96] ["[pd] exit router client initializer"]
[2026/07/25 09:31:56.663 +08:00] [INFO] [router_service_discovery.go:315] ["[router service] exit health check member loop"]
[2026/07/25 09:31:56.663 +08:00] [INFO] [service_discovery.go:562] ["[pd] exit member loop due to context canceled"]
[2026/07/25 09:31:56.663 +08:00] [INFO] [client.go:585] ["[router] dispatcher is started"]
[2026/07/25 09:31:56.663 +08:00] [INFO] [client.go:587] ["[router] dispatcher is exiting"]
[2026/07/25 09:31:56.663 +08:00] [INFO] [client.go:592] ["[router] dispatcher exited"]
[2026/07/25 09:31:56.663 +08:00] [INFO] [router_service_discovery.go:287] ["[router service] closing router service discovery"]
[2026/07/25 09:31:56.663 +08:00] [INFO] [stream.go:366] ["tsoStream.recvLoop ended"] [stream=192.168.124.17:12379-4] [error="rpc error: code = Canceled desc = context canceled"] [errorVerbose="rpc error: code = Canceled desc = context canceled\ngithub.com/tikv/pd/client/clients/tso.(*tsoStream).recvLoop\n\t/Users/bba/.gvm/pkgsets/go1.25.1/global/pkg/mod/github.com/tikv/pd/client@v0.0.0-20260708075407-4e05b9d2c2d3/clients/tso/stream.go:434\nruntime.goexit\n\t/Users/bba/.gvm/pkgsets/go1.25.1/global/pkg/mod/golang.org/toolchain@v0.0.1-go1.25.10.darwin-arm64/src/runtime/asm_arm64.s:1268"]
[2026/07/25 09:31:56.663 +08:00] [INFO] [client.go:430] ["[router] connection daemon is exiting"]
[2026/07/25 09:31:56.663 +08:00] [INFO] [router_service_discovery.go:273] ["[router service] exit check member loop"]
[2026/07/25 09:31:56.663 +08:00] [INFO] [router_service_discovery.go:303] ["[router service] is closed"]
[2026/07/25 09:31:56.663 +08:00] [INFO] [client.go:155] ["[tso] closing tso client"]
[2026/07/25 09:31:56.663 +08:00] [INFO] [client.go:160] ["[tso] close tso client"]
[2026/07/25 09:31:56.663 +08:00] [INFO] [client.go:162] ["[tso] tso client is closed"]
[2026/07/25 09:31:56.663 +08:00] [INFO] [service_discovery.go:653] ["[pd] close service discovery client"]
[2026/07/25 09:31:56.663 +08:00] [INFO] [inner_client.go:275] ["[pd] close client successfully"]
[2026/07/25 09:31:56.663 +08:00] [INFO] [store.go:104] ["new store with retry success"]
[2026/07/25 09:31:56.665 +08:00] [INFO] [syncer.go:258] ["found stale server info with same IP+Port, cleaning up"] [staleID=a5e70f2f-2fa3-4c6b-8dea-fe31eaac39bd] [ip=] [port=4002]
[2026/07/25 09:31:56.665 +08:00] [INFO] [manager.go:502] ["deleting stale owner key"] [key=/tidb/ddl/fg/owner/27db9f96d9e2a467] [staleID=a5e70f2f-2fa3-4c6b-8dea-fe31eaac39bd]
[2026/07/25 09:31:56.666 +08:00] [INFO] [manager.go:636] ["watch failed, owner is deleted"] [key=/tidb/ddl/fg/owner] [id=a5e70f2f-2fa3-4c6b-8dea-fe31eaac39bd] [ownerKey=/tidb/ddl/fg/owner/27db9f96d9e2a467] [currRev=725]
[2026/07/25 09:31:56.666 +08:00] [INFO] [manager.go:420] ["watch owner finished"] [key=/tidb/ddl/fg/owner] [id=a5e70f2f-2fa3-4c6b-8dea-fe31eaac39bd] []
[2026/07/25 09:31:56.666 +08:00] [INFO] [manager.go:333] ["retire owner"] [key=/tidb/ddl/fg/owner] [id=a5e70f2f-2fa3-4c6b-8dea-fe31eaac39bd]
[2026/07/25 09:31:56.666 +08:00] [INFO] [job_scheduler.go:269] ["scheduleLoop quit due to context canceled"] [category=ddl]
[2026/07/25 09:31:56.666 +08:00] [INFO] [syncer.go:488] ["schema version sync loop interrupted, retrying..."] [category=ddl]
[2026/07/25 09:31:56.666 +08:00] [INFO] [ddl_workerpool.go:78] ["closing workerPool"] [category=ddl]
[2026/07/25 09:31:56.666 +08:00] [INFO] [ddl_workerpool.go:78] ["closing workerPool"] [category=ddl]
[2026/07/25 09:31:56.666 +08:00] [INFO] [job_worker.go:267] ["DDL worker closed"] [category=ddl] [worker="worker 1, tp general"] ["take time"=2.75µs]
[2026/07/25 09:31:56.666 +08:00] [INFO] [job_worker.go:267] ["DDL worker closed"] [category=ddl] [worker="worker 2, tp general"] ["take time"=1.792µs]
[2026/07/25 09:31:56.666 +08:00] [INFO] [job_worker.go:267] ["DDL worker closed"] [category=ddl] [worker="worker 3, tp general"] ["take time"=1.917µs]
[2026/07/25 09:31:56.666 +08:00] [INFO] [ddl_workerpool.go:78] ["closing workerPool"] [category=ddl]
[2026/07/25 09:31:56.666 +08:00] [INFO] [manager.go:424] ["is not the owner"] [key=/tidb/ddl/fg/owner] [id=a5e70f2f-2fa3-4c6b-8dea-fe31eaac39bd]
[2026/07/25 09:31:56.668 +08:00] [INFO] [manager.go:527] ["get owner"] [key=/tidb/ddl/fg/owner] ["owner key"=/tidb/ddl/fg/owner/27db9f96d9e2a467] [ownerID=a5e70f2f-2fa3-4c6b-8dea-fe31eaac39bd]
[2026/07/25 09:31:56.668 +08:00] [INFO] [manager.go:324] ["become owner"] [key=/tidb/ddl/fg/owner] [id=a5e70f2f-2fa3-4c6b-8dea-fe31eaac39bd]
[2026/07/25 09:31:56.668 +08:00] [INFO] [manager.go:616] ["watching owner key"] [key=/tidb/ddl/fg/owner] [id=a5e70f2f-2fa3-4c6b-8dea-fe31eaac39bd] [ownerKey=/tidb/ddl/fg/owner/27db9f96d9e2a467] [currRev=747]
[2026/07/25 09:31:56.668 +08:00] [INFO] [job_scheduler.go:363] ["get global state and global state change"] [category=ddl] [oldState=false] [currState=false]
[2026/07/25 09:31:56.669 +08:00] [INFO] [manager.go:561] ["set owner op is the same as the original, so do nothing."] [key=/tidb/ddl/fg/owner] [id=a5e70f2f-2fa3-4c6b-8dea-fe31eaac39bd] [op=none]
[2026/07/25 09:31:56.669 +08:00] [INFO] [job_scheduler.go:375] ["the owner sets owner operator value"] [category=ddl] [ownerOp=none]
[2026/07/25 09:31:56.677 +08:00] [INFO] [loader.go:281] ["full load InfoSchema success"] [targetKS=keyspace1] [mode=full] [isV2=false] [currentSchemaVersion=0] [neededSchemaVersion=25] ["elapsed time"=5.105958ms]
[2026/07/25 09:31:56.677 +08:00] [INFO] [syncer.go:456] ["full load and reset schema validator"] [targetKS=keyspace1]
[2026/07/25 09:31:56.677 +08:00] [INFO] [cross_ks.go:346] ["create cross keyspace session manager"] [targetKS=keyspace1] [cost=22.719458ms]
[2026/07/25 09:31:56.677 +08:00] [INFO] [cross_ks.go:157] ["acquire cross keyspace runtime"] [targetKS=keyspace1] [holderID=DXF/scheduler/120001] [activeHolderCount=1]
[2026/07/25 09:31:56.677 +08:00] [INFO] [scheduler.go:114] ["create base scheduler"] [task-id=120001] [task-key=keyspace1/ImportInto/120001] [server-id=:4000] [task-type=ImportInto] [allocated-slots=true]
[2026/07/25 09:31:56.677 +08:00] [INFO] [scheduler_manager.go:386] ["task scheduler started"] [server-id=:4000] [task-id=120001] [task-key=keyspace1/ImportInto/120001]
[2026/07/25 09:31:56.677 +08:00] [INFO] [scheduler.go:127] ["schedule task"] [task-id=120001] [task-key=keyspace1/ImportInto/120001] [server-id=:4000] [state=pending] [step=init] [requiredSlots=1] [prepare-mode=required]
[2026/07/25 09:31:56.742 +08:00] [INFO] [runtime.go:172] ["TimerGroupRuntime loop started"] [groupID=ttl]
[2026/07/25 09:31:56.742 +08:00] [INFO] [runtime.go:444] ["create watch chan if possible for timer runtime"] [groupID=ttl] [storeSupportWatch=true]
[2026/07/25 09:31:56.742 +08:00] [INFO] [notifier.go:140] ["new etcd watcher created to watch timer events"] [EtcdKey=/tidb/timer/cluster/1/notify/686d2fd9-8e64-43d2-9b1f-8de7abddc5c3] [watcherID=1f3292c6-2706-4565-9cd1-6c2cdf7a2329]
[2026/07/25 09:31:57.187 +08:00] [INFO] [gcs.go:523] ["resetting gcs storage"] [task-id=120001] [task-key=keyspace1/ImportInto/120001] [server-id=:4000]
[2026/07/25 09:31:57.187 +08:00] [INFO] [gcs.go:523] ["resetting gcs storage"] [task-id=120001] [task-key=keyspace1/ImportInto/120001] [server-id=:4000]
[2026/07/25 09:31:57.189 +08:00] [INFO] [import.go:1695] ["detect and update import plan format based on file extension"] [task-id=120001] [task-key=keyspace1/ImportInto/120001] [server-id=:4000] [file=data.csv] ["detected format"=csv]
[2026/07/25 09:31:57.192 +08:00] [INFO] [import.go:1672] ["auto calculate resource related params"] [task-id=120001] [task-key=keyspace1/ImportInto/120001] [server-id=:4000] [db=ai_native_import_dml] [table=t] [tableID=29] [thread=1] [maxNode=1] [distsqlScanConcurrency=15] [targetNodeCPU=14] [totalFileSize=13B] [totalRealSize=13B] [fileCount=1] [numOfIndexGenKV=1] [indexSizeRatio=0.9523809523809523] [amplifyFactor=1] [costTime=3.615292ms]
[2026/07/25 09:31:57.200 +08:00] [INFO] [table_import.go:481] ["populate chunks start"] [task-id=120001] [task-key=keyspace1/ImportInto/120001] [server-id=:4000] [executeNodesCnt=1] [totalFileSize=13]
[2026/07/25 09:31:57.200 +08:00] [INFO] [table_import.go:493] ["adjust max engine size"] [task-id=120001] [task-key=keyspace1/ImportInto/120001] [server-id=:4000] [before=107374182400] [after=13]
[2026/07/25 09:31:57.200 +08:00] [INFO] [region.go:326] [makeTableRegions] [task-id=120001] [task-key=keyspace1/ImportInto/120001] [server-id=:4000] [filesCount=1] [MaxChunkSize=268435456] [RegionsCount=1] [BatchSize=13] [cost=26.042µs]
[2026/07/25 09:31:57.200 +08:00] [INFO] [table_import.go:484] ["populate chunks completed"] [task-id=120001] [task-key=keyspace1/ImportInto/120001] [server-id=:4000] [executeNodesCnt=1] [totalFileSize=13] [subtaskCnt=2] [takeTime=94.458µs] []
[2026/07/25 09:31:57.200 +08:00] [INFO] [gcs.go:523] ["resetting gcs storage"] [task-id=120001] [task-key=keyspace1/ImportInto/120001] [server-id=:4000]
[2026/07/25 09:31:57.210 +08:00] [INFO] [scheduler.go:556] ["switch to next step"] [task-id=120001] [task-key=keyspace1/ImportInto/120001] [server-id=:4000] [current-step=prepared] [next-step=encode] [required-slots=1] [runtime-slots=1]
[2026/07/25 09:31:57.210 +08:00] [INFO] [scheduler.go:590] ["eligible instances"] [task-id=120001] [task-key=keyspace1/ImportInto/120001] [server-id=:4000] [num=1]
[2026/07/25 09:31:57.210 +08:00] [INFO] [scheduler.go:413] ["on next subtasks batch"] [task-id=120001] [task-key=keyspace1/ImportInto/120001] [server-id=:4000] [curr-step=prepared] [next-step=encode] [node-count=1] [db-name=ai_native_import_dml] [table-name=t] [db-id=27] [table-id=29]
[2026/07/25 09:31:57.219 +08:00] [INFO] [gcs.go:523] ["resetting gcs storage"] [task-id=120001] [task-key=keyspace1/ImportInto/120001] [server-id=:4000]
[2026/07/25 09:31:57.220 +08:00] [INFO] [gcs.go:523] ["resetting gcs storage"] [task-id=120001] [task-key=keyspace1/ImportInto/120001] [server-id=:4000]
[2026/07/25 09:31:57.221 +08:00] [INFO] [scheduler.go:547] ["generate subtasks"] [task-id=120001] [task-key=keyspace1/ImportInto/120001] [server-id=:4000] [curr-step=prepared] [next-step=encode] [node-count=1] [db-name=ai_native_import_dml] [table-name=t] [db-id=27] [table-id=29] [subtask-count=1]
[2026/07/25 09:31:57.221 +08:00] [INFO] [scheduler.go:616] ["schedule subtasks"] [task-id=120001] [task-key=keyspace1/ImportInto/120001] [server-id=:4000] [state=pending] [step=encode] [requiredSlots=1] [subtasks=1]
[2026/07/25 09:31:57.457 +08:00] [INFO] [cross_ks.go:157] ["acquire cross keyspace runtime"] [targetKS=keyspace1] [holderID=DXF/executor/120001] [activeHolderCount=2]
[2026/07/25 09:31:57.457 +08:00] [INFO] [manager.go:362] ["task executor started"] [server-id=:4000] [task-id=120001] [task-key=keyspace1/ImportInto/120001] [type=ImportInto] [required-slots=1] [runtime-slots=1] [node-remaining-slots=13]
[2026/07/25 09:31:57.566 +08:00] [INFO] [pd.go:434] ["adaptive update ts interval state transition"] [configuredInterval=2s] [prevAdaptiveUpdateInterval=2s] [newAdaptiveUpdateInterval=2s] [requiredStaleness=0s] [prevState=unknown(0)] [newState=normal]
[2026/07/25 09:31:57.630 +08:00] [INFO] [info.go:988] [SetTiFlashGroupConfig]
[2026/07/25 09:31:57.650 +08:00] [WARN] [nodes.go:87] ["generate task executor nodes met error"] [category=dxf] [sampled=] [server-id=:4000] [error="not found instance"]
[2026/07/25 09:31:57.673 +08:00] [INFO] [pd.go:434] ["adaptive update ts interval state transition"] [configuredInterval=2s] [prevAdaptiveUpdateInterval=2s] [newAdaptiveUpdateInterval=2s] [requiredStaleness=0s] [prevState=unknown(0)] [newState=normal]
[2026/07/25 09:31:57.682 +08:00] [INFO] [scheduler.go:116] ["register task to pd or refresh lease success"] [task-id=120001] [task-key=keyspace1/ImportInto/120001] [server-id=:4000]
[2026/07/25 09:31:57.723 +08:00] [INFO] [info.go:988] [SetTiFlashGroupConfig]
[2026/07/25 09:31:57.761 +08:00] [INFO] [task_executor.go:926] ["got indices that generate kv"] [task-id=120001] [task-key=keyspace1/ImportInto/120001] [step=encode] [indices="{\"1\":{\"Unique\":true}}"]
[2026/07/25 09:31:57.761 +08:00] [INFO] [task_executor.go:147] ["init subtask env"] [task-id=120001] [task-key=keyspace1/ImportInto/120001] [step=encode]
[2026/07/25 09:31:57.761 +08:00] [INFO] [gcs.go:523] ["resetting gcs storage"] [task-id=120001] [task-key=keyspace1/ImportInto/120001] [server-id=:4000]
[2026/07/25 09:31:57.762 +08:00] [INFO] [gcs.go:523] ["resetting gcs storage"] [task-id=120001] [task-key=keyspace1/ImportInto/120001] [server-id=:4000]
[2026/07/25 09:31:57.766 +08:00] [INFO] [local.go:771] ["multi ingest support"] [task-id=120001] [task-key=keyspace1/ImportInto/120001] [server-id=:4000]
[2026/07/25 09:31:57.767 +08:00] [INFO] [local.go:793] ["TiKV server side free space check is enabled, so lightning will turn it off"] [task-id=120001] [task-key=keyspace1/ImportInto/120001] [server-id=:4000]
[2026/07/25 09:31:57.767 +08:00] [INFO] [table_import.go:834] ["use 0.8 of the storage size as default disk quota"] [task-id=120001] [task-key=keyspace1/ImportInto/120001] [step=encode] [quota=795.7GB]
[2026/07/25 09:31:57.767 +08:00] [INFO] [task_executor.go:181] ["KV writer memory buf info"] [task-id=120001] [task-key=keyspace1/ImportInto/120001] [step=encode] [data-buf-limit=987.4MiB] [per-index-buf-limit=329.1MiB] [data-buf-block-size=120MiB] [index-buf-block-size=16MiB]
[2026/07/25 09:31:57.767 +08:00] [INFO] [task_executor.go:434] ["execute task step start"] [task-id=120001] [task-key=keyspace1/ImportInto/120001] [server-id=:4000] [step=encode] [mem-limit-percent=0.7] [server-mem-limit=80%] [resource="[CPU=1, Mem=2.571GiB]"]
[2026/07/25 09:31:57.774 +08:00] [INFO] [task_executor.go:497] ["run subtask start"] [task-id=120001] [task-key=keyspace1/ImportInto/120001] [server-id=:4000] [subtaskID=120001] [step=encode]
[2026/07/25 09:31:57.774 +08:00] [INFO] [task_executor.go:248] ["run subtask start"] [task-id=120001] [task-key=keyspace1/ImportInto/120001] [step=encode] [subtask-id=120001]
[2026/07/25 09:31:57.774 +08:00] [INFO] [gcs.go:523] ["resetting gcs storage"] [task-id=120001] [task-key=keyspace1/ImportInto/120001] [server-id=:4000] [subtaskID=120001] [step=encode]
[2026/07/25 09:31:57.775 +08:00] [INFO] [chunk_process.go:403] ["process chunk start"] [task-id=120001] [task-key=keyspace1/ImportInto/120001] [step=encode] [subtask-id=120001] [key=data.csv:0]
[2026/07/25 09:31:57.780 +08:00] [INFO] [chunk_process.go:407] ["process chunk completed"] [task-id=120001] [task-key=keyspace1/ImportInto/120001] [step=encode] [subtask-id=120001] [key=data.csv:0] [readDur=270.125µs] [encodeDur=61.625µs] [checksum="{cksum=16892362361973954928,size=82,kvs=2}"] [deliverDur=4.207667ms] [type=file] [takeTime=4.604ms] []
[2026/07/25 09:31:57.784 +08:00] [INFO] [writer.go:767] ["flush sorted kv"] [task-id=120001] [task-key=keyspace1/ImportInto/120001] [server-id=:4000] [subtaskID=120001] [step=encode] [writer-id=data/7ce4de1f-a695-4962-952e-551dd97d7338] [sequence-number=0] [bytes=58] [stat-size=82] [write-time=4.0665ms] [write-speed(bytes/s)=13.93KiB]
[2026/07/25 09:31:57.784 +08:00] [INFO] [writer.go:642] ["flush kv"] [task-id=120001] [task-key=keyspace1/ImportInto/120001] [server-id=:4000] [subtaskID=120001] [step=encode] [writer-id=data/7ce4de1f-a695-4962-952e-551dd97d7338] [sequence-number=0] [bytes=58] [kv-cnt=1] [sort-time=33.25µs] [write-time=4.111417ms] [sort-speed(kv/s)=30075.1880] [writer-id=data/7ce4de1f-a695-4962-952e-551dd97d7338] [on-dup=error] [dup-cnt=0] [recorded-dup-cnt=0]
[2026/07/25 09:31:57.784 +08:00] [INFO] [writer.go:535] ["close writer"] [task-id=120001] [task-key=keyspace1/ImportInto/120001] [server-id=:4000] [subtaskID=120001] [step=encode] [writerID=data/7ce4de1f-a695-4962-952e-551dd97d7338] [kv-cnt-cap=1] [minKey=7800000174800000000000001d5f728000000000000001] [maxKey=7800000174800000000000001d5f728000000000000001] [kv-file-count=1] [dup-file-count=0] [total-size=42B] [total-kv-cnt=1]
[2026/07/25 09:31:57.785 +08:00] [INFO] [writer.go:767] ["flush sorted kv"] [task-id=120001] [task-key=keyspace1/ImportInto/120001] [server-id=:4000] [subtaskID=120001] [step=encode] [writer-id=index/1/7ce4de1f-a695-4962-952e-551dd97d7338] [sequence-number=0] [bytes=56] [stat-size=100] [write-time=988.958µs] [write-speed(bytes/s)=55.3KiB]
[2026/07/25 09:31:57.785 +08:00] [INFO] [writer.go:642] ["flush kv"] [task-id=120001] [task-key=keyspace1/ImportInto/120001] [server-id=:4000] [subtaskID=120001] [step=encode] [writer-id=index/1/7ce4de1f-a695-4962-952e-551dd97d7338] [sequence-number=0] [bytes=56] [kv-cnt=1] [sort-time=250ns] [write-time=1.009333ms] [sort-speed(kv/s)=4000000.0000] [writer-id=index/1/7ce4de1f-a695-4962-952e-551dd97d7338] [on-dup=error] [dup-cnt=0] [recorded-dup-cnt=0]
[2026/07/25 09:31:57.785 +08:00] [INFO] [writer.go:535] ["close writer"] [task-id=120001] [task-key=keyspace1/ImportInto/120001] [server-id=:4000] [subtaskID=120001] [step=encode] [writerID=index/1/7ce4de1f-a695-4962-952e-551dd97d7338] [kv-cnt-cap=1] [minKey=7800000174800000000000001d5f698000000000000001038000000000000064] [maxKey=7800000174800000000000001d5f698000000000000001038000000000000064] [kv-file-count=1] [dup-file-count=0] [total-size=40B] [total-kv-cnt=1]
[2026/07/25 09:31:57.785 +08:00] [INFO] [task_executor.go:375] ["on subtask finished"] [task-id=120001] [task-key=keyspace1/ImportInto/120001] [step=encode] [engine-id=0]
[2026/07/25 09:31:57.786 +08:00] [INFO] [task_executor.go:255] ["run subtask completed"] [task-id=120001] [task-key=keyspace1/ImportInto/120001] [step=encode] [subtask-id=120001] [data-kv-files=1] [index-kv-files=1] [obj-store-access="{requests: {get: 1, put: 5}, traffic: {r: 221, w: 1309}}"] [takeTime=12.430833ms] []
[2026/07/25 09:31:57.790 +08:00] [INFO] [task_executor.go:526] ["run subtask completed"] [task-id=120001] [task-key=keyspace1/ImportInto/120001] [server-id=:4000] [subtaskID=120001] [step=encode] [takeTime=16.646417ms] []
[2026/07/25 09:31:58.181 +08:00] [INFO] [scheduler.go:556] ["switch to next step"] [task-id=120001] [task-key=keyspace1/ImportInto/120001] [server-id=:4000] [current-step=encode] [next-step=merge-sort] [required-slots=1] [runtime-slots=1]
[2026/07/25 09:31:58.181 +08:00] [INFO] [scheduler.go:590] ["eligible instances"] [task-id=120001] [task-key=keyspace1/ImportInto/120001] [server-id=:4000] [num=1]
[2026/07/25 09:31:58.182 +08:00] [INFO] [scheduler.go:413] ["on next subtasks batch"] [task-id=120001] [task-key=keyspace1/ImportInto/120001] [server-id=:4000] [curr-step=encode] [next-step=merge-sort] [node-count=1] [db-name=ai_native_import_dml] [table-name=t] [db-id=27] [table-id=29]
[2026/07/25 09:31:58.185 +08:00] [INFO] [gcs.go:523] ["resetting gcs storage"] [task-id=120001] [task-key=keyspace1/ImportInto/120001] [server-id=:4000]
[2026/07/25 09:31:58.186 +08:00] [INFO] [planner.go:473] ["skip merge sort for kv group"] [task-id=120001] [task-key=keyspace1/ImportInto/120001] [server-id=:4000] [task-id=120001] [kv-group=data]
[2026/07/25 09:31:58.186 +08:00] [INFO] [planner.go:473] ["skip merge sort for kv group"] [task-id=120001] [task-key=keyspace1/ImportInto/120001] [server-id=:4000] [task-id=120001] [kv-group=1]
[2026/07/25 09:31:58.186 +08:00] [INFO] [gcs.go:523] ["resetting gcs storage"] [task-id=120001] [task-key=keyspace1/ImportInto/120001] [server-id=:4000]
[2026/07/25 09:31:58.186 +08:00] [INFO] [scheduler.go:547] ["generate subtasks"] [task-id=120001] [task-key=keyspace1/ImportInto/120001] [server-id=:4000] [curr-step=encode] [next-step=merge-sort] [node-count=1] [db-name=ai_native_import_dml] [table-name=t] [db-id=27] [table-id=29] [subtask-count=0]
[2026/07/25 09:31:58.186 +08:00] [INFO] [scheduler.go:616] ["schedule subtasks"] [task-id=120001] [task-key=keyspace1/ImportInto/120001] [server-id=:4000] [state=running] [step=merge-sort] [requiredSlots=1] [subtasks=0]
[2026/07/25 09:31:58.650 +08:00] [WARN] [nodes.go:87] ["generate task executor nodes met error"] [category=dxf] [sampled=] [server-id=:4000] [error="not found instance"]
[2026/07/25 09:31:58.679 +08:00] [INFO] [scheduler.go:556] ["switch to next step"] [task-id=120001] [task-key=keyspace1/ImportInto/120001] [server-id=:4000] [current-step=merge-sort] [next-step=ingest] [required-slots=1] [runtime-slots=1]
[2026/07/25 09:31:58.680 +08:00] [INFO] [scheduler.go:590] ["eligible instances"] [task-id=120001] [task-key=keyspace1/ImportInto/120001] [server-id=:4000] [num=1]
[2026/07/25 09:31:58.680 +08:00] [INFO] [scheduler.go:413] ["on next subtasks batch"] [task-id=120001] [task-key=keyspace1/ImportInto/120001] [server-id=:4000] [curr-step=merge-sort] [next-step=ingest] [node-count=1] [db-name=ai_native_import_dml] [table-name=t] [db-id=27] [table-id=29]
[2026/07/25 09:31:58.687 +08:00] [INFO] [gcs.go:523] ["resetting gcs storage"] [task-id=120001] [task-key=keyspace1/ImportInto/120001] [server-id=:4000]
[2026/07/25 09:31:58.689 +08:00] [INFO] [service_discovery.go:1011] ["[pd] update member urls"] [old-sorted-urls="[http://127.0.0.1:12379]"] [new-sorted-urls="[http://192.168.124.17:12379]"]
[2026/07/25 09:31:58.689 +08:00] [INFO] [service_discovery.go:1030] ["[pd] switch leader"] [new-leader=http://192.168.124.17:12379] [old-leader=]
[2026/07/25 09:31:58.689 +08:00] [INFO] [service_discovery.go:509] ["[pd] init cluster id"] [cluster-id=7666268769414273286]
[2026/07/25 09:31:58.692 +08:00] [INFO] [client.go:214] ["[tso] switch the tso leader serving url"] [new-url=http://192.168.124.17:12379]
[2026/07/25 09:31:58.692 +08:00] [INFO] [inner_client.go:173] ["[pd] tso provider changed to pd"]
[2026/07/25 09:31:58.692 +08:00] [INFO] [watcher.go:56] ["[pd] start the deadline watcher"] [source=tso]
[2026/07/25 09:31:58.692 +08:00] [INFO] [client.go:251] ["[tso] start tso connection contexts updater"]
[2026/07/25 09:31:58.692 +08:00] [INFO] [dispatcher.go:146] ["[tso] tso dispatcher created"]
[2026/07/25 09:31:58.692 +08:00] [INFO] [dispatcher.go:598] ["[tso] switching tso rpc concurrency"] [old=0] [new=1]
[2026/07/25 09:31:58.693 +08:00] [INFO] [inner_client.go:154] ["[pd] service mode changed"] [new-mode=PD_SVC_MODE]
[2026/07/25 09:31:58.693 +08:00] [INFO] [router_service_discovery.go:162] ["[router service] created router service discovery"] [cluster-id=7666268769414273286] [keyspace-id=1] [default-discovery-key=/ms/7666268769414273286/router/registry/]
[2026/07/25 09:31:58.693 +08:00] [INFO] [router_service_discovery.go:174] ["[router service] initializing router service discovery"] [max-retry-times=100] [retry-interval=1s]
[2026/07/25 09:31:58.693 +08:00] [INFO] [router_service_discovery.go:260] ["[router service] update member sorted urls"] [new-sorted-urls="[]"]
[2026/07/25 09:31:58.693 +08:00] [INFO] [router_service_discovery.go:245] ["[router service] updating nodes succeeded"] [urls="[]"] [clients-length=0]
[2026/07/25 09:31:58.693 +08:00] [INFO] [client.go:407] ["[pd] create pd client with endpoints and keyspace"] [pd-address="[127.0.0.1:12379]"] [keyspace-name=keyspace1] [keyspace-id=1]
[2026/07/25 09:31:58.693 +08:00] [INFO] [client.go:424] ["[router] connection daemon is started"]
[2026/07/25 09:31:58.693 +08:00] [INFO] [client.go:585] ["[router] dispatcher is started"]
[2026/07/25 09:31:58.693 +08:00] [INFO] [inner_client.go:91] ["[pd] start router client initializer"]
[2026/07/25 09:31:58.693 +08:00] [INFO] [client.go:509] ["[router] successfully established the leader router stream connection"] [url=http://192.168.124.17:12379]
[2026/07/25 09:31:58.694 +08:00] [INFO] [service_discovery.go:562] ["[pd] exit member loop due to context canceled"]
[2026/07/25 09:31:58.694 +08:00] [INFO] [client.go:606] ["[router] stop fetching the pending router requests due to context canceled"]
[2026/07/25 09:31:58.694 +08:00] [INFO] [client.go:430] ["[router] connection daemon is exiting"]
[2026/07/25 09:31:58.694 +08:00] [INFO] [inner_client.go:96] ["[pd] exit router client initializer"]
[2026/07/25 09:31:58.694 +08:00] [INFO] [client.go:587] ["[router] dispatcher is exiting"]
[2026/07/25 09:31:58.694 +08:00] [INFO] [watcher.go:73] ["[pd] exit the deadline watcher"] [source=tso]
[2026/07/25 09:31:58.694 +08:00] [INFO] [client.go:592] ["[router] dispatcher exited"]
[2026/07/25 09:31:58.694 +08:00] [INFO] [client.go:277] ["[tso] exit tso connection contexts updater"]
[2026/07/25 09:31:58.694 +08:00] [INFO] [router_service_discovery.go:315] ["[router service] exit health check member loop"]
[2026/07/25 09:31:58.694 +08:00] [INFO] [router_service_discovery.go:273] ["[router service] exit check member loop"]
[2026/07/25 09:31:58.694 +08:00] [INFO] [dispatcher.go:207] ["[tso] stop fetching the pending tso requests due to context canceled"]
[2026/07/25 09:31:58.694 +08:00] [INFO] [resource_manager_client.go:341] ["[resource manager] exit resource token dispatcher"]
[2026/07/25 09:31:58.694 +08:00] [INFO] [dispatcher.go:149] ["[tso] exit tso dispatcher"]
[2026/07/25 09:31:58.694 +08:00] [INFO] [router_service_discovery.go:287] ["[router service] closing router service discovery"]
[2026/07/25 09:31:58.694 +08:00] [INFO] [router_service_discovery.go:303] ["[router service] is closed"]
[2026/07/25 09:31:58.694 +08:00] [INFO] [client.go:155] ["[tso] closing tso client"]
[2026/07/25 09:31:58.694 +08:00] [INFO] [stream.go:366] ["tsoStream.recvLoop ended"] [stream=192.168.124.17:12379-5] [error="rpc error: code = Canceled desc = context canceled"] [errorVerbose="rpc error: code = Canceled desc = context canceled\ngithub.com/tikv/pd/client/clients/tso.(*tsoStream).recvLoop\n\t/Users/bba/.gvm/pkgsets/go1.25.1/global/pkg/mod/github.com/tikv/pd/client@v0.0.0-20260708075407-4e05b9d2c2d3/clients/tso/stream.go:434\nruntime.goexit\n\t/Users/bba/.gvm/pkgsets/go1.25.1/global/pkg/mod/golang.org/toolchain@v0.0.1-go1.25.10.darwin-arm64/src/runtime/asm_arm64.s:1268"]
[2026/07/25 09:31:58.694 +08:00] [INFO] [client.go:160] ["[tso] close tso client"]
[2026/07/25 09:31:58.694 +08:00] [INFO] [client.go:162] ["[tso] tso client is closed"]
[2026/07/25 09:31:58.694 +08:00] [INFO] [service_discovery.go:653] ["[pd] close service discovery client"]
[2026/07/25 09:31:58.695 +08:00] [INFO] [inner_client.go:275] ["[pd] close client successfully"]
[2026/07/25 09:31:58.695 +08:00] [INFO] [planner.go:744] ["split kv range with split size and keys"] [task-id=120001] [task-key=keyspace1/ImportInto/120001] [server-id=:4000] [region-split-size=1073741824] [region-split-keys=102400000] [range-size=357913942] [range-keys=34133333]
[2026/07/25 09:31:58.695 +08:00] [INFO] [split.go:132] ["create range splitter"] [task-id=120001] [task-key=keyspace1/ImportInto/120001] [server-id=:4000] [rangesGroupSize=107374182400] [rangesGroupKeyCnt=9223372036854775807] [rangeJobSize=357913942] [rangeJobKeyCnt=34133333] [regionSplitSize=1073741824] [regionSplitKeyCnt=102400000]
[2026/07/25 09:31:58.695 +08:00] [INFO] [planner.go:640] ["kv range split summary"] [task-id=120001] [task-key=keyspace1/ImportInto/120001] [server-id=:4000] [kvGroup=1] [subtasks=1] [dataFiles=1] [rangeJobKeys=0] [regionSplitKeys=0]
[2026/07/25 09:31:58.695 +08:00] [INFO] [split.go:172] ["close range splitter"] [task-id=120001] [task-key=keyspace1/ImportInto/120001] [server-id=:4000]
[2026/07/25 09:31:58.698 +08:00] [INFO] [service_discovery.go:1011] ["[pd] update member urls"] [old-sorted-urls="[http://127.0.0.1:12379]"] [new-sorted-urls="[http://192.168.124.17:12379]"]
[2026/07/25 09:31:58.698 +08:00] [INFO] [service_discovery.go:1030] ["[pd] switch leader"] [new-leader=http://192.168.124.17:12379] [old-leader=]
[2026/07/25 09:31:58.698 +08:00] [INFO] [service_discovery.go:509] ["[pd] init cluster id"] [cluster-id=7666268769414273286]
[2026/07/25 09:31:58.700 +08:00] [INFO] [client.go:214] ["[tso] switch the tso leader serving url"] [new-url=http://192.168.124.17:12379]
[2026/07/25 09:31:58.700 +08:00] [INFO] [inner_client.go:173] ["[pd] tso provider changed to pd"]
[2026/07/25 09:31:58.700 +08:00] [INFO] [watcher.go:56] ["[pd] start the deadline watcher"] [source=tso]
[2026/07/25 09:31:58.700 +08:00] [INFO] [client.go:251] ["[tso] start tso connection contexts updater"]
[2026/07/25 09:31:58.700 +08:00] [INFO] [dispatcher.go:146] ["[tso] tso dispatcher created"]
[2026/07/25 09:31:58.700 +08:00] [INFO] [dispatcher.go:598] ["[tso] switching tso rpc concurrency"] [old=0] [new=1]
[2026/07/25 09:31:58.701 +08:00] [INFO] [inner_client.go:154] ["[pd] service mode changed"] [new-mode=PD_SVC_MODE]
[2026/07/25 09:31:58.701 +08:00] [INFO] [router_service_discovery.go:162] ["[router service] created router service discovery"] [cluster-id=7666268769414273286] [keyspace-id=1] [default-discovery-key=/ms/7666268769414273286/router/registry/]
[2026/07/25 09:31:58.701 +08:00] [INFO] [router_service_discovery.go:174] ["[router service] initializing router service discovery"] [max-retry-times=100] [retry-interval=1s]
[2026/07/25 09:31:58.702 +08:00] [INFO] [router_service_discovery.go:260] ["[router service] update member sorted urls"] [new-sorted-urls="[]"]
[2026/07/25 09:31:58.702 +08:00] [INFO] [router_service_discovery.go:245] ["[router service] updating nodes succeeded"] [urls="[]"] [clients-length=0]
[2026/07/25 09:31:58.702 +08:00] [INFO] [client.go:407] ["[pd] create pd client with endpoints and keyspace"] [pd-address="[127.0.0.1:12379]"] [keyspace-name=keyspace1] [keyspace-id=1]
[2026/07/25 09:31:58.702 +08:00] [INFO] [client.go:424] ["[router] connection daemon is started"]
[2026/07/25 09:31:58.702 +08:00] [INFO] [client.go:509] ["[router] successfully established the leader router stream connection"] [url=http://192.168.124.17:12379]
[2026/07/25 09:31:58.702 +08:00] [INFO] [inner_client.go:91] ["[pd] start router client initializer"]
[2026/07/25 09:31:58.702 +08:00] [INFO] [client.go:585] ["[router] dispatcher is started"]
[2026/07/25 09:31:58.703 +08:00] [INFO] [client.go:606] ["[router] stop fetching the pending router requests due to context canceled"]
[2026/07/25 09:31:58.703 +08:00] [INFO] [client.go:587] ["[router] dispatcher is exiting"]
[2026/07/25 09:31:58.703 +08:00] [INFO] [client.go:592] ["[router] dispatcher exited"]
[2026/07/25 09:31:58.703 +08:00] [INFO] [client.go:430] ["[router] connection daemon is exiting"]
[2026/07/25 09:31:58.703 +08:00] [INFO] [dispatcher.go:207] ["[tso] stop fetching the pending tso requests due to context canceled"]
[2026/07/25 09:31:58.703 +08:00] [INFO] [inner_client.go:96] ["[pd] exit router client initializer"]
[2026/07/25 09:31:58.703 +08:00] [INFO] [dispatcher.go:149] ["[tso] exit tso dispatcher"]
[2026/07/25 09:31:58.703 +08:00] [INFO] [router_service_discovery.go:315] ["[router service] exit health check member loop"]
[2026/07/25 09:31:58.703 +08:00] [INFO] [watcher.go:73] ["[pd] exit the deadline watcher"] [source=tso]
[2026/07/25 09:31:58.703 +08:00] [INFO] [router_service_discovery.go:273] ["[router service] exit check member loop"]
[2026/07/25 09:31:58.703 +08:00] [INFO] [client.go:277] ["[tso] exit tso connection contexts updater"]
[2026/07/25 09:31:58.703 +08:00] [INFO] [service_discovery.go:562] ["[pd] exit member loop due to context canceled"]
[2026/07/25 09:31:58.703 +08:00] [INFO] [resource_manager_client.go:341] ["[resource manager] exit resource token dispatcher"]
[2026/07/25 09:31:58.703 +08:00] [INFO] [router_service_discovery.go:287] ["[router service] closing router service discovery"]
[2026/07/25 09:31:58.703 +08:00] [INFO] [router_service_discovery.go:303] ["[router service] is closed"]
[2026/07/25 09:31:58.703 +08:00] [INFO] [stream.go:366] ["tsoStream.recvLoop ended"] [stream=192.168.124.17:12379-6] [error="rpc error: code = Canceled desc = context canceled"] [errorVerbose="rpc error: code = Canceled desc = context canceled\ngithub.com/tikv/pd/client/clients/tso.(*tsoStream).recvLoop\n\t/Users/bba/.gvm/pkgsets/go1.25.1/global/pkg/mod/github.com/tikv/pd/client@v0.0.0-20260708075407-4e05b9d2c2d3/clients/tso/stream.go:434\nruntime.goexit\n\t/Users/bba/.gvm/pkgsets/go1.25.1/global/pkg/mod/golang.org/toolchain@v0.0.1-go1.25.10.darwin-arm64/src/runtime/asm_arm64.s:1268"]
[2026/07/25 09:31:58.703 +08:00] [INFO] [client.go:155] ["[tso] closing tso client"]
[2026/07/25 09:31:58.703 +08:00] [INFO] [client.go:160] ["[tso] close tso client"]
[2026/07/25 09:31:58.703 +08:00] [INFO] [client.go:162] ["[tso] tso client is closed"]
[2026/07/25 09:31:58.703 +08:00] [INFO] [service_discovery.go:653] ["[pd] close service discovery client"]
[2026/07/25 09:31:58.703 +08:00] [INFO] [inner_client.go:275] ["[pd] close client successfully"]
[2026/07/25 09:31:58.703 +08:00] [INFO] [planner.go:744] ["split kv range with split size and keys"] [task-id=120001] [task-key=keyspace1/ImportInto/120001] [server-id=:4000] [region-split-size=1073741824] [region-split-keys=102400000] [range-size=357913942] [range-keys=34133333]
[2026/07/25 09:31:58.703 +08:00] [INFO] [split.go:132] ["create range splitter"] [task-id=120001] [task-key=keyspace1/ImportInto/120001] [server-id=:4000] [rangesGroupSize=107374182400] [rangesGroupKeyCnt=9223372036854775807] [rangeJobSize=357913942] [rangeJobKeyCnt=34133333] [regionSplitSize=1073741824] [regionSplitKeyCnt=102400000]
[2026/07/25 09:31:58.703 +08:00] [INFO] [planner.go:640] ["kv range split summary"] [task-id=120001] [task-key=keyspace1/ImportInto/120001] [server-id=:4000] [kvGroup=data] [subtasks=1] [dataFiles=1] [rangeJobKeys=0] [regionSplitKeys=0]
[2026/07/25 09:31:58.703 +08:00] [INFO] [split.go:172] ["close range splitter"] [task-id=120001] [task-key=keyspace1/ImportInto/120001] [server-id=:4000]
[2026/07/25 09:31:58.704 +08:00] [INFO] [gcs.go:523] ["resetting gcs storage"] [task-id=120001] [task-key=keyspace1/ImportInto/120001] [server-id=:4000]
[2026/07/25 09:31:58.705 +08:00] [INFO] [scheduler.go:547] ["generate subtasks"] [task-id=120001] [task-key=keyspace1/ImportInto/120001] [server-id=:4000] [curr-step=merge-sort] [next-step=ingest] [node-count=1] [db-name=ai_native_import_dml] [table-name=t] [db-id=27] [table-id=29] [subtask-count=2]
[2026/07/25 09:31:58.705 +08:00] [INFO] [scheduler.go:616] ["schedule subtasks"] [task-id=120001] [task-key=keyspace1/ImportInto/120001] [server-id=:4000] [state=running] [step=ingest] [requiredSlots=1] [subtasks=2]
[2026/07/25 09:31:59.650 +08:00] [WARN] [nodes.go:87] ["generate task executor nodes met error"] [category=dxf] [sampled=] [server-id=:4000] [error="not found instance"]
[2026/07/25 09:31:59.908 +08:00] [INFO] [task_executor.go:317] ["task meta modification applied"] [task-id=120001] [task-key=keyspace1/ImportInto/120001] [server-id=:4000] [oldStep=merge-sort] [newStep=ingest]
[2026/07/25 09:31:59.913 +08:00] [INFO] [task_executor.go:438] ["cleanup subtask env"] [task-id=120001] [task-key=keyspace1/ImportInto/120001] [step=encode]
[2026/07/25 09:31:59.913 +08:00] [INFO] [client.go:356] ["[pd] http client closed"] [source=lightning]
[2026/07/25 09:31:59.913 +08:00] [INFO] [task_executor.go:461] ["execute task step completed"] [task-id=120001] [task-key=keyspace1/ImportInto/120001] [server-id=:4000] [step=encode] [mem-limit-percent=0.7] [server-mem-limit=80%] [resource="[CPU=1, Mem=2.571GiB]"] [takeTime=2.146771458s] []
[2026/07/25 09:31:59.914 +08:00] [INFO] [task_executor.go:926] ["got indices that generate kv"] [task-id=120001] [task-key=keyspace1/ImportInto/120001] [step=ingest] [indices="{\"1\":{\"Unique\":true}}"]
[2026/07/25 09:31:59.914 +08:00] [INFO] [gcs.go:523] ["resetting gcs storage"] [task-id=120001] [task-key=keyspace1/ImportInto/120001] [server-id=:4000]
[2026/07/25 09:31:59.914 +08:00] [INFO] [gcs.go:523] ["resetting gcs storage"] [task-id=120001] [task-key=keyspace1/ImportInto/120001] [server-id=:4000]
[2026/07/25 09:31:59.918 +08:00] [INFO] [local.go:771] ["multi ingest support"] [task-id=120001] [task-key=keyspace1/ImportInto/120001] [server-id=:4000]
[2026/07/25 09:31:59.920 +08:00] [INFO] [local.go:793] ["TiKV server side free space check is enabled, so lightning will turn it off"] [task-id=120001] [task-key=keyspace1/ImportInto/120001] [server-id=:4000]
[2026/07/25 09:31:59.920 +08:00] [INFO] [table_import.go:834] ["use 0.8 of the storage size as default disk quota"] [task-id=120001] [task-key=keyspace1/ImportInto/120001] [step=ingest] [quota=795.7GB]
[2026/07/25 09:31:59.920 +08:00] [INFO] [task_executor.go:434] ["execute task step start"] [task-id=120001] [task-key=keyspace1/ImportInto/120001] [server-id=:4000] [step=ingest] [mem-limit-percent=0.7] [server-mem-limit=80%] [resource="[CPU=1, Mem=2.571GiB]"]
[2026/07/25 09:31:59.928 +08:00] [INFO] [task_executor.go:497] ["run subtask start"] [task-id=120001] [task-key=keyspace1/ImportInto/120001] [server-id=:4000] [subtaskID=120002] [step=ingest]
[2026/07/25 09:31:59.928 +08:00] [INFO] [gcs.go:523] ["resetting gcs storage"] [task-id=120001] [task-key=keyspace1/ImportInto/120001] [server-id=:4000] [subtaskID=120002] [step=ingest]
[2026/07/25 09:31:59.929 +08:00] [INFO] [task_executor.go:727] ["run subtask start"] [task-id=120001] [task-key=keyspace1/ImportInto/120001] [step=ingest] [subtask-id=120002] [kv-group=1]
[2026/07/25 09:31:59.929 +08:00] [INFO] [engine.go:213] ["create external engine"] [task-id=120001] [task-key=keyspace1/ImportInto/120001] [server-id=:4000] [subtaskID=120002] [step=ingest] [memLimitForLoadRange=1.187GiB] [dataFileCount=1] [jobKeysCount=2] [splitKeysCount=2]
[2026/07/25 09:31:59.932 +08:00] [INFO] [local.go:1110] ["split engine key ranges"] [task-id=120001] [task-key=keyspace1/ImportInto/120001] [server-id=:4000] [subtaskID=120002] [step=ingest] [engine=external] [totalSize=107374182400] [totalCount=0] [startKey=7800000174800000000000001D5F698000000000000001038000000000000064] [endKey=7800000174800000000000001D5F69800000000000000103800000000000006400] [len(keys)=2] []
[2026/07/25 09:31:59.932 +08:00] [INFO] [local.go:1469] ["pause pd scheduler of table scope"] [task-id=120001] [task-key=keyspace1/ImportInto/120001] [server-id=:4000] [subtaskID=120002] [step=ingest]
[2026/07/25 09:31:59.956 +08:00] [INFO] [local.go:1510] ["start import engine"] [task-id=120001] [task-key=keyspace1/ImportInto/120001] [server-id=:4000] [subtaskID=120002] [step=ingest] [uuid=385358da-d7a2-5241-b9e8-4c39453d3875] ["region ranges"=1] [count=0] [size=107374182400] [maxReqInFlight=0] [maxReqPerSec=0]
[2026/07/25 09:31:59.956 +08:00] [INFO] [local.go:1132] ["import engine ranges"] [task-id=120001] [task-key=keyspace1/ImportInto/120001] [server-id=:4000] [subtaskID=120002] [step=ingest] [len(regionSplitKeys)=2] [splitRangesBatch=2048] [splitRangePerSec=0]
[2026/07/25 09:31:59.956 +08:00] [INFO] [local.go:1147] ["split and scatter ranges start"] [task-id=120001] [task-key=keyspace1/ImportInto/120001] [server-id=:4000] [subtaskID=120002] [step=ingest] [uuid=external]
[2026/07/25 09:31:59.957 +08:00] [INFO] [client.go:684] ["paginate scan regions"] [count=1] [start=74800000000000001D5F698000000000000001038000000000000064] [end=74800000000000001D5F6980000000000000010380000000000000640000]
[2026/07/25 09:31:59.959 +08:00] [WARN] [client.go:463] ["fail to split region"] [region="{ID=18,startKey=7800000174800000FF00000000185F7280FF0000000000000100FF0000000000000000F7,endKey=7800000200000000FB,epoch=\"conf_ver:1 version:15 \",peers=\"id:19 store_id:1 \"}"] [keys="{total=2,keys=\"[7800000174800000000000001D5F698000000000000001038000000000000064,7800000174800000000000001D5F69800000000000000103800000000000006400]\"}"] [regionErr="message:\"EpochNotMatch [1:18:17] epoch changed conf_ver: 1 version: 17 != conf_ver: 1 version: 15, retry later\" epoch_not_match:<current_regions:<id:18 start_key:\"x\\000\\000\\001t\\200\\000\\000\\377\\000\\000\\000\\000\\035_i\\200\\377\\000\\000\\000\\000\\000\\000\\001\\003\\377\\200\\000\\000\\000\\000\\000\\000d\\377\\000\\000\\000\\000\\000\\000\\000\\000\\370\" end_key:\"x\\000\\000\\002\\000\\000\\000\\000\\373\" region_epoch:<conf_ver:1 version:17 > peers:<id:19 store_id:1 > > > "]
[2026/07/25 09:31:59.959 +08:00] [WARN] [client.go:705] ["split and scatter region meet error, will retry"] [region_id=18] [error="split region failed: err=message:\"EpochNotMatch [1:18:17] epoch changed conf_ver: 1 version: 17 != conf_ver: 1 version: 15, retry later\" epoch_not_match:<current_regions:<id:18 start_key:\"x\\000\\000\\001t\\200\\000\\000\\377\\000\\000\\000\\000\\035_i\\200\\377\\000\\000\\000\\000\\000\\000\\001\\003\\377\\200\\000\\000\\000\\000\\000\\000d\\377\\000\\000\\000\\000\\000\\000\\000\\000\\370\" end_key:\"x\\000\\000\\002\\000\\000\\000\\000\\373\" region_epoch:<conf_ver:1 version:17 > peers:<id:19 store_id:1 > > > : [BR:Restore:ErrRestoreSplitFailed]fail to split region"] [errorVerbose="[BR:Restore:ErrRestoreSplitFailed]fail to split region\nsplit region failed: err=message:\"EpochNotMatch [1:18:17] epoch changed conf_ver: 1 version: 17 != conf_ver: 1 version: 15, retry later\" epoch_not_match:<current_regions:<id:18 start_key:\"x\\000\\000\\001t\\200\\000\\000\\377\\000\\000\\000\\000\\035_i\\200\\377\\000\\000\\000\\000\\000\\000\\001\\003\\377\\200\\000\\000\\000\\000\\000\\000d\\377\\000\\000\\000\\000\\000\\000\\000\\000\\370\" end_key:\"x\\000\\000\\002\\000\\000\\000\\000\\373\" region_epoch:<conf_ver:1 version:17 > peers:<id:19 store_id:1 > > > \ngithub.com/pingcap/tidb/br/pkg/restore/split.sendSplitRegionRequest\n\t/Users/bba/pc/tidb-ai-critical-scan/br/pkg/restore/split/client.go:468\ngithub.com/pingcap/tidb/br/pkg/restore/split.(*pdClient).sendSplitRegionRequest\n\t/Users/bba/pc/tidb-ai-critical-scan/br/pkg/restore/split/client.go:400\ngithub.com/pingcap/tidb/br/pkg/restore/split.(*pdClient).batchSplitRegionsWithOrigin\n\t/Users/bba/pc/tidb-ai-critical-scan/br/pkg/restore/split/client.go:518\ngithub.com/pingcap/tidb/br/pkg/restore/split.(*pdClient).splitWaitAndMaybeScatter\n\t/Users/bba/pc/tidb-ai-critical-scan/br/pkg/restore/split/client.go:767\ngithub.com/pingcap/tidb/br/pkg/restore/split.(*pdClient).splitKeys.func1.1\n\t/Users/bba/pc/tidb-ai-critical-scan/br/pkg/restore/split/client.go:700\ngithub.com/pingcap/tidb/pkg/util.(*WorkerPool).ApplyOnErrorGroup.func1\n\t/Users/bba/pc/tidb-ai-critical-scan/pkg/util/worker_pool.go:81\ngolang.org/x/sync/errgroup.(*Group).Go.func1\n\t/Users/bba/.gvm/pkgsets/go1.25.1/global/pkg/mod/golang.org/x/sync@v0.22.0/errgroup/errgroup.go:93\nruntime.goexit\n\t/Users/bba/.gvm/pkgsets/go1.25.1/global/pkg/mod/golang.org/toolchain@v0.0.1-go1.25.10.darwin-arm64/src/runtime/asm_arm64.s:1268"]
[2026/07/25 09:31:59.960 +08:00] [INFO] [retry.go:91] ["retryable operation failed"] [category=utils] [sampled=] [error="split region failed: err=message:\"EpochNotMatch [1:18:17] epoch changed conf_ver: 1 version: 17 != conf_ver: 1 version: 15, retry later\" epoch_not_match:<current_regions:<id:18 start_key:\"x\\000\\000\\001t\\200\\000\\000\\377\\000\\000\\000\\000\\035_i\\200\\377\\000\\000\\000\\000\\000\\000\\001\\003\\377\\200\\000\\000\\000\\000\\000\\000d\\377\\000\\000\\000\\000\\000\\000\\000\\000\\370\" end_key:\"x\\000\\000\\002\\000\\000\\000\\000\\373\" region_epoch:<conf_ver:1 version:17 > peers:<id:19 store_id:1 > > > : [BR:Restore:ErrRestoreSplitFailed]fail to split region"] [errorVerbose="[BR:Restore:ErrRestoreSplitFailed]fail to split region\nsplit region failed: err=message:\"EpochNotMatch [1:18:17] epoch changed conf_ver: 1 version: 17 != conf_ver: 1 version: 15, retry later\" epoch_not_match:<current_regions:<id:18 start_key:\"x\\000\\000\\001t\\200\\000\\000\\377\\000\\000\\000\\000\\035_i\\200\\377\\000\\000\\000\\000\\000\\000\\001\\003\\377\\200\\000\\000\\000\\000\\000\\000d\\377\\000\\000\\000\\000\\000\\000\\000\\000\\370\" end_key:\"x\\000\\000\\002\\000\\000\\000\\000\\373\" region_epoch:<conf_ver:1 version:17 > peers:<id:19 store_id:1 > > > \ngithub.com/pingcap/tidb/br/pkg/restore/split.sendSplitRegionRequest\n\t/Users/bba/pc/tidb-ai-critical-scan/br/pkg/restore/split/client.go:468\ngithub.com/pingcap/tidb/br/pkg/restore/split.(*pdClient).sendSplitRegionRequest\n\t/Users/bba/pc/tidb-ai-critical-scan/br/pkg/restore/split/client.go:400\ngithub.com/pingcap/tidb/br/pkg/restore/split.(*pdClient).batchSplitRegionsWithOrigin\n\t/Users/bba/pc/tidb-ai-critical-scan/br/pkg/restore/split/client.go:518\ngithub.com/pingcap/tidb/br/pkg/restore/split.(*pdClient).splitWaitAndMaybeScatter\n\t/Users/bba/pc/tidb-ai-critical-scan/br/pkg/restore/split/client.go:767\ngithub.com/pingcap/tidb/br/pkg/restore/split.(*pdClient).splitKeys.func1.1\n\t/Users/bba/pc/tidb-ai-critical-scan/br/pkg/restore/split/client.go:700\ngithub.com/pingcap/tidb/pkg/util.(*WorkerPool).ApplyOnErrorGroup.func1\n\t/Users/bba/pc/tidb-ai-critical-scan/pkg/util/worker_pool.go:81\ngolang.org/x/sync/errgroup.(*Group).Go.func1\n\t/Users/bba/.gvm/pkgsets/go1.25.1/global/pkg/mod/golang.org/x/sync@v0.22.0/errgroup/errgroup.go:93\nruntime.goexit\n\t/Users/bba/.gvm/pkgsets/go1.25.1/global/pkg/mod/golang.org/toolchain@v0.0.1-go1.25.10.darwin-arm64/src/runtime/asm_arm64.s:1268"] [backoff=100ms]
[2026/07/25 09:32:00.004 +08:00] [INFO] [metering.go:391] ["succeed to write metering data"] [component=meter] [timestamp=1784943120] [duration=4.315833ms] [data="[{\"cluster_id\":\"keyspace1\",\"get_requests\":1,\"obj_store_read_bytes\":221,\"obj_store_write_bytes\":1309,\"put_requests\":5,\"source_name\":\"dxf\",\"task_id\":120001,\"task_type\":\"ImportInto\",\"version\":\"1\"}]"]
[2026/07/25 09:32:00.060 +08:00] [INFO] [client.go:684] ["paginate scan regions"] [count=2] [start=74800000000000001D5F698000000000000001038000000000000064] [end=74800000000000001D5F6980000000000000010380000000000000640000]
[2026/07/25 09:32:00.060 +08:00] [INFO] [localhelper.go:129] ["waiting for scattering regions done"] [task-id=120001] [task-key=keyspace1/ImportInto/120001] [server-id=:4000] [subtaskID=120002] [step=ingest] [regions=0] [take=625ns]
[2026/07/25 09:32:00.060 +08:00] [INFO] [local.go:1172] ["split and scatter ranges completed"] [task-id=120001] [task-key=keyspace1/ImportInto/120001] [server-id=:4000] [subtaskID=120002] [step=ingest] [uuid=external] [takeTime=104.607333ms] []
[2026/07/25 09:32:00.060 +08:00] [INFO] [engine.go:565] ["load ingest data"] [task-id=120001] [task-key=keyspace1/ImportInto/120001] [server-id=:4000] [subtaskID=120002] [step=ingest] ["current batchSize"=1]
[2026/07/25 09:32:00.060 +08:00] [INFO] [util.go:172] ["seek props offsets start"] [task-id=120001] [task-key=keyspace1/ImportInto/120001] [server-id=:4000] [subtaskID=120002] [step=ingest]
[2026/07/25 09:32:00.061 +08:00] [INFO] [util.go:174] ["seek props offsets completed"] [task-id=120001] [task-key=keyspace1/ImportInto/120001] [server-id=:4000] [subtaskID=120002] [step=ingest] [takeTime=577.625µs] []
[2026/07/25 09:32:00.061 +08:00] [INFO] [reader.go:52] ["read all data start"] [task-id=120001] [task-key=keyspace1/ImportInto/120001] [server-id=:4000] [subtaskID=120002] [step=ingest]
[2026/07/25 09:32:00.061 +08:00] [INFO] [reader.go:53] [arguments] [task-id=120001] [task-key=keyspace1/ImportInto/120001] [server-id=:4000] [subtaskID=120002] [step=ingest] [data-file-count=1] [stat-file-count=1] [start-key=7800000174800000000000001d5f698000000000000001038000000000000064] [end-key=7800000174800000000000001d5f69800000000000000103800000000000006400]
[2026/07/25 09:32:00.061 +08:00] [INFO] [reader.go:105] ["estimated file size of this range group"] [task-id=120001] [task-key=keyspace1/ImportInto/120001] [server-id=:4000] [subtaskID=120002] [step=ingest] [totalSize=0B]
[2026/07/25 09:32:00.062 +08:00] [INFO] [gcs.go:523] ["resetting gcs storage"] [task-id=120001] [task-key=keyspace1/ImportInto/120001] [server-id=:4000] [subtaskID=120002] [step=ingest]
[2026/07/25 09:32:00.062 +08:00] [INFO] [reader.go:76] ["read all data completed"] [task-id=120001] [task-key=keyspace1/ImportInto/120001] [server-id=:4000] [subtaskID=120002] [step=ingest] [takeTime=660.167µs] []
[2026/07/25 09:32:00.062 +08:00] [INFO] [engine.go:120] ["building memKVsAndBuffers"] [task-id=120001] [task-key=keyspace1/ImportInto/120001] [server-id=:4000] [subtaskID=120002] [step=ingest] [sumKVCnt=1] [droppedSize=0]
[2026/07/25 09:32:00.062 +08:00] [INFO] [engine.go:397] ["load range batch done"] [task-id=120001] [task-key=keyspace1/ImportInto/120001] [server-id=:4000] [subtaskID=120002] [step=ingest] [readDur=712.209µs] [sortDur=250ns] [droppedSize=0] [loadedKVs=1] [loadedSize=40B] [onDup=error] [dupCount=0] [recordedDupCount=0] [totalRecordedDupCount=0] [totalRecordedDupSize=0B] [deduplicateDur=0s]
[2026/07/25 09:32:00.062 +08:00] [INFO] [local.go:1326] ["generate region jobs"] [task-id=120001] [task-key=keyspace1/ImportInto/120001] [server-id=:4000] [subtaskID=120002] [step=ingest] [len(jobs)=1] [startOfAllRanges=7800000174800000000000001d5f698000000000000001038000000000000064] [endOfAllRanges=7800000174800000000000001d5f69800000000000000103800000000000006400] [startKeyOfFirstRegion=7800000174800000ff000000001d5f6980ff0000000000000103ff8000000000000064ff0000000000000000f7] [endKeyOfLastRegion=7800000174800000ff000000001d5f6980ff0000000000000103ff8000000000000064ff0000000000000000f8]
[2026/07/25 09:32:00.087 +08:00] [INFO] [local.go:1529] ["import engine success"] [task-id=120001] [task-key=keyspace1/ImportInto/120001] [server-id=:4000] [subtaskID=120002] [step=ingest] [uuid=385358da-d7a2-5241-b9e8-4c39453d3875] [size=107374182400] [kvs=0] [importedSize=40] [importedCount=1]
[2026/07/25 09:32:00.089 +08:00] [INFO] [task_executor.go:729] ["run subtask completed"] [task-id=120001] [task-key=keyspace1/ImportInto/120001] [step=ingest] [subtask-id=120002] [kv-group=1] [obj-store-access="{requests: {get: 5, put: 0}, traffic: {r: 794, w: 0}}"] [takeTime=159.545292ms] []
[2026/07/25 09:32:00.092 +08:00] [INFO] [task_executor.go:526] ["run subtask completed"] [task-id=120001] [task-key=keyspace1/ImportInto/120001] [server-id=:4000] [subtaskID=120002] [step=ingest] [takeTime=163.769333ms] []
[2026/07/25 09:32:00.102 +08:00] [INFO] [task_executor.go:497] ["run subtask start"] [task-id=120001] [task-key=keyspace1/ImportInto/120001] [server-id=:4000] [subtaskID=120003] [step=ingest]
[2026/07/25 09:32:00.102 +08:00] [INFO] [gcs.go:523] ["resetting gcs storage"] [task-id=120001] [task-key=keyspace1/ImportInto/120001] [server-id=:4000] [subtaskID=120003] [step=ingest]
[2026/07/25 09:32:00.102 +08:00] [INFO] [task_executor.go:727] ["run subtask start"] [task-id=120001] [task-key=keyspace1/ImportInto/120001] [step=ingest] [subtask-id=120003] [kv-group=data]
[2026/07/25 09:32:00.102 +08:00] [INFO] [engine.go:213] ["create external engine"] [task-id=120001] [task-key=keyspace1/ImportInto/120001] [server-id=:4000] [subtaskID=120003] [step=ingest] [memLimitForLoadRange=1.187GiB] [dataFileCount=1] [jobKeysCount=2] [splitKeysCount=2]
[2026/07/25 09:32:00.103 +08:00] [INFO] [local.go:1110] ["split engine key ranges"] [task-id=120001] [task-key=keyspace1/ImportInto/120001] [server-id=:4000] [subtaskID=120003] [step=ingest] [engine=external] [totalSize=107374182400] [totalCount=0] [startKey=7800000174800000000000001D5F728000000000000001] [endKey=7800000174800000000000001D5F72800000000000000100] [len(keys)=2] []
[2026/07/25 09:32:00.103 +08:00] [INFO] [local.go:1469] ["pause pd scheduler of table scope"] [task-id=120001] [task-key=keyspace1/ImportInto/120001] [server-id=:4000] [subtaskID=120003] [step=ingest]
[2026/07/25 09:32:00.125 +08:00] [INFO] [local.go:1510] ["start import engine"] [task-id=120001] [task-key=keyspace1/ImportInto/120001] [server-id=:4000] [subtaskID=120003] [step=ingest] [uuid=bf93b26e-5835-5417-a266-caf14ad608a0] ["region ranges"=1] [count=0] [size=107374182400] [maxReqInFlight=0] [maxReqPerSec=0]
[2026/07/25 09:32:00.125 +08:00] [INFO] [local.go:1132] ["import engine ranges"] [task-id=120001] [task-key=keyspace1/ImportInto/120001] [server-id=:4000] [subtaskID=120003] [step=ingest] [len(regionSplitKeys)=2] [splitRangesBatch=2048] [splitRangePerSec=0]
[2026/07/25 09:32:00.125 +08:00] [INFO] [local.go:1147] ["split and scatter ranges start"] [task-id=120001] [task-key=keyspace1/ImportInto/120001] [server-id=:4000] [subtaskID=120003] [step=ingest] [uuid=external]
[2026/07/25 09:32:00.126 +08:00] [INFO] [client.go:684] ["paginate scan regions"] [count=1] [start=74800000000000001D5F728000000000000001] [end=74800000000000001D5F7280000000000000010000]
[2026/07/25 09:32:00.129 +08:00] [INFO] [client.go:239] ["scatter regions"] [regions=2]
[2026/07/25 09:32:00.131 +08:00] [INFO] [localhelper.go:129] ["waiting for scattering regions done"] [task-id=120001] [task-key=keyspace1/ImportInto/120001] [server-id=:4000] [subtaskID=120003] [step=ingest] [regions=2] [take=977.083µs]
[2026/07/25 09:32:00.131 +08:00] [INFO] [local.go:1172] ["split and scatter ranges completed"] [task-id=120001] [task-key=keyspace1/ImportInto/120001] [server-id=:4000] [subtaskID=120003] [step=ingest] [uuid=external] [takeTime=5.747791ms] []
[2026/07/25 09:32:00.131 +08:00] [INFO] [engine.go:565] ["load ingest data"] [task-id=120001] [task-key=keyspace1/ImportInto/120001] [server-id=:4000] [subtaskID=120003] [step=ingest] ["current batchSize"=1]
[2026/07/25 09:32:00.131 +08:00] [INFO] [util.go:172] ["seek props offsets start"] [task-id=120001] [task-key=keyspace1/ImportInto/120001] [server-id=:4000] [subtaskID=120003] [step=ingest]
[2026/07/25 09:32:00.131 +08:00] [INFO] [util.go:174] ["seek props offsets completed"] [task-id=120001] [task-key=keyspace1/ImportInto/120001] [server-id=:4000] [subtaskID=120003] [step=ingest] [takeTime=523.083µs] []
[2026/07/25 09:32:00.131 +08:00] [INFO] [reader.go:52] ["read all data start"] [task-id=120001] [task-key=keyspace1/ImportInto/120001] [server-id=:4000] [subtaskID=120003] [step=ingest]
[2026/07/25 09:32:00.131 +08:00] [INFO] [reader.go:53] [arguments] [task-id=120001] [task-key=keyspace1/ImportInto/120001] [server-id=:4000] [subtaskID=120003] [step=ingest] [data-file-count=1] [stat-file-count=1] [start-key=7800000174800000000000001d5f728000000000000001] [end-key=7800000174800000000000001d5f72800000000000000100]
[2026/07/25 09:32:00.131 +08:00] [INFO] [reader.go:105] ["estimated file size of this range group"] [task-id=120001] [task-key=keyspace1/ImportInto/120001] [server-id=:4000] [subtaskID=120003] [step=ingest] [totalSize=0B]
[2026/07/25 09:32:00.132 +08:00] [INFO] [gcs.go:523] ["resetting gcs storage"] [task-id=120001] [task-key=keyspace1/ImportInto/120001] [server-id=:4000] [subtaskID=120003] [step=ingest]
[2026/07/25 09:32:00.132 +08:00] [INFO] [reader.go:76] ["read all data completed"] [task-id=120001] [task-key=keyspace1/ImportInto/120001] [server-id=:4000] [subtaskID=120003] [step=ingest] [takeTime=593.625µs] []
[2026/07/25 09:32:00.132 +08:00] [INFO] [engine.go:120] ["building memKVsAndBuffers"] [task-id=120001] [task-key=keyspace1/ImportInto/120001] [server-id=:4000] [subtaskID=120003] [step=ingest] [sumKVCnt=1] [droppedSize=0]
[2026/07/25 09:32:00.132 +08:00] [INFO] [engine.go:397] ["load range batch done"] [task-id=120001] [task-key=keyspace1/ImportInto/120001] [server-id=:4000] [subtaskID=120003] [step=ingest] [readDur=615.625µs] [sortDur=208ns] [droppedSize=0] [loadedKVs=1] [loadedSize=42B] [onDup=error] [dupCount=0] [recordedDupCount=0] [totalRecordedDupCount=0] [totalRecordedDupSize=0B] [deduplicateDur=0s]
[2026/07/25 09:32:00.132 +08:00] [INFO] [local.go:1326] ["generate region jobs"] [task-id=120001] [task-key=keyspace1/ImportInto/120001] [server-id=:4000] [subtaskID=120003] [step=ingest] [len(jobs)=1] [startOfAllRanges=7800000174800000000000001d5f728000000000000001] [endOfAllRanges=7800000174800000000000001d5f72800000000000000100] [startKeyOfFirstRegion=7800000174800000ff000000001d5f7280ff0000000000000100fe] [endKeyOfLastRegion=7800000174800000ff000000001d5f7280ff0000000000000100ff0000000000000000f7]
[2026/07/25 09:32:00.150 +08:00] [INFO] [local.go:1529] ["import engine success"] [task-id=120001] [task-key=keyspace1/ImportInto/120001] [server-id=:4000] [subtaskID=120003] [step=ingest] [uuid=bf93b26e-5835-5417-a266-caf14ad608a0] [size=107374182400] [kvs=0] [importedSize=42] [importedCount=1]
[2026/07/25 09:32:00.152 +08:00] [INFO] [task_executor.go:729] ["run subtask completed"] [task-id=120001] [task-key=keyspace1/ImportInto/120001] [step=ingest] [subtask-id=120003] [kv-group=data] [obj-store-access="{requests: {get: 5, put: 0}, traffic: {r: 700, w: 0}}"] [takeTime=49.319292ms] []
[2026/07/25 09:32:00.155 +08:00] [INFO] [task_executor.go:526] ["run subtask completed"] [task-id=120001] [task-key=keyspace1/ImportInto/120001] [server-id=:4000] [subtaskID=120003] [step=ingest] [takeTime=53.212708ms] []
[2026/07/25 09:32:00.179 +08:00] [INFO] [scheduler.go:556] ["switch to next step"] [task-id=120001] [task-key=keyspace1/ImportInto/120001] [server-id=:4000] [current-step=ingest] [next-step=collect-conflicts] [required-slots=1] [runtime-slots=1]
[2026/07/25 09:32:00.179 +08:00] [INFO] [scheduler.go:590] ["eligible instances"] [task-id=120001] [task-key=keyspace1/ImportInto/120001] [server-id=:4000] [num=1]
[2026/07/25 09:32:00.180 +08:00] [INFO] [scheduler.go:413] ["on next subtasks batch"] [task-id=120001] [task-key=keyspace1/ImportInto/120001] [server-id=:4000] [curr-step=ingest] [next-step=collect-conflicts] [node-count=1] [db-name=ai_native_import_dml] [table-name=t] [db-id=27] [table-id=29]
[2026/07/25 09:32:00.186 +08:00] [INFO] [gcs.go:523] ["resetting gcs storage"] [task-id=120001] [task-key=keyspace1/ImportInto/120001] [server-id=:4000]
[2026/07/25 09:32:00.186 +08:00] [INFO] [gcs.go:523] ["resetting gcs storage"] [task-id=120001] [task-key=keyspace1/ImportInto/120001] [server-id=:4000]
[2026/07/25 09:32:00.186 +08:00] [INFO] [scheduler.go:547] ["generate subtasks"] [task-id=120001] [task-key=keyspace1/ImportInto/120001] [server-id=:4000] [curr-step=ingest] [next-step=collect-conflicts] [node-count=1] [db-name=ai_native_import_dml] [table-name=t] [db-id=27] [table-id=29] [subtask-count=0]
[2026/07/25 09:32:00.186 +08:00] [INFO] [scheduler.go:616] ["schedule subtasks"] [task-id=120001] [task-key=keyspace1/ImportInto/120001] [server-id=:4000] [state=running] [step=collect-conflicts] [requiredSlots=1] [subtasks=0]
[2026/07/25 09:32:00.650 +08:00] [WARN] [nodes.go:87] ["generate task executor nodes met error"] [category=dxf] [sampled=] [server-id=:4000] [error="not found instance"]
[2026/07/25 09:32:00.679 +08:00] [INFO] [scheduler.go:556] ["switch to next step"] [task-id=120001] [task-key=keyspace1/ImportInto/120001] [server-id=:4000] [current-step=collect-conflicts] [next-step=conflict-resolution] [required-slots=1] [runtime-slots=1]
[2026/07/25 09:32:00.679 +08:00] [INFO] [scheduler.go:590] ["eligible instances"] [task-id=120001] [task-key=keyspace1/ImportInto/120001] [server-id=:4000] [num=1]
[2026/07/25 09:32:00.679 +08:00] [INFO] [scheduler.go:413] ["on next subtasks batch"] [task-id=120001] [task-key=keyspace1/ImportInto/120001] [server-id=:4000] [curr-step=collect-conflicts] [next-step=conflict-resolution] [node-count=1] [db-name=ai_native_import_dml] [table-name=t] [db-id=27] [table-id=29]
[2026/07/25 09:32:00.686 +08:00] [INFO] [gcs.go:523] ["resetting gcs storage"] [task-id=120001] [task-key=keyspace1/ImportInto/120001] [server-id=:4000]
[2026/07/25 09:32:00.687 +08:00] [INFO] [gcs.go:523] ["resetting gcs storage"] [task-id=120001] [task-key=keyspace1/ImportInto/120001] [server-id=:4000]
[2026/07/25 09:32:00.687 +08:00] [INFO] [scheduler.go:547] ["generate subtasks"] [task-id=120001] [task-key=keyspace1/ImportInto/120001] [server-id=:4000] [curr-step=collect-conflicts] [next-step=conflict-resolution] [node-count=1] [db-name=ai_native_import_dml] [table-name=t] [db-id=27] [table-id=29] [subtask-count=0]
[2026/07/25 09:32:00.687 +08:00] [INFO] [scheduler.go:616] ["schedule subtasks"] [task-id=120001] [task-key=keyspace1/ImportInto/120001] [server-id=:4000] [state=running] [step=conflict-resolution] [requiredSlots=1] [subtasks=0]
[2026/07/25 09:32:01.181 +08:00] [INFO] [scheduler.go:556] ["switch to next step"] [task-id=120001] [task-key=keyspace1/ImportInto/120001] [server-id=:4000] [current-step=conflict-resolution] [next-step=post-process] [required-slots=1] [runtime-slots=1]
[2026/07/25 09:32:01.181 +08:00] [INFO] [scheduler.go:590] ["eligible instances"] [task-id=120001] [task-key=keyspace1/ImportInto/120001] [server-id=:4000] [num=1]
[2026/07/25 09:32:01.181 +08:00] [INFO] [scheduler.go:413] ["on next subtasks batch"] [task-id=120001] [task-key=keyspace1/ImportInto/120001] [server-id=:4000] [curr-step=conflict-resolution] [next-step=post-process] [node-count=1] [db-name=ai_native_import_dml] [table-name=t] [db-id=27] [table-id=29]
[2026/07/25 09:32:01.191 +08:00] [INFO] [scheduler.go:513] ["move to post-process step"] [task-id=120001] [task-key=keyspace1/ImportInto/120001] [server-id=:4000] [curr-step=conflict-resolution] [next-step=post-process] [node-count=1] [db-name=ai_native_import_dml] [table-name=t] [db-id=27] [table-id=29] [result="{\"encode-summary\":{\"input-bytes\":13,\"input-rows\":4},\"merge-summary\":{},\"ingest-summary\":{\"input-bytes\":82,\"input-rows\":1},\"collect-conflicts-summary\":{},\"resolve-conflicts-summary\":{}}"]
[2026/07/25 09:32:01.194 +08:00] [INFO] [scheduler.go:547] ["generate subtasks"] [task-id=120001] [task-key=keyspace1/ImportInto/120001] [server-id=:4000] [curr-step=conflict-resolution] [next-step=post-process] [node-count=1] [db-name=ai_native_import_dml] [table-name=t] [db-id=27] [table-id=29] [subtask-count=1]
[2026/07/25 09:32:01.194 +08:00] [INFO] [scheduler.go:616] ["schedule subtasks"] [task-id=120001] [task-key=keyspace1/ImportInto/120001] [server-id=:4000] [state=running] [step=post-process] [requiredSlots=1] [subtasks=1]
[2026/07/25 09:32:01.644 +08:00] [INFO] [read.go:639] ["Table statistics item not found, possibly due to table being dropped"] [category=stats] [sampled=] [tableID=281474976710609] [columnID=2]
[2026/07/25 09:32:01.650 +08:00] [WARN] [nodes.go:87] ["generate task executor nodes met error"] [category=dxf] [sampled=] [server-id=:4000] [error="not found instance"]
[2026/07/25 09:32:02.268 +08:00] [INFO] [task_executor.go:317] ["task meta modification applied"] [task-id=120001] [task-key=keyspace1/ImportInto/120001] [server-id=:4000] [oldStep=conflict-resolution] [newStep=post-process]
[2026/07/25 09:32:02.271 +08:00] [INFO] [task_executor.go:829] ["cleanup subtask env"] [task-id=120001] [task-key=keyspace1/ImportInto/120001] [step=ingest]
[2026/07/25 09:32:02.272 +08:00] [INFO] [client.go:356] ["[pd] http client closed"] [source=lightning]
[2026/07/25 09:32:02.272 +08:00] [INFO] [task_executor.go:461] ["execute task step completed"] [task-id=120001] [task-key=keyspace1/ImportInto/120001] [server-id=:4000] [step=ingest] [mem-limit-percent=0.7] [server-mem-limit=80%] [resource="[CPU=1, Mem=2.571GiB]"] [takeTime=2.351231125s] []
[2026/07/25 09:32:02.272 +08:00] [INFO] [task_executor.go:926] ["got indices that generate kv"] [task-id=120001] [task-key=keyspace1/ImportInto/120001] [step=post-process] [indices="{\"1\":{\"Unique\":true}}"]
[2026/07/25 09:32:02.272 +08:00] [INFO] [task_executor.go:434] ["execute task step start"] [task-id=120001] [task-key=keyspace1/ImportInto/120001] [server-id=:4000] [step=post-process] [mem-limit-percent=0.7] [server-mem-limit=80%] [resource="[CPU=1, Mem=2.571GiB]"]
[2026/07/25 09:32:02.278 +08:00] [INFO] [task_executor.go:497] ["run subtask start"] [task-id=120001] [task-key=keyspace1/ImportInto/120001] [server-id=:4000] [subtaskID=120004] [step=post-process]
[2026/07/25 09:32:02.278 +08:00] [INFO] [task_executor.go:867] ["run subtask start"] [task-id=120001] [task-key=keyspace1/ImportInto/120001] [step=post-process] [subtask-id=120004]
[2026/07/25 09:32:02.278 +08:00] [INFO] [subtask_executor.go:115] ["post process start"] [task-id=120001] [task-key=keyspace1/ImportInto/120001] [step=post-process] [subtask-id=120004]
[2026/07/25 09:32:02.278 +08:00] [INFO] [table_import.go:887] ["rebase allocators start"] [task-id=120001] [task-key=keyspace1/ImportInto/120001] [step=post-process] [subtask-id=120004] [maxIDs={}]
[2026/07/25 09:32:02.278 +08:00] [INFO] [table_import.go:889] ["rebase allocators completed"] [task-id=120001] [task-key=keyspace1/ImportInto/120001] [step=post-process] [subtask-id=120004] [maxIDs={}] [takeTime=875ns] []
[2026/07/25 09:32:02.278 +08:00] [INFO] [subtask_executor.go:127] ["kv group checksum"] [task-id=120001] [task-key=keyspace1/ImportInto/120001] [step=post-process] [subtask-id=120004] [groupId=-1] [size=42] [kvs=1] [checksum=15915365772413441079]
[2026/07/25 09:32:02.278 +08:00] [INFO] [subtask_executor.go:127] ["kv group checksum"] [task-id=120001] [task-key=keyspace1/ImportInto/120001] [step=post-process] [subtask-id=120004] [groupId=1] [size=40] [kvs=1] [checksum=3941501560676142407]
[2026/07/25 09:32:02.278 +08:00] [INFO] [subtask_executor.go:140] ["checksum info"] [task-id=120001] [task-key=keyspace1/ImportInto/120001] [step=post-process] [subtask-id=120004] [encodeStepSum="{\"checksum\":16892362361973954928,\"size\":82,\"kvs\":2}"] [deletedRowsSum="{\"checksum\":0,\"size\":0,\"kvs\":0}"] [final="{\"checksum\":16892362361973954928,\"size\":82,\"kvs\":2}"]
[2026/07/25 09:32:02.279 +08:00] [INFO] [table_import.go:937] ["local checksum"] [task-id=120001] [task-key=keyspace1/ImportInto/120001] [step=post-process] [subtask-id=120004] [checksum="{cksum=16892362361973954928,size=82,kvs=2}"]
[2026/07/25 09:32:02.285 +08:00] [INFO] [checksum.go:336] ["checksum table"] [task-id=120001] [task-key=keyspace1/ImportInto/120001] [step=post-process] [subtask-id=120004] [db=ai_native_import_dml] [table=t] [distSQLConcurrency=15] [backoffWeight=30]
[2026/07/25 09:32:02.289 +08:00] [INFO] [table_import.go:966] ["checksum pass"] [task-id=120001] [task-key=keyspace1/ImportInto/120001] [step=post-process] [subtask-id=120004] [local="{cksum=16892362361973954928,size=82,kvs=2}"]
[2026/07/25 09:32:02.293 +08:00] [INFO] [subtask_executor.go:117] ["post process completed"] [task-id=120001] [task-key=keyspace1/ImportInto/120001] [step=post-process] [subtask-id=120004] [takeTime=14.335959ms] []
[2026/07/25 09:32:02.293 +08:00] [INFO] [task_executor.go:869] ["run subtask completed"] [task-id=120001] [task-key=keyspace1/ImportInto/120001] [step=post-process] [subtask-id=120004] [takeTime=14.385459ms] []
[2026/07/25 09:32:02.293 +08:00] [INFO] [task_executor.go:526] ["run subtask completed"] [task-id=120001] [task-key=keyspace1/ImportInto/120001] [server-id=:4000] [subtaskID=120004] [step=post-process] [takeTime=14.410416ms] []
[2026/07/25 09:32:02.650 +08:00] [WARN] [nodes.go:87] ["generate task executor nodes met error"] [category=dxf] [sampled=] [server-id=:4000] [error="not found instance"]
[2026/07/25 09:32:02.680 +08:00] [INFO] [scheduler.go:556] ["switch to next step"] [task-id=120001] [task-key=keyspace1/ImportInto/120001] [server-id=:4000] [current-step=post-process] [next-step=done] [required-slots=1] [runtime-slots=1]
[2026/07/25 09:32:02.680 +08:00] [INFO] [scheduler.go:557] ["task done"] [task-id=120001] [task-key=keyspace1/ImportInto/120001] [server-id=:4000] [step=post-process] [state=running] []
[2026/07/25 09:32:02.681 +08:00] [INFO] [scheduler.go:131] ["unregister task success"] [task-id=120001] [task-key=keyspace1/ImportInto/120001] [server-id=:4000]
    ai_native_import_dml_write_fence_test.go:137: task state: succeed
    ai_native_import_dml_write_fence_test.go:138: job: [][]interface {}{[]interface {}{"finished", ""}}
    ai_native_import_dml_write_fence_test.go:139: table scan: [][]interface {}{[]interface {}{"1", "100", "import"}}
    ai_native_import_dml_write_fence_test.go:140: forced index u=100: [][]interface {}{[]interface {}{"1", "100", "import"}}
    ai_native_import_dml_write_fence_test.go:141: forced index u=900: [][]interface {}{}
    ai_native_import_dml_write_fence_test.go:142: admin check: <nil>
[2026/07/25 09:32:02.945 +08:00] [INFO] [manager.go:420] ["watch owner finished"] [key=/tidb/ddl/fg/owner] [id=a5e70f2f-2fa3-4c6b-8dea-fe31eaac39bd] []
[2026/07/25 09:32:02.945 +08:00] [INFO] [manager.go:333] ["retire owner"] [key=/tidb/ddl/fg/owner] [id=a5e70f2f-2fa3-4c6b-8dea-fe31eaac39bd]
[2026/07/25 09:32:02.945 +08:00] [INFO] [syncer.go:488] ["schema version sync loop interrupted, retrying..."] [category=ddl]
[2026/07/25 09:32:02.945 +08:00] [INFO] [job_scheduler.go:269] ["scheduleLoop quit due to context canceled"] [category=ddl]
[2026/07/25 09:32:02.945 +08:00] [INFO] [ddl_workerpool.go:78] ["closing workerPool"] [category=ddl]
[2026/07/25 09:32:02.945 +08:00] [INFO] [ddl_workerpool.go:78] ["closing workerPool"] [category=ddl]
[2026/07/25 09:32:02.945 +08:00] [INFO] [ddl_workerpool.go:78] ["closing workerPool"] [category=ddl]
[2026/07/25 09:32:02.945 +08:00] [INFO] [manager.go:424] ["is not the owner"] [key=/tidb/ddl/fg/owner] [id=a5e70f2f-2fa3-4c6b-8dea-fe31eaac39bd]
[2026/07/25 09:32:02.945 +08:00] [INFO] [manager.go:385] ["break campaign loop, context is done"] [key=/tidb/ddl/fg/owner] [id=a5e70f2f-2fa3-4c6b-8dea-fe31eaac39bd]
[2026/07/25 09:32:02.946 +08:00] [INFO] [delete_range.go:162] ["closing delRange"] [category=ddl]
[2026/07/25 09:32:02.946 +08:00] [INFO] [session_pool.go:133] ["closing session pool"] [category=ddl]
[2026/07/25 09:32:02.946 +08:00] [INFO] [ddl.go:1157] ["DDL closed"] [category=ddl] [ID=a5e70f2f-2fa3-4c6b-8dea-fe31eaac39bd] ["take time"=1.870083ms]
[2026/07/25 09:32:02.946 +08:00] [INFO] [ddl.go:848] ["stop DDL"] [category=ddl] [ID=a5e70f2f-2fa3-4c6b-8dea-fe31eaac39bd]
[2026/07/25 09:32:02.946 +08:00] [INFO] [domain.go:484] ["stopping ttlJobManager"]
[2026/07/25 09:32:02.947 +08:00] [INFO] [notifier.go:142] ["etcd watcher exited to watch timer events"] [EtcdKey=/tidb/timer/cluster/1/notify/686d2fd9-8e64-43d2-9b1f-8de7abddc5c3] [watcherID=1f3292c6-2706-4565-9cd1-6c2cdf7a2329]
[2026/07/25 09:32:02.947 +08:00] [INFO] [runtime.go:202] ["TimerGroupRuntime loop exit"] [groupID=ttl]
[2026/07/25 09:32:02.947 +08:00] [INFO] [notifier.go:227] ["etcd notify loop to watch timer events stopped"] [EtcdKey=/tidb/timer/cluster/1/notify/686d2fd9-8e64-43d2-9b1f-8de7abddc5c3]
[2026/07/25 09:32:02.947 +08:00] [INFO] [task_manager.go:225] ["shrink ttl worker"] [ttl-worker=job-manager] [ttl-worker=a5e70f2f-2fa3-4c6b-8dea-fe31eaac39bd] [ttl-worker=task-manager] [ttl-worker=a5e70f2f-2fa3-4c6b-8dea-fe31eaac39bd] [originalCount=4] [newCount=0]
[2026/07/25 09:32:02.947 +08:00] [INFO] [scan.go:379] ["ttlScanWorker loop exited."]
[2026/07/25 09:32:02.947 +08:00] [INFO] [scan.go:379] ["ttlScanWorker loop exited."]
[2026/07/25 09:32:02.947 +08:00] [INFO] [scan.go:379] ["ttlScanWorker loop exited."]
[2026/07/25 09:32:02.947 +08:00] [INFO] [scan.go:379] ["ttlScanWorker loop exited."]
[2026/07/25 09:32:02.947 +08:00] [INFO] [task_manager.go:225] ["shrink ttl worker"] [ttl-worker=job-manager] [ttl-worker=a5e70f2f-2fa3-4c6b-8dea-fe31eaac39bd] [ttl-worker=task-manager] [ttl-worker=a5e70f2f-2fa3-4c6b-8dea-fe31eaac39bd] [originalCount=4] [newCount=0]
[2026/07/25 09:32:02.947 +08:00] [INFO] [del.go:344] ["ttlDeleteWorker loop exited."]
[2026/07/25 09:32:02.947 +08:00] [INFO] [del.go:344] ["ttlDeleteWorker loop exited."]
[2026/07/25 09:32:02.947 +08:00] [INFO] [del.go:344] ["ttlDeleteWorker loop exited."]
[2026/07/25 09:32:02.947 +08:00] [INFO] [del.go:344] ["ttlDeleteWorker loop exited."]
[2026/07/25 09:32:02.947 +08:00] [INFO] [job_manager.go:183] ["ttlJobManager loop exited."] [ttl-worker=job-manager] [ttl-worker=a5e70f2f-2fa3-4c6b-8dea-fe31eaac39bd]
[2026/07/25 09:32:02.947 +08:00] [INFO] [job_manager.go:168] ["ttlJobManager loop exited."] [ttl-worker=job-manager] [ttl-worker=a5e70f2f-2fa3-4c6b-8dea-fe31eaac39bd]
[2026/07/25 09:32:02.947 +08:00] [INFO] [domain.go:495] ["ttlJobManager exited."]
[2026/07/25 09:32:02.947 +08:00] [INFO] [domain.go:2868] ["serverIDSession need restart"]
[2026/07/25 09:32:02.949 +08:00] [INFO] [domain.go:2733] ["releaseServerID succeed"] [serverID=706] [leaseID=2872064657628243037]
[2026/07/25 09:32:02.949 +08:00] [INFO] [stats_syncload.go:255] ["SubLoadWorker: exits now because the domain is closed."] [category=stats]
[2026/07/25 09:32:02.949 +08:00] [INFO] [stats_syncload.go:245] ["SubLoadWorker: exited."] [category=stats]
[2026/07/25 09:32:02.949 +08:00] [INFO] [domain.go:1861] ["dumpFileGcChecker exited."]
[2026/07/25 09:32:02.949 +08:00] [INFO] [wait_group_wrapper.go:150] ["background process exited"] [source=domain] [process=dumpFileGcChecker]
[2026/07/25 09:32:02.949 +08:00] [INFO] [domain.go:1477] ["LoadSysVarCacheLoop exited."]
[2026/07/25 09:32:02.949 +08:00] [INFO] [domain.go:1827] ["PlanReplayerTaskDumpHandle exited."]
[2026/07/25 09:32:02.949 +08:00] [INFO] [stats_syncload.go:255] ["SubLoadWorker: exits now because the domain is closed."] [category=stats]
[2026/07/25 09:32:02.949 +08:00] [INFO] [stats_syncload.go:245] ["SubLoadWorker: exited."] [category=stats]
[2026/07/25 09:32:02.949 +08:00] [INFO] [domain.go:1807] ["PlanReplayerTaskCollectHandle exited."]
[2026/07/25 09:32:02.949 +08:00] [INFO] [wait_group_wrapper.go:150] ["background process exited"] [source=domain] [process=PlanReplayerTaskCollectHandle]
[2026/07/25 09:32:02.949 +08:00] [INFO] [wait_group_wrapper.go:150] ["background process exited"] [source=domain] [process=loadSigningCertLoop]
[2026/07/25 09:32:02.949 +08:00] [INFO] [wait_group_wrapper.go:150] ["background process exited"] [source=domain] [process=LoadSysVarCacheLoop]
[2026/07/25 09:32:02.949 +08:00] [INFO] [flusher.go:89] ["flushing remaining records before stop"] [name=runaway-record]
[2026/07/25 09:32:02.949 +08:00] [INFO] [flusher.go:91] ["stopped flusher"] [name=runaway-record]
[2026/07/25 09:32:02.949 +08:00] [INFO] [syncer.go:288] ["server info sync loop exited."]
[2026/07/25 09:32:02.949 +08:00] [INFO] [stats_syncload.go:255] ["SubLoadWorker: exits now because the domain is closed."] [category=stats]
[2026/07/25 09:32:02.949 +08:00] [INFO] [wait_group_wrapper.go:150] ["background process exited"] [source=domain] [process=infoSyncerKeeper]
[2026/07/25 09:32:02.949 +08:00] [INFO] [domain.go:419] ["globalConfigSyncerKeeper exited."]
[2026/07/25 09:32:02.949 +08:00] [INFO] [domain.go:2332] ["autoAnalyzeWorker exited."] [category=stats]
[2026/07/25 09:32:02.949 +08:00] [INFO] [wait_group_wrapper.go:150] ["background process exited"] [source=domain] [process=autoAnalyzeWorker]
[2026/07/25 09:32:02.949 +08:00] [INFO] [manager.go:241] ["runaway watch sync loop exit"]
[2026/07/25 09:32:02.949 +08:00] [INFO] [wait_group_wrapper.go:150] ["background process exited"] [source=domain] [process=runawayWatchSyncLoop]
[2026/07/25 09:32:02.949 +08:00] [INFO] [domain.go:2219] ["deltaUpdateTicker is going to exit, start to flush stats"]
[2026/07/25 09:32:02.949 +08:00] [INFO] [domain.go:2174] ["indexUsageWorker exited."]
[2026/07/25 09:32:02.949 +08:00] [INFO] [wait_group_wrapper.go:150] ["background process exited"] [source=domain] [process=indexUsageWorker]
[2026/07/25 09:32:02.949 +08:00] [INFO] [domain.go:2282] ["dumpColStatsUsageWorker exited."]
[2026/07/25 09:32:02.949 +08:00] [INFO] [wait_group_wrapper.go:150] ["background process exited"] [source=domain] [process=dumpColStatsUsageWorker]
[2026/07/25 09:32:02.949 +08:00] [INFO] [flusher.go:89] ["flushing remaining records before stop"] [name=quarantine-record]
[2026/07/25 09:32:02.949 +08:00] [INFO] [flusher.go:91] ["stopped flusher"] [name=quarantine-record]
[2026/07/25 09:32:02.949 +08:00] [INFO] [stats_syncload.go:255] ["SubLoadWorker: exits now because the domain is closed."] [category=stats]
[2026/07/25 09:32:02.949 +08:00] [INFO] [flusher.go:89] ["flushing remaining records before stop"] [name=stale-quarantine-record]
[2026/07/25 09:32:02.949 +08:00] [INFO] [flusher.go:91] ["stopped flusher"] [name=stale-quarantine-record]
[2026/07/25 09:32:02.949 +08:00] [INFO] [manager.go:205] ["runaway record flush loop exit"]
[2026/07/25 09:32:02.949 +08:00] [INFO] [stats_syncload.go:245] ["SubLoadWorker: exited."] [category=stats]
[2026/07/25 09:32:02.949 +08:00] [INFO] [wait_group_wrapper.go:150] ["background process exited"] [source=domain] [process=runawayRecordFlushLoop]
[2026/07/25 09:32:02.949 +08:00] [INFO] [wait_group_wrapper.go:150] ["background process exited"] [source=domain] [process=globalConfigSyncerKeeper]
[2026/07/25 09:32:02.949 +08:00] [INFO] [wait_group_wrapper.go:150] ["background process exited"] [source=domain] [process=PlanReplayerTaskDumpHandle]
[2026/07/25 09:32:02.949 +08:00] [INFO] [domain.go:1892] ["HistoricalStatsWorker exited."]
[2026/07/25 09:32:02.950 +08:00] [INFO] [wait_group_wrapper.go:150] ["background process exited"] [source=domain] [process=HistoricalStatsWorker]
[2026/07/25 09:32:02.949 +08:00] [INFO] [domain.go:2193] ["gcStatsWorker ready to release owner"]
[2026/07/25 09:32:02.949 +08:00] [INFO] [stats_syncload.go:245] ["SubLoadWorker: exited."] [category=stats]
[2026/07/25 09:32:02.950 +08:00] [INFO] [manager.go:420] ["watch owner finished"] [key=/tidb/stats/owner] [id=a5e70f2f-2fa3-4c6b-8dea-fe31eaac39bd] []
[2026/07/25 09:32:02.950 +08:00] [INFO] [manager.go:333] ["retire owner"] [key=/tidb/stats/owner] [id=a5e70f2f-2fa3-4c6b-8dea-fe31eaac39bd]
[2026/07/25 09:32:02.949 +08:00] [INFO] [domain.go:2114] ["loadStatsWorker exited."]
[2026/07/25 09:32:02.950 +08:00] [INFO] [manager.go:424] ["is not the owner"] [key=/tidb/stats/owner] [id=a5e70f2f-2fa3-4c6b-8dea-fe31eaac39bd]
[2026/07/25 09:32:02.950 +08:00] [INFO] [wait_group_wrapper.go:150] ["background process exited"] [source=domain] [process=loadStatsWorker]
[2026/07/25 09:32:02.950 +08:00] [INFO] [manager.go:385] ["break campaign loop, context is done"] [key=/tidb/stats/owner] [id=a5e70f2f-2fa3-4c6b-8dea-fe31eaac39bd]
[2026/07/25 09:32:02.949 +08:00] [INFO] [domain.go:2800] ["serverIDKeeper exited."]
[2026/07/25 09:32:02.949 +08:00] [INFO] [stats_syncload.go:255] ["SubLoadWorker: exits now because the domain is closed."] [category=stats]
[2026/07/25 09:32:02.950 +08:00] [INFO] [stats_syncload.go:245] ["SubLoadWorker: exited."] [category=stats]
[2026/07/25 09:32:02.949 +08:00] [INFO] [domain.go:2396] ["analyzeJobsCleanupWorker exited."]
[2026/07/25 09:32:02.950 +08:00] [INFO] [wait_group_wrapper.go:150] ["background process exited"] [source=domain] [process=analyzeJobsCleanupWorker]
[2026/07/25 09:32:02.949 +08:00] [INFO] [domain.go:1403] ["loadPrivilegeInLoop exited."]
[2026/07/25 09:32:02.950 +08:00] [INFO] [wait_group_wrapper.go:150] ["background process exited"] [source=domain] [process=loadPrivilegeInLoop]
[2026/07/25 09:32:02.949 +08:00] [INFO] [syncer.go:422] ["topology sync loop exited."]
[2026/07/25 09:32:02.950 +08:00] [INFO] [wait_group_wrapper.go:150] ["background process exited"] [source=domain] [process=topologySyncerKeeper]
[2026/07/25 09:32:02.949 +08:00] [INFO] [domain.go:2989] ["readTableCostWorker exited."]
[2026/07/25 09:32:02.949 +08:00] [INFO] [plan_replayer.go:411] ["planReplayerTaskDumpWorker exited."]
[2026/07/25 09:32:02.949 +08:00] [INFO] [domain.go:2914] ["planCacheMetricsAndVars exited."]
[2026/07/25 09:32:02.950 +08:00] [INFO] [wait_group_wrapper.go:150] ["background process exited"] [source=domain] [process=planCacheMetricsAndVars]
[2026/07/25 09:32:02.949 +08:00] [INFO] [domain.go:2147] ["asyncLoadStats exited."]
[2026/07/25 09:32:02.950 +08:00] [INFO] [wait_group_wrapper.go:150] ["background process exited"] [source=domain] [process=readTableCostWorker]
[2026/07/25 09:32:02.950 +08:00] [INFO] [wait_group_wrapper.go:150] ["background process exited"] [source=domain] [process=asyncLoadHistogram]
[2026/07/25 09:32:02.949 +08:00] [INFO] [manager.go:420] ["watch owner finished"] [key=/tidb/br-stream/owner] [id=8d5545b1-242e-458e-a5f5-8e7251553ccc] []
[2026/07/25 09:32:02.950 +08:00] [INFO] [manager.go:333] ["retire owner"] [key=/tidb/br-stream/owner] [id=8d5545b1-242e-458e-a5f5-8e7251553ccc]
[2026/07/25 09:32:02.950 +08:00] [INFO] [manager.go:424] ["is not the owner"] [key=/tidb/br-stream/owner] [id=8d5545b1-242e-458e-a5f5-8e7251553ccc]
[2026/07/25 09:32:02.950 +08:00] [INFO] [manager.go:385] ["break campaign loop, context is done"] [key=/tidb/br-stream/owner] [id=8d5545b1-242e-458e-a5f5-8e7251553ccc]
[2026/07/25 09:32:02.949 +08:00] [INFO] [domain.go:2945] ["planCacheEvictTrigger exited."]
[2026/07/25 09:32:02.950 +08:00] [INFO] [wait_group_wrapper.go:150] ["background process exited"] [source=domain] [process=planCacheEvictTrigger]
[2026/07/25 09:32:02.949 +08:00] [INFO] [stats_syncload.go:255] ["SubLoadWorker: exits now because the domain is closed."] [category=stats]
[2026/07/25 09:32:02.950 +08:00] [INFO] [stats_syncload.go:245] ["SubLoadWorker: exited."] [category=stats]
[2026/07/25 09:32:02.950 +08:00] [INFO] [manager.go:420] ["watch owner finished"] [key=/tidb/bindinfo/owner] [id=a5e70f2f-2fa3-4c6b-8dea-fe31eaac39bd] []
[2026/07/25 09:32:02.950 +08:00] [INFO] [manager.go:333] ["retire owner"] [key=/tidb/bindinfo/owner] [id=a5e70f2f-2fa3-4c6b-8dea-fe31eaac39bd]
[2026/07/25 09:32:02.950 +08:00] [INFO] [manager.go:424] ["is not the owner"] [key=/tidb/bindinfo/owner] [id=a5e70f2f-2fa3-4c6b-8dea-fe31eaac39bd]
[2026/07/25 09:32:02.950 +08:00] [INFO] [manager.go:385] ["break campaign loop, context is done"] [key=/tidb/bindinfo/owner] [id=a5e70f2f-2fa3-4c6b-8dea-fe31eaac39bd]
[2026/07/25 09:32:02.950 +08:00] [INFO] [domain.go:2225] ["deltaUpdateTicker exit preprocessing finished"]
[2026/07/25 09:32:02.950 +08:00] [INFO] [wait_group_wrapper.go:150] ["background process exited"] [source=domain] [process=deltaUpdateTickerWorker]
[2026/07/25 09:32:02.953 +08:00] [INFO] [domain.go:2201] ["gcStatsWorker exit preprocessing finished"]
[2026/07/25 09:32:02.953 +08:00] [INFO] [domain.go:2246] ["gcStatsWorker exited."]
[2026/07/25 09:32:02.953 +08:00] [INFO] [wait_group_wrapper.go:150] ["background process exited"] [source=domain] [process=gcStatsWorker]
[2026/07/25 09:32:02.953 +08:00] [INFO] [manager.go:431] ["etcd session close failed"] [key=/tidb/bindinfo/owner] [id=a5e70f2f-2fa3-4c6b-8dea-fe31eaac39bd] [error="context canceled"]
[2026/07/25 09:32:02.953 +08:00] [INFO] [domain.go:1616] ["globalBindHandleWorkerLoop exited."]
[2026/07/25 09:32:02.953 +08:00] [INFO] [wait_group_wrapper.go:150] ["background process exited"] [source=domain] [process=globalBindHandleWorkerLoop]
[2026/07/25 09:32:02.953 +08:00] [INFO] [domain.go:391] ["topNSlowQueryLoop exited."]
[2026/07/25 09:32:02.953 +08:00] [INFO] [wait_group_wrapper.go:150] ["background process exited"] [source=domain] [process=topNSlowQueryLoop]
[2026/07/25 09:32:02.953 +08:00] [INFO] [wait_group_wrapper.go:150] ["background process exited"] [source=domain] [process=mdlCheckLoop]
[2026/07/25 09:32:02.953 +08:00] [WARN] [meta_storage_client.go:165] ["watch stream closed"] [error="rpc error: code = Canceled desc = context canceled"]
[2026/07/25 09:32:02.953 +08:00] [INFO] [syncer.go:304] ["info schema sync loop exited."]
[2026/07/25 09:32:02.953 +08:00] [WARN] [meta_storage_client.go:165] ["watch stream closed"] [error="rpc error: code = Canceled desc = context canceled"]
[2026/07/25 09:32:02.953 +08:00] [INFO] [advancer_cliext.go:194] ["Start collecting remaining events in the channel."] [category="log backup advancer"] [remained=0]
[2026/07/25 09:32:02.953 +08:00] [INFO] [wait_group_wrapper.go:150] ["background process exited"] [source=domain] [process=loadSchemaInLoop]
[2026/07/25 09:32:02.953 +08:00] [INFO] [advancer_cliext.go:199] ["Finish collecting remaining events in the channel."] [category="log backup advancer"]
[2026/07/25 09:32:02.953 +08:00] [INFO] [owner_daemon.go:87] ["daemon loop exits"] [id=8d5545b1-242e-458e-a5f5-8e7251553ccc] [daemon-id=LogBackup::Advancer]
[2026/07/25 09:32:02.953 +08:00] [INFO] [wait_group_wrapper.go:150] ["background process exited"] [source=domain] [process=logBackupAdvancer]
[2026/07/25 09:32:02.953 +08:00] [INFO] [domain.go:979] ["closestReplicaReadCheckLoop exited."]
[2026/07/25 09:32:02.953 +08:00] [INFO] [wait_group_wrapper.go:150] ["background process exited"] [source=domain] [process=closestReplicaReadCheckLoop]
[2026/07/25 09:32:02.955 +08:00] [INFO] [cross_ks.go:516] ["close cross keyspace session manager"] [targetKS=SYSTEM]
[2026/07/25 09:32:02.955 +08:00] [INFO] [syncer.go:304] ["info schema sync loop exited."] [targetKS=SYSTEM]
[2026/07/25 09:32:02.955 +08:00] [INFO] [syncer.go:288] ["server info sync loop exited."]
[2026/07/25 09:32:02.956 +08:00] [INFO] [domain.go:550] ["domain closed"] ["take time"=11.496958ms]
[2026/07/25 09:32:02.958 +08:00] [INFO] [job_scheduler.go:269] ["scheduleLoop quit due to context canceled"] [category=ddl]
[2026/07/25 09:32:02.958 +08:00] [INFO] [manager.go:420] ["watch owner finished"] [key=/tidb/ddl/fg/owner] [id=9230469f-6edf-4ce2-9fc7-ec4dd2c6b644] []
[2026/07/25 09:32:02.958 +08:00] [INFO] [manager.go:333] ["retire owner"] [key=/tidb/ddl/fg/owner] [id=9230469f-6edf-4ce2-9fc7-ec4dd2c6b644]
[2026/07/25 09:32:02.958 +08:00] [INFO] [syncer.go:488] ["schema version sync loop interrupted, retrying..."] [category=ddl]
[2026/07/25 09:32:02.958 +08:00] [INFO] [ddl_workerpool.go:78] ["closing workerPool"] [category=ddl]
[2026/07/25 09:32:02.958 +08:00] [INFO] [ddl_workerpool.go:78] ["closing workerPool"] [category=ddl]
[2026/07/25 09:32:02.958 +08:00] [INFO] [ddl_workerpool.go:78] ["closing workerPool"] [category=ddl]
[2026/07/25 09:32:02.958 +08:00] [INFO] [manager.go:424] ["is not the owner"] [key=/tidb/ddl/fg/owner] [id=9230469f-6edf-4ce2-9fc7-ec4dd2c6b644]
[2026/07/25 09:32:02.958 +08:00] [INFO] [manager.go:385] ["break campaign loop, context is done"] [key=/tidb/ddl/fg/owner] [id=9230469f-6edf-4ce2-9fc7-ec4dd2c6b644]
[2026/07/25 09:32:02.958 +08:00] [INFO] [delete_range.go:162] ["closing delRange"] [category=ddl]
[2026/07/25 09:32:02.958 +08:00] [INFO] [session_pool.go:133] ["closing session pool"] [category=ddl]
[2026/07/25 09:32:02.958 +08:00] [INFO] [ddl.go:1157] ["DDL closed"] [category=ddl] [ID=9230469f-6edf-4ce2-9fc7-ec4dd2c6b644] ["take time"=709.833µs]
[2026/07/25 09:32:02.958 +08:00] [INFO] [ddl.go:848] ["stop DDL"] [category=ddl] [ID=9230469f-6edf-4ce2-9fc7-ec4dd2c6b644]
[2026/07/25 09:32:02.958 +08:00] [INFO] [domain.go:484] ["stopping ttlJobManager"]
[2026/07/25 09:32:02.958 +08:00] [INFO] [runtime.go:202] ["TimerGroupRuntime loop exit"] [groupID=ttl]
[2026/07/25 09:32:02.958 +08:00] [INFO] [notifier.go:142] ["etcd watcher exited to watch timer events"] [EtcdKey=/tidb/timer/cluster/1/notify/d629f031-983a-4d2e-8f4e-93fac758f7d3] [watcherID=92983c30-1f19-4550-bc8a-52f30d5ffa60]
[2026/07/25 09:32:02.958 +08:00] [INFO] [notifier.go:227] ["etcd notify loop to watch timer events stopped"] [EtcdKey=/tidb/timer/cluster/1/notify/d629f031-983a-4d2e-8f4e-93fac758f7d3]
[2026/07/25 09:32:02.958 +08:00] [INFO] [task_manager.go:225] ["shrink ttl worker"] [ttl-worker=job-manager] [ttl-worker=9230469f-6edf-4ce2-9fc7-ec4dd2c6b644] [ttl-worker=task-manager] [ttl-worker=9230469f-6edf-4ce2-9fc7-ec4dd2c6b644] [originalCount=4] [newCount=0]
[2026/07/25 09:32:02.958 +08:00] [INFO] [scan.go:379] ["ttlScanWorker loop exited."]
[2026/07/25 09:32:02.958 +08:00] [INFO] [scan.go:379] ["ttlScanWorker loop exited."]
[2026/07/25 09:32:02.958 +08:00] [INFO] [scan.go:379] ["ttlScanWorker loop exited."]
[2026/07/25 09:32:02.958 +08:00] [INFO] [scan.go:379] ["ttlScanWorker loop exited."]
[2026/07/25 09:32:02.958 +08:00] [INFO] [task_manager.go:225] ["shrink ttl worker"] [ttl-worker=job-manager] [ttl-worker=9230469f-6edf-4ce2-9fc7-ec4dd2c6b644] [ttl-worker=task-manager] [ttl-worker=9230469f-6edf-4ce2-9fc7-ec4dd2c6b644] [originalCount=4] [newCount=0]
[2026/07/25 09:32:02.958 +08:00] [INFO] [del.go:344] ["ttlDeleteWorker loop exited."]
[2026/07/25 09:32:02.958 +08:00] [INFO] [del.go:344] ["ttlDeleteWorker loop exited."]
[2026/07/25 09:32:02.958 +08:00] [INFO] [del.go:344] ["ttlDeleteWorker loop exited."]
[2026/07/25 09:32:02.958 +08:00] [INFO] [del.go:344] ["ttlDeleteWorker loop exited."]
[2026/07/25 09:32:02.958 +08:00] [INFO] [job_manager.go:183] ["ttlJobManager loop exited."] [ttl-worker=job-manager] [ttl-worker=9230469f-6edf-4ce2-9fc7-ec4dd2c6b644]
[2026/07/25 09:32:02.959 +08:00] [INFO] [job_manager.go:168] ["ttlJobManager loop exited."] [ttl-worker=job-manager] [ttl-worker=9230469f-6edf-4ce2-9fc7-ec4dd2c6b644]
[2026/07/25 09:32:02.959 +08:00] [INFO] [domain.go:495] ["ttlJobManager exited."]
[2026/07/25 09:32:02.959 +08:00] [INFO] [domain.go:2868] ["serverIDSession need restart"]
[2026/07/25 09:32:02.960 +08:00] [INFO] [domain.go:2733] ["releaseServerID succeed"] [serverID=1303] [leaseID=2872064657628242947]
[2026/07/25 09:32:02.960 +08:00] [INFO] [manager.go:241] ["runaway watch sync loop exit"]
[2026/07/25 09:32:02.960 +08:00] [INFO] [wait_group_wrapper.go:150] ["background process exited"] [source=domain] [process=runawayWatchSyncLoop]
[2026/07/25 09:32:02.960 +08:00] [INFO] [domain.go:2193] ["gcStatsWorker ready to release owner"]
[2026/07/25 09:32:02.960 +08:00] [INFO] [domain.go:2800] ["serverIDKeeper exited."]
[2026/07/25 09:32:02.960 +08:00] [INFO] [domain.go:2332] ["autoAnalyzeWorker exited."] [category=stats]
[2026/07/25 09:32:02.960 +08:00] [INFO] [manager.go:420] ["watch owner finished"] [key=/tidb/stats/owner] [id=9230469f-6edf-4ce2-9fc7-ec4dd2c6b644] []
[2026/07/25 09:32:02.960 +08:00] [INFO] [wait_group_wrapper.go:150] ["background process exited"] [source=domain] [process=autoAnalyzeWorker]
[2026/07/25 09:32:02.960 +08:00] [INFO] [manager.go:333] ["retire owner"] [key=/tidb/stats/owner] [id=9230469f-6edf-4ce2-9fc7-ec4dd2c6b644]
[2026/07/25 09:32:02.960 +08:00] [INFO] [domain.go:2147] ["asyncLoadStats exited."]
[2026/07/25 09:32:02.960 +08:00] [INFO] [wait_group_wrapper.go:150] ["background process exited"] [source=domain] [process=asyncLoadHistogram]
[2026/07/25 09:32:02.960 +08:00] [INFO] [manager.go:424] ["is not the owner"] [key=/tidb/stats/owner] [id=9230469f-6edf-4ce2-9fc7-ec4dd2c6b644]
[2026/07/25 09:32:02.960 +08:00] [INFO] [flusher.go:89] ["flushing remaining records before stop"] [name=runaway-record]
[2026/07/25 09:32:02.960 +08:00] [INFO] [manager.go:385] ["break campaign loop, context is done"] [key=/tidb/stats/owner] [id=9230469f-6edf-4ce2-9fc7-ec4dd2c6b644]
[2026/07/25 09:32:02.960 +08:00] [INFO] [stats_syncload.go:255] ["SubLoadWorker: exits now because the domain is closed."] [category=stats]
[2026/07/25 09:32:02.960 +08:00] [INFO] [stats_syncload.go:245] ["SubLoadWorker: exited."] [category=stats]
[2026/07/25 09:32:02.960 +08:00] [INFO] [domain.go:1477] ["LoadSysVarCacheLoop exited."]
[2026/07/25 09:32:02.960 +08:00] [INFO] [wait_group_wrapper.go:150] ["background process exited"] [source=domain] [process=LoadSysVarCacheLoop]
[2026/07/25 09:32:02.960 +08:00] [INFO] [domain.go:1861] ["dumpFileGcChecker exited."]
[2026/07/25 09:32:02.960 +08:00] [INFO] [wait_group_wrapper.go:150] ["background process exited"] [source=domain] [process=dumpFileGcChecker]
[2026/07/25 09:32:02.960 +08:00] [INFO] [domain.go:2396] ["analyzeJobsCleanupWorker exited."]
[2026/07/25 09:32:02.960 +08:00] [INFO] [domain.go:1237] ["stopping dist task scheduler manager because the current node is not DDL owner anymore"] [id=9230469f-6edf-4ce2-9fc7-ec4dd2c6b644]
[2026/07/25 09:32:02.960 +08:00] [INFO] [stats_syncload.go:255] ["SubLoadWorker: exits now because the domain is closed."] [category=stats]
[2026/07/25 09:32:02.960 +08:00] [INFO] [stats_syncload.go:245] ["SubLoadWorker: exited."] [category=stats]
[2026/07/25 09:32:02.960 +08:00] [INFO] [flusher.go:91] ["stopped flusher"] [name=runaway-record]
[2026/07/25 09:32:02.960 +08:00] [INFO] [domain.go:2282] ["dumpColStatsUsageWorker exited."]
[2026/07/25 09:32:02.960 +08:00] [INFO] [flusher.go:89] ["flushing remaining records before stop"] [name=quarantine-record]
[2026/07/25 09:32:02.960 +08:00] [INFO] [scheduler.go:186] ["schedule task exits"] [task-id=120001] [task-key=keyspace1/ImportInto/120001] [server-id=:4000]
[2026/07/25 09:32:02.960 +08:00] [INFO] [flusher.go:91] ["stopped flusher"] [name=quarantine-record]
[2026/07/25 09:32:02.960 +08:00] [INFO] [domain.go:2219] ["deltaUpdateTicker is going to exit, start to flush stats"]
[2026/07/25 09:32:02.960 +08:00] [INFO] [cross_ks.go:367] ["release cross keyspace runtime"] [targetKS=keyspace1] [holderID=DXF/scheduler/120001] [activeHolderCount=1]
[2026/07/25 09:32:02.960 +08:00] [INFO] [domain.go:2989] ["readTableCostWorker exited."]
[2026/07/25 09:32:02.960 +08:00] [INFO] [scheduler_manager.go:396] ["task scheduler exit"] [server-id=:4000] [task-id=120001] [task-key=keyspace1/ImportInto/120001]
[2026/07/25 09:32:02.960 +08:00] [INFO] [wait_group_wrapper.go:150] ["background process exited"] [source=domain] [process=readTableCostWorker]
[2026/07/25 09:32:02.960 +08:00] [INFO] [scheduler_manager.go:225] ["schedule task loop exits"] [server-id=:4000]
[2026/07/25 09:32:02.960 +08:00] [INFO] [domain.go:2914] ["planCacheMetricsAndVars exited."]
[2026/07/25 09:32:02.960 +08:00] [INFO] [scheduler_manager.go:414] ["cleanup loop exits"] [server-id=:4000]
[2026/07/25 09:32:02.960 +08:00] [INFO] [wait_group_wrapper.go:150] ["background process exited"] [source=domain] [process=planCacheMetricsAndVars]
[2026/07/25 09:32:02.960 +08:00] [INFO] [flusher.go:89] ["flushing remaining records before stop"] [name=stale-quarantine-record]
[2026/07/25 09:32:02.960 +08:00] [INFO] [domain.go:2945] ["planCacheEvictTrigger exited."]
[2026/07/25 09:32:02.960 +08:00] [INFO] [scheduler_manager.go:557] ["collect loop exits"] [server-id=:4000]
[2026/07/25 09:32:02.960 +08:00] [INFO] [domain.go:1807] ["PlanReplayerTaskCollectHandle exited."]
[2026/07/25 09:32:02.960 +08:00] [INFO] [syncer.go:422] ["topology sync loop exited."]
[2026/07/25 09:32:02.960 +08:00] [INFO] [domain.go:1892] ["HistoricalStatsWorker exited."]
[2026/07/25 09:32:02.960 +08:00] [INFO] [wait_group_wrapper.go:150] ["background process exited"] [source=domain] [process=topologySyncerKeeper]
[2026/07/25 09:32:02.960 +08:00] [INFO] [wait_group_wrapper.go:150] ["background process exited"] [source=domain] [process=HistoricalStatsWorker]
[2026/07/25 09:32:02.960 +08:00] [INFO] [wait_group_wrapper.go:150] ["background process exited"] [source=domain] [process=PlanReplayerTaskCollectHandle]
[2026/07/25 09:32:02.960 +08:00] [INFO] [scheduler_manager.go:337] ["subtask history table gc loop exits"] [server-id=:4000]
[2026/07/25 09:32:02.960 +08:00] [INFO] [domain.go:1239] ["dist task scheduler manager stopped"] [id=9230469f-6edf-4ce2-9fc7-ec4dd2c6b644]
[2026/07/25 09:32:02.960 +08:00] [INFO] [domain.go:1222] ["stopping dist task executor manager"]
[2026/07/25 09:32:02.960 +08:00] [INFO] [stats_syncload.go:255] ["SubLoadWorker: exits now because the domain is closed."] [category=stats]
[2026/07/25 09:32:02.960 +08:00] [INFO] [domain.go:2174] ["indexUsageWorker exited."]
[2026/07/25 09:32:02.960 +08:00] [INFO] [stats_syncload.go:245] ["SubLoadWorker: exited."] [category=stats]
[2026/07/25 09:32:02.960 +08:00] [INFO] [wait_group_wrapper.go:150] ["background process exited"] [source=domain] [process=indexUsageWorker]
[2026/07/25 09:32:02.960 +08:00] [INFO] [manager.go:157] ["handle tasks loop done"] [server-id=:4000]
[2026/07/25 09:32:02.960 +08:00] [INFO] [manager.go:285] ["recoverMetaLoop done"] [server-id=:4000]
[2026/07/25 09:32:02.960 +08:00] [INFO] [domain.go:1827] ["PlanReplayerTaskDumpHandle exited."]
[2026/07/25 09:32:02.960 +08:00] [INFO] [wait_group_wrapper.go:150] ["background process exited"] [source=domain] [process=PlanReplayerTaskDumpHandle]
[2026/07/25 09:32:02.960 +08:00] [INFO] [stats_syncload.go:255] ["SubLoadWorker: exits now because the domain is closed."] [category=stats]
[2026/07/25 09:32:02.960 +08:00] [INFO] [stats_syncload.go:255] ["SubLoadWorker: exits now because the domain is closed."] [category=stats]
[2026/07/25 09:32:02.960 +08:00] [INFO] [domain.go:1403] ["loadPrivilegeInLoop exited."]
[2026/07/25 09:32:02.960 +08:00] [INFO] [stats_syncload.go:245] ["SubLoadWorker: exited."] [category=stats]
[2026/07/25 09:32:02.960 +08:00] [INFO] [wait_group_wrapper.go:150] ["background process exited"] [source=domain] [process=loadPrivilegeInLoop]
[2026/07/25 09:32:02.960 +08:00] [INFO] [stats_syncload.go:255] ["SubLoadWorker: exits now because the domain is closed."] [category=stats]
[2026/07/25 09:32:02.960 +08:00] [INFO] [manager.go:420] ["watch owner finished"] [key=/tidb/br-stream/owner] [id=3e938807-fbda-4cef-b531-a152b59b91bf] []
[2026/07/25 09:32:02.960 +08:00] [INFO] [domain.go:419] ["globalConfigSyncerKeeper exited."]
[2026/07/25 09:32:02.960 +08:00] [INFO] [stats_syncload.go:245] ["SubLoadWorker: exited."] [category=stats]
[2026/07/25 09:32:02.960 +08:00] [INFO] [wait_group_wrapper.go:150] ["background process exited"] [source=domain] [process=planCacheEvictTrigger]
[2026/07/25 09:32:02.960 +08:00] [INFO] [manager.go:333] ["retire owner"] [key=/tidb/br-stream/owner] [id=3e938807-fbda-4cef-b531-a152b59b91bf]
[2026/07/25 09:32:02.960 +08:00] [INFO] [manager.go:424] ["is not the owner"] [key=/tidb/br-stream/owner] [id=3e938807-fbda-4cef-b531-a152b59b91bf]
[2026/07/25 09:32:02.960 +08:00] [INFO] [manager.go:385] ["break campaign loop, context is done"] [key=/tidb/br-stream/owner] [id=3e938807-fbda-4cef-b531-a152b59b91bf]
[2026/07/25 09:32:02.960 +08:00] [INFO] [wait_group_wrapper.go:150] ["background process exited"] [source=domain] [process=dumpColStatsUsageWorker]
[2026/07/25 09:32:02.960 +08:00] [INFO] [domain.go:2114] ["loadStatsWorker exited."]
[2026/07/25 09:32:02.960 +08:00] [INFO] [flusher.go:91] ["stopped flusher"] [name=stale-quarantine-record]
[2026/07/25 09:32:02.960 +08:00] [INFO] [wait_group_wrapper.go:150] ["background process exited"] [source=domain] [process=analyzeJobsCleanupWorker]
[2026/07/25 09:32:02.960 +08:00] [INFO] [stats_syncload.go:245] ["SubLoadWorker: exited."] [category=stats]
[2026/07/25 09:32:02.960 +08:00] [INFO] [wait_group_wrapper.go:150] ["background process exited"] [source=domain] [process=globalConfigSyncerKeeper]
[2026/07/25 09:32:02.960 +08:00] [INFO] [manager.go:205] ["runaway record flush loop exit"]
[2026/07/25 09:32:02.960 +08:00] [INFO] [syncer.go:288] ["server info sync loop exited."]
[2026/07/25 09:32:02.960 +08:00] [INFO] [wait_group_wrapper.go:150] ["background process exited"] [source=domain] [process=runawayRecordFlushLoop]
[2026/07/25 09:32:02.960 +08:00] [INFO] [wait_group_wrapper.go:150] ["background process exited"] [source=domain] [process=loadSigningCertLoop]
[2026/07/25 09:32:02.960 +08:00] [INFO] [wait_group_wrapper.go:150] ["background process exited"] [source=domain] [process=loadStatsWorker]
[2026/07/25 09:32:02.960 +08:00] [INFO] [task_executor.go:461] ["execute task step completed"] [task-id=120001] [task-key=keyspace1/ImportInto/120001] [server-id=:4000] [step=post-process] [mem-limit-percent=0.7] [server-mem-limit=80%] [resource="[CPU=1, Mem=2.571GiB]"] [takeTime=687.620084ms] []
[2026/07/25 09:32:02.960 +08:00] [INFO] [wait_group_wrapper.go:150] ["background process exited"] [source=domain] [process=infoSyncerKeeper]
[2026/07/25 09:32:02.960 +08:00] [INFO] [plan_replayer.go:411] ["planReplayerTaskDumpWorker exited."]
[2026/07/25 09:32:02.960 +08:00] [INFO] [cross_ks.go:367] ["release cross keyspace runtime"] [targetKS=keyspace1] [holderID=DXF/executor/120001] [activeHolderCount=0]
[2026/07/25 09:32:02.960 +08:00] [INFO] [manager.go:373] ["task executor exit"] [server-id=:4000] [task-id=120001] [task-key=keyspace1/ImportInto/120001] [type=ImportInto]
[2026/07/25 09:32:02.960 +08:00] [INFO] [domain.go:1224] ["dist task executor manager stopped"]
[2026/07/25 09:32:02.960 +08:00] [INFO] [wait_group_wrapper.go:150] ["background process exited"] [source=domain] [process=distTaskFrameworkLoop]
[2026/07/25 09:32:02.960 +08:00] [INFO] [manager.go:420] ["watch owner finished"] [key=/tidb/bindinfo/owner] [id=9230469f-6edf-4ce2-9fc7-ec4dd2c6b644] []
[2026/07/25 09:32:02.960 +08:00] [INFO] [manager.go:333] ["retire owner"] [key=/tidb/bindinfo/owner] [id=9230469f-6edf-4ce2-9fc7-ec4dd2c6b644]
[2026/07/25 09:32:02.960 +08:00] [INFO] [manager.go:424] ["is not the owner"] [key=/tidb/bindinfo/owner] [id=9230469f-6edf-4ce2-9fc7-ec4dd2c6b644]
[2026/07/25 09:32:02.960 +08:00] [INFO] [manager.go:385] ["break campaign loop, context is done"] [key=/tidb/bindinfo/owner] [id=9230469f-6edf-4ce2-9fc7-ec4dd2c6b644]
[2026/07/25 09:32:02.961 +08:00] [INFO] [domain.go:2225] ["deltaUpdateTicker exit preprocessing finished"]
[2026/07/25 09:32:02.961 +08:00] [INFO] [wait_group_wrapper.go:150] ["background process exited"] [source=domain] [process=deltaUpdateTickerWorker]
[2026/07/25 09:32:02.962 +08:00] [INFO] [domain.go:1616] ["globalBindHandleWorkerLoop exited."]
[2026/07/25 09:32:02.962 +08:00] [INFO] [wait_group_wrapper.go:150] ["background process exited"] [source=domain] [process=globalBindHandleWorkerLoop]
[2026/07/25 09:32:02.963 +08:00] [INFO] [domain.go:2201] ["gcStatsWorker exit preprocessing finished"]
[2026/07/25 09:32:02.963 +08:00] [INFO] [domain.go:2246] ["gcStatsWorker exited."]
[2026/07/25 09:32:02.963 +08:00] [INFO] [wait_group_wrapper.go:150] ["background process exited"] [source=domain] [process=gcStatsWorker]
[2026/07/25 09:32:02.963 +08:00] [INFO] [domain.go:391] ["topNSlowQueryLoop exited."]
[2026/07/25 09:32:02.963 +08:00] [INFO] [wait_group_wrapper.go:150] ["background process exited"] [source=domain] [process=topNSlowQueryLoop]
[2026/07/25 09:32:02.963 +08:00] [INFO] [wait_group_wrapper.go:150] ["background process exited"] [source=domain] [process=mdlCheckLoop]
[2026/07/25 09:32:02.963 +08:00] [INFO] [syncer.go:304] ["info schema sync loop exited."]
[2026/07/25 09:32:02.963 +08:00] [INFO] [wait_group_wrapper.go:150] ["background process exited"] [source=domain] [process=loadSchemaInLoop]
[2026/07/25 09:32:02.963 +08:00] [WARN] [meta_storage_client.go:165] ["watch stream closed"] [error="rpc error: code = Canceled desc = context canceled"]
[2026/07/25 09:32:02.963 +08:00] [INFO] [owner_daemon.go:87] ["daemon loop exits"] [id=3e938807-fbda-4cef-b531-a152b59b91bf] [daemon-id=LogBackup::Advancer]
[2026/07/25 09:32:02.963 +08:00] [INFO] [wait_group_wrapper.go:150] ["background process exited"] [source=domain] [process=logBackupAdvancer]
[2026/07/25 09:32:02.963 +08:00] [INFO] [domain.go:979] ["closestReplicaReadCheckLoop exited."]
[2026/07/25 09:32:02.963 +08:00] [INFO] [wait_group_wrapper.go:150] ["background process exited"] [source=domain] [process=crossKSSessMgrGCLoop]
[2026/07/25 09:32:02.963 +08:00] [WARN] [meta_storage_client.go:165] ["watch stream closed"] [error="rpc error: code = Canceled desc = context canceled"]
[2026/07/25 09:32:02.963 +08:00] [INFO] [wait_group_wrapper.go:150] ["background process exited"] [source=domain] [process=closestReplicaReadCheckLoop]
[2026/07/25 09:32:02.963 +08:00] [INFO] [advancer_cliext.go:194] ["Start collecting remaining events in the channel."] [category="log backup advancer"] [remained=0]
[2026/07/25 09:32:02.963 +08:00] [INFO] [advancer_cliext.go:199] ["Finish collecting remaining events in the channel."] [category="log backup advancer"]
[2026/07/25 09:32:02.963 +08:00] [WARN] [metering.go:383] ["failed to write metering data"] [component=meter] [timestamp=1784943180] [error="failed to upload page data: operation error S3: PutObject, context canceled"] [duration=143.958µs] [data="[{\"cluster_id\":\"keyspace1\",\"cluster_write_bytes\":82,\"get_requests\":10,\"obj_store_read_bytes\":1494,\"source_name\":\"dxf\",\"task_id\":120001,\"task_type\":\"ImportInto\",\"version\":\"1\"}]"]
[2026/07/25 09:32:02.963 +08:00] [INFO] [metering.go:253] ["recorder unregistered and finished final flush"] [component=meter] [accumulatedData="{id: 120001, keyspace: keyspace1, type: ImportInto, requests{get: 11, put: 5}, obj_store{r: 1.675KiB, w: 1.278KiB}, cluster{r: 0B, w: 82B}"]
[2026/07/25 09:32:02.963 +08:00] [INFO] [wait_group_wrapper.go:150] ["background process exited"] [source=domain] [process=dxfMeteringFlushLoop]
[2026/07/25 09:32:02.965 +08:00] [INFO] [cross_ks.go:516] ["close cross keyspace session manager"] [targetKS=keyspace1]
[2026/07/25 09:32:02.965 +08:00] [INFO] [syncer.go:288] ["server info sync loop exited."]
[2026/07/25 09:32:02.965 +08:00] [INFO] [syncer.go:304] ["info schema sync loop exited."] [targetKS=keyspace1]
[2026/07/25 09:32:02.966 +08:00] [INFO] [client.go:356] ["[pd] http client closed"] [source=tikv-driver]
[2026/07/25 09:32:02.966 +08:00] [INFO] [inner_client.go:96] ["[pd] exit router client initializer"]
[2026/07/25 09:32:02.966 +08:00] [INFO] [service_discovery.go:562] ["[pd] exit member loop due to context canceled"]
[2026/07/25 09:32:02.966 +08:00] [INFO] [router_service_discovery.go:315] ["[router service] exit health check member loop"]
[2026/07/25 09:32:02.966 +08:00] [INFO] [router_service_discovery.go:273] ["[router service] exit check member loop"]
[2026/07/25 09:32:02.966 +08:00] [INFO] [dispatcher.go:207] ["[tso] stop fetching the pending tso requests due to context canceled"]
[2026/07/25 09:32:02.966 +08:00] [INFO] [dispatcher.go:149] ["[tso] exit tso dispatcher"]
[2026/07/25 09:32:02.966 +08:00] [INFO] [resource_manager_client.go:341] ["[resource manager] exit resource token dispatcher"]
[2026/07/25 09:32:02.966 +08:00] [INFO] [router_service_discovery.go:287] ["[router service] closing router service discovery"]
[2026/07/25 09:32:02.966 +08:00] [INFO] [router_service_discovery.go:303] ["[router service] is closed"]
[2026/07/25 09:32:02.966 +08:00] [INFO] [client.go:155] ["[tso] closing tso client"]
[2026/07/25 09:32:02.966 +08:00] [INFO] [client.go:277] ["[tso] exit tso connection contexts updater"]
[2026/07/25 09:32:02.966 +08:00] [INFO] [stream.go:366] ["tsoStream.recvLoop ended"] [stream=192.168.124.17:12379-2] [error="rpc error: code = Canceled desc = context canceled"] [errorVerbose="rpc error: code = Canceled desc = context canceled\ngithub.com/tikv/pd/client/clients/tso.(*tsoStream).recvLoop\n\t/Users/bba/.gvm/pkgsets/go1.25.1/global/pkg/mod/github.com/tikv/pd/client@v0.0.0-20260708075407-4e05b9d2c2d3/clients/tso/stream.go:434\nruntime.goexit\n\t/Users/bba/.gvm/pkgsets/go1.25.1/global/pkg/mod/golang.org/toolchain@v0.0.1-go1.25.10.darwin-arm64/src/runtime/asm_arm64.s:1268"]
[2026/07/25 09:32:02.966 +08:00] [INFO] [client.go:160] ["[tso] close tso client"]
[2026/07/25 09:32:02.966 +08:00] [INFO] [client.go:162] ["[tso] tso client is closed"]
[2026/07/25 09:32:02.966 +08:00] [INFO] [service_discovery.go:653] ["[pd] close service discovery client"]
[2026/07/25 09:32:02.966 +08:00] [INFO] [watcher.go:73] ["[pd] exit the deadline watcher"] [source=tso]
[2026/07/25 09:32:02.967 +08:00] [INFO] [inner_client.go:275] ["[pd] close client successfully"]
[2026/07/25 09:32:02.967 +08:00] [INFO] [domain.go:550] ["domain closed"] ["take time"=9.190125ms]
[2026/07/25 09:32:02.968 +08:00] [INFO] [client.go:356] ["[pd] http client closed"] [source=tikv-driver]
[2026/07/25 09:32:02.968 +08:00] [INFO] [inner_client.go:96] ["[pd] exit router client initializer"]
[2026/07/25 09:32:02.968 +08:00] [INFO] [client.go:277] ["[tso] exit tso connection contexts updater"]
[2026/07/25 09:32:02.968 +08:00] [INFO] [watcher.go:73] ["[pd] exit the deadline watcher"] [source=tso]
[2026/07/25 09:32:02.968 +08:00] [INFO] [service_discovery.go:562] ["[pd] exit member loop due to context canceled"]
[2026/07/25 09:32:02.968 +08:00] [INFO] [dispatcher.go:207] ["[tso] stop fetching the pending tso requests due to context canceled"]
[2026/07/25 09:32:02.968 +08:00] [INFO] [dispatcher.go:149] ["[tso] exit tso dispatcher"]
[2026/07/25 09:32:02.968 +08:00] [INFO] [router_service_discovery.go:315] ["[router service] exit health check member loop"]
[2026/07/25 09:32:02.968 +08:00] [INFO] [resource_manager_client.go:341] ["[resource manager] exit resource token dispatcher"]
[2026/07/25 09:32:02.968 +08:00] [INFO] [router_service_discovery.go:273] ["[router service] exit check member loop"]
[2026/07/25 09:32:02.968 +08:00] [INFO] [router_service_discovery.go:287] ["[router service] closing router service discovery"]
[2026/07/25 09:32:02.968 +08:00] [INFO] [router_service_discovery.go:303] ["[router service] is closed"]
[2026/07/25 09:32:02.968 +08:00] [INFO] [stream.go:366] ["tsoStream.recvLoop ended"] [stream=192.168.124.17:12379-1] [error="rpc error: code = Canceled desc = context canceled"] [errorVerbose="rpc error: code = Canceled desc = context canceled\ngithub.com/tikv/pd/client/clients/tso.(*tsoStream).recvLoop\n\t/Users/bba/.gvm/pkgsets/go1.25.1/global/pkg/mod/github.com/tikv/pd/client@v0.0.0-20260708075407-4e05b9d2c2d3/clients/tso/stream.go:434\nruntime.goexit\n\t/Users/bba/.gvm/pkgsets/go1.25.1/global/pkg/mod/golang.org/toolchain@v0.0.1-go1.25.10.darwin-arm64/src/runtime/asm_arm64.s:1268"]
[2026/07/25 09:32:02.968 +08:00] [INFO] [client.go:155] ["[tso] closing tso client"]
[2026/07/25 09:32:02.968 +08:00] [INFO] [client.go:160] ["[tso] close tso client"]
[2026/07/25 09:32:02.968 +08:00] [INFO] [client.go:162] ["[tso] tso client is closed"]
[2026/07/25 09:32:02.968 +08:00] [INFO] [service_discovery.go:653] ["[pd] close service discovery client"]
[2026/07/25 09:32:02.968 +08:00] [INFO] [inner_client.go:275] ["[pd] close client successfully"]
--- PASS: TestAINativeNextGenImportConcurrentDMLWriteFence (7.42s)
PASS
ok  	github.com/pingcap/tidb/tests/realtikvtest/importintotest3	9.657s
