=== RUN   TestAINativeNextGenImportConcurrentDMLWriteFence
    testkit.go:257: create realtikv store with keyspace: SYSTEM
[2026/07/25 09:32:23.176 +08:00] [INFO] [service_discovery.go:1011] ["[pd] update member urls"] [old-sorted-urls="[http://127.0.0.1:12379]"] [new-sorted-urls="[http://192.168.124.17:12379]"]
[2026/07/25 09:32:23.176 +08:00] [INFO] [service_discovery.go:1030] ["[pd] switch leader"] [new-leader=http://192.168.124.17:12379] [old-leader=]
[2026/07/25 09:32:23.176 +08:00] [INFO] [service_discovery.go:509] ["[pd] init cluster id"] [cluster-id=7666268769414273286]
[2026/07/25 09:32:23.179 +08:00] [INFO] [client.go:214] ["[tso] switch the tso leader serving url"] [new-url=http://192.168.124.17:12379]
[2026/07/25 09:32:23.180 +08:00] [INFO] [inner_client.go:173] ["[pd] tso provider changed to pd"]
[2026/07/25 09:32:23.180 +08:00] [INFO] [watcher.go:56] ["[pd] start the deadline watcher"] [source=tso]
[2026/07/25 09:32:23.180 +08:00] [INFO] [client.go:251] ["[tso] start tso connection contexts updater"]
[2026/07/25 09:32:23.180 +08:00] [INFO] [dispatcher.go:146] ["[tso] tso dispatcher created"]
[2026/07/25 09:32:23.180 +08:00] [INFO] [dispatcher.go:598] ["[tso] switching tso rpc concurrency"] [old=0] [new=1]
[2026/07/25 09:32:23.180 +08:00] [INFO] [inner_client.go:154] ["[pd] service mode changed"] [new-mode=PD_SVC_MODE]
[2026/07/25 09:32:23.180 +08:00] [INFO] [router_service_discovery.go:162] ["[router service] created router service discovery"] [cluster-id=7666268769414273286] [keyspace-id=16777214] [default-discovery-key=/ms/7666268769414273286/router/registry/]
[2026/07/25 09:32:23.180 +08:00] [INFO] [router_service_discovery.go:174] ["[router service] initializing router service discovery"] [max-retry-times=100] [retry-interval=1s]
[2026/07/25 09:32:23.181 +08:00] [INFO] [router_service_discovery.go:260] ["[router service] update member sorted urls"] [new-sorted-urls="[]"]
[2026/07/25 09:32:23.181 +08:00] [INFO] [router_service_discovery.go:245] ["[router service] updating nodes succeeded"] [urls="[]"] [clients-length=0]
[2026/07/25 09:32:23.181 +08:00] [INFO] [client.go:407] ["[pd] create pd client with endpoints and keyspace"] [pd-address="[127.0.0.1:12379]"] [keyspace-name=SYSTEM] [keyspace-id=16777214]
[2026/07/25 09:32:23.181 +08:00] [INFO] [client.go:424] ["[router] connection daemon is started"]
[2026/07/25 09:32:23.181 +08:00] [INFO] [tikv_driver.go:197] ["using API V2."] [keyspaceName=SYSTEM]
[2026/07/25 09:32:23.181 +08:00] [INFO] [client.go:585] ["[router] dispatcher is started"]
[2026/07/25 09:32:23.181 +08:00] [INFO] [client.go:509] ["[router] successfully established the leader router stream connection"] [url=http://192.168.124.17:12379]
[2026/07/25 09:32:23.181 +08:00] [INFO] [inner_client.go:91] ["[pd] start router client initializer"]
[2026/07/25 09:32:23.183 +08:00] [INFO] [metamanager.go:130] ["get default keyspace meta service group info "] [group-info="{\"GroupID\":\"0\",\"Addrs\":[\"192.168.124.17:12379\"]}"]
[2026/07/25 09:32:23.183 +08:00] [INFO] [metamanager.go:158] ["return keyspace meta service group info"] [meta-service-info="{\"PDAddrs\":[\"192.168.124.17:12379\"],\"Group\":{\"GroupID\":\"0\",\"Addrs\":[\"192.168.124.17:12379\"]}}"]
[2026/07/25 09:32:23.190 +08:00] [INFO] [store_cache.go:572] ["change store resolve state"] [store=1] [addr=127.0.0.1:30160] [from=unresolved] [to=resolved] [liveness-state=reachable]
[2026/07/25 09:32:23.195 +08:00] [INFO] [session.go:4452] ["cluster already bootstrapped"] [version=283]
[2026/07/25 09:32:23.195 +08:00] [INFO] [tidb.go:103] ["new domain"] [store=tikv-7666268769414273286/SYSTEM] ["ddl lease"=500ms] ["stats lease"=3s]
[2026/07/25 09:32:23.206 +08:00] [INFO] [info.go:279] ["init TiFlashReplicaManager"]
[2026/07/25 09:32:23.210 +08:00] [INFO] [domain.go:2708] [acquireServerID] [serverID=935] ["lease id"=27db9f96d9e2a54a]
[2026/07/25 09:32:23.211 +08:00] [INFO] [global_controller.go:219] ["load resource controller config"] [config="{\"degraded-mode-wait-duration\":\"0s\",\"ltb-max-wait-duration\":\"30s\",\"ltb-token-rpc-max-delay\":\"1s\",\"request-unit\":{\"read-base-cost\":0.125,\"read-per-batch-base-cost\":0.5,\"read-cost-per-byte\":0.0000152587890625,\"write-base-cost\":1,\"write-per-batch-base-cost\":1,\"write-cost-per-byte\":0.0009765625,\"read-cpu-ms-cost\":0.3333333333333333},\"enable-controller-trace-log\":\"false\",\"token-rpc-params\":{\"wait-retry-interval\":\"50ms\",\"wait-retry-times\":20}}"] [ru-config="{\"ReadBaseCost\":0.125,\"ReadPerBatchBaseCost\":0.5,\"ReadBytesCost\":0.0000152587890625,\"WriteBaseCost\":1,\"WritePerBatchBaseCost\":1,\"WriteBytesCost\":0.0009765625,\"CPUMsCost\":0.3333333333333333,\"LTBMaxWaitDuration\":30000000000,\"WaitRetryInterval\":50000000,\"WaitRetryTimes\":20,\"DegradedModeWaitDuration\":0}"] [keyspace-id=16777214]
[2026/07/25 09:32:23.219 +08:00] [INFO] [loader.go:281] ["full load InfoSchema success"] [mode=auto] [isV2=true] [currentSchemaVersion=0] [neededSchemaVersion=3] ["elapsed time"=5.938292ms]
[2026/07/25 09:32:23.219 +08:00] [INFO] [syncer.go:456] ["full load and reset schema validator"]
[2026/07/25 09:32:23.222 +08:00] [INFO] [ddl.go:1157] ["DDL closed"] [category=ddl] [ID=75e1294a-c4c0-4fdb-857b-28b34a67b83f] ["take time"=471.334µs]
[2026/07/25 09:32:23.222 +08:00] [INFO] [ddl.go:848] ["stop DDL"] [category=ddl] [ID=75e1294a-c4c0-4fdb-857b-28b34a67b83f]
[2026/07/25 09:32:23.223 +08:00] [INFO] [domain.go:2733] ["releaseServerID succeed"] [serverID=935] [leaseID=2872064657628243274]
[2026/07/25 09:32:23.223 +08:00] [WARN] [meta_storage_client.go:165] ["watch stream closed"] [error="rpc error: code = Canceled desc = context canceled"]
[2026/07/25 09:32:23.223 +08:00] [WARN] [meta_storage_client.go:165] ["watch stream closed"] [error="rpc error: code = Canceled desc = context canceled"]
[2026/07/25 09:32:23.224 +08:00] [INFO] [domain.go:550] ["domain closed"] ["take time"=2.359167ms]
[2026/07/25 09:32:23.224 +08:00] [INFO] [tidb.go:103] ["new domain"] [store=tikv-7666268769414273286/SYSTEM] ["ddl lease"=500ms] ["stats lease"=3s]
[2026/07/25 09:32:23.227 +08:00] [INFO] [info.go:279] ["init TiFlashReplicaManager"]
[2026/07/25 09:32:23.229 +08:00] [INFO] [domain.go:2708] [acquireServerID] [serverID=967] ["lease id"=27db9f96d9e2a563]
[2026/07/25 09:32:23.230 +08:00] [INFO] [global_controller.go:219] ["load resource controller config"] [config="{\"degraded-mode-wait-duration\":\"0s\",\"ltb-max-wait-duration\":\"30s\",\"ltb-token-rpc-max-delay\":\"1s\",\"request-unit\":{\"read-base-cost\":0.125,\"read-per-batch-base-cost\":0.5,\"read-cost-per-byte\":0.0000152587890625,\"write-base-cost\":1,\"write-per-batch-base-cost\":1,\"write-cost-per-byte\":0.0009765625,\"read-cpu-ms-cost\":0.3333333333333333},\"enable-controller-trace-log\":\"false\",\"token-rpc-params\":{\"wait-retry-interval\":\"50ms\",\"wait-retry-times\":20}}"] [ru-config="{\"ReadBaseCost\":0.125,\"ReadPerBatchBaseCost\":0.5,\"ReadBytesCost\":0.0000152587890625,\"WriteBaseCost\":1,\"WritePerBatchBaseCost\":1,\"WriteBytesCost\":0.0009765625,\"CPUMsCost\":0.3333333333333333,\"LTBMaxWaitDuration\":30000000000,\"WaitRetryInterval\":50000000,\"WaitRetryTimes\":20,\"DegradedModeWaitDuration\":0}"] [keyspace-id=16777214]
[2026/07/25 09:32:23.238 +08:00] [INFO] [loader.go:281] ["full load InfoSchema success"] [mode=auto] [isV2=true] [currentSchemaVersion=0] [neededSchemaVersion=3] ["elapsed time"=6.325958ms]
[2026/07/25 09:32:23.238 +08:00] [INFO] [syncer.go:456] ["full load and reset schema validator"]
[2026/07/25 09:32:23.238 +08:00] [INFO] [ddl.go:881] ["start DDL"] [category=ddl] [ID=75e1294a-c4c0-4fdb-857b-28b34a67b83f] [runWorker=true] [jobVersion=v2] [startMode=normal]
[2026/07/25 09:32:23.238 +08:00] [INFO] [ddl.go:856] ["start delRangeManager OK"] [category=ddl] ["is a emulator"=false]
[2026/07/25 09:32:23.239 +08:00] [INFO] [manager.go:289] ["start campaign owner"] [key=/tidb/ddl/fg/owner] [id=75e1294a-c4c0-4fdb-857b-28b34a67b83f]
[2026/07/25 09:32:23.240 +08:00] [INFO] [env.go:123] ["the ingest sorted directory"] [category=ddl-ingest] ["data path"=/tmp/tidb/tmp_ddl-4001]
[2026/07/25 09:32:23.240 +08:00] [WARN] [env.go:84] ["ingest backfill may not be available"] [category=ddl-ingest] [error="the available disk space(7584714752) in /tmp/tidb/tmp_ddl-4001 should be greater than @@tidb_ddl_disk_quota(107374182400)"] [errorVerbose="the available disk space(7584714752) in /tmp/tidb/tmp_ddl-4001 should be greater than @@tidb_ddl_disk_quota(107374182400)\ngithub.com/pingcap/tidb/pkg/ddl/ingest.(*diskRootImpl).StartupCheck\n\t/Users/bba/pc/tidb-ai-critical-scan/pkg/ddl/ingest/disk_root.go:191\ngithub.com/pingcap/tidb/pkg/ddl/ingest.InitGlobalLightningEnv\n\t/Users/bba/pc/tidb-ai-critical-scan/pkg/ddl/ingest/env.go:82\ngithub.com/pingcap/tidb/pkg/ddl.(*ddl).Start\n\t/Users/bba/pc/tidb-ai-critical-scan/pkg/ddl/ddl.go:942\ngithub.com/pingcap/tidb/pkg/domain.(*Domain).Start\n\t/Users/bba/pc/tidb-ai-critical-scan/pkg/domain/domain.go:809\ngithub.com/pingcap/tidb/pkg/session.bootstrapSessionImpl\n\t/Users/bba/pc/tidb-ai-critical-scan/pkg/session/session.go:4517\ngithub.com/pingcap/tidb/pkg/session.BootstrapSession\n\t/Users/bba/pc/tidb-ai-critical-scan/pkg/session/session.go:4387\ngithub.com/pingcap/tidb/tests/realtikvtest.CreateMockStoreAndDomainAndSetup\n\t/Users/bba/pc/tidb-ai-critical-scan/tests/realtikvtest/testkit.go:298\ngithub.com/pingcap/tidb/tests/realtikvtest.PrepareForCrossKSTestWithNewCollation\n\t/Users/bba/pc/tidb-ai-critical-scan/tests/realtikvtest/testkit.go:215\ngithub.com/pingcap/tidb/tests/realtikvtest.PrepareForCrossKSTest\n\t/Users/bba/pc/tidb-ai-critical-scan/tests/realtikvtest/testkit.go:180\ngithub.com/pingcap/tidb/tests/realtikvtest/importintotest3.TestAINativeNextGenImportConcurrentDMLWriteFence\n\t/Users/bba/pc/tidb-ai-critical-scan/tests/realtikvtest/importintotest3/ai_native_import_dml_write_fence_test.go:55\ntesting.tRunner\n\t/Users/bba/.gvm/pkgsets/go1.25.1/global/pkg/mod/golang.org/toolchain@v0.0.1-go1.25.10.darwin-arm64/src/testing/testing.go:1934\nruntime.goexit\n\t/Users/bba/.gvm/pkgsets/go1.25.1/global/pkg/mod/golang.org/toolchain@v0.0.1-go1.25.10.darwin-arm64/src/runtime/asm_arm64.s:1268"]
[2026/07/25 09:32:23.240 +08:00] [INFO] [env.go:88] ["init global ingest backend environment finished"] [category=ddl-ingest] ["memory limitation"=19327352832] ["disk usage info"="disk usage: 987077869568/994662584320, backend usage: 0"] ["max open file number"=138240] ["lightning is initialized"=true]
[2026/07/25 09:32:23.240 +08:00] [INFO] [wait_group_wrapper.go:141] ["background process started"] [source=domain] [process=loadSchemaInLoop]
[2026/07/25 09:32:23.240 +08:00] [INFO] [wait_group_wrapper.go:141] ["background process started"] [source=domain] [process=mdlCheckLoop]
[2026/07/25 09:32:23.240 +08:00] [INFO] [wait_group_wrapper.go:141] ["background process started"] [source=domain] [process=topNSlowQueryLoop]
[2026/07/25 09:32:23.240 +08:00] [INFO] [wait_group_wrapper.go:141] ["background process started"] [source=domain] [process=infoSyncerKeeper]
[2026/07/25 09:32:23.240 +08:00] [INFO] [wait_group_wrapper.go:141] ["background process started"] [source=domain] [process=globalConfigSyncerKeeper]
[2026/07/25 09:32:23.240 +08:00] [INFO] [wait_group_wrapper.go:141] ["background process started"] [source=domain] [process=runawayRecordFlushLoop]
[2026/07/25 09:32:23.240 +08:00] [INFO] [wait_group_wrapper.go:141] ["background process started"] [source=domain] [process=runawayWatchSyncLoop]
[2026/07/25 09:32:23.240 +08:00] [INFO] [wait_group_wrapper.go:141] ["background process started"] [source=domain] [process=requestUnitsWriterLoop]
[2026/07/25 09:32:23.240 +08:00] [INFO] [wait_group_wrapper.go:141] ["background process started"] [source=domain] [process=topologySyncerKeeper]
[2026/07/25 09:32:23.240 +08:00] [INFO] [wait_group_wrapper.go:141] ["background process started"] [source=domain] [process=closestReplicaReadCheckLoop]
[2026/07/25 09:32:23.240 +08:00] [INFO] [wait_group_wrapper.go:150] ["background process exited"] [source=domain] [process=requestUnitsWriterLoop]
[2026/07/25 09:32:23.240 +08:00] [INFO] [owner_daemon.go:70] ["begin advancer daemon"] [daemon-id=LogBackup::Advancer]
[2026/07/25 09:32:23.241 +08:00] [INFO] [manager.go:289] ["start campaign owner"] [key=/tidb/br-stream/owner] [id=a3a942ac-3d48-4b68-ac83-b2c747f8f361]
[2026/07/25 09:32:23.241 +08:00] [INFO] [manager.go:527] ["get owner"] [key=/tidb/ddl/fg/owner] ["owner key"=/tidb/ddl/fg/owner/27db9f96d9e2a56d] [ownerID=75e1294a-c4c0-4fdb-857b-28b34a67b83f]
[2026/07/25 09:32:23.241 +08:00] [INFO] [manager.go:324] ["become owner"] [key=/tidb/ddl/fg/owner] [id=75e1294a-c4c0-4fdb-857b-28b34a67b83f]
[2026/07/25 09:32:23.241 +08:00] [INFO] [manager.go:616] ["watching owner key"] [key=/tidb/ddl/fg/owner] [id=75e1294a-c4c0-4fdb-857b-28b34a67b83f] [ownerKey=/tidb/ddl/fg/owner/27db9f96d9e2a56d] [currRev=799]
[2026/07/25 09:32:23.242 +08:00] [INFO] [job_scheduler.go:363] ["get global state and global state change"] [category=ddl] [oldState=false] [currState=false]
[2026/07/25 09:32:23.242 +08:00] [INFO] [manager.go:561] ["set owner op is the same as the original, so do nothing."] [key=/tidb/ddl/fg/owner] [id=75e1294a-c4c0-4fdb-857b-28b34a67b83f] [op=none]
[2026/07/25 09:32:23.242 +08:00] [INFO] [job_scheduler.go:375] ["the owner sets owner operator value"] [category=ddl] [ownerOp=none]
[2026/07/25 09:32:23.242 +08:00] [INFO] [manager.go:527] ["get owner"] [key=/tidb/br-stream/owner] ["owner key"=/tidb/br-stream/owner/27db9f96d9e2a572] [ownerID=a3a942ac-3d48-4b68-ac83-b2c747f8f361]
[2026/07/25 09:32:23.242 +08:00] [INFO] [manager.go:324] ["become owner"] [key=/tidb/br-stream/owner] [id=a3a942ac-3d48-4b68-ac83-b2c747f8f361]
[2026/07/25 09:32:23.242 +08:00] [INFO] [wait_group_wrapper.go:141] ["background process started"] [source=domain] [process=logBackupAdvancer]
[2026/07/25 09:32:23.242 +08:00] [INFO] [manager.go:616] ["watching owner key"] [key=/tidb/br-stream/owner] [id=a3a942ac-3d48-4b68-ac83-b2c747f8f361] [ownerKey=/tidb/br-stream/owner/27db9f96d9e2a572] [currRev=800]
[2026/07/25 09:32:23.242 +08:00] [INFO] [wait_group_wrapper.go:141] ["background process started"] [source=domain] [process=crossKSSessMgrGCLoop]
[2026/07/25 09:32:23.242 +08:00] [INFO] [owner_daemon.go:81] ["begin running daemon"] [id=a3a942ac-3d48-4b68-ac83-b2c747f8f361] [daemon-id=LogBackup::Advancer]
[2026/07/25 09:32:23.242 +08:00] [WARN] [sysvar_cache.go:53] ["sysvar cache is empty, triggering rebuild"]
[2026/07/25 09:32:23.243 +08:00] [WARN] [global_controller.go:850] ["[resource group controller] resource group name does not exist"] [name=default]
[2026/07/25 09:32:23.244 +08:00] [INFO] [client.go:434] ["[router] follower handle status changed"] [enable=true]
[2026/07/25 09:32:23.244 +08:00] [INFO] [client.go:542] ["[router] successfully established the router stream connection"] [url=http://127.0.0.1:12379]
[2026/07/25 09:32:23.244 +08:00] [INFO] [sysvar.go:3400] ["set resource control"] [enable=true]
[2026/07/25 09:32:23.244 +08:00] [INFO] [inner_client.go:103] ["[pd] notified to disable the router client"]
[2026/07/25 09:32:23.244 +08:00] [INFO] [client.go:325] ["[router] closing router client"]
[2026/07/25 09:32:23.244 +08:00] [INFO] [client.go:606] ["[router] stop fetching the pending router requests due to context canceled"]
[2026/07/25 09:32:23.244 +08:00] [INFO] [client.go:587] ["[router] dispatcher is exiting"]
[2026/07/25 09:32:23.244 +08:00] [INFO] [client.go:592] ["[router] dispatcher exited"]
[2026/07/25 09:32:23.244 +08:00] [INFO] [client.go:430] ["[router] connection daemon is exiting"]
[2026/07/25 09:32:23.244 +08:00] [INFO] [client.go:330] ["[router] router client is closed"]
[2026/07/25 09:32:23.245 +08:00] [INFO] [global_controller.go:586] ["[resource group controller] create resource group cost controller"] [name=default]
[2026/07/25 09:32:23.245 +08:00] [INFO] [wait_group_wrapper.go:141] ["background process started"] [source=domain] [process=loadPrivilegeInLoop]
[2026/07/25 09:32:23.246 +08:00] [INFO] [wait_group_wrapper.go:141] ["background process started"] [source=domain] [process=LoadSysVarCacheLoop]
[2026/07/25 09:32:23.249 +08:00] [INFO] [binding_cache.go:75] ["load bindings"] [category=sql-bind] [fullLoad=true] [fromRemote=false] [cacheSizeChange=false] [hasNewBinding=false] [cacheCapacity=67108864] [cacheUsage=0] [cachedBindingNum=0] [duration=1.652875ms] []
[2026/07/25 09:32:23.249 +08:00] [INFO] [manager.go:289] ["start campaign owner"] [key=/tidb/bindinfo/owner] [id=75e1294a-c4c0-4fdb-857b-28b34a67b83f]
[2026/07/25 09:32:23.250 +08:00] [INFO] [wait_group_wrapper.go:141] ["background process started"] [source=domain] [process=globalBindHandleWorkerLoop]
[2026/07/25 09:32:23.250 +08:00] [INFO] [manager.go:527] ["get owner"] [key=/tidb/bindinfo/owner] ["owner key"=/tidb/bindinfo/owner/27db9f96d9e2a57c] [ownerID=75e1294a-c4c0-4fdb-857b-28b34a67b83f]
[2026/07/25 09:32:23.250 +08:00] [INFO] [manager.go:324] ["become owner"] [key=/tidb/bindinfo/owner] [id=75e1294a-c4c0-4fdb-857b-28b34a67b83f]
[2026/07/25 09:32:23.250 +08:00] [INFO] [manager.go:616] ["watching owner key"] [key=/tidb/bindinfo/owner] [id=75e1294a-c4c0-4fdb-857b-28b34a67b83f] [ownerKey=/tidb/bindinfo/owner/27db9f96d9e2a57c] [currRev=801]
[2026/07/25 09:32:23.252 +08:00] [INFO] [wait_group_wrapper.go:141] ["background process started"] [source=domain] [process=PlanReplayerTaskCollectHandle]
[2026/07/25 09:32:23.252 +08:00] [INFO] [wait_group_wrapper.go:141] ["background process started"] [source=domain] [process=PlanReplayerTaskDumpHandle]
[2026/07/25 09:32:23.252 +08:00] [INFO] [wait_group_wrapper.go:141] ["background process started"] [source=domain] [process=dumpFileGcChecker]
[2026/07/25 09:32:23.252 +08:00] [INFO] [wait_group_wrapper.go:141] ["background process started"] [source=domain] [process=HistoricalStatsWorker]
[2026/07/25 09:32:23.252 +08:00] [INFO] [domain.go:1803] ["PlanReplayerTaskCollectHandle started"]
[2026/07/25 09:32:23.252 +08:00] [INFO] [domain.go:1825] ["PlanReplayerTaskDumpHandle started"]
[2026/07/25 09:32:23.252 +08:00] [INFO] [domain.go:1857] ["dumpFileGcChecker started"]
[2026/07/25 09:32:23.252 +08:00] [INFO] [domain.go:1890] ["HistoricalStatsWorker started"]
[2026/07/25 09:32:23.252 +08:00] [INFO] [plan_replayer.go:407] ["planReplayerTaskDumpWorker started."]
[2026/07/25 09:32:23.252 +08:00] [INFO] [wait_group_wrapper.go:141] ["background process started"] [source=domain] [process=loadStatsWorker]
[2026/07/25 09:32:23.252 +08:00] [INFO] [manager.go:289] ["start campaign owner"] [key=/tidb/stats/owner] [id=75e1294a-c4c0-4fdb-857b-28b34a67b83f]
[2026/07/25 09:32:23.252 +08:00] [INFO] [wait_group_wrapper.go:141] ["background process started"] [source=domain] [process=indexUsageWorker]
[2026/07/25 09:32:23.252 +08:00] [INFO] [wait_group_wrapper.go:141] ["background process started"] [source=domain] [process=asyncLoadHistogram]
[2026/07/25 09:32:23.252 +08:00] [INFO] [wait_group_wrapper.go:141] ["background process started"] [source=domain] [process=deltaUpdateTickerWorker]
[2026/07/25 09:32:23.252 +08:00] [INFO] [wait_group_wrapper.go:141] ["background process started"] [source=domain] [process=dumpColStatsUsageWorker]
[2026/07/25 09:32:23.252 +08:00] [INFO] [wait_group_wrapper.go:141] ["background process started"] [source=domain] [process=gcStatsWorker]
[2026/07/25 09:32:23.252 +08:00] [INFO] [wait_group_wrapper.go:141] ["background process started"] [source=domain] [process=autoAnalyzeWorker]
[2026/07/25 09:32:23.253 +08:00] [INFO] [wait_group_wrapper.go:141] ["background process started"] [source=domain] [process=analyzeJobsCleanupWorker]
[2026/07/25 09:32:23.253 +08:00] [INFO] [domain.go:2301] ["deltaUpdateTickerWorker started."]
[2026/07/25 09:32:23.253 +08:00] [INFO] [domain.go:2058] ["start load stats sub workers"] [workerCount=6]
[2026/07/25 09:32:23.253 +08:00] [INFO] [domain.go:2274] ["dumpColStatsUsageWorker started."]
[2026/07/25 09:32:23.253 +08:00] [INFO] [wait_group_wrapper.go:141] ["background process started"] [source=domain] [process=planCacheEvictTrigger]
[2026/07/25 09:32:23.253 +08:00] [INFO] [wait_group_wrapper.go:141] ["background process started"] [source=domain] [process=planCacheMetricsAndVars]
[2026/07/25 09:32:23.253 +08:00] [INFO] [wait_group_wrapper.go:141] ["background process started"] [source=domain] [process=readTableCostWorker]
[2026/07/25 09:32:23.253 +08:00] [INFO] [wait_group_wrapper.go:141] ["background process started"] [source=domain] [process=loadSigningCertLoop]
[2026/07/25 09:32:23.253 +08:00] [INFO] [notifier.go:225] ["etcd notify loop to watch timer events started"] [EtcdKey=/tidb/timer/cluster/1/notify/c84b57b5-f0bb-48a8-81f6-6b3b660c4a7c]
[2026/07/25 09:32:23.253 +08:00] [INFO] [wait_group_wrapper.go:141] ["background process started"] [source=domain] [process=dxfMeteringFlushLoop]
[2026/07/25 09:32:23.254 +08:00] [INFO] [manager.go:527] ["get owner"] [key=/tidb/stats/owner] ["owner key"=/tidb/stats/owner/27db9f96d9e2a581] [ownerID=75e1294a-c4c0-4fdb-857b-28b34a67b83f]
[2026/07/25 09:32:23.254 +08:00] [INFO] [domain.go:1204] ["initialize node resource"] [total-cpu=14] [total-mem=36GiB] [dxf-resource-limit=100] [dxf-usable-cpu=14] [dxf-usable-mem=36GiB] [total-disk=926.4GiB]
[2026/07/25 09:32:23.254 +08:00] [INFO] [manager.go:324] ["become owner"] [key=/tidb/stats/owner] [id=75e1294a-c4c0-4fdb-857b-28b34a67b83f]
[2026/07/25 09:32:23.254 +08:00] [INFO] [manager.go:616] ["watching owner key"] [key=/tidb/stats/owner] [id=75e1294a-c4c0-4fdb-857b-28b34a67b83f] [ownerKey=/tidb/stats/owner/27db9f96d9e2a581] [currRev=802]
[2026/07/25 09:32:23.254 +08:00] [INFO] [task_manager.go:248] ["scale ttl worker"] [ttl-worker=job-manager] [ttl-worker=75e1294a-c4c0-4fdb-857b-28b34a67b83f] [ttl-worker=task-manager] [ttl-worker=75e1294a-c4c0-4fdb-857b-28b34a67b83f] [originalCount=0] [newCount=4]
[2026/07/25 09:32:23.254 +08:00] [INFO] [task_manager.go:248] ["scale ttl worker"] [ttl-worker=job-manager] [ttl-worker=75e1294a-c4c0-4fdb-857b-28b34a67b83f] [ttl-worker=task-manager] [ttl-worker=75e1294a-c4c0-4fdb-857b-28b34a67b83f] [originalCount=0] [newCount=4]
[2026/07/25 09:32:23.254 +08:00] [INFO] [job_manager.go:519] ["TTL leader to collect delay metrics"] [ttl-worker=job-manager] [ttl-worker=75e1294a-c4c0-4fdb-857b-28b34a67b83f]
[2026/07/25 09:32:23.254 +08:00] [INFO] [bootstrap.go:872] ["Complete loading the stats meta in the lite mode"] [category=stats] [duration=1.510042ms]
[2026/07/25 09:32:23.255 +08:00] [INFO] [bootstrap.go:879] ["Complete loading the histogram in the lite mode"] [category=stats] [duration=1.517ms]
[2026/07/25 09:32:23.256 +08:00] [INFO] [domain.go:2101] ["Init stats succeed"] [category=stats] [isLiteInitStats=true] [duration=3.535292ms]
[2026/07/25 09:32:23.256 +08:00] [INFO] [domain.go:2235] ["gcStatsWorker started."]
[2026/07/25 09:32:23.256 +08:00] [INFO] [helper.go:189] ["set random timezone for getStmtTimestamp"] [timezone=Europe/Berlin]
[2026/07/25 09:32:23.256 +08:00] [INFO] [wait_group_wrapper.go:141] ["background process started"] [source=domain] [process=distTaskFrameworkLoop]
[2026/07/25 09:32:23.256 +08:00] [INFO] [manager.go:124] ["task executor manager start"] [server-id=:4000]
[2026/07/25 09:32:23.256 +08:00] [INFO] [domain.go:1220] ["dist task executor manager started"]
[2026/07/25 09:32:23.256 +08:00] [INFO] [rate_limiter_param.go:104] ["loaded value from meta store"] [key=maxBatchSplitRanges] [value=2048]
[2026/07/25 09:32:23.258 +08:00] [INFO] [job_manager.go:1096] ["TTL leader to DoGC"] [ttl-worker=job-manager] [ttl-worker=75e1294a-c4c0-4fdb-857b-28b34a67b83f]
[2026/07/25 09:32:23.262 +08:00] [INFO] [set.go:194] ["set global var"] [conn=1] [name=innodb_lock_wait_timeout] [val=50]
    testkit.go:326: cleaned up ddl and tables
    testkit.go:257: create realtikv store with keyspace: keyspace1
[2026/07/25 09:32:23.277 +08:00] [INFO] [service_discovery.go:1011] ["[pd] update member urls"] [old-sorted-urls="[http://127.0.0.1:12379]"] [new-sorted-urls="[http://192.168.124.17:12379]"]
[2026/07/25 09:32:23.277 +08:00] [INFO] [service_discovery.go:1030] ["[pd] switch leader"] [new-leader=http://192.168.124.17:12379] [old-leader=]
[2026/07/25 09:32:23.277 +08:00] [INFO] [service_discovery.go:509] ["[pd] init cluster id"] [cluster-id=7666268769414273286]
[2026/07/25 09:32:23.279 +08:00] [INFO] [client.go:214] ["[tso] switch the tso leader serving url"] [new-url=http://192.168.124.17:12379]
[2026/07/25 09:32:23.279 +08:00] [INFO] [inner_client.go:173] ["[pd] tso provider changed to pd"]
[2026/07/25 09:32:23.279 +08:00] [INFO] [watcher.go:56] ["[pd] start the deadline watcher"] [source=tso]
[2026/07/25 09:32:23.279 +08:00] [INFO] [dispatcher.go:146] ["[tso] tso dispatcher created"]
[2026/07/25 09:32:23.279 +08:00] [INFO] [dispatcher.go:598] ["[tso] switching tso rpc concurrency"] [old=0] [new=1]
[2026/07/25 09:32:23.279 +08:00] [INFO] [client.go:251] ["[tso] start tso connection contexts updater"]
[2026/07/25 09:32:23.279 +08:00] [INFO] [inner_client.go:154] ["[pd] service mode changed"] [new-mode=PD_SVC_MODE]
[2026/07/25 09:32:23.279 +08:00] [INFO] [router_service_discovery.go:162] ["[router service] created router service discovery"] [cluster-id=7666268769414273286] [keyspace-id=1] [default-discovery-key=/ms/7666268769414273286/router/registry/]
[2026/07/25 09:32:23.279 +08:00] [INFO] [router_service_discovery.go:174] ["[router service] initializing router service discovery"] [max-retry-times=100] [retry-interval=1s]
[2026/07/25 09:32:23.280 +08:00] [INFO] [router_service_discovery.go:260] ["[router service] update member sorted urls"] [new-sorted-urls="[]"]
[2026/07/25 09:32:23.280 +08:00] [INFO] [router_service_discovery.go:245] ["[router service] updating nodes succeeded"] [urls="[]"] [clients-length=0]
[2026/07/25 09:32:23.280 +08:00] [INFO] [client.go:407] ["[pd] create pd client with endpoints and keyspace"] [pd-address="[127.0.0.1:12379]"] [keyspace-name=keyspace1] [keyspace-id=1]
[2026/07/25 09:32:23.280 +08:00] [INFO] [tikv_driver.go:197] ["using API V2."] [keyspaceName=keyspace1]
[2026/07/25 09:32:23.280 +08:00] [INFO] [client.go:424] ["[router] connection daemon is started"]
[2026/07/25 09:32:23.280 +08:00] [INFO] [inner_client.go:91] ["[pd] start router client initializer"]
[2026/07/25 09:32:23.280 +08:00] [INFO] [client.go:509] ["[router] successfully established the leader router stream connection"] [url=http://192.168.124.17:12379]
[2026/07/25 09:32:23.280 +08:00] [INFO] [client.go:585] ["[router] dispatcher is started"]
[2026/07/25 09:32:23.281 +08:00] [INFO] [metamanager.go:130] ["get default keyspace meta service group info "] [group-info="{\"GroupID\":\"0\",\"Addrs\":[\"192.168.124.17:12379\"]}"]
[2026/07/25 09:32:23.281 +08:00] [INFO] [metamanager.go:158] ["return keyspace meta service group info"] [meta-service-info="{\"PDAddrs\":[\"192.168.124.17:12379\"],\"Group\":{\"GroupID\":\"0\",\"Addrs\":[\"192.168.124.17:12379\"]}}"]
[2026/07/25 09:32:23.285 +08:00] [INFO] [service_discovery.go:1011] ["[pd] update member urls"] [old-sorted-urls="[http://127.0.0.1:12379]"] [new-sorted-urls="[http://192.168.124.17:12379]"]
[2026/07/25 09:32:23.285 +08:00] [INFO] [service_discovery.go:1030] ["[pd] switch leader"] [new-leader=http://192.168.124.17:12379] [old-leader=]
[2026/07/25 09:32:23.285 +08:00] [INFO] [service_discovery.go:509] ["[pd] init cluster id"] [cluster-id=7666268769414273286]
[2026/07/25 09:32:23.287 +08:00] [INFO] [client.go:214] ["[tso] switch the tso leader serving url"] [new-url=http://192.168.124.17:12379]
[2026/07/25 09:32:23.287 +08:00] [INFO] [inner_client.go:173] ["[pd] tso provider changed to pd"]
[2026/07/25 09:32:23.287 +08:00] [INFO] [watcher.go:56] ["[pd] start the deadline watcher"] [source=tso]
[2026/07/25 09:32:23.287 +08:00] [INFO] [client.go:251] ["[tso] start tso connection contexts updater"]
[2026/07/25 09:32:23.287 +08:00] [INFO] [dispatcher.go:146] ["[tso] tso dispatcher created"]
[2026/07/25 09:32:23.287 +08:00] [INFO] [dispatcher.go:598] ["[tso] switching tso rpc concurrency"] [old=0] [new=1]
[2026/07/25 09:32:23.288 +08:00] [INFO] [inner_client.go:154] ["[pd] service mode changed"] [new-mode=PD_SVC_MODE]
[2026/07/25 09:32:23.288 +08:00] [INFO] [router_service_discovery.go:162] ["[router service] created router service discovery"] [cluster-id=7666268769414273286] [keyspace-id=16777214] [default-discovery-key=/ms/7666268769414273286/router/registry/]
[2026/07/25 09:32:23.288 +08:00] [INFO] [router_service_discovery.go:174] ["[router service] initializing router service discovery"] [max-retry-times=100] [retry-interval=1s]
[2026/07/25 09:32:23.288 +08:00] [INFO] [router_service_discovery.go:260] ["[router service] update member sorted urls"] [new-sorted-urls="[]"]
[2026/07/25 09:32:23.288 +08:00] [INFO] [router_service_discovery.go:245] ["[router service] updating nodes succeeded"] [urls="[]"] [clients-length=0]
[2026/07/25 09:32:23.288 +08:00] [INFO] [client.go:407] ["[pd] create pd client with endpoints and keyspace"] [pd-address="[127.0.0.1:12379]"] [keyspace-name=SYSTEM] [keyspace-id=16777214]
[2026/07/25 09:32:23.288 +08:00] [INFO] [client.go:585] ["[router] dispatcher is started"]
[2026/07/25 09:32:23.288 +08:00] [INFO] [router_service_discovery.go:273] ["[router service] exit check member loop"]
[2026/07/25 09:32:23.288 +08:00] [INFO] [client.go:587] ["[router] dispatcher is exiting"]
[2026/07/25 09:32:23.288 +08:00] [INFO] [client.go:424] ["[router] connection daemon is started"]
[2026/07/25 09:32:23.288 +08:00] [INFO] [resource_manager_client.go:341] ["[resource manager] exit resource token dispatcher"]
[2026/07/25 09:32:23.288 +08:00] [INFO] [inner_client.go:91] ["[pd] start router client initializer"]
[2026/07/25 09:32:23.288 +08:00] [INFO] [dispatcher.go:207] ["[tso] stop fetching the pending tso requests due to context canceled"]
[2026/07/25 09:32:23.288 +08:00] [INFO] [watcher.go:73] ["[pd] exit the deadline watcher"] [source=tso]
[2026/07/25 09:32:23.288 +08:00] [INFO] [inner_client.go:96] ["[pd] exit router client initializer"]
[2026/07/25 09:32:23.288 +08:00] [INFO] [client.go:277] ["[tso] exit tso connection contexts updater"]
[2026/07/25 09:32:23.288 +08:00] [INFO] [router_service_discovery.go:315] ["[router service] exit health check member loop"]
[2026/07/25 09:32:23.288 +08:00] [ERROR] [client.go:500] ["[router] failed to create the leader router stream connection"] [error="rpc error: code = Canceled desc = context canceled"] [stack="github.com/tikv/pd/client/clients/router.(*Cli).updateConnection\n\t/Users/bba/.gvm/pkgsets/go1.25.1/global/pkg/mod/github.com/tikv/pd/client@v0.0.0-20260708075407-4e05b9d2c2d3/clients/router/client.go:500\ngithub.com/tikv/pd/client/clients/router.(*Cli).connectionDaemon\n\t/Users/bba/.gvm/pkgsets/go1.25.1/global/pkg/mod/github.com/tikv/pd/client@v0.0.0-20260708075407-4e05b9d2c2d3/clients/router/client.go:426"]
[2026/07/25 09:32:23.288 +08:00] [INFO] [client.go:592] ["[router] dispatcher exited"]
[2026/07/25 09:32:23.288 +08:00] [WARN] [client.go:511] ["[router] failed to create the leader router stream connection"]
[2026/07/25 09:32:23.288 +08:00] [INFO] [client.go:430] ["[router] connection daemon is exiting"]
[2026/07/25 09:32:23.288 +08:00] [INFO] [service_discovery.go:562] ["[pd] exit member loop due to context canceled"]
[2026/07/25 09:32:23.288 +08:00] [INFO] [dispatcher.go:149] ["[tso] exit tso dispatcher"]
[2026/07/25 09:32:23.288 +08:00] [INFO] [router_service_discovery.go:287] ["[router service] closing router service discovery"]
[2026/07/25 09:32:23.288 +08:00] [INFO] [router_service_discovery.go:303] ["[router service] is closed"]
[2026/07/25 09:32:23.288 +08:00] [INFO] [client.go:155] ["[tso] closing tso client"]
[2026/07/25 09:32:23.288 +08:00] [INFO] [stream.go:366] ["tsoStream.recvLoop ended"] [stream=192.168.124.17:12379-3] [error="rpc error: code = Canceled desc = context canceled"] [errorVerbose="rpc error: code = Canceled desc = context canceled\ngithub.com/tikv/pd/client/clients/tso.(*tsoStream).recvLoop\n\t/Users/bba/.gvm/pkgsets/go1.25.1/global/pkg/mod/github.com/tikv/pd/client@v0.0.0-20260708075407-4e05b9d2c2d3/clients/tso/stream.go:434\nruntime.goexit\n\t/Users/bba/.gvm/pkgsets/go1.25.1/global/pkg/mod/golang.org/toolchain@v0.0.1-go1.25.10.darwin-arm64/src/runtime/asm_arm64.s:1268"]
[2026/07/25 09:32:23.288 +08:00] [INFO] [client.go:160] ["[tso] close tso client"]
[2026/07/25 09:32:23.288 +08:00] [INFO] [client.go:162] ["[tso] tso client is closed"]
[2026/07/25 09:32:23.288 +08:00] [INFO] [service_discovery.go:653] ["[pd] close service discovery client"]
[2026/07/25 09:32:23.288 +08:00] [INFO] [inner_client.go:275] ["[pd] close client successfully"]
[2026/07/25 09:32:23.289 +08:00] [INFO] [store_cache.go:572] ["change store resolve state"] [store=1] [addr=127.0.0.1:30160] [from=unresolved] [to=resolved] [liveness-state=reachable]
[2026/07/25 09:32:23.292 +08:00] [INFO] [session.go:4452] ["cluster already bootstrapped"] [version=283]
[2026/07/25 09:32:23.293 +08:00] [INFO] [tidb.go:103] ["new domain"] [store=tikv-7666268769414273286/keyspace1] ["ddl lease"=500ms] ["stats lease"=3s]
[2026/07/25 09:32:23.294 +08:00] [INFO] [syncer.go:258] ["found stale server info with same IP+Port, cleaning up"] [staleID=3542d5fb-39e0-4bf2-becf-d3fd14f3079f] [ip=] [port=4002]
[2026/07/25 09:32:23.296 +08:00] [INFO] [info.go:279] ["init TiFlashReplicaManager"]
[2026/07/25 09:32:23.299 +08:00] [INFO] [domain.go:2708] [acquireServerID] [serverID=927] ["lease id"=27db9f96d9e2a5a4]
[2026/07/25 09:32:23.299 +08:00] [INFO] [global_controller.go:219] ["load resource controller config"] [config="{\"degraded-mode-wait-duration\":\"0s\",\"ltb-max-wait-duration\":\"30s\",\"ltb-token-rpc-max-delay\":\"1s\",\"request-unit\":{\"read-base-cost\":0.125,\"read-per-batch-base-cost\":0.5,\"read-cost-per-byte\":0.0000152587890625,\"write-base-cost\":1,\"write-per-batch-base-cost\":1,\"write-cost-per-byte\":0.0009765625,\"read-cpu-ms-cost\":0.3333333333333333},\"enable-controller-trace-log\":\"false\",\"token-rpc-params\":{\"wait-retry-interval\":\"50ms\",\"wait-retry-times\":20}}"] [ru-config="{\"ReadBaseCost\":0.125,\"ReadPerBatchBaseCost\":0.5,\"ReadBytesCost\":0.0000152587890625,\"WriteBaseCost\":1,\"WritePerBatchBaseCost\":1,\"WriteBytesCost\":0.0009765625,\"CPUMsCost\":0.3333333333333333,\"LTBMaxWaitDuration\":30000000000,\"WaitRetryInterval\":50000000,\"WaitRetryTimes\":20,\"DegradedModeWaitDuration\":0}"] [keyspace-id=1]
[2026/07/25 09:32:23.306 +08:00] [INFO] [loader.go:281] ["full load InfoSchema success"] [mode=auto] [isV2=true] [currentSchemaVersion=0] [neededSchemaVersion=25] ["elapsed time"=5.321917ms]
[2026/07/25 09:32:23.306 +08:00] [INFO] [syncer.go:456] ["full load and reset schema validator"]
[2026/07/25 09:32:23.307 +08:00] [INFO] [global_controller.go:586] ["[resource group controller] create resource group cost controller"] [name=default]
[2026/07/25 09:32:23.308 +08:00] [INFO] [ddl.go:1157] ["DDL closed"] [category=ddl] [ID=3942918a-743b-40f4-aa5d-b6379b5e84b1] ["take time"=353.458µs]
[2026/07/25 09:32:23.308 +08:00] [INFO] [ddl.go:848] ["stop DDL"] [category=ddl] [ID=3942918a-743b-40f4-aa5d-b6379b5e84b1]
[2026/07/25 09:32:23.308 +08:00] [INFO] [domain.go:2733] ["releaseServerID succeed"] [serverID=927] [leaseID=2872064657628243364]
[2026/07/25 09:32:23.308 +08:00] [WARN] [meta_storage_client.go:165] ["watch stream closed"] [error="rpc error: code = Canceled desc = context canceled"]
[2026/07/25 09:32:23.308 +08:00] [WARN] [meta_storage_client.go:165] ["watch stream closed"] [error="rpc error: code = Canceled desc = context canceled"]
[2026/07/25 09:32:23.310 +08:00] [INFO] [domain.go:550] ["domain closed"] ["take time"=2.038583ms]
[2026/07/25 09:32:23.310 +08:00] [INFO] [tidb.go:103] ["new domain"] [store=tikv-7666268769414273286/keyspace1] ["ddl lease"=500ms] ["stats lease"=3s]
[2026/07/25 09:32:23.312 +08:00] [INFO] [info.go:279] ["init TiFlashReplicaManager"]
[2026/07/25 09:32:23.315 +08:00] [INFO] [domain.go:2708] [acquireServerID] [serverID=544] ["lease id"=27db9f96d9e2a5bd]
[2026/07/25 09:32:23.316 +08:00] [INFO] [global_controller.go:219] ["load resource controller config"] [config="{\"degraded-mode-wait-duration\":\"0s\",\"ltb-max-wait-duration\":\"30s\",\"ltb-token-rpc-max-delay\":\"1s\",\"request-unit\":{\"read-base-cost\":0.125,\"read-per-batch-base-cost\":0.5,\"read-cost-per-byte\":0.0000152587890625,\"write-base-cost\":1,\"write-per-batch-base-cost\":1,\"write-cost-per-byte\":0.0009765625,\"read-cpu-ms-cost\":0.3333333333333333},\"enable-controller-trace-log\":\"false\",\"token-rpc-params\":{\"wait-retry-interval\":\"50ms\",\"wait-retry-times\":20}}"] [ru-config="{\"ReadBaseCost\":0.125,\"ReadPerBatchBaseCost\":0.5,\"ReadBytesCost\":0.0000152587890625,\"WriteBaseCost\":1,\"WritePerBatchBaseCost\":1,\"WriteBytesCost\":0.0009765625,\"CPUMsCost\":0.3333333333333333,\"LTBMaxWaitDuration\":30000000000,\"WaitRetryInterval\":50000000,\"WaitRetryTimes\":20,\"DegradedModeWaitDuration\":0}"] [keyspace-id=1]
[2026/07/25 09:32:23.324 +08:00] [INFO] [loader.go:281] ["full load InfoSchema success"] [mode=auto] [isV2=true] [currentSchemaVersion=0] [neededSchemaVersion=25] ["elapsed time"=6.742959ms]
[2026/07/25 09:32:23.324 +08:00] [INFO] [syncer.go:456] ["full load and reset schema validator"]
[2026/07/25 09:32:23.324 +08:00] [INFO] [ddl.go:881] ["start DDL"] [category=ddl] [ID=3942918a-743b-40f4-aa5d-b6379b5e84b1] [runWorker=true] [jobVersion=v2] [startMode=normal]
[2026/07/25 09:32:23.324 +08:00] [INFO] [ddl.go:856] ["start delRangeManager OK"] [category=ddl] ["is a emulator"=false]
[2026/07/25 09:32:23.325 +08:00] [INFO] [manager.go:289] ["start campaign owner"] [key=/tidb/ddl/fg/owner] [id=3942918a-743b-40f4-aa5d-b6379b5e84b1]
[2026/07/25 09:32:23.325 +08:00] [INFO] [global_controller.go:586] ["[resource group controller] create resource group cost controller"] [name=default]
[2026/07/25 09:32:23.325 +08:00] [INFO] [env.go:123] ["the ingest sorted directory"] [category=ddl-ingest] ["data path"=/tmp/tidb/tmp_ddl-4002]
[2026/07/25 09:32:23.325 +08:00] [WARN] [env.go:84] ["ingest backfill may not be available"] [category=ddl-ingest] [error="the available disk space(7584604160) in /tmp/tidb/tmp_ddl-4002 should be greater than @@tidb_ddl_disk_quota(107374182400)"] [errorVerbose="the available disk space(7584604160) in /tmp/tidb/tmp_ddl-4002 should be greater than @@tidb_ddl_disk_quota(107374182400)\ngithub.com/pingcap/tidb/pkg/ddl/ingest.(*diskRootImpl).StartupCheck\n\t/Users/bba/pc/tidb-ai-critical-scan/pkg/ddl/ingest/disk_root.go:191\ngithub.com/pingcap/tidb/pkg/ddl/ingest.InitGlobalLightningEnv\n\t/Users/bba/pc/tidb-ai-critical-scan/pkg/ddl/ingest/env.go:82\ngithub.com/pingcap/tidb/pkg/ddl.(*ddl).Start\n\t/Users/bba/pc/tidb-ai-critical-scan/pkg/ddl/ddl.go:942\ngithub.com/pingcap/tidb/pkg/domain.(*Domain).Start\n\t/Users/bba/pc/tidb-ai-critical-scan/pkg/domain/domain.go:809\ngithub.com/pingcap/tidb/pkg/session.bootstrapSessionImpl\n\t/Users/bba/pc/tidb-ai-critical-scan/pkg/session/session.go:4517\ngithub.com/pingcap/tidb/pkg/session.BootstrapSession\n\t/Users/bba/pc/tidb-ai-critical-scan/pkg/session/session.go:4387\ngithub.com/pingcap/tidb/tests/realtikvtest.CreateMockStoreAndDomainAndSetup\n\t/Users/bba/pc/tidb-ai-critical-scan/tests/realtikvtest/testkit.go:298\ngithub.com/pingcap/tidb/tests/realtikvtest.PrepareForCrossKSTestWithNewCollation\n\t/Users/bba/pc/tidb-ai-critical-scan/tests/realtikvtest/testkit.go:215\ngithub.com/pingcap/tidb/tests/realtikvtest.PrepareForCrossKSTest\n\t/Users/bba/pc/tidb-ai-critical-scan/tests/realtikvtest/testkit.go:180\ngithub.com/pingcap/tidb/tests/realtikvtest/importintotest3.TestAINativeNextGenImportConcurrentDMLWriteFence\n\t/Users/bba/pc/tidb-ai-critical-scan/tests/realtikvtest/importintotest3/ai_native_import_dml_write_fence_test.go:55\ntesting.tRunner\n\t/Users/bba/.gvm/pkgsets/go1.25.1/global/pkg/mod/golang.org/toolchain@v0.0.1-go1.25.10.darwin-arm64/src/testing/testing.go:1934\nruntime.goexit\n\t/Users/bba/.gvm/pkgsets/go1.25.1/global/pkg/mod/golang.org/toolchain@v0.0.1-go1.25.10.darwin-arm64/src/runtime/asm_arm64.s:1268"]
[2026/07/25 09:32:23.325 +08:00] [INFO] [env.go:88] ["init global ingest backend environment finished"] [category=ddl-ingest] ["memory limitation"=19327352832] ["disk usage info"="disk usage: 987077980160/994662584320, backend usage: 0"] ["max open file number"=138240] ["lightning is initialized"=true]
[2026/07/25 09:32:23.325 +08:00] [INFO] [wait_group_wrapper.go:141] ["background process started"] [source=domain] [process=loadSchemaInLoop]
[2026/07/25 09:32:23.325 +08:00] [INFO] [wait_group_wrapper.go:141] ["background process started"] [source=domain] [process=mdlCheckLoop]
[2026/07/25 09:32:23.325 +08:00] [INFO] [wait_group_wrapper.go:141] ["background process started"] [source=domain] [process=topNSlowQueryLoop]
[2026/07/25 09:32:23.325 +08:00] [INFO] [wait_group_wrapper.go:141] ["background process started"] [source=domain] [process=infoSyncerKeeper]
[2026/07/25 09:32:23.325 +08:00] [INFO] [wait_group_wrapper.go:141] ["background process started"] [source=domain] [process=globalConfigSyncerKeeper]
[2026/07/25 09:32:23.325 +08:00] [INFO] [wait_group_wrapper.go:141] ["background process started"] [source=domain] [process=runawayRecordFlushLoop]
[2026/07/25 09:32:23.325 +08:00] [INFO] [wait_group_wrapper.go:141] ["background process started"] [source=domain] [process=runawayWatchSyncLoop]
[2026/07/25 09:32:23.325 +08:00] [INFO] [wait_group_wrapper.go:141] ["background process started"] [source=domain] [process=requestUnitsWriterLoop]
[2026/07/25 09:32:23.325 +08:00] [INFO] [wait_group_wrapper.go:141] ["background process started"] [source=domain] [process=topologySyncerKeeper]
[2026/07/25 09:32:23.325 +08:00] [INFO] [wait_group_wrapper.go:141] ["background process started"] [source=domain] [process=closestReplicaReadCheckLoop]
[2026/07/25 09:32:23.325 +08:00] [INFO] [owner_daemon.go:70] ["begin advancer daemon"] [daemon-id=LogBackup::Advancer]
[2026/07/25 09:32:23.325 +08:00] [INFO] [manager.go:289] ["start campaign owner"] [key=/tidb/br-stream/owner] [id=9c1bc31b-d842-4135-91f4-c747ea6020bd]
[2026/07/25 09:32:23.325 +08:00] [INFO] [wait_group_wrapper.go:150] ["background process exited"] [source=domain] [process=requestUnitsWriterLoop]
[2026/07/25 09:32:23.326 +08:00] [INFO] [manager.go:527] ["get owner"] [key=/tidb/ddl/fg/owner] ["owner key"=/tidb/ddl/fg/owner/27db9f96d9e2a5c7] [ownerID=3942918a-743b-40f4-aa5d-b6379b5e84b1]
[2026/07/25 09:32:23.326 +08:00] [INFO] [manager.go:324] ["become owner"] [key=/tidb/ddl/fg/owner] [id=3942918a-743b-40f4-aa5d-b6379b5e84b1]
[2026/07/25 09:32:23.326 +08:00] [INFO] [manager.go:616] ["watching owner key"] [key=/tidb/ddl/fg/owner] [id=3942918a-743b-40f4-aa5d-b6379b5e84b1] [ownerKey=/tidb/ddl/fg/owner/27db9f96d9e2a5c7] [currRev=821]
[2026/07/25 09:32:23.327 +08:00] [INFO] [job_scheduler.go:363] ["get global state and global state change"] [category=ddl] [oldState=false] [currState=false]
[2026/07/25 09:32:23.327 +08:00] [INFO] [manager.go:527] ["get owner"] [key=/tidb/br-stream/owner] ["owner key"=/tidb/br-stream/owner/27db9f96d9e2a5ca] [ownerID=9c1bc31b-d842-4135-91f4-c747ea6020bd]
[2026/07/25 09:32:23.327 +08:00] [INFO] [manager.go:324] ["become owner"] [key=/tidb/br-stream/owner] [id=9c1bc31b-d842-4135-91f4-c747ea6020bd]
[2026/07/25 09:32:23.327 +08:00] [INFO] [manager.go:616] ["watching owner key"] [key=/tidb/br-stream/owner] [id=9c1bc31b-d842-4135-91f4-c747ea6020bd] [ownerKey=/tidb/br-stream/owner/27db9f96d9e2a5ca] [currRev=822]
[2026/07/25 09:32:23.327 +08:00] [INFO] [wait_group_wrapper.go:141] ["background process started"] [source=domain] [process=logBackupAdvancer]
[2026/07/25 09:32:23.327 +08:00] [INFO] [domain.go:874] ["loading system keyspace info schema"]
[2026/07/25 09:32:23.327 +08:00] [INFO] [manager.go:561] ["set owner op is the same as the original, so do nothing."] [key=/tidb/ddl/fg/owner] [id=3942918a-743b-40f4-aa5d-b6379b5e84b1] [op=none]
[2026/07/25 09:32:23.327 +08:00] [INFO] [job_scheduler.go:375] ["the owner sets owner operator value"] [category=ddl] [ownerOp=none]
[2026/07/25 09:32:23.327 +08:00] [INFO] [owner_daemon.go:81] ["begin running daemon"] [id=9c1bc31b-d842-4135-91f4-c747ea6020bd] [daemon-id=LogBackup::Advancer]
[2026/07/25 09:32:23.328 +08:00] [INFO] [syncer.go:258] ["found stale server info with same IP+Port, cleaning up"] [staleID=ca819e0a-faea-4e1d-8564-43a0271973fa] [ip=] [port=4002]
[2026/07/25 09:32:23.336 +08:00] [INFO] [loader.go:281] ["full load InfoSchema success"] [targetKS=SYSTEM] [mode=full] [isV2=false] [currentSchemaVersion=0] [neededSchemaVersion=3] ["elapsed time"=4.301666ms]
[2026/07/25 09:32:23.336 +08:00] [INFO] [syncer.go:456] ["full load and reset schema validator"] [targetKS=SYSTEM]
[2026/07/25 09:32:23.336 +08:00] [INFO] [cross_ks.go:346] ["create cross keyspace session manager"] [targetKS=SYSTEM] [cost=8.57525ms]
[2026/07/25 09:32:23.336 +08:00] [WARN] [sysvar_cache.go:53] ["sysvar cache is empty, triggering rebuild"]
[2026/07/25 09:32:23.338 +08:00] [INFO] [client.go:434] ["[router] follower handle status changed"] [enable=true]
[2026/07/25 09:32:23.338 +08:00] [INFO] [client.go:542] ["[router] successfully established the router stream connection"] [url=http://127.0.0.1:12379]
[2026/07/25 09:32:23.338 +08:00] [INFO] [inner_client.go:103] ["[pd] notified to disable the router client"]
[2026/07/25 09:32:23.338 +08:00] [INFO] [client.go:325] ["[router] closing router client"]
[2026/07/25 09:32:23.338 +08:00] [INFO] [client.go:430] ["[router] connection daemon is exiting"]
[2026/07/25 09:32:23.338 +08:00] [INFO] [client.go:606] ["[router] stop fetching the pending router requests due to context canceled"]
[2026/07/25 09:32:23.338 +08:00] [INFO] [client.go:587] ["[router] dispatcher is exiting"]
[2026/07/25 09:32:23.338 +08:00] [INFO] [client.go:592] ["[router] dispatcher exited"]
[2026/07/25 09:32:23.338 +08:00] [INFO] [client.go:330] ["[router] router client is closed"]
[2026/07/25 09:32:23.338 +08:00] [INFO] [wait_group_wrapper.go:141] ["background process started"] [source=domain] [process=loadPrivilegeInLoop]
[2026/07/25 09:32:23.340 +08:00] [INFO] [wait_group_wrapper.go:141] ["background process started"] [source=domain] [process=LoadSysVarCacheLoop]
[2026/07/25 09:32:23.341 +08:00] [INFO] [binding_cache.go:75] ["load bindings"] [category=sql-bind] [fullLoad=true] [fromRemote=false] [cacheSizeChange=false] [hasNewBinding=false] [cacheCapacity=67108864] [cacheUsage=0] [cachedBindingNum=0] [duration=1.107833ms] []
[2026/07/25 09:32:23.341 +08:00] [INFO] [manager.go:289] ["start campaign owner"] [key=/tidb/bindinfo/owner] [id=3942918a-743b-40f4-aa5d-b6379b5e84b1]
[2026/07/25 09:32:23.341 +08:00] [INFO] [wait_group_wrapper.go:141] ["background process started"] [source=domain] [process=globalBindHandleWorkerLoop]
[2026/07/25 09:32:23.342 +08:00] [INFO] [manager.go:527] ["get owner"] [key=/tidb/bindinfo/owner] ["owner key"=/tidb/bindinfo/owner/27db9f96d9e2a5e2] [ownerID=3942918a-743b-40f4-aa5d-b6379b5e84b1]
[2026/07/25 09:32:23.342 +08:00] [INFO] [manager.go:324] ["become owner"] [key=/tidb/bindinfo/owner] [id=3942918a-743b-40f4-aa5d-b6379b5e84b1]
[2026/07/25 09:32:23.342 +08:00] [INFO] [manager.go:616] ["watching owner key"] [key=/tidb/bindinfo/owner] [id=3942918a-743b-40f4-aa5d-b6379b5e84b1] [ownerKey=/tidb/bindinfo/owner/27db9f96d9e2a5e2] [currRev=826]
[2026/07/25 09:32:23.343 +08:00] [INFO] [wait_group_wrapper.go:141] ["background process started"] [source=domain] [process=PlanReplayerTaskCollectHandle]
[2026/07/25 09:32:23.343 +08:00] [INFO] [wait_group_wrapper.go:141] ["background process started"] [source=domain] [process=PlanReplayerTaskDumpHandle]
[2026/07/25 09:32:23.343 +08:00] [INFO] [wait_group_wrapper.go:141] ["background process started"] [source=domain] [process=dumpFileGcChecker]
[2026/07/25 09:32:23.343 +08:00] [INFO] [wait_group_wrapper.go:141] ["background process started"] [source=domain] [process=HistoricalStatsWorker]
[2026/07/25 09:32:23.343 +08:00] [INFO] [domain.go:1825] ["PlanReplayerTaskDumpHandle started"]
[2026/07/25 09:32:23.343 +08:00] [INFO] [domain.go:1857] ["dumpFileGcChecker started"]
[2026/07/25 09:32:23.343 +08:00] [INFO] [domain.go:1803] ["PlanReplayerTaskCollectHandle started"]
[2026/07/25 09:32:23.343 +08:00] [INFO] [plan_replayer.go:407] ["planReplayerTaskDumpWorker started."]
[2026/07/25 09:32:23.343 +08:00] [INFO] [domain.go:1890] ["HistoricalStatsWorker started"]
[2026/07/25 09:32:23.343 +08:00] [INFO] [wait_group_wrapper.go:141] ["background process started"] [source=domain] [process=loadStatsWorker]
[2026/07/25 09:32:23.343 +08:00] [INFO] [manager.go:289] ["start campaign owner"] [key=/tidb/stats/owner] [id=3942918a-743b-40f4-aa5d-b6379b5e84b1]
[2026/07/25 09:32:23.344 +08:00] [INFO] [wait_group_wrapper.go:141] ["background process started"] [source=domain] [process=indexUsageWorker]
[2026/07/25 09:32:23.344 +08:00] [INFO] [wait_group_wrapper.go:141] ["background process started"] [source=domain] [process=asyncLoadHistogram]
[2026/07/25 09:32:23.344 +08:00] [INFO] [wait_group_wrapper.go:141] ["background process started"] [source=domain] [process=deltaUpdateTickerWorker]
[2026/07/25 09:32:23.344 +08:00] [INFO] [wait_group_wrapper.go:141] ["background process started"] [source=domain] [process=dumpColStatsUsageWorker]
[2026/07/25 09:32:23.344 +08:00] [INFO] [wait_group_wrapper.go:141] ["background process started"] [source=domain] [process=gcStatsWorker]
[2026/07/25 09:32:23.344 +08:00] [INFO] [wait_group_wrapper.go:141] ["background process started"] [source=domain] [process=autoAnalyzeWorker]
[2026/07/25 09:32:23.344 +08:00] [INFO] [wait_group_wrapper.go:141] ["background process started"] [source=domain] [process=analyzeJobsCleanupWorker]
[2026/07/25 09:32:23.344 +08:00] [INFO] [domain.go:2301] ["deltaUpdateTickerWorker started."]
[2026/07/25 09:32:23.344 +08:00] [INFO] [domain.go:2058] ["start load stats sub workers"] [workerCount=6]
[2026/07/25 09:32:23.344 +08:00] [INFO] [domain.go:2274] ["dumpColStatsUsageWorker started."]
[2026/07/25 09:32:23.344 +08:00] [INFO] [wait_group_wrapper.go:141] ["background process started"] [source=domain] [process=planCacheEvictTrigger]
[2026/07/25 09:32:23.344 +08:00] [INFO] [wait_group_wrapper.go:141] ["background process started"] [source=domain] [process=planCacheMetricsAndVars]
[2026/07/25 09:32:23.344 +08:00] [INFO] [wait_group_wrapper.go:141] ["background process started"] [source=domain] [process=readTableCostWorker]
[2026/07/25 09:32:23.344 +08:00] [INFO] [wait_group_wrapper.go:141] ["background process started"] [source=domain] [process=loadSigningCertLoop]
[2026/07/25 09:32:23.344 +08:00] [INFO] [domain.go:1108] ["skip running DXF in user keyspace"]
[2026/07/25 09:32:23.344 +08:00] [INFO] [notifier.go:225] ["etcd notify loop to watch timer events started"] [EtcdKey=/tidb/timer/cluster/1/notify/bcaad413-0a9d-450f-967d-a7a759c6a314]
[2026/07/25 09:32:23.345 +08:00] [INFO] [task_manager.go:248] ["scale ttl worker"] [ttl-worker=job-manager] [ttl-worker=3942918a-743b-40f4-aa5d-b6379b5e84b1] [ttl-worker=task-manager] [ttl-worker=3942918a-743b-40f4-aa5d-b6379b5e84b1] [originalCount=0] [newCount=4]
[2026/07/25 09:32:23.345 +08:00] [INFO] [task_manager.go:248] ["scale ttl worker"] [ttl-worker=job-manager] [ttl-worker=3942918a-743b-40f4-aa5d-b6379b5e84b1] [ttl-worker=task-manager] [ttl-worker=3942918a-743b-40f4-aa5d-b6379b5e84b1] [originalCount=0] [newCount=4]
[2026/07/25 09:32:23.345 +08:00] [INFO] [job_manager.go:519] ["TTL leader to collect delay metrics"] [ttl-worker=job-manager] [ttl-worker=3942918a-743b-40f4-aa5d-b6379b5e84b1]
[2026/07/25 09:32:23.345 +08:00] [INFO] [bootstrap.go:872] ["Complete loading the stats meta in the lite mode"] [category=stats] [duration=1.284208ms]
[2026/07/25 09:32:23.346 +08:00] [INFO] [manager.go:527] ["get owner"] [key=/tidb/stats/owner] ["owner key"=/tidb/stats/owner/27db9f96d9e2a5e7] [ownerID=3942918a-743b-40f4-aa5d-b6379b5e84b1]
[2026/07/25 09:32:23.346 +08:00] [INFO] [manager.go:324] ["become owner"] [key=/tidb/stats/owner] [id=3942918a-743b-40f4-aa5d-b6379b5e84b1]
[2026/07/25 09:32:23.346 +08:00] [INFO] [manager.go:616] ["watching owner key"] [key=/tidb/stats/owner] [id=3942918a-743b-40f4-aa5d-b6379b5e84b1] [ownerKey=/tidb/stats/owner/27db9f96d9e2a5e7] [currRev=828]
[2026/07/25 09:32:23.346 +08:00] [INFO] [bootstrap.go:879] ["Complete loading the histogram in the lite mode"] [category=stats] [duration=1.218208ms]
[2026/07/25 09:32:23.346 +08:00] [INFO] [job_manager.go:1096] ["TTL leader to DoGC"] [ttl-worker=job-manager] [ttl-worker=3942918a-743b-40f4-aa5d-b6379b5e84b1]
[2026/07/25 09:32:23.346 +08:00] [INFO] [domain.go:2101] ["Init stats succeed"] [category=stats] [isLiteInitStats=true] [duration=2.905834ms]
[2026/07/25 09:32:23.346 +08:00] [INFO] [domain.go:2235] ["gcStatsWorker started."]
[2026/07/25 09:32:23.347 +08:00] [INFO] [set.go:194] ["set global var"] [conn=2] [name=innodb_lock_wait_timeout] [val=50]
    testkit.go:326: cleaned up ddl and tables
[2026/07/25 09:32:23.358 +08:00] [INFO] [job_submitter.go:118] ["add DDL jobs"] [category=ddl] ["batch count"=1] [jobs="ID:31, Type:drop schema, State:queueing, SchemaState:public, SchemaID:27, TableID:0, RowCount:0, ArgLen:1, start time: 2026-07-25 09:32:23.35 +0800 CST, Err:<nil>, ErrCount:0, SnapshotVersion:0, Version: v2; "] [fast_create=true]
[2026/07/25 09:32:23.358 +08:00] [INFO] [executor.go:7285] ["DDL job submitted"] [category=ddl] [job="ID:31, Type:drop schema, State:queueing, SchemaState:public, SchemaID:27, TableID:0, RowCount:0, ArgLen:1, start time: 2026-07-25 09:32:23.35 +0800 CST, Err:<nil>, ErrCount:0, SnapshotVersion:0, Version: v2"] [query="drop database if exists ai_native_import_dml"]
[2026/07/25 09:32:23.360 +08:00] [INFO] [lock_resolver.go:1631] ["txn lock cleanup resolve-lock rpc finished"] [action=commit] [txnStartTS=467912135370342410] [commitTS=467912135370342411] [regionID=18] [resolveLite=true] [resolvedByCheckTxnStatus=false]
[2026/07/25 09:32:23.360 +08:00] [INFO] [lock_resolver.go:1631] ["txn lock cleanup resolve-lock rpc finished"] [action=commit] [txnStartTS=467912135370342410] [commitTS=467912135370342411] [regionID=18] [resolveLite=true] [resolvedByCheckTxnStatus=false]
[2026/07/25 09:32:23.360 +08:00] [INFO] [lock_resolver.go:1631] ["txn lock cleanup resolve-lock rpc finished"] [action=commit] [txnStartTS=467912135370342410] [commitTS=467912135370342411] [regionID=18] [resolveLite=true] [resolvedByCheckTxnStatus=false]
[2026/07/25 09:32:23.360 +08:00] [INFO] [lock_resolver.go:1631] ["txn lock cleanup resolve-lock rpc finished"] [action=commit] [txnStartTS=467912135370342410] [commitTS=467912135370342411] [regionID=18] [resolveLite=true] [resolvedByCheckTxnStatus=false]
[2026/07/25 09:32:23.361 +08:00] [INFO] [job_worker.go:854] ["run one job step"] [category=ddl] [jobID=31] [conn=4] [job="ID:31, Type:drop schema, State:queueing, SchemaState:public, SchemaID:27, TableID:0, RowCount:0, ArgLen:0, start time: 2026-07-25 09:32:23.35 +0800 CST, Err:<nil>, ErrCount:0, SnapshotVersion:0, Version: v2"]
[2026/07/25 09:32:23.371 +08:00] [INFO] [loader.go:216] ["diff load InfoSchema success"] [mode=auto] [isV2=true] [currVer=25] [neededVer=26] [gotVer=26] ["elapsed time"=745.292µs] [phyTblIDs="[29]"] [actionTypes="[2]"] [diffTypes="[\"drop schema\"]"]
[2026/07/25 09:32:23.372 +08:00] [INFO] [syncer.go:281] ["mdl gets lock, update self version to owner"] [jobID=31] [version=26]
[2026/07/25 09:32:23.373 +08:00] [INFO] [schema_version.go:397] ["wait schema version synced success"] [category=ddl] [ver=26] [checkAssumedSvr=false] ["take time"=2.949417ms] [job="ID:31, Type:drop schema, State:running, SchemaState:write only, SchemaID:27, TableID:0, RowCount:0, ArgLen:1, start time: 2026-07-25 09:32:23.35 +0800 CST, Err:<nil>, ErrCount:0, SnapshotVersion:0, Version: v2"] [summary="server count: 1"]
[2026/07/25 09:32:23.379 +08:00] [INFO] [job_worker.go:854] ["run one job step"] [category=ddl] [jobID=31] [conn=4] [job="ID:31, Type:drop schema, State:running, SchemaState:write only, SchemaID:27, TableID:0, RowCount:0, ArgLen:0, start time: 2026-07-25 09:32:23.35 +0800 CST, Err:<nil>, ErrCount:0, SnapshotVersion:0, Version: v2"]
[2026/07/25 09:32:23.389 +08:00] [INFO] [loader.go:216] ["diff load InfoSchema success"] [mode=auto] [isV2=true] [currVer=26] [neededVer=27] [gotVer=27] ["elapsed time"=11.958µs] [phyTblIDs="[]"] [actionTypes="[]"] [diffTypes="[\"drop schema\"]"]
[2026/07/25 09:32:23.389 +08:00] [INFO] [syncer.go:281] ["mdl gets lock, update self version to owner"] [jobID=31] [version=27]
[2026/07/25 09:32:23.390 +08:00] [INFO] [schema_version.go:397] ["wait schema version synced success"] [category=ddl] [ver=27] [checkAssumedSvr=false] ["take time"=2.284708ms] [job="ID:31, Type:drop schema, State:running, SchemaState:delete only, SchemaID:27, TableID:0, RowCount:0, ArgLen:0, start time: 2026-07-25 09:32:23.35 +0800 CST, Err:<nil>, ErrCount:0, SnapshotVersion:0, Version: v2"] [summary="server count: 1"]
[2026/07/25 09:32:23.396 +08:00] [INFO] [job_worker.go:854] ["run one job step"] [category=ddl] [jobID=31] [conn=4] [job="ID:31, Type:drop schema, State:running, SchemaState:delete only, SchemaID:27, TableID:0, RowCount:0, ArgLen:0, start time: 2026-07-25 09:32:23.35 +0800 CST, Err:<nil>, ErrCount:0, SnapshotVersion:0, Version: v2"]
[2026/07/25 09:32:23.400 +08:00] [WARN] [ddl.go:700] ["fail to notify DDL event"] [category=ddl] [event="(Event Type: drop schema)"]
[2026/07/25 09:32:23.406 +08:00] [INFO] [loader.go:216] ["diff load InfoSchema success"] [mode=auto] [isV2=true] [currVer=27] [neededVer=28] [gotVer=28] ["elapsed time"=10.875µs] [phyTblIDs="[]"] [actionTypes="[]"] [diffTypes="[\"drop schema\"]"]
[2026/07/25 09:32:23.407 +08:00] [INFO] [lock_resolver.go:1631] ["txn lock cleanup resolve-lock rpc finished"] [action=commit] [txnStartTS=467912135370342433] [commitTS=467912135383711745] [regionID=18] [resolveLite=true] [resolvedByCheckTxnStatus=false]
[2026/07/25 09:32:23.407 +08:00] [INFO] [syncer.go:281] ["mdl gets lock, update self version to owner"] [jobID=31] [version=28]
[2026/07/25 09:32:23.408 +08:00] [INFO] [schema_version.go:397] ["wait schema version synced success"] [category=ddl] [ver=28] [checkAssumedSvr=false] ["take time"=2.827375ms] [job="ID:31, Type:drop schema, State:done, SchemaState:none, SchemaID:27, TableID:0, RowCount:0, ArgLen:1, start time: 2026-07-25 09:32:23.35 +0800 CST, Err:<nil>, ErrCount:0, SnapshotVersion:0, Version: v2"] [summary="server count: 1"]
[2026/07/25 09:32:23.414 +08:00] [INFO] [delete_range.go:470] ["insert into delete-range table"] [category=ddl] [jobID=31] [tableIDs="[29]"] [comment="drop schema: table IDs"]
[2026/07/25 09:32:23.423 +08:00] [INFO] [delete_range.go:112] ["add job into delete-range table"] [category=ddl] [jobID=31] [jobType="drop schema"]
[2026/07/25 09:32:23.423 +08:00] [INFO] [job_worker.go:447] ["finish DDL job"] [category=ddl] [jobID=31] [conn=4] [job="ID:31, Type:drop schema, State:synced, SchemaState:none, SchemaID:27, TableID:0, RowCount:0, ArgLen:1, start time: 2026-07-25 09:32:23.35 +0800 CST, Err:<nil>, ErrCount:0, SnapshotVersion:0, Version: v2"]
[2026/07/25 09:32:23.433 +08:00] [INFO] [executor.go:7423] ["DDL job is finished"] [category=ddl] [jobID=31]
[2026/07/25 09:32:23.433 +08:00] [INFO] [session.go:5229] ["CRUCIAL OPERATION"] [conn=4] [schemaVersion=28] [cur_db=] [sql="drop database if exists ai_native_import_dml"] [user=]
[2026/07/25 09:32:23.438 +08:00] [INFO] [job_submitter.go:118] ["add DDL jobs"] [category=ddl] ["batch count"=1] [jobs="ID:33, Type:create schema, State:queueing, SchemaState:none, SchemaID:32, TableID:0, RowCount:0, ArgLen:1, start time: 2026-07-25 09:32:23.401 +0800 CST, Err:<nil>, ErrCount:0, SnapshotVersion:0, Version: v2; "] [fast_create=true]
[2026/07/25 09:32:23.438 +08:00] [INFO] [executor.go:7285] ["DDL job submitted"] [category=ddl] [job="ID:33, Type:create schema, State:queueing, SchemaState:none, SchemaID:32, TableID:0, RowCount:0, ArgLen:1, start time: 2026-07-25 09:32:23.401 +0800 CST, Err:<nil>, ErrCount:0, SnapshotVersion:0, Version: v2"] [query="create database ai_native_import_dml"]
[2026/07/25 09:32:23.440 +08:00] [INFO] [lock_resolver.go:1631] ["txn lock cleanup resolve-lock rpc finished"] [action=commit] [txnStartTS=467912135383711768] [commitTS=467912135383711769] [regionID=18] [resolveLite=true] [resolvedByCheckTxnStatus=false]
[2026/07/25 09:32:23.440 +08:00] [INFO] [lock_resolver.go:1631] ["txn lock cleanup resolve-lock rpc finished"] [action=commit] [txnStartTS=467912135383711768] [commitTS=467912135383711769] [regionID=18] [resolveLite=true] [resolvedByCheckTxnStatus=false]
[2026/07/25 09:32:23.440 +08:00] [INFO] [lock_resolver.go:1631] ["txn lock cleanup resolve-lock rpc finished"] [action=commit] [txnStartTS=467912135383711768] [commitTS=467912135383711769] [regionID=18] [resolveLite=true] [resolvedByCheckTxnStatus=false]
[2026/07/25 09:32:23.440 +08:00] [INFO] [lock_resolver.go:1631] ["txn lock cleanup resolve-lock rpc finished"] [action=commit] [txnStartTS=467912135383711768] [commitTS=467912135383711769] [regionID=18] [resolveLite=true] [resolvedByCheckTxnStatus=false]
[2026/07/25 09:32:23.441 +08:00] [INFO] [job_worker.go:854] ["run one job step"] [category=ddl] [jobID=33] [conn=4] [job="ID:33, Type:create schema, State:queueing, SchemaState:none, SchemaID:32, TableID:0, RowCount:0, ArgLen:0, start time: 2026-07-25 09:32:23.401 +0800 CST, Err:<nil>, ErrCount:0, SnapshotVersion:0, Version: v2"]
[2026/07/25 09:32:23.449 +08:00] [INFO] [loader.go:216] ["diff load InfoSchema success"] [mode=auto] [isV2=true] [currVer=28] [neededVer=29] [gotVer=29] ["elapsed time"=162.666µs] [phyTblIDs="[]"] [actionTypes="[]"] [diffTypes="[\"create schema\"]"]
[2026/07/25 09:32:23.450 +08:00] [INFO] [lock_resolver.go:1631] ["txn lock cleanup resolve-lock rpc finished"] [action=commit] [txnStartTS=467912135383711771] [commitTS=467912135383711775] [regionID=18] [resolveLite=true] [resolvedByCheckTxnStatus=false]
[2026/07/25 09:32:23.450 +08:00] [INFO] [syncer.go:281] ["mdl gets lock, update self version to owner"] [jobID=33] [version=29]
[2026/07/25 09:32:23.451 +08:00] [INFO] [schema_version.go:397] ["wait schema version synced success"] [category=ddl] [ver=29] [checkAssumedSvr=false] ["take time"=2.623375ms] [job="ID:33, Type:create schema, State:done, SchemaState:public, SchemaID:32, TableID:0, RowCount:0, ArgLen:1, start time: 2026-07-25 09:32:23.401 +0800 CST, Err:<nil>, ErrCount:0, SnapshotVersion:0, Version: v2"] [summary="server count: 1"]
[2026/07/25 09:32:23.457 +08:00] [INFO] [job_worker.go:447] ["finish DDL job"] [category=ddl] [jobID=33] [conn=4] [job="ID:33, Type:create schema, State:synced, SchemaState:public, SchemaID:32, TableID:0, RowCount:0, ArgLen:0, start time: 2026-07-25 09:32:23.401 +0800 CST, Err:<nil>, ErrCount:0, SnapshotVersion:0, Version: v2"]
[2026/07/25 09:32:23.462 +08:00] [INFO] [executor.go:7423] ["DDL job is finished"] [category=ddl] [jobID=33]
[2026/07/25 09:32:23.462 +08:00] [INFO] [session.go:5229] ["CRUCIAL OPERATION"] [conn=4] [schemaVersion=29] [cur_db=] [sql="create database ai_native_import_dml"] [user=]
[2026/07/25 09:32:23.464 +08:00] [INFO] [lock_resolver.go:1631] ["txn lock cleanup resolve-lock rpc finished"] [action=commit] [txnStartTS=467912135396556803] [commitTS=467912135396556804] [regionID=18] [resolveLite=true] [resolvedByCheckTxnStatus=false]
[2026/07/25 09:32:23.464 +08:00] [INFO] [lock_resolver.go:1631] ["txn lock cleanup resolve-lock rpc finished"] [action=commit] [txnStartTS=467912135396556803] [commitTS=467912135396556804] [regionID=18] [resolveLite=true] [resolvedByCheckTxnStatus=false]
[2026/07/25 09:32:23.471 +08:00] [INFO] [job_submitter.go:118] ["add DDL jobs"] [category=ddl] ["batch count"=1] [jobs="ID:35, Type:create table, State:queueing, SchemaState:none, SchemaID:32, TableID:34, RowCount:0, ArgLen:1, start time: 2026-07-25 09:32:23.45 +0800 CST, Err:<nil>, ErrCount:0, SnapshotVersion:0, Version: v2; "] [fast_create=true]
[2026/07/25 09:32:23.471 +08:00] [INFO] [executor.go:7285] ["DDL job submitted"] [category=ddl] [job="ID:35, Type:create table, State:queueing, SchemaState:none, SchemaID:32, TableID:34, RowCount:0, ArgLen:1, start time: 2026-07-25 09:32:23.45 +0800 CST, Err:<nil>, ErrCount:0, SnapshotVersion:0, Version: v2"] [query="\t\tcreate table t (\n\t\t\tid bigint primary key,\n\t\t\tu bigint unique,\n\t\t\tpayload varchar(100)\n\t\t)"]
[2026/07/25 09:32:23.473 +08:00] [INFO] [lock_resolver.go:1631] ["txn lock cleanup resolve-lock rpc finished"] [action=commit] [txnStartTS=467912135396556816] [commitTS=467912135396556817] [regionID=18] [resolveLite=true] [resolvedByCheckTxnStatus=false]
[2026/07/25 09:32:23.473 +08:00] [INFO] [lock_resolver.go:1631] ["txn lock cleanup resolve-lock rpc finished"] [action=commit] [txnStartTS=467912135396556816] [commitTS=467912135396556817] [regionID=18] [resolveLite=true] [resolvedByCheckTxnStatus=false]
[2026/07/25 09:32:23.473 +08:00] [INFO] [lock_resolver.go:1631] ["txn lock cleanup resolve-lock rpc finished"] [action=commit] [txnStartTS=467912135396556816] [commitTS=467912135396556817] [regionID=18] [resolveLite=true] [resolvedByCheckTxnStatus=false]
[2026/07/25 09:32:23.473 +08:00] [INFO] [lock_resolver.go:1631] ["txn lock cleanup resolve-lock rpc finished"] [action=commit] [txnStartTS=467912135396556816] [commitTS=467912135396556817] [regionID=18] [resolveLite=true] [resolvedByCheckTxnStatus=false]
[2026/07/25 09:32:23.474 +08:00] [INFO] [job_worker.go:854] ["run one job step"] [category=ddl] [jobID=35] [conn=4] [job="ID:35, Type:create table, State:queueing, SchemaState:none, SchemaID:32, TableID:34, RowCount:0, ArgLen:0, start time: 2026-07-25 09:32:23.45 +0800 CST, Err:<nil>, ErrCount:0, SnapshotVersion:0, Version: v2"]
[2026/07/25 09:32:23.480 +08:00] [WARN] [ddl.go:700] ["fail to notify DDL event"] [category=ddl] [event="(Event Type: create table, Table ID: 34, Table Name: t)"]
[2026/07/25 09:32:23.487 +08:00] [INFO] [loader.go:216] ["diff load InfoSchema success"] [mode=auto] [isV2=true] [currVer=29] [neededVer=30] [gotVer=30] ["elapsed time"=573.791µs] [phyTblIDs="[34]"] [actionTypes="[3]"] [diffTypes="[\"create table\"]"]
[2026/07/25 09:32:23.488 +08:00] [INFO] [syncer.go:281] ["mdl gets lock, update self version to owner"] [jobID=35] [version=30]
[2026/07/25 09:32:23.489 +08:00] [INFO] [schema_version.go:397] ["wait schema version synced success"] [category=ddl] [ver=30] [checkAssumedSvr=false] ["take time"=3.675917ms] [job="ID:35, Type:create table, State:done, SchemaState:public, SchemaID:32, TableID:34, RowCount:0, ArgLen:1, start time: 2026-07-25 09:32:23.45 +0800 CST, Err:<nil>, ErrCount:0, SnapshotVersion:0, Version: v2"] [summary="server count: 1"]
[2026/07/25 09:32:23.494 +08:00] [INFO] [job_worker.go:447] ["finish DDL job"] [category=ddl] [jobID=35] [conn=4] [job="ID:35, Type:create table, State:synced, SchemaState:public, SchemaID:32, TableID:34, RowCount:0, ArgLen:0, start time: 2026-07-25 09:32:23.45 +0800 CST, Err:<nil>, ErrCount:0, SnapshotVersion:0, Version: v2"]
[2026/07/25 09:32:23.500 +08:00] [INFO] [executor.go:7423] ["DDL job is finished"] [category=ddl] [jobID=35]
[2026/07/25 09:32:23.500 +08:00] [INFO] [session.go:5229] ["CRUCIAL OPERATION"] [conn=4] [schemaVersion=30] [cur_db=ai_native_import_dml] [sql="\t\tcreate table t (\n\t\t\tid bigint primary key,\n\t\t\tu bigint unique,\n\t\t\tpayload varchar(100)\n\t\t)"] [user=]
[2026/07/25 09:32:23.504 +08:00] [INFO] [gcs.go:523] ["resetting gcs storage"]
[2026/07/25 09:32:23.513 +08:00] [INFO] [import_into.go:226] ["get job importer"] [param="{\"file-location\":\"gs://ai-import-dml-source/data.csv?endpoint=http://127.0.0.1:63219/storage/v1/\",\"format\":\"auto\",\"options\":{\"cloud_storage_uri\":\"gs://ai-import-dml-sort/data?endpoint=http://127.0.0.1:63219/storage/v1/\",\"detached\":null}}"] [dist-task-enabled=true]
[2026/07/25 09:32:23.531 +08:00] [INFO] [job.go:187] ["job submitted to task queue"] [job-id=150001] [task-key=keyspace1/ImportInto/150001] [task-id=150001] [global-sort=true] [async-prepare=true]
[2026/07/25 09:32:24.254 +08:00] [INFO] [runtime.go:172] ["TimerGroupRuntime loop started"] [groupID=ttl]
[2026/07/25 09:32:24.254 +08:00] [INFO] [runtime.go:444] ["create watch chan if possible for timer runtime"] [groupID=ttl] [storeSupportWatch=true]
[2026/07/25 09:32:24.254 +08:00] [INFO] [notifier.go:140] ["new etcd watcher created to watch timer events"] [EtcdKey=/tidb/timer/cluster/1/notify/c84b57b5-f0bb-48a8-81f6-6b3b660c4a7c] [watcherID=26f03849-782a-47a2-b349-2e565e7555a0]
[2026/07/25 09:32:24.256 +08:00] [INFO] [slots.go:220] ["initialize slot capacity"] [capacity=14]
[2026/07/25 09:32:24.258 +08:00] [INFO] [scheduler_manager.go:217] ["schedule task loop start"] [server-id=:4000]
[2026/07/25 09:32:24.258 +08:00] [INFO] [scheduler_manager.go:544] ["collect loop start"] [server-id=:4000]
[2026/07/25 09:32:24.258 +08:00] [INFO] [scheduler_manager.go:331] ["subtask table gc loop start"] [server-id=:4000]
[2026/07/25 09:32:24.258 +08:00] [INFO] [scheduler_manager.go:407] ["cleanup loop start"] [server-id=:4000]
[2026/07/25 09:32:24.263 +08:00] [INFO] [store.go:95] ["new store"] [path="tikv://127.0.0.1:12379?keyspaceName=keyspace1"]
[2026/07/25 09:32:24.267 +08:00] [INFO] [service_discovery.go:1011] ["[pd] update member urls"] [old-sorted-urls="[http://127.0.0.1:12379]"] [new-sorted-urls="[http://192.168.124.17:12379]"]
[2026/07/25 09:32:24.267 +08:00] [INFO] [service_discovery.go:1030] ["[pd] switch leader"] [new-leader=http://192.168.124.17:12379] [old-leader=]
[2026/07/25 09:32:24.267 +08:00] [INFO] [service_discovery.go:509] ["[pd] init cluster id"] [cluster-id=7666268769414273286]
[2026/07/25 09:32:24.272 +08:00] [INFO] [client.go:214] ["[tso] switch the tso leader serving url"] [new-url=http://192.168.124.17:12379]
[2026/07/25 09:32:24.272 +08:00] [INFO] [inner_client.go:173] ["[pd] tso provider changed to pd"]
[2026/07/25 09:32:24.272 +08:00] [INFO] [watcher.go:56] ["[pd] start the deadline watcher"] [source=tso]
[2026/07/25 09:32:24.272 +08:00] [INFO] [client.go:251] ["[tso] start tso connection contexts updater"]
[2026/07/25 09:32:24.272 +08:00] [INFO] [dispatcher.go:146] ["[tso] tso dispatcher created"]
[2026/07/25 09:32:24.272 +08:00] [INFO] [dispatcher.go:598] ["[tso] switching tso rpc concurrency"] [old=0] [new=1]
[2026/07/25 09:32:24.273 +08:00] [INFO] [inner_client.go:154] ["[pd] service mode changed"] [new-mode=PD_SVC_MODE]
[2026/07/25 09:32:24.273 +08:00] [INFO] [router_service_discovery.go:162] ["[router service] created router service discovery"] [cluster-id=7666268769414273286] [keyspace-id=1] [default-discovery-key=/ms/7666268769414273286/router/registry/]
[2026/07/25 09:32:24.273 +08:00] [INFO] [router_service_discovery.go:174] ["[router service] initializing router service discovery"] [max-retry-times=100] [retry-interval=1s]
[2026/07/25 09:32:24.275 +08:00] [INFO] [router_service_discovery.go:260] ["[router service] update member sorted urls"] [new-sorted-urls="[]"]
[2026/07/25 09:32:24.275 +08:00] [INFO] [router_service_discovery.go:245] ["[router service] updating nodes succeeded"] [urls="[]"] [clients-length=0]
[2026/07/25 09:32:24.275 +08:00] [INFO] [client.go:407] ["[pd] create pd client with endpoints and keyspace"] [pd-address="[127.0.0.1:12379]"] [keyspace-name=keyspace1] [keyspace-id=1]
[2026/07/25 09:32:24.275 +08:00] [INFO] [client.go:424] ["[router] connection daemon is started"]
[2026/07/25 09:32:24.275 +08:00] [INFO] [client.go:585] ["[router] dispatcher is started"]
[2026/07/25 09:32:24.275 +08:00] [INFO] [inner_client.go:91] ["[pd] start router client initializer"]
[2026/07/25 09:32:24.275 +08:00] [INFO] [watcher.go:73] ["[pd] exit the deadline watcher"] [source=tso]
[2026/07/25 09:32:24.275 +08:00] [INFO] [inner_client.go:96] ["[pd] exit router client initializer"]
[2026/07/25 09:32:24.275 +08:00] [INFO] [client.go:587] ["[router] dispatcher is exiting"]
[2026/07/25 09:32:24.275 +08:00] [INFO] [client.go:277] ["[tso] exit tso connection contexts updater"]
[2026/07/25 09:32:24.275 +08:00] [INFO] [client.go:592] ["[router] dispatcher exited"]
[2026/07/25 09:32:24.275 +08:00] [INFO] [dispatcher.go:207] ["[tso] stop fetching the pending tso requests due to context canceled"]
[2026/07/25 09:32:24.275 +08:00] [INFO] [dispatcher.go:149] ["[tso] exit tso dispatcher"]
[2026/07/25 09:32:24.275 +08:00] [INFO] [router_service_discovery.go:315] ["[router service] exit health check member loop"]
[2026/07/25 09:32:24.275 +08:00] [INFO] [resource_manager_client.go:341] ["[resource manager] exit resource token dispatcher"]
[2026/07/25 09:32:24.275 +08:00] [ERROR] [client.go:500] ["[router] failed to create the leader router stream connection"] [error="rpc error: code = Canceled desc = context canceled"] [stack="github.com/tikv/pd/client/clients/router.(*Cli).updateConnection\n\t/Users/bba/.gvm/pkgsets/go1.25.1/global/pkg/mod/github.com/tikv/pd/client@v0.0.0-20260708075407-4e05b9d2c2d3/clients/router/client.go:500\ngithub.com/tikv/pd/client/clients/router.(*Cli).connectionDaemon\n\t/Users/bba/.gvm/pkgsets/go1.25.1/global/pkg/mod/github.com/tikv/pd/client@v0.0.0-20260708075407-4e05b9d2c2d3/clients/router/client.go:426"]
[2026/07/25 09:32:24.275 +08:00] [WARN] [client.go:511] ["[router] failed to create the leader router stream connection"]
[2026/07/25 09:32:24.275 +08:00] [INFO] [stream.go:366] ["tsoStream.recvLoop ended"] [stream=192.168.124.17:12379-4] [error="rpc error: code = Canceled desc = context canceled"] [errorVerbose="rpc error: code = Canceled desc = context canceled\ngithub.com/tikv/pd/client/clients/tso.(*tsoStream).recvLoop\n\t/Users/bba/.gvm/pkgsets/go1.25.1/global/pkg/mod/github.com/tikv/pd/client@v0.0.0-20260708075407-4e05b9d2c2d3/clients/tso/stream.go:434\nruntime.goexit\n\t/Users/bba/.gvm/pkgsets/go1.25.1/global/pkg/mod/golang.org/toolchain@v0.0.1-go1.25.10.darwin-arm64/src/runtime/asm_arm64.s:1268"]
[2026/07/25 09:32:24.275 +08:00] [INFO] [client.go:430] ["[router] connection daemon is exiting"]
[2026/07/25 09:32:24.275 +08:00] [INFO] [router_service_discovery.go:273] ["[router service] exit check member loop"]
[2026/07/25 09:32:24.275 +08:00] [INFO] [service_discovery.go:562] ["[pd] exit member loop due to context canceled"]
[2026/07/25 09:32:24.275 +08:00] [INFO] [router_service_discovery.go:287] ["[router service] closing router service discovery"]
[2026/07/25 09:32:24.275 +08:00] [INFO] [router_service_discovery.go:303] ["[router service] is closed"]
[2026/07/25 09:32:24.275 +08:00] [INFO] [client.go:155] ["[tso] closing tso client"]
[2026/07/25 09:32:24.275 +08:00] [INFO] [client.go:160] ["[tso] close tso client"]
[2026/07/25 09:32:24.275 +08:00] [INFO] [client.go:162] ["[tso] tso client is closed"]
[2026/07/25 09:32:24.275 +08:00] [INFO] [service_discovery.go:653] ["[pd] close service discovery client"]
[2026/07/25 09:32:24.275 +08:00] [INFO] [inner_client.go:275] ["[pd] close client successfully"]
[2026/07/25 09:32:24.275 +08:00] [INFO] [store.go:104] ["new store with retry success"]
[2026/07/25 09:32:24.277 +08:00] [INFO] [syncer.go:258] ["found stale server info with same IP+Port, cleaning up"] [staleID=3942918a-743b-40f4-aa5d-b6379b5e84b1] [ip=] [port=4002]
[2026/07/25 09:32:24.277 +08:00] [INFO] [manager.go:502] ["deleting stale owner key"] [key=/tidb/ddl/fg/owner/27db9f96d9e2a5c7] [staleID=3942918a-743b-40f4-aa5d-b6379b5e84b1]
[2026/07/25 09:32:24.278 +08:00] [INFO] [manager.go:636] ["watch failed, owner is deleted"] [key=/tidb/ddl/fg/owner] [id=3942918a-743b-40f4-aa5d-b6379b5e84b1] [ownerKey=/tidb/ddl/fg/owner/27db9f96d9e2a5c7] [currRev=821]
[2026/07/25 09:32:24.278 +08:00] [INFO] [manager.go:420] ["watch owner finished"] [key=/tidb/ddl/fg/owner] [id=3942918a-743b-40f4-aa5d-b6379b5e84b1] []
[2026/07/25 09:32:24.278 +08:00] [INFO] [manager.go:333] ["retire owner"] [key=/tidb/ddl/fg/owner] [id=3942918a-743b-40f4-aa5d-b6379b5e84b1]
[2026/07/25 09:32:24.278 +08:00] [INFO] [syncer.go:488] ["schema version sync loop interrupted, retrying..."] [category=ddl]
[2026/07/25 09:32:24.279 +08:00] [WARN] [job_scheduler.go:336] ["load and deliver jobs failed"] [category=ddl] [sampled=] [error="[127.0.0.1:30160](1) context canceled"] [errorVerbose="[127.0.0.1:30160](1) context canceled\ngithub.com/pingcap/errors.Trace\n\t/Users/bba/.gvm/pkgsets/go1.25.1/global/pkg/mod/github.com/pingcap/errors@v0.11.5-0.20260508054701-306e305bcf41/juju_adaptor.go:15\ngithub.com/pingcap/tidb/pkg/store/driver/error.ToTiDBErr\n\t/Users/bba/pc/tidb-ai-critical-scan/pkg/store/driver/error/error.go:220\ngithub.com/pingcap/tidb/pkg/store/copr.(*copIteratorWorker).handleTaskOnce\n\t/Users/bba/pc/tidb-ai-critical-scan/pkg/store/copr/coprocessor.go:1847\ngithub.com/pingcap/tidb/pkg/store/copr.(*liteCopIteratorWorker).liteSendReq\n\t/Users/bba/pc/tidb-ai-critical-scan/pkg/store/copr/coprocessor.go:1562\ngithub.com/pingcap/tidb/pkg/store/copr.(*copIterator).Next\n\t/Users/bba/pc/tidb-ai-critical-scan/pkg/store/copr/coprocessor.go:1448\ngithub.com/pingcap/tidb/pkg/distsql.(*selectResult).fetchRespWithIntermediateResults\n\t/Users/bba/pc/tidb-ai-critical-scan/pkg/distsql/select_result.go:402\ngithub.com/pingcap/tidb/pkg/distsql.(*selectResult).fetchResp\n\t/Users/bba/pc/tidb-ai-critical-scan/pkg/distsql/select_result.go:366\ngithub.com/pingcap/tidb/pkg/distsql.(*selectResult).Next\n\t/Users/bba/pc/tidb-ai-critical-scan/pkg/distsql/select_result.go:504\ngithub.com/pingcap/tidb/pkg/executor.(*tableResultHandler).nextChunk\n\t/Users/bba/pc/tidb-ai-critical-scan/pkg/executor/table_reader.go:686\ngithub.com/pingcap/tidb/pkg/executor.(*TableReaderExecutor).Next\n\t/Users/bba/pc/tidb-ai-critical-scan/pkg/executor/table_reader.go:370\ngithub.com/pingcap/tidb/pkg/executor/internal/exec.Next\n\t/Users/bba/pc/tidb-ai-critical-scan/pkg/executor/internal/exec/executor.go:694\ngithub.com/pingcap/tidb/pkg/executor.(*projectionInputFetcher).run\n\t/Users/bba/pc/tidb-ai-critical-scan/pkg/executor/projection.go:410\nruntime.goexit\n\t/Users/bba/.gvm/pkgsets/go1.25.1/global/pkg/mod/golang.org/toolchain@v0.0.1-go1.25.10.darwin-arm64/src/runtime/asm_arm64.s:1268"]
[2026/07/25 09:32:24.279 +08:00] [INFO] [job_scheduler.go:269] ["scheduleLoop quit due to context canceled"] [category=ddl]
[2026/07/25 09:32:24.279 +08:00] [INFO] [ddl_workerpool.go:78] ["closing workerPool"] [category=ddl]
[2026/07/25 09:32:24.279 +08:00] [INFO] [ddl_workerpool.go:78] ["closing workerPool"] [category=ddl]
[2026/07/25 09:32:24.279 +08:00] [INFO] [job_worker.go:267] ["DDL worker closed"] [category=ddl] [worker="worker 1, tp general"] ["take time"=7.25µs]
[2026/07/25 09:32:24.279 +08:00] [INFO] [job_worker.go:267] ["DDL worker closed"] [category=ddl] [worker="worker 2, tp general"] ["take time"=6.292µs]
[2026/07/25 09:32:24.279 +08:00] [INFO] [job_worker.go:267] ["DDL worker closed"] [category=ddl] [worker="worker 3, tp general"] ["take time"=7.208µs]
[2026/07/25 09:32:24.279 +08:00] [INFO] [ddl_workerpool.go:78] ["closing workerPool"] [category=ddl]
[2026/07/25 09:32:24.279 +08:00] [INFO] [manager.go:424] ["is not the owner"] [key=/tidb/ddl/fg/owner] [id=3942918a-743b-40f4-aa5d-b6379b5e84b1]
[2026/07/25 09:32:24.279 +08:00] [WARN] [client_batch.go:1309] ["batchRecvLoop receives response for canceled request"] [target=127.0.0.1:30160] [conn=0] [forwardedHost=] [requestID=338] [estimatedOneWayDelay=0s] [tidbDetails="EntryProgress{batch:29.5µs, size:1, send:11.3µs, ack:680.4µs, recv:680.4µs}"] [tikvDetails="wait_wall_time_ns:93125 process_wall_time_ns:68709 total_rpc_wall_time_ns:362917 kv_grpc_wait_time_ns:74791 "]
[2026/07/25 09:32:24.280 +08:00] [INFO] [manager.go:527] ["get owner"] [key=/tidb/ddl/fg/owner] ["owner key"=/tidb/ddl/fg/owner/27db9f96d9e2a5c7] [ownerID=3942918a-743b-40f4-aa5d-b6379b5e84b1]
[2026/07/25 09:32:24.280 +08:00] [INFO] [manager.go:324] ["become owner"] [key=/tidb/ddl/fg/owner] [id=3942918a-743b-40f4-aa5d-b6379b5e84b1]
[2026/07/25 09:32:24.280 +08:00] [INFO] [manager.go:616] ["watching owner key"] [key=/tidb/ddl/fg/owner] [id=3942918a-743b-40f4-aa5d-b6379b5e84b1] [ownerKey=/tidb/ddl/fg/owner/27db9f96d9e2a5c7] [currRev=844]
[2026/07/25 09:32:24.281 +08:00] [INFO] [job_scheduler.go:363] ["get global state and global state change"] [category=ddl] [oldState=false] [currState=false]
[2026/07/25 09:32:24.282 +08:00] [INFO] [manager.go:561] ["set owner op is the same as the original, so do nothing."] [key=/tidb/ddl/fg/owner] [id=3942918a-743b-40f4-aa5d-b6379b5e84b1] [op=none]
[2026/07/25 09:32:24.282 +08:00] [INFO] [job_scheduler.go:375] ["the owner sets owner operator value"] [category=ddl] [ownerOp=none]
[2026/07/25 09:32:24.292 +08:00] [INFO] [loader.go:281] ["full load InfoSchema success"] [targetKS=keyspace1] [mode=full] [isV2=false] [currentSchemaVersion=0] [neededSchemaVersion=30] ["elapsed time"=6.896833ms]
[2026/07/25 09:32:24.292 +08:00] [INFO] [syncer.go:456] ["full load and reset schema validator"] [targetKS=keyspace1]
[2026/07/25 09:32:24.292 +08:00] [INFO] [cross_ks.go:346] ["create cross keyspace session manager"] [targetKS=keyspace1] [cost=28.392208ms]
[2026/07/25 09:32:24.292 +08:00] [INFO] [cross_ks.go:157] ["acquire cross keyspace runtime"] [targetKS=keyspace1] [holderID=DXF/scheduler/150001] [activeHolderCount=1]
[2026/07/25 09:32:24.292 +08:00] [INFO] [scheduler.go:114] ["create base scheduler"] [task-id=150001] [task-key=keyspace1/ImportInto/150001] [server-id=:4000] [task-type=ImportInto] [allocated-slots=true]
[2026/07/25 09:32:24.292 +08:00] [INFO] [scheduler_manager.go:386] ["task scheduler started"] [server-id=:4000] [task-id=150001] [task-key=keyspace1/ImportInto/150001]
[2026/07/25 09:32:24.292 +08:00] [INFO] [scheduler.go:127] ["schedule task"] [task-id=150001] [task-key=keyspace1/ImportInto/150001] [server-id=:4000] [state=pending] [step=init] [requiredSlots=1] [prepare-mode=required]
[2026/07/25 09:32:24.345 +08:00] [INFO] [runtime.go:172] ["TimerGroupRuntime loop started"] [groupID=ttl]
[2026/07/25 09:32:24.345 +08:00] [INFO] [runtime.go:444] ["create watch chan if possible for timer runtime"] [groupID=ttl] [storeSupportWatch=true]
[2026/07/25 09:32:24.345 +08:00] [INFO] [notifier.go:140] ["new etcd watcher created to watch timer events"] [EtcdKey=/tidb/timer/cluster/1/notify/bcaad413-0a9d-450f-967d-a7a759c6a314] [watcherID=673a5f86-ee0c-4742-9448-c5480e3e0d29]
[2026/07/25 09:32:24.802 +08:00] [INFO] [gcs.go:523] ["resetting gcs storage"] [task-id=150001] [task-key=keyspace1/ImportInto/150001] [server-id=:4000]
[2026/07/25 09:32:24.803 +08:00] [INFO] [gcs.go:523] ["resetting gcs storage"] [task-id=150001] [task-key=keyspace1/ImportInto/150001] [server-id=:4000]
[2026/07/25 09:32:24.804 +08:00] [INFO] [import.go:1695] ["detect and update import plan format based on file extension"] [task-id=150001] [task-key=keyspace1/ImportInto/150001] [server-id=:4000] [file=data.csv] ["detected format"=csv]
[2026/07/25 09:32:24.807 +08:00] [INFO] [import.go:1672] ["auto calculate resource related params"] [task-id=150001] [task-key=keyspace1/ImportInto/150001] [server-id=:4000] [db=ai_native_import_dml] [table=t] [tableID=34] [thread=1] [maxNode=1] [distsqlScanConcurrency=15] [targetNodeCPU=14] [totalFileSize=13B] [totalRealSize=13B] [fileCount=1] [numOfIndexGenKV=1] [indexSizeRatio=0.9523809523809523] [amplifyFactor=1] [costTime=3.329833ms]
[2026/07/25 09:32:24.813 +08:00] [INFO] [table_import.go:481] ["populate chunks start"] [task-id=150001] [task-key=keyspace1/ImportInto/150001] [server-id=:4000] [executeNodesCnt=1] [totalFileSize=13]
[2026/07/25 09:32:24.813 +08:00] [INFO] [table_import.go:493] ["adjust max engine size"] [task-id=150001] [task-key=keyspace1/ImportInto/150001] [server-id=:4000] [before=107374182400] [after=13]
[2026/07/25 09:32:24.813 +08:00] [INFO] [region.go:326] [makeTableRegions] [task-id=150001] [task-key=keyspace1/ImportInto/150001] [server-id=:4000] [filesCount=1] [MaxChunkSize=268435456] [RegionsCount=1] [BatchSize=13] [cost=58.333µs]
[2026/07/25 09:32:24.813 +08:00] [INFO] [table_import.go:484] ["populate chunks completed"] [task-id=150001] [task-key=keyspace1/ImportInto/150001] [server-id=:4000] [executeNodesCnt=1] [totalFileSize=13] [subtaskCnt=2] [takeTime=111.042µs] []
[2026/07/25 09:32:24.813 +08:00] [INFO] [gcs.go:523] ["resetting gcs storage"] [task-id=150001] [task-key=keyspace1/ImportInto/150001] [server-id=:4000]
[2026/07/25 09:32:24.820 +08:00] [INFO] [scheduler.go:556] ["switch to next step"] [task-id=150001] [task-key=keyspace1/ImportInto/150001] [server-id=:4000] [current-step=prepared] [next-step=encode] [required-slots=1] [runtime-slots=1]
[2026/07/25 09:32:24.821 +08:00] [INFO] [scheduler.go:590] ["eligible instances"] [task-id=150001] [task-key=keyspace1/ImportInto/150001] [server-id=:4000] [num=1]
[2026/07/25 09:32:24.821 +08:00] [INFO] [scheduler.go:413] ["on next subtasks batch"] [task-id=150001] [task-key=keyspace1/ImportInto/150001] [server-id=:4000] [curr-step=prepared] [next-step=encode] [node-count=1] [db-name=ai_native_import_dml] [table-name=t] [db-id=32] [table-id=34]
[2026/07/25 09:32:24.827 +08:00] [INFO] [gcs.go:523] ["resetting gcs storage"] [task-id=150001] [task-key=keyspace1/ImportInto/150001] [server-id=:4000]
[2026/07/25 09:32:24.828 +08:00] [INFO] [gcs.go:523] ["resetting gcs storage"] [task-id=150001] [task-key=keyspace1/ImportInto/150001] [server-id=:4000]
[2026/07/25 09:32:24.829 +08:00] [INFO] [scheduler.go:547] ["generate subtasks"] [task-id=150001] [task-key=keyspace1/ImportInto/150001] [server-id=:4000] [curr-step=prepared] [next-step=encode] [node-count=1] [db-name=ai_native_import_dml] [table-name=t] [db-id=32] [table-id=34] [subtask-count=1]
[2026/07/25 09:32:24.829 +08:00] [INFO] [scheduler.go:616] ["schedule subtasks"] [task-id=150001] [task-key=keyspace1/ImportInto/150001] [server-id=:4000] [state=pending] [step=encode] [requiredSlots=1] [subtasks=1]
[2026/07/25 09:32:25.062 +08:00] [INFO] [cross_ks.go:157] ["acquire cross keyspace runtime"] [targetKS=keyspace1] [holderID=DXF/executor/150001] [activeHolderCount=2]
[2026/07/25 09:32:25.062 +08:00] [INFO] [manager.go:362] ["task executor started"] [server-id=:4000] [task-id=150001] [task-key=keyspace1/ImportInto/150001] [type=ImportInto] [required-slots=1] [runtime-slots=1] [node-remaining-slots=13]
[2026/07/25 09:32:25.185 +08:00] [INFO] [pd.go:434] ["adaptive update ts interval state transition"] [configuredInterval=2s] [prevAdaptiveUpdateInterval=2s] [newAdaptiveUpdateInterval=2s] [requiredStaleness=0s] [prevState=unknown(0)] [newState=normal]
[2026/07/25 09:32:25.242 +08:00] [INFO] [info.go:988] [SetTiFlashGroupConfig]
[2026/07/25 09:32:25.258 +08:00] [WARN] [nodes.go:87] ["generate task executor nodes met error"] [category=dxf] [sampled=] [server-id=:4000] [error="not found instance"]
[2026/07/25 09:32:25.282 +08:00] [INFO] [pd.go:434] ["adaptive update ts interval state transition"] [configuredInterval=2s] [prevAdaptiveUpdateInterval=2s] [newAdaptiveUpdateInterval=2s] [requiredStaleness=0s] [prevState=unknown(0)] [newState=normal]
[2026/07/25 09:32:25.300 +08:00] [INFO] [scheduler.go:116] ["register task to pd or refresh lease success"] [task-id=150001] [task-key=keyspace1/ImportInto/150001] [server-id=:4000]
[2026/07/25 09:32:25.325 +08:00] [INFO] [info.go:988] [SetTiFlashGroupConfig]
[2026/07/25 09:32:25.365 +08:00] [INFO] [task_executor.go:926] ["got indices that generate kv"] [task-id=150001] [task-key=keyspace1/ImportInto/150001] [step=encode] [indices="{\"1\":{\"Unique\":true}}"]
[2026/07/25 09:32:25.365 +08:00] [INFO] [task_executor.go:147] ["init subtask env"] [task-id=150001] [task-key=keyspace1/ImportInto/150001] [step=encode]
[2026/07/25 09:32:25.365 +08:00] [INFO] [gcs.go:523] ["resetting gcs storage"] [task-id=150001] [task-key=keyspace1/ImportInto/150001] [server-id=:4000]
[2026/07/25 09:32:25.366 +08:00] [INFO] [gcs.go:523] ["resetting gcs storage"] [task-id=150001] [task-key=keyspace1/ImportInto/150001] [server-id=:4000]
[2026/07/25 09:32:25.370 +08:00] [INFO] [local.go:771] ["multi ingest support"] [task-id=150001] [task-key=keyspace1/ImportInto/150001] [server-id=:4000]
[2026/07/25 09:32:25.371 +08:00] [INFO] [local.go:793] ["TiKV server side free space check is enabled, so lightning will turn it off"] [task-id=150001] [task-key=keyspace1/ImportInto/150001] [server-id=:4000]
[2026/07/25 09:32:25.371 +08:00] [INFO] [table_import.go:834] ["use 0.8 of the storage size as default disk quota"] [task-id=150001] [task-key=keyspace1/ImportInto/150001] [step=encode] [quota=795.7GB]
[2026/07/25 09:32:25.371 +08:00] [INFO] [task_executor.go:181] ["KV writer memory buf info"] [task-id=150001] [task-key=keyspace1/ImportInto/150001] [step=encode] [data-buf-limit=987.4MiB] [per-index-buf-limit=329.1MiB] [data-buf-block-size=120MiB] [index-buf-block-size=16MiB]
[2026/07/25 09:32:25.371 +08:00] [INFO] [task_executor.go:434] ["execute task step start"] [task-id=150001] [task-key=keyspace1/ImportInto/150001] [server-id=:4000] [step=encode] [mem-limit-percent=0.7] [server-mem-limit=80%] [resource="[CPU=1, Mem=2.571GiB]"]
[2026/07/25 09:32:25.378 +08:00] [INFO] [task_executor.go:497] ["run subtask start"] [task-id=150001] [task-key=keyspace1/ImportInto/150001] [server-id=:4000] [subtaskID=150001] [step=encode]
[2026/07/25 09:32:25.378 +08:00] [INFO] [task_executor.go:248] ["run subtask start"] [task-id=150001] [task-key=keyspace1/ImportInto/150001] [step=encode] [subtask-id=150001]
[2026/07/25 09:32:25.378 +08:00] [INFO] [gcs.go:523] ["resetting gcs storage"] [task-id=150001] [task-key=keyspace1/ImportInto/150001] [server-id=:4000] [subtaskID=150001] [step=encode]
[2026/07/25 09:32:25.380 +08:00] [INFO] [chunk_process.go:403] ["process chunk start"] [task-id=150001] [task-key=keyspace1/ImportInto/150001] [step=encode] [subtask-id=150001] [key=data.csv:0]
[2026/07/25 09:32:25.385 +08:00] [INFO] [chunk_process.go:407] ["process chunk completed"] [task-id=150001] [task-key=keyspace1/ImportInto/150001] [step=encode] [subtask-id=150001] [key=data.csv:0] [readDur=332.459µs] [encodeDur=102.958µs] [checksum="{cksum=12147526407046477618,size=82,kvs=2}"] [deliverDur=4.662709ms] [type=file] [takeTime=5.165708ms] []
[2026/07/25 09:32:25.389 +08:00] [INFO] [writer.go:767] ["flush sorted kv"] [task-id=150001] [task-key=keyspace1/ImportInto/150001] [server-id=:4000] [subtaskID=150001] [step=encode] [writer-id=data/75970588-01b1-4e51-9cdb-818bacb684b9] [sequence-number=0] [bytes=58] [stat-size=82] [write-time=3.321125ms] [write-speed(bytes/s)=17.05KiB]
[2026/07/25 09:32:25.389 +08:00] [INFO] [writer.go:642] ["flush kv"] [task-id=150001] [task-key=keyspace1/ImportInto/150001] [server-id=:4000] [subtaskID=150001] [step=encode] [writer-id=data/75970588-01b1-4e51-9cdb-818bacb684b9] [sequence-number=0] [bytes=58] [kv-cnt=1] [sort-time=176.459µs] [write-time=3.343458ms] [sort-speed(kv/s)=5667.0388] [writer-id=data/75970588-01b1-4e51-9cdb-818bacb684b9] [on-dup=error] [dup-cnt=0] [recorded-dup-cnt=0]
[2026/07/25 09:32:25.389 +08:00] [INFO] [writer.go:535] ["close writer"] [task-id=150001] [task-key=keyspace1/ImportInto/150001] [server-id=:4000] [subtaskID=150001] [step=encode] [writerID=data/75970588-01b1-4e51-9cdb-818bacb684b9] [kv-cnt-cap=1] [minKey=780000017480000000000000225f728000000000000001] [maxKey=780000017480000000000000225f728000000000000001] [kv-file-count=1] [dup-file-count=0] [total-size=42B] [total-kv-cnt=1]
[2026/07/25 09:32:25.389 +08:00] [INFO] [writer.go:767] ["flush sorted kv"] [task-id=150001] [task-key=keyspace1/ImportInto/150001] [server-id=:4000] [subtaskID=150001] [step=encode] [writer-id=index/1/75970588-01b1-4e51-9cdb-818bacb684b9] [sequence-number=0] [bytes=56] [stat-size=100] [write-time=592.25µs] [write-speed(bytes/s)=92.34KiB]
[2026/07/25 09:32:25.389 +08:00] [INFO] [writer.go:642] ["flush kv"] [task-id=150001] [task-key=keyspace1/ImportInto/150001] [server-id=:4000] [subtaskID=150001] [step=encode] [writer-id=index/1/75970588-01b1-4e51-9cdb-818bacb684b9] [sequence-number=0] [bytes=56] [kv-cnt=1] [sort-time=125ns] [write-time=607.833µs] [sort-speed(kv/s)=8000000.0000] [writer-id=index/1/75970588-01b1-4e51-9cdb-818bacb684b9] [on-dup=error] [dup-cnt=0] [recorded-dup-cnt=0]
[2026/07/25 09:32:25.389 +08:00] [INFO] [writer.go:535] ["close writer"] [task-id=150001] [task-key=keyspace1/ImportInto/150001] [server-id=:4000] [subtaskID=150001] [step=encode] [writerID=index/1/75970588-01b1-4e51-9cdb-818bacb684b9] [kv-cnt-cap=1] [minKey=780000017480000000000000225f698000000000000001038000000000000064] [maxKey=780000017480000000000000225f698000000000000001038000000000000064] [kv-file-count=1] [dup-file-count=0] [total-size=40B] [total-kv-cnt=1]
[2026/07/25 09:32:25.389 +08:00] [INFO] [task_executor.go:375] ["on subtask finished"] [task-id=150001] [task-key=keyspace1/ImportInto/150001] [step=encode] [engine-id=0]
[2026/07/25 09:32:25.390 +08:00] [INFO] [task_executor.go:255] ["run subtask completed"] [task-id=150001] [task-key=keyspace1/ImportInto/150001] [step=encode] [subtask-id=150001] [data-kv-files=1] [index-kv-files=1] [obj-store-access="{requests: {get: 1, put: 5}, traffic: {r: 221, w: 1309}}"] [takeTime=11.937ms] []
[2026/07/25 09:32:25.395 +08:00] [INFO] [task_executor.go:526] ["run subtask completed"] [task-id=150001] [task-key=keyspace1/ImportInto/150001] [server-id=:4000] [subtaskID=150001] [step=encode] [takeTime=17.435417ms] []
[2026/07/25 09:32:25.795 +08:00] [INFO] [scheduler.go:556] ["switch to next step"] [task-id=150001] [task-key=keyspace1/ImportInto/150001] [server-id=:4000] [current-step=encode] [next-step=merge-sort] [required-slots=1] [runtime-slots=1]
[2026/07/25 09:32:25.796 +08:00] [INFO] [scheduler.go:590] ["eligible instances"] [task-id=150001] [task-key=keyspace1/ImportInto/150001] [server-id=:4000] [num=1]
[2026/07/25 09:32:25.796 +08:00] [INFO] [scheduler.go:413] ["on next subtasks batch"] [task-id=150001] [task-key=keyspace1/ImportInto/150001] [server-id=:4000] [curr-step=encode] [next-step=merge-sort] [node-count=1] [db-name=ai_native_import_dml] [table-name=t] [db-id=32] [table-id=34]
[2026/07/25 09:32:25.799 +08:00] [INFO] [gcs.go:523] ["resetting gcs storage"] [task-id=150001] [task-key=keyspace1/ImportInto/150001] [server-id=:4000]
[2026/07/25 09:32:25.800 +08:00] [INFO] [planner.go:473] ["skip merge sort for kv group"] [task-id=150001] [task-key=keyspace1/ImportInto/150001] [server-id=:4000] [task-id=150001] [kv-group=data]
[2026/07/25 09:32:25.800 +08:00] [INFO] [planner.go:473] ["skip merge sort for kv group"] [task-id=150001] [task-key=keyspace1/ImportInto/150001] [server-id=:4000] [task-id=150001] [kv-group=1]
[2026/07/25 09:32:25.800 +08:00] [INFO] [gcs.go:523] ["resetting gcs storage"] [task-id=150001] [task-key=keyspace1/ImportInto/150001] [server-id=:4000]
[2026/07/25 09:32:25.801 +08:00] [INFO] [scheduler.go:547] ["generate subtasks"] [task-id=150001] [task-key=keyspace1/ImportInto/150001] [server-id=:4000] [curr-step=encode] [next-step=merge-sort] [node-count=1] [db-name=ai_native_import_dml] [table-name=t] [db-id=32] [table-id=34] [subtask-count=0]
[2026/07/25 09:32:25.801 +08:00] [INFO] [scheduler.go:616] ["schedule subtasks"] [task-id=150001] [task-key=keyspace1/ImportInto/150001] [server-id=:4000] [state=running] [step=merge-sort] [requiredSlots=1] [subtasks=0]
[2026/07/25 09:32:26.258 +08:00] [WARN] [nodes.go:87] ["generate task executor nodes met error"] [category=dxf] [sampled=] [server-id=:4000] [error="not found instance"]
[2026/07/25 09:32:26.296 +08:00] [INFO] [scheduler.go:556] ["switch to next step"] [task-id=150001] [task-key=keyspace1/ImportInto/150001] [server-id=:4000] [current-step=merge-sort] [next-step=ingest] [required-slots=1] [runtime-slots=1]
[2026/07/25 09:32:26.296 +08:00] [INFO] [scheduler.go:590] ["eligible instances"] [task-id=150001] [task-key=keyspace1/ImportInto/150001] [server-id=:4000] [num=1]
[2026/07/25 09:32:26.296 +08:00] [INFO] [scheduler.go:413] ["on next subtasks batch"] [task-id=150001] [task-key=keyspace1/ImportInto/150001] [server-id=:4000] [curr-step=merge-sort] [next-step=ingest] [node-count=1] [db-name=ai_native_import_dml] [table-name=t] [db-id=32] [table-id=34]
[2026/07/25 09:32:26.307 +08:00] [INFO] [gcs.go:523] ["resetting gcs storage"] [task-id=150001] [task-key=keyspace1/ImportInto/150001] [server-id=:4000]
[2026/07/25 09:32:26.312 +08:00] [INFO] [service_discovery.go:1011] ["[pd] update member urls"] [old-sorted-urls="[http://127.0.0.1:12379]"] [new-sorted-urls="[http://192.168.124.17:12379]"]
[2026/07/25 09:32:26.312 +08:00] [INFO] [service_discovery.go:1030] ["[pd] switch leader"] [new-leader=http://192.168.124.17:12379] [old-leader=]
[2026/07/25 09:32:26.312 +08:00] [INFO] [service_discovery.go:509] ["[pd] init cluster id"] [cluster-id=7666268769414273286]
[2026/07/25 09:32:26.316 +08:00] [INFO] [client.go:214] ["[tso] switch the tso leader serving url"] [new-url=http://192.168.124.17:12379]
[2026/07/25 09:32:26.316 +08:00] [INFO] [inner_client.go:173] ["[pd] tso provider changed to pd"]
[2026/07/25 09:32:26.316 +08:00] [INFO] [watcher.go:56] ["[pd] start the deadline watcher"] [source=tso]
[2026/07/25 09:32:26.316 +08:00] [INFO] [client.go:251] ["[tso] start tso connection contexts updater"]
[2026/07/25 09:32:26.316 +08:00] [INFO] [dispatcher.go:146] ["[tso] tso dispatcher created"]
[2026/07/25 09:32:26.316 +08:00] [INFO] [dispatcher.go:598] ["[tso] switching tso rpc concurrency"] [old=0] [new=1]
[2026/07/25 09:32:26.317 +08:00] [INFO] [inner_client.go:154] ["[pd] service mode changed"] [new-mode=PD_SVC_MODE]
[2026/07/25 09:32:26.317 +08:00] [INFO] [router_service_discovery.go:162] ["[router service] created router service discovery"] [cluster-id=7666268769414273286] [keyspace-id=1] [default-discovery-key=/ms/7666268769414273286/router/registry/]
[2026/07/25 09:32:26.317 +08:00] [INFO] [router_service_discovery.go:174] ["[router service] initializing router service discovery"] [max-retry-times=100] [retry-interval=1s]
[2026/07/25 09:32:26.318 +08:00] [INFO] [router_service_discovery.go:260] ["[router service] update member sorted urls"] [new-sorted-urls="[]"]
[2026/07/25 09:32:26.318 +08:00] [INFO] [router_service_discovery.go:245] ["[router service] updating nodes succeeded"] [urls="[]"] [clients-length=0]
[2026/07/25 09:32:26.318 +08:00] [INFO] [client.go:407] ["[pd] create pd client with endpoints and keyspace"] [pd-address="[127.0.0.1:12379]"] [keyspace-name=keyspace1] [keyspace-id=1]
[2026/07/25 09:32:26.318 +08:00] [INFO] [client.go:424] ["[router] connection daemon is started"]
[2026/07/25 09:32:26.318 +08:00] [INFO] [client.go:585] ["[router] dispatcher is started"]
[2026/07/25 09:32:26.318 +08:00] [INFO] [inner_client.go:91] ["[pd] start router client initializer"]
[2026/07/25 09:32:26.318 +08:00] [INFO] [client.go:509] ["[router] successfully established the leader router stream connection"] [url=http://192.168.124.17:12379]
[2026/07/25 09:32:26.320 +08:00] [INFO] [inner_client.go:96] ["[pd] exit router client initializer"]
[2026/07/25 09:32:26.320 +08:00] [INFO] [resource_manager_client.go:341] ["[resource manager] exit resource token dispatcher"]
[2026/07/25 09:32:26.320 +08:00] [INFO] [service_discovery.go:562] ["[pd] exit member loop due to context canceled"]
[2026/07/25 09:32:26.320 +08:00] [INFO] [client.go:606] ["[router] stop fetching the pending router requests due to context canceled"]
[2026/07/25 09:32:26.320 +08:00] [INFO] [client.go:587] ["[router] dispatcher is exiting"]
[2026/07/25 09:32:26.320 +08:00] [INFO] [router_service_discovery.go:273] ["[router service] exit check member loop"]
[2026/07/25 09:32:26.320 +08:00] [INFO] [client.go:592] ["[router] dispatcher exited"]
[2026/07/25 09:32:26.320 +08:00] [INFO] [client.go:430] ["[router] connection daemon is exiting"]
[2026/07/25 09:32:26.320 +08:00] [INFO] [client.go:277] ["[tso] exit tso connection contexts updater"]
[2026/07/25 09:32:26.320 +08:00] [INFO] [stream.go:366] ["tsoStream.recvLoop ended"] [stream=192.168.124.17:12379-5] [error="rpc error: code = Canceled desc = context canceled"] [errorVerbose="rpc error: code = Canceled desc = context canceled\ngithub.com/tikv/pd/client/clients/tso.(*tsoStream).recvLoop\n\t/Users/bba/.gvm/pkgsets/go1.25.1/global/pkg/mod/github.com/tikv/pd/client@v0.0.0-20260708075407-4e05b9d2c2d3/clients/tso/stream.go:434\nruntime.goexit\n\t/Users/bba/.gvm/pkgsets/go1.25.1/global/pkg/mod/golang.org/toolchain@v0.0.1-go1.25.10.darwin-arm64/src/runtime/asm_arm64.s:1268"]
[2026/07/25 09:32:26.320 +08:00] [INFO] [watcher.go:73] ["[pd] exit the deadline watcher"] [source=tso]
[2026/07/25 09:32:26.320 +08:00] [INFO] [router_service_discovery.go:315] ["[router service] exit health check member loop"]
[2026/07/25 09:32:26.320 +08:00] [INFO] [dispatcher.go:207] ["[tso] stop fetching the pending tso requests due to context canceled"]
[2026/07/25 09:32:26.320 +08:00] [INFO] [dispatcher.go:149] ["[tso] exit tso dispatcher"]
[2026/07/25 09:32:26.320 +08:00] [INFO] [router_service_discovery.go:287] ["[router service] closing router service discovery"]
[2026/07/25 09:32:26.320 +08:00] [INFO] [router_service_discovery.go:303] ["[router service] is closed"]
[2026/07/25 09:32:26.320 +08:00] [INFO] [client.go:155] ["[tso] closing tso client"]
[2026/07/25 09:32:26.320 +08:00] [INFO] [client.go:160] ["[tso] close tso client"]
[2026/07/25 09:32:26.320 +08:00] [INFO] [client.go:162] ["[tso] tso client is closed"]
[2026/07/25 09:32:26.320 +08:00] [INFO] [service_discovery.go:653] ["[pd] close service discovery client"]
[2026/07/25 09:32:26.320 +08:00] [INFO] [inner_client.go:275] ["[pd] close client successfully"]
[2026/07/25 09:32:26.320 +08:00] [INFO] [planner.go:744] ["split kv range with split size and keys"] [task-id=150001] [task-key=keyspace1/ImportInto/150001] [server-id=:4000] [region-split-size=1073741824] [region-split-keys=102400000] [range-size=357913942] [range-keys=34133333]
[2026/07/25 09:32:26.320 +08:00] [INFO] [split.go:132] ["create range splitter"] [task-id=150001] [task-key=keyspace1/ImportInto/150001] [server-id=:4000] [rangesGroupSize=107374182400] [rangesGroupKeyCnt=9223372036854775807] [rangeJobSize=357913942] [rangeJobKeyCnt=34133333] [regionSplitSize=1073741824] [regionSplitKeyCnt=102400000]
[2026/07/25 09:32:26.321 +08:00] [INFO] [planner.go:640] ["kv range split summary"] [task-id=150001] [task-key=keyspace1/ImportInto/150001] [server-id=:4000] [kvGroup=data] [subtasks=1] [dataFiles=1] [rangeJobKeys=0] [regionSplitKeys=0]
[2026/07/25 09:32:26.321 +08:00] [INFO] [split.go:172] ["close range splitter"] [task-id=150001] [task-key=keyspace1/ImportInto/150001] [server-id=:4000]
[2026/07/25 09:32:26.323 +08:00] [INFO] [service_discovery.go:1011] ["[pd] update member urls"] [old-sorted-urls="[http://127.0.0.1:12379]"] [new-sorted-urls="[http://192.168.124.17:12379]"]
[2026/07/25 09:32:26.323 +08:00] [INFO] [service_discovery.go:1030] ["[pd] switch leader"] [new-leader=http://192.168.124.17:12379] [old-leader=]
[2026/07/25 09:32:26.323 +08:00] [INFO] [service_discovery.go:509] ["[pd] init cluster id"] [cluster-id=7666268769414273286]
[2026/07/25 09:32:26.325 +08:00] [INFO] [client.go:214] ["[tso] switch the tso leader serving url"] [new-url=http://192.168.124.17:12379]
[2026/07/25 09:32:26.325 +08:00] [INFO] [inner_client.go:173] ["[pd] tso provider changed to pd"]
[2026/07/25 09:32:26.325 +08:00] [INFO] [watcher.go:56] ["[pd] start the deadline watcher"] [source=tso]
[2026/07/25 09:32:26.325 +08:00] [INFO] [client.go:251] ["[tso] start tso connection contexts updater"]
[2026/07/25 09:32:26.325 +08:00] [INFO] [dispatcher.go:146] ["[tso] tso dispatcher created"]
[2026/07/25 09:32:26.325 +08:00] [INFO] [dispatcher.go:598] ["[tso] switching tso rpc concurrency"] [old=0] [new=1]
[2026/07/25 09:32:26.326 +08:00] [INFO] [inner_client.go:154] ["[pd] service mode changed"] [new-mode=PD_SVC_MODE]
[2026/07/25 09:32:26.326 +08:00] [INFO] [router_service_discovery.go:162] ["[router service] created router service discovery"] [cluster-id=7666268769414273286] [keyspace-id=1] [default-discovery-key=/ms/7666268769414273286/router/registry/]
[2026/07/25 09:32:26.326 +08:00] [INFO] [router_service_discovery.go:174] ["[router service] initializing router service discovery"] [max-retry-times=100] [retry-interval=1s]
[2026/07/25 09:32:26.327 +08:00] [INFO] [router_service_discovery.go:260] ["[router service] update member sorted urls"] [new-sorted-urls="[]"]
[2026/07/25 09:32:26.327 +08:00] [INFO] [router_service_discovery.go:245] ["[router service] updating nodes succeeded"] [urls="[]"] [clients-length=0]
[2026/07/25 09:32:26.327 +08:00] [INFO] [client.go:407] ["[pd] create pd client with endpoints and keyspace"] [pd-address="[127.0.0.1:12379]"] [keyspace-name=keyspace1] [keyspace-id=1]
[2026/07/25 09:32:26.327 +08:00] [INFO] [client.go:424] ["[router] connection daemon is started"]
[2026/07/25 09:32:26.327 +08:00] [INFO] [client.go:585] ["[router] dispatcher is started"]
[2026/07/25 09:32:26.327 +08:00] [INFO] [inner_client.go:91] ["[pd] start router client initializer"]
[2026/07/25 09:32:26.327 +08:00] [INFO] [client.go:509] ["[router] successfully established the leader router stream connection"] [url=http://192.168.124.17:12379]
[2026/07/25 09:32:26.328 +08:00] [INFO] [router_service_discovery.go:273] ["[router service] exit check member loop"]
[2026/07/25 09:32:26.328 +08:00] [INFO] [dispatcher.go:207] ["[tso] stop fetching the pending tso requests due to context canceled"]
[2026/07/25 09:32:26.328 +08:00] [INFO] [watcher.go:73] ["[pd] exit the deadline watcher"] [source=tso]
[2026/07/25 09:32:26.328 +08:00] [INFO] [dispatcher.go:149] ["[tso] exit tso dispatcher"]
[2026/07/25 09:32:26.328 +08:00] [INFO] [client.go:277] ["[tso] exit tso connection contexts updater"]
[2026/07/25 09:32:26.328 +08:00] [INFO] [client.go:430] ["[router] connection daemon is exiting"]
[2026/07/25 09:32:26.328 +08:00] [INFO] [service_discovery.go:562] ["[pd] exit member loop due to context canceled"]
[2026/07/25 09:32:26.328 +08:00] [INFO] [inner_client.go:96] ["[pd] exit router client initializer"]
[2026/07/25 09:32:26.328 +08:00] [INFO] [client.go:606] ["[router] stop fetching the pending router requests due to context canceled"]
[2026/07/25 09:32:26.328 +08:00] [INFO] [router_service_discovery.go:315] ["[router service] exit health check member loop"]
[2026/07/25 09:32:26.328 +08:00] [INFO] [client.go:587] ["[router] dispatcher is exiting"]
[2026/07/25 09:32:26.328 +08:00] [INFO] [client.go:592] ["[router] dispatcher exited"]
[2026/07/25 09:32:26.328 +08:00] [INFO] [resource_manager_client.go:341] ["[resource manager] exit resource token dispatcher"]
[2026/07/25 09:32:26.328 +08:00] [INFO] [router_service_discovery.go:287] ["[router service] closing router service discovery"]
[2026/07/25 09:32:26.328 +08:00] [INFO] [stream.go:366] ["tsoStream.recvLoop ended"] [stream=192.168.124.17:12379-6] [error="rpc error: code = Canceled desc = context canceled"] [errorVerbose="rpc error: code = Canceled desc = context canceled\ngithub.com/tikv/pd/client/clients/tso.(*tsoStream).recvLoop\n\t/Users/bba/.gvm/pkgsets/go1.25.1/global/pkg/mod/github.com/tikv/pd/client@v0.0.0-20260708075407-4e05b9d2c2d3/clients/tso/stream.go:434\nruntime.goexit\n\t/Users/bba/.gvm/pkgsets/go1.25.1/global/pkg/mod/golang.org/toolchain@v0.0.1-go1.25.10.darwin-arm64/src/runtime/asm_arm64.s:1268"]
[2026/07/25 09:32:26.328 +08:00] [INFO] [router_service_discovery.go:303] ["[router service] is closed"]
[2026/07/25 09:32:26.329 +08:00] [INFO] [client.go:155] ["[tso] closing tso client"]
[2026/07/25 09:32:26.329 +08:00] [INFO] [client.go:160] ["[tso] close tso client"]
[2026/07/25 09:32:26.329 +08:00] [INFO] [client.go:162] ["[tso] tso client is closed"]
[2026/07/25 09:32:26.329 +08:00] [INFO] [service_discovery.go:653] ["[pd] close service discovery client"]
[2026/07/25 09:32:26.329 +08:00] [INFO] [inner_client.go:275] ["[pd] close client successfully"]
[2026/07/25 09:32:26.329 +08:00] [INFO] [planner.go:744] ["split kv range with split size and keys"] [task-id=150001] [task-key=keyspace1/ImportInto/150001] [server-id=:4000] [region-split-size=1073741824] [region-split-keys=102400000] [range-size=357913942] [range-keys=34133333]
[2026/07/25 09:32:26.329 +08:00] [INFO] [split.go:132] ["create range splitter"] [task-id=150001] [task-key=keyspace1/ImportInto/150001] [server-id=:4000] [rangesGroupSize=107374182400] [rangesGroupKeyCnt=9223372036854775807] [rangeJobSize=357913942] [rangeJobKeyCnt=34133333] [regionSplitSize=1073741824] [regionSplitKeyCnt=102400000]
[2026/07/25 09:32:26.329 +08:00] [INFO] [planner.go:640] ["kv range split summary"] [task-id=150001] [task-key=keyspace1/ImportInto/150001] [server-id=:4000] [kvGroup=1] [subtasks=1] [dataFiles=1] [rangeJobKeys=0] [regionSplitKeys=0]
[2026/07/25 09:32:26.329 +08:00] [INFO] [split.go:172] ["close range splitter"] [task-id=150001] [task-key=keyspace1/ImportInto/150001] [server-id=:4000]
[2026/07/25 09:32:26.329 +08:00] [INFO] [gcs.go:523] ["resetting gcs storage"] [task-id=150001] [task-key=keyspace1/ImportInto/150001] [server-id=:4000]
[2026/07/25 09:32:26.331 +08:00] [INFO] [scheduler.go:547] ["generate subtasks"] [task-id=150001] [task-key=keyspace1/ImportInto/150001] [server-id=:4000] [curr-step=merge-sort] [next-step=ingest] [node-count=1] [db-name=ai_native_import_dml] [table-name=t] [db-id=32] [table-id=34] [subtask-count=2]
[2026/07/25 09:32:26.331 +08:00] [INFO] [scheduler.go:616] ["schedule subtasks"] [task-id=150001] [task-key=keyspace1/ImportInto/150001] [server-id=:4000] [state=running] [step=ingest] [requiredSlots=1] [subtasks=2]
[2026/07/25 09:32:27.258 +08:00] [WARN] [nodes.go:87] ["generate task executor nodes met error"] [category=dxf] [sampled=] [server-id=:4000] [error="not found instance"]
[2026/07/25 09:32:27.511 +08:00] [INFO] [task_executor.go:317] ["task meta modification applied"] [task-id=150001] [task-key=keyspace1/ImportInto/150001] [server-id=:4000] [oldStep=merge-sort] [newStep=ingest]
[2026/07/25 09:32:27.513 +08:00] [INFO] [task_executor.go:438] ["cleanup subtask env"] [task-id=150001] [task-key=keyspace1/ImportInto/150001] [step=encode]
[2026/07/25 09:32:27.513 +08:00] [INFO] [client.go:356] ["[pd] http client closed"] [source=lightning]
[2026/07/25 09:32:27.513 +08:00] [INFO] [task_executor.go:461] ["execute task step completed"] [task-id=150001] [task-key=keyspace1/ImportInto/150001] [server-id=:4000] [step=encode] [mem-limit-percent=0.7] [server-mem-limit=80%] [resource="[CPU=1, Mem=2.571GiB]"] [takeTime=2.142141041s] []
[2026/07/25 09:32:27.513 +08:00] [INFO] [task_executor.go:926] ["got indices that generate kv"] [task-id=150001] [task-key=keyspace1/ImportInto/150001] [step=ingest] [indices="{\"1\":{\"Unique\":true}}"]
[2026/07/25 09:32:27.513 +08:00] [INFO] [gcs.go:523] ["resetting gcs storage"] [task-id=150001] [task-key=keyspace1/ImportInto/150001] [server-id=:4000]
[2026/07/25 09:32:27.514 +08:00] [INFO] [gcs.go:523] ["resetting gcs storage"] [task-id=150001] [task-key=keyspace1/ImportInto/150001] [server-id=:4000]
[2026/07/25 09:32:27.516 +08:00] [INFO] [local.go:771] ["multi ingest support"] [task-id=150001] [task-key=keyspace1/ImportInto/150001] [server-id=:4000]
[2026/07/25 09:32:27.517 +08:00] [INFO] [local.go:793] ["TiKV server side free space check is enabled, so lightning will turn it off"] [task-id=150001] [task-key=keyspace1/ImportInto/150001] [server-id=:4000]
[2026/07/25 09:32:27.517 +08:00] [INFO] [table_import.go:834] ["use 0.8 of the storage size as default disk quota"] [task-id=150001] [task-key=keyspace1/ImportInto/150001] [step=ingest] [quota=795.7GB]
[2026/07/25 09:32:27.517 +08:00] [INFO] [task_executor.go:434] ["execute task step start"] [task-id=150001] [task-key=keyspace1/ImportInto/150001] [server-id=:4000] [step=ingest] [mem-limit-percent=0.7] [server-mem-limit=80%] [resource="[CPU=1, Mem=2.571GiB]"]
[2026/07/25 09:32:27.521 +08:00] [INFO] [task_executor.go:497] ["run subtask start"] [task-id=150001] [task-key=keyspace1/ImportInto/150001] [server-id=:4000] [subtaskID=150002] [step=ingest]
[2026/07/25 09:32:27.521 +08:00] [INFO] [gcs.go:523] ["resetting gcs storage"] [task-id=150001] [task-key=keyspace1/ImportInto/150001] [server-id=:4000] [subtaskID=150002] [step=ingest]
[2026/07/25 09:32:27.522 +08:00] [INFO] [task_executor.go:727] ["run subtask start"] [task-id=150001] [task-key=keyspace1/ImportInto/150001] [step=ingest] [subtask-id=150002] [kv-group=data]
[2026/07/25 09:32:27.522 +08:00] [INFO] [engine.go:213] ["create external engine"] [task-id=150001] [task-key=keyspace1/ImportInto/150001] [server-id=:4000] [subtaskID=150002] [step=ingest] [memLimitForLoadRange=1.187GiB] [dataFileCount=1] [jobKeysCount=2] [splitKeysCount=2]
[2026/07/25 09:32:27.526 +08:00] [WARN] [prewrite.go:619] ["1pc failed and fallbacks to normal commit procedure"] [startTS=467912136458502148]
[2026/07/25 09:32:27.531 +08:00] [INFO] [local.go:1110] ["split engine key ranges"] [task-id=150001] [task-key=keyspace1/ImportInto/150001] [server-id=:4000] [subtaskID=150002] [step=ingest] [engine=external] [totalSize=107374182400] [totalCount=0] [startKey=780000017480000000000000225F728000000000000001] [endKey=780000017480000000000000225F72800000000000000100] [len(keys)=2] []
[2026/07/25 09:32:27.531 +08:00] [INFO] [local.go:1469] ["pause pd scheduler of table scope"] [task-id=150001] [task-key=keyspace1/ImportInto/150001] [server-id=:4000] [subtaskID=150002] [step=ingest]
[2026/07/25 09:32:27.553 +08:00] [INFO] [local.go:1510] ["start import engine"] [task-id=150001] [task-key=keyspace1/ImportInto/150001] [server-id=:4000] [subtaskID=150002] [step=ingest] [uuid=ae4ee1e5-df87-559d-bc38-50b8cbdfafc9] ["region ranges"=1] [count=0] [size=107374182400] [maxReqInFlight=0] [maxReqPerSec=0]
[2026/07/25 09:32:27.553 +08:00] [INFO] [local.go:1132] ["import engine ranges"] [task-id=150001] [task-key=keyspace1/ImportInto/150001] [server-id=:4000] [subtaskID=150002] [step=ingest] [len(regionSplitKeys)=2] [splitRangesBatch=2048] [splitRangePerSec=0]
[2026/07/25 09:32:27.553 +08:00] [INFO] [local.go:1147] ["split and scatter ranges start"] [task-id=150001] [task-key=keyspace1/ImportInto/150001] [server-id=:4000] [subtaskID=150002] [step=ingest] [uuid=external]
[2026/07/25 09:32:27.553 +08:00] [INFO] [client.go:684] ["paginate scan regions"] [count=1] [start=7480000000000000225F728000000000000001] [end=7480000000000000225F7280000000000000010000]
[2026/07/25 09:32:27.556 +08:00] [WARN] [client.go:463] ["fail to split region"] [region="{ID=18,startKey=7800000174800000FF000000001D5F7280FF0000000000000100FF0000000000000000F7,endKey=7800000200000000FB,epoch=\"conf_ver:1 version:19 \",peers=\"id:19 store_id:1 \"}"] [keys="{total=2,keys=\"[780000017480000000000000225F728000000000000001,780000017480000000000000225F72800000000000000100]\"}"] [regionErr="message:\"EpochNotMatch current epoch of region 18 is conf_ver: 1 version: 21\" epoch_not_match:<current_regions:<id:18 start_key:\"x\\000\\000\\001t\\200\\000\\000\\377\\000\\000\\000\\000\\\"_r\\200\\377\\000\\000\\000\\000\\000\\000\\001\\000\\377\\000\\000\\000\\000\\000\\000\\000\\000\\367\" end_key:\"x\\000\\000\\002\\000\\000\\000\\000\\373\" region_epoch:<conf_ver:1 version:21 > peers:<id:19 store_id:1 > > > "]
[2026/07/25 09:32:27.557 +08:00] [WARN] [client.go:705] ["split and scatter region meet error, will retry"] [region_id=18] [error="split region failed: err=message:\"EpochNotMatch current epoch of region 18 is conf_ver: 1 version: 21\" epoch_not_match:<current_regions:<id:18 start_key:\"x\\000\\000\\001t\\200\\000\\000\\377\\000\\000\\000\\000\\\"_r\\200\\377\\000\\000\\000\\000\\000\\000\\001\\000\\377\\000\\000\\000\\000\\000\\000\\000\\000\\367\" end_key:\"x\\000\\000\\002\\000\\000\\000\\000\\373\" region_epoch:<conf_ver:1 version:21 > peers:<id:19 store_id:1 > > > : [BR:Restore:ErrRestoreSplitFailed]fail to split region"] [errorVerbose="[BR:Restore:ErrRestoreSplitFailed]fail to split region\nsplit region failed: err=message:\"EpochNotMatch current epoch of region 18 is conf_ver: 1 version: 21\" epoch_not_match:<current_regions:<id:18 start_key:\"x\\000\\000\\001t\\200\\000\\000\\377\\000\\000\\000\\000\\\"_r\\200\\377\\000\\000\\000\\000\\000\\000\\001\\000\\377\\000\\000\\000\\000\\000\\000\\000\\000\\367\" end_key:\"x\\000\\000\\002\\000\\000\\000\\000\\373\" region_epoch:<conf_ver:1 version:21 > peers:<id:19 store_id:1 > > > \ngithub.com/pingcap/tidb/br/pkg/restore/split.sendSplitRegionRequest\n\t/Users/bba/pc/tidb-ai-critical-scan/br/pkg/restore/split/client.go:468\ngithub.com/pingcap/tidb/br/pkg/restore/split.(*pdClient).sendSplitRegionRequest\n\t/Users/bba/pc/tidb-ai-critical-scan/br/pkg/restore/split/client.go:400\ngithub.com/pingcap/tidb/br/pkg/restore/split.(*pdClient).batchSplitRegionsWithOrigin\n\t/Users/bba/pc/tidb-ai-critical-scan/br/pkg/restore/split/client.go:518\ngithub.com/pingcap/tidb/br/pkg/restore/split.(*pdClient).splitWaitAndMaybeScatter\n\t/Users/bba/pc/tidb-ai-critical-scan/br/pkg/restore/split/client.go:767\ngithub.com/pingcap/tidb/br/pkg/restore/split.(*pdClient).splitKeys.func1.1\n\t/Users/bba/pc/tidb-ai-critical-scan/br/pkg/restore/split/client.go:700\ngithub.com/pingcap/tidb/pkg/util.(*WorkerPool).ApplyOnErrorGroup.func1\n\t/Users/bba/pc/tidb-ai-critical-scan/pkg/util/worker_pool.go:81\ngolang.org/x/sync/errgroup.(*Group).Go.func1\n\t/Users/bba/.gvm/pkgsets/go1.25.1/global/pkg/mod/golang.org/x/sync@v0.22.0/errgroup/errgroup.go:93\nruntime.goexit\n\t/Users/bba/.gvm/pkgsets/go1.25.1/global/pkg/mod/golang.org/toolchain@v0.0.1-go1.25.10.darwin-arm64/src/runtime/asm_arm64.s:1268"]
[2026/07/25 09:32:27.557 +08:00] [INFO] [retry.go:91] ["retryable operation failed"] [category=utils] [sampled=] [error="split region failed: err=message:\"EpochNotMatch current epoch of region 18 is conf_ver: 1 version: 21\" epoch_not_match:<current_regions:<id:18 start_key:\"x\\000\\000\\001t\\200\\000\\000\\377\\000\\000\\000\\000\\\"_r\\200\\377\\000\\000\\000\\000\\000\\000\\001\\000\\377\\000\\000\\000\\000\\000\\000\\000\\000\\367\" end_key:\"x\\000\\000\\002\\000\\000\\000\\000\\373\" region_epoch:<conf_ver:1 version:21 > peers:<id:19 store_id:1 > > > : [BR:Restore:ErrRestoreSplitFailed]fail to split region"] [errorVerbose="[BR:Restore:ErrRestoreSplitFailed]fail to split region\nsplit region failed: err=message:\"EpochNotMatch current epoch of region 18 is conf_ver: 1 version: 21\" epoch_not_match:<current_regions:<id:18 start_key:\"x\\000\\000\\001t\\200\\000\\000\\377\\000\\000\\000\\000\\\"_r\\200\\377\\000\\000\\000\\000\\000\\000\\001\\000\\377\\000\\000\\000\\000\\000\\000\\000\\000\\367\" end_key:\"x\\000\\000\\002\\000\\000\\000\\000\\373\" region_epoch:<conf_ver:1 version:21 > peers:<id:19 store_id:1 > > > \ngithub.com/pingcap/tidb/br/pkg/restore/split.sendSplitRegionRequest\n\t/Users/bba/pc/tidb-ai-critical-scan/br/pkg/restore/split/client.go:468\ngithub.com/pingcap/tidb/br/pkg/restore/split.(*pdClient).sendSplitRegionRequest\n\t/Users/bba/pc/tidb-ai-critical-scan/br/pkg/restore/split/client.go:400\ngithub.com/pingcap/tidb/br/pkg/restore/split.(*pdClient).batchSplitRegionsWithOrigin\n\t/Users/bba/pc/tidb-ai-critical-scan/br/pkg/restore/split/client.go:518\ngithub.com/pingcap/tidb/br/pkg/restore/split.(*pdClient).splitWaitAndMaybeScatter\n\t/Users/bba/pc/tidb-ai-critical-scan/br/pkg/restore/split/client.go:767\ngithub.com/pingcap/tidb/br/pkg/restore/split.(*pdClient).splitKeys.func1.1\n\t/Users/bba/pc/tidb-ai-critical-scan/br/pkg/restore/split/client.go:700\ngithub.com/pingcap/tidb/pkg/util.(*WorkerPool).ApplyOnErrorGroup.func1\n\t/Users/bba/pc/tidb-ai-critical-scan/pkg/util/worker_pool.go:81\ngolang.org/x/sync/errgroup.(*Group).Go.func1\n\t/Users/bba/.gvm/pkgsets/go1.25.1/global/pkg/mod/golang.org/x/sync@v0.22.0/errgroup/errgroup.go:93\nruntime.goexit\n\t/Users/bba/.gvm/pkgsets/go1.25.1/global/pkg/mod/golang.org/toolchain@v0.0.1-go1.25.10.darwin-arm64/src/runtime/asm_arm64.s:1268"] [backoff=100ms]
[2026/07/25 09:32:27.657 +08:00] [INFO] [client.go:684] ["paginate scan regions"] [count=2] [start=7480000000000000225F728000000000000001] [end=7480000000000000225F7280000000000000010000]
[2026/07/25 09:32:27.657 +08:00] [INFO] [localhelper.go:129] ["waiting for scattering regions done"] [task-id=150001] [task-key=keyspace1/ImportInto/150001] [server-id=:4000] [subtaskID=150002] [step=ingest] [regions=0] [take=500ns]
[2026/07/25 09:32:27.657 +08:00] [INFO] [local.go:1172] ["split and scatter ranges completed"] [task-id=150001] [task-key=keyspace1/ImportInto/150001] [server-id=:4000] [subtaskID=150002] [step=ingest] [uuid=external] [takeTime=104.852292ms] []
[2026/07/25 09:32:27.658 +08:00] [INFO] [engine.go:565] ["load ingest data"] [task-id=150001] [task-key=keyspace1/ImportInto/150001] [server-id=:4000] [subtaskID=150002] [step=ingest] ["current batchSize"=1]
[2026/07/25 09:32:27.658 +08:00] [INFO] [util.go:172] ["seek props offsets start"] [task-id=150001] [task-key=keyspace1/ImportInto/150001] [server-id=:4000] [subtaskID=150002] [step=ingest]
[2026/07/25 09:32:27.658 +08:00] [INFO] [util.go:174] ["seek props offsets completed"] [task-id=150001] [task-key=keyspace1/ImportInto/150001] [server-id=:4000] [subtaskID=150002] [step=ingest] [takeTime=505.875µs] []
[2026/07/25 09:32:27.658 +08:00] [INFO] [reader.go:52] ["read all data start"] [task-id=150001] [task-key=keyspace1/ImportInto/150001] [server-id=:4000] [subtaskID=150002] [step=ingest]
[2026/07/25 09:32:27.658 +08:00] [INFO] [reader.go:53] [arguments] [task-id=150001] [task-key=keyspace1/ImportInto/150001] [server-id=:4000] [subtaskID=150002] [step=ingest] [data-file-count=1] [stat-file-count=1] [start-key=780000017480000000000000225f728000000000000001] [end-key=780000017480000000000000225f72800000000000000100]
[2026/07/25 09:32:27.658 +08:00] [INFO] [reader.go:105] ["estimated file size of this range group"] [task-id=150001] [task-key=keyspace1/ImportInto/150001] [server-id=:4000] [subtaskID=150002] [step=ingest] [totalSize=0B]
[2026/07/25 09:32:27.658 +08:00] [INFO] [gcs.go:523] ["resetting gcs storage"] [task-id=150001] [task-key=keyspace1/ImportInto/150001] [server-id=:4000] [subtaskID=150002] [step=ingest]
[2026/07/25 09:32:27.659 +08:00] [INFO] [reader.go:76] ["read all data completed"] [task-id=150001] [task-key=keyspace1/ImportInto/150001] [server-id=:4000] [subtaskID=150002] [step=ingest] [takeTime=515.25µs] []
[2026/07/25 09:32:27.659 +08:00] [INFO] [engine.go:120] ["building memKVsAndBuffers"] [task-id=150001] [task-key=keyspace1/ImportInto/150001] [server-id=:4000] [subtaskID=150002] [step=ingest] [sumKVCnt=1] [droppedSize=0]
[2026/07/25 09:32:27.659 +08:00] [INFO] [engine.go:397] ["load range batch done"] [task-id=150001] [task-key=keyspace1/ImportInto/150001] [server-id=:4000] [subtaskID=150002] [step=ingest] [readDur=554.125µs] [sortDur=250ns] [droppedSize=0] [loadedKVs=1] [loadedSize=42B] [onDup=error] [dupCount=0] [recordedDupCount=0] [totalRecordedDupCount=0] [totalRecordedDupSize=0B] [deduplicateDur=0s]
[2026/07/25 09:32:27.659 +08:00] [INFO] [local.go:1326] ["generate region jobs"] [task-id=150001] [task-key=keyspace1/ImportInto/150001] [server-id=:4000] [subtaskID=150002] [step=ingest] [len(jobs)=1] [startOfAllRanges=780000017480000000000000225f728000000000000001] [endOfAllRanges=780000017480000000000000225f72800000000000000100] [startKeyOfFirstRegion=7800000174800000ff00000000225f7280ff0000000000000100fe] [endKeyOfLastRegion=7800000174800000ff00000000225f7280ff0000000000000100ff0000000000000000f7]
[2026/07/25 09:32:27.668 +08:00] [WARN] [job_worker.go:246] ["meet retryable error when ingesting, will handle the job later"] [task-id=150001] [task-key=keyspace1/ImportInto/150001] [server-id=:4000] [subtaskID=150002] [step=ingest] [error="[Ingest:ServerIsBusy](ingest SST ID 467912052034240570)"] ["job stage"=wrote] [region="{ID=62,startKey=7800000174800000FF00000000225F7280FF0000000000000100FE,endKey=7800000174800000FF00000000225F7280FF0000000000000100FF0000000000000000F7,epoch=\"conf_ver:1 version:21 \",peers=\"id:63 store_id:1 \"}"] [start=780000017480000000000000225F728000000000000001] [end=780000017480000000000000225F72800000000000000100]
[2026/07/25 09:32:27.668 +08:00] [INFO] [region_job.go:1000] ["put job back to jobCh to retry later"] [task-id=150001] [task-key=keyspace1/ImportInto/150001] [server-id=:4000] [subtaskID=150002] [step=ingest] [startKey=780000017480000000000000225F728000000000000001] [endKey=780000017480000000000000225F72800000000000000100] [stage=wrote] [retryCount=1] [waitUntil=2026/07/25 09:32:29.668 +08:00] [error="[Ingest:ServerIsBusy](ingest SST ID 467912052034240570)"]
[2026/07/25 09:32:28.258 +08:00] [WARN] [nodes.go:87] ["generate task executor nodes met error"] [category=dxf] [sampled=] [server-id=:4000] [error="not found instance"]
[2026/07/25 09:32:29.254 +08:00] [INFO] [read.go:639] ["Table statistics item not found, possibly due to table being dropped"] [category=stats] [sampled=] [tableID=281474976710609] [columnID=2]
[2026/07/25 09:32:29.258 +08:00] [WARN] [nodes.go:87] ["generate task executor nodes met error"] [category=dxf] [sampled=] [server-id=:4000] [error="not found instance"]
[2026/07/25 09:32:29.681 +08:00] [INFO] [local.go:1529] ["import engine success"] [task-id=150001] [task-key=keyspace1/ImportInto/150001] [server-id=:4000] [subtaskID=150002] [step=ingest] [uuid=ae4ee1e5-df87-559d-bc38-50b8cbdfafc9] [size=107374182400] [kvs=0] [importedSize=42] [importedCount=1]
[2026/07/25 09:32:29.683 +08:00] [INFO] [task_executor.go:729] ["run subtask completed"] [task-id=150001] [task-key=keyspace1/ImportInto/150001] [step=ingest] [subtask-id=150002] [kv-group=data] [obj-store-access="{requests: {get: 5, put: 0}, traffic: {r: 700, w: 0}}"] [takeTime=2.161072167s] []
[2026/07/25 09:32:29.686 +08:00] [INFO] [task_executor.go:526] ["run subtask completed"] [task-id=150001] [task-key=keyspace1/ImportInto/150001] [server-id=:4000] [subtaskID=150002] [step=ingest] [takeTime=2.165408542s] []
[2026/07/25 09:32:29.698 +08:00] [INFO] [task_executor.go:497] ["run subtask start"] [task-id=150001] [task-key=keyspace1/ImportInto/150001] [server-id=:4000] [subtaskID=150003] [step=ingest]
[2026/07/25 09:32:29.698 +08:00] [INFO] [gcs.go:523] ["resetting gcs storage"] [task-id=150001] [task-key=keyspace1/ImportInto/150001] [server-id=:4000] [subtaskID=150003] [step=ingest]
[2026/07/25 09:32:29.699 +08:00] [INFO] [task_executor.go:727] ["run subtask start"] [task-id=150001] [task-key=keyspace1/ImportInto/150001] [step=ingest] [subtask-id=150003] [kv-group=1]
[2026/07/25 09:32:29.699 +08:00] [INFO] [engine.go:213] ["create external engine"] [task-id=150001] [task-key=keyspace1/ImportInto/150001] [server-id=:4000] [subtaskID=150003] [step=ingest] [memLimitForLoadRange=1.187GiB] [dataFileCount=1] [jobKeysCount=2] [splitKeysCount=2]
[2026/07/25 09:32:29.699 +08:00] [INFO] [local.go:1110] ["split engine key ranges"] [task-id=150001] [task-key=keyspace1/ImportInto/150001] [server-id=:4000] [subtaskID=150003] [step=ingest] [engine=external] [totalSize=107374182400] [totalCount=0] [startKey=780000017480000000000000225F698000000000000001038000000000000064] [endKey=780000017480000000000000225F69800000000000000103800000000000006400] [len(keys)=2] []
[2026/07/25 09:32:29.699 +08:00] [INFO] [local.go:1469] ["pause pd scheduler of table scope"] [task-id=150001] [task-key=keyspace1/ImportInto/150001] [server-id=:4000] [subtaskID=150003] [step=ingest]
[2026/07/25 09:32:29.721 +08:00] [INFO] [local.go:1510] ["start import engine"] [task-id=150001] [task-key=keyspace1/ImportInto/150001] [server-id=:4000] [subtaskID=150003] [step=ingest] [uuid=d69a6b89-e777-5780-bd3d-2b2b9c69589f] ["region ranges"=1] [count=0] [size=107374182400] [maxReqInFlight=0] [maxReqPerSec=0]
[2026/07/25 09:32:29.721 +08:00] [INFO] [local.go:1132] ["import engine ranges"] [task-id=150001] [task-key=keyspace1/ImportInto/150001] [server-id=:4000] [subtaskID=150003] [step=ingest] [len(regionSplitKeys)=2] [splitRangesBatch=2048] [splitRangePerSec=0]
[2026/07/25 09:32:29.721 +08:00] [INFO] [local.go:1147] ["split and scatter ranges start"] [task-id=150001] [task-key=keyspace1/ImportInto/150001] [server-id=:4000] [subtaskID=150003] [step=ingest] [uuid=external]
[2026/07/25 09:32:29.722 +08:00] [INFO] [client.go:684] ["paginate scan regions"] [count=1] [start=7480000000000000225F698000000000000001038000000000000064] [end=7480000000000000225F6980000000000000010380000000000000640000]
[2026/07/25 09:32:29.725 +08:00] [INFO] [client.go:239] ["scatter regions"] [regions=2]
[2026/07/25 09:32:29.727 +08:00] [INFO] [localhelper.go:129] ["waiting for scattering regions done"] [task-id=150001] [task-key=keyspace1/ImportInto/150001] [server-id=:4000] [subtaskID=150003] [step=ingest] [regions=2] [take=980.042µs]
[2026/07/25 09:32:29.727 +08:00] [INFO] [local.go:1172] ["split and scatter ranges completed"] [task-id=150001] [task-key=keyspace1/ImportInto/150001] [server-id=:4000] [subtaskID=150003] [step=ingest] [uuid=external] [takeTime=5.912625ms] []
[2026/07/25 09:32:29.727 +08:00] [INFO] [engine.go:565] ["load ingest data"] [task-id=150001] [task-key=keyspace1/ImportInto/150001] [server-id=:4000] [subtaskID=150003] [step=ingest] ["current batchSize"=1]
[2026/07/25 09:32:29.727 +08:00] [INFO] [util.go:172] ["seek props offsets start"] [task-id=150001] [task-key=keyspace1/ImportInto/150001] [server-id=:4000] [subtaskID=150003] [step=ingest]
[2026/07/25 09:32:29.728 +08:00] [INFO] [util.go:174] ["seek props offsets completed"] [task-id=150001] [task-key=keyspace1/ImportInto/150001] [server-id=:4000] [subtaskID=150003] [step=ingest] [takeTime=841.5µs] []
[2026/07/25 09:32:29.728 +08:00] [INFO] [reader.go:52] ["read all data start"] [task-id=150001] [task-key=keyspace1/ImportInto/150001] [server-id=:4000] [subtaskID=150003] [step=ingest]
[2026/07/25 09:32:29.728 +08:00] [INFO] [reader.go:53] [arguments] [task-id=150001] [task-key=keyspace1/ImportInto/150001] [server-id=:4000] [subtaskID=150003] [step=ingest] [data-file-count=1] [stat-file-count=1] [start-key=780000017480000000000000225f698000000000000001038000000000000064] [end-key=780000017480000000000000225f69800000000000000103800000000000006400]
[2026/07/25 09:32:29.728 +08:00] [INFO] [reader.go:105] ["estimated file size of this range group"] [task-id=150001] [task-key=keyspace1/ImportInto/150001] [server-id=:4000] [subtaskID=150003] [step=ingest] [totalSize=0B]
[2026/07/25 09:32:29.729 +08:00] [INFO] [gcs.go:523] ["resetting gcs storage"] [task-id=150001] [task-key=keyspace1/ImportInto/150001] [server-id=:4000] [subtaskID=150003] [step=ingest]
[2026/07/25 09:32:29.729 +08:00] [INFO] [reader.go:76] ["read all data completed"] [task-id=150001] [task-key=keyspace1/ImportInto/150001] [server-id=:4000] [subtaskID=150003] [step=ingest] [takeTime=849.667µs] []
[2026/07/25 09:32:29.729 +08:00] [INFO] [engine.go:120] ["building memKVsAndBuffers"] [task-id=150001] [task-key=keyspace1/ImportInto/150001] [server-id=:4000] [subtaskID=150003] [step=ingest] [sumKVCnt=1] [droppedSize=0]
[2026/07/25 09:32:29.729 +08:00] [INFO] [engine.go:397] ["load range batch done"] [task-id=150001] [task-key=keyspace1/ImportInto/150001] [server-id=:4000] [subtaskID=150003] [step=ingest] [readDur=874.916µs] [sortDur=292ns] [droppedSize=0] [loadedKVs=1] [loadedSize=40B] [onDup=error] [dupCount=0] [recordedDupCount=0] [totalRecordedDupCount=0] [totalRecordedDupSize=0B] [deduplicateDur=0s]
[2026/07/25 09:32:29.729 +08:00] [INFO] [local.go:1326] ["generate region jobs"] [task-id=150001] [task-key=keyspace1/ImportInto/150001] [server-id=:4000] [subtaskID=150003] [step=ingest] [len(jobs)=1] [startOfAllRanges=780000017480000000000000225f698000000000000001038000000000000064] [endOfAllRanges=780000017480000000000000225f69800000000000000103800000000000006400] [startKeyOfFirstRegion=7800000174800000ff00000000225f6980ff0000000000000103ff8000000000000064ff0000000000000000f7] [endKeyOfLastRegion=7800000174800000ff00000000225f6980ff0000000000000103ff8000000000000064ff0000000000000000f8]
[2026/07/25 09:32:29.745 +08:00] [INFO] [local.go:1529] ["import engine success"] [task-id=150001] [task-key=keyspace1/ImportInto/150001] [server-id=:4000] [subtaskID=150003] [step=ingest] [uuid=d69a6b89-e777-5780-bd3d-2b2b9c69589f] [size=107374182400] [kvs=0] [importedSize=40] [importedCount=1]
[2026/07/25 09:32:29.746 +08:00] [INFO] [task_executor.go:729] ["run subtask completed"] [task-id=150001] [task-key=keyspace1/ImportInto/150001] [step=ingest] [subtask-id=150003] [kv-group=1] [obj-store-access="{requests: {get: 5, put: 0}, traffic: {r: 794, w: 0}}"] [takeTime=47.207917ms] []
[2026/07/25 09:32:29.749 +08:00] [INFO] [task_executor.go:526] ["run subtask completed"] [task-id=150001] [task-key=keyspace1/ImportInto/150001] [server-id=:4000] [subtaskID=150003] [step=ingest] [takeTime=50.881708ms] []
[2026/07/25 09:32:29.795 +08:00] [INFO] [scheduler.go:556] ["switch to next step"] [task-id=150001] [task-key=keyspace1/ImportInto/150001] [server-id=:4000] [current-step=ingest] [next-step=collect-conflicts] [required-slots=1] [runtime-slots=1]
[2026/07/25 09:32:29.795 +08:00] [INFO] [scheduler.go:590] ["eligible instances"] [task-id=150001] [task-key=keyspace1/ImportInto/150001] [server-id=:4000] [num=1]
[2026/07/25 09:32:29.795 +08:00] [INFO] [scheduler.go:413] ["on next subtasks batch"] [task-id=150001] [task-key=keyspace1/ImportInto/150001] [server-id=:4000] [curr-step=ingest] [next-step=collect-conflicts] [node-count=1] [db-name=ai_native_import_dml] [table-name=t] [db-id=32] [table-id=34]
[2026/07/25 09:32:29.804 +08:00] [INFO] [gcs.go:523] ["resetting gcs storage"] [task-id=150001] [task-key=keyspace1/ImportInto/150001] [server-id=:4000]
[2026/07/25 09:32:29.804 +08:00] [INFO] [gcs.go:523] ["resetting gcs storage"] [task-id=150001] [task-key=keyspace1/ImportInto/150001] [server-id=:4000]
[2026/07/25 09:32:29.804 +08:00] [INFO] [scheduler.go:547] ["generate subtasks"] [task-id=150001] [task-key=keyspace1/ImportInto/150001] [server-id=:4000] [curr-step=ingest] [next-step=collect-conflicts] [node-count=1] [db-name=ai_native_import_dml] [table-name=t] [db-id=32] [table-id=34] [subtask-count=0]
[2026/07/25 09:32:29.804 +08:00] [INFO] [scheduler.go:616] ["schedule subtasks"] [task-id=150001] [task-key=keyspace1/ImportInto/150001] [server-id=:4000] [state=running] [step=collect-conflicts] [requiredSlots=1] [subtasks=0]
[2026/07/25 09:32:30.258 +08:00] [WARN] [nodes.go:87] ["generate task executor nodes met error"] [category=dxf] [sampled=] [server-id=:4000] [error="not found instance"]
[2026/07/25 09:32:30.295 +08:00] [INFO] [scheduler.go:556] ["switch to next step"] [task-id=150001] [task-key=keyspace1/ImportInto/150001] [server-id=:4000] [current-step=collect-conflicts] [next-step=conflict-resolution] [required-slots=1] [runtime-slots=1]
[2026/07/25 09:32:30.295 +08:00] [INFO] [scheduler.go:590] ["eligible instances"] [task-id=150001] [task-key=keyspace1/ImportInto/150001] [server-id=:4000] [num=1]
[2026/07/25 09:32:30.295 +08:00] [INFO] [scheduler.go:413] ["on next subtasks batch"] [task-id=150001] [task-key=keyspace1/ImportInto/150001] [server-id=:4000] [curr-step=collect-conflicts] [next-step=conflict-resolution] [node-count=1] [db-name=ai_native_import_dml] [table-name=t] [db-id=32] [table-id=34]
[2026/07/25 09:32:30.309 +08:00] [INFO] [gcs.go:523] ["resetting gcs storage"] [task-id=150001] [task-key=keyspace1/ImportInto/150001] [server-id=:4000]
[2026/07/25 09:32:30.309 +08:00] [INFO] [gcs.go:523] ["resetting gcs storage"] [task-id=150001] [task-key=keyspace1/ImportInto/150001] [server-id=:4000]
[2026/07/25 09:32:30.309 +08:00] [INFO] [scheduler.go:547] ["generate subtasks"] [task-id=150001] [task-key=keyspace1/ImportInto/150001] [server-id=:4000] [curr-step=collect-conflicts] [next-step=conflict-resolution] [node-count=1] [db-name=ai_native_import_dml] [table-name=t] [db-id=32] [table-id=34] [subtask-count=0]
[2026/07/25 09:32:30.309 +08:00] [INFO] [scheduler.go:616] ["schedule subtasks"] [task-id=150001] [task-key=keyspace1/ImportInto/150001] [server-id=:4000] [state=running] [step=conflict-resolution] [requiredSlots=1] [subtasks=0]
[2026/07/25 09:32:30.795 +08:00] [INFO] [scheduler.go:556] ["switch to next step"] [task-id=150001] [task-key=keyspace1/ImportInto/150001] [server-id=:4000] [current-step=conflict-resolution] [next-step=post-process] [required-slots=1] [runtime-slots=1]
[2026/07/25 09:32:30.795 +08:00] [INFO] [scheduler.go:590] ["eligible instances"] [task-id=150001] [task-key=keyspace1/ImportInto/150001] [server-id=:4000] [num=1]
[2026/07/25 09:32:30.795 +08:00] [INFO] [scheduler.go:413] ["on next subtasks batch"] [task-id=150001] [task-key=keyspace1/ImportInto/150001] [server-id=:4000] [curr-step=conflict-resolution] [next-step=post-process] [node-count=1] [db-name=ai_native_import_dml] [table-name=t] [db-id=32] [table-id=34]
[2026/07/25 09:32:30.807 +08:00] [INFO] [scheduler.go:513] ["move to post-process step"] [task-id=150001] [task-key=keyspace1/ImportInto/150001] [server-id=:4000] [curr-step=conflict-resolution] [next-step=post-process] [node-count=1] [db-name=ai_native_import_dml] [table-name=t] [db-id=32] [table-id=34] [result="{\"encode-summary\":{\"input-bytes\":13,\"input-rows\":4},\"merge-summary\":{},\"ingest-summary\":{\"input-bytes\":82,\"input-rows\":1},\"collect-conflicts-summary\":{},\"resolve-conflicts-summary\":{}}"]
[2026/07/25 09:32:30.809 +08:00] [INFO] [scheduler.go:547] ["generate subtasks"] [task-id=150001] [task-key=keyspace1/ImportInto/150001] [server-id=:4000] [curr-step=conflict-resolution] [next-step=post-process] [node-count=1] [db-name=ai_native_import_dml] [table-name=t] [db-id=32] [table-id=34] [subtask-count=1]
[2026/07/25 09:32:30.809 +08:00] [INFO] [scheduler.go:616] ["schedule subtasks"] [task-id=150001] [task-key=keyspace1/ImportInto/150001] [server-id=:4000] [state=running] [step=post-process] [requiredSlots=1] [subtasks=1]
[2026/07/25 09:32:31.258 +08:00] [WARN] [nodes.go:87] ["generate task executor nodes met error"] [category=dxf] [sampled=] [server-id=:4000] [error="not found instance"]
[2026/07/25 09:32:31.864 +08:00] [INFO] [task_executor.go:317] ["task meta modification applied"] [task-id=150001] [task-key=keyspace1/ImportInto/150001] [server-id=:4000] [oldStep=conflict-resolution] [newStep=post-process]
[2026/07/25 09:32:31.868 +08:00] [INFO] [task_executor.go:829] ["cleanup subtask env"] [task-id=150001] [task-key=keyspace1/ImportInto/150001] [step=ingest]
[2026/07/25 09:32:31.869 +08:00] [INFO] [client.go:356] ["[pd] http client closed"] [source=lightning]
[2026/07/25 09:32:31.869 +08:00] [INFO] [task_executor.go:461] ["execute task step completed"] [task-id=150001] [task-key=keyspace1/ImportInto/150001] [server-id=:4000] [step=ingest] [mem-limit-percent=0.7] [server-mem-limit=80%] [resource="[CPU=1, Mem=2.571GiB]"] [takeTime=4.351810542s] []
[2026/07/25 09:32:31.869 +08:00] [INFO] [task_executor.go:926] ["got indices that generate kv"] [task-id=150001] [task-key=keyspace1/ImportInto/150001] [step=post-process] [indices="{\"1\":{\"Unique\":true}}"]
[2026/07/25 09:32:31.869 +08:00] [INFO] [task_executor.go:434] ["execute task step start"] [task-id=150001] [task-key=keyspace1/ImportInto/150001] [server-id=:4000] [step=post-process] [mem-limit-percent=0.7] [server-mem-limit=80%] [resource="[CPU=1, Mem=2.571GiB]"]
[2026/07/25 09:32:31.877 +08:00] [INFO] [task_executor.go:497] ["run subtask start"] [task-id=150001] [task-key=keyspace1/ImportInto/150001] [server-id=:4000] [subtaskID=150004] [step=post-process]
[2026/07/25 09:32:31.877 +08:00] [INFO] [task_executor.go:867] ["run subtask start"] [task-id=150001] [task-key=keyspace1/ImportInto/150001] [step=post-process] [subtask-id=150004]
[2026/07/25 09:32:31.877 +08:00] [INFO] [subtask_executor.go:115] ["post process start"] [task-id=150001] [task-key=keyspace1/ImportInto/150001] [step=post-process] [subtask-id=150004]
[2026/07/25 09:32:31.877 +08:00] [INFO] [table_import.go:887] ["rebase allocators start"] [task-id=150001] [task-key=keyspace1/ImportInto/150001] [step=post-process] [subtask-id=150004] [maxIDs={}]
[2026/07/25 09:32:31.877 +08:00] [INFO] [table_import.go:889] ["rebase allocators completed"] [task-id=150001] [task-key=keyspace1/ImportInto/150001] [step=post-process] [subtask-id=150004] [maxIDs={}] [takeTime=875ns] []
[2026/07/25 09:32:31.877 +08:00] [INFO] [subtask_executor.go:127] ["kv group checksum"] [task-id=150001] [task-key=keyspace1/ImportInto/150001] [step=post-process] [subtask-id=150004] [groupId=-1] [size=42] [kvs=1] [checksum=6371824381959168427]
[2026/07/25 09:32:31.877 +08:00] [INFO] [subtask_executor.go:127] ["kv group checksum"] [task-id=150001] [task-key=keyspace1/ImportInto/150001] [step=post-process] [subtask-id=150004] [groupId=1] [size=40] [kvs=1] [checksum=17364167588929066649]
[2026/07/25 09:32:31.877 +08:00] [INFO] [subtask_executor.go:140] ["checksum info"] [task-id=150001] [task-key=keyspace1/ImportInto/150001] [step=post-process] [subtask-id=150004] [encodeStepSum="{\"checksum\":12147526407046477618,\"size\":82,\"kvs\":2}"] [deletedRowsSum="{\"checksum\":0,\"size\":0,\"kvs\":0}"] [final="{\"checksum\":12147526407046477618,\"size\":82,\"kvs\":2}"]
[2026/07/25 09:32:31.877 +08:00] [INFO] [table_import.go:937] ["local checksum"] [task-id=150001] [task-key=keyspace1/ImportInto/150001] [step=post-process] [subtask-id=150004] [checksum="{cksum=12147526407046477618,size=82,kvs=2}"]
[2026/07/25 09:32:31.883 +08:00] [INFO] [checksum.go:336] ["checksum table"] [task-id=150001] [task-key=keyspace1/ImportInto/150001] [step=post-process] [subtask-id=150004] [db=ai_native_import_dml] [table=t] [distSQLConcurrency=15] [backoffWeight=30]
[2026/07/25 09:32:31.891 +08:00] [ERROR] [subtask_executor.go:117] ["post process failed"] [task-id=150001] [task-key=keyspace1/ImportInto/150001] [step=post-process] [subtask-id=150004] [takeTime=13.754375ms] [error="[Lighting:Restore:ErrChecksumMismatch]checksum mismatched remote vs local => (checksum: 17069480852515675753 vs 12147526407046477618) (total_kvs: 3 vs 2) (total_bytes:122 vs 82)"] [stack="github.com/pingcap/tidb/pkg/dxf/importinto.(*postProcessStepExecutor).postProcess.func1\n\t/Users/bba/pc/tidb-ai-critical-scan/pkg/dxf/importinto/subtask_executor.go:117\ngithub.com/pingcap/tidb/pkg/dxf/importinto.(*postProcessStepExecutor).postProcess\n\t/Users/bba/pc/tidb-ai-critical-scan/pkg/dxf/importinto/subtask_executor.go:174\ngithub.com/pingcap/tidb/pkg/dxf/importinto.(*postProcessStepExecutor).RunSubtask\n\t/Users/bba/pc/tidb-ai-critical-scan/pkg/dxf/importinto/task_executor.go:878\ngithub.com/pingcap/tidb/pkg/dxf/framework/taskexecutor.(*BaseTaskExecutor).runSubtask.func1\n\t/Users/bba/pc/tidb-ai-critical-scan/pkg/dxf/framework/taskexecutor/task_executor.go:522\ngithub.com/pingcap/tidb/pkg/dxf/framework/taskexecutor.(*BaseTaskExecutor).runSubtask\n\t/Users/bba/pc/tidb-ai-critical-scan/pkg/dxf/framework/taskexecutor/task_executor.go:523\ngithub.com/pingcap/tidb/pkg/dxf/framework/taskexecutor.(*BaseTaskExecutor).Run\n\t/Users/bba/pc/tidb-ai-critical-scan/pkg/dxf/framework/taskexecutor/task_executor.go:390\ngithub.com/pingcap/tidb/pkg/dxf/framework/taskexecutor.(*Manager).startTaskExecutor.func2\n\t/Users/bba/pc/tidb-ai-critical-scan/pkg/dxf/framework/taskexecutor/manager.go:376\ngithub.com/pingcap/tidb/pkg/util.(*WaitGroupWrapper).RunWithLog.func1\n\t/Users/bba/pc/tidb-ai-critical-scan/pkg/util/wait_group_wrapper.go:181"]
[2026/07/25 09:32:31.891 +08:00] [ERROR] [task_executor.go:869] ["run subtask failed"] [task-id=150001] [task-key=keyspace1/ImportInto/150001] [step=post-process] [subtask-id=150004] [takeTime=13.895167ms] [error="[Lighting:Restore:ErrChecksumMismatch]checksum mismatched remote vs local => (checksum: 17069480852515675753 vs 12147526407046477618) (total_kvs: 3 vs 2) (total_bytes:122 vs 82)"] [stack="github.com/pingcap/tidb/pkg/dxf/importinto.(*postProcessStepExecutor).RunSubtask.func1\n\t/Users/bba/pc/tidb-ai-critical-scan/pkg/dxf/importinto/task_executor.go:869\ngithub.com/pingcap/tidb/pkg/dxf/importinto.(*postProcessStepExecutor).RunSubtask\n\t/Users/bba/pc/tidb-ai-critical-scan/pkg/dxf/importinto/task_executor.go:878\ngithub.com/pingcap/tidb/pkg/dxf/framework/taskexecutor.(*BaseTaskExecutor).runSubtask.func1\n\t/Users/bba/pc/tidb-ai-critical-scan/pkg/dxf/framework/taskexecutor/task_executor.go:522\ngithub.com/pingcap/tidb/pkg/dxf/framework/taskexecutor.(*BaseTaskExecutor).runSubtask\n\t/Users/bba/pc/tidb-ai-critical-scan/pkg/dxf/framework/taskexecutor/task_executor.go:523\ngithub.com/pingcap/tidb/pkg/dxf/framework/taskexecutor.(*BaseTaskExecutor).Run\n\t/Users/bba/pc/tidb-ai-critical-scan/pkg/dxf/framework/taskexecutor/task_executor.go:390\ngithub.com/pingcap/tidb/pkg/dxf/framework/taskexecutor.(*Manager).startTaskExecutor.func2\n\t/Users/bba/pc/tidb-ai-critical-scan/pkg/dxf/framework/taskexecutor/manager.go:376\ngithub.com/pingcap/tidb/pkg/util.(*WaitGroupWrapper).RunWithLog.func1\n\t/Users/bba/pc/tidb-ai-critical-scan/pkg/util/wait_group_wrapper.go:181"]
[2026/07/25 09:32:31.891 +08:00] [INFO] [task_executor.go:526] ["run subtask failed"] [task-id=150001] [task-key=keyspace1/ImportInto/150001] [server-id=:4000] [subtaskID=150004] [step=post-process] [takeTime=13.950708ms] [error="[Lighting:Restore:ErrChecksumMismatch]checksum mismatched remote vs local => (checksum: 17069480852515675753 vs 12147526407046477618) (total_kvs: 3 vs 2) (total_bytes:122 vs 82)"] [errorVerbose="[Lighting:Restore:ErrChecksumMismatch]checksum mismatched remote vs local => (checksum: 17069480852515675753 vs 12147526407046477618) (total_kvs: 3 vs 2) (total_bytes:122 vs 82)\ngithub.com/pingcap/errors.(*Error).GenWithStackByArgs\n\t/Users/bba/.gvm/pkgsets/go1.25.1/global/pkg/mod/github.com/pingcap/errors@v0.11.5-0.20260508054701-306e305bcf41/normalize.go:225\ngithub.com/pingcap/tidb/pkg/executor/importer.VerifyChecksum\n\t/Users/bba/pc/tidb-ai-critical-scan/pkg/executor/importer/table_import.go:955\ngithub.com/pingcap/tidb/pkg/dxf/importinto.(*postProcessStepExecutor).postProcess\n\t/Users/bba/pc/tidb-ai-critical-scan/pkg/dxf/importinto/subtask_executor.go:154\ngithub.com/pingcap/tidb/pkg/dxf/importinto.(*postProcessStepExecutor).RunSubtask\n\t/Users/bba/pc/tidb-ai-critical-scan/pkg/dxf/importinto/task_executor.go:878\ngithub.com/pingcap/tidb/pkg/dxf/framework/taskexecutor.(*BaseTaskExecutor).runSubtask.func1\n\t/Users/bba/pc/tidb-ai-critical-scan/pkg/dxf/framework/taskexecutor/task_executor.go:522\ngithub.com/pingcap/tidb/pkg/dxf/framework/taskexecutor.(*BaseTaskExecutor).runSubtask\n\t/Users/bba/pc/tidb-ai-critical-scan/pkg/dxf/framework/taskexecutor/task_executor.go:523\ngithub.com/pingcap/tidb/pkg/dxf/framework/taskexecutor.(*BaseTaskExecutor).Run\n\t/Users/bba/pc/tidb-ai-critical-scan/pkg/dxf/framework/taskexecutor/task_executor.go:390\ngithub.com/pingcap/tidb/pkg/dxf/framework/taskexecutor.(*Manager).startTaskExecutor.func2\n\t/Users/bba/pc/tidb-ai-critical-scan/pkg/dxf/framework/taskexecutor/manager.go:376\ngithub.com/pingcap/tidb/pkg/util.(*WaitGroupWrapper).RunWithLog.func1\n\t/Users/bba/pc/tidb-ai-critical-scan/pkg/util/wait_group_wrapper.go:181\nruntime.goexit\n\t/Users/bba/.gvm/pkgsets/go1.25.1/global/pkg/mod/golang.org/toolchain@v0.0.1-go1.25.10.darwin-arm64/src/runtime/asm_arm64.s:1268"]
[2026/07/25 09:32:31.891 +08:00] [INFO] [retry.go:80] ["meet un-retryable error"] [error="[Lighting:Restore:ErrChecksumMismatch]checksum mismatched remote vs local => (checksum: 17069480852515675753 vs 12147526407046477618) (total_kvs: 3 vs 2) (total_bytes:122 vs 82)"] [errorVerbose="[Lighting:Restore:ErrChecksumMismatch]checksum mismatched remote vs local => (checksum: 17069480852515675753 vs 12147526407046477618) (total_kvs: 3 vs 2) (total_bytes:122 vs 82)\ngithub.com/pingcap/errors.(*Error).GenWithStackByArgs\n\t/Users/bba/.gvm/pkgsets/go1.25.1/global/pkg/mod/github.com/pingcap/errors@v0.11.5-0.20260508054701-306e305bcf41/normalize.go:225\ngithub.com/pingcap/tidb/pkg/executor/importer.VerifyChecksum\n\t/Users/bba/pc/tidb-ai-critical-scan/pkg/executor/importer/table_import.go:955\ngithub.com/pingcap/tidb/pkg/dxf/importinto.(*postProcessStepExecutor).postProcess\n\t/Users/bba/pc/tidb-ai-critical-scan/pkg/dxf/importinto/subtask_executor.go:154\ngithub.com/pingcap/tidb/pkg/dxf/importinto.(*postProcessStepExecutor).RunSubtask\n\t/Users/bba/pc/tidb-ai-critical-scan/pkg/dxf/importinto/task_executor.go:878\ngithub.com/pingcap/tidb/pkg/dxf/framework/taskexecutor.(*BaseTaskExecutor).runSubtask.func1\n\t/Users/bba/pc/tidb-ai-critical-scan/pkg/dxf/framework/taskexecutor/task_executor.go:522\ngithub.com/pingcap/tidb/pkg/dxf/framework/taskexecutor.(*BaseTaskExecutor).runSubtask\n\t/Users/bba/pc/tidb-ai-critical-scan/pkg/dxf/framework/taskexecutor/task_executor.go:523\ngithub.com/pingcap/tidb/pkg/dxf/framework/taskexecutor.(*BaseTaskExecutor).Run\n\t/Users/bba/pc/tidb-ai-critical-scan/pkg/dxf/framework/taskexecutor/task_executor.go:390\ngithub.com/pingcap/tidb/pkg/dxf/framework/taskexecutor.(*Manager).startTaskExecutor.func2\n\t/Users/bba/pc/tidb-ai-critical-scan/pkg/dxf/framework/taskexecutor/manager.go:376\ngithub.com/pingcap/tidb/pkg/util.(*WaitGroupWrapper).RunWithLog.func1\n\t/Users/bba/pc/tidb-ai-critical-scan/pkg/util/wait_group_wrapper.go:181\nruntime.goexit\n\t/Users/bba/.gvm/pkgsets/go1.25.1/global/pkg/mod/golang.org/toolchain@v0.0.1-go1.25.10.darwin-arm64/src/runtime/asm_arm64.s:1268"] [info="type: *errors.withStack, value: [Lighting:Restore:ErrChecksumMismatch]checksum mismatched remote vs local => (checksum: 17069480852515675753 vs 12147526407046477618) (total_kvs: 3 vs 2) (total_bytes:122 vs 82)"]
[2026/07/25 09:32:31.891 +08:00] [WARN] [task_executor.go:773] ["subtask failed"] [task-id=150001] [task-key=keyspace1/ImportInto/150001] [server-id=:4000] [error="[Lighting:Restore:ErrChecksumMismatch]checksum mismatched remote vs local => (checksum: 17069480852515675753 vs 12147526407046477618) (total_kvs: 3 vs 2) (total_bytes:122 vs 82)"] [errorVerbose="[Lighting:Restore:ErrChecksumMismatch]checksum mismatched remote vs local => (checksum: 17069480852515675753 vs 12147526407046477618) (total_kvs: 3 vs 2) (total_bytes:122 vs 82)\ngithub.com/pingcap/errors.(*Error).GenWithStackByArgs\n\t/Users/bba/.gvm/pkgsets/go1.25.1/global/pkg/mod/github.com/pingcap/errors@v0.11.5-0.20260508054701-306e305bcf41/normalize.go:225\ngithub.com/pingcap/tidb/pkg/executor/importer.VerifyChecksum\n\t/Users/bba/pc/tidb-ai-critical-scan/pkg/executor/importer/table_import.go:955\ngithub.com/pingcap/tidb/pkg/dxf/importinto.(*postProcessStepExecutor).postProcess\n\t/Users/bba/pc/tidb-ai-critical-scan/pkg/dxf/importinto/subtask_executor.go:154\ngithub.com/pingcap/tidb/pkg/dxf/importinto.(*postProcessStepExecutor).RunSubtask\n\t/Users/bba/pc/tidb-ai-critical-scan/pkg/dxf/importinto/task_executor.go:878\ngithub.com/pingcap/tidb/pkg/dxf/framework/taskexecutor.(*BaseTaskExecutor).runSubtask.func1\n\t/Users/bba/pc/tidb-ai-critical-scan/pkg/dxf/framework/taskexecutor/task_executor.go:522\ngithub.com/pingcap/tidb/pkg/dxf/framework/taskexecutor.(*BaseTaskExecutor).runSubtask\n\t/Users/bba/pc/tidb-ai-critical-scan/pkg/dxf/framework/taskexecutor/task_executor.go:523\ngithub.com/pingcap/tidb/pkg/dxf/framework/taskexecutor.(*BaseTaskExecutor).Run\n\t/Users/bba/pc/tidb-ai-critical-scan/pkg/dxf/framework/taskexecutor/task_executor.go:390\ngithub.com/pingcap/tidb/pkg/dxf/framework/taskexecutor.(*Manager).startTaskExecutor.func2\n\t/Users/bba/pc/tidb-ai-critical-scan/pkg/dxf/framework/taskexecutor/manager.go:376\ngithub.com/pingcap/tidb/pkg/util.(*WaitGroupWrapper).RunWithLog.func1\n\t/Users/bba/pc/tidb-ai-critical-scan/pkg/util/wait_group_wrapper.go:181\nruntime.goexit\n\t/Users/bba/.gvm/pkgsets/go1.25.1/global/pkg/mod/golang.org/toolchain@v0.0.1-go1.25.10.darwin-arm64/src/runtime/asm_arm64.s:1268"]
[2026/07/25 09:32:31.895 +08:00] [ERROR] [task_executor.go:400] ["run subtask failed"] [category=dxf] [task-id=150001] [task-key=keyspace1/ImportInto/150001] [sampled=] [server-id=:4000] [error="[Lighting:Restore:ErrChecksumMismatch]checksum mismatched remote vs local => (checksum: 17069480852515675753 vs 12147526407046477618) (total_kvs: 3 vs 2) (total_bytes:122 vs 82)"] [errorVerbose="[Lighting:Restore:ErrChecksumMismatch]checksum mismatched remote vs local => (checksum: 17069480852515675753 vs 12147526407046477618) (total_kvs: 3 vs 2) (total_bytes:122 vs 82)\ngithub.com/pingcap/errors.(*Error).GenWithStackByArgs\n\t/Users/bba/.gvm/pkgsets/go1.25.1/global/pkg/mod/github.com/pingcap/errors@v0.11.5-0.20260508054701-306e305bcf41/normalize.go:225\ngithub.com/pingcap/tidb/pkg/executor/importer.VerifyChecksum\n\t/Users/bba/pc/tidb-ai-critical-scan/pkg/executor/importer/table_import.go:955\ngithub.com/pingcap/tidb/pkg/dxf/importinto.(*postProcessStepExecutor).postProcess\n\t/Users/bba/pc/tidb-ai-critical-scan/pkg/dxf/importinto/subtask_executor.go:154\ngithub.com/pingcap/tidb/pkg/dxf/importinto.(*postProcessStepExecutor).RunSubtask\n\t/Users/bba/pc/tidb-ai-critical-scan/pkg/dxf/importinto/task_executor.go:878\ngithub.com/pingcap/tidb/pkg/dxf/framework/taskexecutor.(*BaseTaskExecutor).runSubtask.func1\n\t/Users/bba/pc/tidb-ai-critical-scan/pkg/dxf/framework/taskexecutor/task_executor.go:522\ngithub.com/pingcap/tidb/pkg/dxf/framework/taskexecutor.(*BaseTaskExecutor).runSubtask\n\t/Users/bba/pc/tidb-ai-critical-scan/pkg/dxf/framework/taskexecutor/task_executor.go:523\ngithub.com/pingcap/tidb/pkg/dxf/framework/taskexecutor.(*BaseTaskExecutor).Run\n\t/Users/bba/pc/tidb-ai-critical-scan/pkg/dxf/framework/taskexecutor/task_executor.go:390\ngithub.com/pingcap/tidb/pkg/dxf/framework/taskexecutor.(*Manager).startTaskExecutor.func2\n\t/Users/bba/pc/tidb-ai-critical-scan/pkg/dxf/framework/taskexecutor/manager.go:376\ngithub.com/pingcap/tidb/pkg/util.(*WaitGroupWrapper).RunWithLog.func1\n\t/Users/bba/pc/tidb-ai-critical-scan/pkg/util/wait_group_wrapper.go:181\nruntime.goexit\n\t/Users/bba/.gvm/pkgsets/go1.25.1/global/pkg/mod/golang.org/toolchain@v0.0.1-go1.25.10.darwin-arm64/src/runtime/asm_arm64.s:1268"] [stack="github.com/pingcap/tidb/pkg/dxf/framework/taskexecutor.(*BaseTaskExecutor).Run\n\t/Users/bba/pc/tidb-ai-critical-scan/pkg/dxf/framework/taskexecutor/task_executor.go:400\ngithub.com/pingcap/tidb/pkg/dxf/framework/taskexecutor.(*Manager).startTaskExecutor.func2\n\t/Users/bba/pc/tidb-ai-critical-scan/pkg/dxf/framework/taskexecutor/manager.go:376\ngithub.com/pingcap/tidb/pkg/util.(*WaitGroupWrapper).RunWithLog.func1\n\t/Users/bba/pc/tidb-ai-critical-scan/pkg/util/wait_group_wrapper.go:181"]
[2026/07/25 09:32:32.258 +08:00] [WARN] [nodes.go:87] ["generate task executor nodes met error"] [category=dxf] [sampled=] [server-id=:4000] [error="not found instance"]
[2026/07/25 09:32:32.299 +08:00] [WARN] [scheduler.go:452] ["subtasks encounter errors"] [task-id=150001] [task-key=keyspace1/ImportInto/150001] [server-id=:4000] [subtask-errs="[\"{error=\\\"[Lighting:Restore:ErrChecksumMismatch]checksum mismatched remote vs local => (checksum: 17069480852515675753 vs 12147526407046477618) (total_kvs: 3 vs 2) (total_bytes:122 vs 82)\\\"}\"]"]
[2026/07/25 09:32:32.500 +08:00] [INFO] [task_executor.go:461] ["execute task step completed"] [task-id=150001] [task-key=keyspace1/ImportInto/150001] [server-id=:4000] [step=post-process] [mem-limit-percent=0.7] [server-mem-limit=80%] [resource="[CPU=1, Mem=2.571GiB]"] [takeTime=630.863584ms] []
[2026/07/25 09:32:32.500 +08:00] [INFO] [cross_ks.go:367] ["release cross keyspace runtime"] [targetKS=keyspace1] [holderID=DXF/executor/150001] [activeHolderCount=1]
[2026/07/25 09:32:32.500 +08:00] [INFO] [manager.go:373] ["task executor exit"] [server-id=:4000] [task-id=150001] [task-key=keyspace1/ImportInto/150001] [type=ImportInto]
[2026/07/25 09:32:32.795 +08:00] [INFO] [scheduler.go:557] ["task done"] [task-id=150001] [task-key=keyspace1/ImportInto/150001] [server-id=:4000] [step=post-process] [state=reverting] [error="[Lighting:Restore:ErrChecksumMismatch]checksum mismatched remote vs local => (checksum: 17069480852515675753 vs 12147526407046477618) (total_kvs: 3 vs 2) (total_bytes:122 vs 82)"]
[2026/07/25 09:32:32.797 +08:00] [INFO] [scheduler.go:131] ["unregister task success"] [task-id=150001] [task-key=keyspace1/ImportInto/150001] [server-id=:4000]
[2026/07/25 09:32:33.047 +08:00] [INFO] [check_table_index.go:599] ["fast check table by group"] ["table name"=t] ["index name"=u] [times=1] ["current offset"=0] ["current mod"=1] ["bucket size"=1024] ["table sql"="select /*+ read_from_storage(tikv[`ai_native_import_dml`.`t`]), AGG_TO_COP() */ bit_xor(crc32(md5(concat_ws(0x2, `id`, `u`)))), ((cast(crc32(md5(concat_ws(0x2, `id`))) as signed) - 0) div 1 % 1024), count(*) from `ai_native_import_dml`.`t` use index() where (0 = 0) group by ((cast(crc32(md5(concat_ws(0x2, `id`))) as signed) - 0) div 1 % 1024)"] ["index sql"="select /*+ AGG_TO_COP() */ bit_xor(crc32(md5(concat_ws(0x2, `id`, `u`)))), ((cast(crc32(md5(concat_ws(0x2, `id`))) as signed) - 0) div 1 % 1024), count(*) from `ai_native_import_dml`.`t` use index(`u`) where  (0 = 0) group by((cast(crc32(md5(concat_ws(0x2, `id`))) as signed) - 0) div 1 % 1024)"]
[2026/07/25 09:32:33.051 +08:00] [INFO] [check_table_index.go:637] ["found different checksum in the same bucket"] ["table name"=t] ["index name"=u] [times=1] ["current offset"=0] ["current mod"=1] ["bucket size"=1024] [bucket=498] [tblBktSum={bkt:498,sum:4079128002,cnt:1}] [idxBktSum={bkt:498,sum:4102492449,cnt:2}]
[2026/07/25 09:32:33.057 +08:00] [ERROR] [reporter.go:311] ["admin check found data inconsistency"] [table_name=t] [index_name=u] [row_id=1] [index="handle: 1, values: [KindInt64 900]"] [row="handle: 1, values: [KindInt64 100]"] [int_handle=1] [row_mvcc_write_0="{\"start_ts\":467912136458502148,\"commit_ts\":467912136458502149}"] [row_mvcc_write_1="{\"start_ts\":467912136143929346,\"commit_ts\":467912136143929346}"] [index_mvcc_write_0="{\"start_ts\":467912136458502148,\"commit_ts\":467912136458502149}"] [row_mvcc="{\"decoded\":{\"467912136143929346\":{\"payload\":\"import\",\"u\":\"100\"},\"467912136458502148\":{\"payload\":\"application\",\"u\":\"900\"}},\"key\":\"7480000000000000225F728000000000000001\",\"mvcc\":{\"info\":{\"writes\":[{\"start_ts\":467912136458502148,\"commit_ts\":467912136458502149,\"short_value\":\"gAACAAAAAgMCAA0AhANhcHBsaWNhdGlvbg==\"},{\"start_ts\":467912136143929346,\"commit_ts\":467912136143929346,\"short_value\":\"gAACAAAAAgMBAAcAZGltcG9ydA==\"}]}},\"regionID\":62}"] [index_mvcc="{\"decoded\":{\"467912136458502148\":{\"handle\":\"1\"}},\"key\":\"7480000000000000225F698000000000000001038000000000000384\",\"mvcc\":{\"info\":{\"writes\":[{\"start_ts\":467912136458502148,\"commit_ts\":467912136458502149,\"short_value\":\"AAAAAAAAAAE=\"}]}},\"regionID\":60}"] [stack="github.com/pingcap/tidb/pkg/util/logutil/consistency.(*Reporter).ReportAdminCheckInconsistent\n\t/Users/bba/pc/tidb-ai-critical-scan/pkg/util/logutil/consistency/reporter.go:310\ngithub.com/pingcap/tidb/pkg/executor.(*checkIndexWorker).HandleTask\n\t/Users/bba/pc/tidb-ai-critical-scan/pkg/executor/check_table_index.go:816\ngithub.com/pingcap/tidb/pkg/resourcemanager/pool/workerpool.(*WorkerPool[...]).handleTaskWithRecover\n\t/Users/bba/pc/tidb-ai-critical-scan/pkg/resourcemanager/pool/workerpool/workerpool.go:226\ngithub.com/pingcap/tidb/pkg/resourcemanager/pool/workerpool.(*WorkerPool[...]).runAWorker.func1\n\t/Users/bba/pc/tidb-ai-critical-scan/pkg/resourcemanager/pool/workerpool/workerpool.go:251\ngithub.com/pingcap/tidb/pkg/util.(*WaitGroupWrapper).Run.func1\n\t/Users/bba/pc/tidb-ai-critical-scan/pkg/util/wait_group_wrapper.go:167"] [stack="github.com/pingcap/tidb/pkg/util/logutil/consistency.(*Reporter).ReportAdminCheckInconsistent\n\t/Users/bba/pc/tidb-ai-critical-scan/pkg/util/logutil/consistency/reporter.go:311\ngithub.com/pingcap/tidb/pkg/executor.(*checkIndexWorker).HandleTask\n\t/Users/bba/pc/tidb-ai-critical-scan/pkg/executor/check_table_index.go:816\ngithub.com/pingcap/tidb/pkg/resourcemanager/pool/workerpool.(*WorkerPool[...]).handleTaskWithRecover\n\t/Users/bba/pc/tidb-ai-critical-scan/pkg/resourcemanager/pool/workerpool/workerpool.go:226\ngithub.com/pingcap/tidb/pkg/resourcemanager/pool/workerpool.(*WorkerPool[...]).runAWorker.func1\n\t/Users/bba/pc/tidb-ai-critical-scan/pkg/resourcemanager/pool/workerpool/workerpool.go:251\ngithub.com/pingcap/tidb/pkg/util.(*WaitGroupWrapper).Run.func1\n\t/Users/bba/pc/tidb-ai-critical-scan/pkg/util/wait_group_wrapper.go:167"]
[2026/07/25 09:32:33.057 +08:00] [ERROR] [workerpool.go:44] ["worker pool encountered error"] [error="[admin:8223]data inconsistency in table: t, index: u, handle: 1, index-values:\"handle: 1, values: [KindInt64 900]\" != record-values:\"handle: 1, values: [KindInt64 100]\""] [errorVerbose="[admin:8223]data inconsistency in table: t, index: u, handle: 1, index-values:\"handle: 1, values: [KindInt64 900]\" != record-values:\"handle: 1, values: [KindInt64 100]\"\ngithub.com/pingcap/errors.(*Error).GenWithStackByArgs\n\t/Users/bba/.gvm/pkgsets/go1.25.1/global/pkg/mod/github.com/pingcap/errors@v0.11.5-0.20260508054701-306e305bcf41/normalize.go:225\ngithub.com/pingcap/tidb/pkg/util/logutil/consistency.(*Reporter).ReportAdminCheckInconsistent\n\t/Users/bba/pc/tidb-ai-critical-scan/pkg/util/logutil/consistency/reporter.go:312\ngithub.com/pingcap/tidb/pkg/executor.(*checkIndexWorker).HandleTask\n\t/Users/bba/pc/tidb-ai-critical-scan/pkg/executor/check_table_index.go:816\ngithub.com/pingcap/tidb/pkg/resourcemanager/pool/workerpool.(*WorkerPool[...]).handleTaskWithRecover\n\t/Users/bba/pc/tidb-ai-critical-scan/pkg/resourcemanager/pool/workerpool/workerpool.go:226\ngithub.com/pingcap/tidb/pkg/resourcemanager/pool/workerpool.(*WorkerPool[...]).runAWorker.func1\n\t/Users/bba/pc/tidb-ai-critical-scan/pkg/resourcemanager/pool/workerpool/workerpool.go:251\ngithub.com/pingcap/tidb/pkg/util.(*WaitGroupWrapper).Run.func1\n\t/Users/bba/pc/tidb-ai-critical-scan/pkg/util/wait_group_wrapper.go:167\nruntime.goexit\n\t/Users/bba/.gvm/pkgsets/go1.25.1/global/pkg/mod/golang.org/toolchain@v0.0.1-go1.25.10.darwin-arm64/src/runtime/asm_arm64.s:1268"] [stack="github.com/pingcap/tidb/pkg/resourcemanager/pool/workerpool.(*Context).OnError\n\t/Users/bba/pc/tidb-ai-critical-scan/pkg/resourcemanager/pool/workerpool/workerpool.go:44\ngithub.com/pingcap/tidb/pkg/resourcemanager/pool/workerpool.(*WorkerPool[...]).handleTaskWithRecover\n\t/Users/bba/pc/tidb-ai-critical-scan/pkg/resourcemanager/pool/workerpool/workerpool.go:227\ngithub.com/pingcap/tidb/pkg/resourcemanager/pool/workerpool.(*WorkerPool[...]).runAWorker.func1\n\t/Users/bba/pc/tidb-ai-critical-scan/pkg/resourcemanager/pool/workerpool/workerpool.go:251\ngithub.com/pingcap/tidb/pkg/util.(*WaitGroupWrapper).Run.func1\n\t/Users/bba/pc/tidb-ai-critical-scan/pkg/util/wait_group_wrapper.go:167"]
[2026/07/25 09:32:33.057 +08:00] [INFO] [tidb.go:309] ["rollbackTxn called due to ddl/autocommit failure"]
[2026/07/25 09:32:33.057 +08:00] [WARN] [session.go:2711] ["run statement failed"] [schemaVersion=30] [error="[admin:8223]data inconsistency in table: t, index: u, handle: 1, index-values:\"handle: 1, values: [KindInt64 900]\" != record-values:\"handle: 1, values: [KindInt64 100]\""] [errorVerbose="[admin:8223]data inconsistency in table: t, index: u, handle: 1, index-values:\"handle: 1, values: [KindInt64 900]\" != record-values:\"handle: 1, values: [KindInt64 100]\"\ngithub.com/pingcap/errors.(*Error).GenWithStackByArgs\n\t/Users/bba/.gvm/pkgsets/go1.25.1/global/pkg/mod/github.com/pingcap/errors@v0.11.5-0.20260508054701-306e305bcf41/normalize.go:225\ngithub.com/pingcap/tidb/pkg/util/logutil/consistency.(*Reporter).ReportAdminCheckInconsistent\n\t/Users/bba/pc/tidb-ai-critical-scan/pkg/util/logutil/consistency/reporter.go:312\ngithub.com/pingcap/tidb/pkg/executor.(*checkIndexWorker).HandleTask\n\t/Users/bba/pc/tidb-ai-critical-scan/pkg/executor/check_table_index.go:816\ngithub.com/pingcap/tidb/pkg/resourcemanager/pool/workerpool.(*WorkerPool[...]).handleTaskWithRecover\n\t/Users/bba/pc/tidb-ai-critical-scan/pkg/resourcemanager/pool/workerpool/workerpool.go:226\ngithub.com/pingcap/tidb/pkg/resourcemanager/pool/workerpool.(*WorkerPool[...]).runAWorker.func1\n\t/Users/bba/pc/tidb-ai-critical-scan/pkg/resourcemanager/pool/workerpool/workerpool.go:251\ngithub.com/pingcap/tidb/pkg/util.(*WaitGroupWrapper).Run.func1\n\t/Users/bba/pc/tidb-ai-critical-scan/pkg/util/wait_group_wrapper.go:167\nruntime.goexit\n\t/Users/bba/.gvm/pkgsets/go1.25.1/global/pkg/mod/golang.org/toolchain@v0.0.1-go1.25.10.darwin-arm64/src/runtime/asm_arm64.s:1268"] [session="{\n  \"currDBName\": \"ai_native_import_dml\",\n  \"id\": 4,\n  \"status\": 2,\n  \"strictMode\": true,\n  \"user\": null\n}"]
    ai_native_import_dml_write_fence_test.go:137: task state: reverted
    ai_native_import_dml_write_fence_test.go:138: job: [][]interface {}{[]interface {}{"failed", "[Lighting:Restore:ErrChecksumMismatch]checksum mismatched remote vs local => (checksum: 17069480852515675753 vs 12147526407046477618) (total_kvs: 3 vs 2) (total_bytes:122 vs 82)"}}
    ai_native_import_dml_write_fence_test.go:139: table scan: [][]interface {}{[]interface {}{"1", "100", "import"}}
    ai_native_import_dml_write_fence_test.go:140: forced index u=100: [][]interface {}{[]interface {}{"1", "100", "import"}}
    ai_native_import_dml_write_fence_test.go:141: forced index u=900: [][]interface {}{[]interface {}{"1", "100", "import"}}
    ai_native_import_dml_write_fence_test.go:142: admin check: [admin:8223]data inconsistency in table: t, index: u, handle: 1, index-values:"handle: 1, values: [KindInt64 900]" != record-values:"handle: 1, values: [KindInt64 100]"
    ai_native_import_dml_write_fence_test.go:158: 
        	Error Trace:	/Users/bba/pc/tidb-ai-critical-scan/tests/realtikvtest/importintotest3/ai_native_import_dml_write_fence_test.go:158
        	Error:      	Received unexpected error:
        	            	[admin:8223]data inconsistency in table: t, index: u, handle: 1, index-values:"handle: 1, values: [KindInt64 900]" != record-values:"handle: 1, values: [KindInt64 100]"
        	            	github.com/pingcap/errors.(*Error).GenWithStackByArgs
        	            		/Users/bba/.gvm/pkgsets/go1.25.1/global/pkg/mod/github.com/pingcap/errors@v0.11.5-0.20260508054701-306e305bcf41/normalize.go:225
        	            	github.com/pingcap/tidb/pkg/util/logutil/consistency.(*Reporter).ReportAdminCheckInconsistent
        	            		/Users/bba/pc/tidb-ai-critical-scan/pkg/util/logutil/consistency/reporter.go:312
        	            	github.com/pingcap/tidb/pkg/executor.(*checkIndexWorker).HandleTask
        	            		/Users/bba/pc/tidb-ai-critical-scan/pkg/executor/check_table_index.go:816
        	            	github.com/pingcap/tidb/pkg/resourcemanager/pool/workerpool.(*WorkerPool[...]).handleTaskWithRecover
        	            		/Users/bba/pc/tidb-ai-critical-scan/pkg/resourcemanager/pool/workerpool/workerpool.go:226
        	            	github.com/pingcap/tidb/pkg/resourcemanager/pool/workerpool.(*WorkerPool[...]).runAWorker.func1
        	            		/Users/bba/pc/tidb-ai-critical-scan/pkg/resourcemanager/pool/workerpool/workerpool.go:251
        	            	github.com/pingcap/tidb/pkg/util.(*WaitGroupWrapper).Run.func1
        	            		/Users/bba/pc/tidb-ai-critical-scan/pkg/util/wait_group_wrapper.go:167
        	            	runtime.goexit
        	            		/Users/bba/.gvm/pkgsets/go1.25.1/global/pkg/mod/golang.org/toolchain@v0.0.1-go1.25.10.darwin-arm64/src/runtime/asm_arm64.s:1268
        	Test:       	TestAINativeNextGenImportConcurrentDMLWriteFence
[2026/07/25 09:32:33.057 +08:00] [INFO] [syncer.go:488] ["schema version sync loop interrupted, retrying..."] [category=ddl]
[2026/07/25 09:32:33.057 +08:00] [INFO] [job_scheduler.go:269] ["scheduleLoop quit due to context canceled"] [category=ddl]
[2026/07/25 09:32:33.057 +08:00] [INFO] [manager.go:420] ["watch owner finished"] [key=/tidb/ddl/fg/owner] [id=3942918a-743b-40f4-aa5d-b6379b5e84b1] []
[2026/07/25 09:32:33.057 +08:00] [INFO] [manager.go:333] ["retire owner"] [key=/tidb/ddl/fg/owner] [id=3942918a-743b-40f4-aa5d-b6379b5e84b1]
[2026/07/25 09:32:33.057 +08:00] [INFO] [ddl_workerpool.go:78] ["closing workerPool"] [category=ddl]
[2026/07/25 09:32:33.057 +08:00] [INFO] [ddl_workerpool.go:78] ["closing workerPool"] [category=ddl]
[2026/07/25 09:32:33.057 +08:00] [INFO] [ddl_workerpool.go:78] ["closing workerPool"] [category=ddl]
[2026/07/25 09:32:33.057 +08:00] [INFO] [manager.go:424] ["is not the owner"] [key=/tidb/ddl/fg/owner] [id=3942918a-743b-40f4-aa5d-b6379b5e84b1]
[2026/07/25 09:32:33.057 +08:00] [INFO] [manager.go:385] ["break campaign loop, context is done"] [key=/tidb/ddl/fg/owner] [id=3942918a-743b-40f4-aa5d-b6379b5e84b1]
[2026/07/25 09:32:33.058 +08:00] [INFO] [delete_range.go:162] ["closing delRange"] [category=ddl]
[2026/07/25 09:32:33.058 +08:00] [INFO] [session_pool.go:133] ["closing session pool"] [category=ddl]
[2026/07/25 09:32:33.059 +08:00] [INFO] [ddl.go:1157] ["DDL closed"] [category=ddl] [ID=3942918a-743b-40f4-aa5d-b6379b5e84b1] ["take time"=1.5855ms]
[2026/07/25 09:32:33.059 +08:00] [INFO] [ddl.go:848] ["stop DDL"] [category=ddl] [ID=3942918a-743b-40f4-aa5d-b6379b5e84b1]
[2026/07/25 09:32:33.059 +08:00] [INFO] [domain.go:484] ["stopping ttlJobManager"]
[2026/07/25 09:32:33.059 +08:00] [INFO] [runtime.go:202] ["TimerGroupRuntime loop exit"] [groupID=ttl]
[2026/07/25 09:32:33.059 +08:00] [INFO] [notifier.go:227] ["etcd notify loop to watch timer events stopped"] [EtcdKey=/tidb/timer/cluster/1/notify/bcaad413-0a9d-450f-967d-a7a759c6a314]
[2026/07/25 09:32:33.059 +08:00] [INFO] [notifier.go:142] ["etcd watcher exited to watch timer events"] [EtcdKey=/tidb/timer/cluster/1/notify/bcaad413-0a9d-450f-967d-a7a759c6a314] [watcherID=673a5f86-ee0c-4742-9448-c5480e3e0d29]
[2026/07/25 09:32:33.059 +08:00] [INFO] [task_manager.go:225] ["shrink ttl worker"] [ttl-worker=job-manager] [ttl-worker=3942918a-743b-40f4-aa5d-b6379b5e84b1] [ttl-worker=task-manager] [ttl-worker=3942918a-743b-40f4-aa5d-b6379b5e84b1] [originalCount=4] [newCount=0]
[2026/07/25 09:32:33.059 +08:00] [INFO] [scan.go:379] ["ttlScanWorker loop exited."]
[2026/07/25 09:32:33.059 +08:00] [INFO] [scan.go:379] ["ttlScanWorker loop exited."]
[2026/07/25 09:32:33.059 +08:00] [INFO] [scan.go:379] ["ttlScanWorker loop exited."]
[2026/07/25 09:32:33.059 +08:00] [INFO] [scan.go:379] ["ttlScanWorker loop exited."]
[2026/07/25 09:32:33.059 +08:00] [INFO] [task_manager.go:225] ["shrink ttl worker"] [ttl-worker=job-manager] [ttl-worker=3942918a-743b-40f4-aa5d-b6379b5e84b1] [ttl-worker=task-manager] [ttl-worker=3942918a-743b-40f4-aa5d-b6379b5e84b1] [originalCount=4] [newCount=0]
[2026/07/25 09:32:33.059 +08:00] [INFO] [del.go:344] ["ttlDeleteWorker loop exited."]
[2026/07/25 09:32:33.059 +08:00] [INFO] [del.go:344] ["ttlDeleteWorker loop exited."]
[2026/07/25 09:32:33.059 +08:00] [INFO] [del.go:344] ["ttlDeleteWorker loop exited."]
[2026/07/25 09:32:33.059 +08:00] [INFO] [del.go:344] ["ttlDeleteWorker loop exited."]
[2026/07/25 09:32:33.060 +08:00] [INFO] [job_manager.go:183] ["ttlJobManager loop exited."] [ttl-worker=job-manager] [ttl-worker=3942918a-743b-40f4-aa5d-b6379b5e84b1]
[2026/07/25 09:32:33.060 +08:00] [INFO] [job_manager.go:168] ["ttlJobManager loop exited."] [ttl-worker=job-manager] [ttl-worker=3942918a-743b-40f4-aa5d-b6379b5e84b1]
[2026/07/25 09:32:33.060 +08:00] [INFO] [domain.go:495] ["ttlJobManager exited."]
[2026/07/25 09:32:33.060 +08:00] [INFO] [domain.go:2868] ["serverIDSession need restart"]
[2026/07/25 09:32:33.061 +08:00] [INFO] [domain.go:2733] ["releaseServerID succeed"] [serverID=544] [leaseID=2872064657628243389]
[2026/07/25 09:32:33.061 +08:00] [INFO] [domain.go:1807] ["PlanReplayerTaskCollectHandle exited."]
[2026/07/25 09:32:33.061 +08:00] [INFO] [domain.go:2800] ["serverIDKeeper exited."]
[2026/07/25 09:32:33.061 +08:00] [INFO] [wait_group_wrapper.go:150] ["background process exited"] [source=domain] [process=PlanReplayerTaskCollectHandle]
[2026/07/25 09:32:33.061 +08:00] [INFO] [domain.go:2914] ["planCacheMetricsAndVars exited."]
[2026/07/25 09:32:33.061 +08:00] [INFO] [wait_group_wrapper.go:150] ["background process exited"] [source=domain] [process=planCacheMetricsAndVars]
[2026/07/25 09:32:33.061 +08:00] [INFO] [domain.go:1892] ["HistoricalStatsWorker exited."]
[2026/07/25 09:32:33.061 +08:00] [INFO] [domain.go:2193] ["gcStatsWorker ready to release owner"]
[2026/07/25 09:32:33.061 +08:00] [INFO] [domain.go:1861] ["dumpFileGcChecker exited."]
[2026/07/25 09:32:33.061 +08:00] [INFO] [domain.go:2396] ["analyzeJobsCleanupWorker exited."]
[2026/07/25 09:32:33.061 +08:00] [INFO] [domain.go:1827] ["PlanReplayerTaskDumpHandle exited."]
[2026/07/25 09:32:33.061 +08:00] [INFO] [wait_group_wrapper.go:150] ["background process exited"] [source=domain] [process=PlanReplayerTaskDumpHandle]
[2026/07/25 09:32:33.061 +08:00] [INFO] [wait_group_wrapper.go:150] ["background process exited"] [source=domain] [process=dumpFileGcChecker]
[2026/07/25 09:32:33.061 +08:00] [INFO] [stats_syncload.go:255] ["SubLoadWorker: exits now because the domain is closed."] [category=stats]
[2026/07/25 09:32:33.061 +08:00] [INFO] [domain.go:2332] ["autoAnalyzeWorker exited."] [category=stats]
[2026/07/25 09:32:33.061 +08:00] [INFO] [wait_group_wrapper.go:150] ["background process exited"] [source=domain] [process=autoAnalyzeWorker]
[2026/07/25 09:32:33.061 +08:00] [INFO] [domain.go:1403] ["loadPrivilegeInLoop exited."]
[2026/07/25 09:32:33.062 +08:00] [INFO] [wait_group_wrapper.go:150] ["background process exited"] [source=domain] [process=loadPrivilegeInLoop]
[2026/07/25 09:32:33.062 +08:00] [INFO] [stats_syncload.go:255] ["SubLoadWorker: exits now because the domain is closed."] [category=stats]
[2026/07/25 09:32:33.062 +08:00] [INFO] [syncer.go:288] ["server info sync loop exited."]
[2026/07/25 09:32:33.062 +08:00] [INFO] [domain.go:2147] ["asyncLoadStats exited."]
[2026/07/25 09:32:33.062 +08:00] [INFO] [wait_group_wrapper.go:150] ["background process exited"] [source=domain] [process=infoSyncerKeeper]
[2026/07/25 09:32:33.062 +08:00] [INFO] [domain.go:2945] ["planCacheEvictTrigger exited."]
[2026/07/25 09:32:33.061 +08:00] [INFO] [domain.go:2219] ["deltaUpdateTicker is going to exit, start to flush stats"]
[2026/07/25 09:32:33.062 +08:00] [INFO] [wait_group_wrapper.go:150] ["background process exited"] [source=domain] [process=planCacheEvictTrigger]
[2026/07/25 09:32:33.062 +08:00] [INFO] [syncer.go:422] ["topology sync loop exited."]
[2026/07/25 09:32:33.062 +08:00] [INFO] [wait_group_wrapper.go:150] ["background process exited"] [source=domain] [process=topologySyncerKeeper]
[2026/07/25 09:32:33.062 +08:00] [INFO] [domain.go:419] ["globalConfigSyncerKeeper exited."]
[2026/07/25 09:32:33.062 +08:00] [INFO] [flusher.go:89] ["flushing remaining records before stop"] [name=runaway-record]
[2026/07/25 09:32:33.062 +08:00] [INFO] [domain.go:2114] ["loadStatsWorker exited."]
[2026/07/25 09:32:33.062 +08:00] [INFO] [stats_syncload.go:255] ["SubLoadWorker: exits now because the domain is closed."] [category=stats]
[2026/07/25 09:32:33.062 +08:00] [INFO] [flusher.go:91] ["stopped flusher"] [name=runaway-record]
[2026/07/25 09:32:33.062 +08:00] [INFO] [stats_syncload.go:245] ["SubLoadWorker: exited."] [category=stats]
[2026/07/25 09:32:33.062 +08:00] [INFO] [flusher.go:89] ["flushing remaining records before stop"] [name=quarantine-record]
[2026/07/25 09:32:33.062 +08:00] [INFO] [manager.go:420] ["watch owner finished"] [key=/tidb/br-stream/owner] [id=9c1bc31b-d842-4135-91f4-c747ea6020bd] []
[2026/07/25 09:32:33.062 +08:00] [INFO] [manager.go:333] ["retire owner"] [key=/tidb/br-stream/owner] [id=9c1bc31b-d842-4135-91f4-c747ea6020bd]
[2026/07/25 09:32:33.062 +08:00] [INFO] [manager.go:420] ["watch owner finished"] [key=/tidb/stats/owner] [id=3942918a-743b-40f4-aa5d-b6379b5e84b1] []
[2026/07/25 09:32:33.062 +08:00] [INFO] [wait_group_wrapper.go:150] ["background process exited"] [source=domain] [process=loadStatsWorker]
[2026/07/25 09:32:33.062 +08:00] [INFO] [manager.go:424] ["is not the owner"] [key=/tidb/br-stream/owner] [id=9c1bc31b-d842-4135-91f4-c747ea6020bd]
[2026/07/25 09:32:33.062 +08:00] [INFO] [manager.go:385] ["break campaign loop, context is done"] [key=/tidb/br-stream/owner] [id=9c1bc31b-d842-4135-91f4-c747ea6020bd]
[2026/07/25 09:32:33.062 +08:00] [INFO] [stats_syncload.go:255] ["SubLoadWorker: exits now because the domain is closed."] [category=stats]
[2026/07/25 09:32:33.062 +08:00] [INFO] [stats_syncload.go:245] ["SubLoadWorker: exited."] [category=stats]
[2026/07/25 09:32:33.062 +08:00] [INFO] [wait_group_wrapper.go:150] ["background process exited"] [source=domain] [process=asyncLoadHistogram]
[2026/07/25 09:32:33.062 +08:00] [INFO] [domain.go:1477] ["LoadSysVarCacheLoop exited."]
[2026/07/25 09:32:33.062 +08:00] [INFO] [flusher.go:91] ["stopped flusher"] [name=quarantine-record]
[2026/07/25 09:32:33.062 +08:00] [INFO] [stats_syncload.go:255] ["SubLoadWorker: exits now because the domain is closed."] [category=stats]
[2026/07/25 09:32:33.062 +08:00] [INFO] [flusher.go:89] ["flushing remaining records before stop"] [name=stale-quarantine-record]
[2026/07/25 09:32:33.062 +08:00] [INFO] [stats_syncload.go:245] ["SubLoadWorker: exited."] [category=stats]
[2026/07/25 09:32:33.062 +08:00] [INFO] [flusher.go:91] ["stopped flusher"] [name=stale-quarantine-record]
[2026/07/25 09:32:33.062 +08:00] [INFO] [manager.go:205] ["runaway record flush loop exit"]
[2026/07/25 09:32:33.062 +08:00] [INFO] [wait_group_wrapper.go:150] ["background process exited"] [source=domain] [process=runawayRecordFlushLoop]
[2026/07/25 09:32:33.062 +08:00] [INFO] [domain.go:2282] ["dumpColStatsUsageWorker exited."]
[2026/07/25 09:32:33.062 +08:00] [INFO] [wait_group_wrapper.go:150] ["background process exited"] [source=domain] [process=dumpColStatsUsageWorker]
[2026/07/25 09:32:33.062 +08:00] [INFO] [domain.go:2989] ["readTableCostWorker exited."]
[2026/07/25 09:32:33.061 +08:00] [INFO] [stats_syncload.go:255] ["SubLoadWorker: exits now because the domain is closed."] [category=stats]
[2026/07/25 09:32:33.062 +08:00] [INFO] [stats_syncload.go:245] ["SubLoadWorker: exited."] [category=stats]
[2026/07/25 09:32:33.062 +08:00] [INFO] [stats_syncload.go:245] ["SubLoadWorker: exited."] [category=stats]
[2026/07/25 09:32:33.061 +08:00] [INFO] [wait_group_wrapper.go:150] ["background process exited"] [source=domain] [process=analyzeJobsCleanupWorker]
[2026/07/25 09:32:33.062 +08:00] [INFO] [manager.go:333] ["retire owner"] [key=/tidb/stats/owner] [id=3942918a-743b-40f4-aa5d-b6379b5e84b1]
[2026/07/25 09:32:33.062 +08:00] [INFO] [wait_group_wrapper.go:150] ["background process exited"] [source=domain] [process=globalConfigSyncerKeeper]
[2026/07/25 09:32:33.061 +08:00] [INFO] [wait_group_wrapper.go:150] ["background process exited"] [source=domain] [process=HistoricalStatsWorker]
[2026/07/25 09:32:33.061 +08:00] [INFO] [stats_syncload.go:245] ["SubLoadWorker: exited."] [category=stats]
[2026/07/25 09:32:33.062 +08:00] [INFO] [manager.go:241] ["runaway watch sync loop exit"]
[2026/07/25 09:32:33.062 +08:00] [INFO] [wait_group_wrapper.go:150] ["background process exited"] [source=domain] [process=runawayWatchSyncLoop]
[2026/07/25 09:32:33.062 +08:00] [INFO] [wait_group_wrapper.go:150] ["background process exited"] [source=domain] [process=readTableCostWorker]
[2026/07/25 09:32:33.061 +08:00] [INFO] [domain.go:2174] ["indexUsageWorker exited."]
[2026/07/25 09:32:33.062 +08:00] [INFO] [wait_group_wrapper.go:150] ["background process exited"] [source=domain] [process=indexUsageWorker]
[2026/07/25 09:32:33.062 +08:00] [INFO] [plan_replayer.go:411] ["planReplayerTaskDumpWorker exited."]
[2026/07/25 09:32:33.062 +08:00] [INFO] [wait_group_wrapper.go:150] ["background process exited"] [source=domain] [process=LoadSysVarCacheLoop]
[2026/07/25 09:32:33.062 +08:00] [INFO] [wait_group_wrapper.go:150] ["background process exited"] [source=domain] [process=loadSigningCertLoop]
[2026/07/25 09:32:33.062 +08:00] [INFO] [manager.go:424] ["is not the owner"] [key=/tidb/stats/owner] [id=3942918a-743b-40f4-aa5d-b6379b5e84b1]
[2026/07/25 09:32:33.062 +08:00] [INFO] [manager.go:385] ["break campaign loop, context is done"] [key=/tidb/stats/owner] [id=3942918a-743b-40f4-aa5d-b6379b5e84b1]
[2026/07/25 09:32:33.062 +08:00] [INFO] [manager.go:420] ["watch owner finished"] [key=/tidb/bindinfo/owner] [id=3942918a-743b-40f4-aa5d-b6379b5e84b1] []
[2026/07/25 09:32:33.062 +08:00] [INFO] [manager.go:333] ["retire owner"] [key=/tidb/bindinfo/owner] [id=3942918a-743b-40f4-aa5d-b6379b5e84b1]
[2026/07/25 09:32:33.062 +08:00] [INFO] [manager.go:424] ["is not the owner"] [key=/tidb/bindinfo/owner] [id=3942918a-743b-40f4-aa5d-b6379b5e84b1]
[2026/07/25 09:32:33.062 +08:00] [INFO] [manager.go:385] ["break campaign loop, context is done"] [key=/tidb/bindinfo/owner] [id=3942918a-743b-40f4-aa5d-b6379b5e84b1]
[2026/07/25 09:32:33.064 +08:00] [INFO] [owner_daemon.go:87] ["daemon loop exits"] [id=9c1bc31b-d842-4135-91f4-c747ea6020bd] [daemon-id=LogBackup::Advancer]
[2026/07/25 09:32:33.064 +08:00] [INFO] [domain.go:979] ["closestReplicaReadCheckLoop exited."]
[2026/07/25 09:32:33.064 +08:00] [INFO] [wait_group_wrapper.go:150] ["background process exited"] [source=domain] [process=mdlCheckLoop]
[2026/07/25 09:32:33.064 +08:00] [INFO] [wait_group_wrapper.go:150] ["background process exited"] [source=domain] [process=closestReplicaReadCheckLoop]
[2026/07/25 09:32:33.064 +08:00] [INFO] [wait_group_wrapper.go:150] ["background process exited"] [source=domain] [process=logBackupAdvancer]
[2026/07/25 09:32:33.064 +08:00] [INFO] [domain.go:391] ["topNSlowQueryLoop exited."]
[2026/07/25 09:32:33.064 +08:00] [INFO] [wait_group_wrapper.go:150] ["background process exited"] [source=domain] [process=topNSlowQueryLoop]
[2026/07/25 09:32:33.064 +08:00] [INFO] [advancer_cliext.go:194] ["Start collecting remaining events in the channel."] [category="log backup advancer"] [remained=0]
[2026/07/25 09:32:33.064 +08:00] [INFO] [advancer_cliext.go:199] ["Finish collecting remaining events in the channel."] [category="log backup advancer"]
[2026/07/25 09:32:33.064 +08:00] [WARN] [meta_storage_client.go:165] ["watch stream closed"] [error="rpc error: code = Canceled desc = context canceled"]
[2026/07/25 09:32:33.064 +08:00] [INFO] [manager.go:431] ["etcd session close failed"] [key=/tidb/stats/owner] [id=3942918a-743b-40f4-aa5d-b6379b5e84b1] [error="context canceled"]
[2026/07/25 09:32:33.064 +08:00] [INFO] [domain.go:2201] ["gcStatsWorker exit preprocessing finished"]
[2026/07/25 09:32:33.064 +08:00] [INFO] [manager.go:431] ["etcd session close failed"] [key=/tidb/bindinfo/owner] [id=3942918a-743b-40f4-aa5d-b6379b5e84b1] [error="context canceled"]
[2026/07/25 09:32:33.064 +08:00] [INFO] [domain.go:1616] ["globalBindHandleWorkerLoop exited."]
[2026/07/25 09:32:33.064 +08:00] [WARN] [meta_storage_client.go:165] ["watch stream closed"] [error="rpc error: code = Canceled desc = context canceled"]
[2026/07/25 09:32:33.064 +08:00] [INFO] [wait_group_wrapper.go:150] ["background process exited"] [source=domain] [process=globalBindHandleWorkerLoop]
[2026/07/25 09:32:33.064 +08:00] [INFO] [syncer.go:304] ["info schema sync loop exited."]
[2026/07/25 09:32:33.064 +08:00] [INFO] [wait_group_wrapper.go:150] ["background process exited"] [source=domain] [process=loadSchemaInLoop]
[2026/07/25 09:32:33.064 +08:00] [INFO] [domain.go:2246] ["gcStatsWorker exited."]
[2026/07/25 09:32:33.064 +08:00] [INFO] [wait_group_wrapper.go:150] ["background process exited"] [source=domain] [process=gcStatsWorker]
[2026/07/25 09:32:33.070 +08:00] [INFO] [domain.go:2225] ["deltaUpdateTicker exit preprocessing finished"]
[2026/07/25 09:32:33.070 +08:00] [INFO] [wait_group_wrapper.go:150] ["background process exited"] [source=domain] [process=deltaUpdateTickerWorker]
[2026/07/25 09:32:33.072 +08:00] [INFO] [cross_ks.go:516] ["close cross keyspace session manager"] [targetKS=SYSTEM]
[2026/07/25 09:32:33.072 +08:00] [INFO] [syncer.go:288] ["server info sync loop exited."]
[2026/07/25 09:32:33.072 +08:00] [INFO] [syncer.go:304] ["info schema sync loop exited."] [targetKS=SYSTEM]
[2026/07/25 09:32:33.072 +08:00] [INFO] [domain.go:550] ["domain closed"] ["take time"=15.360583ms]
[2026/07/25 09:32:33.074 +08:00] [INFO] [syncer.go:488] ["schema version sync loop interrupted, retrying..."] [category=ddl]
[2026/07/25 09:32:33.074 +08:00] [INFO] [job_scheduler.go:269] ["scheduleLoop quit due to context canceled"] [category=ddl]
[2026/07/25 09:32:33.074 +08:00] [INFO] [manager.go:420] ["watch owner finished"] [key=/tidb/ddl/fg/owner] [id=75e1294a-c4c0-4fdb-857b-28b34a67b83f] []
[2026/07/25 09:32:33.074 +08:00] [INFO] [manager.go:333] ["retire owner"] [key=/tidb/ddl/fg/owner] [id=75e1294a-c4c0-4fdb-857b-28b34a67b83f]
[2026/07/25 09:32:33.074 +08:00] [INFO] [ddl_workerpool.go:78] ["closing workerPool"] [category=ddl]
[2026/07/25 09:32:33.074 +08:00] [INFO] [ddl_workerpool.go:78] ["closing workerPool"] [category=ddl]
[2026/07/25 09:32:33.074 +08:00] [INFO] [ddl_workerpool.go:78] ["closing workerPool"] [category=ddl]
[2026/07/25 09:32:33.074 +08:00] [INFO] [manager.go:424] ["is not the owner"] [key=/tidb/ddl/fg/owner] [id=75e1294a-c4c0-4fdb-857b-28b34a67b83f]
[2026/07/25 09:32:33.074 +08:00] [INFO] [manager.go:385] ["break campaign loop, context is done"] [key=/tidb/ddl/fg/owner] [id=75e1294a-c4c0-4fdb-857b-28b34a67b83f]
[2026/07/25 09:32:33.074 +08:00] [INFO] [delete_range.go:162] ["closing delRange"] [category=ddl]
[2026/07/25 09:32:33.074 +08:00] [INFO] [session_pool.go:133] ["closing session pool"] [category=ddl]
[2026/07/25 09:32:33.074 +08:00] [INFO] [ddl.go:1157] ["DDL closed"] [category=ddl] [ID=75e1294a-c4c0-4fdb-857b-28b34a67b83f] ["take time"=575.791µs]
[2026/07/25 09:32:33.074 +08:00] [INFO] [ddl.go:848] ["stop DDL"] [category=ddl] [ID=75e1294a-c4c0-4fdb-857b-28b34a67b83f]
[2026/07/25 09:32:33.074 +08:00] [INFO] [domain.go:484] ["stopping ttlJobManager"]
[2026/07/25 09:32:33.074 +08:00] [INFO] [notifier.go:142] ["etcd watcher exited to watch timer events"] [EtcdKey=/tidb/timer/cluster/1/notify/c84b57b5-f0bb-48a8-81f6-6b3b660c4a7c] [watcherID=26f03849-782a-47a2-b349-2e565e7555a0]
[2026/07/25 09:32:33.074 +08:00] [INFO] [runtime.go:202] ["TimerGroupRuntime loop exit"] [groupID=ttl]
[2026/07/25 09:32:33.074 +08:00] [INFO] [notifier.go:227] ["etcd notify loop to watch timer events stopped"] [EtcdKey=/tidb/timer/cluster/1/notify/c84b57b5-f0bb-48a8-81f6-6b3b660c4a7c]
[2026/07/25 09:32:33.074 +08:00] [INFO] [task_manager.go:225] ["shrink ttl worker"] [ttl-worker=job-manager] [ttl-worker=75e1294a-c4c0-4fdb-857b-28b34a67b83f] [ttl-worker=task-manager] [ttl-worker=75e1294a-c4c0-4fdb-857b-28b34a67b83f] [originalCount=4] [newCount=0]
[2026/07/25 09:32:33.074 +08:00] [INFO] [scan.go:379] ["ttlScanWorker loop exited."]
[2026/07/25 09:32:33.074 +08:00] [INFO] [scan.go:379] ["ttlScanWorker loop exited."]
[2026/07/25 09:32:33.074 +08:00] [INFO] [scan.go:379] ["ttlScanWorker loop exited."]
[2026/07/25 09:32:33.074 +08:00] [INFO] [scan.go:379] ["ttlScanWorker loop exited."]
[2026/07/25 09:32:33.074 +08:00] [INFO] [task_manager.go:225] ["shrink ttl worker"] [ttl-worker=job-manager] [ttl-worker=75e1294a-c4c0-4fdb-857b-28b34a67b83f] [ttl-worker=task-manager] [ttl-worker=75e1294a-c4c0-4fdb-857b-28b34a67b83f] [originalCount=4] [newCount=0]
[2026/07/25 09:32:33.074 +08:00] [INFO] [del.go:344] ["ttlDeleteWorker loop exited."]
[2026/07/25 09:32:33.074 +08:00] [INFO] [del.go:344] ["ttlDeleteWorker loop exited."]
[2026/07/25 09:32:33.074 +08:00] [INFO] [del.go:344] ["ttlDeleteWorker loop exited."]
[2026/07/25 09:32:33.075 +08:00] [INFO] [del.go:344] ["ttlDeleteWorker loop exited."]
[2026/07/25 09:32:33.075 +08:00] [INFO] [job_manager.go:183] ["ttlJobManager loop exited."] [ttl-worker=job-manager] [ttl-worker=75e1294a-c4c0-4fdb-857b-28b34a67b83f]
[2026/07/25 09:32:33.075 +08:00] [INFO] [job_manager.go:168] ["ttlJobManager loop exited."] [ttl-worker=job-manager] [ttl-worker=75e1294a-c4c0-4fdb-857b-28b34a67b83f]
[2026/07/25 09:32:33.075 +08:00] [INFO] [domain.go:495] ["ttlJobManager exited."]
[2026/07/25 09:32:33.075 +08:00] [INFO] [domain.go:2868] ["serverIDSession need restart"]
[2026/07/25 09:32:33.076 +08:00] [INFO] [domain.go:2733] ["releaseServerID succeed"] [serverID=967] [leaseID=2872064657628243299]
[2026/07/25 09:32:33.076 +08:00] [INFO] [stats_syncload.go:255] ["SubLoadWorker: exits now because the domain is closed."] [category=stats]
[2026/07/25 09:32:33.076 +08:00] [INFO] [stats_syncload.go:255] ["SubLoadWorker: exits now because the domain is closed."] [category=stats]
[2026/07/25 09:32:33.076 +08:00] [INFO] [stats_syncload.go:245] ["SubLoadWorker: exited."] [category=stats]
[2026/07/25 09:32:33.076 +08:00] [INFO] [stats_syncload.go:245] ["SubLoadWorker: exited."] [category=stats]
[2026/07/25 09:32:33.076 +08:00] [INFO] [stats_syncload.go:255] ["SubLoadWorker: exits now because the domain is closed."] [category=stats]
[2026/07/25 09:32:33.076 +08:00] [INFO] [stats_syncload.go:245] ["SubLoadWorker: exited."] [category=stats]
[2026/07/25 09:32:33.076 +08:00] [INFO] [domain.go:2800] ["serverIDKeeper exited."]
[2026/07/25 09:32:33.076 +08:00] [INFO] [domain.go:1827] ["PlanReplayerTaskDumpHandle exited."]
[2026/07/25 09:32:33.076 +08:00] [INFO] [domain.go:1807] ["PlanReplayerTaskCollectHandle exited."]
[2026/07/25 09:32:33.076 +08:00] [INFO] [domain.go:1237] ["stopping dist task scheduler manager because the current node is not DDL owner anymore"] [id=75e1294a-c4c0-4fdb-857b-28b34a67b83f]
[2026/07/25 09:32:33.076 +08:00] [INFO] [wait_group_wrapper.go:150] ["background process exited"] [source=domain] [process=PlanReplayerTaskCollectHandle]
[2026/07/25 09:32:33.076 +08:00] [INFO] [wait_group_wrapper.go:150] ["background process exited"] [source=domain] [process=PlanReplayerTaskDumpHandle]
[2026/07/25 09:32:33.076 +08:00] [INFO] [scheduler_manager.go:337] ["subtask history table gc loop exits"] [server-id=:4000]
[2026/07/25 09:32:33.076 +08:00] [INFO] [domain.go:1403] ["loadPrivilegeInLoop exited."]
[2026/07/25 09:32:33.076 +08:00] [INFO] [stats_syncload.go:255] ["SubLoadWorker: exits now because the domain is closed."] [category=stats]
[2026/07/25 09:32:33.076 +08:00] [INFO] [stats_syncload.go:245] ["SubLoadWorker: exited."] [category=stats]
[2026/07/25 09:32:33.076 +08:00] [INFO] [syncer.go:288] ["server info sync loop exited."]
[2026/07/25 09:32:33.076 +08:00] [INFO] [domain.go:1892] ["HistoricalStatsWorker exited."]
[2026/07/25 09:32:33.076 +08:00] [INFO] [wait_group_wrapper.go:150] ["background process exited"] [source=domain] [process=infoSyncerKeeper]
[2026/07/25 09:32:33.076 +08:00] [INFO] [wait_group_wrapper.go:150] ["background process exited"] [source=domain] [process=HistoricalStatsWorker]
[2026/07/25 09:32:33.076 +08:00] [INFO] [domain.go:2282] ["dumpColStatsUsageWorker exited."]
[2026/07/25 09:32:33.076 +08:00] [INFO] [domain.go:2219] ["deltaUpdateTicker is going to exit, start to flush stats"]
[2026/07/25 09:32:33.076 +08:00] [INFO] [domain.go:2914] ["planCacheMetricsAndVars exited."]
[2026/07/25 09:32:33.076 +08:00] [INFO] [domain.go:2989] ["readTableCostWorker exited."]
[2026/07/25 09:32:33.076 +08:00] [INFO] [wait_group_wrapper.go:150] ["background process exited"] [source=domain] [process=planCacheMetricsAndVars]
[2026/07/25 09:32:33.076 +08:00] [INFO] [plan_replayer.go:411] ["planReplayerTaskDumpWorker exited."]
[2026/07/25 09:32:33.076 +08:00] [INFO] [syncer.go:422] ["topology sync loop exited."]
[2026/07/25 09:32:33.076 +08:00] [INFO] [wait_group_wrapper.go:150] ["background process exited"] [source=domain] [process=readTableCostWorker]
[2026/07/25 09:32:33.076 +08:00] [INFO] [wait_group_wrapper.go:150] ["background process exited"] [source=domain] [process=topologySyncerKeeper]
[2026/07/25 09:32:33.076 +08:00] [INFO] [domain.go:2114] ["loadStatsWorker exited."]
[2026/07/25 09:32:33.076 +08:00] [INFO] [wait_group_wrapper.go:150] ["background process exited"] [source=domain] [process=loadStatsWorker]
[2026/07/25 09:32:33.076 +08:00] [INFO] [domain.go:1477] ["LoadSysVarCacheLoop exited."]
[2026/07/25 09:32:33.076 +08:00] [INFO] [wait_group_wrapper.go:150] ["background process exited"] [source=domain] [process=loadSigningCertLoop]
[2026/07/25 09:32:33.076 +08:00] [INFO] [scheduler.go:186] ["schedule task exits"] [task-id=150001] [task-key=keyspace1/ImportInto/150001] [server-id=:4000]
[2026/07/25 09:32:33.076 +08:00] [INFO] [domain.go:2193] ["gcStatsWorker ready to release owner"]
[2026/07/25 09:32:33.076 +08:00] [INFO] [stats_syncload.go:255] ["SubLoadWorker: exits now because the domain is closed."] [category=stats]
[2026/07/25 09:32:33.076 +08:00] [INFO] [stats_syncload.go:245] ["SubLoadWorker: exited."] [category=stats]
[2026/07/25 09:32:33.076 +08:00] [INFO] [wait_group_wrapper.go:150] ["background process exited"] [source=domain] [process=dumpColStatsUsageWorker]
[2026/07/25 09:32:33.076 +08:00] [INFO] [wait_group_wrapper.go:150] ["background process exited"] [source=domain] [process=loadPrivilegeInLoop]
[2026/07/25 09:32:33.076 +08:00] [INFO] [domain.go:2332] ["autoAnalyzeWorker exited."] [category=stats]
[2026/07/25 09:32:33.076 +08:00] [INFO] [domain.go:1861] ["dumpFileGcChecker exited."]
[2026/07/25 09:32:33.076 +08:00] [INFO] [manager.go:241] ["runaway watch sync loop exit"]
[2026/07/25 09:32:33.076 +08:00] [INFO] [wait_group_wrapper.go:150] ["background process exited"] [source=domain] [process=dumpFileGcChecker]
[2026/07/25 09:32:33.076 +08:00] [INFO] [flusher.go:89] ["flushing remaining records before stop"] [name=runaway-record]
[2026/07/25 09:32:33.076 +08:00] [INFO] [scheduler_manager.go:225] ["schedule task loop exits"] [server-id=:4000]
[2026/07/25 09:32:33.076 +08:00] [INFO] [domain.go:2174] ["indexUsageWorker exited."]
[2026/07/25 09:32:33.076 +08:00] [INFO] [cross_ks.go:367] ["release cross keyspace runtime"] [targetKS=keyspace1] [holderID=DXF/scheduler/150001] [activeHolderCount=0]
[2026/07/25 09:32:33.076 +08:00] [INFO] [wait_group_wrapper.go:150] ["background process exited"] [source=domain] [process=indexUsageWorker]
[2026/07/25 09:32:33.076 +08:00] [INFO] [domain.go:419] ["globalConfigSyncerKeeper exited."]
[2026/07/25 09:32:33.076 +08:00] [INFO] [wait_group_wrapper.go:150] ["background process exited"] [source=domain] [process=globalConfigSyncerKeeper]
[2026/07/25 09:32:33.076 +08:00] [INFO] [scheduler_manager.go:396] ["task scheduler exit"] [server-id=:4000] [task-id=150001] [task-key=keyspace1/ImportInto/150001]
[2026/07/25 09:32:33.076 +08:00] [INFO] [wait_group_wrapper.go:150] ["background process exited"] [source=domain] [process=autoAnalyzeWorker]
[2026/07/25 09:32:33.076 +08:00] [INFO] [domain.go:2147] ["asyncLoadStats exited."]
[2026/07/25 09:32:33.076 +08:00] [INFO] [wait_group_wrapper.go:150] ["background process exited"] [source=domain] [process=asyncLoadHistogram]
[2026/07/25 09:32:33.076 +08:00] [INFO] [manager.go:420] ["watch owner finished"] [key=/tidb/br-stream/owner] [id=a3a942ac-3d48-4b68-ac83-b2c747f8f361] []
[2026/07/25 09:32:33.076 +08:00] [INFO] [manager.go:420] ["watch owner finished"] [key=/tidb/stats/owner] [id=75e1294a-c4c0-4fdb-857b-28b34a67b83f] []
[2026/07/25 09:32:33.076 +08:00] [INFO] [domain.go:2396] ["analyzeJobsCleanupWorker exited."]
[2026/07/25 09:32:33.076 +08:00] [INFO] [wait_group_wrapper.go:150] ["background process exited"] [source=domain] [process=analyzeJobsCleanupWorker]
[2026/07/25 09:32:33.076 +08:00] [INFO] [scheduler_manager.go:414] ["cleanup loop exits"] [server-id=:4000]
[2026/07/25 09:32:33.076 +08:00] [INFO] [flusher.go:91] ["stopped flusher"] [name=runaway-record]
[2026/07/25 09:32:33.076 +08:00] [INFO] [flusher.go:89] ["flushing remaining records before stop"] [name=quarantine-record]
[2026/07/25 09:32:33.076 +08:00] [INFO] [flusher.go:91] ["stopped flusher"] [name=quarantine-record]
[2026/07/25 09:32:33.076 +08:00] [INFO] [flusher.go:89] ["flushing remaining records before stop"] [name=stale-quarantine-record]
[2026/07/25 09:32:33.076 +08:00] [INFO] [flusher.go:91] ["stopped flusher"] [name=stale-quarantine-record]
[2026/07/25 09:32:33.076 +08:00] [INFO] [manager.go:205] ["runaway record flush loop exit"]
[2026/07/25 09:32:33.076 +08:00] [INFO] [wait_group_wrapper.go:150] ["background process exited"] [source=domain] [process=runawayRecordFlushLoop]
[2026/07/25 09:32:33.076 +08:00] [INFO] [stats_syncload.go:255] ["SubLoadWorker: exits now because the domain is closed."] [category=stats]
[2026/07/25 09:32:33.076 +08:00] [INFO] [stats_syncload.go:245] ["SubLoadWorker: exited."] [category=stats]
[2026/07/25 09:32:33.076 +08:00] [INFO] [wait_group_wrapper.go:150] ["background process exited"] [source=domain] [process=LoadSysVarCacheLoop]
[2026/07/25 09:32:33.076 +08:00] [INFO] [manager.go:333] ["retire owner"] [key=/tidb/br-stream/owner] [id=a3a942ac-3d48-4b68-ac83-b2c747f8f361]
[2026/07/25 09:32:33.076 +08:00] [INFO] [manager.go:424] ["is not the owner"] [key=/tidb/br-stream/owner] [id=a3a942ac-3d48-4b68-ac83-b2c747f8f361]
[2026/07/25 09:32:33.076 +08:00] [INFO] [manager.go:385] ["break campaign loop, context is done"] [key=/tidb/br-stream/owner] [id=a3a942ac-3d48-4b68-ac83-b2c747f8f361]
[2026/07/25 09:32:33.076 +08:00] [INFO] [scheduler_manager.go:557] ["collect loop exits"] [server-id=:4000]
[2026/07/25 09:32:33.076 +08:00] [INFO] [wait_group_wrapper.go:150] ["background process exited"] [source=domain] [process=runawayWatchSyncLoop]
[2026/07/25 09:32:33.076 +08:00] [INFO] [domain.go:1239] ["dist task scheduler manager stopped"] [id=75e1294a-c4c0-4fdb-857b-28b34a67b83f]
[2026/07/25 09:32:33.076 +08:00] [INFO] [domain.go:1222] ["stopping dist task executor manager"]
[2026/07/25 09:32:33.076 +08:00] [INFO] [manager.go:333] ["retire owner"] [key=/tidb/stats/owner] [id=75e1294a-c4c0-4fdb-857b-28b34a67b83f]
[2026/07/25 09:32:33.076 +08:00] [INFO] [manager.go:285] ["recoverMetaLoop done"] [server-id=:4000]
[2026/07/25 09:32:33.076 +08:00] [INFO] [manager.go:157] ["handle tasks loop done"] [server-id=:4000]
[2026/07/25 09:32:33.076 +08:00] [INFO] [manager.go:424] ["is not the owner"] [key=/tidb/stats/owner] [id=75e1294a-c4c0-4fdb-857b-28b34a67b83f]
[2026/07/25 09:32:33.076 +08:00] [INFO] [domain.go:1224] ["dist task executor manager stopped"]
[2026/07/25 09:32:33.076 +08:00] [INFO] [manager.go:385] ["break campaign loop, context is done"] [key=/tidb/stats/owner] [id=75e1294a-c4c0-4fdb-857b-28b34a67b83f]
[2026/07/25 09:32:33.076 +08:00] [INFO] [wait_group_wrapper.go:150] ["background process exited"] [source=domain] [process=distTaskFrameworkLoop]
[2026/07/25 09:32:33.076 +08:00] [INFO] [domain.go:2945] ["planCacheEvictTrigger exited."]
[2026/07/25 09:32:33.076 +08:00] [INFO] [wait_group_wrapper.go:150] ["background process exited"] [source=domain] [process=planCacheEvictTrigger]
[2026/07/25 09:32:33.076 +08:00] [INFO] [manager.go:420] ["watch owner finished"] [key=/tidb/bindinfo/owner] [id=75e1294a-c4c0-4fdb-857b-28b34a67b83f] []
[2026/07/25 09:32:33.076 +08:00] [INFO] [manager.go:333] ["retire owner"] [key=/tidb/bindinfo/owner] [id=75e1294a-c4c0-4fdb-857b-28b34a67b83f]
[2026/07/25 09:32:33.076 +08:00] [INFO] [manager.go:424] ["is not the owner"] [key=/tidb/bindinfo/owner] [id=75e1294a-c4c0-4fdb-857b-28b34a67b83f]
[2026/07/25 09:32:33.076 +08:00] [INFO] [manager.go:385] ["break campaign loop, context is done"] [key=/tidb/bindinfo/owner] [id=75e1294a-c4c0-4fdb-857b-28b34a67b83f]
[2026/07/25 09:32:33.076 +08:00] [INFO] [domain.go:2225] ["deltaUpdateTicker exit preprocessing finished"]
[2026/07/25 09:32:33.076 +08:00] [INFO] [wait_group_wrapper.go:150] ["background process exited"] [source=domain] [process=deltaUpdateTickerWorker]
[2026/07/25 09:32:33.078 +08:00] [INFO] [domain.go:1616] ["globalBindHandleWorkerLoop exited."]
[2026/07/25 09:32:33.078 +08:00] [INFO] [wait_group_wrapper.go:150] ["background process exited"] [source=domain] [process=globalBindHandleWorkerLoop]
[2026/07/25 09:32:33.078 +08:00] [INFO] [domain.go:2201] ["gcStatsWorker exit preprocessing finished"]
[2026/07/25 09:32:33.078 +08:00] [INFO] [domain.go:2246] ["gcStatsWorker exited."]
[2026/07/25 09:32:33.078 +08:00] [INFO] [wait_group_wrapper.go:150] ["background process exited"] [source=domain] [process=gcStatsWorker]
[2026/07/25 09:32:33.078 +08:00] [INFO] [domain.go:979] ["closestReplicaReadCheckLoop exited."]
[2026/07/25 09:32:33.078 +08:00] [INFO] [wait_group_wrapper.go:150] ["background process exited"] [source=domain] [process=closestReplicaReadCheckLoop]
[2026/07/25 09:32:33.078 +08:00] [INFO] [domain.go:391] ["topNSlowQueryLoop exited."]
[2026/07/25 09:32:33.078 +08:00] [INFO] [wait_group_wrapper.go:150] ["background process exited"] [source=domain] [process=topNSlowQueryLoop]
[2026/07/25 09:32:33.078 +08:00] [INFO] [wait_group_wrapper.go:150] ["background process exited"] [source=domain] [process=mdlCheckLoop]
[2026/07/25 09:32:33.078 +08:00] [INFO] [syncer.go:304] ["info schema sync loop exited."]
[2026/07/25 09:32:33.078 +08:00] [INFO] [wait_group_wrapper.go:150] ["background process exited"] [source=domain] [process=loadSchemaInLoop]
[2026/07/25 09:32:33.078 +08:00] [WARN] [meta_storage_client.go:165] ["watch stream closed"] [error="rpc error: code = Canceled desc = context canceled"]
[2026/07/25 09:32:33.078 +08:00] [INFO] [wait_group_wrapper.go:150] ["background process exited"] [source=domain] [process=crossKSSessMgrGCLoop]
[2026/07/25 09:32:33.078 +08:00] [INFO] [advancer_cliext.go:194] ["Start collecting remaining events in the channel."] [category="log backup advancer"] [remained=0]
[2026/07/25 09:32:33.078 +08:00] [WARN] [meta_storage_client.go:165] ["watch stream closed"] [error="rpc error: code = Canceled desc = context canceled"]
[2026/07/25 09:32:33.078 +08:00] [INFO] [advancer_cliext.go:199] ["Finish collecting remaining events in the channel."] [category="log backup advancer"]
[2026/07/25 09:32:33.078 +08:00] [INFO] [owner_daemon.go:87] ["daemon loop exits"] [id=a3a942ac-3d48-4b68-ac83-b2c747f8f361] [daemon-id=LogBackup::Advancer]
[2026/07/25 09:32:33.078 +08:00] [INFO] [wait_group_wrapper.go:150] ["background process exited"] [source=domain] [process=logBackupAdvancer]
[2026/07/25 09:32:33.079 +08:00] [WARN] [metering.go:383] ["failed to write metering data"] [component=meter] [timestamp=1784943180] [error="failed to upload page data: operation error S3: PutObject, context canceled"] [duration=944.333µs] [data="[{\"cluster_id\":\"keyspace1\",\"cluster_write_bytes\":82,\"get_requests\":11,\"obj_store_read_bytes\":1715,\"obj_store_write_bytes\":1309,\"put_requests\":5,\"source_name\":\"dxf\",\"task_id\":150001,\"task_type\":\"ImportInto\",\"version\":\"1\"}]"]
[2026/07/25 09:32:33.079 +08:00] [INFO] [metering.go:253] ["recorder unregistered and finished final flush"] [component=meter] [accumulatedData="{id: 150001, keyspace: keyspace1, type: ImportInto, requests{get: 11, put: 5}, obj_store{r: 1.675KiB, w: 1.278KiB}, cluster{r: 0B, w: 82B}"]
[2026/07/25 09:32:33.079 +08:00] [INFO] [wait_group_wrapper.go:150] ["background process exited"] [source=domain] [process=dxfMeteringFlushLoop]
[2026/07/25 09:32:33.081 +08:00] [INFO] [cross_ks.go:516] ["close cross keyspace session manager"] [targetKS=keyspace1]
[2026/07/25 09:32:33.081 +08:00] [INFO] [syncer.go:288] ["server info sync loop exited."]
[2026/07/25 09:32:33.081 +08:00] [INFO] [syncer.go:304] ["info schema sync loop exited."] [targetKS=keyspace1]
[2026/07/25 09:32:33.082 +08:00] [INFO] [client.go:356] ["[pd] http client closed"] [source=tikv-driver]
[2026/07/25 09:32:33.082 +08:00] [INFO] [router_service_discovery.go:273] ["[router service] exit check member loop"]
[2026/07/25 09:32:33.082 +08:00] [INFO] [dispatcher.go:207] ["[tso] stop fetching the pending tso requests due to context canceled"]
[2026/07/25 09:32:33.082 +08:00] [INFO] [resource_manager_client.go:341] ["[resource manager] exit resource token dispatcher"]
[2026/07/25 09:32:33.082 +08:00] [INFO] [dispatcher.go:149] ["[tso] exit tso dispatcher"]
[2026/07/25 09:32:33.082 +08:00] [INFO] [inner_client.go:96] ["[pd] exit router client initializer"]
[2026/07/25 09:32:33.082 +08:00] [INFO] [client.go:277] ["[tso] exit tso connection contexts updater"]
[2026/07/25 09:32:33.082 +08:00] [INFO] [watcher.go:73] ["[pd] exit the deadline watcher"] [source=tso]
[2026/07/25 09:32:33.082 +08:00] [INFO] [router_service_discovery.go:315] ["[router service] exit health check member loop"]
[2026/07/25 09:32:33.082 +08:00] [INFO] [service_discovery.go:562] ["[pd] exit member loop due to context canceled"]
[2026/07/25 09:32:33.082 +08:00] [INFO] [router_service_discovery.go:287] ["[router service] closing router service discovery"]
[2026/07/25 09:32:33.082 +08:00] [INFO] [router_service_discovery.go:303] ["[router service] is closed"]
[2026/07/25 09:32:33.082 +08:00] [INFO] [client.go:155] ["[tso] closing tso client"]
[2026/07/25 09:32:33.082 +08:00] [INFO] [client.go:160] ["[tso] close tso client"]
[2026/07/25 09:32:33.082 +08:00] [INFO] [client.go:162] ["[tso] tso client is closed"]
[2026/07/25 09:32:33.082 +08:00] [INFO] [service_discovery.go:653] ["[pd] close service discovery client"]
[2026/07/25 09:32:33.082 +08:00] [INFO] [stream.go:366] ["tsoStream.recvLoop ended"] [stream=192.168.124.17:12379-2] [error="rpc error: code = Canceled desc = context canceled"] [errorVerbose="rpc error: code = Canceled desc = context canceled\ngithub.com/tikv/pd/client/clients/tso.(*tsoStream).recvLoop\n\t/Users/bba/.gvm/pkgsets/go1.25.1/global/pkg/mod/github.com/tikv/pd/client@v0.0.0-20260708075407-4e05b9d2c2d3/clients/tso/stream.go:434\nruntime.goexit\n\t/Users/bba/.gvm/pkgsets/go1.25.1/global/pkg/mod/golang.org/toolchain@v0.0.1-go1.25.10.darwin-arm64/src/runtime/asm_arm64.s:1268"]
[2026/07/25 09:32:33.082 +08:00] [INFO] [inner_client.go:275] ["[pd] close client successfully"]
[2026/07/25 09:32:33.082 +08:00] [INFO] [domain.go:550] ["domain closed"] ["take time"=8.375167ms]
[2026/07/25 09:32:33.083 +08:00] [INFO] [client.go:356] ["[pd] http client closed"] [source=tikv-driver]
[2026/07/25 09:32:33.083 +08:00] [INFO] [router_service_discovery.go:273] ["[router service] exit check member loop"]
[2026/07/25 09:32:33.083 +08:00] [INFO] [resource_manager_client.go:341] ["[resource manager] exit resource token dispatcher"]
[2026/07/25 09:32:33.083 +08:00] [INFO] [router_service_discovery.go:315] ["[router service] exit health check member loop"]
[2026/07/25 09:32:33.083 +08:00] [INFO] [stream.go:366] ["tsoStream.recvLoop ended"] [stream=192.168.124.17:12379-1] [error="rpc error: code = Canceled desc = context canceled"] [errorVerbose="rpc error: code = Canceled desc = context canceled\ngithub.com/tikv/pd/client/clients/tso.(*tsoStream).recvLoop\n\t/Users/bba/.gvm/pkgsets/go1.25.1/global/pkg/mod/github.com/tikv/pd/client@v0.0.0-20260708075407-4e05b9d2c2d3/clients/tso/stream.go:434\nruntime.goexit\n\t/Users/bba/.gvm/pkgsets/go1.25.1/global/pkg/mod/golang.org/toolchain@v0.0.1-go1.25.10.darwin-arm64/src/runtime/asm_arm64.s:1268"]
[2026/07/25 09:32:33.083 +08:00] [INFO] [service_discovery.go:562] ["[pd] exit member loop due to context canceled"]
[2026/07/25 09:32:33.083 +08:00] [INFO] [watcher.go:73] ["[pd] exit the deadline watcher"] [source=tso]
[2026/07/25 09:32:33.083 +08:00] [INFO] [client.go:277] ["[tso] exit tso connection contexts updater"]
[2026/07/25 09:32:33.083 +08:00] [INFO] [inner_client.go:96] ["[pd] exit router client initializer"]
[2026/07/25 09:32:33.083 +08:00] [INFO] [router_service_discovery.go:287] ["[router service] closing router service discovery"]
[2026/07/25 09:32:33.083 +08:00] [INFO] [router_service_discovery.go:303] ["[router service] is closed"]
[2026/07/25 09:32:33.083 +08:00] [INFO] [client.go:155] ["[tso] closing tso client"]
[2026/07/25 09:32:33.083 +08:00] [INFO] [dispatcher.go:207] ["[tso] stop fetching the pending tso requests due to context canceled"]
[2026/07/25 09:32:33.083 +08:00] [INFO] [dispatcher.go:149] ["[tso] exit tso dispatcher"]
[2026/07/25 09:32:33.083 +08:00] [INFO] [client.go:160] ["[tso] close tso client"]
[2026/07/25 09:32:33.083 +08:00] [INFO] [client.go:162] ["[tso] tso client is closed"]
[2026/07/25 09:32:33.083 +08:00] [INFO] [service_discovery.go:653] ["[pd] close service discovery client"]
[2026/07/25 09:32:33.083 +08:00] [INFO] [inner_client.go:275] ["[pd] close client successfully"]
--- FAIL: TestAINativeNextGenImportConcurrentDMLWriteFence (9.92s)
FAIL
FAIL	github.com/pingcap/tidb/tests/realtikvtest/importintotest3	12.177s
FAIL
