=== RUN   TestAINativePessimisticRetryScalarSubqueryMixedGeneration
[2026/07/14 18:18:27.124 +08:00] [INFO] [service_discovery.go:1030] ["[pd] switch leader"] [new-leader=http://127.0.0.1:2379] [old-leader=]
[2026/07/14 18:18:27.125 +08:00] [INFO] [service_discovery.go:509] ["[pd] init cluster id"] [cluster-id=7662326024078335546]
[2026/07/14 18:18:27.125 +08:00] [INFO] [client.go:214] ["[tso] switch the tso leader serving url"] [new-url=http://127.0.0.1:2379]
[2026/07/14 18:18:27.125 +08:00] [INFO] [inner_client.go:173] ["[pd] tso provider changed to pd"]
[2026/07/14 18:18:27.125 +08:00] [INFO] [watcher.go:56] ["[pd] start the deadline watcher"] [source=tso]
[2026/07/14 18:18:27.125 +08:00] [INFO] [client.go:251] ["[tso] start tso connection contexts updater"]
[2026/07/14 18:18:27.125 +08:00] [INFO] [dispatcher.go:146] ["[tso] tso dispatcher created"]
[2026/07/14 18:18:27.125 +08:00] [INFO] [dispatcher.go:598] ["[tso] switching tso rpc concurrency"] [old=0] [new=1]
[2026/07/14 18:18:27.126 +08:00] [INFO] [inner_client.go:154] ["[pd] service mode changed"] [new-mode=PD_SVC_MODE]
[2026/07/14 18:18:27.126 +08:00] [INFO] [router_service_discovery.go:162] ["[router service] created router service discovery"] [cluster-id=7662326024078335546] [keyspace-id=4294967295] [default-discovery-key=/ms/7662326024078335546/router/registry/]
[2026/07/14 18:18:27.126 +08:00] [INFO] [router_service_discovery.go:174] ["[router service] initializing router service discovery"] [max-retry-times=100] [retry-interval=1s]
[2026/07/14 18:18:27.126 +08:00] [INFO] [router_service_discovery.go:260] ["[router service] update member sorted urls"] [new-sorted-urls="[]"]
[2026/07/14 18:18:27.126 +08:00] [INFO] [router_service_discovery.go:245] ["[router service] updating nodes succeeded"] [urls="[]"] [clients-length=0]
[2026/07/14 18:18:27.126 +08:00] [INFO] [client.go:424] ["[router] connection daemon is started"]
[2026/07/14 18:18:27.126 +08:00] [INFO] [client.go:585] ["[router] dispatcher is started"]
[2026/07/14 18:18:27.126 +08:00] [INFO] [tikv_driver.go:194] ["using API V1."]
[2026/07/14 18:18:27.126 +08:00] [INFO] [inner_client.go:91] ["[pd] start router client initializer"]
[2026/07/14 18:18:27.126 +08:00] [INFO] [client.go:509] ["[router] successfully established the leader router stream connection"] [url=http://127.0.0.1:2379]
[2026/07/14 18:18:27.126 +08:00] [INFO] [metamanager.go:146] ["return meta service group info"] [meta-service-info="{\"PDAddrs\":[\"127.0.0.1:2379\"],\"Group\":{\"GroupID\":\"0\",\"Addrs\":[\"127.0.0.1:2379\"]}}"]
[2026/07/14 18:18:27.130 +08:00] [INFO] [store_cache.go:572] ["change store resolve state"] [store=1] [addr=127.0.0.1:20160] [from=unresolved] [to=resolved] [liveness-state=reachable]
[2026/07/14 18:18:27.135 +08:00] [INFO] [session.go:4168] ["init DDL tables"] [currVer=0] [targetVer=1]
[2026/07/14 18:18:27.136 +08:00] [INFO] [add_column.go:1339] ["Automatically convert BLOB(65535) to MEDIUMBLOB"] [category=ddl]
[2026/07/14 18:18:27.136 +08:00] [INFO] [add_column.go:1339] ["Automatically convert BLOB(65535) to MEDIUMBLOB"] [category=ddl]
[2026/07/14 18:18:27.136 +08:00] [INFO] [add_column.go:1339] ["Automatically convert BLOB(65535) to MEDIUMBLOB"] [category=ddl]
[2026/07/14 18:18:27.136 +08:00] [INFO] [add_column.go:1339] ["Automatically convert BLOB(65535) to MEDIUMBLOB"] [category=ddl]
[2026/07/14 18:18:27.137 +08:00] [INFO] [session.go:4168] ["init DDL tables"] [currVer=0] [targetVer=2]
[2026/07/14 18:18:27.137 +08:00] [INFO] [add_column.go:1339] ["Automatically convert BLOB(65535) to MEDIUMBLOB"] [category=ddl]
[2026/07/14 18:18:27.138 +08:00] [INFO] [session.go:4168] ["init DDL tables"] [currVer=0] [targetVer=3]
[2026/07/14 18:18:27.138 +08:00] [INFO] [session.go:4168] ["init DDL tables"] [currVer=0] [targetVer=4]
[2026/07/14 18:18:27.143 +08:00] [INFO] [tidb.go:103] ["new domain"] [store=tikv-7662326024078335546/] ["ddl lease"=500ms] ["stats lease"=3s]
[2026/07/14 18:18:27.183 +08:00] [INFO] [info.go:279] ["init TiFlashReplicaManager"]
[2026/07/14 18:18:27.211 +08:00] [INFO] [domain.go:2708] [acquireServerID] [serverID=1476] ["lease id"=22319f6022726068]
[2026/07/14 18:18:27.216 +08:00] [INFO] [global_controller.go:219] ["load resource controller config"] [config="{\"degraded-mode-wait-duration\":\"0s\",\"ltb-max-wait-duration\":\"30s\",\"ltb-token-rpc-max-delay\":\"1s\",\"request-unit\":{\"read-base-cost\":0.125,\"read-per-batch-base-cost\":0.5,\"read-cost-per-byte\":0.0000152587890625,\"write-base-cost\":1,\"write-per-batch-base-cost\":1,\"write-cost-per-byte\":0.0009765625,\"read-cpu-ms-cost\":0.3333333333333333},\"enable-controller-trace-log\":\"false\",\"token-rpc-params\":{\"wait-retry-interval\":\"50ms\",\"wait-retry-times\":20}}"] [ru-config="{\"ReadBaseCost\":0.125,\"ReadPerBatchBaseCost\":0.5,\"ReadBytesCost\":0.0000152587890625,\"WriteBaseCost\":1,\"WritePerBatchBaseCost\":1,\"WriteBytesCost\":0.0009765625,\"CPUMsCost\":0.3333333333333333,\"LTBMaxWaitDuration\":30000000000,\"WaitRetryInterval\":50000000,\"WaitRetryTimes\":20,\"DegradedModeWaitDuration\":0}"] [keyspace-id=4294967295]
[2026/07/14 18:18:27.223 +08:00] [INFO] [loader.go:281] ["full load InfoSchema success"] [mode=auto] [isV2=true] [currentSchemaVersion=0] [neededSchemaVersion=0] ["elapsed time"=5.573333ms]
[2026/07/14 18:18:27.223 +08:00] [INFO] [syncer.go:456] ["full load and reset schema validator"]
[2026/07/14 18:18:27.224 +08:00] [INFO] [ddl.go:1070] ["change job version in use"] [category=ddl] [old=v1] [new=v2]
[2026/07/14 18:18:27.224 +08:00] [INFO] [ddl.go:994] ["job version in use is not v2 or global index v1 not supported, maybe in upgrade, start detecting"] [category=ddl] [current=v2] [globalIndexV1Supported=false]
[2026/07/14 18:18:27.224 +08:00] [INFO] [ddl.go:882] ["start DDL"] [category=ddl] [ID=4705f4a5-9657-4852-85f9-67d5ffaadb45] [runWorker=true] [jobVersion=v2] [startMode=bootstrap]
[2026/07/14 18:18:27.224 +08:00] [INFO] [ddl.go:857] ["start delRangeManager OK"] [category=ddl] ["is a emulator"=false]
[2026/07/14 18:18:27.228 +08:00] [INFO] [manager.go:289] ["start campaign owner"] [key=/tidb/ddl/fg/owner] [id=4705f4a5-9657-4852-85f9-67d5ffaadb45]
[2026/07/14 18:18:27.229 +08:00] [WARN] [global_controller.go:850] ["[resource group controller] resource group name does not exist"] [name=default]
[2026/07/14 18:18:27.236 +08:00] [INFO] [env.go:123] ["the ingest sorted directory"] [category=ddl-ingest] ["data path"=/tmp/tidb/tmp_ddl-4000]
[2026/07/14 18:18:27.236 +08:00] [WARN] [env.go:84] ["ingest backfill may not be available"] [category=ddl-ingest] [error="the available disk space(40880279552) in /tmp/tidb/tmp_ddl-4000 should be greater than @@tidb_ddl_disk_quota(107374182400)"] [errorVerbose="the available disk space(40880279552) in /tmp/tidb/tmp_ddl-4000 should be greater than @@tidb_ddl_disk_quota(107374182400)\ngithub.com/pingcap/tidb/pkg/ddl/ingest.(*diskRootImpl).StartupCheck\n\t/Users/bba/pc/ai-native-fuzz-assets/.txnlab/worktrees/campaign.txn.terminal.20260714/tidb/pkg/ddl/ingest/disk_root.go:191\ngithub.com/pingcap/tidb/pkg/ddl/ingest.InitGlobalLightningEnv\n\t/Users/bba/pc/ai-native-fuzz-assets/.txnlab/worktrees/campaign.txn.terminal.20260714/tidb/pkg/ddl/ingest/env.go:82\ngithub.com/pingcap/tidb/pkg/ddl.(*ddl).Start\n\t/Users/bba/pc/ai-native-fuzz-assets/.txnlab/worktrees/campaign.txn.terminal.20260714/tidb/pkg/ddl/ddl.go:944\ngithub.com/pingcap/tidb/pkg/domain.(*Domain).Start\n\t/Users/bba/pc/ai-native-fuzz-assets/.txnlab/worktrees/campaign.txn.terminal.20260714/tidb/pkg/domain/domain.go:809\ngithub.com/pingcap/tidb/pkg/session.runInBootstrapSession\n\t/Users/bba/pc/ai-native-fuzz-assets/.txnlab/worktrees/campaign.txn.terminal.20260714/tidb/pkg/session/session.go:4624\ngithub.com/pingcap/tidb/pkg/session.bootstrapSessionImpl\n\t/Users/bba/pc/ai-native-fuzz-assets/.txnlab/worktrees/campaign.txn.terminal.20260714/tidb/pkg/session/session.go:4351\ngithub.com/pingcap/tidb/pkg/session.BootstrapSession\n\t/Users/bba/pc/ai-native-fuzz-assets/.txnlab/worktrees/campaign.txn.terminal.20260714/tidb/pkg/session/session.go:4292\ngithub.com/pingcap/tidb/tests/realtikvtest.CreateMockStoreAndDomainAndSetup\n\t/Users/bba/pc/ai-native-fuzz-assets/.txnlab/worktrees/campaign.txn.terminal.20260714/tidb/tests/realtikvtest/testkit.go:297\ngithub.com/pingcap/tidb/tests/realtikvtest.CreateMockStoreAndSetup\n\t/Users/bba/pc/ai-native-fuzz-assets/.txnlab/worktrees/campaign.txn.terminal.20260714/tidb/tests/realtikvtest/testkit.go:225\ngithub.com/pingcap/tidb/tests/realtikvtest/txntest.TestAINativePessimisticRetryScalarSubqueryMixedGeneration\n\t/Users/bba/pc/ai-native-fuzz-assets/.txnlab/worktrees/campaign.txn.terminal.20260714/tidb/tests/realtikvtest/txntest/txn_test.go:44\ntesting.tRunner\n\t/Users/bba/.gvm/pkgsets/go1.25.1/global/pkg/mod/golang.org/toolchain@v0.0.1-go1.25.10.darwin-arm64/src/testing/testing.go:1934\nruntime.goexit\n\t/Users/bba/.gvm/pkgsets/go1.25.1/global/pkg/mod/golang.org/toolchain@v0.0.1-go1.25.10.darwin-arm64/src/runtime/asm_arm64.s:1268"]
[2026/07/14 18:18:27.236 +08:00] [INFO] [env.go:88] ["init global ingest backend environment finished"] [category=ddl-ingest] ["memory limitation"=19327352832] ["disk usage info"="disk usage: 953782304768/994662584320, backend usage: 0"] ["max open file number"=138240] ["lightning is initialized"=true]
[2026/07/14 18:18:27.236 +08:00] [INFO] [wait_group_wrapper.go:141] ["background process started"] [source=domain] [process=loadSchemaInLoop]
[2026/07/14 18:18:27.236 +08:00] [INFO] [wait_group_wrapper.go:141] ["background process started"] [source=domain] [process=mdlCheckLoop]
[2026/07/14 18:18:27.236 +08:00] [INFO] [wait_group_wrapper.go:141] ["background process started"] [source=domain] [process=topNSlowQueryLoop]
[2026/07/14 18:18:27.236 +08:00] [INFO] [wait_group_wrapper.go:141] ["background process started"] [source=domain] [process=infoSyncerKeeper]
[2026/07/14 18:18:27.236 +08:00] [INFO] [wait_group_wrapper.go:141] ["background process started"] [source=domain] [process=globalConfigSyncerKeeper]
[2026/07/14 18:18:27.236 +08:00] [INFO] [wait_group_wrapper.go:141] ["background process started"] [source=domain] [process=runawayRecordFlushLoop]
[2026/07/14 18:18:27.236 +08:00] [INFO] [wait_group_wrapper.go:141] ["background process started"] [source=domain] [process=runawayWatchSyncLoop]
[2026/07/14 18:18:27.236 +08:00] [INFO] [wait_group_wrapper.go:141] ["background process started"] [source=domain] [process=requestUnitsWriterLoop]
[2026/07/14 18:18:27.236 +08:00] [INFO] [wait_group_wrapper.go:141] ["background process started"] [source=domain] [process=topologySyncerKeeper]
[2026/07/14 18:18:27.236 +08:00] [INFO] [wait_group_wrapper.go:141] ["background process started"] [source=domain] [process=closestReplicaReadCheckLoop]
[2026/07/14 18:18:27.236 +08:00] [INFO] [wait_group_wrapper.go:150] ["background process exited"] [source=domain] [process=requestUnitsWriterLoop]
[2026/07/14 18:18:27.236 +08:00] [INFO] [owner_daemon.go:70] ["begin advancer daemon"] [daemon-id=LogBackup::Advancer]
[2026/07/14 18:18:27.236 +08:00] [INFO] [manager.go:289] ["start campaign owner"] [key=/tidb/br-stream/owner] [id=7d647dfb-3261-45d3-b36b-935a2d5f42d2]
[2026/07/14 18:18:27.251 +08:00] [INFO] [manager.go:527] ["get owner"] [key=/tidb/ddl/fg/owner] ["owner key"=/tidb/ddl/fg/owner/22319f6022726073] [ownerID=4705f4a5-9657-4852-85f9-67d5ffaadb45]
[2026/07/14 18:18:27.251 +08:00] [INFO] [manager.go:324] ["become owner"] [key=/tidb/ddl/fg/owner] [id=4705f4a5-9657-4852-85f9-67d5ffaadb45]
[2026/07/14 18:18:27.251 +08:00] [INFO] [manager.go:616] ["watching owner key"] [key=/tidb/ddl/fg/owner] [id=4705f4a5-9657-4852-85f9-67d5ffaadb45] [ownerKey=/tidb/ddl/fg/owner/22319f6022726073] [currRev=41]
[2026/07/14 18:18:27.251 +08:00] [INFO] [wait_group_wrapper.go:141] ["background process started"] [source=domain] [process=logBackupAdvancer]
[2026/07/14 18:18:27.251 +08:00] [INFO] [manager.go:527] ["get owner"] [key=/tidb/br-stream/owner] ["owner key"=/tidb/br-stream/owner/22319f6022726077] [ownerID=7d647dfb-3261-45d3-b36b-935a2d5f42d2]
[2026/07/14 18:18:27.251 +08:00] [INFO] [manager.go:324] ["become owner"] [key=/tidb/br-stream/owner] [id=7d647dfb-3261-45d3-b36b-935a2d5f42d2]
[2026/07/14 18:18:27.251 +08:00] [INFO] [manager.go:616] ["watching owner key"] [key=/tidb/br-stream/owner] [id=7d647dfb-3261-45d3-b36b-935a2d5f42d2] [ownerKey=/tidb/br-stream/owner/22319f6022726077] [currRev=41]
[2026/07/14 18:18:27.251 +08:00] [INFO] [owner_daemon.go:81] ["begin running daemon"] [id=7d647dfb-3261-45d3-b36b-935a2d5f42d2] [daemon-id=LogBackup::Advancer]
[2026/07/14 18:18:27.251 +08:00] [INFO] [job_scheduler.go:363] ["get global state and global state change"] [category=ddl] [oldState=false] [currState=false]
[2026/07/14 18:18:27.252 +08:00] [INFO] [manager.go:561] ["set owner op is the same as the original, so do nothing."] [key=/tidb/ddl/fg/owner] [id=4705f4a5-9657-4852-85f9-67d5ffaadb45] [op=none]
[2026/07/14 18:18:27.252 +08:00] [INFO] [job_scheduler.go:375] ["the owner sets owner operator value"] [category=ddl] [ownerOp=none]
[2026/07/14 18:18:27.254 +08:00] [INFO] [session.go:5103] ["CRUCIAL OPERATION"] [conn=0] [schemaVersion=0] [cur_db=mysql] [sql="CREATE DATABASE IF NOT EXISTS `mysql`"] [user=]
[2026/07/14 18:18:27.256 +08:00] [WARN] [global_controller.go:850] ["[resource group controller] resource group name does not exist"] [name=default]
[2026/07/14 18:18:27.257 +08:00] [WARN] [global_controller.go:850] ["[resource group controller] resource group name does not exist"] [name=default]
[2026/07/14 18:18:27.258 +08:00] [INFO] [job_submitter.go:118] ["add DDL jobs"] [category=ddl] ["batch count"=1] [jobs="ID:3, Type:create schema, State:queueing, SchemaState:none, SchemaID:2, TableID:0, RowCount:0, ArgLen:1, start time: 2026-07-14 18:18:27.21 +0800 CST, Err:<nil>, ErrCount:0, SnapshotVersion:0, Version: v2; "] [fast_create=true]
[2026/07/14 18:18:27.258 +08:00] [INFO] [executor.go:7274] ["DDL job submitted"] [category=ddl] [job="ID:3, Type:create schema, State:queueing, SchemaState:none, SchemaID:2, TableID:0, RowCount:0, ArgLen:1, start time: 2026-07-14 18:18:27.21 +0800 CST, Err:<nil>, ErrCount:0, SnapshotVersion:0, Version: v2"] [query="CREATE DATABASE IF NOT EXISTS `sys`"]
[2026/07/14 18:18:27.259 +08:00] [WARN] [global_controller.go:850] ["[resource group controller] resource group name does not exist"] [name=default]
[2026/07/14 18:18:27.260 +08:00] [WARN] [global_controller.go:850] ["[resource group controller] resource group name does not exist"] [name=default]
[2026/07/14 18:18:27.260 +08:00] [INFO] [job_worker.go:854] ["run one job step"] [category=ddl] [jobID=3] [job="ID:3, Type:create schema, State:queueing, SchemaState:none, SchemaID:2, TableID:0, RowCount:0, ArgLen:0, start time: 2026-07-14 18:18:27.21 +0800 CST, Err:<nil>, ErrCount:0, SnapshotVersion:0, Version: v2"]
[2026/07/14 18:18:27.260 +08:00] [WARN] [global_controller.go:850] ["[resource group controller] resource group name does not exist"] [name=default]
[2026/07/14 18:18:27.261 +08:00] [WARN] [global_controller.go:850] ["[resource group controller] resource group name does not exist"] [name=default]
[2026/07/14 18:18:27.261 +08:00] [WARN] [global_controller.go:850] ["[resource group controller] resource group name does not exist"] [name=default]
[2026/07/14 18:18:27.274 +08:00] [INFO] [loader.go:281] ["full load InfoSchema success"] [mode=auto] [isV2=true] [currentSchemaVersion=0] [neededSchemaVersion=1] ["elapsed time"=5.809833ms]
[2026/07/14 18:18:27.274 +08:00] [INFO] [syncer.go:456] ["full load and reset schema validator"]
[2026/07/14 18:18:27.275 +08:00] [INFO] [syncer.go:258] ["session manager is nil"]
[2026/07/14 18:18:27.275 +08:00] [INFO] [syncer.go:281] ["mdl gets lock, update self version to owner"] [jobID=3] [version=1]
[2026/07/14 18:18:27.286 +08:00] [INFO] [schema_version.go:397] ["wait schema version synced success"] [category=ddl] [ver=1] [checkAssumedSvr=false] ["take time"=18.801916ms] [job="ID:3, Type:create schema, State:done, SchemaState:public, SchemaID:2, TableID:0, RowCount:0, ArgLen:1, start time: 2026-07-14 18:18:27.21 +0800 CST, Err:<nil>, ErrCount:0, SnapshotVersion:0, Version: v2"] [summary="server count: 1"]
[2026/07/14 18:18:27.288 +08:00] [WARN] [global_controller.go:850] ["[resource group controller] resource group name does not exist"] [name=default]
[2026/07/14 18:18:27.289 +08:00] [WARN] [global_controller.go:850] ["[resource group controller] resource group name does not exist"] [name=default]
[2026/07/14 18:18:27.289 +08:00] [WARN] [global_controller.go:850] ["[resource group controller] resource group name does not exist"] [name=default]
[2026/07/14 18:18:27.289 +08:00] [WARN] [global_controller.go:850] ["[resource group controller] resource group name does not exist"] [name=default]
[2026/07/14 18:18:27.290 +08:00] [WARN] [global_controller.go:850] ["[resource group controller] resource group name does not exist"] [name=default]
[2026/07/14 18:18:27.290 +08:00] [INFO] [job_worker.go:447] ["finish DDL job"] [category=ddl] [jobID=3] [job="ID:3, Type:create schema, State:synced, SchemaState:public, SchemaID:2, TableID:0, RowCount:0, ArgLen:0, start time: 2026-07-14 18:18:27.21 +0800 CST, Err:<nil>, ErrCount:0, SnapshotVersion:0, Version: v2"]
[2026/07/14 18:18:27.290 +08:00] [WARN] [global_controller.go:850] ["[resource group controller] resource group name does not exist"] [name=default]
[2026/07/14 18:18:27.292 +08:00] [WARN] [global_controller.go:850] ["[resource group controller] resource group name does not exist"] [name=default]
[2026/07/14 18:18:27.293 +08:00] [WARN] [global_controller.go:850] ["[resource group controller] resource group name does not exist"] [name=default]
[2026/07/14 18:18:27.293 +08:00] [INFO] [executor.go:7412] ["DDL job is finished"] [category=ddl] [jobID=3]
[2026/07/14 18:18:27.293 +08:00] [INFO] [session.go:5103] ["CRUCIAL OPERATION"] [conn=0] [schemaVersion=1] [cur_db=mysql] [sql="CREATE DATABASE IF NOT EXISTS `sys`"] [user=]
[2026/07/14 18:18:27.294 +08:00] [INFO] [helper.go:189] ["set random timezone for getStmtTimestamp"] [timezone=Europe/Berlin]
[2026/07/14 18:18:27.294 +08:00] [INFO] [executor.go:7595] ["system variable tidb_scatter_region not found, use default value"] [category=ddl]
[2026/07/14 18:18:27.294 +08:00] [WARN] [global_controller.go:850] ["[resource group controller] resource group name does not exist"] [name=default]
[2026/07/14 18:18:27.296 +08:00] [WARN] [global_controller.go:850] ["[resource group controller] resource group name does not exist"] [name=default]
[2026/07/14 18:18:27.298 +08:00] [INFO] [job_submitter.go:118] ["add DDL jobs"] [category=ddl] ["batch count"=1] [jobs="ID:5, Type:create table, State:queueing, SchemaState:none, SchemaID:1, TableID:4, RowCount:0, ArgLen:1, start time: 2026-07-14 18:18:27.259 +0800 CST, Err:<nil>, ErrCount:0, SnapshotVersion:0, Version: v2; "] [fast_create=true]
[2026/07/14 18:18:27.298 +08:00] [INFO] [executor.go:7274] ["DDL job submitted"] [category=ddl] [job="ID:5, Type:create table, State:queueing, SchemaState:none, SchemaID:1, TableID:4, RowCount:0, ArgLen:1, start time: 2026-07-14 18:18:27.259 +0800 CST, Err:<nil>, ErrCount:0, SnapshotVersion:0, Version: v2"] [query="CREATE TABLE IF NOT EXISTS mysql.user (\n\t\tHost\t\t\t\t\tCHAR(255),\n\t\tUser\t\t\t\t\tCHAR(32),\n\t\tauthentication_string\tTEXT,\n\t\tplugin\t\t\t\t\tCHAR(64),\n\t\tSelect_priv\t\t\t\tENUM('N','Y') NOT NULL DEFAULT 'N',\n\t\tInsert_priv\t\t\t\tENUM('N','Y') NOT NULL DEFAULT 'N',\n\t\tUpdate_priv\t\t\t\tENUM('N','Y') NOT NULL DEFAULT 'N',\n\t\tDelete_priv\t\t\t\tENUM('N','Y') NOT NULL DEFAULT 'N',\n\t\tCreate_priv\t\t\t\tENUM('N','Y') NOT NULL DEFAULT 'N',\n\t\tDrop_priv\t\t\t\tENUM('N','Y') NOT NULL DEFAULT 'N',\n\t\tProcess_priv\t\t\tENUM('N','Y') NOT NULL DEFAULT 'N',\n\t\tGrant_priv\t\t\t\tENUM('N','Y') NOT NULL DEFAULT 'N',\n\t\tReferences_priv\t\t\tENUM('N','Y') NOT NULL DEFAULT 'N',\n\t\tAlter_priv\t\t\t\tENUM('N','Y') NOT NULL DEFAULT 'N',\n\t\tShow_db_priv\t\t\tENUM('N','Y') NOT NULL DEFAULT 'N',\n\t\tSuper_priv\t\t\t\tENUM('N','Y') NOT NULL DEFAULT 'N',\n\t\tCreate_tmp_table_priv\tENUM('N','Y') NOT NULL DEFAULT 'N',\n\t\tLock_tables_priv\t\tENUM('N','Y') NOT NULL DEFAULT 'N',\n\t\tExecute_priv\t\t\tENUM('N','Y') NOT NULL DEFAULT 'N',\n\t\tCreate_view_priv\t\tENUM('N','Y') NOT NULL DEFAULT 'N',\n\t\tShow_view_priv\t\t\tENUM('N','Y') NOT NULL DEFAULT 'N',\n\t\tCreate_routine_priv\t\tENUM('N','Y') NOT NULL DEFAULT 'N',\n\t\tAlter_routine_priv\t\tENUM('N','Y') NOT NULL DEFAULT 'N',\n\t\tIndex_priv\t\t\t\tENUM('N','Y') NOT NULL DEFAULT 'N',\n\t\tCreate_user_priv\t\tENUM('N','Y') NOT NULL DEFAULT 'N',\n\t\tEvent_priv\t\t\t\tENUM('N','Y') NOT NULL DEFAULT 'N',\n\t\tRepl_slave_priv\t    \tENUM('N','Y') NOT NULL DEFAULT 'N',\n\t\tRepl_client_priv\t\tENUM('N','Y') NOT NULL DEFAULT 'N',\n\t\tTrigger_priv\t\t\tENUM('N','Y') NOT NULL DEFAULT 'N',\n\t\tCreate_role_priv\t\tENUM('N','Y') NOT NULL DEFAULT 'N',\n\t\tDrop_role_priv\t\t\tENUM('N','Y') NOT NULL DEFAULT 'N',\n\t\tAccount_locked\t\t\tENUM('N','Y') NOT NULL DEFAULT 'N',\n\t\tShutdown_priv\t\t\tENUM('N','Y') NOT NULL DEFAULT 'N',\n\t\tReload_priv\t\t\t\tENUM('N','Y') NOT NULL DEFAULT 'N',\n\t\tFILE_priv\t\t\t\tENUM('N','Y') NOT NULL DEFAULT 'N',\n\t\tConfig_priv\t\t\t\tENUM('N','Y') NOT NULL DEFAULT 'N',\n\t\tCreate_Tablespace_Priv  ENUM('N','Y') NOT NULL DEFAULT 'N',\n\t\tPassword_reuse_history  smallint unsigned DEFAULT NULL,\n\t\tPassword_reuse_time     smallint unsigned DEFAULT NULL,\n\t\tUser_attributes\t\t\tjson,\n\t\tToken_issuer\t\t\tVARCHAR(255),\n\t\tPassword_expired\t\tENUM('N','Y') NOT NULL DEFAULT 'N',\n\t\tPassword_last_changed\tTIMESTAMP DEFAULT CURRENT_TIMESTAMP(),\n\t\tPassword_lifetime\t\tSMALLINT UNSIGNED DEFAULT NULL,\n\t\tMax_user_connections \tINT UNSIGNED NOT NULL DEFAULT 0,\n\t\tPRIMARY KEY (Host, User),\n\t\tKEY i_user (User));"]
[2026/07/14 18:18:27.298 +08:00] [WARN] [global_controller.go:850] ["[resource group controller] resource group name does not exist"] [name=default]
[2026/07/14 18:18:27.298 +08:00] [INFO] [lock_resolver.go:1631] ["txn lock cleanup resolve-lock rpc finished"] [action=commit] [txnStartTS=467671268002103314] [commitTS=467671268002103316] [regionID=8] [resolveLite=true] [resolvedByCheckTxnStatus=false]
[2026/07/14 18:18:27.299 +08:00] [WARN] [global_controller.go:850] ["[resource group controller] resource group name does not exist"] [name=default]
[2026/07/14 18:18:27.299 +08:00] [WARN] [global_controller.go:850] ["[resource group controller] resource group name does not exist"] [name=default]
[2026/07/14 18:18:27.299 +08:00] [INFO] [job_worker.go:854] ["run one job step"] [category=ddl] [jobID=5] [job="ID:5, Type:create table, State:queueing, SchemaState:none, SchemaID:1, TableID:4, RowCount:0, ArgLen:0, start time: 2026-07-14 18:18:27.259 +0800 CST, Err:<nil>, ErrCount:0, SnapshotVersion:0, Version: v2"]
[2026/07/14 18:18:27.301 +08:00] [WARN] [global_controller.go:850] ["[resource group controller] resource group name does not exist"] [name=default]
[2026/07/14 18:18:27.301 +08:00] [WARN] [global_controller.go:850] ["[resource group controller] resource group name does not exist"] [name=default]
[2026/07/14 18:18:27.302 +08:00] [WARN] [global_controller.go:850] ["[resource group controller] resource group name does not exist"] [name=default]
[2026/07/14 18:18:27.302 +08:00] [WARN] [global_controller.go:850] ["[resource group controller] resource group name does not exist"] [name=default]
[2026/07/14 18:18:27.309 +08:00] [INFO] [loader.go:216] ["diff load InfoSchema success"] [mode=auto] [isV2=true] [currVer=1] [neededVer=2] [gotVer=2] ["elapsed time"=513.458µs] [phyTblIDs="[4]"] [actionTypes="[3]"] [diffTypes="[\"create table\"]"]
[2026/07/14 18:18:27.309 +08:00] [INFO] [syncer.go:258] ["session manager is nil"]
[2026/07/14 18:18:27.310 +08:00] [INFO] [syncer.go:281] ["mdl gets lock, update self version to owner"] [jobID=5] [version=2]
[2026/07/14 18:18:27.314 +08:00] [INFO] [schema_version.go:397] ["wait schema version synced success"] [category=ddl] [ver=2] [checkAssumedSvr=false] ["take time"=6.019583ms] [job="ID:5, Type:create table, State:done, SchemaState:public, SchemaID:1, TableID:4, RowCount:0, ArgLen:1, start time: 2026-07-14 18:18:27.259 +0800 CST, Err:<nil>, ErrCount:0, SnapshotVersion:0, Version: v2"] [summary="server count: 1"]
[2026/07/14 18:18:27.315 +08:00] [WARN] [global_controller.go:850] ["[resource group controller] resource group name does not exist"] [name=default]
[2026/07/14 18:18:27.315 +08:00] [WARN] [global_controller.go:850] ["[resource group controller] resource group name does not exist"] [name=default]
[2026/07/14 18:18:27.316 +08:00] [WARN] [global_controller.go:850] ["[resource group controller] resource group name does not exist"] [name=default]
[2026/07/14 18:18:27.316 +08:00] [WARN] [global_controller.go:850] ["[resource group controller] resource group name does not exist"] [name=default]
[2026/07/14 18:18:27.316 +08:00] [WARN] [global_controller.go:850] ["[resource group controller] resource group name does not exist"] [name=default]
[2026/07/14 18:18:27.316 +08:00] [INFO] [job_worker.go:447] ["finish DDL job"] [category=ddl] [jobID=5] [job="ID:5, Type:create table, State:synced, SchemaState:public, SchemaID:1, TableID:4, RowCount:0, ArgLen:0, start time: 2026-07-14 18:18:27.259 +0800 CST, Err:<nil>, ErrCount:0, SnapshotVersion:0, Version: v2"]
[2026/07/14 18:18:27.317 +08:00] [WARN] [global_controller.go:850] ["[resource group controller] resource group name does not exist"] [name=default]
[2026/07/14 18:18:27.319 +08:00] [WARN] [global_controller.go:850] ["[resource group controller] resource group name does not exist"] [name=default]
[2026/07/14 18:18:27.319 +08:00] [WARN] [global_controller.go:850] ["[resource group controller] resource group name does not exist"] [name=default]
[2026/07/14 18:18:27.320 +08:00] [INFO] [executor.go:7412] ["DDL job is finished"] [category=ddl] [jobID=5]
[2026/07/14 18:18:27.320 +08:00] [INFO] [session.go:5103] ["CRUCIAL OPERATION"] [conn=0] [schemaVersion=2] [cur_db=mysql] [sql="CREATE TABLE IF NOT EXISTS mysql.user (\n\t\tHost\t\t\t\t\tCHAR(255),\n\t\tUser\t\t\t\t\tCHAR(32),\n\t\tauthentication_string\tTEXT,\n\t\tplugin\t\t\t\t\tCHAR(64),\n\t\tSelect_priv\t\t\t\tENUM('N','Y') NOT NULL DEFAULT 'N',\n\t\tInsert_priv\t\t\t\tENUM('N','Y') NOT NULL DEFAULT 'N',\n\t\tUpdate_priv\t\t\t\tENUM('N','Y') NOT NULL DEFAULT 'N',\n\t\tDelete_priv\t\t\t\tENUM('N','Y') NOT NULL DEFAULT 'N',\n\t\tCreate_priv\t\t\t\tENUM('N','Y') NOT NULL DEFAULT 'N',\n\t\tDrop_priv\t\t\t\tENUM('N','Y') NOT NULL DEFAULT 'N',\n\t\tProcess_priv\t\t\tENUM('N','Y') NOT NULL DEFAULT 'N',\n\t\tGrant_priv\t\t\t\tENUM('N','Y') NOT NULL DEFAULT 'N',\n\t\tReferences_priv\t\t\tENUM('N','Y') NOT NULL DEFAULT 'N',\n\t\tAlter_priv\t\t\t\tENUM('N','Y') NOT NULL DEFAULT 'N',\n\t\tShow_db_priv\t\t\tENUM('N','Y') NOT NULL DEFAULT 'N',\n\t\tSuper_priv\t\t\t\tENUM('N','Y') NOT NULL DEFAULT 'N',\n\t\tCreate_tmp_table_priv\tENUM('N','Y') NOT NULL DEFAULT 'N',\n\t\tLock_tables_priv\t\tENUM('N','Y') NOT NULL DEFAULT 'N',\n\t\tExecute_priv\t\t\tENUM('N','Y') NOT NULL DEFAULT 'N',\n\t\tCreate_view_priv\t\tENUM('N','Y') NOT NULL DEFAULT 'N',\n\t\tShow_view_priv\t\t\tENUM('N','Y') NOT NULL DEFAULT 'N',\n\t\tCreate_routine_priv\t\tENUM('N','Y') NOT NULL DEFAULT 'N',\n\t\tAlter_routine_priv\t\tENUM('N','Y') NOT NULL DEFAULT 'N',\n\t\tIndex_priv\t\t\t\tENUM('N','Y') NOT NULL DEFAULT 'N',\n\t\tCreate_user_priv\t\tENUM('N','Y') NOT NULL DEFAULT 'N',\n\t\tEvent_priv\t\t\t\tENUM('N','Y') NOT NULL DEFAULT 'N',\n\t\tRepl_slave_priv\t    \tENUM('N','Y') NOT NULL DEFAULT 'N',\n\t\tRepl_client_priv\t\tENUM('N','Y') NOT NULL DEFAULT 'N',\n\t\tTrigger_priv\t\t\tENUM('N','Y') NOT NULL DEFAULT 'N',\n\t\tCreate_role_priv\t\tENUM('N','Y') NOT NULL DEFAULT 'N',\n\t\tDrop_role_priv\t\t\tENUM('N','Y') NOT NULL DEFAULT 'N',\n\t\tAccount_locked\t\t\tENUM('N','Y') NOT NULL DEFAULT 'N',\n\t\tShutdown_priv\t\t\tENUM('N','Y') NOT NULL DEFAULT 'N',\n\t\tReload_priv\t\t\t\tENUM('N','Y') NOT NULL DEFAULT 'N',\n\t\tFILE_priv\t\t\t\tENUM('N','Y') NOT NULL DEFAULT 'N',\n\t\tConfig_priv\t\t\t\tENUM('N','Y') NOT NULL DEFAULT 'N',\n\t\tCreate_Tablespace_Priv  ENUM('N','Y') NOT NULL DEFAULT 'N',\n\t\tPassword_reuse_history  smallint unsigned DEFAULT NULL,\n\t\tPassword_reuse_time     smallint unsigned DEFAULT NULL,\n\t\tUser_attributes\t\t\tjson,\n\t\tToken_issuer\t\t\tVARCHAR(255),\n\t\tPassword_expired\t\tENUM('N','Y') NOT NULL DEFAULT 'N',\n\t\tPassword_last_changed\tTIMESTAMP DEFAULT CURRENT_TIMESTAMP(),\n\t\tPassword_lifetime\t\tSMALLINT UNSIGNED DEFAULT NULL,\n\t\tMax_user_connections \tINT UNSIGNED NOT NULL DEFAULT 0,\n\t\tPRIMARY KEY (Host, User),\n\t\tKEY i_user (User));"] [user=]
[2026/07/14 18:18:27.320 +08:00] [INFO] [executor.go:7595] ["system variable tidb_scatter_region not found, use default value"] [category=ddl]
[2026/07/14 18:18:27.320 +08:00] [WARN] [global_controller.go:850] ["[resource group controller] resource group name does not exist"] [name=default]
[2026/07/14 18:18:27.321 +08:00] [WARN] [global_controller.go:850] ["[resource group controller] resource group name does not exist"] [name=default]
[2026/07/14 18:18:27.324 +08:00] [INFO] [job_submitter.go:118] ["add DDL jobs"] [category=ddl] ["batch count"=1] [jobs="ID:7, Type:create table, State:queueing, SchemaState:none, SchemaID:1, TableID:6, RowCount:0, ArgLen:1, start time: 2026-07-14 18:18:27.309 +0800 CST, Err:<nil>, ErrCount:0, SnapshotVersion:0, Version: v2; "] [fast_create=true]
[2026/07/14 18:18:27.324 +08:00] [INFO] [executor.go:7274] ["DDL job submitted"] [category=ddl] [job="ID:7, Type:create table, State:queueing, SchemaState:none, SchemaID:1, TableID:6, RowCount:0, ArgLen:1, start time: 2026-07-14 18:18:27.309 +0800 CST, Err:<nil>, ErrCount:0, SnapshotVersion:0, Version: v2"] [query="CREATE TABLE  IF NOT EXISTS mysql.password_history (\n         Host char(255)  NOT NULL DEFAULT '',\n         User char(32)  NOT NULL DEFAULT '',\n         Password_timestamp timestamp(6) NOT NULL DEFAULT CURRENT_TIMESTAMP(6),\n         Password text,\n         PRIMARY KEY (Host,User,Password_timestamp )\n        ) COMMENT='Password history for user accounts' "]
[2026/07/14 18:18:27.325 +08:00] [INFO] [lock_resolver.go:1631] ["txn lock cleanup resolve-lock rpc finished"] [action=commit] [txnStartTS=467671268015210508] [commitTS=467671268015210510] [regionID=8] [resolveLite=true] [resolvedByCheckTxnStatus=false]
[2026/07/14 18:18:27.325 +08:00] [WARN] [global_controller.go:850] ["[resource group controller] resource group name does not exist"] [name=default]
[2026/07/14 18:18:27.325 +08:00] [WARN] [global_controller.go:850] ["[resource group controller] resource group name does not exist"] [name=default]
[2026/07/14 18:18:27.325 +08:00] [WARN] [global_controller.go:850] ["[resource group controller] resource group name does not exist"] [name=default]
[2026/07/14 18:18:27.325 +08:00] [INFO] [job_worker.go:854] ["run one job step"] [category=ddl] [jobID=7] [job="ID:7, Type:create table, State:queueing, SchemaState:none, SchemaID:1, TableID:6, RowCount:0, ArgLen:0, start time: 2026-07-14 18:18:27.309 +0800 CST, Err:<nil>, ErrCount:0, SnapshotVersion:0, Version: v2"]
[2026/07/14 18:18:27.326 +08:00] [WARN] [global_controller.go:850] ["[resource group controller] resource group name does not exist"] [name=default]
[2026/07/14 18:18:27.326 +08:00] [WARN] [global_controller.go:850] ["[resource group controller] resource group name does not exist"] [name=default]
[2026/07/14 18:18:27.327 +08:00] [WARN] [global_controller.go:850] ["[resource group controller] resource group name does not exist"] [name=default]
[2026/07/14 18:18:27.333 +08:00] [INFO] [loader.go:216] ["diff load InfoSchema success"] [mode=auto] [isV2=true] [currVer=2] [neededVer=3] [gotVer=3] ["elapsed time"=298.208µs] [phyTblIDs="[6]"] [actionTypes="[3]"] [diffTypes="[\"create table\"]"]
[2026/07/14 18:18:27.333 +08:00] [INFO] [syncer.go:258] ["session manager is nil"]
[2026/07/14 18:18:27.333 +08:00] [INFO] [syncer.go:281] ["mdl gets lock, update self version to owner"] [jobID=7] [version=3]
[2026/07/14 18:18:27.338 +08:00] [INFO] [schema_version.go:397] ["wait schema version synced success"] [category=ddl] [ver=3] [checkAssumedSvr=false] ["take time"=5.819958ms] [job="ID:7, Type:create table, State:done, SchemaState:public, SchemaID:1, TableID:6, RowCount:0, ArgLen:1, start time: 2026-07-14 18:18:27.309 +0800 CST, Err:<nil>, ErrCount:0, SnapshotVersion:0, Version: v2"] [summary="server count: 1"]
[2026/07/14 18:18:27.339 +08:00] [WARN] [global_controller.go:850] ["[resource group controller] resource group name does not exist"] [name=default]
[2026/07/14 18:18:27.339 +08:00] [WARN] [global_controller.go:850] ["[resource group controller] resource group name does not exist"] [name=default]
[2026/07/14 18:18:27.339 +08:00] [WARN] [global_controller.go:850] ["[resource group controller] resource group name does not exist"] [name=default]
[2026/07/14 18:18:27.339 +08:00] [WARN] [global_controller.go:850] ["[resource group controller] resource group name does not exist"] [name=default]
[2026/07/14 18:18:27.340 +08:00] [WARN] [global_controller.go:850] ["[resource group controller] resource group name does not exist"] [name=default]
[2026/07/14 18:18:27.340 +08:00] [INFO] [job_worker.go:447] ["finish DDL job"] [category=ddl] [jobID=7] [job="ID:7, Type:create table, State:synced, SchemaState:public, SchemaID:1, TableID:6, RowCount:0, ArgLen:0, start time: 2026-07-14 18:18:27.309 +0800 CST, Err:<nil>, ErrCount:0, SnapshotVersion:0, Version: v2"]
[2026/07/14 18:18:27.340 +08:00] [WARN] [global_controller.go:850] ["[resource group controller] resource group name does not exist"] [name=default]
[2026/07/14 18:18:27.341 +08:00] [WARN] [global_controller.go:850] ["[resource group controller] resource group name does not exist"] [name=default]
[2026/07/14 18:18:27.341 +08:00] [WARN] [global_controller.go:850] ["[resource group controller] resource group name does not exist"] [name=default]
[2026/07/14 18:18:27.342 +08:00] [INFO] [executor.go:7412] ["DDL job is finished"] [category=ddl] [jobID=7]
[2026/07/14 18:18:27.342 +08:00] [INFO] [session.go:5103] ["CRUCIAL OPERATION"] [conn=0] [schemaVersion=3] [cur_db=mysql] [sql="CREATE TABLE  IF NOT EXISTS mysql.password_history (\n         Host char(255)  NOT NULL DEFAULT '',\n         User char(32)  NOT NULL DEFAULT '',\n         Password_timestamp timestamp(6) NOT NULL DEFAULT CURRENT_TIMESTAMP(6),\n         Password text,\n         PRIMARY KEY (Host,User,Password_timestamp )\n        ) COMMENT='Password history for user accounts' "] [user=]
[2026/07/14 18:18:27.342 +08:00] [INFO] [executor.go:7595] ["system variable tidb_scatter_region not found, use default value"] [category=ddl]
[2026/07/14 18:18:27.342 +08:00] [WARN] [global_controller.go:850] ["[resource group controller] resource group name does not exist"] [name=default]
[2026/07/14 18:18:27.343 +08:00] [WARN] [global_controller.go:850] ["[resource group controller] resource group name does not exist"] [name=default]
[2026/07/14 18:18:27.347 +08:00] [WARN] [global_controller.go:850] ["[resource group controller] resource group name does not exist"] [name=default]
[2026/07/14 18:18:27.347 +08:00] [INFO] [job_submitter.go:118] ["add DDL jobs"] [category=ddl] ["batch count"=1] [jobs="ID:9, Type:create table, State:queueing, SchemaState:none, SchemaID:1, TableID:8, RowCount:0, ArgLen:1, start time: 2026-07-14 18:18:27.309 +0800 CST, Err:<nil>, ErrCount:0, SnapshotVersion:0, Version: v2; "] [fast_create=true]
[2026/07/14 18:18:27.347 +08:00] [INFO] [executor.go:7274] ["DDL job submitted"] [category=ddl] [job="ID:9, Type:create table, State:queueing, SchemaState:none, SchemaID:1, TableID:8, RowCount:0, ArgLen:1, start time: 2026-07-14 18:18:27.309 +0800 CST, Err:<nil>, ErrCount:0, SnapshotVersion:0, Version: v2"] [query="CREATE TABLE IF NOT EXISTS mysql.global_priv (\n\t\tHost CHAR(255) NOT NULL DEFAULT '',\n\t\tUser CHAR(80) NOT NULL DEFAULT '',\n\t\tPriv LONGTEXT NOT NULL DEFAULT '',\n\t\tPRIMARY KEY (Host, User),\n\t\tKEY i_user (User))"]
[2026/07/14 18:18:27.347 +08:00] [WARN] [global_controller.go:850] ["[resource group controller] resource group name does not exist"] [name=default]
[2026/07/14 18:18:27.347 +08:00] [WARN] [global_controller.go:850] ["[resource group controller] resource group name does not exist"] [name=default]
[2026/07/14 18:18:27.347 +08:00] [INFO] [job_worker.go:854] ["run one job step"] [category=ddl] [jobID=9] [job="ID:9, Type:create table, State:queueing, SchemaState:none, SchemaID:1, TableID:8, RowCount:0, ArgLen:0, start time: 2026-07-14 18:18:27.309 +0800 CST, Err:<nil>, ErrCount:0, SnapshotVersion:0, Version: v2"]
[2026/07/14 18:18:27.349 +08:00] [WARN] [global_controller.go:850] ["[resource group controller] resource group name does not exist"] [name=default]
[2026/07/14 18:18:27.349 +08:00] [WARN] [global_controller.go:850] ["[resource group controller] resource group name does not exist"] [name=default]
[2026/07/14 18:18:27.349 +08:00] [WARN] [global_controller.go:850] ["[resource group controller] resource group name does not exist"] [name=default]
[2026/07/14 18:18:27.352 +08:00] [WARN] [global_controller.go:850] ["[resource group controller] resource group name does not exist"] [name=default]
[2026/07/14 18:18:27.354 +08:00] [INFO] [loader.go:216] ["diff load InfoSchema success"] [mode=auto] [isV2=true] [currVer=3] [neededVer=4] [gotVer=4] ["elapsed time"=284.375µs] [phyTblIDs="[8]"] [actionTypes="[3]"] [diffTypes="[\"create table\"]"]
[2026/07/14 18:18:27.355 +08:00] [INFO] [syncer.go:258] ["session manager is nil"]
[2026/07/14 18:18:27.355 +08:00] [INFO] [syncer.go:281] ["mdl gets lock, update self version to owner"] [jobID=9] [version=4]
[2026/07/14 18:18:27.359 +08:00] [INFO] [schema_version.go:397] ["wait schema version synced success"] [category=ddl] [ver=4] [checkAssumedSvr=false] ["take time"=5.185542ms] [job="ID:9, Type:create table, State:done, SchemaState:public, SchemaID:1, TableID:8, RowCount:0, ArgLen:1, start time: 2026-07-14 18:18:27.309 +0800 CST, Err:<nil>, ErrCount:0, SnapshotVersion:0, Version: v2"] [summary="server count: 1"]
[2026/07/14 18:18:27.360 +08:00] [WARN] [global_controller.go:850] ["[resource group controller] resource group name does not exist"] [name=default]
[2026/07/14 18:18:27.360 +08:00] [WARN] [global_controller.go:850] ["[resource group controller] resource group name does not exist"] [name=default]
[2026/07/14 18:18:27.361 +08:00] [WARN] [global_controller.go:850] ["[resource group controller] resource group name does not exist"] [name=default]
[2026/07/14 18:18:27.362 +08:00] [WARN] [global_controller.go:850] ["[resource group controller] resource group name does not exist"] [name=default]
[2026/07/14 18:18:27.362 +08:00] [WARN] [global_controller.go:850] ["[resource group controller] resource group name does not exist"] [name=default]
[2026/07/14 18:18:27.362 +08:00] [INFO] [job_worker.go:447] ["finish DDL job"] [category=ddl] [jobID=9] [job="ID:9, Type:create table, State:synced, SchemaState:public, SchemaID:1, TableID:8, RowCount:0, ArgLen:0, start time: 2026-07-14 18:18:27.309 +0800 CST, Err:<nil>, ErrCount:0, SnapshotVersion:0, Version: v2"]
[2026/07/14 18:18:27.362 +08:00] [WARN] [global_controller.go:850] ["[resource group controller] resource group name does not exist"] [name=default]
[2026/07/14 18:18:27.364 +08:00] [WARN] [global_controller.go:850] ["[resource group controller] resource group name does not exist"] [name=default]
[2026/07/14 18:18:27.364 +08:00] [WARN] [global_controller.go:850] ["[resource group controller] resource group name does not exist"] [name=default]
[2026/07/14 18:18:27.364 +08:00] [INFO] [executor.go:7412] ["DDL job is finished"] [category=ddl] [jobID=9]
[2026/07/14 18:18:27.364 +08:00] [INFO] [session.go:5103] ["CRUCIAL OPERATION"] [conn=0] [schemaVersion=4] [cur_db=mysql] [sql="CREATE TABLE IF NOT EXISTS mysql.global_priv (\n\t\tHost CHAR(255) NOT NULL DEFAULT '',\n\t\tUser CHAR(80) NOT NULL DEFAULT '',\n\t\tPriv LONGTEXT NOT NULL DEFAULT '',\n\t\tPRIMARY KEY (Host, User),\n\t\tKEY i_user (User))"] [user=]
[2026/07/14 18:18:27.364 +08:00] [INFO] [executor.go:7595] ["system variable tidb_scatter_region not found, use default value"] [category=ddl]
[2026/07/14 18:18:27.365 +08:00] [WARN] [global_controller.go:850] ["[resource group controller] resource group name does not exist"] [name=default]
[2026/07/14 18:18:27.366 +08:00] [WARN] [global_controller.go:850] ["[resource group controller] resource group name does not exist"] [name=default]
[2026/07/14 18:18:27.370 +08:00] [INFO] [job_submitter.go:118] ["add DDL jobs"] [category=ddl] ["batch count"=1] [jobs="ID:11, Type:create table, State:queueing, SchemaState:none, SchemaID:1, TableID:10, RowCount:0, ArgLen:1, start time: 2026-07-14 18:18:27.359 +0800 CST, Err:<nil>, ErrCount:0, SnapshotVersion:0, Version: v2; "] [fast_create=true]
[2026/07/14 18:18:27.370 +08:00] [WARN] [global_controller.go:850] ["[resource group controller] resource group name does not exist"] [name=default]
[2026/07/14 18:18:27.370 +08:00] [INFO] [executor.go:7274] ["DDL job submitted"] [category=ddl] [job="ID:11, Type:create table, State:queueing, SchemaState:none, SchemaID:1, TableID:10, RowCount:0, ArgLen:1, start time: 2026-07-14 18:18:27.359 +0800 CST, Err:<nil>, ErrCount:0, SnapshotVersion:0, Version: v2"] [query="CREATE TABLE IF NOT EXISTS mysql.db (\n\t\tHost\t\t\t\t\tCHAR(255),\n\t\tDB\t\t\t\t\t\tCHAR(64) CHARSET utf8mb4 COLLATE utf8mb4_general_ci,\n\t\tUser\t\t\t\t\tCHAR(32),\n\t\tSelect_priv\t\t\t\tENUM('N','Y') NOT NULL DEFAULT 'N',\n\t\tInsert_priv\t\t\t\tENUM('N','Y') NOT NULL DEFAULT 'N',\n\t\tUpdate_priv\t\t\t\tENUM('N','Y') NOT NULL DEFAULT 'N',\n\t\tDelete_priv\t\t\t\tENUM('N','Y') NOT NULL DEFAULT 'N',\n\t\tCreate_priv\t\t\t\tENUM('N','Y') NOT NULL DEFAULT 'N',\n\t\tDrop_priv\t\t\t\tENUM('N','Y') NOT NULL DEFAULT 'N',\n\t\tGrant_priv\t\t\t\tENUM('N','Y') NOT NULL DEFAULT 'N',\n\t\tReferences_priv \t\tENUM('N','Y') NOT NULL DEFAULT 'N',\n\t\tIndex_priv\t\t\t\tENUM('N','Y') NOT NULL DEFAULT 'N',\n\t\tAlter_priv\t\t\t\tENUM('N','Y') NOT NULL DEFAULT 'N',\n\t\tCreate_tmp_table_priv\tENUM('N','Y') NOT NULL DEFAULT 'N',\n\t\tLock_tables_priv\t\tENUM('N','Y') NOT NULL DEFAULT 'N',\n\t\tCreate_view_priv\t\tENUM('N','Y') NOT NULL DEFAULT 'N',\n\t\tShow_view_priv\t\t\tENUM('N','Y') NOT NULL DEFAULT 'N',\n\t\tCreate_routine_priv\t\tENUM('N','Y') NOT NULL DEFAULT 'N',\n\t\tAlter_routine_priv\t\tENUM('N','Y') NOT NULL DEFAULT 'N',\n\t\tExecute_priv\t\t\tENUM('N','Y') NOT NULL DEFAULT 'N',\n\t\tEvent_priv\t\t\t\tENUM('N','Y') NOT NULL DEFAULT 'N',\n\t\tTrigger_priv\t\t\tENUM('N','Y') NOT NULL DEFAULT 'N',\n\t\tPRIMARY KEY (Host, DB, User),\n\t\tKEY i_user (User));"]
[2026/07/14 18:18:27.370 +08:00] [WARN] [global_controller.go:850] ["[resource group controller] resource group name does not exist"] [name=default]
[2026/07/14 18:18:27.370 +08:00] [WARN] [global_controller.go:850] ["[resource group controller] resource group name does not exist"] [name=default]
[2026/07/14 18:18:27.370 +08:00] [INFO] [job_worker.go:854] ["run one job step"] [category=ddl] [jobID=11] [job="ID:11, Type:create table, State:queueing, SchemaState:none, SchemaID:1, TableID:10, RowCount:0, ArgLen:0, start time: 2026-07-14 18:18:27.359 +0800 CST, Err:<nil>, ErrCount:0, SnapshotVersion:0, Version: v2"]
[2026/07/14 18:18:27.372 +08:00] [WARN] [global_controller.go:850] ["[resource group controller] resource group name does not exist"] [name=default]
[2026/07/14 18:18:27.372 +08:00] [WARN] [global_controller.go:850] ["[resource group controller] resource group name does not exist"] [name=default]
[2026/07/14 18:18:27.372 +08:00] [WARN] [global_controller.go:850] ["[resource group controller] resource group name does not exist"] [name=default]
[2026/07/14 18:18:27.379 +08:00] [INFO] [loader.go:216] ["diff load InfoSchema success"] [mode=auto] [isV2=true] [currVer=4] [neededVer=5] [gotVer=5] ["elapsed time"=385.291µs] [phyTblIDs="[10]"] [actionTypes="[3]"] [diffTypes="[\"create table\"]"]
[2026/07/14 18:18:27.379 +08:00] [INFO] [syncer.go:258] ["session manager is nil"]
[2026/07/14 18:18:27.379 +08:00] [INFO] [syncer.go:281] ["mdl gets lock, update self version to owner"] [jobID=11] [version=5]
[2026/07/14 18:18:27.394 +08:00] [INFO] [schema_version.go:397] ["wait schema version synced success"] [category=ddl] [ver=5] [checkAssumedSvr=false] ["take time"=15.91225ms] [job="ID:11, Type:create table, State:done, SchemaState:public, SchemaID:1, TableID:10, RowCount:0, ArgLen:1, start time: 2026-07-14 18:18:27.359 +0800 CST, Err:<nil>, ErrCount:0, SnapshotVersion:0, Version: v2"] [summary="server count: 1"]
[2026/07/14 18:18:27.395 +08:00] [WARN] [global_controller.go:850] ["[resource group controller] resource group name does not exist"] [name=default]
[2026/07/14 18:18:27.395 +08:00] [WARN] [global_controller.go:850] ["[resource group controller] resource group name does not exist"] [name=default]
[2026/07/14 18:18:27.395 +08:00] [WARN] [global_controller.go:850] ["[resource group controller] resource group name does not exist"] [name=default]
[2026/07/14 18:18:27.396 +08:00] [WARN] [global_controller.go:850] ["[resource group controller] resource group name does not exist"] [name=default]
[2026/07/14 18:18:27.396 +08:00] [WARN] [global_controller.go:850] ["[resource group controller] resource group name does not exist"] [name=default]
[2026/07/14 18:18:27.396 +08:00] [INFO] [job_worker.go:447] ["finish DDL job"] [category=ddl] [jobID=11] [job="ID:11, Type:create table, State:synced, SchemaState:public, SchemaID:1, TableID:10, RowCount:0, ArgLen:0, start time: 2026-07-14 18:18:27.359 +0800 CST, Err:<nil>, ErrCount:0, SnapshotVersion:0, Version: v2"]
[2026/07/14 18:18:27.396 +08:00] [WARN] [global_controller.go:850] ["[resource group controller] resource group name does not exist"] [name=default]
[2026/07/14 18:18:27.398 +08:00] [WARN] [global_controller.go:850] ["[resource group controller] resource group name does not exist"] [name=default]
[2026/07/14 18:18:27.398 +08:00] [WARN] [global_controller.go:850] ["[resource group controller] resource group name does not exist"] [name=default]
[2026/07/14 18:18:27.398 +08:00] [INFO] [executor.go:7412] ["DDL job is finished"] [category=ddl] [jobID=11]
[2026/07/14 18:18:27.398 +08:00] [INFO] [session.go:5103] ["CRUCIAL OPERATION"] [conn=0] [schemaVersion=5] [cur_db=mysql] [sql="CREATE TABLE IF NOT EXISTS mysql.db (\n\t\tHost\t\t\t\t\tCHAR(255),\n\t\tDB\t\t\t\t\t\tCHAR(64) CHARSET utf8mb4 COLLATE utf8mb4_general_ci,\n\t\tUser\t\t\t\t\tCHAR(32),\n\t\tSelect_priv\t\t\t\tENUM('N','Y') NOT NULL DEFAULT 'N',\n\t\tInsert_priv\t\t\t\tENUM('N','Y') NOT NULL DEFAULT 'N',\n\t\tUpdate_priv\t\t\t\tENUM('N','Y') NOT NULL DEFAULT 'N',\n\t\tDelete_priv\t\t\t\tENUM('N','Y') NOT NULL DEFAULT 'N',\n\t\tCreate_priv\t\t\t\tENUM('N','Y') NOT NULL DEFAULT 'N',\n\t\tDrop_priv\t\t\t\tENUM('N','Y') NOT NULL DEFAULT 'N',\n\t\tGrant_priv\t\t\t\tENUM('N','Y') NOT NULL DEFAULT 'N',\n\t\tReferences_priv \t\tENUM('N','Y') NOT NULL DEFAULT 'N',\n\t\tIndex_priv\t\t\t\tENUM('N','Y') NOT NULL DEFAULT 'N',\n\t\tAlter_priv\t\t\t\tENUM('N','Y') NOT NULL DEFAULT 'N',\n\t\tCreate_tmp_table_priv\tENUM('N','Y') NOT NULL DEFAULT 'N',\n\t\tLock_tables_priv\t\tENUM('N','Y') NOT NULL DEFAULT 'N',\n\t\tCreate_view_priv\t\tENUM('N','Y') NOT NULL DEFAULT 'N',\n\t\tShow_view_priv\t\t\tENUM('N','Y') NOT NULL DEFAULT 'N',\n\t\tCreate_routine_priv\t\tENUM('N','Y') NOT NULL DEFAULT 'N',\n\t\tAlter_routine_priv\t\tENUM('N','Y') NOT NULL DEFAULT 'N',\n\t\tExecute_priv\t\t\tENUM('N','Y') NOT NULL DEFAULT 'N',\n\t\tEvent_priv\t\t\t\tENUM('N','Y') NOT NULL DEFAULT 'N',\n\t\tTrigger_priv\t\t\tENUM('N','Y') NOT NULL DEFAULT 'N',\n\t\tPRIMARY KEY (Host, DB, User),\n\t\tKEY i_user (User));"] [user=]
[2026/07/14 18:18:27.399 +08:00] [INFO] [executor.go:7595] ["system variable tidb_scatter_region not found, use default value"] [category=ddl]
[2026/07/14 18:18:27.399 +08:00] [WARN] [global_controller.go:850] ["[resource group controller] resource group name does not exist"] [name=default]
[2026/07/14 18:18:27.400 +08:00] [WARN] [global_controller.go:850] ["[resource group controller] resource group name does not exist"] [name=default]
[2026/07/14 18:18:27.402 +08:00] [WARN] [global_controller.go:850] ["[resource group controller] resource group name does not exist"] [name=default]
[2026/07/14 18:18:27.403 +08:00] [INFO] [job_submitter.go:118] ["add DDL jobs"] [category=ddl] ["batch count"=1] [jobs="ID:13, Type:create table, State:queueing, SchemaState:none, SchemaID:1, TableID:12, RowCount:0, ArgLen:1, start time: 2026-07-14 18:18:27.359 +0800 CST, Err:<nil>, ErrCount:0, SnapshotVersion:0, Version: v2; "] [fast_create=true]
[2026/07/14 18:18:27.403 +08:00] [INFO] [executor.go:7274] ["DDL job submitted"] [category=ddl] [job="ID:13, Type:create table, State:queueing, SchemaState:none, SchemaID:1, TableID:12, RowCount:0, ArgLen:1, start time: 2026-07-14 18:18:27.359 +0800 CST, Err:<nil>, ErrCount:0, SnapshotVersion:0, Version: v2"] [query="CREATE TABLE IF NOT EXISTS mysql.tables_priv (\n\t\tHost\t\tCHAR(255),\n\t\tDB\t\t\tCHAR(64) CHARSET utf8mb4 COLLATE utf8mb4_general_ci,\n\t\tUser\t\tCHAR(32),\n\t\tTable_name\tCHAR(64) CHARSET utf8mb4 COLLATE utf8mb4_general_ci,\n\t\tGrantor\t\tCHAR(77),\n\t\tTimestamp\tTIMESTAMP DEFAULT CURRENT_TIMESTAMP,\n\t\tTable_priv\tSET('Select','Insert','Update','Delete','Create','Drop','Grant','Index','Alter','Create View','Show View','Trigger','References'),\n\t\tColumn_priv\tSET('Select','Insert','Update','References'),\n\t\tPRIMARY KEY (Host, DB, User, Table_name),\n\t\tKEY i_user (User));"]
[2026/07/14 18:18:27.404 +08:00] [INFO] [lock_resolver.go:1631] ["txn lock cleanup resolve-lock rpc finished"] [action=commit] [txnStartTS=467671268028317730] [commitTS=467671268028317733] [regionID=8] [resolveLite=true] [resolvedByCheckTxnStatus=false]
[2026/07/14 18:18:27.404 +08:00] [WARN] [global_controller.go:850] ["[resource group controller] resource group name does not exist"] [name=default]
[2026/07/14 18:18:27.404 +08:00] [WARN] [global_controller.go:850] ["[resource group controller] resource group name does not exist"] [name=default]
[2026/07/14 18:18:27.404 +08:00] [WARN] [global_controller.go:850] ["[resource group controller] resource group name does not exist"] [name=default]
[2026/07/14 18:18:27.404 +08:00] [INFO] [job_worker.go:854] ["run one job step"] [category=ddl] [jobID=13] [job="ID:13, Type:create table, State:queueing, SchemaState:none, SchemaID:1, TableID:12, RowCount:0, ArgLen:0, start time: 2026-07-14 18:18:27.359 +0800 CST, Err:<nil>, ErrCount:0, SnapshotVersion:0, Version: v2"]
[2026/07/14 18:18:27.405 +08:00] [WARN] [global_controller.go:850] ["[resource group controller] resource group name does not exist"] [name=default]
[2026/07/14 18:18:27.406 +08:00] [WARN] [global_controller.go:850] ["[resource group controller] resource group name does not exist"] [name=default]
[2026/07/14 18:18:27.406 +08:00] [WARN] [global_controller.go:850] ["[resource group controller] resource group name does not exist"] [name=default]
[2026/07/14 18:18:27.411 +08:00] [INFO] [loader.go:216] ["diff load InfoSchema success"] [mode=auto] [isV2=true] [currVer=5] [neededVer=6] [gotVer=6] ["elapsed time"=305.083µs] [phyTblIDs="[12]"] [actionTypes="[3]"] [diffTypes="[\"create table\"]"]
[2026/07/14 18:18:27.412 +08:00] [INFO] [syncer.go:258] ["session manager is nil"]
[2026/07/14 18:18:27.412 +08:00] [INFO] [syncer.go:281] ["mdl gets lock, update self version to owner"] [jobID=13] [version=6]
[2026/07/14 18:18:27.416 +08:00] [INFO] [schema_version.go:397] ["wait schema version synced success"] [category=ddl] [ver=6] [checkAssumedSvr=false] ["take time"=5.202959ms] [job="ID:13, Type:create table, State:done, SchemaState:public, SchemaID:1, TableID:12, RowCount:0, ArgLen:1, start time: 2026-07-14 18:18:27.359 +0800 CST, Err:<nil>, ErrCount:0, SnapshotVersion:0, Version: v2"] [summary="server count: 1"]
[2026/07/14 18:18:27.417 +08:00] [WARN] [global_controller.go:850] ["[resource group controller] resource group name does not exist"] [name=default]
[2026/07/14 18:18:27.417 +08:00] [WARN] [global_controller.go:850] ["[resource group controller] resource group name does not exist"] [name=default]
[2026/07/14 18:18:27.417 +08:00] [WARN] [global_controller.go:850] ["[resource group controller] resource group name does not exist"] [name=default]
[2026/07/14 18:18:27.417 +08:00] [WARN] [global_controller.go:850] ["[resource group controller] resource group name does not exist"] [name=default]
[2026/07/14 18:18:27.418 +08:00] [WARN] [global_controller.go:850] ["[resource group controller] resource group name does not exist"] [name=default]
[2026/07/14 18:18:27.418 +08:00] [INFO] [job_worker.go:447] ["finish DDL job"] [category=ddl] [jobID=13] [job="ID:13, Type:create table, State:synced, SchemaState:public, SchemaID:1, TableID:12, RowCount:0, ArgLen:0, start time: 2026-07-14 18:18:27.359 +0800 CST, Err:<nil>, ErrCount:0, SnapshotVersion:0, Version: v2"]
[2026/07/14 18:18:27.418 +08:00] [WARN] [global_controller.go:850] ["[resource group controller] resource group name does not exist"] [name=default]
[2026/07/14 18:18:27.419 +08:00] [WARN] [global_controller.go:850] ["[resource group controller] resource group name does not exist"] [name=default]
[2026/07/14 18:18:27.419 +08:00] [WARN] [global_controller.go:850] ["[resource group controller] resource group name does not exist"] [name=default]
[2026/07/14 18:18:27.420 +08:00] [INFO] [executor.go:7412] ["DDL job is finished"] [category=ddl] [jobID=13]
[2026/07/14 18:18:27.420 +08:00] [INFO] [session.go:5103] ["CRUCIAL OPERATION"] [conn=0] [schemaVersion=6] [cur_db=mysql] [sql="CREATE TABLE IF NOT EXISTS mysql.tables_priv (\n\t\tHost\t\tCHAR(255),\n\t\tDB\t\t\tCHAR(64) CHARSET utf8mb4 COLLATE utf8mb4_general_ci,\n\t\tUser\t\tCHAR(32),\n\t\tTable_name\tCHAR(64) CHARSET utf8mb4 COLLATE utf8mb4_general_ci,\n\t\tGrantor\t\tCHAR(77),\n\t\tTimestamp\tTIMESTAMP DEFAULT CURRENT_TIMESTAMP,\n\t\tTable_priv\tSET('Select','Insert','Update','Delete','Create','Drop','Grant','Index','Alter','Create View','Show View','Trigger','References'),\n\t\tColumn_priv\tSET('Select','Insert','Update','References'),\n\t\tPRIMARY KEY (Host, DB, User, Table_name),\n\t\tKEY i_user (User));"] [user=]
[2026/07/14 18:18:27.420 +08:00] [INFO] [executor.go:7595] ["system variable tidb_scatter_region not found, use default value"] [category=ddl]
[2026/07/14 18:18:27.420 +08:00] [WARN] [global_controller.go:850] ["[resource group controller] resource group name does not exist"] [name=default]
[2026/07/14 18:18:27.421 +08:00] [WARN] [global_controller.go:850] ["[resource group controller] resource group name does not exist"] [name=default]
[2026/07/14 18:18:27.425 +08:00] [INFO] [job_submitter.go:118] ["add DDL jobs"] [category=ddl] ["batch count"=1] [jobs="ID:15, Type:create table, State:queueing, SchemaState:none, SchemaID:1, TableID:14, RowCount:0, ArgLen:1, start time: 2026-07-14 18:18:27.409 +0800 CST, Err:<nil>, ErrCount:0, SnapshotVersion:0, Version: v2; "] [fast_create=true]
[2026/07/14 18:18:27.425 +08:00] [INFO] [executor.go:7274] ["DDL job submitted"] [category=ddl] [job="ID:15, Type:create table, State:queueing, SchemaState:none, SchemaID:1, TableID:14, RowCount:0, ArgLen:1, start time: 2026-07-14 18:18:27.409 +0800 CST, Err:<nil>, ErrCount:0, SnapshotVersion:0, Version: v2"] [query="CREATE TABLE IF NOT EXISTS mysql.columns_priv (\n\t\tHost\t\tCHAR(255),\n\t\tDB\t\t\tCHAR(64) CHARSET utf8mb4 COLLATE utf8mb4_general_ci,\n\t\tUser\t\tCHAR(32),\n\t\tTable_name\tCHAR(64) CHARSET utf8mb4 COLLATE utf8mb4_general_ci,\n\t\tColumn_name\tCHAR(64) CHARSET utf8mb4 COLLATE utf8mb4_general_ci,\n\t\tTimestamp\tTIMESTAMP DEFAULT CURRENT_TIMESTAMP,\n\t\tColumn_priv\tSET('Select','Insert','Update','References'),\n\t\tPRIMARY KEY (Host, DB, User, Table_name, Column_name),\n\t\tKEY i_user (User));"]
[2026/07/14 18:18:27.425 +08:00] [INFO] [lock_resolver.go:1631] ["txn lock cleanup resolve-lock rpc finished"] [action=commit] [txnStartTS=467671268041424911] [commitTS=467671268041424913] [regionID=8] [resolveLite=true] [resolvedByCheckTxnStatus=false]
[2026/07/14 18:18:27.425 +08:00] [WARN] [global_controller.go:850] ["[resource group controller] resource group name does not exist"] [name=default]
[2026/07/14 18:18:27.425 +08:00] [WARN] [global_controller.go:850] ["[resource group controller] resource group name does not exist"] [name=default]
[2026/07/14 18:18:27.426 +08:00] [WARN] [global_controller.go:850] ["[resource group controller] resource group name does not exist"] [name=default]
[2026/07/14 18:18:27.426 +08:00] [INFO] [job_worker.go:854] ["run one job step"] [category=ddl] [jobID=15] [job="ID:15, Type:create table, State:queueing, SchemaState:none, SchemaID:1, TableID:14, RowCount:0, ArgLen:0, start time: 2026-07-14 18:18:27.409 +0800 CST, Err:<nil>, ErrCount:0, SnapshotVersion:0, Version: v2"]
[2026/07/14 18:18:27.427 +08:00] [WARN] [global_controller.go:850] ["[resource group controller] resource group name does not exist"] [name=default]
[2026/07/14 18:18:27.427 +08:00] [WARN] [global_controller.go:850] ["[resource group controller] resource group name does not exist"] [name=default]
[2026/07/14 18:18:27.427 +08:00] [WARN] [global_controller.go:850] ["[resource group controller] resource group name does not exist"] [name=default]
[2026/07/14 18:18:27.433 +08:00] [INFO] [loader.go:216] ["diff load InfoSchema success"] [mode=auto] [isV2=true] [currVer=6] [neededVer=7] [gotVer=7] ["elapsed time"=324.458µs] [phyTblIDs="[14]"] [actionTypes="[3]"] [diffTypes="[\"create table\"]"]
[2026/07/14 18:18:27.433 +08:00] [INFO] [syncer.go:258] ["session manager is nil"]
[2026/07/14 18:18:27.433 +08:00] [INFO] [syncer.go:281] ["mdl gets lock, update self version to owner"] [jobID=15] [version=7]
[2026/07/14 18:18:27.438 +08:00] [INFO] [schema_version.go:397] ["wait schema version synced success"] [category=ddl] [ver=7] [checkAssumedSvr=false] ["take time"=5.887875ms] [job="ID:15, Type:create table, State:done, SchemaState:public, SchemaID:1, TableID:14, RowCount:0, ArgLen:1, start time: 2026-07-14 18:18:27.409 +0800 CST, Err:<nil>, ErrCount:0, SnapshotVersion:0, Version: v2"] [summary="server count: 1"]
[2026/07/14 18:18:27.439 +08:00] [WARN] [global_controller.go:850] ["[resource group controller] resource group name does not exist"] [name=default]
[2026/07/14 18:18:27.439 +08:00] [WARN] [global_controller.go:850] ["[resource group controller] resource group name does not exist"] [name=default]
[2026/07/14 18:18:27.439 +08:00] [WARN] [global_controller.go:850] ["[resource group controller] resource group name does not exist"] [name=default]
[2026/07/14 18:18:27.440 +08:00] [WARN] [global_controller.go:850] ["[resource group controller] resource group name does not exist"] [name=default]
[2026/07/14 18:18:27.440 +08:00] [WARN] [global_controller.go:850] ["[resource group controller] resource group name does not exist"] [name=default]
[2026/07/14 18:18:27.440 +08:00] [INFO] [job_worker.go:447] ["finish DDL job"] [category=ddl] [jobID=15] [job="ID:15, Type:create table, State:synced, SchemaState:public, SchemaID:1, TableID:14, RowCount:0, ArgLen:0, start time: 2026-07-14 18:18:27.409 +0800 CST, Err:<nil>, ErrCount:0, SnapshotVersion:0, Version: v2"]
[2026/07/14 18:18:27.440 +08:00] [WARN] [global_controller.go:850] ["[resource group controller] resource group name does not exist"] [name=default]
[2026/07/14 18:18:27.441 +08:00] [WARN] [global_controller.go:850] ["[resource group controller] resource group name does not exist"] [name=default]
[2026/07/14 18:18:27.441 +08:00] [WARN] [global_controller.go:850] ["[resource group controller] resource group name does not exist"] [name=default]
[2026/07/14 18:18:27.441 +08:00] [INFO] [executor.go:7412] ["DDL job is finished"] [category=ddl] [jobID=15]
[2026/07/14 18:18:27.441 +08:00] [INFO] [session.go:5103] ["CRUCIAL OPERATION"] [conn=0] [schemaVersion=7] [cur_db=mysql] [sql="CREATE TABLE IF NOT EXISTS mysql.columns_priv (\n\t\tHost\t\tCHAR(255),\n\t\tDB\t\t\tCHAR(64) CHARSET utf8mb4 COLLATE utf8mb4_general_ci,\n\t\tUser\t\tCHAR(32),\n\t\tTable_name\tCHAR(64) CHARSET utf8mb4 COLLATE utf8mb4_general_ci,\n\t\tColumn_name\tCHAR(64) CHARSET utf8mb4 COLLATE utf8mb4_general_ci,\n\t\tTimestamp\tTIMESTAMP DEFAULT CURRENT_TIMESTAMP,\n\t\tColumn_priv\tSET('Select','Insert','Update','References'),\n\t\tPRIMARY KEY (Host, DB, User, Table_name, Column_name),\n\t\tKEY i_user (User));"] [user=]
[2026/07/14 18:18:27.442 +08:00] [INFO] [executor.go:7595] ["system variable tidb_scatter_region not found, use default value"] [category=ddl]
[2026/07/14 18:18:27.442 +08:00] [WARN] [global_controller.go:850] ["[resource group controller] resource group name does not exist"] [name=default]
[2026/07/14 18:18:27.443 +08:00] [WARN] [global_controller.go:850] ["[resource group controller] resource group name does not exist"] [name=default]
[2026/07/14 18:18:27.447 +08:00] [INFO] [job_submitter.go:118] ["add DDL jobs"] [category=ddl] ["batch count"=1] [jobs="ID:17, Type:create table, State:queueing, SchemaState:none, SchemaID:1, TableID:16, RowCount:0, ArgLen:1, start time: 2026-07-14 18:18:27.409 +0800 CST, Err:<nil>, ErrCount:0, SnapshotVersion:0, Version: v2; "] [fast_create=true]
[2026/07/14 18:18:27.447 +08:00] [INFO] [executor.go:7274] ["DDL job submitted"] [category=ddl] [job="ID:17, Type:create table, State:queueing, SchemaState:none, SchemaID:1, TableID:16, RowCount:0, ArgLen:1, start time: 2026-07-14 18:18:27.409 +0800 CST, Err:<nil>, ErrCount:0, SnapshotVersion:0, Version: v2"] [query="CREATE TABLE IF NOT EXISTS mysql.global_variables (\n\t\tVARIABLE_NAME  VARCHAR(64) NOT NULL PRIMARY KEY,\n\t\tVARIABLE_VALUE VARCHAR(16383) DEFAULT NULL);"]
[2026/07/14 18:18:27.447 +08:00] [INFO] [lock_resolver.go:1631] ["txn lock cleanup resolve-lock rpc finished"] [action=commit] [txnStartTS=467671268041424934] [commitTS=467671268041424936] [regionID=8] [resolveLite=true] [resolvedByCheckTxnStatus=false]
[2026/07/14 18:18:27.447 +08:00] [WARN] [global_controller.go:850] ["[resource group controller] resource group name does not exist"] [name=default]
[2026/07/14 18:18:27.448 +08:00] [WARN] [global_controller.go:850] ["[resource group controller] resource group name does not exist"] [name=default]
[2026/07/14 18:18:27.448 +08:00] [WARN] [global_controller.go:850] ["[resource group controller] resource group name does not exist"] [name=default]
[2026/07/14 18:18:27.448 +08:00] [INFO] [job_worker.go:854] ["run one job step"] [category=ddl] [jobID=17] [job="ID:17, Type:create table, State:queueing, SchemaState:none, SchemaID:1, TableID:16, RowCount:0, ArgLen:0, start time: 2026-07-14 18:18:27.409 +0800 CST, Err:<nil>, ErrCount:0, SnapshotVersion:0, Version: v2"]
[2026/07/14 18:18:27.449 +08:00] [WARN] [global_controller.go:850] ["[resource group controller] resource group name does not exist"] [name=default]
[2026/07/14 18:18:27.449 +08:00] [WARN] [global_controller.go:850] ["[resource group controller] resource group name does not exist"] [name=default]
[2026/07/14 18:18:27.449 +08:00] [WARN] [global_controller.go:850] ["[resource group controller] resource group name does not exist"] [name=default]
[2026/07/14 18:18:27.452 +08:00] [WARN] [global_controller.go:850] ["[resource group controller] resource group name does not exist"] [name=default]
[2026/07/14 18:18:27.456 +08:00] [INFO] [loader.go:216] ["diff load InfoSchema success"] [mode=auto] [isV2=true] [currVer=7] [neededVer=8] [gotVer=8] ["elapsed time"=295.583µs] [phyTblIDs="[16]"] [actionTypes="[3]"] [diffTypes="[\"create table\"]"]
[2026/07/14 18:18:27.456 +08:00] [INFO] [syncer.go:258] ["session manager is nil"]
[2026/07/14 18:18:27.456 +08:00] [INFO] [syncer.go:281] ["mdl gets lock, update self version to owner"] [jobID=17] [version=8]
[2026/07/14 18:18:27.461 +08:00] [INFO] [schema_version.go:397] ["wait schema version synced success"] [category=ddl] [ver=8] [checkAssumedSvr=false] ["take time"=6.0445ms] [job="ID:17, Type:create table, State:done, SchemaState:public, SchemaID:1, TableID:16, RowCount:0, ArgLen:1, start time: 2026-07-14 18:18:27.409 +0800 CST, Err:<nil>, ErrCount:0, SnapshotVersion:0, Version: v2"] [summary="server count: 1"]
[2026/07/14 18:18:27.462 +08:00] [WARN] [global_controller.go:850] ["[resource group controller] resource group name does not exist"] [name=default]
[2026/07/14 18:18:27.462 +08:00] [WARN] [global_controller.go:850] ["[resource group controller] resource group name does not exist"] [name=default]
[2026/07/14 18:18:27.462 +08:00] [WARN] [global_controller.go:850] ["[resource group controller] resource group name does not exist"] [name=default]
[2026/07/14 18:18:27.462 +08:00] [WARN] [global_controller.go:850] ["[resource group controller] resource group name does not exist"] [name=default]
[2026/07/14 18:18:27.463 +08:00] [WARN] [global_controller.go:850] ["[resource group controller] resource group name does not exist"] [name=default]
[2026/07/14 18:18:27.463 +08:00] [INFO] [job_worker.go:447] ["finish DDL job"] [category=ddl] [jobID=17] [job="ID:17, Type:create table, State:synced, SchemaState:public, SchemaID:1, TableID:16, RowCount:0, ArgLen:0, start time: 2026-07-14 18:18:27.409 +0800 CST, Err:<nil>, ErrCount:0, SnapshotVersion:0, Version: v2"]
[2026/07/14 18:18:27.463 +08:00] [WARN] [global_controller.go:850] ["[resource group controller] resource group name does not exist"] [name=default]
[2026/07/14 18:18:27.464 +08:00] [WARN] [global_controller.go:850] ["[resource group controller] resource group name does not exist"] [name=default]
[2026/07/14 18:18:27.465 +08:00] [WARN] [global_controller.go:850] ["[resource group controller] resource group name does not exist"] [name=default]
[2026/07/14 18:18:27.465 +08:00] [INFO] [executor.go:7412] ["DDL job is finished"] [category=ddl] [jobID=17]
[2026/07/14 18:18:27.465 +08:00] [INFO] [session.go:5103] ["CRUCIAL OPERATION"] [conn=0] [schemaVersion=8] [cur_db=mysql] [sql="CREATE TABLE IF NOT EXISTS mysql.global_variables (\n\t\tVARIABLE_NAME  VARCHAR(64) NOT NULL PRIMARY KEY,\n\t\tVARIABLE_VALUE VARCHAR(16383) DEFAULT NULL);"] [user=]
[2026/07/14 18:18:27.465 +08:00] [INFO] [executor.go:7595] ["system variable tidb_scatter_region not found, use default value"] [category=ddl]
[2026/07/14 18:18:27.465 +08:00] [WARN] [global_controller.go:850] ["[resource group controller] resource group name does not exist"] [name=default]
[2026/07/14 18:18:27.466 +08:00] [WARN] [global_controller.go:850] ["[resource group controller] resource group name does not exist"] [name=default]
[2026/07/14 18:18:27.469 +08:00] [INFO] [job_submitter.go:118] ["add DDL jobs"] [category=ddl] ["batch count"=1] [jobs="ID:19, Type:create table, State:queueing, SchemaState:none, SchemaID:1, TableID:18, RowCount:0, ArgLen:1, start time: 2026-07-14 18:18:27.46 +0800 CST, Err:<nil>, ErrCount:0, SnapshotVersion:0, Version: v2; "] [fast_create=true]
[2026/07/14 18:18:27.470 +08:00] [INFO] [executor.go:7274] ["DDL job submitted"] [category=ddl] [job="ID:19, Type:create table, State:queueing, SchemaState:none, SchemaID:1, TableID:18, RowCount:0, ArgLen:1, start time: 2026-07-14 18:18:27.46 +0800 CST, Err:<nil>, ErrCount:0, SnapshotVersion:0, Version: v2"] [query="CREATE TABLE IF NOT EXISTS mysql.tidb (\n\t\tVARIABLE_NAME  \tVARCHAR(64) NOT NULL PRIMARY KEY,\n\t\tVARIABLE_VALUE \tVARCHAR(1024) DEFAULT NULL,\n\t\tCOMMENT \t\tVARCHAR(1024));"]
[2026/07/14 18:18:27.470 +08:00] [INFO] [lock_resolver.go:1631] ["txn lock cleanup resolve-lock rpc finished"] [action=commit] [txnStartTS=467671268054794252] [commitTS=467671268054794254] [regionID=8] [resolveLite=true] [resolvedByCheckTxnStatus=false]
[2026/07/14 18:18:27.470 +08:00] [WARN] [global_controller.go:850] ["[resource group controller] resource group name does not exist"] [name=default]
[2026/07/14 18:18:27.470 +08:00] [WARN] [global_controller.go:850] ["[resource group controller] resource group name does not exist"] [name=default]
[2026/07/14 18:18:27.471 +08:00] [WARN] [global_controller.go:850] ["[resource group controller] resource group name does not exist"] [name=default]
[2026/07/14 18:18:27.471 +08:00] [INFO] [job_worker.go:854] ["run one job step"] [category=ddl] [jobID=19] [job="ID:19, Type:create table, State:queueing, SchemaState:none, SchemaID:1, TableID:18, RowCount:0, ArgLen:0, start time: 2026-07-14 18:18:27.46 +0800 CST, Err:<nil>, ErrCount:0, SnapshotVersion:0, Version: v2"]
[2026/07/14 18:18:27.472 +08:00] [WARN] [global_controller.go:850] ["[resource group controller] resource group name does not exist"] [name=default]
[2026/07/14 18:18:27.472 +08:00] [WARN] [global_controller.go:850] ["[resource group controller] resource group name does not exist"] [name=default]
[2026/07/14 18:18:27.472 +08:00] [WARN] [global_controller.go:850] ["[resource group controller] resource group name does not exist"] [name=default]
[2026/07/14 18:18:27.478 +08:00] [INFO] [loader.go:216] ["diff load InfoSchema success"] [mode=auto] [isV2=true] [currVer=8] [neededVer=9] [gotVer=9] ["elapsed time"=266.458µs] [phyTblIDs="[18]"] [actionTypes="[3]"] [diffTypes="[\"create table\"]"]
[2026/07/14 18:18:27.478 +08:00] [INFO] [syncer.go:258] ["session manager is nil"]
[2026/07/14 18:18:27.478 +08:00] [INFO] [syncer.go:281] ["mdl gets lock, update self version to owner"] [jobID=19] [version=9]
[2026/07/14 18:18:27.483 +08:00] [INFO] [schema_version.go:397] ["wait schema version synced success"] [category=ddl] [ver=9] [checkAssumedSvr=false] ["take time"=5.907208ms] [job="ID:19, Type:create table, State:done, SchemaState:public, SchemaID:1, TableID:18, RowCount:0, ArgLen:1, start time: 2026-07-14 18:18:27.46 +0800 CST, Err:<nil>, ErrCount:0, SnapshotVersion:0, Version: v2"] [summary="server count: 1"]
[2026/07/14 18:18:27.484 +08:00] [WARN] [global_controller.go:850] ["[resource group controller] resource group name does not exist"] [name=default]
[2026/07/14 18:18:27.484 +08:00] [WARN] [global_controller.go:850] ["[resource group controller] resource group name does not exist"] [name=default]
[2026/07/14 18:18:27.484 +08:00] [WARN] [global_controller.go:850] ["[resource group controller] resource group name does not exist"] [name=default]
[2026/07/14 18:18:27.485 +08:00] [WARN] [global_controller.go:850] ["[resource group controller] resource group name does not exist"] [name=default]
[2026/07/14 18:18:27.485 +08:00] [WARN] [global_controller.go:850] ["[resource group controller] resource group name does not exist"] [name=default]
[2026/07/14 18:18:27.485 +08:00] [INFO] [job_worker.go:447] ["finish DDL job"] [category=ddl] [jobID=19] [job="ID:19, Type:create table, State:synced, SchemaState:public, SchemaID:1, TableID:18, RowCount:0, ArgLen:0, start time: 2026-07-14 18:18:27.46 +0800 CST, Err:<nil>, ErrCount:0, SnapshotVersion:0, Version: v2"]
[2026/07/14 18:18:27.485 +08:00] [WARN] [global_controller.go:850] ["[resource group controller] resource group name does not exist"] [name=default]
[2026/07/14 18:18:27.486 +08:00] [WARN] [global_controller.go:850] ["[resource group controller] resource group name does not exist"] [name=default]
[2026/07/14 18:18:27.487 +08:00] [WARN] [global_controller.go:850] ["[resource group controller] resource group name does not exist"] [name=default]
[2026/07/14 18:18:27.487 +08:00] [INFO] [executor.go:7412] ["DDL job is finished"] [category=ddl] [jobID=19]
[2026/07/14 18:18:27.487 +08:00] [INFO] [session.go:5103] ["CRUCIAL OPERATION"] [conn=0] [schemaVersion=9] [cur_db=mysql] [sql="CREATE TABLE IF NOT EXISTS mysql.tidb (\n\t\tVARIABLE_NAME  \tVARCHAR(64) NOT NULL PRIMARY KEY,\n\t\tVARIABLE_VALUE \tVARCHAR(1024) DEFAULT NULL,\n\t\tCOMMENT \t\tVARCHAR(1024));"] [user=]
[2026/07/14 18:18:27.487 +08:00] [INFO] [executor.go:7595] ["system variable tidb_scatter_region not found, use default value"] [category=ddl]
[2026/07/14 18:18:27.488 +08:00] [WARN] [global_controller.go:850] ["[resource group controller] resource group name does not exist"] [name=default]
[2026/07/14 18:18:27.489 +08:00] [WARN] [global_controller.go:850] ["[resource group controller] resource group name does not exist"] [name=default]
[2026/07/14 18:18:27.492 +08:00] [INFO] [job_submitter.go:118] ["add DDL jobs"] [category=ddl] ["batch count"=1] [jobs="ID:21, Type:create table, State:queueing, SchemaState:none, SchemaID:1, TableID:20, RowCount:0, ArgLen:1, start time: 2026-07-14 18:18:27.46 +0800 CST, Err:<nil>, ErrCount:0, SnapshotVersion:0, Version: v2; "] [fast_create=true]
[2026/07/14 18:18:27.492 +08:00] [INFO] [executor.go:7274] ["DDL job submitted"] [category=ddl] [job="ID:21, Type:create table, State:queueing, SchemaState:none, SchemaID:1, TableID:20, RowCount:0, ArgLen:1, start time: 2026-07-14 18:18:27.46 +0800 CST, Err:<nil>, ErrCount:0, SnapshotVersion:0, Version: v2"] [query="CREATE TABLE IF NOT EXISTS mysql.help_topic (\n\t\thelp_topic_id \t\tINT(10) UNSIGNED NOT NULL,\n\t\tname \t\t\t\tCHAR(64) NOT NULL,\n\t\thelp_category_id \tSMALLINT(5) UNSIGNED NOT NULL,\n\t\tdescription \t\tTEXT NOT NULL,\n\t\texample \t\t\tTEXT NOT NULL,\n\t\turl \t\t\t\tTEXT NOT NULL,\n\t\tPRIMARY KEY (help_topic_id) clustered,\n\t\tUNIQUE KEY name (name)\n\t\t) ENGINE=InnoDB DEFAULT CHARSET=utf8 STATS_PERSISTENT=0 COMMENT='help topics';"]
[2026/07/14 18:18:27.492 +08:00] [WARN] [global_controller.go:850] ["[resource group controller] resource group name does not exist"] [name=default]
[2026/07/14 18:18:27.492 +08:00] [WARN] [global_controller.go:850] ["[resource group controller] resource group name does not exist"] [name=default]
[2026/07/14 18:18:27.492 +08:00] [WARN] [global_controller.go:850] ["[resource group controller] resource group name does not exist"] [name=default]
[2026/07/14 18:18:27.492 +08:00] [INFO] [job_worker.go:854] ["run one job step"] [category=ddl] [jobID=21] [job="ID:21, Type:create table, State:queueing, SchemaState:none, SchemaID:1, TableID:20, RowCount:0, ArgLen:0, start time: 2026-07-14 18:18:27.46 +0800 CST, Err:<nil>, ErrCount:0, SnapshotVersion:0, Version: v2"]
[2026/07/14 18:18:27.493 +08:00] [WARN] [global_controller.go:850] ["[resource group controller] resource group name does not exist"] [name=default]
[2026/07/14 18:18:27.494 +08:00] [WARN] [global_controller.go:850] ["[resource group controller] resource group name does not exist"] [name=default]
[2026/07/14 18:18:27.494 +08:00] [WARN] [global_controller.go:850] ["[resource group controller] resource group name does not exist"] [name=default]
[2026/07/14 18:18:27.502 +08:00] [WARN] [global_controller.go:850] ["[resource group controller] resource group name does not exist"] [name=default]
[2026/07/14 18:18:27.508 +08:00] [INFO] [loader.go:216] ["diff load InfoSchema success"] [mode=auto] [isV2=true] [currVer=9] [neededVer=10] [gotVer=10] ["elapsed time"=281.584µs] [phyTblIDs="[20]"] [actionTypes="[3]"] [diffTypes="[\"create table\"]"]
[2026/07/14 18:18:27.509 +08:00] [INFO] [syncer.go:258] ["session manager is nil"]
[2026/07/14 18:18:27.509 +08:00] [INFO] [syncer.go:281] ["mdl gets lock, update self version to owner"] [jobID=21] [version=10]
[2026/07/14 18:18:27.514 +08:00] [INFO] [schema_version.go:397] ["wait schema version synced success"] [category=ddl] [ver=10] [checkAssumedSvr=false] ["take time"=6.113125ms] [job="ID:21, Type:create table, State:done, SchemaState:public, SchemaID:1, TableID:20, RowCount:0, ArgLen:1, start time: 2026-07-14 18:18:27.46 +0800 CST, Err:<nil>, ErrCount:0, SnapshotVersion:0, Version: v2"] [summary="server count: 1"]
[2026/07/14 18:18:27.515 +08:00] [WARN] [global_controller.go:850] ["[resource group controller] resource group name does not exist"] [name=default]
[2026/07/14 18:18:27.515 +08:00] [WARN] [global_controller.go:850] ["[resource group controller] resource group name does not exist"] [name=default]
[2026/07/14 18:18:27.515 +08:00] [WARN] [global_controller.go:850] ["[resource group controller] resource group name does not exist"] [name=default]
[2026/07/14 18:18:27.516 +08:00] [WARN] [global_controller.go:850] ["[resource group controller] resource group name does not exist"] [name=default]
[2026/07/14 18:18:27.516 +08:00] [WARN] [global_controller.go:850] ["[resource group controller] resource group name does not exist"] [name=default]
[2026/07/14 18:18:27.516 +08:00] [INFO] [job_worker.go:447] ["finish DDL job"] [category=ddl] [jobID=21] [job="ID:21, Type:create table, State:synced, SchemaState:public, SchemaID:1, TableID:20, RowCount:0, ArgLen:0, start time: 2026-07-14 18:18:27.46 +0800 CST, Err:<nil>, ErrCount:0, SnapshotVersion:0, Version: v2"]
[2026/07/14 18:18:27.516 +08:00] [WARN] [global_controller.go:850] ["[resource group controller] resource group name does not exist"] [name=default]
[2026/07/14 18:18:27.517 +08:00] [WARN] [global_controller.go:850] ["[resource group controller] resource group name does not exist"] [name=default]
[2026/07/14 18:18:27.518 +08:00] [WARN] [global_controller.go:850] ["[resource group controller] resource group name does not exist"] [name=default]
[2026/07/14 18:18:27.518 +08:00] [INFO] [executor.go:7412] ["DDL job is finished"] [category=ddl] [jobID=21]
[2026/07/14 18:18:27.518 +08:00] [INFO] [session.go:5103] ["CRUCIAL OPERATION"] [conn=0] [schemaVersion=10] [cur_db=mysql] [sql="CREATE TABLE IF NOT EXISTS mysql.help_topic (\n\t\thelp_topic_id \t\tINT(10) UNSIGNED NOT NULL,\n\t\tname \t\t\t\tCHAR(64) NOT NULL,\n\t\thelp_category_id \tSMALLINT(5) UNSIGNED NOT NULL,\n\t\tdescription \t\tTEXT NOT NULL,\n\t\texample \t\t\tTEXT NOT NULL,\n\t\turl \t\t\t\tTEXT NOT NULL,\n\t\tPRIMARY KEY (help_topic_id) clustered,\n\t\tUNIQUE KEY name (name)\n\t\t) ENGINE=InnoDB DEFAULT CHARSET=utf8 STATS_PERSISTENT=0 COMMENT='help topics';"] [user=]
[2026/07/14 18:18:27.518 +08:00] [INFO] [executor.go:7595] ["system variable tidb_scatter_region not found, use default value"] [category=ddl]
[2026/07/14 18:18:27.518 +08:00] [WARN] [global_controller.go:850] ["[resource group controller] resource group name does not exist"] [name=default]
[2026/07/14 18:18:27.519 +08:00] [WARN] [global_controller.go:850] ["[resource group controller] resource group name does not exist"] [name=default]
[2026/07/14 18:18:27.522 +08:00] [INFO] [job_submitter.go:118] ["add DDL jobs"] [category=ddl] ["batch count"=1] [jobs="ID:23, Type:create table, State:queueing, SchemaState:none, SchemaID:1, TableID:22, RowCount:0, ArgLen:1, start time: 2026-07-14 18:18:27.509 +0800 CST, Err:<nil>, ErrCount:0, SnapshotVersion:0, Version: v2; "] [fast_create=true]
[2026/07/14 18:18:27.522 +08:00] [INFO] [executor.go:7274] ["DDL job submitted"] [category=ddl] [job="ID:23, Type:create table, State:queueing, SchemaState:none, SchemaID:1, TableID:22, RowCount:0, ArgLen:1, start time: 2026-07-14 18:18:27.509 +0800 CST, Err:<nil>, ErrCount:0, SnapshotVersion:0, Version: v2"] [query="CREATE TABLE IF NOT EXISTS mysql.stats_meta (\n\t\tversion \t\t\t\t\tBIGINT(64) UNSIGNED NOT NULL,\n\t\ttable_id \t\t\t\t\tBIGINT(64) NOT NULL,\n\t\tmodify_count\t\t\t\tBIGINT(64) NOT NULL DEFAULT 0,\n\t\tcount \t\t\t\t\t\tBIGINT(64) UNSIGNED NOT NULL DEFAULT 0,\n\t\tsnapshot        \t\t\tBIGINT(64) UNSIGNED NOT NULL DEFAULT 0,\n\t\tlast_stats_histograms_version \tBIGINT(64) UNSIGNED DEFAULT NULL,\n\t\tPRIMARY KEY (table_id) CLUSTERED,\n\t\tINDEX idx_ver(version)\n\t);"]
[2026/07/14 18:18:27.523 +08:00] [INFO] [lock_resolver.go:1631] ["txn lock cleanup resolve-lock rpc finished"] [action=commit] [txnStartTS=467671268067639308] [commitTS=467671268067639310] [regionID=8] [resolveLite=true] [resolvedByCheckTxnStatus=false]
[2026/07/14 18:18:27.523 +08:00] [WARN] [global_controller.go:850] ["[resource group controller] resource group name does not exist"] [name=default]
[2026/07/14 18:18:27.523 +08:00] [WARN] [global_controller.go:850] ["[resource group controller] resource group name does not exist"] [name=default]
[2026/07/14 18:18:27.523 +08:00] [WARN] [global_controller.go:850] ["[resource group controller] resource group name does not exist"] [name=default]
[2026/07/14 18:18:27.523 +08:00] [INFO] [job_worker.go:854] ["run one job step"] [category=ddl] [jobID=23] [job="ID:23, Type:create table, State:queueing, SchemaState:none, SchemaID:1, TableID:22, RowCount:0, ArgLen:0, start time: 2026-07-14 18:18:27.509 +0800 CST, Err:<nil>, ErrCount:0, SnapshotVersion:0, Version: v2"]
[2026/07/14 18:18:27.524 +08:00] [WARN] [global_controller.go:850] ["[resource group controller] resource group name does not exist"] [name=default]
[2026/07/14 18:18:27.524 +08:00] [WARN] [global_controller.go:850] ["[resource group controller] resource group name does not exist"] [name=default]
[2026/07/14 18:18:27.525 +08:00] [WARN] [global_controller.go:850] ["[resource group controller] resource group name does not exist"] [name=default]
[2026/07/14 18:18:27.531 +08:00] [INFO] [loader.go:216] ["diff load InfoSchema success"] [mode=auto] [isV2=true] [currVer=10] [neededVer=11] [gotVer=11] ["elapsed time"=329.417µs] [phyTblIDs="[22]"] [actionTypes="[3]"] [diffTypes="[\"create table\"]"]
[2026/07/14 18:18:27.531 +08:00] [INFO] [syncer.go:258] ["session manager is nil"]
[2026/07/14 18:18:27.531 +08:00] [INFO] [syncer.go:281] ["mdl gets lock, update self version to owner"] [jobID=23] [version=11]
[2026/07/14 18:18:27.536 +08:00] [INFO] [schema_version.go:397] ["wait schema version synced success"] [category=ddl] [ver=11] [checkAssumedSvr=false] ["take time"=5.793459ms] [job="ID:23, Type:create table, State:done, SchemaState:public, SchemaID:1, TableID:22, RowCount:0, ArgLen:1, start time: 2026-07-14 18:18:27.509 +0800 CST, Err:<nil>, ErrCount:0, SnapshotVersion:0, Version: v2"] [summary="server count: 1"]
[2026/07/14 18:18:27.537 +08:00] [WARN] [global_controller.go:850] ["[resource group controller] resource group name does not exist"] [name=default]
[2026/07/14 18:18:27.537 +08:00] [WARN] [global_controller.go:850] ["[resource group controller] resource group name does not exist"] [name=default]
[2026/07/14 18:18:27.537 +08:00] [WARN] [global_controller.go:850] ["[resource group controller] resource group name does not exist"] [name=default]
[2026/07/14 18:18:27.537 +08:00] [WARN] [global_controller.go:850] ["[resource group controller] resource group name does not exist"] [name=default]
[2026/07/14 18:18:27.537 +08:00] [WARN] [global_controller.go:850] ["[resource group controller] resource group name does not exist"] [name=default]
[2026/07/14 18:18:27.537 +08:00] [INFO] [job_worker.go:447] ["finish DDL job"] [category=ddl] [jobID=23] [job="ID:23, Type:create table, State:synced, SchemaState:public, SchemaID:1, TableID:22, RowCount:0, ArgLen:0, start time: 2026-07-14 18:18:27.509 +0800 CST, Err:<nil>, ErrCount:0, SnapshotVersion:0, Version: v2"]
[2026/07/14 18:18:27.538 +08:00] [WARN] [global_controller.go:850] ["[resource group controller] resource group name does not exist"] [name=default]
[2026/07/14 18:18:27.539 +08:00] [WARN] [global_controller.go:850] ["[resource group controller] resource group name does not exist"] [name=default]
[2026/07/14 18:18:27.540 +08:00] [WARN] [global_controller.go:850] ["[resource group controller] resource group name does not exist"] [name=default]
[2026/07/14 18:18:27.540 +08:00] [INFO] [executor.go:7412] ["DDL job is finished"] [category=ddl] [jobID=23]
[2026/07/14 18:18:27.540 +08:00] [INFO] [session.go:5103] ["CRUCIAL OPERATION"] [conn=0] [schemaVersion=11] [cur_db=mysql] [sql="CREATE TABLE IF NOT EXISTS mysql.stats_meta (\n\t\tversion \t\t\t\t\tBIGINT(64) UNSIGNED NOT NULL,\n\t\ttable_id \t\t\t\t\tBIGINT(64) NOT NULL,\n\t\tmodify_count\t\t\t\tBIGINT(64) NOT NULL DEFAULT 0,\n\t\tcount \t\t\t\t\t\tBIGINT(64) UNSIGNED NOT NULL DEFAULT 0,\n\t\tsnapshot        \t\t\tBIGINT(64) UNSIGNED NOT NULL DEFAULT 0,\n\t\tlast_stats_histograms_version \tBIGINT(64) UNSIGNED DEFAULT NULL,\n\t\tPRIMARY KEY (table_id) CLUSTERED,\n\t\tINDEX idx_ver(version)\n\t);"] [user=]
[2026/07/14 18:18:27.540 +08:00] [INFO] [add_column.go:1339] ["Automatically convert BLOB(6291456) to MEDIUMBLOB"] [category=ddl]
[2026/07/14 18:18:27.540 +08:00] [INFO] [executor.go:7595] ["system variable tidb_scatter_region not found, use default value"] [category=ddl]
[2026/07/14 18:18:27.540 +08:00] [WARN] [global_controller.go:850] ["[resource group controller] resource group name does not exist"] [name=default]
[2026/07/14 18:18:27.541 +08:00] [WARN] [global_controller.go:850] ["[resource group controller] resource group name does not exist"] [name=default]
[2026/07/14 18:18:27.544 +08:00] [INFO] [job_submitter.go:118] ["add DDL jobs"] [category=ddl] ["batch count"=1] [jobs="ID:25, Type:create table, State:queueing, SchemaState:none, SchemaID:1, TableID:24, RowCount:0, ArgLen:1, start time: 2026-07-14 18:18:27.509 +0800 CST, Err:<nil>, ErrCount:0, SnapshotVersion:0, Version: v2; "] [fast_create=true]
[2026/07/14 18:18:27.544 +08:00] [INFO] [executor.go:7274] ["DDL job submitted"] [category=ddl] [job="ID:25, Type:create table, State:queueing, SchemaState:none, SchemaID:1, TableID:24, RowCount:0, ArgLen:1, start time: 2026-07-14 18:18:27.509 +0800 CST, Err:<nil>, ErrCount:0, SnapshotVersion:0, Version: v2"] [query="CREATE TABLE IF NOT EXISTS mysql.stats_histograms (\n\t\ttable_id \t\t\tBIGINT(64) NOT NULL,\n\t\tis_index \t\t\tTINYINT(2) NOT NULL,\n\t\thist_id \t\t\tBIGINT(64) NOT NULL,\n\t\tdistinct_count \t\tBIGINT(64) NOT NULL,\n\t\tnull_count \t\t\tBIGINT(64) NOT NULL DEFAULT 0,\n\t\ttot_col_size \t\tBIGINT(64) NOT NULL DEFAULT 0,\n\t\tmodify_count \t\tBIGINT(64) NOT NULL DEFAULT 0,\n\t\tversion \t\t\tBIGINT(64) UNSIGNED NOT NULL DEFAULT 0,\n\t\tcm_sketch \t\t\tBLOB(6291456),\n\t\tstats_ver \t\t\tBIGINT(64) NOT NULL DEFAULT 0,\n\t\tflag \t\t\t\tBIGINT(64) NOT NULL DEFAULT 0,\n\t\tcorrelation \t\tDOUBLE NOT NULL DEFAULT 0,\n\t\tlast_analyze_pos \tLONGBLOB DEFAULT NULL,\n\t\tPRIMARY KEY (table_id, is_index, hist_id) CLUSTERED\n\t);"]
[2026/07/14 18:18:27.545 +08:00] [INFO] [lock_resolver.go:1631] ["txn lock cleanup resolve-lock rpc finished"] [action=commit] [txnStartTS=467671268067639331] [commitTS=467671268067639333] [regionID=8] [resolveLite=true] [resolvedByCheckTxnStatus=false]
[2026/07/14 18:18:27.545 +08:00] [WARN] [global_controller.go:850] ["[resource group controller] resource group name does not exist"] [name=default]
[2026/07/14 18:18:27.545 +08:00] [WARN] [global_controller.go:850] ["[resource group controller] resource group name does not exist"] [name=default]
[2026/07/14 18:18:27.546 +08:00] [WARN] [global_controller.go:850] ["[resource group controller] resource group name does not exist"] [name=default]
[2026/07/14 18:18:27.546 +08:00] [INFO] [job_worker.go:854] ["run one job step"] [category=ddl] [jobID=25] [job="ID:25, Type:create table, State:queueing, SchemaState:none, SchemaID:1, TableID:24, RowCount:0, ArgLen:0, start time: 2026-07-14 18:18:27.509 +0800 CST, Err:<nil>, ErrCount:0, SnapshotVersion:0, Version: v2"]
[2026/07/14 18:18:27.547 +08:00] [WARN] [global_controller.go:850] ["[resource group controller] resource group name does not exist"] [name=default]
[2026/07/14 18:18:27.547 +08:00] [WARN] [global_controller.go:850] ["[resource group controller] resource group name does not exist"] [name=default]
[2026/07/14 18:18:27.547 +08:00] [WARN] [global_controller.go:850] ["[resource group controller] resource group name does not exist"] [name=default]
[2026/07/14 18:18:27.552 +08:00] [WARN] [global_controller.go:850] ["[resource group controller] resource group name does not exist"] [name=default]
[2026/07/14 18:18:27.553 +08:00] [INFO] [loader.go:216] ["diff load InfoSchema success"] [mode=auto] [isV2=true] [currVer=11] [neededVer=12] [gotVer=12] ["elapsed time"=324.375µs] [phyTblIDs="[24]"] [actionTypes="[3]"] [diffTypes="[\"create table\"]"]
[2026/07/14 18:18:27.554 +08:00] [INFO] [syncer.go:258] ["session manager is nil"]
[2026/07/14 18:18:27.554 +08:00] [INFO] [syncer.go:281] ["mdl gets lock, update self version to owner"] [jobID=25] [version=12]
[2026/07/14 18:18:27.558 +08:00] [INFO] [schema_version.go:397] ["wait schema version synced success"] [category=ddl] [ver=12] [checkAssumedSvr=false] ["take time"=5.226125ms] [job="ID:25, Type:create table, State:done, SchemaState:public, SchemaID:1, TableID:24, RowCount:0, ArgLen:1, start time: 2026-07-14 18:18:27.509 +0800 CST, Err:<nil>, ErrCount:0, SnapshotVersion:0, Version: v2"] [summary="server count: 1"]
[2026/07/14 18:18:27.559 +08:00] [WARN] [global_controller.go:850] ["[resource group controller] resource group name does not exist"] [name=default]
[2026/07/14 18:18:27.559 +08:00] [WARN] [global_controller.go:850] ["[resource group controller] resource group name does not exist"] [name=default]
[2026/07/14 18:18:27.559 +08:00] [WARN] [global_controller.go:850] ["[resource group controller] resource group name does not exist"] [name=default]
[2026/07/14 18:18:27.560 +08:00] [WARN] [global_controller.go:850] ["[resource group controller] resource group name does not exist"] [name=default]
[2026/07/14 18:18:27.560 +08:00] [WARN] [global_controller.go:850] ["[resource group controller] resource group name does not exist"] [name=default]
[2026/07/14 18:18:27.560 +08:00] [INFO] [job_worker.go:447] ["finish DDL job"] [category=ddl] [jobID=25] [job="ID:25, Type:create table, State:synced, SchemaState:public, SchemaID:1, TableID:24, RowCount:0, ArgLen:0, start time: 2026-07-14 18:18:27.509 +0800 CST, Err:<nil>, ErrCount:0, SnapshotVersion:0, Version: v2"]
[2026/07/14 18:18:27.560 +08:00] [WARN] [global_controller.go:850] ["[resource group controller] resource group name does not exist"] [name=default]
[2026/07/14 18:18:27.561 +08:00] [WARN] [global_controller.go:850] ["[resource group controller] resource group name does not exist"] [name=default]
[2026/07/14 18:18:27.562 +08:00] [WARN] [global_controller.go:850] ["[resource group controller] resource group name does not exist"] [name=default]
[2026/07/14 18:18:27.562 +08:00] [INFO] [executor.go:7412] ["DDL job is finished"] [category=ddl] [jobID=25]
[2026/07/14 18:18:27.562 +08:00] [INFO] [session.go:5103] ["CRUCIAL OPERATION"] [conn=0] [schemaVersion=12] [cur_db=mysql] [sql="CREATE TABLE IF NOT EXISTS mysql.stats_histograms (\n\t\ttable_id \t\t\tBIGINT(64) NOT NULL,\n\t\tis_index \t\t\tTINYINT(2) NOT NULL,\n\t\thist_id \t\t\tBIGINT(64) NOT NULL,\n\t\tdistinct_count \t\tBIGINT(64) NOT NULL,\n\t\tnull_count \t\t\tBIGINT(64) NOT NULL DEFAULT 0,\n\t\ttot_col_size \t\tBIGINT(64) NOT NULL DEFAULT 0,\n\t\tmodify_count \t\tBIGINT(64) NOT NULL DEFAULT 0,\n\t\tversion \t\t\tBIGINT(64) UNSIGNED NOT NULL DEFAULT 0,\n\t\tcm_sketch \t\t\tBLOB(6291456),\n\t\tstats_ver \t\t\tBIGINT(64) NOT NULL DEFAULT 0,\n\t\tflag \t\t\t\tBIGINT(64) NOT NULL DEFAULT 0,\n\t\tcorrelation \t\tDOUBLE NOT NULL DEFAULT 0,\n\t\tlast_analyze_pos \tLONGBLOB DEFAULT NULL,\n\t\tPRIMARY KEY (table_id, is_index, hist_id) CLUSTERED\n\t);"] [user=]
[2026/07/14 18:18:27.562 +08:00] [INFO] [executor.go:7595] ["system variable tidb_scatter_region not found, use default value"] [category=ddl]
[2026/07/14 18:18:27.562 +08:00] [WARN] [global_controller.go:850] ["[resource group controller] resource group name does not exist"] [name=default]
[2026/07/14 18:18:27.563 +08:00] [WARN] [global_controller.go:850] ["[resource group controller] resource group name does not exist"] [name=default]
[2026/07/14 18:18:27.566 +08:00] [INFO] [job_submitter.go:118] ["add DDL jobs"] [category=ddl] ["batch count"=1] [jobs="ID:27, Type:create table, State:queueing, SchemaState:none, SchemaID:1, TableID:26, RowCount:0, ArgLen:1, start time: 2026-07-14 18:18:27.559 +0800 CST, Err:<nil>, ErrCount:0, SnapshotVersion:0, Version: v2; "] [fast_create=true]
[2026/07/14 18:18:27.566 +08:00] [INFO] [executor.go:7274] ["DDL job submitted"] [category=ddl] [job="ID:27, Type:create table, State:queueing, SchemaState:none, SchemaID:1, TableID:26, RowCount:0, ArgLen:1, start time: 2026-07-14 18:18:27.559 +0800 CST, Err:<nil>, ErrCount:0, SnapshotVersion:0, Version: v2"] [query="CREATE TABLE IF NOT EXISTS mysql.stats_buckets (\n\t\ttable_id \tBIGINT(64) NOT NULL,\n\t\tis_index \tTINYINT(2) NOT NULL,\n\t\thist_id \tBIGINT(64) NOT NULL,\n\t\tbucket_id \tBIGINT(64) NOT NULL,\n\t\tcount \t\tBIGINT(64) NOT NULL,\n\t\trepeats \tBIGINT(64) NOT NULL,\n\t\tupper_bound LONGBLOB NOT NULL,\n\t\tlower_bound LONGBLOB ,\n\t\tndv         BIGINT NOT NULL DEFAULT 0,\n\t\tPRIMARY KEY (table_id, is_index, hist_id, bucket_id) CLUSTERED\n\t);"]
[2026/07/14 18:18:27.566 +08:00] [INFO] [lock_resolver.go:1631] ["txn lock cleanup resolve-lock rpc finished"] [action=commit] [txnStartTS=467671268080746506] [commitTS=467671268080746508] [regionID=8] [resolveLite=true] [resolvedByCheckTxnStatus=false]
[2026/07/14 18:18:27.566 +08:00] [WARN] [global_controller.go:850] ["[resource group controller] resource group name does not exist"] [name=default]
[2026/07/14 18:18:27.567 +08:00] [WARN] [global_controller.go:850] ["[resource group controller] resource group name does not exist"] [name=default]
[2026/07/14 18:18:27.567 +08:00] [WARN] [global_controller.go:850] ["[resource group controller] resource group name does not exist"] [name=default]
[2026/07/14 18:18:27.567 +08:00] [INFO] [job_worker.go:854] ["run one job step"] [category=ddl] [jobID=27] [job="ID:27, Type:create table, State:queueing, SchemaState:none, SchemaID:1, TableID:26, RowCount:0, ArgLen:0, start time: 2026-07-14 18:18:27.559 +0800 CST, Err:<nil>, ErrCount:0, SnapshotVersion:0, Version: v2"]
[2026/07/14 18:18:27.568 +08:00] [WARN] [global_controller.go:850] ["[resource group controller] resource group name does not exist"] [name=default]
[2026/07/14 18:18:27.568 +08:00] [WARN] [global_controller.go:850] ["[resource group controller] resource group name does not exist"] [name=default]
[2026/07/14 18:18:27.569 +08:00] [WARN] [global_controller.go:850] ["[resource group controller] resource group name does not exist"] [name=default]
[2026/07/14 18:18:27.575 +08:00] [INFO] [loader.go:216] ["diff load InfoSchema success"] [mode=auto] [isV2=true] [currVer=12] [neededVer=13] [gotVer=13] ["elapsed time"=312.708µs] [phyTblIDs="[26]"] [actionTypes="[3]"] [diffTypes="[\"create table\"]"]
[2026/07/14 18:18:27.575 +08:00] [INFO] [syncer.go:258] ["session manager is nil"]
[2026/07/14 18:18:27.575 +08:00] [INFO] [syncer.go:281] ["mdl gets lock, update self version to owner"] [jobID=27] [version=13]
[2026/07/14 18:18:27.580 +08:00] [INFO] [schema_version.go:397] ["wait schema version synced success"] [category=ddl] [ver=13] [checkAssumedSvr=false] ["take time"=5.822125ms] [job="ID:27, Type:create table, State:done, SchemaState:public, SchemaID:1, TableID:26, RowCount:0, ArgLen:1, start time: 2026-07-14 18:18:27.559 +0800 CST, Err:<nil>, ErrCount:0, SnapshotVersion:0, Version: v2"] [summary="server count: 1"]
[2026/07/14 18:18:27.581 +08:00] [WARN] [global_controller.go:850] ["[resource group controller] resource group name does not exist"] [name=default]
[2026/07/14 18:18:27.581 +08:00] [WARN] [global_controller.go:850] ["[resource group controller] resource group name does not exist"] [name=default]
[2026/07/14 18:18:27.582 +08:00] [WARN] [global_controller.go:850] ["[resource group controller] resource group name does not exist"] [name=default]
[2026/07/14 18:18:27.582 +08:00] [WARN] [global_controller.go:850] ["[resource group controller] resource group name does not exist"] [name=default]
[2026/07/14 18:18:27.582 +08:00] [WARN] [global_controller.go:850] ["[resource group controller] resource group name does not exist"] [name=default]
[2026/07/14 18:18:27.582 +08:00] [INFO] [job_worker.go:447] ["finish DDL job"] [category=ddl] [jobID=27] [job="ID:27, Type:create table, State:synced, SchemaState:public, SchemaID:1, TableID:26, RowCount:0, ArgLen:0, start time: 2026-07-14 18:18:27.559 +0800 CST, Err:<nil>, ErrCount:0, SnapshotVersion:0, Version: v2"]
[2026/07/14 18:18:27.582 +08:00] [WARN] [global_controller.go:850] ["[resource group controller] resource group name does not exist"] [name=default]
[2026/07/14 18:18:27.583 +08:00] [WARN] [global_controller.go:850] ["[resource group controller] resource group name does not exist"] [name=default]
[2026/07/14 18:18:27.584 +08:00] [WARN] [global_controller.go:850] ["[resource group controller] resource group name does not exist"] [name=default]
[2026/07/14 18:18:27.584 +08:00] [INFO] [executor.go:7412] ["DDL job is finished"] [category=ddl] [jobID=27]
[2026/07/14 18:18:27.584 +08:00] [INFO] [session.go:5103] ["CRUCIAL OPERATION"] [conn=0] [schemaVersion=13] [cur_db=mysql] [sql="CREATE TABLE IF NOT EXISTS mysql.stats_buckets (\n\t\ttable_id \tBIGINT(64) NOT NULL,\n\t\tis_index \tTINYINT(2) NOT NULL,\n\t\thist_id \tBIGINT(64) NOT NULL,\n\t\tbucket_id \tBIGINT(64) NOT NULL,\n\t\tcount \t\tBIGINT(64) NOT NULL,\n\t\trepeats \tBIGINT(64) NOT NULL,\n\t\tupper_bound LONGBLOB NOT NULL,\n\t\tlower_bound LONGBLOB ,\n\t\tndv         BIGINT NOT NULL DEFAULT 0,\n\t\tPRIMARY KEY (table_id, is_index, hist_id, bucket_id) CLUSTERED\n\t);"] [user=]
[2026/07/14 18:18:27.584 +08:00] [INFO] [executor.go:7595] ["system variable tidb_scatter_region not found, use default value"] [category=ddl]
[2026/07/14 18:18:27.584 +08:00] [WARN] [global_controller.go:850] ["[resource group controller] resource group name does not exist"] [name=default]
[2026/07/14 18:18:27.585 +08:00] [WARN] [global_controller.go:850] ["[resource group controller] resource group name does not exist"] [name=default]
[2026/07/14 18:18:27.589 +08:00] [INFO] [job_submitter.go:118] ["add DDL jobs"] [category=ddl] ["batch count"=1] [jobs="ID:29, Type:create table, State:queueing, SchemaState:none, SchemaID:1, TableID:28, RowCount:0, ArgLen:1, start time: 2026-07-14 18:18:27.559 +0800 CST, Err:<nil>, ErrCount:0, SnapshotVersion:0, Version: v2; "] [fast_create=true]
[2026/07/14 18:18:27.589 +08:00] [INFO] [executor.go:7274] ["DDL job submitted"] [category=ddl] [job="ID:29, Type:create table, State:queueing, SchemaState:none, SchemaID:1, TableID:28, RowCount:0, ArgLen:1, start time: 2026-07-14 18:18:27.559 +0800 CST, Err:<nil>, ErrCount:0, SnapshotVersion:0, Version: v2"] [query="CREATE TABLE IF NOT EXISTS mysql.gc_delete_range (\n\t\tjob_id \t\tBIGINT NOT NULL COMMENT \"the DDL job ID\",\n\t\telement_id \tBIGINT NOT NULL COMMENT \"the schema element ID\",\n\t\tstart_key \tVARCHAR(255) NOT NULL COMMENT \"encoded in hex\",\n\t\tend_key \tVARCHAR(255) NOT NULL COMMENT \"encoded in hex\",\n\t\tts \t\t\tBIGINT NOT NULL COMMENT \"timestamp in uint64\",\n\t\tUNIQUE KEY delete_range_index (job_id, element_id)\n\t);"]
[2026/07/14 18:18:27.589 +08:00] [INFO] [lock_resolver.go:1631] ["txn lock cleanup resolve-lock rpc finished"] [action=commit] [txnStartTS=467671268080746529] [commitTS=467671268080746531] [regionID=8] [resolveLite=true] [resolvedByCheckTxnStatus=false]
[2026/07/14 18:18:27.589 +08:00] [WARN] [global_controller.go:850] ["[resource group controller] resource group name does not exist"] [name=default]
[2026/07/14 18:18:27.589 +08:00] [WARN] [global_controller.go:850] ["[resource group controller] resource group name does not exist"] [name=default]
[2026/07/14 18:18:27.590 +08:00] [WARN] [global_controller.go:850] ["[resource group controller] resource group name does not exist"] [name=default]
[2026/07/14 18:18:27.590 +08:00] [INFO] [job_worker.go:854] ["run one job step"] [category=ddl] [jobID=29] [job="ID:29, Type:create table, State:queueing, SchemaState:none, SchemaID:1, TableID:28, RowCount:0, ArgLen:0, start time: 2026-07-14 18:18:27.559 +0800 CST, Err:<nil>, ErrCount:0, SnapshotVersion:0, Version: v2"]
[2026/07/14 18:18:27.591 +08:00] [WARN] [global_controller.go:850] ["[resource group controller] resource group name does not exist"] [name=default]
[2026/07/14 18:18:27.591 +08:00] [WARN] [global_controller.go:850] ["[resource group controller] resource group name does not exist"] [name=default]
[2026/07/14 18:18:27.591 +08:00] [WARN] [global_controller.go:850] ["[resource group controller] resource group name does not exist"] [name=default]
[2026/07/14 18:18:27.597 +08:00] [INFO] [loader.go:216] ["diff load InfoSchema success"] [mode=auto] [isV2=true] [currVer=13] [neededVer=14] [gotVer=14] ["elapsed time"=411.709µs] [phyTblIDs="[28]"] [actionTypes="[3]"] [diffTypes="[\"create table\"]"]
[2026/07/14 18:18:27.597 +08:00] [INFO] [syncer.go:258] ["session manager is nil"]
[2026/07/14 18:18:27.597 +08:00] [INFO] [syncer.go:281] ["mdl gets lock, update self version to owner"] [jobID=29] [version=14]
[2026/07/14 18:18:27.602 +08:00] [INFO] [schema_version.go:397] ["wait schema version synced success"] [category=ddl] [ver=14] [checkAssumedSvr=false] ["take time"=6.320875ms] [job="ID:29, Type:create table, State:done, SchemaState:public, SchemaID:1, TableID:28, RowCount:0, ArgLen:1, start time: 2026-07-14 18:18:27.559 +0800 CST, Err:<nil>, ErrCount:0, SnapshotVersion:0, Version: v2"] [summary="server count: 1"]
[2026/07/14 18:18:27.602 +08:00] [WARN] [global_controller.go:850] ["[resource group controller] resource group name does not exist"] [name=default]
[2026/07/14 18:18:27.603 +08:00] [WARN] [global_controller.go:850] ["[resource group controller] resource group name does not exist"] [name=default]
[2026/07/14 18:18:27.603 +08:00] [WARN] [global_controller.go:850] ["[resource group controller] resource group name does not exist"] [name=default]
[2026/07/14 18:18:27.603 +08:00] [WARN] [global_controller.go:850] ["[resource group controller] resource group name does not exist"] [name=default]
[2026/07/14 18:18:27.604 +08:00] [WARN] [global_controller.go:850] ["[resource group controller] resource group name does not exist"] [name=default]
[2026/07/14 18:18:27.604 +08:00] [WARN] [global_controller.go:850] ["[resource group controller] resource group name does not exist"] [name=default]
[2026/07/14 18:18:27.604 +08:00] [INFO] [job_worker.go:447] ["finish DDL job"] [category=ddl] [jobID=29] [job="ID:29, Type:create table, State:synced, SchemaState:public, SchemaID:1, TableID:28, RowCount:0, ArgLen:0, start time: 2026-07-14 18:18:27.559 +0800 CST, Err:<nil>, ErrCount:0, SnapshotVersion:0, Version: v2"]
[2026/07/14 18:18:27.604 +08:00] [WARN] [global_controller.go:850] ["[resource group controller] resource group name does not exist"] [name=default]
[2026/07/14 18:18:27.612 +08:00] [WARN] [global_controller.go:850] ["[resource group controller] resource group name does not exist"] [name=default]
[2026/07/14 18:18:27.613 +08:00] [WARN] [global_controller.go:850] ["[resource group controller] resource group name does not exist"] [name=default]
[2026/07/14 18:18:27.613 +08:00] [INFO] [executor.go:7412] ["DDL job is finished"] [category=ddl] [jobID=29]
[2026/07/14 18:18:27.613 +08:00] [INFO] [session.go:5103] ["CRUCIAL OPERATION"] [conn=0] [schemaVersion=14] [cur_db=mysql] [sql="CREATE TABLE IF NOT EXISTS mysql.gc_delete_range (\n\t\tjob_id \t\tBIGINT NOT NULL COMMENT \"the DDL job ID\",\n\t\telement_id \tBIGINT NOT NULL COMMENT \"the schema element ID\",\n\t\tstart_key \tVARCHAR(255) NOT NULL COMMENT \"encoded in hex\",\n\t\tend_key \tVARCHAR(255) NOT NULL COMMENT \"encoded in hex\",\n\t\tts \t\t\tBIGINT NOT NULL COMMENT \"timestamp in uint64\",\n\t\tUNIQUE KEY delete_range_index (job_id, element_id)\n\t);"] [user=]
[2026/07/14 18:18:27.613 +08:00] [INFO] [executor.go:7595] ["system variable tidb_scatter_region not found, use default value"] [category=ddl]
[2026/07/14 18:18:27.614 +08:00] [WARN] [global_controller.go:850] ["[resource group controller] resource group name does not exist"] [name=default]
[2026/07/14 18:18:27.614 +08:00] [WARN] [global_controller.go:850] ["[resource group controller] resource group name does not exist"] [name=default]
[2026/07/14 18:18:27.618 +08:00] [INFO] [job_submitter.go:118] ["add DDL jobs"] [category=ddl] ["batch count"=1] [jobs="ID:31, Type:create table, State:queueing, SchemaState:none, SchemaID:1, TableID:30, RowCount:0, ArgLen:1, start time: 2026-07-14 18:18:27.609 +0800 CST, Err:<nil>, ErrCount:0, SnapshotVersion:0, Version: v2; "] [fast_create=true]
[2026/07/14 18:18:27.618 +08:00] [INFO] [executor.go:7274] ["DDL job submitted"] [category=ddl] [job="ID:31, Type:create table, State:queueing, SchemaState:none, SchemaID:1, TableID:30, RowCount:0, ArgLen:1, start time: 2026-07-14 18:18:27.609 +0800 CST, Err:<nil>, ErrCount:0, SnapshotVersion:0, Version: v2"] [query="CREATE TABLE IF NOT EXISTS mysql.gc_delete_range_done (\n\t\tjob_id \t\tBIGINT NOT NULL COMMENT \"the DDL job ID\",\n\t\telement_id \tBIGINT NOT NULL COMMENT \"the schema element ID\",\n\t\tstart_key \tVARCHAR(255) NOT NULL COMMENT \"encoded in hex\",\n\t\tend_key \tVARCHAR(255) NOT NULL COMMENT \"encoded in hex\",\n\t\tts \t\t\tBIGINT NOT NULL COMMENT \"timestamp in uint64\",\n\t\tUNIQUE KEY delete_range_done_index (job_id, element_id)\n\t);"]
[2026/07/14 18:18:27.618 +08:00] [WARN] [global_controller.go:850] ["[resource group controller] resource group name does not exist"] [name=default]
[2026/07/14 18:18:27.618 +08:00] [WARN] [global_controller.go:850] ["[resource group controller] resource group name does not exist"] [name=default]
[2026/07/14 18:18:27.619 +08:00] [WARN] [global_controller.go:850] ["[resource group controller] resource group name does not exist"] [name=default]
[2026/07/14 18:18:27.619 +08:00] [INFO] [job_worker.go:854] ["run one job step"] [category=ddl] [jobID=31] [job="ID:31, Type:create table, State:queueing, SchemaState:none, SchemaID:1, TableID:30, RowCount:0, ArgLen:0, start time: 2026-07-14 18:18:27.609 +0800 CST, Err:<nil>, ErrCount:0, SnapshotVersion:0, Version: v2"]
[2026/07/14 18:18:27.620 +08:00] [WARN] [global_controller.go:850] ["[resource group controller] resource group name does not exist"] [name=default]
[2026/07/14 18:18:27.620 +08:00] [WARN] [global_controller.go:850] ["[resource group controller] resource group name does not exist"] [name=default]
[2026/07/14 18:18:27.620 +08:00] [WARN] [global_controller.go:850] ["[resource group controller] resource group name does not exist"] [name=default]
[2026/07/14 18:18:27.626 +08:00] [INFO] [loader.go:216] ["diff load InfoSchema success"] [mode=auto] [isV2=true] [currVer=14] [neededVer=15] [gotVer=15] ["elapsed time"=336.083µs] [phyTblIDs="[30]"] [actionTypes="[3]"] [diffTypes="[\"create table\"]"]
[2026/07/14 18:18:27.626 +08:00] [INFO] [syncer.go:258] ["session manager is nil"]
[2026/07/14 18:18:27.626 +08:00] [INFO] [syncer.go:281] ["mdl gets lock, update self version to owner"] [jobID=31] [version=15]
[2026/07/14 18:18:27.631 +08:00] [INFO] [schema_version.go:397] ["wait schema version synced success"] [category=ddl] [ver=15] [checkAssumedSvr=false] ["take time"=6.046167ms] [job="ID:31, Type:create table, State:done, SchemaState:public, SchemaID:1, TableID:30, RowCount:0, ArgLen:1, start time: 2026-07-14 18:18:27.609 +0800 CST, Err:<nil>, ErrCount:0, SnapshotVersion:0, Version: v2"] [summary="server count: 1"]
[2026/07/14 18:18:27.632 +08:00] [WARN] [global_controller.go:850] ["[resource group controller] resource group name does not exist"] [name=default]
[2026/07/14 18:18:27.632 +08:00] [WARN] [global_controller.go:850] ["[resource group controller] resource group name does not exist"] [name=default]
[2026/07/14 18:18:27.633 +08:00] [WARN] [global_controller.go:850] ["[resource group controller] resource group name does not exist"] [name=default]
[2026/07/14 18:18:27.633 +08:00] [WARN] [global_controller.go:850] ["[resource group controller] resource group name does not exist"] [name=default]
[2026/07/14 18:18:27.633 +08:00] [WARN] [global_controller.go:850] ["[resource group controller] resource group name does not exist"] [name=default]
[2026/07/14 18:18:27.633 +08:00] [INFO] [job_worker.go:447] ["finish DDL job"] [category=ddl] [jobID=31] [job="ID:31, Type:create table, State:synced, SchemaState:public, SchemaID:1, TableID:30, RowCount:0, ArgLen:0, start time: 2026-07-14 18:18:27.609 +0800 CST, Err:<nil>, ErrCount:0, SnapshotVersion:0, Version: v2"]
[2026/07/14 18:18:27.633 +08:00] [WARN] [global_controller.go:850] ["[resource group controller] resource group name does not exist"] [name=default]
[2026/07/14 18:18:27.635 +08:00] [WARN] [global_controller.go:850] ["[resource group controller] resource group name does not exist"] [name=default]
[2026/07/14 18:18:27.635 +08:00] [WARN] [global_controller.go:850] ["[resource group controller] resource group name does not exist"] [name=default]
[2026/07/14 18:18:27.635 +08:00] [INFO] [executor.go:7412] ["DDL job is finished"] [category=ddl] [jobID=31]
[2026/07/14 18:18:27.635 +08:00] [INFO] [session.go:5103] ["CRUCIAL OPERATION"] [conn=0] [schemaVersion=15] [cur_db=mysql] [sql="CREATE TABLE IF NOT EXISTS mysql.gc_delete_range_done (\n\t\tjob_id \t\tBIGINT NOT NULL COMMENT \"the DDL job ID\",\n\t\telement_id \tBIGINT NOT NULL COMMENT \"the schema element ID\",\n\t\tstart_key \tVARCHAR(255) NOT NULL COMMENT \"encoded in hex\",\n\t\tend_key \tVARCHAR(255) NOT NULL COMMENT \"encoded in hex\",\n\t\tts \t\t\tBIGINT NOT NULL COMMENT \"timestamp in uint64\",\n\t\tUNIQUE KEY delete_range_done_index (job_id, element_id)\n\t);"] [user=]
[2026/07/14 18:18:27.635 +08:00] [INFO] [executor.go:7595] ["system variable tidb_scatter_region not found, use default value"] [category=ddl]
[2026/07/14 18:18:27.636 +08:00] [WARN] [global_controller.go:850] ["[resource group controller] resource group name does not exist"] [name=default]
[2026/07/14 18:18:27.637 +08:00] [WARN] [global_controller.go:850] ["[resource group controller] resource group name does not exist"] [name=default]
[2026/07/14 18:18:27.640 +08:00] [INFO] [job_submitter.go:118] ["add DDL jobs"] [category=ddl] ["batch count"=1] [jobs="ID:33, Type:create table, State:queueing, SchemaState:none, SchemaID:1, TableID:32, RowCount:0, ArgLen:1, start time: 2026-07-14 18:18:27.609 +0800 CST, Err:<nil>, ErrCount:0, SnapshotVersion:0, Version: v2; "] [fast_create=true]
[2026/07/14 18:18:27.640 +08:00] [INFO] [executor.go:7274] ["DDL job submitted"] [category=ddl] [job="ID:33, Type:create table, State:queueing, SchemaState:none, SchemaID:1, TableID:32, RowCount:0, ArgLen:1, start time: 2026-07-14 18:18:27.609 +0800 CST, Err:<nil>, ErrCount:0, SnapshotVersion:0, Version: v2"] [query="CREATE TABLE IF NOT EXISTS mysql.stats_feedback (\n\t\ttable_id \tBIGINT(64) NOT NULL,\n\t\tis_index \tTINYINT(2) NOT NULL,\n\t\thist_id \tBIGINT(64) NOT NULL,\n\t\tfeedback \tBLOB NOT NULL,\n\t\tINDEX hist(table_id, is_index, hist_id)\n\t);"]
[2026/07/14 18:18:27.640 +08:00] [INFO] [lock_resolver.go:1631] ["txn lock cleanup resolve-lock rpc finished"] [action=commit] [txnStartTS=467671268093853727] [commitTS=467671268093853729] [regionID=8] [resolveLite=true] [resolvedByCheckTxnStatus=false]
[2026/07/14 18:18:27.640 +08:00] [WARN] [global_controller.go:850] ["[resource group controller] resource group name does not exist"] [name=default]
[2026/07/14 18:18:27.640 +08:00] [WARN] [global_controller.go:850] ["[resource group controller] resource group name does not exist"] [name=default]
[2026/07/14 18:18:27.641 +08:00] [WARN] [global_controller.go:850] ["[resource group controller] resource group name does not exist"] [name=default]
[2026/07/14 18:18:27.641 +08:00] [INFO] [job_worker.go:854] ["run one job step"] [category=ddl] [jobID=33] [job="ID:33, Type:create table, State:queueing, SchemaState:none, SchemaID:1, TableID:32, RowCount:0, ArgLen:0, start time: 2026-07-14 18:18:27.609 +0800 CST, Err:<nil>, ErrCount:0, SnapshotVersion:0, Version: v2"]
[2026/07/14 18:18:27.642 +08:00] [WARN] [global_controller.go:850] ["[resource group controller] resource group name does not exist"] [name=default]
[2026/07/14 18:18:27.642 +08:00] [WARN] [global_controller.go:850] ["[resource group controller] resource group name does not exist"] [name=default]
[2026/07/14 18:18:27.642 +08:00] [WARN] [global_controller.go:850] ["[resource group controller] resource group name does not exist"] [name=default]
[2026/07/14 18:18:27.648 +08:00] [INFO] [loader.go:216] ["diff load InfoSchema success"] [mode=auto] [isV2=true] [currVer=15] [neededVer=16] [gotVer=16] ["elapsed time"=330.166µs] [phyTblIDs="[32]"] [actionTypes="[3]"] [diffTypes="[\"create table\"]"]
[2026/07/14 18:18:27.648 +08:00] [INFO] [syncer.go:258] ["session manager is nil"]
[2026/07/14 18:18:27.648 +08:00] [INFO] [syncer.go:281] ["mdl gets lock, update self version to owner"] [jobID=33] [version=16]
[2026/07/14 18:18:27.652 +08:00] [WARN] [global_controller.go:850] ["[resource group controller] resource group name does not exist"] [name=default]
[2026/07/14 18:18:27.653 +08:00] [INFO] [schema_version.go:397] ["wait schema version synced success"] [category=ddl] [ver=16] [checkAssumedSvr=false] ["take time"=6.049459ms] [job="ID:33, Type:create table, State:done, SchemaState:public, SchemaID:1, TableID:32, RowCount:0, ArgLen:1, start time: 2026-07-14 18:18:27.609 +0800 CST, Err:<nil>, ErrCount:0, SnapshotVersion:0, Version: v2"] [summary="server count: 1"]
[2026/07/14 18:18:27.654 +08:00] [WARN] [global_controller.go:850] ["[resource group controller] resource group name does not exist"] [name=default]
[2026/07/14 18:18:27.654 +08:00] [WARN] [global_controller.go:850] ["[resource group controller] resource group name does not exist"] [name=default]
[2026/07/14 18:18:27.654 +08:00] [WARN] [global_controller.go:850] ["[resource group controller] resource group name does not exist"] [name=default]
[2026/07/14 18:18:27.654 +08:00] [WARN] [global_controller.go:850] ["[resource group controller] resource group name does not exist"] [name=default]
[2026/07/14 18:18:27.654 +08:00] [WARN] [global_controller.go:850] ["[resource group controller] resource group name does not exist"] [name=default]
[2026/07/14 18:18:27.655 +08:00] [INFO] [job_worker.go:447] ["finish DDL job"] [category=ddl] [jobID=33] [job="ID:33, Type:create table, State:synced, SchemaState:public, SchemaID:1, TableID:32, RowCount:0, ArgLen:0, start time: 2026-07-14 18:18:27.609 +0800 CST, Err:<nil>, ErrCount:0, SnapshotVersion:0, Version: v2"]
[2026/07/14 18:18:27.655 +08:00] [WARN] [global_controller.go:850] ["[resource group controller] resource group name does not exist"] [name=default]
[2026/07/14 18:18:27.656 +08:00] [WARN] [global_controller.go:850] ["[resource group controller] resource group name does not exist"] [name=default]
[2026/07/14 18:18:27.657 +08:00] [WARN] [global_controller.go:850] ["[resource group controller] resource group name does not exist"] [name=default]
[2026/07/14 18:18:27.657 +08:00] [INFO] [executor.go:7412] ["DDL job is finished"] [category=ddl] [jobID=33]
[2026/07/14 18:18:27.657 +08:00] [INFO] [session.go:5103] ["CRUCIAL OPERATION"] [conn=0] [schemaVersion=16] [cur_db=mysql] [sql="CREATE TABLE IF NOT EXISTS mysql.stats_feedback (\n\t\ttable_id \tBIGINT(64) NOT NULL,\n\t\tis_index \tTINYINT(2) NOT NULL,\n\t\thist_id \tBIGINT(64) NOT NULL,\n\t\tfeedback \tBLOB NOT NULL,\n\t\tINDEX hist(table_id, is_index, hist_id)\n\t);"] [user=]
[2026/07/14 18:18:27.657 +08:00] [INFO] [executor.go:7595] ["system variable tidb_scatter_region not found, use default value"] [category=ddl]
[2026/07/14 18:18:27.657 +08:00] [WARN] [global_controller.go:850] ["[resource group controller] resource group name does not exist"] [name=default]
[2026/07/14 18:18:27.658 +08:00] [WARN] [global_controller.go:850] ["[resource group controller] resource group name does not exist"] [name=default]
[2026/07/14 18:18:27.662 +08:00] [WARN] [global_controller.go:850] ["[resource group controller] resource group name does not exist"] [name=default]
[2026/07/14 18:18:27.662 +08:00] [INFO] [job_submitter.go:118] ["add DDL jobs"] [category=ddl] ["batch count"=1] [jobs="ID:35, Type:create table, State:queueing, SchemaState:none, SchemaID:1, TableID:34, RowCount:0, ArgLen:1, start time: 2026-07-14 18:18:27.609 +0800 CST, Err:<nil>, ErrCount:0, SnapshotVersion:0, Version: v2; "] [fast_create=true]
[2026/07/14 18:18:27.662 +08:00] [INFO] [executor.go:7274] ["DDL job submitted"] [category=ddl] [job="ID:35, Type:create table, State:queueing, SchemaState:none, SchemaID:1, TableID:34, RowCount:0, ArgLen:1, start time: 2026-07-14 18:18:27.609 +0800 CST, Err:<nil>, ErrCount:0, SnapshotVersion:0, Version: v2"] [query="CREATE TABLE IF NOT EXISTS mysql.role_edges (\n\t\tFROM_HOST \t\t\tCHAR(60) COLLATE utf8_bin NOT NULL DEFAULT '',\n\t\tFROM_USER \t\t\tCHAR(32) COLLATE utf8_bin NOT NULL DEFAULT '',\n\t\tTO_HOST \t\t\tCHAR(60) COLLATE utf8_bin NOT NULL DEFAULT '',\n\t\tTO_USER \t\t\tCHAR(32) COLLATE utf8_bin NOT NULL DEFAULT '',\n\t\tWITH_ADMIN_OPTION \tENUM('N','Y') CHARACTER SET utf8 COLLATE utf8_general_ci NOT NULL DEFAULT 'N',\n\t\tPRIMARY KEY (FROM_HOST,FROM_USER,TO_HOST,TO_USER)\n\t);"]
[2026/07/14 18:18:27.662 +08:00] [WARN] [global_controller.go:850] ["[resource group controller] resource group name does not exist"] [name=default]
[2026/07/14 18:18:27.662 +08:00] [WARN] [global_controller.go:850] ["[resource group controller] resource group name does not exist"] [name=default]
[2026/07/14 18:18:27.662 +08:00] [INFO] [job_worker.go:854] ["run one job step"] [category=ddl] [jobID=35] [job="ID:35, Type:create table, State:queueing, SchemaState:none, SchemaID:1, TableID:34, RowCount:0, ArgLen:0, start time: 2026-07-14 18:18:27.609 +0800 CST, Err:<nil>, ErrCount:0, SnapshotVersion:0, Version: v2"]
[2026/07/14 18:18:27.663 +08:00] [WARN] [global_controller.go:850] ["[resource group controller] resource group name does not exist"] [name=default]
[2026/07/14 18:18:27.664 +08:00] [WARN] [global_controller.go:850] ["[resource group controller] resource group name does not exist"] [name=default]
[2026/07/14 18:18:27.664 +08:00] [WARN] [global_controller.go:850] ["[resource group controller] resource group name does not exist"] [name=default]
[2026/07/14 18:18:27.669 +08:00] [INFO] [loader.go:216] ["diff load InfoSchema success"] [mode=auto] [isV2=true] [currVer=16] [neededVer=17] [gotVer=17] ["elapsed time"=268.167µs] [phyTblIDs="[34]"] [actionTypes="[3]"] [diffTypes="[\"create table\"]"]
[2026/07/14 18:18:27.671 +08:00] [INFO] [syncer.go:258] ["session manager is nil"]
[2026/07/14 18:18:27.671 +08:00] [INFO] [syncer.go:281] ["mdl gets lock, update self version to owner"] [jobID=35] [version=17]
[2026/07/14 18:18:27.676 +08:00] [INFO] [schema_version.go:397] ["wait schema version synced success"] [category=ddl] [ver=17] [checkAssumedSvr=false] ["take time"=6.925875ms] [job="ID:35, Type:create table, State:done, SchemaState:public, SchemaID:1, TableID:34, RowCount:0, ArgLen:1, start time: 2026-07-14 18:18:27.609 +0800 CST, Err:<nil>, ErrCount:0, SnapshotVersion:0, Version: v2"] [summary="server count: 1"]
[2026/07/14 18:18:27.677 +08:00] [WARN] [global_controller.go:850] ["[resource group controller] resource group name does not exist"] [name=default]
[2026/07/14 18:18:27.677 +08:00] [WARN] [global_controller.go:850] ["[resource group controller] resource group name does not exist"] [name=default]
[2026/07/14 18:18:27.677 +08:00] [WARN] [global_controller.go:850] ["[resource group controller] resource group name does not exist"] [name=default]
[2026/07/14 18:18:27.677 +08:00] [WARN] [global_controller.go:850] ["[resource group controller] resource group name does not exist"] [name=default]
[2026/07/14 18:18:27.678 +08:00] [WARN] [global_controller.go:850] ["[resource group controller] resource group name does not exist"] [name=default]
[2026/07/14 18:18:27.678 +08:00] [INFO] [job_worker.go:447] ["finish DDL job"] [category=ddl] [jobID=35] [job="ID:35, Type:create table, State:synced, SchemaState:public, SchemaID:1, TableID:34, RowCount:0, ArgLen:0, start time: 2026-07-14 18:18:27.609 +0800 CST, Err:<nil>, ErrCount:0, SnapshotVersion:0, Version: v2"]
[2026/07/14 18:18:27.678 +08:00] [WARN] [global_controller.go:850] ["[resource group controller] resource group name does not exist"] [name=default]
[2026/07/14 18:18:27.679 +08:00] [WARN] [global_controller.go:850] ["[resource group controller] resource group name does not exist"] [name=default]
[2026/07/14 18:18:27.679 +08:00] [WARN] [global_controller.go:850] ["[resource group controller] resource group name does not exist"] [name=default]
[2026/07/14 18:18:27.679 +08:00] [INFO] [executor.go:7412] ["DDL job is finished"] [category=ddl] [jobID=35]
[2026/07/14 18:18:27.680 +08:00] [INFO] [session.go:5103] ["CRUCIAL OPERATION"] [conn=0] [schemaVersion=17] [cur_db=mysql] [sql="CREATE TABLE IF NOT EXISTS mysql.role_edges (\n\t\tFROM_HOST \t\t\tCHAR(60) COLLATE utf8_bin NOT NULL DEFAULT '',\n\t\tFROM_USER \t\t\tCHAR(32) COLLATE utf8_bin NOT NULL DEFAULT '',\n\t\tTO_HOST \t\t\tCHAR(60) COLLATE utf8_bin NOT NULL DEFAULT '',\n\t\tTO_USER \t\t\tCHAR(32) COLLATE utf8_bin NOT NULL DEFAULT '',\n\t\tWITH_ADMIN_OPTION \tENUM('N','Y') CHARACTER SET utf8 COLLATE utf8_general_ci NOT NULL DEFAULT 'N',\n\t\tPRIMARY KEY (FROM_HOST,FROM_USER,TO_HOST,TO_USER)\n\t);"] [user=]
[2026/07/14 18:18:27.680 +08:00] [INFO] [executor.go:7595] ["system variable tidb_scatter_region not found, use default value"] [category=ddl]
[2026/07/14 18:18:27.681 +08:00] [WARN] [global_controller.go:850] ["[resource group controller] resource group name does not exist"] [name=default]
[2026/07/14 18:18:27.681 +08:00] [WARN] [global_controller.go:850] ["[resource group controller] resource group name does not exist"] [name=default]
[2026/07/14 18:18:27.685 +08:00] [WARN] [global_controller.go:850] ["[resource group controller] resource group name does not exist"] [name=default]
[2026/07/14 18:18:27.685 +08:00] [INFO] [job_submitter.go:118] ["add DDL jobs"] [category=ddl] ["batch count"=1] [jobs="ID:37, Type:create table, State:queueing, SchemaState:none, SchemaID:1, TableID:36, RowCount:0, ArgLen:1, start time: 2026-07-14 18:18:27.66 +0800 CST, Err:<nil>, ErrCount:0, SnapshotVersion:0, Version: v2; "] [fast_create=true]
[2026/07/14 18:18:27.685 +08:00] [INFO] [executor.go:7274] ["DDL job submitted"] [category=ddl] [job="ID:37, Type:create table, State:queueing, SchemaState:none, SchemaID:1, TableID:36, RowCount:0, ArgLen:1, start time: 2026-07-14 18:18:27.66 +0800 CST, Err:<nil>, ErrCount:0, SnapshotVersion:0, Version: v2"] [query="CREATE TABLE IF NOT EXISTS mysql.default_roles (\n\t\tHOST \t\t\t\tCHAR(60) COLLATE utf8_bin NOT NULL DEFAULT '',\n\t\tUSER \t\t\t\tCHAR(32) COLLATE utf8_bin NOT NULL DEFAULT '',\n\t\tDEFAULT_ROLE_HOST \tCHAR(60) COLLATE utf8_bin NOT NULL DEFAULT '%',\n\t\tDEFAULT_ROLE_USER \tCHAR(32) COLLATE utf8_bin NOT NULL DEFAULT '',\n\t\tPRIMARY KEY (HOST,USER,DEFAULT_ROLE_HOST,DEFAULT_ROLE_USER),\n\t\tKEY i_user (USER))"]
[2026/07/14 18:18:27.685 +08:00] [WARN] [global_controller.go:850] ["[resource group controller] resource group name does not exist"] [name=default]
[2026/07/14 18:18:27.685 +08:00] [WARN] [global_controller.go:850] ["[resource group controller] resource group name does not exist"] [name=default]
[2026/07/14 18:18:27.685 +08:00] [INFO] [job_worker.go:854] ["run one job step"] [category=ddl] [jobID=37] [job="ID:37, Type:create table, State:queueing, SchemaState:none, SchemaID:1, TableID:36, RowCount:0, ArgLen:0, start time: 2026-07-14 18:18:27.66 +0800 CST, Err:<nil>, ErrCount:0, SnapshotVersion:0, Version: v2"]
[2026/07/14 18:18:27.686 +08:00] [WARN] [global_controller.go:850] ["[resource group controller] resource group name does not exist"] [name=default]
[2026/07/14 18:18:27.687 +08:00] [WARN] [global_controller.go:850] ["[resource group controller] resource group name does not exist"] [name=default]
[2026/07/14 18:18:27.687 +08:00] [WARN] [global_controller.go:850] ["[resource group controller] resource group name does not exist"] [name=default]
[2026/07/14 18:18:27.692 +08:00] [INFO] [loader.go:216] ["diff load InfoSchema success"] [mode=auto] [isV2=true] [currVer=17] [neededVer=18] [gotVer=18] ["elapsed time"=289.875µs] [phyTblIDs="[36]"] [actionTypes="[3]"] [diffTypes="[\"create table\"]"]
[2026/07/14 18:18:27.693 +08:00] [INFO] [syncer.go:258] ["session manager is nil"]
[2026/07/14 18:18:27.693 +08:00] [INFO] [syncer.go:281] ["mdl gets lock, update self version to owner"] [jobID=37] [version=18]
[2026/07/14 18:18:27.697 +08:00] [INFO] [schema_version.go:397] ["wait schema version synced success"] [category=ddl] [ver=18] [checkAssumedSvr=false] ["take time"=5.173625ms] [job="ID:37, Type:create table, State:done, SchemaState:public, SchemaID:1, TableID:36, RowCount:0, ArgLen:1, start time: 2026-07-14 18:18:27.66 +0800 CST, Err:<nil>, ErrCount:0, SnapshotVersion:0, Version: v2"] [summary="server count: 1"]
[2026/07/14 18:18:27.698 +08:00] [WARN] [global_controller.go:850] ["[resource group controller] resource group name does not exist"] [name=default]
[2026/07/14 18:18:27.698 +08:00] [WARN] [global_controller.go:850] ["[resource group controller] resource group name does not exist"] [name=default]
[2026/07/14 18:18:27.699 +08:00] [WARN] [global_controller.go:850] ["[resource group controller] resource group name does not exist"] [name=default]
[2026/07/14 18:18:27.699 +08:00] [WARN] [global_controller.go:850] ["[resource group controller] resource group name does not exist"] [name=default]
[2026/07/14 18:18:27.699 +08:00] [WARN] [global_controller.go:850] ["[resource group controller] resource group name does not exist"] [name=default]
[2026/07/14 18:18:27.699 +08:00] [INFO] [job_worker.go:447] ["finish DDL job"] [category=ddl] [jobID=37] [job="ID:37, Type:create table, State:synced, SchemaState:public, SchemaID:1, TableID:36, RowCount:0, ArgLen:0, start time: 2026-07-14 18:18:27.66 +0800 CST, Err:<nil>, ErrCount:0, SnapshotVersion:0, Version: v2"]
[2026/07/14 18:18:27.699 +08:00] [WARN] [global_controller.go:850] ["[resource group controller] resource group name does not exist"] [name=default]
[2026/07/14 18:18:27.700 +08:00] [WARN] [global_controller.go:850] ["[resource group controller] resource group name does not exist"] [name=default]
[2026/07/14 18:18:27.700 +08:00] [WARN] [global_controller.go:850] ["[resource group controller] resource group name does not exist"] [name=default]
[2026/07/14 18:18:27.701 +08:00] [INFO] [executor.go:7412] ["DDL job is finished"] [category=ddl] [jobID=37]
[2026/07/14 18:18:27.701 +08:00] [INFO] [session.go:5103] ["CRUCIAL OPERATION"] [conn=0] [schemaVersion=18] [cur_db=mysql] [sql="CREATE TABLE IF NOT EXISTS mysql.default_roles (\n\t\tHOST \t\t\t\tCHAR(60) COLLATE utf8_bin NOT NULL DEFAULT '',\n\t\tUSER \t\t\t\tCHAR(32) COLLATE utf8_bin NOT NULL DEFAULT '',\n\t\tDEFAULT_ROLE_HOST \tCHAR(60) COLLATE utf8_bin NOT NULL DEFAULT '%',\n\t\tDEFAULT_ROLE_USER \tCHAR(32) COLLATE utf8_bin NOT NULL DEFAULT '',\n\t\tPRIMARY KEY (HOST,USER,DEFAULT_ROLE_HOST,DEFAULT_ROLE_USER),\n\t\tKEY i_user (USER))"] [user=]
[2026/07/14 18:18:27.701 +08:00] [INFO] [executor.go:7595] ["system variable tidb_scatter_region not found, use default value"] [category=ddl]
[2026/07/14 18:18:27.701 +08:00] [WARN] [global_controller.go:850] ["[resource group controller] resource group name does not exist"] [name=default]
[2026/07/14 18:18:27.702 +08:00] [WARN] [global_controller.go:850] ["[resource group controller] resource group name does not exist"] [name=default]
[2026/07/14 18:18:27.702 +08:00] [WARN] [global_controller.go:850] ["[resource group controller] resource group name does not exist"] [name=default]
[2026/07/14 18:18:27.705 +08:00] [INFO] [job_submitter.go:118] ["add DDL jobs"] [category=ddl] ["batch count"=1] [jobs="ID:39, Type:create table, State:queueing, SchemaState:none, SchemaID:1, TableID:38, RowCount:0, ArgLen:1, start time: 2026-07-14 18:18:27.66 +0800 CST, Err:<nil>, ErrCount:0, SnapshotVersion:0, Version: v2; "] [fast_create=true]
[2026/07/14 18:18:27.705 +08:00] [INFO] [executor.go:7274] ["DDL job submitted"] [category=ddl] [job="ID:39, Type:create table, State:queueing, SchemaState:none, SchemaID:1, TableID:38, RowCount:0, ArgLen:1, start time: 2026-07-14 18:18:27.66 +0800 CST, Err:<nil>, ErrCount:0, SnapshotVersion:0, Version: v2"] [query="CREATE TABLE IF NOT EXISTS mysql.bind_info (\n\t\toriginal_sql LONGTEXT NOT NULL,\n\t\tbind_sql LONGTEXT NOT NULL,\n\t\tdefault_db TEXT NOT NULL,\n\t\tstatus TEXT NOT NULL,\n\t\tcreate_time TIMESTAMP(6) NOT NULL,\n\t\tupdate_time TIMESTAMP(6) NOT NULL,\n\t\tcharset TEXT NOT NULL,\n\t\tcollation TEXT NOT NULL,\n\t\tsource VARCHAR(10) NOT NULL DEFAULT 'unknown',\n\t\tsql_digest varchar(64) DEFAULT NULL,\n\t\tplan_digest varchar(64) DEFAULT NULL,\n\t\tlast_used_date date DEFAULT NULL,\n\t\tINDEX sql_index(original_sql(700),default_db(68)) COMMENT \"accelerate the speed when add global binding query\",\n\t\tINDEX time_index(update_time) COMMENT \"accelerate the speed when querying with last update time\",\n\t\tUNIQUE INDEX digest_index(plan_digest, sql_digest) COMMENT \"avoid duplicated records\"\n\t) ENGINE=InnoDB DEFAULT CHARSET=utf8mb4 COLLATE=utf8mb4_bin;"]
[2026/07/14 18:18:27.706 +08:00] [INFO] [lock_resolver.go:1631] ["txn lock cleanup resolve-lock rpc finished"] [action=commit] [txnStartTS=467671268107223086] [commitTS=467671268107223089] [regionID=8] [resolveLite=true] [resolvedByCheckTxnStatus=false]
[2026/07/14 18:18:27.706 +08:00] [WARN] [global_controller.go:850] ["[resource group controller] resource group name does not exist"] [name=default]
[2026/07/14 18:18:27.706 +08:00] [WARN] [global_controller.go:850] ["[resource group controller] resource group name does not exist"] [name=default]
[2026/07/14 18:18:27.706 +08:00] [WARN] [global_controller.go:850] ["[resource group controller] resource group name does not exist"] [name=default]
[2026/07/14 18:18:27.706 +08:00] [INFO] [job_worker.go:854] ["run one job step"] [category=ddl] [jobID=39] [job="ID:39, Type:create table, State:queueing, SchemaState:none, SchemaID:1, TableID:38, RowCount:0, ArgLen:0, start time: 2026-07-14 18:18:27.66 +0800 CST, Err:<nil>, ErrCount:0, SnapshotVersion:0, Version: v2"]
[2026/07/14 18:18:27.707 +08:00] [WARN] [global_controller.go:850] ["[resource group controller] resource group name does not exist"] [name=default]
[2026/07/14 18:18:27.708 +08:00] [WARN] [global_controller.go:850] ["[resource group controller] resource group name does not exist"] [name=default]
[2026/07/14 18:18:27.708 +08:00] [WARN] [global_controller.go:850] ["[resource group controller] resource group name does not exist"] [name=default]
[2026/07/14 18:18:27.722 +08:00] [INFO] [loader.go:216] ["diff load InfoSchema success"] [mode=auto] [isV2=true] [currVer=18] [neededVer=19] [gotVer=19] ["elapsed time"=401.542µs] [phyTblIDs="[38]"] [actionTypes="[3]"] [diffTypes="[\"create table\"]"]
[2026/07/14 18:18:27.722 +08:00] [INFO] [syncer.go:258] ["session manager is nil"]
[2026/07/14 18:18:27.722 +08:00] [INFO] [syncer.go:281] ["mdl gets lock, update self version to owner"] [jobID=39] [version=19]
[2026/07/14 18:18:27.727 +08:00] [INFO] [schema_version.go:397] ["wait schema version synced success"] [category=ddl] [ver=19] [checkAssumedSvr=false] ["take time"=5.905916ms] [job="ID:39, Type:create table, State:done, SchemaState:public, SchemaID:1, TableID:38, RowCount:0, ArgLen:1, start time: 2026-07-14 18:18:27.66 +0800 CST, Err:<nil>, ErrCount:0, SnapshotVersion:0, Version: v2"] [summary="server count: 1"]
[2026/07/14 18:18:27.728 +08:00] [WARN] [global_controller.go:850] ["[resource group controller] resource group name does not exist"] [name=default]
[2026/07/14 18:18:27.728 +08:00] [WARN] [global_controller.go:850] ["[resource group controller] resource group name does not exist"] [name=default]
[2026/07/14 18:18:27.728 +08:00] [WARN] [global_controller.go:850] ["[resource group controller] resource group name does not exist"] [name=default]
[2026/07/14 18:18:27.728 +08:00] [WARN] [global_controller.go:850] ["[resource group controller] resource group name does not exist"] [name=default]
[2026/07/14 18:18:27.728 +08:00] [WARN] [global_controller.go:850] ["[resource group controller] resource group name does not exist"] [name=default]
[2026/07/14 18:18:27.728 +08:00] [INFO] [job_worker.go:447] ["finish DDL job"] [category=ddl] [jobID=39] [job="ID:39, Type:create table, State:synced, SchemaState:public, SchemaID:1, TableID:38, RowCount:0, ArgLen:0, start time: 2026-07-14 18:18:27.66 +0800 CST, Err:<nil>, ErrCount:0, SnapshotVersion:0, Version: v2"]
[2026/07/14 18:18:27.729 +08:00] [WARN] [global_controller.go:850] ["[resource group controller] resource group name does not exist"] [name=default]
[2026/07/14 18:18:27.730 +08:00] [WARN] [global_controller.go:850] ["[resource group controller] resource group name does not exist"] [name=default]
[2026/07/14 18:18:27.731 +08:00] [WARN] [global_controller.go:850] ["[resource group controller] resource group name does not exist"] [name=default]
[2026/07/14 18:18:27.731 +08:00] [INFO] [executor.go:7412] ["DDL job is finished"] [category=ddl] [jobID=39]
[2026/07/14 18:18:27.731 +08:00] [INFO] [session.go:5103] ["CRUCIAL OPERATION"] [conn=0] [schemaVersion=19] [cur_db=mysql] [sql="CREATE TABLE IF NOT EXISTS mysql.bind_info (\n\t\toriginal_sql LONGTEXT NOT NULL,\n\t\tbind_sql LONGTEXT NOT NULL,\n\t\tdefault_db TEXT NOT NULL,\n\t\tstatus TEXT NOT NULL,\n\t\tcreate_time TIMESTAMP(6) NOT NULL,\n\t\tupdate_time TIMESTAMP(6) NOT NULL,\n\t\tcharset TEXT NOT NULL,\n\t\tcollation TEXT NOT NULL,\n\t\tsource VARCHAR(10) NOT NULL DEFAULT 'unknown',\n\t\tsql_digest varchar(64) DEFAULT NULL,\n\t\tplan_digest varchar(64) DEFAULT NULL,\n\t\tlast_used_date date DEFAULT NULL,\n\t\tINDEX sql_index(original_sql(700),default_db(68)) COMMENT \"accelerate the speed when add global binding query\",\n\t\tINDEX time_index(update_time) COMMENT \"accelerate the speed when querying with last update time\",\n\t\tUNIQUE INDEX digest_index(plan_digest, sql_digest) COMMENT \"avoid duplicated records\"\n\t) ENGINE=InnoDB DEFAULT CHARSET=utf8mb4 COLLATE=utf8mb4_bin;"] [user=]
[2026/07/14 18:18:27.731 +08:00] [INFO] [executor.go:7595] ["system variable tidb_scatter_region not found, use default value"] [category=ddl]
[2026/07/14 18:18:27.731 +08:00] [WARN] [global_controller.go:850] ["[resource group controller] resource group name does not exist"] [name=default]
[2026/07/14 18:18:27.732 +08:00] [WARN] [global_controller.go:850] ["[resource group controller] resource group name does not exist"] [name=default]
[2026/07/14 18:18:27.735 +08:00] [INFO] [job_submitter.go:118] ["add DDL jobs"] [category=ddl] ["batch count"=1] [jobs="ID:41, Type:create table, State:queueing, SchemaState:none, SchemaID:1, TableID:40, RowCount:0, ArgLen:1, start time: 2026-07-14 18:18:27.709 +0800 CST, Err:<nil>, ErrCount:0, SnapshotVersion:0, Version: v2; "] [fast_create=true]
[2026/07/14 18:18:27.735 +08:00] [INFO] [executor.go:7274] ["DDL job submitted"] [category=ddl] [job="ID:41, Type:create table, State:queueing, SchemaState:none, SchemaID:1, TableID:40, RowCount:0, ArgLen:1, start time: 2026-07-14 18:18:27.709 +0800 CST, Err:<nil>, ErrCount:0, SnapshotVersion:0, Version: v2"] [query="CREATE TABLE IF NOT EXISTS mysql.stats_top_n (\n\t\ttable_id \tBIGINT(64) NOT NULL,\n\t\tis_index \tTINYINT(2) NOT NULL,\n\t\thist_id \tBIGINT(64) NOT NULL,\n\t\tvalue \t\tLONGBLOB,\n\t\tcount \t\tBIGINT(64) UNSIGNED NOT NULL,\n\t\tINDEX tbl(table_id, is_index, hist_id)\n\t);"]
[2026/07/14 18:18:27.736 +08:00] [INFO] [lock_resolver.go:1631] ["txn lock cleanup resolve-lock rpc finished"] [action=commit] [txnStartTS=467671268120068111] [commitTS=467671268120068113] [regionID=8] [resolveLite=true] [resolvedByCheckTxnStatus=false]
[2026/07/14 18:18:27.736 +08:00] [WARN] [global_controller.go:850] ["[resource group controller] resource group name does not exist"] [name=default]
[2026/07/14 18:18:27.736 +08:00] [WARN] [global_controller.go:850] ["[resource group controller] resource group name does not exist"] [name=default]
[2026/07/14 18:18:27.736 +08:00] [WARN] [global_controller.go:850] ["[resource group controller] resource group name does not exist"] [name=default]
[2026/07/14 18:18:27.736 +08:00] [INFO] [job_worker.go:854] ["run one job step"] [category=ddl] [jobID=41] [job="ID:41, Type:create table, State:queueing, SchemaState:none, SchemaID:1, TableID:40, RowCount:0, ArgLen:0, start time: 2026-07-14 18:18:27.709 +0800 CST, Err:<nil>, ErrCount:0, SnapshotVersion:0, Version: v2"]
[2026/07/14 18:18:27.737 +08:00] [WARN] [global_controller.go:850] ["[resource group controller] resource group name does not exist"] [name=default]
[2026/07/14 18:18:27.738 +08:00] [WARN] [global_controller.go:850] ["[resource group controller] resource group name does not exist"] [name=default]
[2026/07/14 18:18:27.738 +08:00] [WARN] [global_controller.go:850] ["[resource group controller] resource group name does not exist"] [name=default]
[2026/07/14 18:18:27.743 +08:00] [INFO] [loader.go:216] ["diff load InfoSchema success"] [mode=auto] [isV2=true] [currVer=19] [neededVer=20] [gotVer=20] ["elapsed time"=276.292µs] [phyTblIDs="[40]"] [actionTypes="[3]"] [diffTypes="[\"create table\"]"]
[2026/07/14 18:18:27.744 +08:00] [INFO] [syncer.go:258] ["session manager is nil"]
[2026/07/14 18:18:27.744 +08:00] [INFO] [syncer.go:281] ["mdl gets lock, update self version to owner"] [jobID=41] [version=20]
[2026/07/14 18:18:27.748 +08:00] [INFO] [schema_version.go:397] ["wait schema version synced success"] [category=ddl] [ver=20] [checkAssumedSvr=false] ["take time"=5.259042ms] [job="ID:41, Type:create table, State:done, SchemaState:public, SchemaID:1, TableID:40, RowCount:0, ArgLen:1, start time: 2026-07-14 18:18:27.709 +0800 CST, Err:<nil>, ErrCount:0, SnapshotVersion:0, Version: v2"] [summary="server count: 1"]
[2026/07/14 18:18:27.749 +08:00] [WARN] [global_controller.go:850] ["[resource group controller] resource group name does not exist"] [name=default]
[2026/07/14 18:18:27.749 +08:00] [WARN] [global_controller.go:850] ["[resource group controller] resource group name does not exist"] [name=default]
[2026/07/14 18:18:27.749 +08:00] [WARN] [global_controller.go:850] ["[resource group controller] resource group name does not exist"] [name=default]
[2026/07/14 18:18:27.750 +08:00] [WARN] [global_controller.go:850] ["[resource group controller] resource group name does not exist"] [name=default]
[2026/07/14 18:18:27.750 +08:00] [WARN] [global_controller.go:850] ["[resource group controller] resource group name does not exist"] [name=default]
[2026/07/14 18:18:27.750 +08:00] [INFO] [job_worker.go:447] ["finish DDL job"] [category=ddl] [jobID=41] [job="ID:41, Type:create table, State:synced, SchemaState:public, SchemaID:1, TableID:40, RowCount:0, ArgLen:0, start time: 2026-07-14 18:18:27.709 +0800 CST, Err:<nil>, ErrCount:0, SnapshotVersion:0, Version: v2"]
[2026/07/14 18:18:27.750 +08:00] [WARN] [global_controller.go:850] ["[resource group controller] resource group name does not exist"] [name=default]
[2026/07/14 18:18:27.751 +08:00] [WARN] [global_controller.go:850] ["[resource group controller] resource group name does not exist"] [name=default]
[2026/07/14 18:18:27.751 +08:00] [WARN] [global_controller.go:850] ["[resource group controller] resource group name does not exist"] [name=default]
[2026/07/14 18:18:27.752 +08:00] [INFO] [executor.go:7412] ["DDL job is finished"] [category=ddl] [jobID=41]
[2026/07/14 18:18:27.752 +08:00] [INFO] [session.go:5103] ["CRUCIAL OPERATION"] [conn=0] [schemaVersion=20] [cur_db=mysql] [sql="CREATE TABLE IF NOT EXISTS mysql.stats_top_n (\n\t\ttable_id \tBIGINT(64) NOT NULL,\n\t\tis_index \tTINYINT(2) NOT NULL,\n\t\thist_id \tBIGINT(64) NOT NULL,\n\t\tvalue \t\tLONGBLOB,\n\t\tcount \t\tBIGINT(64) UNSIGNED NOT NULL,\n\t\tINDEX tbl(table_id, is_index, hist_id)\n\t);"] [user=]
[2026/07/14 18:18:27.752 +08:00] [INFO] [executor.go:7595] ["system variable tidb_scatter_region not found, use default value"] [category=ddl]
[2026/07/14 18:18:27.752 +08:00] [WARN] [global_controller.go:850] ["[resource group controller] resource group name does not exist"] [name=default]
[2026/07/14 18:18:27.752 +08:00] [WARN] [global_controller.go:850] ["[resource group controller] resource group name does not exist"] [name=default]
[2026/07/14 18:18:27.753 +08:00] [WARN] [global_controller.go:850] ["[resource group controller] resource group name does not exist"] [name=default]
[2026/07/14 18:18:27.756 +08:00] [INFO] [job_submitter.go:118] ["add DDL jobs"] [category=ddl] ["batch count"=1] [jobs="ID:43, Type:create table, State:queueing, SchemaState:none, SchemaID:1, TableID:42, RowCount:0, ArgLen:1, start time: 2026-07-14 18:18:27.709 +0800 CST, Err:<nil>, ErrCount:0, SnapshotVersion:0, Version: v2; "] [fast_create=true]
[2026/07/14 18:18:27.757 +08:00] [INFO] [executor.go:7274] ["DDL job submitted"] [category=ddl] [job="ID:43, Type:create table, State:queueing, SchemaState:none, SchemaID:1, TableID:42, RowCount:0, ArgLen:1, start time: 2026-07-14 18:18:27.709 +0800 CST, Err:<nil>, ErrCount:0, SnapshotVersion:0, Version: v2"] [query="CREATE TABLE IF NOT EXISTS mysql.expr_pushdown_blacklist (\n\t\tname \t\tCHAR(100) NOT NULL,\n\t\tstore_type \tCHAR(100) NOT NULL DEFAULT 'tikv,tiflash,tidb',\n\t\treason \t\tVARCHAR(200)\n\t);"]
[2026/07/14 18:18:27.757 +08:00] [INFO] [lock_resolver.go:1631] ["txn lock cleanup resolve-lock rpc finished"] [action=commit] [txnStartTS=467671268120068138] [commitTS=467671268120068140] [regionID=8] [resolveLite=true] [resolvedByCheckTxnStatus=false]
[2026/07/14 18:18:27.757 +08:00] [WARN] [global_controller.go:850] ["[resource group controller] resource group name does not exist"] [name=default]
[2026/07/14 18:18:27.757 +08:00] [WARN] [global_controller.go:850] ["[resource group controller] resource group name does not exist"] [name=default]
[2026/07/14 18:18:27.757 +08:00] [WARN] [global_controller.go:850] ["[resource group controller] resource group name does not exist"] [name=default]
[2026/07/14 18:18:27.757 +08:00] [INFO] [job_worker.go:854] ["run one job step"] [category=ddl] [jobID=43] [job="ID:43, Type:create table, State:queueing, SchemaState:none, SchemaID:1, TableID:42, RowCount:0, ArgLen:0, start time: 2026-07-14 18:18:27.709 +0800 CST, Err:<nil>, ErrCount:0, SnapshotVersion:0, Version: v2"]
[2026/07/14 18:18:27.758 +08:00] [WARN] [global_controller.go:850] ["[resource group controller] resource group name does not exist"] [name=default]
[2026/07/14 18:18:27.758 +08:00] [WARN] [global_controller.go:850] ["[resource group controller] resource group name does not exist"] [name=default]
[2026/07/14 18:18:27.759 +08:00] [WARN] [global_controller.go:850] ["[resource group controller] resource group name does not exist"] [name=default]
[2026/07/14 18:18:27.765 +08:00] [INFO] [loader.go:216] ["diff load InfoSchema success"] [mode=auto] [isV2=true] [currVer=20] [neededVer=21] [gotVer=21] ["elapsed time"=273µs] [phyTblIDs="[42]"] [actionTypes="[3]"] [diffTypes="[\"create table\"]"]
[2026/07/14 18:18:27.765 +08:00] [INFO] [syncer.go:258] ["session manager is nil"]
[2026/07/14 18:18:27.765 +08:00] [INFO] [syncer.go:281] ["mdl gets lock, update self version to owner"] [jobID=43] [version=21]
[2026/07/14 18:18:27.770 +08:00] [INFO] [schema_version.go:397] ["wait schema version synced success"] [category=ddl] [ver=21] [checkAssumedSvr=false] ["take time"=5.698167ms] [job="ID:43, Type:create table, State:done, SchemaState:public, SchemaID:1, TableID:42, RowCount:0, ArgLen:1, start time: 2026-07-14 18:18:27.709 +0800 CST, Err:<nil>, ErrCount:0, SnapshotVersion:0, Version: v2"] [summary="server count: 1"]
[2026/07/14 18:18:27.771 +08:00] [WARN] [global_controller.go:850] ["[resource group controller] resource group name does not exist"] [name=default]
[2026/07/14 18:18:27.771 +08:00] [WARN] [global_controller.go:850] ["[resource group controller] resource group name does not exist"] [name=default]
[2026/07/14 18:18:27.771 +08:00] [WARN] [global_controller.go:850] ["[resource group controller] resource group name does not exist"] [name=default]
[2026/07/14 18:18:27.771 +08:00] [WARN] [global_controller.go:850] ["[resource group controller] resource group name does not exist"] [name=default]
[2026/07/14 18:18:27.771 +08:00] [WARN] [global_controller.go:850] ["[resource group controller] resource group name does not exist"] [name=default]
[2026/07/14 18:18:27.771 +08:00] [INFO] [job_worker.go:447] ["finish DDL job"] [category=ddl] [jobID=43] [job="ID:43, Type:create table, State:synced, SchemaState:public, SchemaID:1, TableID:42, RowCount:0, ArgLen:0, start time: 2026-07-14 18:18:27.709 +0800 CST, Err:<nil>, ErrCount:0, SnapshotVersion:0, Version: v2"]
[2026/07/14 18:18:27.772 +08:00] [WARN] [global_controller.go:850] ["[resource group controller] resource group name does not exist"] [name=default]
[2026/07/14 18:18:27.773 +08:00] [WARN] [global_controller.go:850] ["[resource group controller] resource group name does not exist"] [name=default]
[2026/07/14 18:18:27.773 +08:00] [WARN] [global_controller.go:850] ["[resource group controller] resource group name does not exist"] [name=default]
[2026/07/14 18:18:27.773 +08:00] [INFO] [executor.go:7412] ["DDL job is finished"] [category=ddl] [jobID=43]
[2026/07/14 18:18:27.773 +08:00] [INFO] [session.go:5103] ["CRUCIAL OPERATION"] [conn=0] [schemaVersion=21] [cur_db=mysql] [sql="CREATE TABLE IF NOT EXISTS mysql.expr_pushdown_blacklist (\n\t\tname \t\tCHAR(100) NOT NULL,\n\t\tstore_type \tCHAR(100) NOT NULL DEFAULT 'tikv,tiflash,tidb',\n\t\treason \t\tVARCHAR(200)\n\t);"] [user=]
[2026/07/14 18:18:27.773 +08:00] [INFO] [executor.go:7595] ["system variable tidb_scatter_region not found, use default value"] [category=ddl]
[2026/07/14 18:18:27.774 +08:00] [WARN] [global_controller.go:850] ["[resource group controller] resource group name does not exist"] [name=default]
[2026/07/14 18:18:27.774 +08:00] [WARN] [global_controller.go:850] ["[resource group controller] resource group name does not exist"] [name=default]
[2026/07/14 18:18:27.778 +08:00] [INFO] [job_submitter.go:118] ["add DDL jobs"] [category=ddl] ["batch count"=1] [jobs="ID:45, Type:create table, State:queueing, SchemaState:none, SchemaID:1, TableID:44, RowCount:0, ArgLen:1, start time: 2026-07-14 18:18:27.759 +0800 CST, Err:<nil>, ErrCount:0, SnapshotVersion:0, Version: v2; "] [fast_create=true]
[2026/07/14 18:18:27.778 +08:00] [INFO] [executor.go:7274] ["DDL job submitted"] [category=ddl] [job="ID:45, Type:create table, State:queueing, SchemaState:none, SchemaID:1, TableID:44, RowCount:0, ArgLen:1, start time: 2026-07-14 18:18:27.759 +0800 CST, Err:<nil>, ErrCount:0, SnapshotVersion:0, Version: v2"] [query="CREATE TABLE IF NOT EXISTS mysql.opt_rule_blacklist (\n\t\tname \tCHAR(100) NOT NULL\n\t);"]
[2026/07/14 18:18:27.779 +08:00] [INFO] [lock_resolver.go:1631] ["txn lock cleanup resolve-lock rpc finished"] [action=commit] [txnStartTS=467671268133175311] [commitTS=467671268133175313] [regionID=8] [resolveLite=true] [resolvedByCheckTxnStatus=false]
[2026/07/14 18:18:27.779 +08:00] [WARN] [global_controller.go:850] ["[resource group controller] resource group name does not exist"] [name=default]
[2026/07/14 18:18:27.779 +08:00] [WARN] [global_controller.go:850] ["[resource group controller] resource group name does not exist"] [name=default]
[2026/07/14 18:18:27.779 +08:00] [WARN] [global_controller.go:850] ["[resource group controller] resource group name does not exist"] [name=default]
[2026/07/14 18:18:27.779 +08:00] [INFO] [job_worker.go:854] ["run one job step"] [category=ddl] [jobID=45] [job="ID:45, Type:create table, State:queueing, SchemaState:none, SchemaID:1, TableID:44, RowCount:0, ArgLen:0, start time: 2026-07-14 18:18:27.759 +0800 CST, Err:<nil>, ErrCount:0, SnapshotVersion:0, Version: v2"]
[2026/07/14 18:18:27.780 +08:00] [WARN] [global_controller.go:850] ["[resource group controller] resource group name does not exist"] [name=default]
[2026/07/14 18:18:27.781 +08:00] [WARN] [global_controller.go:850] ["[resource group controller] resource group name does not exist"] [name=default]
[2026/07/14 18:18:27.781 +08:00] [WARN] [global_controller.go:850] ["[resource group controller] resource group name does not exist"] [name=default]
[2026/07/14 18:18:27.786 +08:00] [INFO] [loader.go:216] ["diff load InfoSchema success"] [mode=auto] [isV2=true] [currVer=21] [neededVer=22] [gotVer=22] ["elapsed time"=239.458µs] [phyTblIDs="[44]"] [actionTypes="[3]"] [diffTypes="[\"create table\"]"]
[2026/07/14 18:18:27.787 +08:00] [INFO] [syncer.go:258] ["session manager is nil"]
[2026/07/14 18:18:27.787 +08:00] [INFO] [syncer.go:281] ["mdl gets lock, update self version to owner"] [jobID=45] [version=22]
[2026/07/14 18:18:27.791 +08:00] [INFO] [schema_version.go:397] ["wait schema version synced success"] [category=ddl] [ver=22] [checkAssumedSvr=false] ["take time"=5.156875ms] [job="ID:45, Type:create table, State:done, SchemaState:public, SchemaID:1, TableID:44, RowCount:0, ArgLen:1, start time: 2026-07-14 18:18:27.759 +0800 CST, Err:<nil>, ErrCount:0, SnapshotVersion:0, Version: v2"] [summary="server count: 1"]
[2026/07/14 18:18:27.792 +08:00] [WARN] [global_controller.go:850] ["[resource group controller] resource group name does not exist"] [name=default]
[2026/07/14 18:18:27.792 +08:00] [WARN] [global_controller.go:850] ["[resource group controller] resource group name does not exist"] [name=default]
[2026/07/14 18:18:27.792 +08:00] [WARN] [global_controller.go:850] ["[resource group controller] resource group name does not exist"] [name=default]
[2026/07/14 18:18:27.792 +08:00] [WARN] [global_controller.go:850] ["[resource group controller] resource group name does not exist"] [name=default]
[2026/07/14 18:18:27.793 +08:00] [WARN] [global_controller.go:850] ["[resource group controller] resource group name does not exist"] [name=default]
[2026/07/14 18:18:27.793 +08:00] [INFO] [job_worker.go:447] ["finish DDL job"] [category=ddl] [jobID=45] [job="ID:45, Type:create table, State:synced, SchemaState:public, SchemaID:1, TableID:44, RowCount:0, ArgLen:0, start time: 2026-07-14 18:18:27.759 +0800 CST, Err:<nil>, ErrCount:0, SnapshotVersion:0, Version: v2"]
[2026/07/14 18:18:27.793 +08:00] [WARN] [global_controller.go:850] ["[resource group controller] resource group name does not exist"] [name=default]
[2026/07/14 18:18:27.794 +08:00] [WARN] [global_controller.go:850] ["[resource group controller] resource group name does not exist"] [name=default]
[2026/07/14 18:18:27.794 +08:00] [WARN] [global_controller.go:850] ["[resource group controller] resource group name does not exist"] [name=default]
[2026/07/14 18:18:27.794 +08:00] [INFO] [executor.go:7412] ["DDL job is finished"] [category=ddl] [jobID=45]
[2026/07/14 18:18:27.794 +08:00] [INFO] [session.go:5103] ["CRUCIAL OPERATION"] [conn=0] [schemaVersion=22] [cur_db=mysql] [sql="CREATE TABLE IF NOT EXISTS mysql.opt_rule_blacklist (\n\t\tname \tCHAR(100) NOT NULL\n\t);"] [user=]
[2026/07/14 18:18:27.795 +08:00] [INFO] [executor.go:7595] ["system variable tidb_scatter_region not found, use default value"] [category=ddl]
[2026/07/14 18:18:27.795 +08:00] [WARN] [global_controller.go:850] ["[resource group controller] resource group name does not exist"] [name=default]
[2026/07/14 18:18:27.796 +08:00] [WARN] [global_controller.go:850] ["[resource group controller] resource group name does not exist"] [name=default]
[2026/07/14 18:18:27.799 +08:00] [INFO] [job_submitter.go:118] ["add DDL jobs"] [category=ddl] ["batch count"=1] [jobs="ID:47, Type:create table, State:queueing, SchemaState:none, SchemaID:1, TableID:46, RowCount:0, ArgLen:1, start time: 2026-07-14 18:18:27.759 +0800 CST, Err:<nil>, ErrCount:0, SnapshotVersion:0, Version: v2; "] [fast_create=true]
[2026/07/14 18:18:27.799 +08:00] [INFO] [executor.go:7274] ["DDL job submitted"] [category=ddl] [job="ID:47, Type:create table, State:queueing, SchemaState:none, SchemaID:1, TableID:46, RowCount:0, ArgLen:1, start time: 2026-07-14 18:18:27.759 +0800 CST, Err:<nil>, ErrCount:0, SnapshotVersion:0, Version: v2"] [query="CREATE TABLE IF NOT EXISTS mysql.stats_extended (\n\t\tname varchar(32) NOT NULL,\n\t\ttype tinyint(4) NOT NULL,\n\t\ttable_id bigint(64) NOT NULL,\n\t\tcolumn_ids varchar(32) NOT NULL,\n\t\tstats blob DEFAULT NULL,\n\t\tversion bigint(64) unsigned NOT NULL,\n\t\tstatus tinyint(4) NOT NULL,\n\t\tPRIMARY KEY(name, table_id),\n\t\tKEY idx_1 (table_id, status, version),\n\t\tKEY idx_2 (status, version)\n\t);"]
[2026/07/14 18:18:27.800 +08:00] [INFO] [lock_resolver.go:1631] ["txn lock cleanup resolve-lock rpc finished"] [action=commit] [txnStartTS=467671268133175334] [commitTS=467671268133175336] [regionID=8] [resolveLite=true] [resolvedByCheckTxnStatus=false]
[2026/07/14 18:18:27.800 +08:00] [WARN] [global_controller.go:850] ["[resource group controller] resource group name does not exist"] [name=default]
[2026/07/14 18:18:27.800 +08:00] [WARN] [global_controller.go:850] ["[resource group controller] resource group name does not exist"] [name=default]
[2026/07/14 18:18:27.800 +08:00] [WARN] [global_controller.go:850] ["[resource group controller] resource group name does not exist"] [name=default]
[2026/07/14 18:18:27.800 +08:00] [INFO] [job_worker.go:854] ["run one job step"] [category=ddl] [jobID=47] [job="ID:47, Type:create table, State:queueing, SchemaState:none, SchemaID:1, TableID:46, RowCount:0, ArgLen:0, start time: 2026-07-14 18:18:27.759 +0800 CST, Err:<nil>, ErrCount:0, SnapshotVersion:0, Version: v2"]
[2026/07/14 18:18:27.801 +08:00] [WARN] [global_controller.go:850] ["[resource group controller] resource group name does not exist"] [name=default]
[2026/07/14 18:18:27.802 +08:00] [WARN] [global_controller.go:850] ["[resource group controller] resource group name does not exist"] [name=default]
[2026/07/14 18:18:27.802 +08:00] [WARN] [global_controller.go:850] ["[resource group controller] resource group name does not exist"] [name=default]
[2026/07/14 18:18:27.802 +08:00] [WARN] [global_controller.go:850] ["[resource group controller] resource group name does not exist"] [name=default]
[2026/07/14 18:18:27.808 +08:00] [INFO] [loader.go:216] ["diff load InfoSchema success"] [mode=auto] [isV2=true] [currVer=22] [neededVer=23] [gotVer=23] ["elapsed time"=311.75µs] [phyTblIDs="[46]"] [actionTypes="[3]"] [diffTypes="[\"create table\"]"]
[2026/07/14 18:18:27.808 +08:00] [INFO] [syncer.go:258] ["session manager is nil"]
[2026/07/14 18:18:27.808 +08:00] [INFO] [syncer.go:281] ["mdl gets lock, update self version to owner"] [jobID=47] [version=23]
[2026/07/14 18:18:27.813 +08:00] [INFO] [schema_version.go:397] ["wait schema version synced success"] [category=ddl] [ver=23] [checkAssumedSvr=false] ["take time"=5.813375ms] [job="ID:47, Type:create table, State:done, SchemaState:public, SchemaID:1, TableID:46, RowCount:0, ArgLen:1, start time: 2026-07-14 18:18:27.759 +0800 CST, Err:<nil>, ErrCount:0, SnapshotVersion:0, Version: v2"] [summary="server count: 1"]
[2026/07/14 18:18:27.814 +08:00] [WARN] [global_controller.go:850] ["[resource group controller] resource group name does not exist"] [name=default]
[2026/07/14 18:18:27.814 +08:00] [WARN] [global_controller.go:850] ["[resource group controller] resource group name does not exist"] [name=default]
[2026/07/14 18:18:27.814 +08:00] [WARN] [global_controller.go:850] ["[resource group controller] resource group name does not exist"] [name=default]
[2026/07/14 18:18:27.815 +08:00] [WARN] [global_controller.go:850] ["[resource group controller] resource group name does not exist"] [name=default]
[2026/07/14 18:18:27.815 +08:00] [WARN] [global_controller.go:850] ["[resource group controller] resource group name does not exist"] [name=default]
[2026/07/14 18:18:27.815 +08:00] [INFO] [job_worker.go:447] ["finish DDL job"] [category=ddl] [jobID=47] [job="ID:47, Type:create table, State:synced, SchemaState:public, SchemaID:1, TableID:46, RowCount:0, ArgLen:0, start time: 2026-07-14 18:18:27.759 +0800 CST, Err:<nil>, ErrCount:0, SnapshotVersion:0, Version: v2"]
[2026/07/14 18:18:27.815 +08:00] [WARN] [global_controller.go:850] ["[resource group controller] resource group name does not exist"] [name=default]
[2026/07/14 18:18:27.816 +08:00] [WARN] [global_controller.go:850] ["[resource group controller] resource group name does not exist"] [name=default]
[2026/07/14 18:18:27.816 +08:00] [WARN] [global_controller.go:850] ["[resource group controller] resource group name does not exist"] [name=default]
[2026/07/14 18:18:27.817 +08:00] [INFO] [executor.go:7412] ["DDL job is finished"] [category=ddl] [jobID=47]
[2026/07/14 18:18:27.817 +08:00] [INFO] [session.go:5103] ["CRUCIAL OPERATION"] [conn=0] [schemaVersion=23] [cur_db=mysql] [sql="CREATE TABLE IF NOT EXISTS mysql.stats_extended (\n\t\tname varchar(32) NOT NULL,\n\t\ttype tinyint(4) NOT NULL,\n\t\ttable_id bigint(64) NOT NULL,\n\t\tcolumn_ids varchar(32) NOT NULL,\n\t\tstats blob DEFAULT NULL,\n\t\tversion bigint(64) unsigned NOT NULL,\n\t\tstatus tinyint(4) NOT NULL,\n\t\tPRIMARY KEY(name, table_id),\n\t\tKEY idx_1 (table_id, status, version),\n\t\tKEY idx_2 (status, version)\n\t);"] [user=]
[2026/07/14 18:18:27.817 +08:00] [INFO] [executor.go:7595] ["system variable tidb_scatter_region not found, use default value"] [category=ddl]
[2026/07/14 18:18:27.817 +08:00] [WARN] [global_controller.go:850] ["[resource group controller] resource group name does not exist"] [name=default]
[2026/07/14 18:18:27.818 +08:00] [WARN] [global_controller.go:850] ["[resource group controller] resource group name does not exist"] [name=default]
[2026/07/14 18:18:27.830 +08:00] [INFO] [job_submitter.go:118] ["add DDL jobs"] [category=ddl] ["batch count"=1] [jobs="ID:49, Type:create table, State:queueing, SchemaState:none, SchemaID:1, TableID:48, RowCount:0, ArgLen:1, start time: 2026-07-14 18:18:27.809 +0800 CST, Err:<nil>, ErrCount:0, SnapshotVersion:0, Version: v2; "] [fast_create=true]
[2026/07/14 18:18:27.830 +08:00] [INFO] [executor.go:7274] ["DDL job submitted"] [category=ddl] [job="ID:49, Type:create table, State:queueing, SchemaState:none, SchemaID:1, TableID:48, RowCount:0, ArgLen:1, start time: 2026-07-14 18:18:27.809 +0800 CST, Err:<nil>, ErrCount:0, SnapshotVersion:0, Version: v2"] [query="CREATE TABLE IF NOT EXISTS mysql.stats_fm_sketch (\n\t\ttable_id \tBIGINT(64) NOT NULL,\n\t\tis_index \tTINYINT(2) NOT NULL,\n\t\thist_id \tBIGINT(64) NOT NULL,\n\t\tvalue \t\tLONGBLOB,\n\t\tPRIMARY KEY (table_id, is_index, hist_id) CLUSTERED\n\t);"]
[2026/07/14 18:18:27.831 +08:00] [WARN] [global_controller.go:850] ["[resource group controller] resource group name does not exist"] [name=default]
[2026/07/14 18:18:27.831 +08:00] [WARN] [global_controller.go:850] ["[resource group controller] resource group name does not exist"] [name=default]
[2026/07/14 18:18:27.831 +08:00] [INFO] [job_worker.go:854] ["run one job step"] [category=ddl] [jobID=49] [job="ID:49, Type:create table, State:queueing, SchemaState:none, SchemaID:1, TableID:48, RowCount:0, ArgLen:0, start time: 2026-07-14 18:18:27.809 +0800 CST, Err:<nil>, ErrCount:0, SnapshotVersion:0, Version: v2"]
[2026/07/14 18:18:27.831 +08:00] [WARN] [global_controller.go:850] ["[resource group controller] resource group name does not exist"] [name=default]
[2026/07/14 18:18:27.832 +08:00] [WARN] [global_controller.go:850] ["[resource group controller] resource group name does not exist"] [name=default]
[2026/07/14 18:18:27.832 +08:00] [WARN] [global_controller.go:850] ["[resource group controller] resource group name does not exist"] [name=default]
[2026/07/14 18:18:27.832 +08:00] [WARN] [global_controller.go:850] ["[resource group controller] resource group name does not exist"] [name=default]
[2026/07/14 18:18:27.837 +08:00] [INFO] [loader.go:216] ["diff load InfoSchema success"] [mode=auto] [isV2=true] [currVer=23] [neededVer=24] [gotVer=24] ["elapsed time"=283.25µs] [phyTblIDs="[48]"] [actionTypes="[3]"] [diffTypes="[\"create table\"]"]
[2026/07/14 18:18:27.838 +08:00] [INFO] [syncer.go:258] ["session manager is nil"]
[2026/07/14 18:18:27.838 +08:00] [INFO] [syncer.go:281] ["mdl gets lock, update self version to owner"] [jobID=49] [version=24]
[2026/07/14 18:18:27.842 +08:00] [INFO] [schema_version.go:397] ["wait schema version synced success"] [category=ddl] [ver=24] [checkAssumedSvr=false] ["take time"=5.344458ms] [job="ID:49, Type:create table, State:done, SchemaState:public, SchemaID:1, TableID:48, RowCount:0, ArgLen:1, start time: 2026-07-14 18:18:27.809 +0800 CST, Err:<nil>, ErrCount:0, SnapshotVersion:0, Version: v2"] [summary="server count: 1"]
[2026/07/14 18:18:27.843 +08:00] [WARN] [global_controller.go:850] ["[resource group controller] resource group name does not exist"] [name=default]
[2026/07/14 18:18:27.843 +08:00] [WARN] [global_controller.go:850] ["[resource group controller] resource group name does not exist"] [name=default]
[2026/07/14 18:18:27.843 +08:00] [WARN] [global_controller.go:850] ["[resource group controller] resource group name does not exist"] [name=default]
[2026/07/14 18:18:27.844 +08:00] [WARN] [global_controller.go:850] ["[resource group controller] resource group name does not exist"] [name=default]
[2026/07/14 18:18:27.844 +08:00] [WARN] [global_controller.go:850] ["[resource group controller] resource group name does not exist"] [name=default]
[2026/07/14 18:18:27.844 +08:00] [INFO] [job_worker.go:447] ["finish DDL job"] [category=ddl] [jobID=49] [job="ID:49, Type:create table, State:synced, SchemaState:public, SchemaID:1, TableID:48, RowCount:0, ArgLen:0, start time: 2026-07-14 18:18:27.809 +0800 CST, Err:<nil>, ErrCount:0, SnapshotVersion:0, Version: v2"]
[2026/07/14 18:18:27.844 +08:00] [WARN] [global_controller.go:850] ["[resource group controller] resource group name does not exist"] [name=default]
[2026/07/14 18:18:27.845 +08:00] [WARN] [global_controller.go:850] ["[resource group controller] resource group name does not exist"] [name=default]
[2026/07/14 18:18:27.845 +08:00] [WARN] [global_controller.go:850] ["[resource group controller] resource group name does not exist"] [name=default]
[2026/07/14 18:18:27.846 +08:00] [INFO] [executor.go:7412] ["DDL job is finished"] [category=ddl] [jobID=49]
[2026/07/14 18:18:27.846 +08:00] [INFO] [session.go:5103] ["CRUCIAL OPERATION"] [conn=0] [schemaVersion=24] [cur_db=mysql] [sql="CREATE TABLE IF NOT EXISTS mysql.stats_fm_sketch (\n\t\ttable_id \tBIGINT(64) NOT NULL,\n\t\tis_index \tTINYINT(2) NOT NULL,\n\t\thist_id \tBIGINT(64) NOT NULL,\n\t\tvalue \t\tLONGBLOB,\n\t\tPRIMARY KEY (table_id, is_index, hist_id) CLUSTERED\n\t);"] [user=]
[2026/07/14 18:18:27.846 +08:00] [INFO] [executor.go:7595] ["system variable tidb_scatter_region not found, use default value"] [category=ddl]
[2026/07/14 18:18:27.846 +08:00] [WARN] [global_controller.go:850] ["[resource group controller] resource group name does not exist"] [name=default]
[2026/07/14 18:18:27.847 +08:00] [WARN] [global_controller.go:850] ["[resource group controller] resource group name does not exist"] [name=default]
[2026/07/14 18:18:27.850 +08:00] [INFO] [job_submitter.go:118] ["add DDL jobs"] [category=ddl] ["batch count"=1] [jobs="ID:51, Type:create table, State:queueing, SchemaState:none, SchemaID:1, TableID:50, RowCount:0, ArgLen:1, start time: 2026-07-14 18:18:27.809 +0800 CST, Err:<nil>, ErrCount:0, SnapshotVersion:0, Version: v2; "] [fast_create=true]
[2026/07/14 18:18:27.850 +08:00] [INFO] [executor.go:7274] ["DDL job submitted"] [category=ddl] [job="ID:51, Type:create table, State:queueing, SchemaState:none, SchemaID:1, TableID:50, RowCount:0, ArgLen:1, start time: 2026-07-14 18:18:27.809 +0800 CST, Err:<nil>, ErrCount:0, SnapshotVersion:0, Version: v2"] [query="CREATE TABLE IF NOT EXISTS mysql.global_grants (\n\t\tUSER char(32) NOT NULL DEFAULT '',\n\t\tHOST char(255) NOT NULL DEFAULT '',\n\t\tPRIV char(32) NOT NULL DEFAULT '',\n\t\tWITH_GRANT_OPTION enum('N','Y') NOT NULL DEFAULT 'N',\n\t\tPRIMARY KEY (USER,HOST,PRIV),\n\t\tKEY i_user (USER)\n\t);"]
[2026/07/14 18:18:27.851 +08:00] [WARN] [global_controller.go:850] ["[resource group controller] resource group name does not exist"] [name=default]
[2026/07/14 18:18:27.851 +08:00] [INFO] [lock_resolver.go:1631] ["txn lock cleanup resolve-lock rpc finished"] [action=commit] [txnStartTS=467671268146282530] [commitTS=467671268146282532] [regionID=8] [resolveLite=true] [resolvedByCheckTxnStatus=false]
[2026/07/14 18:18:27.851 +08:00] [WARN] [global_controller.go:850] ["[resource group controller] resource group name does not exist"] [name=default]
[2026/07/14 18:18:27.851 +08:00] [WARN] [global_controller.go:850] ["[resource group controller] resource group name does not exist"] [name=default]
[2026/07/14 18:18:27.851 +08:00] [INFO] [job_worker.go:854] ["run one job step"] [category=ddl] [jobID=51] [job="ID:51, Type:create table, State:queueing, SchemaState:none, SchemaID:1, TableID:50, RowCount:0, ArgLen:0, start time: 2026-07-14 18:18:27.809 +0800 CST, Err:<nil>, ErrCount:0, SnapshotVersion:0, Version: v2"]
[2026/07/14 18:18:27.852 +08:00] [WARN] [global_controller.go:850] ["[resource group controller] resource group name does not exist"] [name=default]
[2026/07/14 18:18:27.852 +08:00] [WARN] [global_controller.go:850] ["[resource group controller] resource group name does not exist"] [name=default]
[2026/07/14 18:18:27.852 +08:00] [WARN] [global_controller.go:850] ["[resource group controller] resource group name does not exist"] [name=default]
[2026/07/14 18:18:27.853 +08:00] [WARN] [global_controller.go:850] ["[resource group controller] resource group name does not exist"] [name=default]
[2026/07/14 18:18:27.859 +08:00] [INFO] [loader.go:216] ["diff load InfoSchema success"] [mode=auto] [isV2=true] [currVer=24] [neededVer=25] [gotVer=25] ["elapsed time"=291.917µs] [phyTblIDs="[50]"] [actionTypes="[3]"] [diffTypes="[\"create table\"]"]
[2026/07/14 18:18:27.859 +08:00] [INFO] [syncer.go:258] ["session manager is nil"]
[2026/07/14 18:18:27.859 +08:00] [INFO] [syncer.go:281] ["mdl gets lock, update self version to owner"] [jobID=51] [version=25]
[2026/07/14 18:18:27.864 +08:00] [INFO] [schema_version.go:397] ["wait schema version synced success"] [category=ddl] [ver=25] [checkAssumedSvr=false] ["take time"=5.81575ms] [job="ID:51, Type:create table, State:done, SchemaState:public, SchemaID:1, TableID:50, RowCount:0, ArgLen:1, start time: 2026-07-14 18:18:27.809 +0800 CST, Err:<nil>, ErrCount:0, SnapshotVersion:0, Version: v2"] [summary="server count: 1"]
[2026/07/14 18:18:27.865 +08:00] [WARN] [global_controller.go:850] ["[resource group controller] resource group name does not exist"] [name=default]
[2026/07/14 18:18:27.865 +08:00] [WARN] [global_controller.go:850] ["[resource group controller] resource group name does not exist"] [name=default]
[2026/07/14 18:18:27.865 +08:00] [WARN] [global_controller.go:850] ["[resource group controller] resource group name does not exist"] [name=default]
[2026/07/14 18:18:27.865 +08:00] [WARN] [global_controller.go:850] ["[resource group controller] resource group name does not exist"] [name=default]
[2026/07/14 18:18:27.865 +08:00] [WARN] [global_controller.go:850] ["[resource group controller] resource group name does not exist"] [name=default]
[2026/07/14 18:18:27.865 +08:00] [INFO] [job_worker.go:447] ["finish DDL job"] [category=ddl] [jobID=51] [job="ID:51, Type:create table, State:synced, SchemaState:public, SchemaID:1, TableID:50, RowCount:0, ArgLen:0, start time: 2026-07-14 18:18:27.809 +0800 CST, Err:<nil>, ErrCount:0, SnapshotVersion:0, Version: v2"]
[2026/07/14 18:18:27.866 +08:00] [WARN] [global_controller.go:850] ["[resource group controller] resource group name does not exist"] [name=default]
[2026/07/14 18:18:27.867 +08:00] [WARN] [global_controller.go:850] ["[resource group controller] resource group name does not exist"] [name=default]
[2026/07/14 18:18:27.867 +08:00] [WARN] [global_controller.go:850] ["[resource group controller] resource group name does not exist"] [name=default]
[2026/07/14 18:18:27.867 +08:00] [INFO] [executor.go:7412] ["DDL job is finished"] [category=ddl] [jobID=51]
[2026/07/14 18:18:27.867 +08:00] [INFO] [session.go:5103] ["CRUCIAL OPERATION"] [conn=0] [schemaVersion=25] [cur_db=mysql] [sql="CREATE TABLE IF NOT EXISTS mysql.global_grants (\n\t\tUSER char(32) NOT NULL DEFAULT '',\n\t\tHOST char(255) NOT NULL DEFAULT '',\n\t\tPRIV char(32) NOT NULL DEFAULT '',\n\t\tWITH_GRANT_OPTION enum('N','Y') NOT NULL DEFAULT 'N',\n\t\tPRIMARY KEY (USER,HOST,PRIV),\n\t\tKEY i_user (USER)\n\t);"] [user=]
[2026/07/14 18:18:27.867 +08:00] [INFO] [executor.go:7595] ["system variable tidb_scatter_region not found, use default value"] [category=ddl]
[2026/07/14 18:18:27.868 +08:00] [WARN] [global_controller.go:850] ["[resource group controller] resource group name does not exist"] [name=default]
[2026/07/14 18:18:27.868 +08:00] [WARN] [global_controller.go:850] ["[resource group controller] resource group name does not exist"] [name=default]
[2026/07/14 18:18:27.872 +08:00] [INFO] [job_submitter.go:118] ["add DDL jobs"] [category=ddl] ["batch count"=1] [jobs="ID:53, Type:create table, State:queueing, SchemaState:none, SchemaID:1, TableID:52, RowCount:0, ArgLen:1, start time: 2026-07-14 18:18:27.859 +0800 CST, Err:<nil>, ErrCount:0, SnapshotVersion:0, Version: v2; "] [fast_create=true]
[2026/07/14 18:18:27.872 +08:00] [INFO] [executor.go:7274] ["DDL job submitted"] [category=ddl] [job="ID:53, Type:create table, State:queueing, SchemaState:none, SchemaID:1, TableID:52, RowCount:0, ArgLen:1, start time: 2026-07-14 18:18:27.859 +0800 CST, Err:<nil>, ErrCount:0, SnapshotVersion:0, Version: v2"] [query="CREATE TABLE IF NOT EXISTS mysql.capture_plan_baselines_blacklist (\n\t\tid bigint(64) auto_increment,\n\t\tfilter_type varchar(32) NOT NULL COMMENT \"type of the filter, only db, table and frequency supported now\",\n\t\tfilter_value varchar(32) NOT NULL,\n\t\tkey idx(filter_type),\n\t\tprimary key(id)\n\t);"]
[2026/07/14 18:18:27.872 +08:00] [INFO] [lock_resolver.go:1631] ["txn lock cleanup resolve-lock rpc finished"] [action=commit] [txnStartTS=467671268159389708] [commitTS=467671268159389710] [regionID=8] [resolveLite=true] [resolvedByCheckTxnStatus=false]
[2026/07/14 18:18:27.872 +08:00] [WARN] [global_controller.go:850] ["[resource group controller] resource group name does not exist"] [name=default]
[2026/07/14 18:18:27.872 +08:00] [WARN] [global_controller.go:850] ["[resource group controller] resource group name does not exist"] [name=default]
[2026/07/14 18:18:27.873 +08:00] [WARN] [global_controller.go:850] ["[resource group controller] resource group name does not exist"] [name=default]
[2026/07/14 18:18:27.873 +08:00] [INFO] [job_worker.go:854] ["run one job step"] [category=ddl] [jobID=53] [job="ID:53, Type:create table, State:queueing, SchemaState:none, SchemaID:1, TableID:52, RowCount:0, ArgLen:0, start time: 2026-07-14 18:18:27.859 +0800 CST, Err:<nil>, ErrCount:0, SnapshotVersion:0, Version: v2"]
[2026/07/14 18:18:27.874 +08:00] [WARN] [global_controller.go:850] ["[resource group controller] resource group name does not exist"] [name=default]
[2026/07/14 18:18:27.874 +08:00] [WARN] [global_controller.go:850] ["[resource group controller] resource group name does not exist"] [name=default]
[2026/07/14 18:18:27.874 +08:00] [WARN] [global_controller.go:850] ["[resource group controller] resource group name does not exist"] [name=default]
[2026/07/14 18:18:27.879 +08:00] [INFO] [loader.go:216] ["diff load InfoSchema success"] [mode=auto] [isV2=true] [currVer=25] [neededVer=26] [gotVer=26] ["elapsed time"=249.042µs] [phyTblIDs="[52]"] [actionTypes="[3]"] [diffTypes="[\"create table\"]"]
[2026/07/14 18:18:27.880 +08:00] [INFO] [syncer.go:258] ["session manager is nil"]
[2026/07/14 18:18:27.880 +08:00] [INFO] [syncer.go:281] ["mdl gets lock, update self version to owner"] [jobID=53] [version=26]
[2026/07/14 18:18:27.885 +08:00] [INFO] [schema_version.go:397] ["wait schema version synced success"] [category=ddl] [ver=26] [checkAssumedSvr=false] ["take time"=6.100541ms] [job="ID:53, Type:create table, State:done, SchemaState:public, SchemaID:1, TableID:52, RowCount:0, ArgLen:1, start time: 2026-07-14 18:18:27.859 +0800 CST, Err:<nil>, ErrCount:0, SnapshotVersion:0, Version: v2"] [summary="server count: 1"]
[2026/07/14 18:18:27.886 +08:00] [WARN] [global_controller.go:850] ["[resource group controller] resource group name does not exist"] [name=default]
[2026/07/14 18:18:27.886 +08:00] [WARN] [global_controller.go:850] ["[resource group controller] resource group name does not exist"] [name=default]
[2026/07/14 18:18:27.886 +08:00] [WARN] [global_controller.go:850] ["[resource group controller] resource group name does not exist"] [name=default]
[2026/07/14 18:18:27.886 +08:00] [WARN] [global_controller.go:850] ["[resource group controller] resource group name does not exist"] [name=default]
[2026/07/14 18:18:27.886 +08:00] [WARN] [global_controller.go:850] ["[resource group controller] resource group name does not exist"] [name=default]
[2026/07/14 18:18:27.886 +08:00] [INFO] [job_worker.go:447] ["finish DDL job"] [category=ddl] [jobID=53] [job="ID:53, Type:create table, State:synced, SchemaState:public, SchemaID:1, TableID:52, RowCount:0, ArgLen:0, start time: 2026-07-14 18:18:27.859 +0800 CST, Err:<nil>, ErrCount:0, SnapshotVersion:0, Version: v2"]
[2026/07/14 18:18:27.887 +08:00] [WARN] [global_controller.go:850] ["[resource group controller] resource group name does not exist"] [name=default]
[2026/07/14 18:18:27.888 +08:00] [WARN] [global_controller.go:850] ["[resource group controller] resource group name does not exist"] [name=default]
[2026/07/14 18:18:27.888 +08:00] [INFO] [executor.go:7412] ["DDL job is finished"] [category=ddl] [jobID=53]
[2026/07/14 18:18:27.888 +08:00] [WARN] [global_controller.go:850] ["[resource group controller] resource group name does not exist"] [name=default]
[2026/07/14 18:18:27.889 +08:00] [INFO] [session.go:5103] ["CRUCIAL OPERATION"] [conn=0] [schemaVersion=26] [cur_db=mysql] [sql="CREATE TABLE IF NOT EXISTS mysql.capture_plan_baselines_blacklist (\n\t\tid bigint(64) auto_increment,\n\t\tfilter_type varchar(32) NOT NULL COMMENT \"type of the filter, only db, table and frequency supported now\",\n\t\tfilter_value varchar(32) NOT NULL,\n\t\tkey idx(filter_type),\n\t\tprimary key(id)\n\t);"] [user=]
[2026/07/14 18:18:27.889 +08:00] [INFO] [executor.go:7595] ["system variable tidb_scatter_region not found, use default value"] [category=ddl]
[2026/07/14 18:18:27.889 +08:00] [WARN] [global_controller.go:850] ["[resource group controller] resource group name does not exist"] [name=default]
[2026/07/14 18:18:27.890 +08:00] [WARN] [global_controller.go:850] ["[resource group controller] resource group name does not exist"] [name=default]
[2026/07/14 18:18:27.894 +08:00] [INFO] [job_submitter.go:118] ["add DDL jobs"] [category=ddl] ["batch count"=1] [jobs="ID:55, Type:create table, State:queueing, SchemaState:none, SchemaID:1, TableID:54, RowCount:0, ArgLen:1, start time: 2026-07-14 18:18:27.859 +0800 CST, Err:<nil>, ErrCount:0, SnapshotVersion:0, Version: v2; "] [fast_create=true]
[2026/07/14 18:18:27.894 +08:00] [INFO] [executor.go:7274] ["DDL job submitted"] [category=ddl] [job="ID:55, Type:create table, State:queueing, SchemaState:none, SchemaID:1, TableID:54, RowCount:0, ArgLen:1, start time: 2026-07-14 18:18:27.859 +0800 CST, Err:<nil>, ErrCount:0, SnapshotVersion:0, Version: v2"] [query="CREATE TABLE IF NOT EXISTS mysql.column_stats_usage (\n\t\ttable_id BIGINT(64) NOT NULL,\n\t\tcolumn_id BIGINT(64) NOT NULL,\n\t\tlast_used_at TIMESTAMP,\n\t\tlast_analyzed_at TIMESTAMP,\n\t\tPRIMARY KEY (table_id, column_id) CLUSTERED\n\t);"]
[2026/07/14 18:18:27.894 +08:00] [WARN] [global_controller.go:850] ["[resource group controller] resource group name does not exist"] [name=default]
[2026/07/14 18:18:27.894 +08:00] [WARN] [global_controller.go:850] ["[resource group controller] resource group name does not exist"] [name=default]
[2026/07/14 18:18:27.894 +08:00] [WARN] [global_controller.go:850] ["[resource group controller] resource group name does not exist"] [name=default]
[2026/07/14 18:18:27.894 +08:00] [INFO] [job_worker.go:854] ["run one job step"] [category=ddl] [jobID=55] [job="ID:55, Type:create table, State:queueing, SchemaState:none, SchemaID:1, TableID:54, RowCount:0, ArgLen:0, start time: 2026-07-14 18:18:27.859 +0800 CST, Err:<nil>, ErrCount:0, SnapshotVersion:0, Version: v2"]
[2026/07/14 18:18:27.895 +08:00] [WARN] [global_controller.go:850] ["[resource group controller] resource group name does not exist"] [name=default]
[2026/07/14 18:18:27.895 +08:00] [WARN] [global_controller.go:850] ["[resource group controller] resource group name does not exist"] [name=default]
[2026/07/14 18:18:27.896 +08:00] [WARN] [global_controller.go:850] ["[resource group controller] resource group name does not exist"] [name=default]
[2026/07/14 18:18:27.901 +08:00] [INFO] [loader.go:216] ["diff load InfoSchema success"] [mode=auto] [isV2=true] [currVer=26] [neededVer=27] [gotVer=27] ["elapsed time"=261.708µs] [phyTblIDs="[54]"] [actionTypes="[3]"] [diffTypes="[\"create table\"]"]
[2026/07/14 18:18:27.902 +08:00] [INFO] [syncer.go:258] ["session manager is nil"]
[2026/07/14 18:18:27.902 +08:00] [WARN] [global_controller.go:850] ["[resource group controller] resource group name does not exist"] [name=default]
[2026/07/14 18:18:27.902 +08:00] [INFO] [syncer.go:281] ["mdl gets lock, update self version to owner"] [jobID=55] [version=27]
[2026/07/14 18:18:27.907 +08:00] [INFO] [schema_version.go:397] ["wait schema version synced success"] [category=ddl] [ver=27] [checkAssumedSvr=false] ["take time"=6.147375ms] [job="ID:55, Type:create table, State:done, SchemaState:public, SchemaID:1, TableID:54, RowCount:0, ArgLen:1, start time: 2026-07-14 18:18:27.859 +0800 CST, Err:<nil>, ErrCount:0, SnapshotVersion:0, Version: v2"] [summary="server count: 1"]
[2026/07/14 18:18:27.908 +08:00] [WARN] [global_controller.go:850] ["[resource group controller] resource group name does not exist"] [name=default]
[2026/07/14 18:18:27.908 +08:00] [WARN] [global_controller.go:850] ["[resource group controller] resource group name does not exist"] [name=default]
[2026/07/14 18:18:27.908 +08:00] [WARN] [global_controller.go:850] ["[resource group controller] resource group name does not exist"] [name=default]
[2026/07/14 18:18:27.909 +08:00] [WARN] [global_controller.go:850] ["[resource group controller] resource group name does not exist"] [name=default]
[2026/07/14 18:18:27.909 +08:00] [WARN] [global_controller.go:850] ["[resource group controller] resource group name does not exist"] [name=default]
[2026/07/14 18:18:27.909 +08:00] [INFO] [job_worker.go:447] ["finish DDL job"] [category=ddl] [jobID=55] [job="ID:55, Type:create table, State:synced, SchemaState:public, SchemaID:1, TableID:54, RowCount:0, ArgLen:0, start time: 2026-07-14 18:18:27.859 +0800 CST, Err:<nil>, ErrCount:0, SnapshotVersion:0, Version: v2"]
[2026/07/14 18:18:27.909 +08:00] [WARN] [global_controller.go:850] ["[resource group controller] resource group name does not exist"] [name=default]
[2026/07/14 18:18:27.910 +08:00] [WARN] [global_controller.go:850] ["[resource group controller] resource group name does not exist"] [name=default]
[2026/07/14 18:18:27.910 +08:00] [WARN] [global_controller.go:850] ["[resource group controller] resource group name does not exist"] [name=default]
[2026/07/14 18:18:27.910 +08:00] [INFO] [executor.go:7412] ["DDL job is finished"] [category=ddl] [jobID=55]
[2026/07/14 18:18:27.910 +08:00] [INFO] [session.go:5103] ["CRUCIAL OPERATION"] [conn=0] [schemaVersion=27] [cur_db=mysql] [sql="CREATE TABLE IF NOT EXISTS mysql.column_stats_usage (\n\t\ttable_id BIGINT(64) NOT NULL,\n\t\tcolumn_id BIGINT(64) NOT NULL,\n\t\tlast_used_at TIMESTAMP,\n\t\tlast_analyzed_at TIMESTAMP,\n\t\tPRIMARY KEY (table_id, column_id) CLUSTERED\n\t);"] [user=]
[2026/07/14 18:18:27.911 +08:00] [INFO] [executor.go:7595] ["system variable tidb_scatter_region not found, use default value"] [category=ddl]
[2026/07/14 18:18:27.911 +08:00] [WARN] [global_controller.go:850] ["[resource group controller] resource group name does not exist"] [name=default]
[2026/07/14 18:18:27.912 +08:00] [WARN] [global_controller.go:850] ["[resource group controller] resource group name does not exist"] [name=default]
[2026/07/14 18:18:27.915 +08:00] [INFO] [job_submitter.go:118] ["add DDL jobs"] [category=ddl] ["batch count"=1] [jobs="ID:57, Type:create table, State:queueing, SchemaState:none, SchemaID:1, TableID:56, RowCount:0, ArgLen:1, start time: 2026-07-14 18:18:27.909 +0800 CST, Err:<nil>, ErrCount:0, SnapshotVersion:0, Version: v2; "] [fast_create=true]
[2026/07/14 18:18:27.915 +08:00] [INFO] [executor.go:7274] ["DDL job submitted"] [category=ddl] [job="ID:57, Type:create table, State:queueing, SchemaState:none, SchemaID:1, TableID:56, RowCount:0, ArgLen:1, start time: 2026-07-14 18:18:27.909 +0800 CST, Err:<nil>, ErrCount:0, SnapshotVersion:0, Version: v2"] [query="CREATE TABLE IF NOT EXISTS mysql.table_cache_meta (\n\t\ttid bigint(11) NOT NULL DEFAULT 0,\n\t\tlock_type enum('NONE','READ', 'INTEND', 'WRITE') NOT NULL DEFAULT 'NONE',\n\t\tlease bigint(20) NOT NULL DEFAULT 0,\n\t\toldReadLease bigint(20) NOT NULL DEFAULT 0,\n\t\tPRIMARY KEY (tid)\n\t);"]
[2026/07/14 18:18:27.916 +08:00] [INFO] [lock_resolver.go:1631] ["txn lock cleanup resolve-lock rpc finished"] [action=commit] [txnStartTS=467671268172496904] [commitTS=467671268172496906] [regionID=8] [resolveLite=true] [resolvedByCheckTxnStatus=false]
[2026/07/14 18:18:27.916 +08:00] [WARN] [global_controller.go:850] ["[resource group controller] resource group name does not exist"] [name=default]
[2026/07/14 18:18:27.916 +08:00] [WARN] [global_controller.go:850] ["[resource group controller] resource group name does not exist"] [name=default]
[2026/07/14 18:18:27.916 +08:00] [WARN] [global_controller.go:850] ["[resource group controller] resource group name does not exist"] [name=default]
[2026/07/14 18:18:27.916 +08:00] [INFO] [job_worker.go:854] ["run one job step"] [category=ddl] [jobID=57] [job="ID:57, Type:create table, State:queueing, SchemaState:none, SchemaID:1, TableID:56, RowCount:0, ArgLen:0, start time: 2026-07-14 18:18:27.909 +0800 CST, Err:<nil>, ErrCount:0, SnapshotVersion:0, Version: v2"]
[2026/07/14 18:18:27.917 +08:00] [WARN] [global_controller.go:850] ["[resource group controller] resource group name does not exist"] [name=default]
[2026/07/14 18:18:27.917 +08:00] [WARN] [global_controller.go:850] ["[resource group controller] resource group name does not exist"] [name=default]
[2026/07/14 18:18:27.918 +08:00] [WARN] [global_controller.go:850] ["[resource group controller] resource group name does not exist"] [name=default]
[2026/07/14 18:18:27.924 +08:00] [INFO] [loader.go:216] ["diff load InfoSchema success"] [mode=auto] [isV2=true] [currVer=27] [neededVer=28] [gotVer=28] ["elapsed time"=264.083µs] [phyTblIDs="[56]"] [actionTypes="[3]"] [diffTypes="[\"create table\"]"]
[2026/07/14 18:18:27.924 +08:00] [INFO] [syncer.go:258] ["session manager is nil"]
[2026/07/14 18:18:27.924 +08:00] [INFO] [syncer.go:281] ["mdl gets lock, update self version to owner"] [jobID=57] [version=28]
[2026/07/14 18:18:27.929 +08:00] [INFO] [schema_version.go:397] ["wait schema version synced success"] [category=ddl] [ver=28] [checkAssumedSvr=false] ["take time"=6.084666ms] [job="ID:57, Type:create table, State:done, SchemaState:public, SchemaID:1, TableID:56, RowCount:0, ArgLen:1, start time: 2026-07-14 18:18:27.909 +0800 CST, Err:<nil>, ErrCount:0, SnapshotVersion:0, Version: v2"] [summary="server count: 1"]
[2026/07/14 18:18:27.930 +08:00] [WARN] [global_controller.go:850] ["[resource group controller] resource group name does not exist"] [name=default]
[2026/07/14 18:18:27.930 +08:00] [WARN] [global_controller.go:850] ["[resource group controller] resource group name does not exist"] [name=default]
[2026/07/14 18:18:27.930 +08:00] [WARN] [global_controller.go:850] ["[resource group controller] resource group name does not exist"] [name=default]
[2026/07/14 18:18:27.931 +08:00] [WARN] [global_controller.go:850] ["[resource group controller] resource group name does not exist"] [name=default]
[2026/07/14 18:18:27.931 +08:00] [WARN] [global_controller.go:850] ["[resource group controller] resource group name does not exist"] [name=default]
[2026/07/14 18:18:27.931 +08:00] [INFO] [job_worker.go:447] ["finish DDL job"] [category=ddl] [jobID=57] [job="ID:57, Type:create table, State:synced, SchemaState:public, SchemaID:1, TableID:56, RowCount:0, ArgLen:0, start time: 2026-07-14 18:18:27.909 +0800 CST, Err:<nil>, ErrCount:0, SnapshotVersion:0, Version: v2"]
[2026/07/14 18:18:27.931 +08:00] [WARN] [global_controller.go:850] ["[resource group controller] resource group name does not exist"] [name=default]
[2026/07/14 18:18:27.939 +08:00] [WARN] [global_controller.go:850] ["[resource group controller] resource group name does not exist"] [name=default]
[2026/07/14 18:18:27.939 +08:00] [WARN] [global_controller.go:850] ["[resource group controller] resource group name does not exist"] [name=default]
[2026/07/14 18:18:27.939 +08:00] [INFO] [executor.go:7412] ["DDL job is finished"] [category=ddl] [jobID=57]
[2026/07/14 18:18:27.939 +08:00] [INFO] [session.go:5103] ["CRUCIAL OPERATION"] [conn=0] [schemaVersion=28] [cur_db=mysql] [sql="CREATE TABLE IF NOT EXISTS mysql.table_cache_meta (\n\t\ttid bigint(11) NOT NULL DEFAULT 0,\n\t\tlock_type enum('NONE','READ', 'INTEND', 'WRITE') NOT NULL DEFAULT 'NONE',\n\t\tlease bigint(20) NOT NULL DEFAULT 0,\n\t\toldReadLease bigint(20) NOT NULL DEFAULT 0,\n\t\tPRIMARY KEY (tid)\n\t);"] [user=]
[2026/07/14 18:18:27.939 +08:00] [INFO] [add_column.go:1339] ["Automatically convert BLOB(19372) to MEDIUMBLOB"] [category=ddl]
[2026/07/14 18:18:27.939 +08:00] [INFO] [executor.go:7595] ["system variable tidb_scatter_region not found, use default value"] [category=ddl]
[2026/07/14 18:18:27.940 +08:00] [WARN] [global_controller.go:850] ["[resource group controller] resource group name does not exist"] [name=default]
[2026/07/14 18:18:27.941 +08:00] [WARN] [global_controller.go:850] ["[resource group controller] resource group name does not exist"] [name=default]
[2026/07/14 18:18:27.943 +08:00] [INFO] [job_submitter.go:118] ["add DDL jobs"] [category=ddl] ["batch count"=1] [jobs="ID:59, Type:create table, State:queueing, SchemaState:none, SchemaID:1, TableID:58, RowCount:0, ArgLen:1, start time: 2026-07-14 18:18:27.909 +0800 CST, Err:<nil>, ErrCount:0, SnapshotVersion:0, Version: v2; "] [fast_create=true]
[2026/07/14 18:18:27.943 +08:00] [INFO] [executor.go:7274] ["DDL job submitted"] [category=ddl] [job="ID:59, Type:create table, State:queueing, SchemaState:none, SchemaID:1, TableID:58, RowCount:0, ArgLen:1, start time: 2026-07-14 18:18:27.909 +0800 CST, Err:<nil>, ErrCount:0, SnapshotVersion:0, Version: v2"] [query="CREATE TABLE IF NOT EXISTS mysql.analyze_options (\n\t\ttable_id BIGINT(64) NOT NULL,\n\t\tsample_num BIGINT(64) NOT NULL DEFAULT 0,\n\t\tsample_rate DOUBLE NOT NULL DEFAULT -1,\n\t\tbuckets BIGINT(64) NOT NULL DEFAULT 0,\n\t\ttopn BIGINT(64) NOT NULL DEFAULT -1,\n\t\tcolumn_choice enum('DEFAULT','ALL','PREDICATE','LIST') NOT NULL DEFAULT 'DEFAULT',\n\t\tcolumn_ids TEXT(19372),\n\t\tPRIMARY KEY (table_id) CLUSTERED\n\t);"]
[2026/07/14 18:18:27.944 +08:00] [INFO] [lock_resolver.go:1631] ["txn lock cleanup resolve-lock rpc finished"] [action=commit] [txnStartTS=467671268172496927] [commitTS=467671268172496929] [regionID=8] [resolveLite=true] [resolvedByCheckTxnStatus=false]
[2026/07/14 18:18:27.944 +08:00] [WARN] [global_controller.go:850] ["[resource group controller] resource group name does not exist"] [name=default]
[2026/07/14 18:18:27.944 +08:00] [WARN] [global_controller.go:850] ["[resource group controller] resource group name does not exist"] [name=default]
[2026/07/14 18:18:27.944 +08:00] [WARN] [global_controller.go:850] ["[resource group controller] resource group name does not exist"] [name=default]
[2026/07/14 18:18:27.944 +08:00] [INFO] [job_worker.go:854] ["run one job step"] [category=ddl] [jobID=59] [job="ID:59, Type:create table, State:queueing, SchemaState:none, SchemaID:1, TableID:58, RowCount:0, ArgLen:0, start time: 2026-07-14 18:18:27.909 +0800 CST, Err:<nil>, ErrCount:0, SnapshotVersion:0, Version: v2"]
[2026/07/14 18:18:27.945 +08:00] [WARN] [global_controller.go:850] ["[resource group controller] resource group name does not exist"] [name=default]
[2026/07/14 18:18:27.945 +08:00] [WARN] [global_controller.go:850] ["[resource group controller] resource group name does not exist"] [name=default]
[2026/07/14 18:18:27.946 +08:00] [WARN] [global_controller.go:850] ["[resource group controller] resource group name does not exist"] [name=default]
[2026/07/14 18:18:27.951 +08:00] [INFO] [loader.go:216] ["diff load InfoSchema success"] [mode=auto] [isV2=true] [currVer=28] [neededVer=29] [gotVer=29] ["elapsed time"=277µs] [phyTblIDs="[58]"] [actionTypes="[3]"] [diffTypes="[\"create table\"]"]
[2026/07/14 18:18:27.952 +08:00] [WARN] [global_controller.go:850] ["[resource group controller] resource group name does not exist"] [name=default]
[2026/07/14 18:18:27.952 +08:00] [INFO] [syncer.go:258] ["session manager is nil"]
[2026/07/14 18:18:27.952 +08:00] [INFO] [syncer.go:281] ["mdl gets lock, update self version to owner"] [jobID=59] [version=29]
[2026/07/14 18:18:27.957 +08:00] [INFO] [schema_version.go:397] ["wait schema version synced success"] [category=ddl] [ver=29] [checkAssumedSvr=false] ["take time"=5.944333ms] [job="ID:59, Type:create table, State:done, SchemaState:public, SchemaID:1, TableID:58, RowCount:0, ArgLen:1, start time: 2026-07-14 18:18:27.909 +0800 CST, Err:<nil>, ErrCount:0, SnapshotVersion:0, Version: v2"] [summary="server count: 1"]
[2026/07/14 18:18:27.958 +08:00] [WARN] [global_controller.go:850] ["[resource group controller] resource group name does not exist"] [name=default]
[2026/07/14 18:18:27.958 +08:00] [WARN] [global_controller.go:850] ["[resource group controller] resource group name does not exist"] [name=default]
[2026/07/14 18:18:27.958 +08:00] [WARN] [global_controller.go:850] ["[resource group controller] resource group name does not exist"] [name=default]
[2026/07/14 18:18:27.958 +08:00] [WARN] [global_controller.go:850] ["[resource group controller] resource group name does not exist"] [name=default]
[2026/07/14 18:18:27.959 +08:00] [WARN] [global_controller.go:850] ["[resource group controller] resource group name does not exist"] [name=default]
[2026/07/14 18:18:27.959 +08:00] [INFO] [job_worker.go:447] ["finish DDL job"] [category=ddl] [jobID=59] [job="ID:59, Type:create table, State:synced, SchemaState:public, SchemaID:1, TableID:58, RowCount:0, ArgLen:0, start time: 2026-07-14 18:18:27.909 +0800 CST, Err:<nil>, ErrCount:0, SnapshotVersion:0, Version: v2"]
[2026/07/14 18:18:27.959 +08:00] [WARN] [global_controller.go:850] ["[resource group controller] resource group name does not exist"] [name=default]
[2026/07/14 18:18:27.960 +08:00] [WARN] [global_controller.go:850] ["[resource group controller] resource group name does not exist"] [name=default]
[2026/07/14 18:18:27.961 +08:00] [WARN] [global_controller.go:850] ["[resource group controller] resource group name does not exist"] [name=default]
[2026/07/14 18:18:27.961 +08:00] [INFO] [executor.go:7412] ["DDL job is finished"] [category=ddl] [jobID=59]
[2026/07/14 18:18:27.961 +08:00] [INFO] [session.go:5103] ["CRUCIAL OPERATION"] [conn=0] [schemaVersion=29] [cur_db=mysql] [sql="CREATE TABLE IF NOT EXISTS mysql.analyze_options (\n\t\ttable_id BIGINT(64) NOT NULL,\n\t\tsample_num BIGINT(64) NOT NULL DEFAULT 0,\n\t\tsample_rate DOUBLE NOT NULL DEFAULT -1,\n\t\tbuckets BIGINT(64) NOT NULL DEFAULT 0,\n\t\ttopn BIGINT(64) NOT NULL DEFAULT -1,\n\t\tcolumn_choice enum('DEFAULT','ALL','PREDICATE','LIST') NOT NULL DEFAULT 'DEFAULT',\n\t\tcolumn_ids TEXT(19372),\n\t\tPRIMARY KEY (table_id) CLUSTERED\n\t);"] [user=]
[2026/07/14 18:18:27.961 +08:00] [INFO] [executor.go:7595] ["system variable tidb_scatter_region not found, use default value"] [category=ddl]
[2026/07/14 18:18:27.961 +08:00] [WARN] [global_controller.go:850] ["[resource group controller] resource group name does not exist"] [name=default]
[2026/07/14 18:18:27.962 +08:00] [WARN] [global_controller.go:850] ["[resource group controller] resource group name does not exist"] [name=default]
[2026/07/14 18:18:27.965 +08:00] [INFO] [job_submitter.go:118] ["add DDL jobs"] [category=ddl] ["batch count"=1] [jobs="ID:61, Type:create table, State:queueing, SchemaState:none, SchemaID:1, TableID:60, RowCount:0, ArgLen:1, start time: 2026-07-14 18:18:27.959 +0800 CST, Err:<nil>, ErrCount:0, SnapshotVersion:0, Version: v2; "] [fast_create=true]
[2026/07/14 18:18:27.965 +08:00] [INFO] [executor.go:7274] ["DDL job submitted"] [category=ddl] [job="ID:61, Type:create table, State:queueing, SchemaState:none, SchemaID:1, TableID:60, RowCount:0, ArgLen:1, start time: 2026-07-14 18:18:27.959 +0800 CST, Err:<nil>, ErrCount:0, SnapshotVersion:0, Version: v2"] [query="CREATE TABLE IF NOT EXISTS mysql.stats_history (\n\t\ttable_id bigint(64) NOT NULL,\n\t\tstats_data longblob NOT NULL,\n\t\tseq_no bigint(64) NOT NULL comment 'sequence number of the gzipped data slice',\n\t\tversion bigint(64) NOT NULL comment 'stats version which corresponding to stats:version in EXPLAIN',\n\t\tcreate_time datetime(6) NOT NULL,\n\t\tPRIMARY KEY (table_id, version, seq_no) CLUSTERED,\n\t\tKEY table_create_time (table_id, create_time, seq_no),\n    \tKEY idx_create_time (create_time)\n\t);"]
[2026/07/14 18:18:27.966 +08:00] [INFO] [lock_resolver.go:1631] ["txn lock cleanup resolve-lock rpc finished"] [action=commit] [txnStartTS=467671268185604104] [commitTS=467671268185604106] [regionID=8] [resolveLite=true] [resolvedByCheckTxnStatus=false]
[2026/07/14 18:18:27.966 +08:00] [WARN] [global_controller.go:850] ["[resource group controller] resource group name does not exist"] [name=default]
[2026/07/14 18:18:27.966 +08:00] [WARN] [global_controller.go:850] ["[resource group controller] resource group name does not exist"] [name=default]
[2026/07/14 18:18:27.966 +08:00] [WARN] [global_controller.go:850] ["[resource group controller] resource group name does not exist"] [name=default]
[2026/07/14 18:18:27.966 +08:00] [INFO] [job_worker.go:854] ["run one job step"] [category=ddl] [jobID=61] [job="ID:61, Type:create table, State:queueing, SchemaState:none, SchemaID:1, TableID:60, RowCount:0, ArgLen:0, start time: 2026-07-14 18:18:27.959 +0800 CST, Err:<nil>, ErrCount:0, SnapshotVersion:0, Version: v2"]
[2026/07/14 18:18:27.967 +08:00] [WARN] [global_controller.go:850] ["[resource group controller] resource group name does not exist"] [name=default]
[2026/07/14 18:18:27.967 +08:00] [WARN] [global_controller.go:850] ["[resource group controller] resource group name does not exist"] [name=default]
[2026/07/14 18:18:27.968 +08:00] [WARN] [global_controller.go:850] ["[resource group controller] resource group name does not exist"] [name=default]
[2026/07/14 18:18:27.973 +08:00] [INFO] [loader.go:216] ["diff load InfoSchema success"] [mode=auto] [isV2=true] [currVer=29] [neededVer=30] [gotVer=30] ["elapsed time"=307.833µs] [phyTblIDs="[60]"] [actionTypes="[3]"] [diffTypes="[\"create table\"]"]
[2026/07/14 18:18:27.974 +08:00] [INFO] [syncer.go:258] ["session manager is nil"]
[2026/07/14 18:18:27.974 +08:00] [INFO] [syncer.go:281] ["mdl gets lock, update self version to owner"] [jobID=61] [version=30]
[2026/07/14 18:18:27.978 +08:00] [INFO] [schema_version.go:397] ["wait schema version synced success"] [category=ddl] [ver=30] [checkAssumedSvr=false] ["take time"=5.093ms] [job="ID:61, Type:create table, State:done, SchemaState:public, SchemaID:1, TableID:60, RowCount:0, ArgLen:1, start time: 2026-07-14 18:18:27.959 +0800 CST, Err:<nil>, ErrCount:0, SnapshotVersion:0, Version: v2"] [summary="server count: 1"]
[2026/07/14 18:18:27.979 +08:00] [WARN] [global_controller.go:850] ["[resource group controller] resource group name does not exist"] [name=default]
[2026/07/14 18:18:27.979 +08:00] [WARN] [global_controller.go:850] ["[resource group controller] resource group name does not exist"] [name=default]
[2026/07/14 18:18:27.979 +08:00] [WARN] [global_controller.go:850] ["[resource group controller] resource group name does not exist"] [name=default]
[2026/07/14 18:18:27.979 +08:00] [WARN] [global_controller.go:850] ["[resource group controller] resource group name does not exist"] [name=default]
[2026/07/14 18:18:27.979 +08:00] [WARN] [global_controller.go:850] ["[resource group controller] resource group name does not exist"] [name=default]
[2026/07/14 18:18:27.979 +08:00] [INFO] [job_worker.go:447] ["finish DDL job"] [category=ddl] [jobID=61] [job="ID:61, Type:create table, State:synced, SchemaState:public, SchemaID:1, TableID:60, RowCount:0, ArgLen:0, start time: 2026-07-14 18:18:27.959 +0800 CST, Err:<nil>, ErrCount:0, SnapshotVersion:0, Version: v2"]
[2026/07/14 18:18:27.980 +08:00] [WARN] [global_controller.go:850] ["[resource group controller] resource group name does not exist"] [name=default]
[2026/07/14 18:18:27.981 +08:00] [WARN] [global_controller.go:850] ["[resource group controller] resource group name does not exist"] [name=default]
[2026/07/14 18:18:27.981 +08:00] [WARN] [global_controller.go:850] ["[resource group controller] resource group name does not exist"] [name=default]
[2026/07/14 18:18:27.981 +08:00] [INFO] [executor.go:7412] ["DDL job is finished"] [category=ddl] [jobID=61]
[2026/07/14 18:18:27.981 +08:00] [INFO] [session.go:5103] ["CRUCIAL OPERATION"] [conn=0] [schemaVersion=30] [cur_db=mysql] [sql="CREATE TABLE IF NOT EXISTS mysql.stats_history (\n\t\ttable_id bigint(64) NOT NULL,\n\t\tstats_data longblob NOT NULL,\n\t\tseq_no bigint(64) NOT NULL comment 'sequence number of the gzipped data slice',\n\t\tversion bigint(64) NOT NULL comment 'stats version which corresponding to stats:version in EXPLAIN',\n\t\tcreate_time datetime(6) NOT NULL,\n\t\tPRIMARY KEY (table_id, version, seq_no) CLUSTERED,\n\t\tKEY table_create_time (table_id, create_time, seq_no),\n    \tKEY idx_create_time (create_time)\n\t);"] [user=]
[2026/07/14 18:18:27.982 +08:00] [INFO] [executor.go:7595] ["system variable tidb_scatter_region not found, use default value"] [category=ddl]
[2026/07/14 18:18:27.982 +08:00] [WARN] [global_controller.go:850] ["[resource group controller] resource group name does not exist"] [name=default]
[2026/07/14 18:18:27.983 +08:00] [WARN] [global_controller.go:850] ["[resource group controller] resource group name does not exist"] [name=default]
[2026/07/14 18:18:27.986 +08:00] [INFO] [job_submitter.go:118] ["add DDL jobs"] [category=ddl] ["batch count"=1] [jobs="ID:63, Type:create table, State:queueing, SchemaState:none, SchemaID:1, TableID:62, RowCount:0, ArgLen:1, start time: 2026-07-14 18:18:27.959 +0800 CST, Err:<nil>, ErrCount:0, SnapshotVersion:0, Version: v2; "] [fast_create=true]
[2026/07/14 18:18:27.986 +08:00] [INFO] [executor.go:7274] ["DDL job submitted"] [category=ddl] [job="ID:63, Type:create table, State:queueing, SchemaState:none, SchemaID:1, TableID:62, RowCount:0, ArgLen:1, start time: 2026-07-14 18:18:27.959 +0800 CST, Err:<nil>, ErrCount:0, SnapshotVersion:0, Version: v2"] [query="CREATE TABLE IF NOT EXISTS mysql.stats_meta_history (\n\t\ttable_id bigint(64) NOT NULL,\n\t\tmodify_count bigint(64) NOT NULL,\n\t\tcount bigint(64) NOT NULL,\n\t\tversion bigint(64) NOT NULL comment 'stats version which corresponding to stats:version in EXPLAIN',\n    \tsource varchar(40) NOT NULL,\n\t\tcreate_time datetime(6) NOT NULL,\n\t\tPRIMARY KEY (table_id, version) CLUSTERED,\n\t\tKEY table_create_time (table_id, create_time),\n    \tKEY idx_create_time (create_time)\n\t);"]
[2026/07/14 18:18:27.987 +08:00] [INFO] [lock_resolver.go:1631] ["txn lock cleanup resolve-lock rpc finished"] [action=commit] [txnStartTS=467671268185604127] [commitTS=467671268185604129] [regionID=8] [resolveLite=true] [resolvedByCheckTxnStatus=false]
[2026/07/14 18:18:27.987 +08:00] [WARN] [global_controller.go:850] ["[resource group controller] resource group name does not exist"] [name=default]
[2026/07/14 18:18:27.987 +08:00] [WARN] [global_controller.go:850] ["[resource group controller] resource group name does not exist"] [name=default]
[2026/07/14 18:18:27.987 +08:00] [WARN] [global_controller.go:850] ["[resource group controller] resource group name does not exist"] [name=default]
[2026/07/14 18:18:27.987 +08:00] [INFO] [job_worker.go:854] ["run one job step"] [category=ddl] [jobID=63] [job="ID:63, Type:create table, State:queueing, SchemaState:none, SchemaID:1, TableID:62, RowCount:0, ArgLen:0, start time: 2026-07-14 18:18:27.959 +0800 CST, Err:<nil>, ErrCount:0, SnapshotVersion:0, Version: v2"]
[2026/07/14 18:18:27.989 +08:00] [WARN] [global_controller.go:850] ["[resource group controller] resource group name does not exist"] [name=default]
[2026/07/14 18:18:27.989 +08:00] [WARN] [global_controller.go:850] ["[resource group controller] resource group name does not exist"] [name=default]
[2026/07/14 18:18:27.989 +08:00] [WARN] [global_controller.go:850] ["[resource group controller] resource group name does not exist"] [name=default]
[2026/07/14 18:18:27.994 +08:00] [INFO] [loader.go:216] ["diff load InfoSchema success"] [mode=auto] [isV2=true] [currVer=30] [neededVer=31] [gotVer=31] ["elapsed time"=284.541µs] [phyTblIDs="[62]"] [actionTypes="[3]"] [diffTypes="[\"create table\"]"]
[2026/07/14 18:18:27.995 +08:00] [INFO] [syncer.go:258] ["session manager is nil"]
[2026/07/14 18:18:27.995 +08:00] [INFO] [syncer.go:281] ["mdl gets lock, update self version to owner"] [jobID=63] [version=31]
[2026/07/14 18:18:27.999 +08:00] [INFO] [schema_version.go:397] ["wait schema version synced success"] [category=ddl] [ver=31] [checkAssumedSvr=false] ["take time"=4.927ms] [job="ID:63, Type:create table, State:done, SchemaState:public, SchemaID:1, TableID:62, RowCount:0, ArgLen:1, start time: 2026-07-14 18:18:27.959 +0800 CST, Err:<nil>, ErrCount:0, SnapshotVersion:0, Version: v2"] [summary="server count: 1"]
[2026/07/14 18:18:28.000 +08:00] [WARN] [global_controller.go:850] ["[resource group controller] resource group name does not exist"] [name=default]
[2026/07/14 18:18:28.000 +08:00] [WARN] [global_controller.go:850] ["[resource group controller] resource group name does not exist"] [name=default]
[2026/07/14 18:18:28.000 +08:00] [WARN] [global_controller.go:850] ["[resource group controller] resource group name does not exist"] [name=default]
[2026/07/14 18:18:28.000 +08:00] [WARN] [global_controller.go:850] ["[resource group controller] resource group name does not exist"] [name=default]
[2026/07/14 18:18:28.000 +08:00] [WARN] [global_controller.go:850] ["[resource group controller] resource group name does not exist"] [name=default]
[2026/07/14 18:18:28.000 +08:00] [INFO] [job_worker.go:447] ["finish DDL job"] [category=ddl] [jobID=63] [job="ID:63, Type:create table, State:synced, SchemaState:public, SchemaID:1, TableID:62, RowCount:0, ArgLen:0, start time: 2026-07-14 18:18:27.959 +0800 CST, Err:<nil>, ErrCount:0, SnapshotVersion:0, Version: v2"]
[2026/07/14 18:18:28.001 +08:00] [WARN] [global_controller.go:850] ["[resource group controller] resource group name does not exist"] [name=default]
[2026/07/14 18:18:28.002 +08:00] [WARN] [global_controller.go:850] ["[resource group controller] resource group name does not exist"] [name=default]
[2026/07/14 18:18:28.002 +08:00] [WARN] [global_controller.go:850] ["[resource group controller] resource group name does not exist"] [name=default]
[2026/07/14 18:18:28.002 +08:00] [WARN] [global_controller.go:850] ["[resource group controller] resource group name does not exist"] [name=default]
[2026/07/14 18:18:28.002 +08:00] [INFO] [executor.go:7412] ["DDL job is finished"] [category=ddl] [jobID=63]
[2026/07/14 18:18:28.002 +08:00] [INFO] [session.go:5103] ["CRUCIAL OPERATION"] [conn=0] [schemaVersion=31] [cur_db=mysql] [sql="CREATE TABLE IF NOT EXISTS mysql.stats_meta_history (\n\t\ttable_id bigint(64) NOT NULL,\n\t\tmodify_count bigint(64) NOT NULL,\n\t\tcount bigint(64) NOT NULL,\n\t\tversion bigint(64) NOT NULL comment 'stats version which corresponding to stats:version in EXPLAIN',\n    \tsource varchar(40) NOT NULL,\n\t\tcreate_time datetime(6) NOT NULL,\n\t\tPRIMARY KEY (table_id, version) CLUSTERED,\n\t\tKEY table_create_time (table_id, create_time),\n    \tKEY idx_create_time (create_time)\n\t);"] [user=]
[2026/07/14 18:18:28.003 +08:00] [INFO] [executor.go:7595] ["system variable tidb_scatter_region not found, use default value"] [category=ddl]
[2026/07/14 18:18:28.003 +08:00] [WARN] [global_controller.go:850] ["[resource group controller] resource group name does not exist"] [name=default]
[2026/07/14 18:18:28.004 +08:00] [WARN] [global_controller.go:850] ["[resource group controller] resource group name does not exist"] [name=default]
[2026/07/14 18:18:28.007 +08:00] [INFO] [job_submitter.go:118] ["add DDL jobs"] [category=ddl] ["batch count"=1] [jobs="ID:65, Type:create table, State:queueing, SchemaState:none, SchemaID:1, TableID:64, RowCount:0, ArgLen:1, start time: 2026-07-14 18:18:27.959 +0800 CST, Err:<nil>, ErrCount:0, SnapshotVersion:0, Version: v2; "] [fast_create=true]
[2026/07/14 18:18:28.007 +08:00] [INFO] [executor.go:7274] ["DDL job submitted"] [category=ddl] [job="ID:65, Type:create table, State:queueing, SchemaState:none, SchemaID:1, TableID:64, RowCount:0, ArgLen:1, start time: 2026-07-14 18:18:27.959 +0800 CST, Err:<nil>, ErrCount:0, SnapshotVersion:0, Version: v2"] [query="CREATE TABLE IF NOT EXISTS mysql.analyze_jobs (\n\t\tid BIGINT(64) UNSIGNED NOT NULL AUTO_INCREMENT,\n\t\tupdate_time TIMESTAMP NOT NULL DEFAULT CURRENT_TIMESTAMP ON UPDATE CURRENT_TIMESTAMP,\n\t\ttable_schema CHAR(64) NOT NULL DEFAULT '',\n\t\ttable_name CHAR(64) NOT NULL DEFAULT '',\n\t\tpartition_name CHAR(64) NOT NULL DEFAULT '',\n\t\tjob_info TEXT NOT NULL,\n\t\tprocessed_rows BIGINT(64) UNSIGNED NOT NULL DEFAULT 0,\n\t\tstart_time TIMESTAMP,\n\t\tend_time TIMESTAMP,\n\t\tstate ENUM('pending', 'running', 'finished', 'failed') NOT NULL,\n\t\tfail_reason TEXT,\n\t\tinstance VARCHAR(512) NOT NULL comment 'address of the TiDB instance executing the analyze job',\n\t\tprocess_id BIGINT(64) UNSIGNED comment 'ID of the process executing the analyze job',\n\t\tPRIMARY KEY (id),\n\t\tKEY (update_time),\n\t\tINDEX idx_schema_table_state (table_schema, table_name, state),\n\t\tINDEX idx_schema_table_partition_state (table_schema, table_name, partition_name, state)\n\t);"]
[2026/07/14 18:18:28.008 +08:00] [INFO] [lock_resolver.go:1631] ["txn lock cleanup resolve-lock rpc finished"] [action=commit] [txnStartTS=467671268185604154] [commitTS=467671268185604156] [regionID=8] [resolveLite=true] [resolvedByCheckTxnStatus=false]
[2026/07/14 18:18:28.008 +08:00] [WARN] [global_controller.go:850] ["[resource group controller] resource group name does not exist"] [name=default]
[2026/07/14 18:18:28.008 +08:00] [WARN] [global_controller.go:850] ["[resource group controller] resource group name does not exist"] [name=default]
[2026/07/14 18:18:28.008 +08:00] [WARN] [global_controller.go:850] ["[resource group controller] resource group name does not exist"] [name=default]
[2026/07/14 18:18:28.008 +08:00] [INFO] [job_worker.go:854] ["run one job step"] [category=ddl] [jobID=65] [job="ID:65, Type:create table, State:queueing, SchemaState:none, SchemaID:1, TableID:64, RowCount:0, ArgLen:0, start time: 2026-07-14 18:18:27.959 +0800 CST, Err:<nil>, ErrCount:0, SnapshotVersion:0, Version: v2"]
[2026/07/14 18:18:28.009 +08:00] [WARN] [global_controller.go:850] ["[resource group controller] resource group name does not exist"] [name=default]
[2026/07/14 18:18:28.009 +08:00] [WARN] [global_controller.go:850] ["[resource group controller] resource group name does not exist"] [name=default]
[2026/07/14 18:18:28.010 +08:00] [WARN] [global_controller.go:850] ["[resource group controller] resource group name does not exist"] [name=default]
[2026/07/14 18:18:28.016 +08:00] [INFO] [loader.go:216] ["diff load InfoSchema success"] [mode=auto] [isV2=true] [currVer=31] [neededVer=32] [gotVer=32] ["elapsed time"=403.458µs] [phyTblIDs="[64]"] [actionTypes="[3]"] [diffTypes="[\"create table\"]"]
[2026/07/14 18:18:28.016 +08:00] [INFO] [syncer.go:258] ["session manager is nil"]
[2026/07/14 18:18:28.016 +08:00] [INFO] [syncer.go:281] ["mdl gets lock, update self version to owner"] [jobID=65] [version=32]
[2026/07/14 18:18:28.021 +08:00] [INFO] [schema_version.go:397] ["wait schema version synced success"] [category=ddl] [ver=32] [checkAssumedSvr=false] ["take time"=5.974541ms] [job="ID:65, Type:create table, State:done, SchemaState:public, SchemaID:1, TableID:64, RowCount:0, ArgLen:1, start time: 2026-07-14 18:18:27.959 +0800 CST, Err:<nil>, ErrCount:0, SnapshotVersion:0, Version: v2"] [summary="server count: 1"]
[2026/07/14 18:18:28.022 +08:00] [WARN] [global_controller.go:850] ["[resource group controller] resource group name does not exist"] [name=default]
[2026/07/14 18:18:28.022 +08:00] [WARN] [global_controller.go:850] ["[resource group controller] resource group name does not exist"] [name=default]
[2026/07/14 18:18:28.023 +08:00] [WARN] [global_controller.go:850] ["[resource group controller] resource group name does not exist"] [name=default]
[2026/07/14 18:18:28.023 +08:00] [WARN] [global_controller.go:850] ["[resource group controller] resource group name does not exist"] [name=default]
[2026/07/14 18:18:28.023 +08:00] [WARN] [global_controller.go:850] ["[resource group controller] resource group name does not exist"] [name=default]
[2026/07/14 18:18:28.023 +08:00] [INFO] [job_worker.go:447] ["finish DDL job"] [category=ddl] [jobID=65] [job="ID:65, Type:create table, State:synced, SchemaState:public, SchemaID:1, TableID:64, RowCount:0, ArgLen:0, start time: 2026-07-14 18:18:27.959 +0800 CST, Err:<nil>, ErrCount:0, SnapshotVersion:0, Version: v2"]
[2026/07/14 18:18:28.024 +08:00] [WARN] [global_controller.go:850] ["[resource group controller] resource group name does not exist"] [name=default]
[2026/07/14 18:18:28.025 +08:00] [WARN] [global_controller.go:850] ["[resource group controller] resource group name does not exist"] [name=default]
[2026/07/14 18:18:28.025 +08:00] [WARN] [global_controller.go:850] ["[resource group controller] resource group name does not exist"] [name=default]
[2026/07/14 18:18:28.025 +08:00] [INFO] [executor.go:7412] ["DDL job is finished"] [category=ddl] [jobID=65]
[2026/07/14 18:18:28.025 +08:00] [INFO] [session.go:5103] ["CRUCIAL OPERATION"] [conn=0] [schemaVersion=32] [cur_db=mysql] [sql="CREATE TABLE IF NOT EXISTS mysql.analyze_jobs (\n\t\tid BIGINT(64) UNSIGNED NOT NULL AUTO_INCREMENT,\n\t\tupdate_time TIMESTAMP NOT NULL DEFAULT CURRENT_TIMESTAMP ON UPDATE CURRENT_TIMESTAMP,\n\t\ttable_schema CHAR(64) NOT NULL DEFAULT '',\n\t\ttable_name CHAR(64) NOT NULL DEFAULT '',\n\t\tpartition_name CHAR(64) NOT NULL DEFAULT '',\n\t\tjob_info TEXT NOT NULL,\n\t\tprocessed_rows BIGINT(64) UNSIGNED NOT NULL DEFAULT 0,\n\t\tstart_time TIMESTAMP,\n\t\tend_time TIMESTAMP,\n\t\tstate ENUM('pending', 'running', 'finished', 'failed') NOT NULL,\n\t\tfail_reason TEXT,\n\t\tinstance VARCHAR(512) NOT NULL comment 'address of the TiDB instance executing the analyze job',\n\t\tprocess_id BIGINT(64) UNSIGNED comment 'ID of the process executing the analyze job',\n\t\tPRIMARY KEY (id),\n\t\tKEY (update_time),\n\t\tINDEX idx_schema_table_state (table_schema, table_name, state),\n\t\tINDEX idx_schema_table_partition_state (table_schema, table_name, partition_name, state)\n\t);"] [user=]
[2026/07/14 18:18:28.026 +08:00] [INFO] [executor.go:7595] ["system variable tidb_scatter_region not found, use default value"] [category=ddl]
[2026/07/14 18:18:28.027 +08:00] [WARN] [global_controller.go:850] ["[resource group controller] resource group name does not exist"] [name=default]
[2026/07/14 18:18:28.028 +08:00] [WARN] [global_controller.go:850] ["[resource group controller] resource group name does not exist"] [name=default]
[2026/07/14 18:18:28.029 +08:00] [INFO] [job_submitter.go:118] ["add DDL jobs"] [category=ddl] ["batch count"=1] [jobs="ID:67, Type:create table, State:queueing, SchemaState:none, SchemaID:1, TableID:66, RowCount:0, ArgLen:1, start time: 2026-07-14 18:18:28.009 +0800 CST, Err:<nil>, ErrCount:0, SnapshotVersion:0, Version: v2; "] [fast_create=true]
[2026/07/14 18:18:28.029 +08:00] [INFO] [executor.go:7274] ["DDL job submitted"] [category=ddl] [job="ID:67, Type:create table, State:queueing, SchemaState:none, SchemaID:1, TableID:66, RowCount:0, ArgLen:1, start time: 2026-07-14 18:18:28.009 +0800 CST, Err:<nil>, ErrCount:0, SnapshotVersion:0, Version: v2"] [query="CREATE TABLE IF NOT EXISTS mysql.advisory_locks (\n\t\tlock_name VARCHAR(64) NOT NULL PRIMARY KEY\n\t);"]
[2026/07/14 18:18:28.030 +08:00] [INFO] [lock_resolver.go:1631] ["txn lock cleanup resolve-lock rpc finished"] [action=commit] [txnStartTS=467671268198711312] [commitTS=467671268198711314] [regionID=8] [resolveLite=true] [resolvedByCheckTxnStatus=false]
[2026/07/14 18:18:28.030 +08:00] [WARN] [global_controller.go:850] ["[resource group controller] resource group name does not exist"] [name=default]
[2026/07/14 18:18:28.030 +08:00] [WARN] [global_controller.go:850] ["[resource group controller] resource group name does not exist"] [name=default]
[2026/07/14 18:18:28.030 +08:00] [WARN] [global_controller.go:850] ["[resource group controller] resource group name does not exist"] [name=default]
[2026/07/14 18:18:28.030 +08:00] [INFO] [job_worker.go:854] ["run one job step"] [category=ddl] [jobID=67] [job="ID:67, Type:create table, State:queueing, SchemaState:none, SchemaID:1, TableID:66, RowCount:0, ArgLen:0, start time: 2026-07-14 18:18:28.009 +0800 CST, Err:<nil>, ErrCount:0, SnapshotVersion:0, Version: v2"]
[2026/07/14 18:18:28.031 +08:00] [WARN] [global_controller.go:850] ["[resource group controller] resource group name does not exist"] [name=default]
[2026/07/14 18:18:28.032 +08:00] [WARN] [global_controller.go:850] ["[resource group controller] resource group name does not exist"] [name=default]
[2026/07/14 18:18:28.032 +08:00] [WARN] [global_controller.go:850] ["[resource group controller] resource group name does not exist"] [name=default]
[2026/07/14 18:18:28.037 +08:00] [INFO] [loader.go:216] ["diff load InfoSchema success"] [mode=auto] [isV2=true] [currVer=32] [neededVer=33] [gotVer=33] ["elapsed time"=251.75µs] [phyTblIDs="[66]"] [actionTypes="[3]"] [diffTypes="[\"create table\"]"]
[2026/07/14 18:18:28.038 +08:00] [INFO] [syncer.go:258] ["session manager is nil"]
[2026/07/14 18:18:28.038 +08:00] [INFO] [syncer.go:281] ["mdl gets lock, update self version to owner"] [jobID=67] [version=33]
[2026/07/14 18:18:28.050 +08:00] [INFO] [schema_version.go:397] ["wait schema version synced success"] [category=ddl] [ver=33] [checkAssumedSvr=false] ["take time"=13.215959ms] [job="ID:67, Type:create table, State:done, SchemaState:public, SchemaID:1, TableID:66, RowCount:0, ArgLen:1, start time: 2026-07-14 18:18:28.009 +0800 CST, Err:<nil>, ErrCount:0, SnapshotVersion:0, Version: v2"] [summary="server count: 1"]
[2026/07/14 18:18:28.051 +08:00] [WARN] [global_controller.go:850] ["[resource group controller] resource group name does not exist"] [name=default]
[2026/07/14 18:18:28.051 +08:00] [WARN] [global_controller.go:850] ["[resource group controller] resource group name does not exist"] [name=default]
[2026/07/14 18:18:28.051 +08:00] [WARN] [global_controller.go:850] ["[resource group controller] resource group name does not exist"] [name=default]
[2026/07/14 18:18:28.052 +08:00] [WARN] [global_controller.go:850] ["[resource group controller] resource group name does not exist"] [name=default]
[2026/07/14 18:18:28.052 +08:00] [WARN] [global_controller.go:850] ["[resource group controller] resource group name does not exist"] [name=default]
[2026/07/14 18:18:28.052 +08:00] [INFO] [job_worker.go:447] ["finish DDL job"] [category=ddl] [jobID=67] [job="ID:67, Type:create table, State:synced, SchemaState:public, SchemaID:1, TableID:66, RowCount:0, ArgLen:0, start time: 2026-07-14 18:18:28.009 +0800 CST, Err:<nil>, ErrCount:0, SnapshotVersion:0, Version: v2"]
[2026/07/14 18:18:28.052 +08:00] [WARN] [global_controller.go:850] ["[resource group controller] resource group name does not exist"] [name=default]
[2026/07/14 18:18:28.052 +08:00] [WARN] [global_controller.go:850] ["[resource group controller] resource group name does not exist"] [name=default]
[2026/07/14 18:18:28.053 +08:00] [WARN] [global_controller.go:850] ["[resource group controller] resource group name does not exist"] [name=default]
[2026/07/14 18:18:28.053 +08:00] [WARN] [global_controller.go:850] ["[resource group controller] resource group name does not exist"] [name=default]
[2026/07/14 18:18:28.053 +08:00] [INFO] [executor.go:7412] ["DDL job is finished"] [category=ddl] [jobID=67]
[2026/07/14 18:18:28.053 +08:00] [INFO] [session.go:5103] ["CRUCIAL OPERATION"] [conn=0] [schemaVersion=33] [cur_db=mysql] [sql="CREATE TABLE IF NOT EXISTS mysql.advisory_locks (\n\t\tlock_name VARCHAR(64) NOT NULL PRIMARY KEY\n\t);"] [user=]
[2026/07/14 18:18:28.054 +08:00] [INFO] [executor.go:7595] ["system variable tidb_scatter_region not found, use default value"] [category=ddl]
[2026/07/14 18:18:28.054 +08:00] [WARN] [global_controller.go:850] ["[resource group controller] resource group name does not exist"] [name=default]
[2026/07/14 18:18:28.055 +08:00] [WARN] [global_controller.go:850] ["[resource group controller] resource group name does not exist"] [name=default]
[2026/07/14 18:18:28.058 +08:00] [INFO] [job_submitter.go:118] ["add DDL jobs"] [category=ddl] ["batch count"=1] [jobs="ID:69, Type:create table, State:queueing, SchemaState:none, SchemaID:1, TableID:68, RowCount:0, ArgLen:1, start time: 2026-07-14 18:18:28.009 +0800 CST, Err:<nil>, ErrCount:0, SnapshotVersion:0, Version: v2; "] [fast_create=true]
[2026/07/14 18:18:28.058 +08:00] [INFO] [executor.go:7274] ["DDL job submitted"] [category=ddl] [job="ID:69, Type:create table, State:queueing, SchemaState:none, SchemaID:1, TableID:68, RowCount:0, ArgLen:1, start time: 2026-07-14 18:18:28.009 +0800 CST, Err:<nil>, ErrCount:0, SnapshotVersion:0, Version: v2"] [query="CREATE TABLE IF NOT EXISTS mysql.plan_replayer_status (\n\t\tsql_digest VARCHAR(128),\n\t\tplan_digest VARCHAR(128),\n\t\torigin_sql TEXT,\n\t\ttoken VARCHAR(128),\n\t\tupdate_time TIMESTAMP NOT NULL DEFAULT CURRENT_TIMESTAMP ON UPDATE CURRENT_TIMESTAMP,\n\t\tfail_reason TEXT,\n\t\tinstance VARCHAR(512) NOT NULL comment 'address of the TiDB instance executing the plan replayer job');"]
[2026/07/14 18:18:28.059 +08:00] [INFO] [lock_resolver.go:1631] ["txn lock cleanup resolve-lock rpc finished"] [action=commit] [txnStartTS=467671268198711336] [commitTS=467671268198711338] [regionID=8] [resolveLite=true] [resolvedByCheckTxnStatus=false]
[2026/07/14 18:18:28.059 +08:00] [WARN] [global_controller.go:850] ["[resource group controller] resource group name does not exist"] [name=default]
[2026/07/14 18:18:28.059 +08:00] [WARN] [global_controller.go:850] ["[resource group controller] resource group name does not exist"] [name=default]
[2026/07/14 18:18:28.059 +08:00] [WARN] [global_controller.go:850] ["[resource group controller] resource group name does not exist"] [name=default]
[2026/07/14 18:18:28.059 +08:00] [INFO] [job_worker.go:854] ["run one job step"] [category=ddl] [jobID=69] [job="ID:69, Type:create table, State:queueing, SchemaState:none, SchemaID:1, TableID:68, RowCount:0, ArgLen:0, start time: 2026-07-14 18:18:28.009 +0800 CST, Err:<nil>, ErrCount:0, SnapshotVersion:0, Version: v2"]
[2026/07/14 18:18:28.060 +08:00] [WARN] [global_controller.go:850] ["[resource group controller] resource group name does not exist"] [name=default]
[2026/07/14 18:18:28.060 +08:00] [WARN] [global_controller.go:850] ["[resource group controller] resource group name does not exist"] [name=default]
[2026/07/14 18:18:28.061 +08:00] [WARN] [global_controller.go:850] ["[resource group controller] resource group name does not exist"] [name=default]
[2026/07/14 18:18:28.067 +08:00] [INFO] [loader.go:216] ["diff load InfoSchema success"] [mode=auto] [isV2=true] [currVer=33] [neededVer=34] [gotVer=34] ["elapsed time"=295.791µs] [phyTblIDs="[68]"] [actionTypes="[3]"] [diffTypes="[\"create table\"]"]
[2026/07/14 18:18:28.067 +08:00] [INFO] [syncer.go:258] ["session manager is nil"]
[2026/07/14 18:18:28.067 +08:00] [INFO] [syncer.go:281] ["mdl gets lock, update self version to owner"] [jobID=69] [version=34]
[2026/07/14 18:18:28.072 +08:00] [INFO] [schema_version.go:397] ["wait schema version synced success"] [category=ddl] [ver=34] [checkAssumedSvr=false] ["take time"=6.075417ms] [job="ID:69, Type:create table, State:done, SchemaState:public, SchemaID:1, TableID:68, RowCount:0, ArgLen:1, start time: 2026-07-14 18:18:28.009 +0800 CST, Err:<nil>, ErrCount:0, SnapshotVersion:0, Version: v2"] [summary="server count: 1"]
[2026/07/14 18:18:28.073 +08:00] [WARN] [global_controller.go:850] ["[resource group controller] resource group name does not exist"] [name=default]
[2026/07/14 18:18:28.073 +08:00] [WARN] [global_controller.go:850] ["[resource group controller] resource group name does not exist"] [name=default]
[2026/07/14 18:18:28.073 +08:00] [WARN] [global_controller.go:850] ["[resource group controller] resource group name does not exist"] [name=default]
[2026/07/14 18:18:28.074 +08:00] [WARN] [global_controller.go:850] ["[resource group controller] resource group name does not exist"] [name=default]
[2026/07/14 18:18:28.074 +08:00] [WARN] [global_controller.go:850] ["[resource group controller] resource group name does not exist"] [name=default]
[2026/07/14 18:18:28.074 +08:00] [INFO] [job_worker.go:447] ["finish DDL job"] [category=ddl] [jobID=69] [job="ID:69, Type:create table, State:synced, SchemaState:public, SchemaID:1, TableID:68, RowCount:0, ArgLen:0, start time: 2026-07-14 18:18:28.009 +0800 CST, Err:<nil>, ErrCount:0, SnapshotVersion:0, Version: v2"]
[2026/07/14 18:18:28.074 +08:00] [WARN] [global_controller.go:850] ["[resource group controller] resource group name does not exist"] [name=default]
[2026/07/14 18:18:28.075 +08:00] [WARN] [global_controller.go:850] ["[resource group controller] resource group name does not exist"] [name=default]
[2026/07/14 18:18:28.075 +08:00] [WARN] [global_controller.go:850] ["[resource group controller] resource group name does not exist"] [name=default]
[2026/07/14 18:18:28.076 +08:00] [INFO] [executor.go:7412] ["DDL job is finished"] [category=ddl] [jobID=69]
[2026/07/14 18:18:28.076 +08:00] [INFO] [session.go:5103] ["CRUCIAL OPERATION"] [conn=0] [schemaVersion=34] [cur_db=mysql] [sql="CREATE TABLE IF NOT EXISTS mysql.plan_replayer_status (\n\t\tsql_digest VARCHAR(128),\n\t\tplan_digest VARCHAR(128),\n\t\torigin_sql TEXT,\n\t\ttoken VARCHAR(128),\n\t\tupdate_time TIMESTAMP NOT NULL DEFAULT CURRENT_TIMESTAMP ON UPDATE CURRENT_TIMESTAMP,\n\t\tfail_reason TEXT,\n\t\tinstance VARCHAR(512) NOT NULL comment 'address of the TiDB instance executing the plan replayer job');"] [user=]
[2026/07/14 18:18:28.076 +08:00] [INFO] [executor.go:7595] ["system variable tidb_scatter_region not found, use default value"] [category=ddl]
[2026/07/14 18:18:28.076 +08:00] [WARN] [global_controller.go:850] ["[resource group controller] resource group name does not exist"] [name=default]
[2026/07/14 18:18:28.077 +08:00] [WARN] [global_controller.go:850] ["[resource group controller] resource group name does not exist"] [name=default]
[2026/07/14 18:18:28.081 +08:00] [INFO] [job_submitter.go:118] ["add DDL jobs"] [category=ddl] ["batch count"=1] [jobs="ID:71, Type:create table, State:queueing, SchemaState:none, SchemaID:1, TableID:70, RowCount:0, ArgLen:1, start time: 2026-07-14 18:18:28.059 +0800 CST, Err:<nil>, ErrCount:0, SnapshotVersion:0, Version: v2; "] [fast_create=true]
[2026/07/14 18:18:28.081 +08:00] [INFO] [executor.go:7274] ["DDL job submitted"] [category=ddl] [job="ID:71, Type:create table, State:queueing, SchemaState:none, SchemaID:1, TableID:70, RowCount:0, ArgLen:1, start time: 2026-07-14 18:18:28.059 +0800 CST, Err:<nil>, ErrCount:0, SnapshotVersion:0, Version: v2"] [query="CREATE TABLE IF NOT EXISTS mysql.plan_replayer_task (\n\t\tsql_digest VARCHAR(128) NOT NULL,\n\t\tplan_digest VARCHAR(128) NOT NULL,\n\t\tupdate_time TIMESTAMP NOT NULL DEFAULT CURRENT_TIMESTAMP ON UPDATE CURRENT_TIMESTAMP,\n\t\tPRIMARY KEY (sql_digest,plan_digest));"]
[2026/07/14 18:18:28.081 +08:00] [INFO] [lock_resolver.go:1631] ["txn lock cleanup resolve-lock rpc finished"] [action=commit] [txnStartTS=467671268211818514] [commitTS=467671268211818516] [regionID=8] [resolveLite=true] [resolvedByCheckTxnStatus=false]
[2026/07/14 18:18:28.081 +08:00] [WARN] [global_controller.go:850] ["[resource group controller] resource group name does not exist"] [name=default]
[2026/07/14 18:18:28.082 +08:00] [WARN] [global_controller.go:850] ["[resource group controller] resource group name does not exist"] [name=default]
[2026/07/14 18:18:28.082 +08:00] [WARN] [global_controller.go:850] ["[resource group controller] resource group name does not exist"] [name=default]
[2026/07/14 18:18:28.082 +08:00] [INFO] [job_worker.go:854] ["run one job step"] [category=ddl] [jobID=71] [job="ID:71, Type:create table, State:queueing, SchemaState:none, SchemaID:1, TableID:70, RowCount:0, ArgLen:0, start time: 2026-07-14 18:18:28.059 +0800 CST, Err:<nil>, ErrCount:0, SnapshotVersion:0, Version: v2"]
[2026/07/14 18:18:28.083 +08:00] [WARN] [global_controller.go:850] ["[resource group controller] resource group name does not exist"] [name=default]
[2026/07/14 18:18:28.083 +08:00] [WARN] [global_controller.go:850] ["[resource group controller] resource group name does not exist"] [name=default]
[2026/07/14 18:18:28.084 +08:00] [WARN] [global_controller.go:850] ["[resource group controller] resource group name does not exist"] [name=default]
[2026/07/14 18:18:28.090 +08:00] [INFO] [loader.go:216] ["diff load InfoSchema success"] [mode=auto] [isV2=true] [currVer=34] [neededVer=35] [gotVer=35] ["elapsed time"=297.5µs] [phyTblIDs="[70]"] [actionTypes="[3]"] [diffTypes="[\"create table\"]"]
[2026/07/14 18:18:28.090 +08:00] [INFO] [syncer.go:258] ["session manager is nil"]
[2026/07/14 18:18:28.090 +08:00] [INFO] [syncer.go:281] ["mdl gets lock, update self version to owner"] [jobID=71] [version=35]
[2026/07/14 18:18:28.095 +08:00] [INFO] [schema_version.go:397] ["wait schema version synced success"] [category=ddl] [ver=35] [checkAssumedSvr=false] ["take time"=5.638916ms] [job="ID:71, Type:create table, State:done, SchemaState:public, SchemaID:1, TableID:70, RowCount:0, ArgLen:1, start time: 2026-07-14 18:18:28.059 +0800 CST, Err:<nil>, ErrCount:0, SnapshotVersion:0, Version: v2"] [summary="server count: 1"]
[2026/07/14 18:18:28.096 +08:00] [WARN] [global_controller.go:850] ["[resource group controller] resource group name does not exist"] [name=default]
[2026/07/14 18:18:28.096 +08:00] [WARN] [global_controller.go:850] ["[resource group controller] resource group name does not exist"] [name=default]
[2026/07/14 18:18:28.096 +08:00] [WARN] [global_controller.go:850] ["[resource group controller] resource group name does not exist"] [name=default]
[2026/07/14 18:18:28.096 +08:00] [WARN] [global_controller.go:850] ["[resource group controller] resource group name does not exist"] [name=default]
[2026/07/14 18:18:28.096 +08:00] [WARN] [global_controller.go:850] ["[resource group controller] resource group name does not exist"] [name=default]
[2026/07/14 18:18:28.096 +08:00] [INFO] [job_worker.go:447] ["finish DDL job"] [category=ddl] [jobID=71] [job="ID:71, Type:create table, State:synced, SchemaState:public, SchemaID:1, TableID:70, RowCount:0, ArgLen:0, start time: 2026-07-14 18:18:28.059 +0800 CST, Err:<nil>, ErrCount:0, SnapshotVersion:0, Version: v2"]
[2026/07/14 18:18:28.097 +08:00] [WARN] [global_controller.go:850] ["[resource group controller] resource group name does not exist"] [name=default]
[2026/07/14 18:18:28.098 +08:00] [WARN] [global_controller.go:850] ["[resource group controller] resource group name does not exist"] [name=default]
[2026/07/14 18:18:28.098 +08:00] [WARN] [global_controller.go:850] ["[resource group controller] resource group name does not exist"] [name=default]
[2026/07/14 18:18:28.098 +08:00] [INFO] [executor.go:7412] ["DDL job is finished"] [category=ddl] [jobID=71]
[2026/07/14 18:18:28.098 +08:00] [INFO] [session.go:5103] ["CRUCIAL OPERATION"] [conn=0] [schemaVersion=35] [cur_db=mysql] [sql="CREATE TABLE IF NOT EXISTS mysql.plan_replayer_task (\n\t\tsql_digest VARCHAR(128) NOT NULL,\n\t\tplan_digest VARCHAR(128) NOT NULL,\n\t\tupdate_time TIMESTAMP NOT NULL DEFAULT CURRENT_TIMESTAMP ON UPDATE CURRENT_TIMESTAMP,\n\t\tPRIMARY KEY (sql_digest,plan_digest));"] [user=]
[2026/07/14 18:18:28.099 +08:00] [INFO] [executor.go:7595] ["system variable tidb_scatter_region not found, use default value"] [category=ddl]
[2026/07/14 18:18:28.099 +08:00] [WARN] [global_controller.go:850] ["[resource group controller] resource group name does not exist"] [name=default]
[2026/07/14 18:18:28.100 +08:00] [WARN] [global_controller.go:850] ["[resource group controller] resource group name does not exist"] [name=default]
[2026/07/14 18:18:28.102 +08:00] [WARN] [global_controller.go:850] ["[resource group controller] resource group name does not exist"] [name=default]
[2026/07/14 18:18:28.103 +08:00] [INFO] [job_submitter.go:118] ["add DDL jobs"] [category=ddl] ["batch count"=1] [jobs="ID:73, Type:create table, State:queueing, SchemaState:none, SchemaID:1, TableID:72, RowCount:0, ArgLen:1, start time: 2026-07-14 18:18:28.059 +0800 CST, Err:<nil>, ErrCount:0, SnapshotVersion:0, Version: v2; "] [fast_create=true]
[2026/07/14 18:18:28.103 +08:00] [INFO] [executor.go:7274] ["DDL job submitted"] [category=ddl] [job="ID:73, Type:create table, State:queueing, SchemaState:none, SchemaID:1, TableID:72, RowCount:0, ArgLen:1, start time: 2026-07-14 18:18:28.059 +0800 CST, Err:<nil>, ErrCount:0, SnapshotVersion:0, Version: v2"] [query="CREATE TABLE IF NOT EXISTS mysql.stats_table_locked (\n\t\ttable_id bigint(64) NOT NULL,\n\t\tmodify_count bigint(64) NOT NULL DEFAULT 0,\n\t\tcount bigint(64) NOT NULL DEFAULT 0,\n\t\tversion bigint(64) UNSIGNED NOT NULL DEFAULT 0,\n\t\tPRIMARY KEY (table_id) CLUSTERED);"]
[2026/07/14 18:18:28.104 +08:00] [INFO] [lock_resolver.go:1631] ["txn lock cleanup resolve-lock rpc finished"] [action=commit] [txnStartTS=467671268211818537] [commitTS=467671268211818540] [regionID=8] [resolveLite=true] [resolvedByCheckTxnStatus=false]
[2026/07/14 18:18:28.104 +08:00] [WARN] [global_controller.go:850] ["[resource group controller] resource group name does not exist"] [name=default]
[2026/07/14 18:18:28.104 +08:00] [WARN] [global_controller.go:850] ["[resource group controller] resource group name does not exist"] [name=default]
[2026/07/14 18:18:28.104 +08:00] [WARN] [global_controller.go:850] ["[resource group controller] resource group name does not exist"] [name=default]
[2026/07/14 18:18:28.104 +08:00] [INFO] [job_worker.go:854] ["run one job step"] [category=ddl] [jobID=73] [job="ID:73, Type:create table, State:queueing, SchemaState:none, SchemaID:1, TableID:72, RowCount:0, ArgLen:0, start time: 2026-07-14 18:18:28.059 +0800 CST, Err:<nil>, ErrCount:0, SnapshotVersion:0, Version: v2"]
[2026/07/14 18:18:28.106 +08:00] [WARN] [global_controller.go:850] ["[resource group controller] resource group name does not exist"] [name=default]
[2026/07/14 18:18:28.106 +08:00] [WARN] [global_controller.go:850] ["[resource group controller] resource group name does not exist"] [name=default]
[2026/07/14 18:18:28.106 +08:00] [WARN] [global_controller.go:850] ["[resource group controller] resource group name does not exist"] [name=default]
[2026/07/14 18:18:28.111 +08:00] [INFO] [loader.go:216] ["diff load InfoSchema success"] [mode=auto] [isV2=true] [currVer=35] [neededVer=36] [gotVer=36] ["elapsed time"=246.833µs] [phyTblIDs="[72]"] [actionTypes="[3]"] [diffTypes="[\"create table\"]"]
[2026/07/14 18:18:28.112 +08:00] [INFO] [syncer.go:258] ["session manager is nil"]
[2026/07/14 18:18:28.112 +08:00] [INFO] [syncer.go:281] ["mdl gets lock, update self version to owner"] [jobID=73] [version=36]
[2026/07/14 18:18:28.116 +08:00] [INFO] [schema_version.go:397] ["wait schema version synced success"] [category=ddl] [ver=36] [checkAssumedSvr=false] ["take time"=5.193041ms] [job="ID:73, Type:create table, State:done, SchemaState:public, SchemaID:1, TableID:72, RowCount:0, ArgLen:1, start time: 2026-07-14 18:18:28.059 +0800 CST, Err:<nil>, ErrCount:0, SnapshotVersion:0, Version: v2"] [summary="server count: 1"]
[2026/07/14 18:18:28.117 +08:00] [WARN] [global_controller.go:850] ["[resource group controller] resource group name does not exist"] [name=default]
[2026/07/14 18:18:28.117 +08:00] [WARN] [global_controller.go:850] ["[resource group controller] resource group name does not exist"] [name=default]
[2026/07/14 18:18:28.117 +08:00] [WARN] [global_controller.go:850] ["[resource group controller] resource group name does not exist"] [name=default]
[2026/07/14 18:18:28.117 +08:00] [WARN] [global_controller.go:850] ["[resource group controller] resource group name does not exist"] [name=default]
[2026/07/14 18:18:28.117 +08:00] [WARN] [global_controller.go:850] ["[resource group controller] resource group name does not exist"] [name=default]
[2026/07/14 18:18:28.117 +08:00] [INFO] [job_worker.go:447] ["finish DDL job"] [category=ddl] [jobID=73] [job="ID:73, Type:create table, State:synced, SchemaState:public, SchemaID:1, TableID:72, RowCount:0, ArgLen:0, start time: 2026-07-14 18:18:28.059 +0800 CST, Err:<nil>, ErrCount:0, SnapshotVersion:0, Version: v2"]
[2026/07/14 18:18:28.118 +08:00] [WARN] [global_controller.go:850] ["[resource group controller] resource group name does not exist"] [name=default]
[2026/07/14 18:18:28.119 +08:00] [WARN] [global_controller.go:850] ["[resource group controller] resource group name does not exist"] [name=default]
[2026/07/14 18:18:28.119 +08:00] [WARN] [global_controller.go:850] ["[resource group controller] resource group name does not exist"] [name=default]
[2026/07/14 18:18:28.119 +08:00] [INFO] [executor.go:7412] ["DDL job is finished"] [category=ddl] [jobID=73]
[2026/07/14 18:18:28.119 +08:00] [INFO] [session.go:5103] ["CRUCIAL OPERATION"] [conn=0] [schemaVersion=36] [cur_db=mysql] [sql="CREATE TABLE IF NOT EXISTS mysql.stats_table_locked (\n\t\ttable_id bigint(64) NOT NULL,\n\t\tmodify_count bigint(64) NOT NULL DEFAULT 0,\n\t\tcount bigint(64) NOT NULL DEFAULT 0,\n\t\tversion bigint(64) UNSIGNED NOT NULL DEFAULT 0,\n\t\tPRIMARY KEY (table_id) CLUSTERED);"] [user=]
[2026/07/14 18:18:28.119 +08:00] [INFO] [executor.go:7595] ["system variable tidb_scatter_region not found, use default value"] [category=ddl]
[2026/07/14 18:18:28.120 +08:00] [WARN] [global_controller.go:850] ["[resource group controller] resource group name does not exist"] [name=default]
[2026/07/14 18:18:28.121 +08:00] [WARN] [global_controller.go:850] ["[resource group controller] resource group name does not exist"] [name=default]
[2026/07/14 18:18:28.124 +08:00] [INFO] [job_submitter.go:118] ["add DDL jobs"] [category=ddl] ["batch count"=1] [jobs="ID:75, Type:create table, State:queueing, SchemaState:none, SchemaID:1, TableID:74, RowCount:0, ArgLen:1, start time: 2026-07-14 18:18:28.11 +0800 CST, Err:<nil>, ErrCount:0, SnapshotVersion:0, Version: v2; "] [fast_create=true]
[2026/07/14 18:18:28.124 +08:00] [INFO] [executor.go:7274] ["DDL job submitted"] [category=ddl] [job="ID:75, Type:create table, State:queueing, SchemaState:none, SchemaID:1, TableID:74, RowCount:0, ArgLen:1, start time: 2026-07-14 18:18:28.11 +0800 CST, Err:<nil>, ErrCount:0, SnapshotVersion:0, Version: v2"] [query="CREATE TABLE IF NOT EXISTS mysql.tidb_ttl_table_status (\n\t\ttable_id bigint(64) PRIMARY KEY,\n        parent_table_id bigint(64),\n        table_statistics text DEFAULT NULL,\n\t\tlast_job_id varchar(64) DEFAULT NULL,\n\t\tlast_job_start_time timestamp NULL DEFAULT NULL,\n\t\tlast_job_finish_time timestamp NULL DEFAULT NULL,\n\t\tlast_job_ttl_expire timestamp NULL DEFAULT NULL,\n        last_job_summary text DEFAULT NULL,\n\t\tcurrent_job_id varchar(64) DEFAULT NULL,\n\t\tcurrent_job_owner_id varchar(64) DEFAULT NULL,\n\t\tcurrent_job_owner_addr varchar(256) DEFAULT NULL,\n\t\tcurrent_job_owner_hb_time timestamp,\n\t\tcurrent_job_start_time timestamp NULL DEFAULT NULL,\n\t\tcurrent_job_ttl_expire timestamp NULL DEFAULT NULL,\n\t\tcurrent_job_state text DEFAULT NULL,\n\t\tcurrent_job_status varchar(64) DEFAULT NULL,\n  \t\tcurrent_job_status_update_time timestamp NULL DEFAULT NULL);"]
[2026/07/14 18:18:28.125 +08:00] [INFO] [lock_resolver.go:1631] ["txn lock cleanup resolve-lock rpc finished"] [action=commit] [txnStartTS=467671268225187855] [commitTS=467671268225187857] [regionID=8] [resolveLite=true] [resolvedByCheckTxnStatus=false]
[2026/07/14 18:18:28.125 +08:00] [WARN] [global_controller.go:850] ["[resource group controller] resource group name does not exist"] [name=default]
[2026/07/14 18:18:28.125 +08:00] [WARN] [global_controller.go:850] ["[resource group controller] resource group name does not exist"] [name=default]
[2026/07/14 18:18:28.125 +08:00] [WARN] [global_controller.go:850] ["[resource group controller] resource group name does not exist"] [name=default]
[2026/07/14 18:18:28.125 +08:00] [INFO] [job_worker.go:854] ["run one job step"] [category=ddl] [jobID=75] [job="ID:75, Type:create table, State:queueing, SchemaState:none, SchemaID:1, TableID:74, RowCount:0, ArgLen:0, start time: 2026-07-14 18:18:28.11 +0800 CST, Err:<nil>, ErrCount:0, SnapshotVersion:0, Version: v2"]
[2026/07/14 18:18:28.126 +08:00] [WARN] [global_controller.go:850] ["[resource group controller] resource group name does not exist"] [name=default]
[2026/07/14 18:18:28.126 +08:00] [WARN] [global_controller.go:850] ["[resource group controller] resource group name does not exist"] [name=default]
[2026/07/14 18:18:28.127 +08:00] [WARN] [global_controller.go:850] ["[resource group controller] resource group name does not exist"] [name=default]
[2026/07/14 18:18:28.133 +08:00] [INFO] [loader.go:216] ["diff load InfoSchema success"] [mode=auto] [isV2=true] [currVer=36] [neededVer=37] [gotVer=37] ["elapsed time"=320.584µs] [phyTblIDs="[74]"] [actionTypes="[3]"] [diffTypes="[\"create table\"]"]
[2026/07/14 18:18:28.133 +08:00] [INFO] [syncer.go:258] ["session manager is nil"]
[2026/07/14 18:18:28.133 +08:00] [INFO] [syncer.go:281] ["mdl gets lock, update self version to owner"] [jobID=75] [version=37]
[2026/07/14 18:18:28.137 +08:00] [INFO] [schema_version.go:397] ["wait schema version synced success"] [category=ddl] [ver=37] [checkAssumedSvr=false] ["take time"=4.884834ms] [job="ID:75, Type:create table, State:done, SchemaState:public, SchemaID:1, TableID:74, RowCount:0, ArgLen:1, start time: 2026-07-14 18:18:28.11 +0800 CST, Err:<nil>, ErrCount:0, SnapshotVersion:0, Version: v2"] [summary="server count: 1"]
[2026/07/14 18:18:28.137 +08:00] [WARN] [global_controller.go:850] ["[resource group controller] resource group name does not exist"] [name=default]
[2026/07/14 18:18:28.138 +08:00] [WARN] [global_controller.go:850] ["[resource group controller] resource group name does not exist"] [name=default]
[2026/07/14 18:18:28.138 +08:00] [WARN] [global_controller.go:850] ["[resource group controller] resource group name does not exist"] [name=default]
[2026/07/14 18:18:28.138 +08:00] [WARN] [global_controller.go:850] ["[resource group controller] resource group name does not exist"] [name=default]
[2026/07/14 18:18:28.138 +08:00] [WARN] [global_controller.go:850] ["[resource group controller] resource group name does not exist"] [name=default]
[2026/07/14 18:18:28.138 +08:00] [INFO] [job_worker.go:447] ["finish DDL job"] [category=ddl] [jobID=75] [job="ID:75, Type:create table, State:synced, SchemaState:public, SchemaID:1, TableID:74, RowCount:0, ArgLen:0, start time: 2026-07-14 18:18:28.11 +0800 CST, Err:<nil>, ErrCount:0, SnapshotVersion:0, Version: v2"]
[2026/07/14 18:18:28.139 +08:00] [WARN] [global_controller.go:850] ["[resource group controller] resource group name does not exist"] [name=default]
[2026/07/14 18:18:28.140 +08:00] [WARN] [global_controller.go:850] ["[resource group controller] resource group name does not exist"] [name=default]
[2026/07/14 18:18:28.140 +08:00] [WARN] [global_controller.go:850] ["[resource group controller] resource group name does not exist"] [name=default]
[2026/07/14 18:18:28.140 +08:00] [INFO] [executor.go:7412] ["DDL job is finished"] [category=ddl] [jobID=75]
[2026/07/14 18:18:28.140 +08:00] [INFO] [session.go:5103] ["CRUCIAL OPERATION"] [conn=0] [schemaVersion=37] [cur_db=mysql] [sql="CREATE TABLE IF NOT EXISTS mysql.tidb_ttl_table_status (\n\t\ttable_id bigint(64) PRIMARY KEY,\n        parent_table_id bigint(64),\n        table_statistics text DEFAULT NULL,\n\t\tlast_job_id varchar(64) DEFAULT NULL,\n\t\tlast_job_start_time timestamp NULL DEFAULT NULL,\n\t\tlast_job_finish_time timestamp NULL DEFAULT NULL,\n\t\tlast_job_ttl_expire timestamp NULL DEFAULT NULL,\n        last_job_summary text DEFAULT NULL,\n\t\tcurrent_job_id varchar(64) DEFAULT NULL,\n\t\tcurrent_job_owner_id varchar(64) DEFAULT NULL,\n\t\tcurrent_job_owner_addr varchar(256) DEFAULT NULL,\n\t\tcurrent_job_owner_hb_time timestamp,\n\t\tcurrent_job_start_time timestamp NULL DEFAULT NULL,\n\t\tcurrent_job_ttl_expire timestamp NULL DEFAULT NULL,\n\t\tcurrent_job_state text DEFAULT NULL,\n\t\tcurrent_job_status varchar(64) DEFAULT NULL,\n  \t\tcurrent_job_status_update_time timestamp NULL DEFAULT NULL);"] [user=]
[2026/07/14 18:18:28.141 +08:00] [INFO] [executor.go:7595] ["system variable tidb_scatter_region not found, use default value"] [category=ddl]
[2026/07/14 18:18:28.141 +08:00] [WARN] [global_controller.go:850] ["[resource group controller] resource group name does not exist"] [name=default]
[2026/07/14 18:18:28.142 +08:00] [WARN] [global_controller.go:850] ["[resource group controller] resource group name does not exist"] [name=default]
[2026/07/14 18:18:28.145 +08:00] [INFO] [job_submitter.go:118] ["add DDL jobs"] [category=ddl] ["batch count"=1] [jobs="ID:77, Type:create table, State:queueing, SchemaState:none, SchemaID:1, TableID:76, RowCount:0, ArgLen:1, start time: 2026-07-14 18:18:28.11 +0800 CST, Err:<nil>, ErrCount:0, SnapshotVersion:0, Version: v2; "] [fast_create=true]
[2026/07/14 18:18:28.145 +08:00] [INFO] [executor.go:7274] ["DDL job submitted"] [category=ddl] [job="ID:77, Type:create table, State:queueing, SchemaState:none, SchemaID:1, TableID:76, RowCount:0, ArgLen:1, start time: 2026-07-14 18:18:28.11 +0800 CST, Err:<nil>, ErrCount:0, SnapshotVersion:0, Version: v2"] [query="CREATE TABLE IF NOT EXISTS mysql.tidb_ttl_task (\n\t\tjob_id varchar(64) NOT NULL,\n\t\ttable_id bigint(64) NOT NULL,\n\t\tscan_id int NOT NULL,\n\t\tscan_range_start BLOB,\n\t\tscan_range_end BLOB,\n\t\texpire_time timestamp NOT NULL,\n\t\towner_id varchar(64) DEFAULT NULL,\n\t\towner_addr varchar(64) DEFAULT NULL,\n\t\towner_hb_time timestamp DEFAULT NULL,\n\t\tstatus varchar(64) DEFAULT 'waiting',\n\t\tstatus_update_time timestamp NULL DEFAULT NULL,\n\t\tstate text,\n\t\tcreated_time timestamp NOT NULL,\n\t\tprimary key(job_id, scan_id),\n\t\tkey(created_time));"]
[2026/07/14 18:18:28.146 +08:00] [INFO] [lock_resolver.go:1631] ["txn lock cleanup resolve-lock rpc finished"] [action=commit] [txnStartTS=467671268225187878] [commitTS=467671268225187880] [regionID=8] [resolveLite=true] [resolvedByCheckTxnStatus=false]
[2026/07/14 18:18:28.146 +08:00] [WARN] [global_controller.go:850] ["[resource group controller] resource group name does not exist"] [name=default]
[2026/07/14 18:18:28.146 +08:00] [WARN] [global_controller.go:850] ["[resource group controller] resource group name does not exist"] [name=default]
[2026/07/14 18:18:28.146 +08:00] [WARN] [global_controller.go:850] ["[resource group controller] resource group name does not exist"] [name=default]
[2026/07/14 18:18:28.146 +08:00] [INFO] [job_worker.go:854] ["run one job step"] [category=ddl] [jobID=77] [job="ID:77, Type:create table, State:queueing, SchemaState:none, SchemaID:1, TableID:76, RowCount:0, ArgLen:0, start time: 2026-07-14 18:18:28.11 +0800 CST, Err:<nil>, ErrCount:0, SnapshotVersion:0, Version: v2"]
[2026/07/14 18:18:28.152 +08:00] [WARN] [global_controller.go:850] ["[resource group controller] resource group name does not exist"] [name=default]
[2026/07/14 18:18:28.154 +08:00] [WARN] [global_controller.go:850] ["[resource group controller] resource group name does not exist"] [name=default]
[2026/07/14 18:18:28.154 +08:00] [WARN] [global_controller.go:850] ["[resource group controller] resource group name does not exist"] [name=default]
[2026/07/14 18:18:28.155 +08:00] [WARN] [global_controller.go:850] ["[resource group controller] resource group name does not exist"] [name=default]
[2026/07/14 18:18:28.160 +08:00] [INFO] [loader.go:216] ["diff load InfoSchema success"] [mode=auto] [isV2=true] [currVer=37] [neededVer=38] [gotVer=38] ["elapsed time"=332.042µs] [phyTblIDs="[76]"] [actionTypes="[3]"] [diffTypes="[\"create table\"]"]
[2026/07/14 18:18:28.161 +08:00] [INFO] [syncer.go:258] ["session manager is nil"]
[2026/07/14 18:18:28.161 +08:00] [INFO] [syncer.go:281] ["mdl gets lock, update self version to owner"] [jobID=77] [version=38]
[2026/07/14 18:18:28.165 +08:00] [INFO] [schema_version.go:397] ["wait schema version synced success"] [category=ddl] [ver=38] [checkAssumedSvr=false] ["take time"=5.557ms] [job="ID:77, Type:create table, State:done, SchemaState:public, SchemaID:1, TableID:76, RowCount:0, ArgLen:1, start time: 2026-07-14 18:18:28.11 +0800 CST, Err:<nil>, ErrCount:0, SnapshotVersion:0, Version: v2"] [summary="server count: 1"]
[2026/07/14 18:18:28.166 +08:00] [WARN] [global_controller.go:850] ["[resource group controller] resource group name does not exist"] [name=default]
[2026/07/14 18:18:28.166 +08:00] [WARN] [global_controller.go:850] ["[resource group controller] resource group name does not exist"] [name=default]
[2026/07/14 18:18:28.167 +08:00] [WARN] [global_controller.go:850] ["[resource group controller] resource group name does not exist"] [name=default]
[2026/07/14 18:18:28.167 +08:00] [WARN] [global_controller.go:850] ["[resource group controller] resource group name does not exist"] [name=default]
[2026/07/14 18:18:28.167 +08:00] [WARN] [global_controller.go:850] ["[resource group controller] resource group name does not exist"] [name=default]
[2026/07/14 18:18:28.167 +08:00] [INFO] [job_worker.go:447] ["finish DDL job"] [category=ddl] [jobID=77] [job="ID:77, Type:create table, State:synced, SchemaState:public, SchemaID:1, TableID:76, RowCount:0, ArgLen:0, start time: 2026-07-14 18:18:28.11 +0800 CST, Err:<nil>, ErrCount:0, SnapshotVersion:0, Version: v2"]
[2026/07/14 18:18:28.167 +08:00] [WARN] [global_controller.go:850] ["[resource group controller] resource group name does not exist"] [name=default]
[2026/07/14 18:18:28.168 +08:00] [WARN] [global_controller.go:850] ["[resource group controller] resource group name does not exist"] [name=default]
[2026/07/14 18:18:28.169 +08:00] [WARN] [global_controller.go:850] ["[resource group controller] resource group name does not exist"] [name=default]
[2026/07/14 18:18:28.169 +08:00] [INFO] [executor.go:7412] ["DDL job is finished"] [category=ddl] [jobID=77]
[2026/07/14 18:18:28.169 +08:00] [INFO] [session.go:5103] ["CRUCIAL OPERATION"] [conn=0] [schemaVersion=38] [cur_db=mysql] [sql="CREATE TABLE IF NOT EXISTS mysql.tidb_ttl_task (\n\t\tjob_id varchar(64) NOT NULL,\n\t\ttable_id bigint(64) NOT NULL,\n\t\tscan_id int NOT NULL,\n\t\tscan_range_start BLOB,\n\t\tscan_range_end BLOB,\n\t\texpire_time timestamp NOT NULL,\n\t\towner_id varchar(64) DEFAULT NULL,\n\t\towner_addr varchar(64) DEFAULT NULL,\n\t\towner_hb_time timestamp DEFAULT NULL,\n\t\tstatus varchar(64) DEFAULT 'waiting',\n\t\tstatus_update_time timestamp NULL DEFAULT NULL,\n\t\tstate text,\n\t\tcreated_time timestamp NOT NULL,\n\t\tprimary key(job_id, scan_id),\n\t\tkey(created_time));"] [user=]
[2026/07/14 18:18:28.169 +08:00] [INFO] [executor.go:7595] ["system variable tidb_scatter_region not found, use default value"] [category=ddl]
[2026/07/14 18:18:28.169 +08:00] [WARN] [global_controller.go:850] ["[resource group controller] resource group name does not exist"] [name=default]
[2026/07/14 18:18:28.170 +08:00] [WARN] [global_controller.go:850] ["[resource group controller] resource group name does not exist"] [name=default]
[2026/07/14 18:18:28.173 +08:00] [INFO] [job_submitter.go:118] ["add DDL jobs"] [category=ddl] ["batch count"=1] [jobs="ID:79, Type:create table, State:queueing, SchemaState:none, SchemaID:1, TableID:78, RowCount:0, ArgLen:1, start time: 2026-07-14 18:18:28.159 +0800 CST, Err:<nil>, ErrCount:0, SnapshotVersion:0, Version: v2; "] [fast_create=true]
[2026/07/14 18:18:28.173 +08:00] [INFO] [executor.go:7274] ["DDL job submitted"] [category=ddl] [job="ID:79, Type:create table, State:queueing, SchemaState:none, SchemaID:1, TableID:78, RowCount:0, ArgLen:1, start time: 2026-07-14 18:18:28.159 +0800 CST, Err:<nil>, ErrCount:0, SnapshotVersion:0, Version: v2"] [query="CREATE TABLE IF NOT EXISTS mysql.tidb_ttl_job_history (\n\t\tjob_id varchar(64) PRIMARY KEY,\n\t\ttable_id bigint(64) NOT NULL,\n        parent_table_id bigint(64) NOT NULL,\n    \ttable_schema varchar(64) NOT NULL,\n\t\ttable_name varchar(64) NOT NULL,\n    \tpartition_name varchar(64) DEFAULT NULL,\n\t\tcreate_time timestamp NOT NULL,\n\t\tfinish_time timestamp NOT NULL,\n\t\tttl_expire timestamp NOT NULL,\n        summary_text text,\n\t\texpired_rows bigint(64) DEFAULT NULL,\n    \tdeleted_rows bigint(64) DEFAULT NULL,\n    \terror_delete_rows bigint(64) DEFAULT NULL,\n    \tstatus varchar(64) NOT NULL,\n    \tkey(table_schema, table_name, create_time),\n    \tkey(parent_table_id, create_time),\n    \tkey(create_time)\n\t);"]
[2026/07/14 18:18:28.174 +08:00] [INFO] [lock_resolver.go:1631] ["txn lock cleanup resolve-lock rpc finished"] [action=commit] [txnStartTS=467671268238032911] [commitTS=467671268238032913] [regionID=8] [resolveLite=true] [resolvedByCheckTxnStatus=false]
[2026/07/14 18:18:28.174 +08:00] [WARN] [global_controller.go:850] ["[resource group controller] resource group name does not exist"] [name=default]
[2026/07/14 18:18:28.174 +08:00] [WARN] [global_controller.go:850] ["[resource group controller] resource group name does not exist"] [name=default]
[2026/07/14 18:18:28.174 +08:00] [WARN] [global_controller.go:850] ["[resource group controller] resource group name does not exist"] [name=default]
[2026/07/14 18:18:28.174 +08:00] [INFO] [job_worker.go:854] ["run one job step"] [category=ddl] [jobID=79] [job="ID:79, Type:create table, State:queueing, SchemaState:none, SchemaID:1, TableID:78, RowCount:0, ArgLen:0, start time: 2026-07-14 18:18:28.159 +0800 CST, Err:<nil>, ErrCount:0, SnapshotVersion:0, Version: v2"]
[2026/07/14 18:18:28.175 +08:00] [WARN] [global_controller.go:850] ["[resource group controller] resource group name does not exist"] [name=default]
[2026/07/14 18:18:28.176 +08:00] [WARN] [global_controller.go:850] ["[resource group controller] resource group name does not exist"] [name=default]
[2026/07/14 18:18:28.176 +08:00] [WARN] [global_controller.go:850] ["[resource group controller] resource group name does not exist"] [name=default]
[2026/07/14 18:18:28.182 +08:00] [INFO] [loader.go:216] ["diff load InfoSchema success"] [mode=auto] [isV2=true] [currVer=38] [neededVer=39] [gotVer=39] ["elapsed time"=356.958µs] [phyTblIDs="[78]"] [actionTypes="[3]"] [diffTypes="[\"create table\"]"]
[2026/07/14 18:18:28.182 +08:00] [INFO] [syncer.go:258] ["session manager is nil"]
[2026/07/14 18:18:28.182 +08:00] [INFO] [syncer.go:281] ["mdl gets lock, update self version to owner"] [jobID=79] [version=39]
[2026/07/14 18:18:28.187 +08:00] [INFO] [schema_version.go:397] ["wait schema version synced success"] [category=ddl] [ver=39] [checkAssumedSvr=false] ["take time"=5.762833ms] [job="ID:79, Type:create table, State:done, SchemaState:public, SchemaID:1, TableID:78, RowCount:0, ArgLen:1, start time: 2026-07-14 18:18:28.159 +0800 CST, Err:<nil>, ErrCount:0, SnapshotVersion:0, Version: v2"] [summary="server count: 1"]
[2026/07/14 18:18:28.187 +08:00] [WARN] [global_controller.go:850] ["[resource group controller] resource group name does not exist"] [name=default]
[2026/07/14 18:18:28.188 +08:00] [WARN] [global_controller.go:850] ["[resource group controller] resource group name does not exist"] [name=default]
[2026/07/14 18:18:28.188 +08:00] [WARN] [global_controller.go:850] ["[resource group controller] resource group name does not exist"] [name=default]
[2026/07/14 18:18:28.188 +08:00] [WARN] [global_controller.go:850] ["[resource group controller] resource group name does not exist"] [name=default]
[2026/07/14 18:18:28.188 +08:00] [WARN] [global_controller.go:850] ["[resource group controller] resource group name does not exist"] [name=default]
[2026/07/14 18:18:28.188 +08:00] [INFO] [job_worker.go:447] ["finish DDL job"] [category=ddl] [jobID=79] [job="ID:79, Type:create table, State:synced, SchemaState:public, SchemaID:1, TableID:78, RowCount:0, ArgLen:0, start time: 2026-07-14 18:18:28.159 +0800 CST, Err:<nil>, ErrCount:0, SnapshotVersion:0, Version: v2"]
[2026/07/14 18:18:28.189 +08:00] [WARN] [global_controller.go:850] ["[resource group controller] resource group name does not exist"] [name=default]
[2026/07/14 18:18:28.191 +08:00] [WARN] [global_controller.go:850] ["[resource group controller] resource group name does not exist"] [name=default]
[2026/07/14 18:18:28.191 +08:00] [WARN] [global_controller.go:850] ["[resource group controller] resource group name does not exist"] [name=default]
[2026/07/14 18:18:28.191 +08:00] [INFO] [executor.go:7412] ["DDL job is finished"] [category=ddl] [jobID=79]
[2026/07/14 18:18:28.191 +08:00] [INFO] [session.go:5103] ["CRUCIAL OPERATION"] [conn=0] [schemaVersion=39] [cur_db=mysql] [sql="CREATE TABLE IF NOT EXISTS mysql.tidb_ttl_job_history (\n\t\tjob_id varchar(64) PRIMARY KEY,\n\t\ttable_id bigint(64) NOT NULL,\n        parent_table_id bigint(64) NOT NULL,\n    \ttable_schema varchar(64) NOT NULL,\n\t\ttable_name varchar(64) NOT NULL,\n    \tpartition_name varchar(64) DEFAULT NULL,\n\t\tcreate_time timestamp NOT NULL,\n\t\tfinish_time timestamp NOT NULL,\n\t\tttl_expire timestamp NOT NULL,\n        summary_text text,\n\t\texpired_rows bigint(64) DEFAULT NULL,\n    \tdeleted_rows bigint(64) DEFAULT NULL,\n    \terror_delete_rows bigint(64) DEFAULT NULL,\n    \tstatus varchar(64) NOT NULL,\n    \tkey(table_schema, table_name, create_time),\n    \tkey(parent_table_id, create_time),\n    \tkey(create_time)\n\t);"] [user=]
[2026/07/14 18:18:28.191 +08:00] [INFO] [executor.go:7595] ["system variable tidb_scatter_region not found, use default value"] [category=ddl]
[2026/07/14 18:18:28.192 +08:00] [WARN] [global_controller.go:850] ["[resource group controller] resource group name does not exist"] [name=default]
[2026/07/14 18:18:28.193 +08:00] [WARN] [global_controller.go:850] ["[resource group controller] resource group name does not exist"] [name=default]
[2026/07/14 18:18:28.196 +08:00] [INFO] [job_submitter.go:118] ["add DDL jobs"] [category=ddl] ["batch count"=1] [jobs="ID:81, Type:create table, State:queueing, SchemaState:none, SchemaID:1, TableID:80, RowCount:0, ArgLen:1, start time: 2026-07-14 18:18:28.159 +0800 CST, Err:<nil>, ErrCount:0, SnapshotVersion:0, Version: v2; "] [fast_create=true]
[2026/07/14 18:18:28.196 +08:00] [INFO] [executor.go:7274] ["DDL job submitted"] [category=ddl] [job="ID:81, Type:create table, State:queueing, SchemaState:none, SchemaID:1, TableID:80, RowCount:0, ArgLen:1, start time: 2026-07-14 18:18:28.159 +0800 CST, Err:<nil>, ErrCount:0, SnapshotVersion:0, Version: v2"] [query="CREATE TABLE IF NOT EXISTS mysql.tidb_global_task (\n\t\tid BIGINT(20) NOT NULL AUTO_INCREMENT PRIMARY KEY,\n    \ttask_key VARCHAR(256) NOT NULL,\n\t\ttype VARCHAR(256) NOT NULL,\n\t\tdispatcher_id VARCHAR(261),\n\t\tstate VARCHAR(64) NOT NULL,\n\t\tpriority INT DEFAULT 1,\n\t\tcreate_time TIMESTAMP,\n\t\tstart_time TIMESTAMP,\n\t\tstate_update_time TIMESTAMP,\n\t\tend_time TIMESTAMP,\n\t\tmeta LONGBLOB,\n\t\tconcurrency INT(11),\n\t\tstep INT(11),\n\t\ttarget_scope VARCHAR(256) DEFAULT \"\",\n\t\terror BLOB,\n\t\tmodify_params json,\n\t\tmax_node_count INT DEFAULT 0,\n\t\textra_params json,\n\t\tkeyspace varchar(64) default '',\n\t\tkey(state),\n\t\tkey idx_keyspace(keyspace),\n\t\tUNIQUE KEY task_key(task_key)\n\t);"]
[2026/07/14 18:18:28.196 +08:00] [WARN] [global_controller.go:850] ["[resource group controller] resource group name does not exist"] [name=default]
[2026/07/14 18:18:28.196 +08:00] [WARN] [global_controller.go:850] ["[resource group controller] resource group name does not exist"] [name=default]
[2026/07/14 18:18:28.196 +08:00] [WARN] [global_controller.go:850] ["[resource group controller] resource group name does not exist"] [name=default]
[2026/07/14 18:18:28.196 +08:00] [INFO] [job_worker.go:854] ["run one job step"] [category=ddl] [jobID=81] [job="ID:81, Type:create table, State:queueing, SchemaState:none, SchemaID:1, TableID:80, RowCount:0, ArgLen:0, start time: 2026-07-14 18:18:28.159 +0800 CST, Err:<nil>, ErrCount:0, SnapshotVersion:0, Version: v2"]
[2026/07/14 18:18:28.198 +08:00] [WARN] [global_controller.go:850] ["[resource group controller] resource group name does not exist"] [name=default]
[2026/07/14 18:18:28.198 +08:00] [WARN] [global_controller.go:850] ["[resource group controller] resource group name does not exist"] [name=default]
[2026/07/14 18:18:28.198 +08:00] [WARN] [global_controller.go:850] ["[resource group controller] resource group name does not exist"] [name=default]
[2026/07/14 18:18:28.202 +08:00] [WARN] [global_controller.go:850] ["[resource group controller] resource group name does not exist"] [name=default]
[2026/07/14 18:18:28.203 +08:00] [INFO] [loader.go:216] ["diff load InfoSchema success"] [mode=auto] [isV2=true] [currVer=39] [neededVer=40] [gotVer=40] ["elapsed time"=339.542µs] [phyTblIDs="[80]"] [actionTypes="[3]"] [diffTypes="[\"create table\"]"]
[2026/07/14 18:18:28.204 +08:00] [INFO] [syncer.go:258] ["session manager is nil"]
[2026/07/14 18:18:28.204 +08:00] [INFO] [syncer.go:281] ["mdl gets lock, update self version to owner"] [jobID=81] [version=40]
[2026/07/14 18:18:28.208 +08:00] [INFO] [schema_version.go:397] ["wait schema version synced success"] [category=ddl] [ver=40] [checkAssumedSvr=false] ["take time"=5.158958ms] [job="ID:81, Type:create table, State:done, SchemaState:public, SchemaID:1, TableID:80, RowCount:0, ArgLen:1, start time: 2026-07-14 18:18:28.159 +0800 CST, Err:<nil>, ErrCount:0, SnapshotVersion:0, Version: v2"] [summary="server count: 1"]
[2026/07/14 18:18:28.209 +08:00] [WARN] [global_controller.go:850] ["[resource group controller] resource group name does not exist"] [name=default]
[2026/07/14 18:18:28.209 +08:00] [WARN] [global_controller.go:850] ["[resource group controller] resource group name does not exist"] [name=default]
[2026/07/14 18:18:28.209 +08:00] [WARN] [global_controller.go:850] ["[resource group controller] resource group name does not exist"] [name=default]
[2026/07/14 18:18:28.209 +08:00] [WARN] [global_controller.go:850] ["[resource group controller] resource group name does not exist"] [name=default]
[2026/07/14 18:18:28.210 +08:00] [WARN] [global_controller.go:850] ["[resource group controller] resource group name does not exist"] [name=default]
[2026/07/14 18:18:28.210 +08:00] [INFO] [job_worker.go:447] ["finish DDL job"] [category=ddl] [jobID=81] [job="ID:81, Type:create table, State:synced, SchemaState:public, SchemaID:1, TableID:80, RowCount:0, ArgLen:0, start time: 2026-07-14 18:18:28.159 +0800 CST, Err:<nil>, ErrCount:0, SnapshotVersion:0, Version: v2"]
[2026/07/14 18:18:28.210 +08:00] [WARN] [global_controller.go:850] ["[resource group controller] resource group name does not exist"] [name=default]
[2026/07/14 18:18:28.211 +08:00] [WARN] [global_controller.go:850] ["[resource group controller] resource group name does not exist"] [name=default]
[2026/07/14 18:18:28.212 +08:00] [WARN] [global_controller.go:850] ["[resource group controller] resource group name does not exist"] [name=default]
[2026/07/14 18:18:28.212 +08:00] [INFO] [executor.go:7412] ["DDL job is finished"] [category=ddl] [jobID=81]
[2026/07/14 18:18:28.212 +08:00] [INFO] [session.go:5103] ["CRUCIAL OPERATION"] [conn=0] [schemaVersion=40] [cur_db=mysql] [sql="CREATE TABLE IF NOT EXISTS mysql.tidb_global_task (\n\t\tid BIGINT(20) NOT NULL AUTO_INCREMENT PRIMARY KEY,\n    \ttask_key VARCHAR(256) NOT NULL,\n\t\ttype VARCHAR(256) NOT NULL,\n\t\tdispatcher_id VARCHAR(261),\n\t\tstate VARCHAR(64) NOT NULL,\n\t\tpriority INT DEFAULT 1,\n\t\tcreate_time TIMESTAMP,\n\t\tstart_time TIMESTAMP,\n\t\tstate_update_time TIMESTAMP,\n\t\tend_time TIMESTAMP,\n\t\tmeta LONGBLOB,\n\t\tconcurrency INT(11),\n\t\tstep INT(11),\n\t\ttarget_scope VARCHAR(256) DEFAULT \"\",\n\t\terror BLOB,\n\t\tmodify_params json,\n\t\tmax_node_count INT DEFAULT 0,\n\t\textra_params json,\n\t\tkeyspace varchar(64) default '',\n\t\tkey(state),\n\t\tkey idx_keyspace(keyspace),\n\t\tUNIQUE KEY task_key(task_key)\n\t);"] [user=]
[2026/07/14 18:18:28.212 +08:00] [INFO] [executor.go:7595] ["system variable tidb_scatter_region not found, use default value"] [category=ddl]
[2026/07/14 18:18:28.212 +08:00] [WARN] [global_controller.go:850] ["[resource group controller] resource group name does not exist"] [name=default]
[2026/07/14 18:18:28.213 +08:00] [WARN] [global_controller.go:850] ["[resource group controller] resource group name does not exist"] [name=default]
[2026/07/14 18:18:28.216 +08:00] [INFO] [job_submitter.go:118] ["add DDL jobs"] [category=ddl] ["batch count"=1] [jobs="ID:83, Type:create table, State:queueing, SchemaState:none, SchemaID:1, TableID:82, RowCount:0, ArgLen:1, start time: 2026-07-14 18:18:28.209 +0800 CST, Err:<nil>, ErrCount:0, SnapshotVersion:0, Version: v2; "] [fast_create=true]
[2026/07/14 18:18:28.216 +08:00] [INFO] [executor.go:7274] ["DDL job submitted"] [category=ddl] [job="ID:83, Type:create table, State:queueing, SchemaState:none, SchemaID:1, TableID:82, RowCount:0, ArgLen:1, start time: 2026-07-14 18:18:28.209 +0800 CST, Err:<nil>, ErrCount:0, SnapshotVersion:0, Version: v2"] [query="CREATE TABLE IF NOT EXISTS mysql.tidb_global_task_history (\n\t\tid BIGINT(20) NOT NULL AUTO_INCREMENT PRIMARY KEY,\n    \ttask_key VARCHAR(256) NOT NULL,\n\t\ttype VARCHAR(256) NOT NULL,\n\t\tdispatcher_id VARCHAR(261),\n\t\tstate VARCHAR(64) NOT NULL,\n\t\tpriority INT DEFAULT 1,\n\t\tcreate_time TIMESTAMP,\n\t\tstart_time TIMESTAMP,\n\t\tstate_update_time TIMESTAMP,\n\t\tend_time TIMESTAMP,\n\t\tmeta LONGBLOB,\n\t\tconcurrency INT(11),\n\t\tstep INT(11),\n\t\ttarget_scope VARCHAR(256) DEFAULT \"\",\n\t\terror BLOB,\n\t\tmodify_params json,\n\t\tmax_node_count INT DEFAULT 0,\n\t\textra_params json,\n\t\tkeyspace varchar(64) default '',\n\t\tkey(state),\n\t\tkey idx_keyspace(keyspace),\n\t\tUNIQUE KEY task_key(task_key)\n\t);"]
[2026/07/14 18:18:28.217 +08:00] [WARN] [global_controller.go:850] ["[resource group controller] resource group name does not exist"] [name=default]
[2026/07/14 18:18:28.217 +08:00] [INFO] [lock_resolver.go:1631] ["txn lock cleanup resolve-lock rpc finished"] [action=commit] [txnStartTS=467671268251140105] [commitTS=467671268251140107] [regionID=8] [resolveLite=true] [resolvedByCheckTxnStatus=false]
[2026/07/14 18:18:28.217 +08:00] [WARN] [global_controller.go:850] ["[resource group controller] resource group name does not exist"] [name=default]
[2026/07/14 18:18:28.217 +08:00] [WARN] [global_controller.go:850] ["[resource group controller] resource group name does not exist"] [name=default]
[2026/07/14 18:18:28.217 +08:00] [INFO] [job_worker.go:854] ["run one job step"] [category=ddl] [jobID=83] [job="ID:83, Type:create table, State:queueing, SchemaState:none, SchemaID:1, TableID:82, RowCount:0, ArgLen:0, start time: 2026-07-14 18:18:28.209 +0800 CST, Err:<nil>, ErrCount:0, SnapshotVersion:0, Version: v2"]
[2026/07/14 18:18:28.218 +08:00] [WARN] [global_controller.go:850] ["[resource group controller] resource group name does not exist"] [name=default]
[2026/07/14 18:18:28.218 +08:00] [WARN] [global_controller.go:850] ["[resource group controller] resource group name does not exist"] [name=default]
[2026/07/14 18:18:28.219 +08:00] [WARN] [global_controller.go:850] ["[resource group controller] resource group name does not exist"] [name=default]
[2026/07/14 18:18:28.225 +08:00] [INFO] [loader.go:216] ["diff load InfoSchema success"] [mode=auto] [isV2=true] [currVer=40] [neededVer=41] [gotVer=41] ["elapsed time"=420.042µs] [phyTblIDs="[82]"] [actionTypes="[3]"] [diffTypes="[\"create table\"]"]
[2026/07/14 18:18:28.226 +08:00] [INFO] [syncer.go:258] ["session manager is nil"]
[2026/07/14 18:18:28.226 +08:00] [INFO] [syncer.go:281] ["mdl gets lock, update self version to owner"] [jobID=83] [version=41]
[2026/07/14 18:18:28.231 +08:00] [INFO] [schema_version.go:397] ["wait schema version synced success"] [category=ddl] [ver=41] [checkAssumedSvr=false] ["take time"=6.675666ms] [job="ID:83, Type:create table, State:done, SchemaState:public, SchemaID:1, TableID:82, RowCount:0, ArgLen:1, start time: 2026-07-14 18:18:28.209 +0800 CST, Err:<nil>, ErrCount:0, SnapshotVersion:0, Version: v2"] [summary="server count: 1"]
[2026/07/14 18:18:28.232 +08:00] [WARN] [global_controller.go:850] ["[resource group controller] resource group name does not exist"] [name=default]
[2026/07/14 18:18:28.232 +08:00] [WARN] [global_controller.go:850] ["[resource group controller] resource group name does not exist"] [name=default]
[2026/07/14 18:18:28.232 +08:00] [WARN] [global_controller.go:850] ["[resource group controller] resource group name does not exist"] [name=default]
[2026/07/14 18:18:28.233 +08:00] [WARN] [global_controller.go:850] ["[resource group controller] resource group name does not exist"] [name=default]
[2026/07/14 18:18:28.233 +08:00] [WARN] [global_controller.go:850] ["[resource group controller] resource group name does not exist"] [name=default]
[2026/07/14 18:18:28.233 +08:00] [INFO] [job_worker.go:447] ["finish DDL job"] [category=ddl] [jobID=83] [job="ID:83, Type:create table, State:synced, SchemaState:public, SchemaID:1, TableID:82, RowCount:0, ArgLen:0, start time: 2026-07-14 18:18:28.209 +0800 CST, Err:<nil>, ErrCount:0, SnapshotVersion:0, Version: v2"]
[2026/07/14 18:18:28.233 +08:00] [WARN] [global_controller.go:850] ["[resource group controller] resource group name does not exist"] [name=default]
[2026/07/14 18:18:28.234 +08:00] [WARN] [global_controller.go:850] ["[resource group controller] resource group name does not exist"] [name=default]
[2026/07/14 18:18:28.235 +08:00] [WARN] [global_controller.go:850] ["[resource group controller] resource group name does not exist"] [name=default]
[2026/07/14 18:18:28.235 +08:00] [INFO] [executor.go:7412] ["DDL job is finished"] [category=ddl] [jobID=83]
[2026/07/14 18:18:28.235 +08:00] [INFO] [session.go:5103] ["CRUCIAL OPERATION"] [conn=0] [schemaVersion=41] [cur_db=mysql] [sql="CREATE TABLE IF NOT EXISTS mysql.tidb_global_task_history (\n\t\tid BIGINT(20) NOT NULL AUTO_INCREMENT PRIMARY KEY,\n    \ttask_key VARCHAR(256) NOT NULL,\n\t\ttype VARCHAR(256) NOT NULL,\n\t\tdispatcher_id VARCHAR(261),\n\t\tstate VARCHAR(64) NOT NULL,\n\t\tpriority INT DEFAULT 1,\n\t\tcreate_time TIMESTAMP,\n\t\tstart_time TIMESTAMP,\n\t\tstate_update_time TIMESTAMP,\n\t\tend_time TIMESTAMP,\n\t\tmeta LONGBLOB,\n\t\tconcurrency INT(11),\n\t\tstep INT(11),\n\t\ttarget_scope VARCHAR(256) DEFAULT \"\",\n\t\terror BLOB,\n\t\tmodify_params json,\n\t\tmax_node_count INT DEFAULT 0,\n\t\textra_params json,\n\t\tkeyspace varchar(64) default '',\n\t\tkey(state),\n\t\tkey idx_keyspace(keyspace),\n\t\tUNIQUE KEY task_key(task_key)\n\t);"] [user=]
[2026/07/14 18:18:28.235 +08:00] [INFO] [executor.go:7595] ["system variable tidb_scatter_region not found, use default value"] [category=ddl]
[2026/07/14 18:18:28.235 +08:00] [WARN] [global_controller.go:850] ["[resource group controller] resource group name does not exist"] [name=default]
[2026/07/14 18:18:28.236 +08:00] [WARN] [global_controller.go:850] ["[resource group controller] resource group name does not exist"] [name=default]
[2026/07/14 18:18:28.243 +08:00] [INFO] [job_submitter.go:118] ["add DDL jobs"] [category=ddl] ["batch count"=1] [jobs="ID:85, Type:create table, State:queueing, SchemaState:none, SchemaID:1, TableID:84, RowCount:0, ArgLen:1, start time: 2026-07-14 18:18:28.209 +0800 CST, Err:<nil>, ErrCount:0, SnapshotVersion:0, Version: v2; "] [fast_create=true]
[2026/07/14 18:18:28.243 +08:00] [INFO] [executor.go:7274] ["DDL job submitted"] [category=ddl] [job="ID:85, Type:create table, State:queueing, SchemaState:none, SchemaID:1, TableID:84, RowCount:0, ArgLen:1, start time: 2026-07-14 18:18:28.209 +0800 CST, Err:<nil>, ErrCount:0, SnapshotVersion:0, Version: v2"] [query="CREATE TABLE IF NOT EXISTS mysql.tidb_import_jobs (\n\t\tid bigint(64) NOT NULL AUTO_INCREMENT,\n\t\tcreate_time TIMESTAMP(6) NOT NULL DEFAULT CURRENT_TIMESTAMP(6),\n\t\tstart_time TIMESTAMP(6) NULL DEFAULT NULL,\n\t\tupdate_time TIMESTAMP(6) NULL DEFAULT NULL,\n\t\tend_time TIMESTAMP(6) NULL DEFAULT NULL,\n\t\ttable_schema VARCHAR(64) NOT NULL,\n\t\ttable_name VARCHAR(64) NOT NULL,\n\t\ttable_id bigint(64) NOT NULL,\n\t\tcreated_by VARCHAR(300) NOT NULL,\n\t\tgroup_key VARCHAR(256) NOT NULL DEFAULT \"\",\n\t\tparameters text NOT NULL,\n\t\tsource_file_size bigint(64) NOT NULL,\n\t\tstatus VARCHAR(64) NOT NULL,\n\t\tstep VARCHAR(64) NOT NULL,\n\t\tsummary text DEFAULT NULL,\n\t\terror_message TEXT DEFAULT NULL,\n\t\tPRIMARY KEY (id),\n\t\tKEY (created_by),\n\t\tKEY idx_group_key(group_key),\n\t\tKEY (status));"]
[2026/07/14 18:18:28.243 +08:00] [INFO] [lock_resolver.go:1631] ["txn lock cleanup resolve-lock rpc finished"] [action=commit] [txnStartTS=467671268251140128] [commitTS=467671268251140133] [regionID=8] [resolveLite=true] [resolvedByCheckTxnStatus=false]
[2026/07/14 18:18:28.243 +08:00] [WARN] [global_controller.go:850] ["[resource group controller] resource group name does not exist"] [name=default]
[2026/07/14 18:18:28.244 +08:00] [WARN] [global_controller.go:850] ["[resource group controller] resource group name does not exist"] [name=default]
[2026/07/14 18:18:28.244 +08:00] [WARN] [global_controller.go:850] ["[resource group controller] resource group name does not exist"] [name=default]
[2026/07/14 18:18:28.244 +08:00] [INFO] [job_worker.go:854] ["run one job step"] [category=ddl] [jobID=85] [job="ID:85, Type:create table, State:queueing, SchemaState:none, SchemaID:1, TableID:84, RowCount:0, ArgLen:0, start time: 2026-07-14 18:18:28.209 +0800 CST, Err:<nil>, ErrCount:0, SnapshotVersion:0, Version: v2"]
[2026/07/14 18:18:28.245 +08:00] [WARN] [global_controller.go:850] ["[resource group controller] resource group name does not exist"] [name=default]
[2026/07/14 18:18:28.245 +08:00] [WARN] [global_controller.go:850] ["[resource group controller] resource group name does not exist"] [name=default]
[2026/07/14 18:18:28.246 +08:00] [WARN] [global_controller.go:850] ["[resource group controller] resource group name does not exist"] [name=default]
[2026/07/14 18:18:28.252 +08:00] [INFO] [loader.go:216] ["diff load InfoSchema success"] [mode=auto] [isV2=true] [currVer=41] [neededVer=42] [gotVer=42] ["elapsed time"=358.25µs] [phyTblIDs="[84]"] [actionTypes="[3]"] [diffTypes="[\"create table\"]"]
[2026/07/14 18:18:28.252 +08:00] [WARN] [global_controller.go:850] ["[resource group controller] resource group name does not exist"] [name=default]
[2026/07/14 18:18:28.252 +08:00] [INFO] [syncer.go:258] ["session manager is nil"]
[2026/07/14 18:18:28.252 +08:00] [INFO] [syncer.go:281] ["mdl gets lock, update self version to owner"] [jobID=85] [version=42]
[2026/07/14 18:18:28.267 +08:00] [INFO] [schema_version.go:397] ["wait schema version synced success"] [category=ddl] [ver=42] [checkAssumedSvr=false] ["take time"=16.09575ms] [job="ID:85, Type:create table, State:done, SchemaState:public, SchemaID:1, TableID:84, RowCount:0, ArgLen:1, start time: 2026-07-14 18:18:28.209 +0800 CST, Err:<nil>, ErrCount:0, SnapshotVersion:0, Version: v2"] [summary="server count: 1"]
[2026/07/14 18:18:28.268 +08:00] [WARN] [global_controller.go:850] ["[resource group controller] resource group name does not exist"] [name=default]
[2026/07/14 18:18:28.268 +08:00] [WARN] [global_controller.go:850] ["[resource group controller] resource group name does not exist"] [name=default]
[2026/07/14 18:18:28.269 +08:00] [WARN] [global_controller.go:850] ["[resource group controller] resource group name does not exist"] [name=default]
[2026/07/14 18:18:28.269 +08:00] [WARN] [global_controller.go:850] ["[resource group controller] resource group name does not exist"] [name=default]
[2026/07/14 18:18:28.269 +08:00] [WARN] [global_controller.go:850] ["[resource group controller] resource group name does not exist"] [name=default]
[2026/07/14 18:18:28.269 +08:00] [INFO] [job_worker.go:447] ["finish DDL job"] [category=ddl] [jobID=85] [job="ID:85, Type:create table, State:synced, SchemaState:public, SchemaID:1, TableID:84, RowCount:0, ArgLen:0, start time: 2026-07-14 18:18:28.209 +0800 CST, Err:<nil>, ErrCount:0, SnapshotVersion:0, Version: v2"]
[2026/07/14 18:18:28.269 +08:00] [WARN] [global_controller.go:850] ["[resource group controller] resource group name does not exist"] [name=default]
[2026/07/14 18:18:28.271 +08:00] [WARN] [global_controller.go:850] ["[resource group controller] resource group name does not exist"] [name=default]
[2026/07/14 18:18:28.271 +08:00] [WARN] [global_controller.go:850] ["[resource group controller] resource group name does not exist"] [name=default]
[2026/07/14 18:18:28.271 +08:00] [INFO] [executor.go:7412] ["DDL job is finished"] [category=ddl] [jobID=85]
[2026/07/14 18:18:28.271 +08:00] [INFO] [session.go:5103] ["CRUCIAL OPERATION"] [conn=0] [schemaVersion=42] [cur_db=mysql] [sql="CREATE TABLE IF NOT EXISTS mysql.tidb_import_jobs (\n\t\tid bigint(64) NOT NULL AUTO_INCREMENT,\n\t\tcreate_time TIMESTAMP(6) NOT NULL DEFAULT CURRENT_TIMESTAMP(6),\n\t\tstart_time TIMESTAMP(6) NULL DEFAULT NULL,\n\t\tupdate_time TIMESTAMP(6) NULL DEFAULT NULL,\n\t\tend_time TIMESTAMP(6) NULL DEFAULT NULL,\n\t\ttable_schema VARCHAR(64) NOT NULL,\n\t\ttable_name VARCHAR(64) NOT NULL,\n\t\ttable_id bigint(64) NOT NULL,\n\t\tcreated_by VARCHAR(300) NOT NULL,\n\t\tgroup_key VARCHAR(256) NOT NULL DEFAULT \"\",\n\t\tparameters text NOT NULL,\n\t\tsource_file_size bigint(64) NOT NULL,\n\t\tstatus VARCHAR(64) NOT NULL,\n\t\tstep VARCHAR(64) NOT NULL,\n\t\tsummary text DEFAULT NULL,\n\t\terror_message TEXT DEFAULT NULL,\n\t\tPRIMARY KEY (id),\n\t\tKEY (created_by),\n\t\tKEY idx_group_key(group_key),\n\t\tKEY (status));"] [user=]
[2026/07/14 18:18:28.272 +08:00] [INFO] [executor.go:7595] ["system variable tidb_scatter_region not found, use default value"] [category=ddl]
[2026/07/14 18:18:28.272 +08:00] [WARN] [global_controller.go:850] ["[resource group controller] resource group name does not exist"] [name=default]
[2026/07/14 18:18:28.273 +08:00] [WARN] [global_controller.go:850] ["[resource group controller] resource group name does not exist"] [name=default]
[2026/07/14 18:18:28.276 +08:00] [INFO] [job_submitter.go:118] ["add DDL jobs"] [category=ddl] ["batch count"=1] [jobs="ID:87, Type:create table, State:queueing, SchemaState:none, SchemaID:1, TableID:86, RowCount:0, ArgLen:1, start time: 2026-07-14 18:18:28.26 +0800 CST, Err:<nil>, ErrCount:0, SnapshotVersion:0, Version: v2; "] [fast_create=true]
[2026/07/14 18:18:28.276 +08:00] [INFO] [executor.go:7274] ["DDL job submitted"] [category=ddl] [job="ID:87, Type:create table, State:queueing, SchemaState:none, SchemaID:1, TableID:86, RowCount:0, ArgLen:1, start time: 2026-07-14 18:18:28.26 +0800 CST, Err:<nil>, ErrCount:0, SnapshotVersion:0, Version: v2"] [query="CREATE TABLE IF NOT EXISTS mysql.tidb_runaway_watch (\n\t\tid BIGINT(20) NOT NULL AUTO_INCREMENT PRIMARY KEY,\n\t\tresource_group_name varchar(32) not null,\n\t\tstart_time datetime(6) NOT NULL,\n\t\tend_time datetime(6),\n\t\twatch bigint(10) NOT NULL,\n\t\twatch_text TEXT NOT NULL,\n\t\tsource varchar(512) NOT NULL,\n\t\taction bigint(10),\n\t\tswitch_group_name VARCHAR(32) DEFAULT '',\n\t\trule VARCHAR(512) DEFAULT '',\n\t\tINDEX sql_index(resource_group_name,watch_text(700)) COMMENT \"accelerate the speed when select quarantined query\",\n\t\tINDEX time_index(end_time) COMMENT \"accelerate the speed when querying with active watch\",\n\t\tINDEX idx_start_time(start_time) COMMENT \"accelerate the speed when syncing new watch records\"\n\t) ENGINE=InnoDB DEFAULT CHARSET=utf8mb4 COLLATE=utf8mb4_bin;"]
[2026/07/14 18:18:28.277 +08:00] [INFO] [lock_resolver.go:1631] ["txn lock cleanup resolve-lock rpc finished"] [action=commit] [txnStartTS=467671268264509452] [commitTS=467671268264509454] [regionID=8] [resolveLite=true] [resolvedByCheckTxnStatus=false]
[2026/07/14 18:18:28.277 +08:00] [WARN] [global_controller.go:850] ["[resource group controller] resource group name does not exist"] [name=default]
[2026/07/14 18:18:28.277 +08:00] [WARN] [global_controller.go:850] ["[resource group controller] resource group name does not exist"] [name=default]
[2026/07/14 18:18:28.277 +08:00] [WARN] [global_controller.go:850] ["[resource group controller] resource group name does not exist"] [name=default]
[2026/07/14 18:18:28.277 +08:00] [INFO] [job_worker.go:854] ["run one job step"] [category=ddl] [jobID=87] [job="ID:87, Type:create table, State:queueing, SchemaState:none, SchemaID:1, TableID:86, RowCount:0, ArgLen:0, start time: 2026-07-14 18:18:28.26 +0800 CST, Err:<nil>, ErrCount:0, SnapshotVersion:0, Version: v2"]
[2026/07/14 18:18:28.278 +08:00] [WARN] [global_controller.go:850] ["[resource group controller] resource group name does not exist"] [name=default]
[2026/07/14 18:18:28.279 +08:00] [WARN] [global_controller.go:850] ["[resource group controller] resource group name does not exist"] [name=default]
[2026/07/14 18:18:28.279 +08:00] [WARN] [global_controller.go:850] ["[resource group controller] resource group name does not exist"] [name=default]
[2026/07/14 18:18:28.285 +08:00] [INFO] [loader.go:216] ["diff load InfoSchema success"] [mode=auto] [isV2=true] [currVer=42] [neededVer=43] [gotVer=43] ["elapsed time"=318.75µs] [phyTblIDs="[86]"] [actionTypes="[3]"] [diffTypes="[\"create table\"]"]
[2026/07/14 18:18:28.285 +08:00] [INFO] [syncer.go:258] ["session manager is nil"]
[2026/07/14 18:18:28.285 +08:00] [INFO] [syncer.go:281] ["mdl gets lock, update self version to owner"] [jobID=87] [version=43]
[2026/07/14 18:18:28.290 +08:00] [INFO] [schema_version.go:397] ["wait schema version synced success"] [category=ddl] [ver=43] [checkAssumedSvr=false] ["take time"=6.023875ms] [job="ID:87, Type:create table, State:done, SchemaState:public, SchemaID:1, TableID:86, RowCount:0, ArgLen:1, start time: 2026-07-14 18:18:28.26 +0800 CST, Err:<nil>, ErrCount:0, SnapshotVersion:0, Version: v2"] [summary="server count: 1"]
[2026/07/14 18:18:28.291 +08:00] [WARN] [global_controller.go:850] ["[resource group controller] resource group name does not exist"] [name=default]
[2026/07/14 18:18:28.291 +08:00] [WARN] [global_controller.go:850] ["[resource group controller] resource group name does not exist"] [name=default]
[2026/07/14 18:18:28.291 +08:00] [WARN] [global_controller.go:850] ["[resource group controller] resource group name does not exist"] [name=default]
[2026/07/14 18:18:28.292 +08:00] [WARN] [global_controller.go:850] ["[resource group controller] resource group name does not exist"] [name=default]
[2026/07/14 18:18:28.292 +08:00] [WARN] [global_controller.go:850] ["[resource group controller] resource group name does not exist"] [name=default]
[2026/07/14 18:18:28.292 +08:00] [INFO] [job_worker.go:447] ["finish DDL job"] [category=ddl] [jobID=87] [job="ID:87, Type:create table, State:synced, SchemaState:public, SchemaID:1, TableID:86, RowCount:0, ArgLen:0, start time: 2026-07-14 18:18:28.26 +0800 CST, Err:<nil>, ErrCount:0, SnapshotVersion:0, Version: v2"]
[2026/07/14 18:18:28.292 +08:00] [WARN] [global_controller.go:850] ["[resource group controller] resource group name does not exist"] [name=default]
[2026/07/14 18:18:28.293 +08:00] [WARN] [global_controller.go:850] ["[resource group controller] resource group name does not exist"] [name=default]
[2026/07/14 18:18:28.294 +08:00] [WARN] [global_controller.go:850] ["[resource group controller] resource group name does not exist"] [name=default]
[2026/07/14 18:18:28.294 +08:00] [INFO] [executor.go:7412] ["DDL job is finished"] [category=ddl] [jobID=87]
[2026/07/14 18:18:28.294 +08:00] [INFO] [session.go:5103] ["CRUCIAL OPERATION"] [conn=0] [schemaVersion=43] [cur_db=mysql] [sql="CREATE TABLE IF NOT EXISTS mysql.tidb_runaway_watch (\n\t\tid BIGINT(20) NOT NULL AUTO_INCREMENT PRIMARY KEY,\n\t\tresource_group_name varchar(32) not null,\n\t\tstart_time datetime(6) NOT NULL,\n\t\tend_time datetime(6),\n\t\twatch bigint(10) NOT NULL,\n\t\twatch_text TEXT NOT NULL,\n\t\tsource varchar(512) NOT NULL,\n\t\taction bigint(10),\n\t\tswitch_group_name VARCHAR(32) DEFAULT '',\n\t\trule VARCHAR(512) DEFAULT '',\n\t\tINDEX sql_index(resource_group_name,watch_text(700)) COMMENT \"accelerate the speed when select quarantined query\",\n\t\tINDEX time_index(end_time) COMMENT \"accelerate the speed when querying with active watch\",\n\t\tINDEX idx_start_time(start_time) COMMENT \"accelerate the speed when syncing new watch records\"\n\t) ENGINE=InnoDB DEFAULT CHARSET=utf8mb4 COLLATE=utf8mb4_bin;"] [user=]
[2026/07/14 18:18:28.294 +08:00] [INFO] [executor.go:7595] ["system variable tidb_scatter_region not found, use default value"] [category=ddl]
[2026/07/14 18:18:28.294 +08:00] [WARN] [global_controller.go:850] ["[resource group controller] resource group name does not exist"] [name=default]
[2026/07/14 18:18:28.295 +08:00] [WARN] [global_controller.go:850] ["[resource group controller] resource group name does not exist"] [name=default]
[2026/07/14 18:18:28.298 +08:00] [INFO] [job_submitter.go:118] ["add DDL jobs"] [category=ddl] ["batch count"=1] [jobs="ID:89, Type:create table, State:queueing, SchemaState:none, SchemaID:1, TableID:88, RowCount:0, ArgLen:1, start time: 2026-07-14 18:18:28.26 +0800 CST, Err:<nil>, ErrCount:0, SnapshotVersion:0, Version: v2; "] [fast_create=true]
[2026/07/14 18:18:28.298 +08:00] [INFO] [executor.go:7274] ["DDL job submitted"] [category=ddl] [job="ID:89, Type:create table, State:queueing, SchemaState:none, SchemaID:1, TableID:88, RowCount:0, ArgLen:1, start time: 2026-07-14 18:18:28.26 +0800 CST, Err:<nil>, ErrCount:0, SnapshotVersion:0, Version: v2"] [query="CREATE TABLE IF NOT EXISTS mysql.tidb_runaway_queries (\n\t\tresource_group_name varchar(32) not null,\n\t\tstart_time TIMESTAMP NOT NULL,\n\t\trepeats int default 1,\n\t\tmatch_type varchar(12) NOT NULL,\n\t\taction varchar(64) NOT NULL,\n\t\tsample_sql TEXT NOT NULL,\n\t\tsql_digest varchar(64) NOT NULL,\n\t\tplan_digest varchar(64) NOT NULL,\n\t\ttidb_server varchar(512),\n\t\trule VARCHAR(512) DEFAULT '',\n\t\tINDEX plan_index(plan_digest(64)) COMMENT \"accelerate the speed when select runaway query\",\n\t\tINDEX time_index(start_time) COMMENT \"accelerate the speed when querying with active watch\"\n\t) ENGINE=InnoDB DEFAULT CHARSET=utf8mb4 COLLATE=utf8mb4_bin;"]
[2026/07/14 18:18:28.299 +08:00] [INFO] [lock_resolver.go:1631] ["txn lock cleanup resolve-lock rpc finished"] [action=commit] [txnStartTS=467671268264509475] [commitTS=467671268264509477] [regionID=8] [resolveLite=true] [resolvedByCheckTxnStatus=false]
[2026/07/14 18:18:28.299 +08:00] [WARN] [global_controller.go:850] ["[resource group controller] resource group name does not exist"] [name=default]
[2026/07/14 18:18:28.299 +08:00] [WARN] [global_controller.go:850] ["[resource group controller] resource group name does not exist"] [name=default]
[2026/07/14 18:18:28.299 +08:00] [WARN] [global_controller.go:850] ["[resource group controller] resource group name does not exist"] [name=default]
[2026/07/14 18:18:28.299 +08:00] [INFO] [job_worker.go:854] ["run one job step"] [category=ddl] [jobID=89] [job="ID:89, Type:create table, State:queueing, SchemaState:none, SchemaID:1, TableID:88, RowCount:0, ArgLen:0, start time: 2026-07-14 18:18:28.26 +0800 CST, Err:<nil>, ErrCount:0, SnapshotVersion:0, Version: v2"]
[2026/07/14 18:18:28.300 +08:00] [WARN] [global_controller.go:850] ["[resource group controller] resource group name does not exist"] [name=default]
[2026/07/14 18:18:28.300 +08:00] [WARN] [global_controller.go:850] ["[resource group controller] resource group name does not exist"] [name=default]
[2026/07/14 18:18:28.301 +08:00] [WARN] [global_controller.go:850] ["[resource group controller] resource group name does not exist"] [name=default]
[2026/07/14 18:18:28.302 +08:00] [WARN] [global_controller.go:850] ["[resource group controller] resource group name does not exist"] [name=default]
[2026/07/14 18:18:28.307 +08:00] [INFO] [loader.go:216] ["diff load InfoSchema success"] [mode=auto] [isV2=true] [currVer=43] [neededVer=44] [gotVer=44] ["elapsed time"=335.459µs] [phyTblIDs="[88]"] [actionTypes="[3]"] [diffTypes="[\"create table\"]"]
[2026/07/14 18:18:28.307 +08:00] [INFO] [syncer.go:258] ["session manager is nil"]
[2026/07/14 18:18:28.307 +08:00] [INFO] [syncer.go:281] ["mdl gets lock, update self version to owner"] [jobID=89] [version=44]
[2026/07/14 18:18:28.312 +08:00] [INFO] [schema_version.go:397] ["wait schema version synced success"] [category=ddl] [ver=44] [checkAssumedSvr=false] ["take time"=5.852584ms] [job="ID:89, Type:create table, State:done, SchemaState:public, SchemaID:1, TableID:88, RowCount:0, ArgLen:1, start time: 2026-07-14 18:18:28.26 +0800 CST, Err:<nil>, ErrCount:0, SnapshotVersion:0, Version: v2"] [summary="server count: 1"]
[2026/07/14 18:18:28.312 +08:00] [WARN] [global_controller.go:850] ["[resource group controller] resource group name does not exist"] [name=default]
[2026/07/14 18:18:28.313 +08:00] [WARN] [global_controller.go:850] ["[resource group controller] resource group name does not exist"] [name=default]
[2026/07/14 18:18:28.313 +08:00] [WARN] [global_controller.go:850] ["[resource group controller] resource group name does not exist"] [name=default]
[2026/07/14 18:18:28.313 +08:00] [WARN] [global_controller.go:850] ["[resource group controller] resource group name does not exist"] [name=default]
[2026/07/14 18:18:28.313 +08:00] [WARN] [global_controller.go:850] ["[resource group controller] resource group name does not exist"] [name=default]
[2026/07/14 18:18:28.313 +08:00] [INFO] [job_worker.go:447] ["finish DDL job"] [category=ddl] [jobID=89] [job="ID:89, Type:create table, State:synced, SchemaState:public, SchemaID:1, TableID:88, RowCount:0, ArgLen:0, start time: 2026-07-14 18:18:28.26 +0800 CST, Err:<nil>, ErrCount:0, SnapshotVersion:0, Version: v2"]
[2026/07/14 18:18:28.314 +08:00] [WARN] [global_controller.go:850] ["[resource group controller] resource group name does not exist"] [name=default]
[2026/07/14 18:18:28.315 +08:00] [WARN] [global_controller.go:850] ["[resource group controller] resource group name does not exist"] [name=default]
[2026/07/14 18:18:28.315 +08:00] [WARN] [global_controller.go:850] ["[resource group controller] resource group name does not exist"] [name=default]
[2026/07/14 18:18:28.316 +08:00] [INFO] [executor.go:7412] ["DDL job is finished"] [category=ddl] [jobID=89]
[2026/07/14 18:18:28.316 +08:00] [INFO] [session.go:5103] ["CRUCIAL OPERATION"] [conn=0] [schemaVersion=44] [cur_db=mysql] [sql="CREATE TABLE IF NOT EXISTS mysql.tidb_runaway_queries (\n\t\tresource_group_name varchar(32) not null,\n\t\tstart_time TIMESTAMP NOT NULL,\n\t\trepeats int default 1,\n\t\tmatch_type varchar(12) NOT NULL,\n\t\taction varchar(64) NOT NULL,\n\t\tsample_sql TEXT NOT NULL,\n\t\tsql_digest varchar(64) NOT NULL,\n\t\tplan_digest varchar(64) NOT NULL,\n\t\ttidb_server varchar(512),\n\t\trule VARCHAR(512) DEFAULT '',\n\t\tINDEX plan_index(plan_digest(64)) COMMENT \"accelerate the speed when select runaway query\",\n\t\tINDEX time_index(start_time) COMMENT \"accelerate the speed when querying with active watch\"\n\t) ENGINE=InnoDB DEFAULT CHARSET=utf8mb4 COLLATE=utf8mb4_bin;"] [user=]
[2026/07/14 18:18:28.316 +08:00] [INFO] [executor.go:7595] ["system variable tidb_scatter_region not found, use default value"] [category=ddl]
[2026/07/14 18:18:28.316 +08:00] [WARN] [global_controller.go:850] ["[resource group controller] resource group name does not exist"] [name=default]
[2026/07/14 18:18:28.317 +08:00] [WARN] [global_controller.go:850] ["[resource group controller] resource group name does not exist"] [name=default]
[2026/07/14 18:18:28.320 +08:00] [INFO] [job_submitter.go:118] ["add DDL jobs"] [category=ddl] ["batch count"=1] [jobs="ID:91, Type:create table, State:queueing, SchemaState:none, SchemaID:1, TableID:90, RowCount:0, ArgLen:1, start time: 2026-07-14 18:18:28.309 +0800 CST, Err:<nil>, ErrCount:0, SnapshotVersion:0, Version: v2; "] [fast_create=true]
[2026/07/14 18:18:28.320 +08:00] [INFO] [executor.go:7274] ["DDL job submitted"] [category=ddl] [job="ID:91, Type:create table, State:queueing, SchemaState:none, SchemaID:1, TableID:90, RowCount:0, ArgLen:1, start time: 2026-07-14 18:18:28.309 +0800 CST, Err:<nil>, ErrCount:0, SnapshotVersion:0, Version: v2"] [query="CREATE TABLE IF NOT EXISTS mysql.tidb_timers (\n\t\tID BIGINT(64) UNSIGNED NOT NULL AUTO_INCREMENT,\n\t\tNAMESPACE VARCHAR(256) NOT NULL,\n\t\tTIMER_KEY VARCHAR(256) NOT NULL,\n\t\tTIMER_DATA BLOB,\n\t\tTIMEZONE VARCHAR(64) NOT NULL,\n\t\tSCHED_POLICY_TYPE VARCHAR(32) NOT NULL,\n\t\tSCHED_POLICY_EXPR VARCHAR(256) NOT NULL,\n\t\tHOOK_CLASS VARCHAR(64) NOT NULL,\n\t\tWATERMARK TIMESTAMP DEFAULT NULL,\n\t\tENABLE TINYINT(2) NOT NULL,\n\t\tTIMER_EXT JSON NOT NULL,\n\t\tEVENT_STATUS VARCHAR(32) NOT NULL,\n\t\tEVENT_ID VARCHAR(64) NOT NULL,\n\t\tEVENT_DATA BLOB,\n\t\tEVENT_START TIMESTAMP DEFAULT NULL,\n\t\tSUMMARY_DATA BLOB,\n\t\tCREATE_TIME TIMESTAMP NOT NULL DEFAULT CURRENT_TIMESTAMP,\n\t\tUPDATE_TIME TIMESTAMP NOT NULL DEFAULT CURRENT_TIMESTAMP ON UPDATE CURRENT_TIMESTAMP,\n\t\tVERSION BIGINT(64) UNSIGNED NOT NULL,\n\t\tPRIMARY KEY (ID),\n\t\tUNIQUE KEY timer_key(NAMESPACE, TIMER_KEY),\n\t\tKEY hook_class(HOOK_CLASS)\n\t)"]
[2026/07/14 18:18:28.321 +08:00] [INFO] [lock_resolver.go:1631] ["txn lock cleanup resolve-lock rpc finished"] [action=commit] [txnStartTS=467671268277354508] [commitTS=467671268277354510] [regionID=8] [resolveLite=true] [resolvedByCheckTxnStatus=false]
[2026/07/14 18:18:28.321 +08:00] [WARN] [global_controller.go:850] ["[resource group controller] resource group name does not exist"] [name=default]
[2026/07/14 18:18:28.321 +08:00] [WARN] [global_controller.go:850] ["[resource group controller] resource group name does not exist"] [name=default]
[2026/07/14 18:18:28.322 +08:00] [WARN] [global_controller.go:850] ["[resource group controller] resource group name does not exist"] [name=default]
[2026/07/14 18:18:28.322 +08:00] [INFO] [job_worker.go:854] ["run one job step"] [category=ddl] [jobID=91] [job="ID:91, Type:create table, State:queueing, SchemaState:none, SchemaID:1, TableID:90, RowCount:0, ArgLen:0, start time: 2026-07-14 18:18:28.309 +0800 CST, Err:<nil>, ErrCount:0, SnapshotVersion:0, Version: v2"]
[2026/07/14 18:18:28.323 +08:00] [WARN] [global_controller.go:850] ["[resource group controller] resource group name does not exist"] [name=default]
[2026/07/14 18:18:28.323 +08:00] [WARN] [global_controller.go:850] ["[resource group controller] resource group name does not exist"] [name=default]
[2026/07/14 18:18:28.323 +08:00] [WARN] [global_controller.go:850] ["[resource group controller] resource group name does not exist"] [name=default]
[2026/07/14 18:18:28.328 +08:00] [INFO] [loader.go:216] ["diff load InfoSchema success"] [mode=auto] [isV2=true] [currVer=44] [neededVer=45] [gotVer=45] ["elapsed time"=335.375µs] [phyTblIDs="[90]"] [actionTypes="[3]"] [diffTypes="[\"create table\"]"]
[2026/07/14 18:18:28.329 +08:00] [INFO] [syncer.go:258] ["session manager is nil"]
[2026/07/14 18:18:28.329 +08:00] [INFO] [syncer.go:281] ["mdl gets lock, update self version to owner"] [jobID=91] [version=45]
[2026/07/14 18:18:28.333 +08:00] [INFO] [schema_version.go:397] ["wait schema version synced success"] [category=ddl] [ver=45] [checkAssumedSvr=false] ["take time"=5.275625ms] [job="ID:91, Type:create table, State:done, SchemaState:public, SchemaID:1, TableID:90, RowCount:0, ArgLen:1, start time: 2026-07-14 18:18:28.309 +0800 CST, Err:<nil>, ErrCount:0, SnapshotVersion:0, Version: v2"] [summary="server count: 1"]
[2026/07/14 18:18:28.334 +08:00] [WARN] [global_controller.go:850] ["[resource group controller] resource group name does not exist"] [name=default]
[2026/07/14 18:18:28.334 +08:00] [WARN] [global_controller.go:850] ["[resource group controller] resource group name does not exist"] [name=default]
[2026/07/14 18:18:28.334 +08:00] [WARN] [global_controller.go:850] ["[resource group controller] resource group name does not exist"] [name=default]
[2026/07/14 18:18:28.335 +08:00] [WARN] [global_controller.go:850] ["[resource group controller] resource group name does not exist"] [name=default]
[2026/07/14 18:18:28.335 +08:00] [WARN] [global_controller.go:850] ["[resource group controller] resource group name does not exist"] [name=default]
[2026/07/14 18:18:28.335 +08:00] [INFO] [job_worker.go:447] ["finish DDL job"] [category=ddl] [jobID=91] [job="ID:91, Type:create table, State:synced, SchemaState:public, SchemaID:1, TableID:90, RowCount:0, ArgLen:0, start time: 2026-07-14 18:18:28.309 +0800 CST, Err:<nil>, ErrCount:0, SnapshotVersion:0, Version: v2"]
[2026/07/14 18:18:28.335 +08:00] [WARN] [global_controller.go:850] ["[resource group controller] resource group name does not exist"] [name=default]
[2026/07/14 18:18:28.336 +08:00] [WARN] [global_controller.go:850] ["[resource group controller] resource group name does not exist"] [name=default]
[2026/07/14 18:18:28.337 +08:00] [WARN] [global_controller.go:850] ["[resource group controller] resource group name does not exist"] [name=default]
[2026/07/14 18:18:28.337 +08:00] [INFO] [executor.go:7412] ["DDL job is finished"] [category=ddl] [jobID=91]
[2026/07/14 18:18:28.337 +08:00] [INFO] [session.go:5103] ["CRUCIAL OPERATION"] [conn=0] [schemaVersion=45] [cur_db=mysql] [sql="CREATE TABLE IF NOT EXISTS mysql.tidb_timers (\n\t\tID BIGINT(64) UNSIGNED NOT NULL AUTO_INCREMENT,\n\t\tNAMESPACE VARCHAR(256) NOT NULL,\n\t\tTIMER_KEY VARCHAR(256) NOT NULL,\n\t\tTIMER_DATA BLOB,\n\t\tTIMEZONE VARCHAR(64) NOT NULL,\n\t\tSCHED_POLICY_TYPE VARCHAR(32) NOT NULL,\n\t\tSCHED_POLICY_EXPR VARCHAR(256) NOT NULL,\n\t\tHOOK_CLASS VARCHAR(64) NOT NULL,\n\t\tWATERMARK TIMESTAMP DEFAULT NULL,\n\t\tENABLE TINYINT(2) NOT NULL,\n\t\tTIMER_EXT JSON NOT NULL,\n\t\tEVENT_STATUS VARCHAR(32) NOT NULL,\n\t\tEVENT_ID VARCHAR(64) NOT NULL,\n\t\tEVENT_DATA BLOB,\n\t\tEVENT_START TIMESTAMP DEFAULT NULL,\n\t\tSUMMARY_DATA BLOB,\n\t\tCREATE_TIME TIMESTAMP NOT NULL DEFAULT CURRENT_TIMESTAMP,\n\t\tUPDATE_TIME TIMESTAMP NOT NULL DEFAULT CURRENT_TIMESTAMP ON UPDATE CURRENT_TIMESTAMP,\n\t\tVERSION BIGINT(64) UNSIGNED NOT NULL,\n\t\tPRIMARY KEY (ID),\n\t\tUNIQUE KEY timer_key(NAMESPACE, TIMER_KEY),\n\t\tKEY hook_class(HOOK_CLASS)\n\t)"] [user=]
[2026/07/14 18:18:28.337 +08:00] [INFO] [executor.go:7595] ["system variable tidb_scatter_region not found, use default value"] [category=ddl]
[2026/07/14 18:18:28.338 +08:00] [WARN] [global_controller.go:850] ["[resource group controller] resource group name does not exist"] [name=default]
[2026/07/14 18:18:28.339 +08:00] [WARN] [global_controller.go:850] ["[resource group controller] resource group name does not exist"] [name=default]
[2026/07/14 18:18:28.341 +08:00] [INFO] [job_submitter.go:118] ["add DDL jobs"] [category=ddl] ["batch count"=1] [jobs="ID:93, Type:create table, State:queueing, SchemaState:none, SchemaID:1, TableID:92, RowCount:0, ArgLen:1, start time: 2026-07-14 18:18:28.309 +0800 CST, Err:<nil>, ErrCount:0, SnapshotVersion:0, Version: v2; "] [fast_create=true]
[2026/07/14 18:18:28.341 +08:00] [INFO] [executor.go:7274] ["DDL job submitted"] [category=ddl] [job="ID:93, Type:create table, State:queueing, SchemaState:none, SchemaID:1, TableID:92, RowCount:0, ArgLen:1, start time: 2026-07-14 18:18:28.309 +0800 CST, Err:<nil>, ErrCount:0, SnapshotVersion:0, Version: v2"] [query="CREATE TABLE IF NOT EXISTS mysql.tidb_runaway_watch_done (\n\t\tid BIGINT(20) NOT NULL AUTO_INCREMENT PRIMARY KEY,\n\t\trecord_id BIGINT(20) not null,\n\t\tresource_group_name varchar(32) not null,\n\t\tstart_time datetime(6) NOT NULL,\n\t\tend_time datetime(6),\n\t\twatch bigint(10) NOT NULL,\n\t\twatch_text TEXT NOT NULL,\n\t\tsource varchar(512) NOT NULL,\n\t\taction bigint(10),\n\t\tswitch_group_name VARCHAR(32) DEFAULT '',\n\t\trule VARCHAR(512) DEFAULT '',\n\t\tdone_time TIMESTAMP(6) NOT NULL,\n\t\tINDEX idx_done_time(done_time) COMMENT \"accelerate the speed when syncing done watch records\"\n\t) ENGINE=InnoDB DEFAULT CHARSET=utf8mb4 COLLATE=utf8mb4_bin;"]
[2026/07/14 18:18:28.342 +08:00] [INFO] [lock_resolver.go:1631] ["txn lock cleanup resolve-lock rpc finished"] [action=commit] [txnStartTS=467671268277354531] [commitTS=467671268277354533] [regionID=8] [resolveLite=true] [resolvedByCheckTxnStatus=false]
[2026/07/14 18:18:28.342 +08:00] [WARN] [global_controller.go:850] ["[resource group controller] resource group name does not exist"] [name=default]
[2026/07/14 18:18:28.342 +08:00] [WARN] [global_controller.go:850] ["[resource group controller] resource group name does not exist"] [name=default]
[2026/07/14 18:18:28.342 +08:00] [WARN] [global_controller.go:850] ["[resource group controller] resource group name does not exist"] [name=default]
[2026/07/14 18:18:28.342 +08:00] [INFO] [job_worker.go:854] ["run one job step"] [category=ddl] [jobID=93] [job="ID:93, Type:create table, State:queueing, SchemaState:none, SchemaID:1, TableID:92, RowCount:0, ArgLen:0, start time: 2026-07-14 18:18:28.309 +0800 CST, Err:<nil>, ErrCount:0, SnapshotVersion:0, Version: v2"]
[2026/07/14 18:18:28.343 +08:00] [WARN] [global_controller.go:850] ["[resource group controller] resource group name does not exist"] [name=default]
[2026/07/14 18:18:28.345 +08:00] [WARN] [global_controller.go:850] ["[resource group controller] resource group name does not exist"] [name=default]
[2026/07/14 18:18:28.346 +08:00] [WARN] [global_controller.go:850] ["[resource group controller] resource group name does not exist"] [name=default]
[2026/07/14 18:18:28.352 +08:00] [INFO] [loader.go:216] ["diff load InfoSchema success"] [mode=auto] [isV2=true] [currVer=45] [neededVer=46] [gotVer=46] ["elapsed time"=305.083µs] [phyTblIDs="[92]"] [actionTypes="[3]"] [diffTypes="[\"create table\"]"]
[2026/07/14 18:18:28.352 +08:00] [INFO] [syncer.go:258] ["session manager is nil"]
[2026/07/14 18:18:28.352 +08:00] [WARN] [global_controller.go:850] ["[resource group controller] resource group name does not exist"] [name=default]
[2026/07/14 18:18:28.352 +08:00] [INFO] [syncer.go:281] ["mdl gets lock, update self version to owner"] [jobID=93] [version=46]
[2026/07/14 18:18:28.357 +08:00] [INFO] [schema_version.go:397] ["wait schema version synced success"] [category=ddl] [ver=46] [checkAssumedSvr=false] ["take time"=5.986792ms] [job="ID:93, Type:create table, State:done, SchemaState:public, SchemaID:1, TableID:92, RowCount:0, ArgLen:1, start time: 2026-07-14 18:18:28.309 +0800 CST, Err:<nil>, ErrCount:0, SnapshotVersion:0, Version: v2"] [summary="server count: 1"]
[2026/07/14 18:18:28.358 +08:00] [WARN] [global_controller.go:850] ["[resource group controller] resource group name does not exist"] [name=default]
[2026/07/14 18:18:28.358 +08:00] [WARN] [global_controller.go:850] ["[resource group controller] resource group name does not exist"] [name=default]
[2026/07/14 18:18:28.358 +08:00] [WARN] [global_controller.go:850] ["[resource group controller] resource group name does not exist"] [name=default]
[2026/07/14 18:18:28.358 +08:00] [WARN] [global_controller.go:850] ["[resource group controller] resource group name does not exist"] [name=default]
[2026/07/14 18:18:28.359 +08:00] [WARN] [global_controller.go:850] ["[resource group controller] resource group name does not exist"] [name=default]
[2026/07/14 18:18:28.359 +08:00] [INFO] [job_worker.go:447] ["finish DDL job"] [category=ddl] [jobID=93] [job="ID:93, Type:create table, State:synced, SchemaState:public, SchemaID:1, TableID:92, RowCount:0, ArgLen:0, start time: 2026-07-14 18:18:28.309 +0800 CST, Err:<nil>, ErrCount:0, SnapshotVersion:0, Version: v2"]
[2026/07/14 18:18:28.359 +08:00] [WARN] [global_controller.go:850] ["[resource group controller] resource group name does not exist"] [name=default]
[2026/07/14 18:18:28.360 +08:00] [WARN] [global_controller.go:850] ["[resource group controller] resource group name does not exist"] [name=default]
[2026/07/14 18:18:28.360 +08:00] [WARN] [global_controller.go:850] ["[resource group controller] resource group name does not exist"] [name=default]
[2026/07/14 18:18:28.361 +08:00] [INFO] [executor.go:7412] ["DDL job is finished"] [category=ddl] [jobID=93]
[2026/07/14 18:18:28.361 +08:00] [INFO] [session.go:5103] ["CRUCIAL OPERATION"] [conn=0] [schemaVersion=46] [cur_db=mysql] [sql="CREATE TABLE IF NOT EXISTS mysql.tidb_runaway_watch_done (\n\t\tid BIGINT(20) NOT NULL AUTO_INCREMENT PRIMARY KEY,\n\t\trecord_id BIGINT(20) not null,\n\t\tresource_group_name varchar(32) not null,\n\t\tstart_time datetime(6) NOT NULL,\n\t\tend_time datetime(6),\n\t\twatch bigint(10) NOT NULL,\n\t\twatch_text TEXT NOT NULL,\n\t\tsource varchar(512) NOT NULL,\n\t\taction bigint(10),\n\t\tswitch_group_name VARCHAR(32) DEFAULT '',\n\t\trule VARCHAR(512) DEFAULT '',\n\t\tdone_time TIMESTAMP(6) NOT NULL,\n\t\tINDEX idx_done_time(done_time) COMMENT \"accelerate the speed when syncing done watch records\"\n\t) ENGINE=InnoDB DEFAULT CHARSET=utf8mb4 COLLATE=utf8mb4_bin;"] [user=]
[2026/07/14 18:18:28.361 +08:00] [INFO] [executor.go:7595] ["system variable tidb_scatter_region not found, use default value"] [category=ddl]
[2026/07/14 18:18:28.361 +08:00] [WARN] [global_controller.go:850] ["[resource group controller] resource group name does not exist"] [name=default]
[2026/07/14 18:18:28.362 +08:00] [WARN] [global_controller.go:850] ["[resource group controller] resource group name does not exist"] [name=default]
[2026/07/14 18:18:28.365 +08:00] [INFO] [job_submitter.go:118] ["add DDL jobs"] [category=ddl] ["batch count"=1] [jobs="ID:95, Type:create table, State:queueing, SchemaState:none, SchemaID:1, TableID:94, RowCount:0, ArgLen:1, start time: 2026-07-14 18:18:28.359 +0800 CST, Err:<nil>, ErrCount:0, SnapshotVersion:0, Version: v2; "] [fast_create=true]
[2026/07/14 18:18:28.365 +08:00] [INFO] [executor.go:7274] ["DDL job submitted"] [category=ddl] [job="ID:95, Type:create table, State:queueing, SchemaState:none, SchemaID:1, TableID:94, RowCount:0, ArgLen:1, start time: 2026-07-14 18:18:28.359 +0800 CST, Err:<nil>, ErrCount:0, SnapshotVersion:0, Version: v2"] [query="CREATE TABLE IF NOT EXISTS mysql.dist_framework_meta (\n        host VARCHAR(261) NOT NULL PRIMARY KEY,\n        role VARCHAR(64),\n        cpu_count int default 0,\n        keyspace_id bigint(8) NOT NULL DEFAULT -1\n    );"]
[2026/07/14 18:18:28.366 +08:00] [INFO] [lock_resolver.go:1631] ["txn lock cleanup resolve-lock rpc finished"] [action=commit] [txnStartTS=467671268290461705] [commitTS=467671268290461707] [regionID=8] [resolveLite=true] [resolvedByCheckTxnStatus=false]
[2026/07/14 18:18:28.366 +08:00] [WARN] [global_controller.go:850] ["[resource group controller] resource group name does not exist"] [name=default]
[2026/07/14 18:18:28.366 +08:00] [WARN] [global_controller.go:850] ["[resource group controller] resource group name does not exist"] [name=default]
[2026/07/14 18:18:28.366 +08:00] [WARN] [global_controller.go:850] ["[resource group controller] resource group name does not exist"] [name=default]
[2026/07/14 18:18:28.366 +08:00] [INFO] [job_worker.go:854] ["run one job step"] [category=ddl] [jobID=95] [job="ID:95, Type:create table, State:queueing, SchemaState:none, SchemaID:1, TableID:94, RowCount:0, ArgLen:0, start time: 2026-07-14 18:18:28.359 +0800 CST, Err:<nil>, ErrCount:0, SnapshotVersion:0, Version: v2"]
[2026/07/14 18:18:28.371 +08:00] [WARN] [global_controller.go:850] ["[resource group controller] resource group name does not exist"] [name=default]
[2026/07/14 18:18:28.371 +08:00] [WARN] [global_controller.go:850] ["[resource group controller] resource group name does not exist"] [name=default]
[2026/07/14 18:18:28.372 +08:00] [WARN] [global_controller.go:850] ["[resource group controller] resource group name does not exist"] [name=default]
[2026/07/14 18:18:28.381 +08:00] [INFO] [loader.go:216] ["diff load InfoSchema success"] [mode=auto] [isV2=true] [currVer=46] [neededVer=47] [gotVer=47] ["elapsed time"=343.958µs] [phyTblIDs="[94]"] [actionTypes="[3]"] [diffTypes="[\"create table\"]"]
[2026/07/14 18:18:28.381 +08:00] [INFO] [syncer.go:258] ["session manager is nil"]
[2026/07/14 18:18:28.381 +08:00] [INFO] [syncer.go:281] ["mdl gets lock, update self version to owner"] [jobID=95] [version=47]
[2026/07/14 18:18:28.386 +08:00] [INFO] [schema_version.go:397] ["wait schema version synced success"] [category=ddl] [ver=47] [checkAssumedSvr=false] ["take time"=6.079ms] [job="ID:95, Type:create table, State:done, SchemaState:public, SchemaID:1, TableID:94, RowCount:0, ArgLen:1, start time: 2026-07-14 18:18:28.359 +0800 CST, Err:<nil>, ErrCount:0, SnapshotVersion:0, Version: v2"] [summary="server count: 1"]
[2026/07/14 18:18:28.387 +08:00] [WARN] [global_controller.go:850] ["[resource group controller] resource group name does not exist"] [name=default]
[2026/07/14 18:18:28.387 +08:00] [WARN] [global_controller.go:850] ["[resource group controller] resource group name does not exist"] [name=default]
[2026/07/14 18:18:28.387 +08:00] [WARN] [global_controller.go:850] ["[resource group controller] resource group name does not exist"] [name=default]
[2026/07/14 18:18:28.387 +08:00] [WARN] [global_controller.go:850] ["[resource group controller] resource group name does not exist"] [name=default]
[2026/07/14 18:18:28.387 +08:00] [WARN] [global_controller.go:850] ["[resource group controller] resource group name does not exist"] [name=default]
[2026/07/14 18:18:28.387 +08:00] [INFO] [job_worker.go:447] ["finish DDL job"] [category=ddl] [jobID=95] [job="ID:95, Type:create table, State:synced, SchemaState:public, SchemaID:1, TableID:94, RowCount:0, ArgLen:0, start time: 2026-07-14 18:18:28.359 +0800 CST, Err:<nil>, ErrCount:0, SnapshotVersion:0, Version: v2"]
[2026/07/14 18:18:28.388 +08:00] [WARN] [global_controller.go:850] ["[resource group controller] resource group name does not exist"] [name=default]
[2026/07/14 18:18:28.389 +08:00] [WARN] [global_controller.go:850] ["[resource group controller] resource group name does not exist"] [name=default]
[2026/07/14 18:18:28.390 +08:00] [WARN] [global_controller.go:850] ["[resource group controller] resource group name does not exist"] [name=default]
[2026/07/14 18:18:28.390 +08:00] [INFO] [executor.go:7412] ["DDL job is finished"] [category=ddl] [jobID=95]
[2026/07/14 18:18:28.390 +08:00] [INFO] [session.go:5103] ["CRUCIAL OPERATION"] [conn=0] [schemaVersion=47] [cur_db=mysql] [sql="CREATE TABLE IF NOT EXISTS mysql.dist_framework_meta (\n        host VARCHAR(261) NOT NULL PRIMARY KEY,\n        role VARCHAR(64),\n        cpu_count int default 0,\n        keyspace_id bigint(8) NOT NULL DEFAULT -1\n    );"] [user=]
[2026/07/14 18:18:28.390 +08:00] [INFO] [executor.go:7595] ["system variable tidb_scatter_region not found, use default value"] [category=ddl]
[2026/07/14 18:18:28.390 +08:00] [WARN] [global_controller.go:850] ["[resource group controller] resource group name does not exist"] [name=default]
[2026/07/14 18:18:28.391 +08:00] [WARN] [global_controller.go:850] ["[resource group controller] resource group name does not exist"] [name=default]
[2026/07/14 18:18:28.394 +08:00] [INFO] [job_submitter.go:118] ["add DDL jobs"] [category=ddl] ["batch count"=1] [jobs="ID:97, Type:create table, State:queueing, SchemaState:none, SchemaID:1, TableID:96, RowCount:0, ArgLen:1, start time: 2026-07-14 18:18:28.359 +0800 CST, Err:<nil>, ErrCount:0, SnapshotVersion:0, Version: v2; "] [fast_create=true]
[2026/07/14 18:18:28.394 +08:00] [INFO] [executor.go:7274] ["DDL job submitted"] [category=ddl] [job="ID:97, Type:create table, State:queueing, SchemaState:none, SchemaID:1, TableID:96, RowCount:0, ArgLen:1, start time: 2026-07-14 18:18:28.359 +0800 CST, Err:<nil>, ErrCount:0, SnapshotVersion:0, Version: v2"] [query="CREATE TABLE IF NOT EXISTS mysql.request_unit_by_group (\n\t\tstart_time TIMESTAMP(6) NOT NULL,\n\t\tend_time TIMESTAMP(6) NOT NULL,\n\t\tresource_group VARCHAR(32) NOT null,\n\t\ttotal_ru bigint(64) UNSIGNED NOT NULL,\n\t\tPRIMARY KEY (start_time, end_time, resource_group),\n\t\tKEY (resource_group)\n\t);"]
[2026/07/14 18:18:28.395 +08:00] [INFO] [lock_resolver.go:1631] ["txn lock cleanup resolve-lock rpc finished"] [action=commit] [txnStartTS=467671268290461728] [commitTS=467671268290461730] [regionID=8] [resolveLite=true] [resolvedByCheckTxnStatus=false]
[2026/07/14 18:18:28.395 +08:00] [WARN] [global_controller.go:850] ["[resource group controller] resource group name does not exist"] [name=default]
[2026/07/14 18:18:28.395 +08:00] [WARN] [global_controller.go:850] ["[resource group controller] resource group name does not exist"] [name=default]
[2026/07/14 18:18:28.395 +08:00] [WARN] [global_controller.go:850] ["[resource group controller] resource group name does not exist"] [name=default]
[2026/07/14 18:18:28.395 +08:00] [INFO] [job_worker.go:854] ["run one job step"] [category=ddl] [jobID=97] [job="ID:97, Type:create table, State:queueing, SchemaState:none, SchemaID:1, TableID:96, RowCount:0, ArgLen:0, start time: 2026-07-14 18:18:28.359 +0800 CST, Err:<nil>, ErrCount:0, SnapshotVersion:0, Version: v2"]
[2026/07/14 18:18:28.396 +08:00] [WARN] [global_controller.go:850] ["[resource group controller] resource group name does not exist"] [name=default]
[2026/07/14 18:18:28.397 +08:00] [WARN] [global_controller.go:850] ["[resource group controller] resource group name does not exist"] [name=default]
[2026/07/14 18:18:28.397 +08:00] [WARN] [global_controller.go:850] ["[resource group controller] resource group name does not exist"] [name=default]
[2026/07/14 18:18:28.402 +08:00] [WARN] [global_controller.go:850] ["[resource group controller] resource group name does not exist"] [name=default]
[2026/07/14 18:18:28.402 +08:00] [INFO] [loader.go:216] ["diff load InfoSchema success"] [mode=auto] [isV2=true] [currVer=47] [neededVer=48] [gotVer=48] ["elapsed time"=266.833µs] [phyTblIDs="[96]"] [actionTypes="[3]"] [diffTypes="[\"create table\"]"]
[2026/07/14 18:18:28.403 +08:00] [INFO] [syncer.go:258] ["session manager is nil"]
[2026/07/14 18:18:28.403 +08:00] [INFO] [syncer.go:281] ["mdl gets lock, update self version to owner"] [jobID=97] [version=48]
[2026/07/14 18:18:28.407 +08:00] [INFO] [schema_version.go:397] ["wait schema version synced success"] [category=ddl] [ver=48] [checkAssumedSvr=false] ["take time"=4.972958ms] [job="ID:97, Type:create table, State:done, SchemaState:public, SchemaID:1, TableID:96, RowCount:0, ArgLen:1, start time: 2026-07-14 18:18:28.359 +0800 CST, Err:<nil>, ErrCount:0, SnapshotVersion:0, Version: v2"] [summary="server count: 1"]
[2026/07/14 18:18:28.408 +08:00] [WARN] [global_controller.go:850] ["[resource group controller] resource group name does not exist"] [name=default]
[2026/07/14 18:18:28.408 +08:00] [WARN] [global_controller.go:850] ["[resource group controller] resource group name does not exist"] [name=default]
[2026/07/14 18:18:28.408 +08:00] [WARN] [global_controller.go:850] ["[resource group controller] resource group name does not exist"] [name=default]
[2026/07/14 18:18:28.408 +08:00] [WARN] [global_controller.go:850] ["[resource group controller] resource group name does not exist"] [name=default]
[2026/07/14 18:18:28.408 +08:00] [WARN] [global_controller.go:850] ["[resource group controller] resource group name does not exist"] [name=default]
[2026/07/14 18:18:28.408 +08:00] [INFO] [job_worker.go:447] ["finish DDL job"] [category=ddl] [jobID=97] [job="ID:97, Type:create table, State:synced, SchemaState:public, SchemaID:1, TableID:96, RowCount:0, ArgLen:0, start time: 2026-07-14 18:18:28.359 +0800 CST, Err:<nil>, ErrCount:0, SnapshotVersion:0, Version: v2"]
[2026/07/14 18:18:28.409 +08:00] [WARN] [global_controller.go:850] ["[resource group controller] resource group name does not exist"] [name=default]
[2026/07/14 18:18:28.410 +08:00] [WARN] [global_controller.go:850] ["[resource group controller] resource group name does not exist"] [name=default]
[2026/07/14 18:18:28.410 +08:00] [INFO] [executor.go:7412] ["DDL job is finished"] [category=ddl] [jobID=97]
[2026/07/14 18:18:28.410 +08:00] [WARN] [global_controller.go:850] ["[resource group controller] resource group name does not exist"] [name=default]
[2026/07/14 18:18:28.410 +08:00] [INFO] [session.go:5103] ["CRUCIAL OPERATION"] [conn=0] [schemaVersion=48] [cur_db=mysql] [sql="CREATE TABLE IF NOT EXISTS mysql.request_unit_by_group (\n\t\tstart_time TIMESTAMP(6) NOT NULL,\n\t\tend_time TIMESTAMP(6) NOT NULL,\n\t\tresource_group VARCHAR(32) NOT null,\n\t\ttotal_ru bigint(64) UNSIGNED NOT NULL,\n\t\tPRIMARY KEY (start_time, end_time, resource_group),\n\t\tKEY (resource_group)\n\t);"] [user=]
[2026/07/14 18:18:28.411 +08:00] [INFO] [add_column.go:1339] ["Automatically convert BLOB(524288) to MEDIUMBLOB"] [category=ddl]
[2026/07/14 18:18:28.411 +08:00] [INFO] [executor.go:7595] ["system variable tidb_scatter_region not found, use default value"] [category=ddl]
[2026/07/14 18:18:28.411 +08:00] [WARN] [global_controller.go:850] ["[resource group controller] resource group name does not exist"] [name=default]
[2026/07/14 18:18:28.412 +08:00] [WARN] [global_controller.go:850] ["[resource group controller] resource group name does not exist"] [name=default]
[2026/07/14 18:18:28.415 +08:00] [INFO] [job_submitter.go:118] ["add DDL jobs"] [category=ddl] ["batch count"=1] [jobs="ID:99, Type:create table, State:queueing, SchemaState:none, SchemaID:1, TableID:98, RowCount:0, ArgLen:1, start time: 2026-07-14 18:18:28.409 +0800 CST, Err:<nil>, ErrCount:0, SnapshotVersion:0, Version: v2; "] [fast_create=true]
[2026/07/14 18:18:28.415 +08:00] [INFO] [executor.go:7274] ["DDL job submitted"] [category=ddl] [job="ID:99, Type:create table, State:queueing, SchemaState:none, SchemaID:1, TableID:98, RowCount:0, ArgLen:1, start time: 2026-07-14 18:18:28.409 +0800 CST, Err:<nil>, ErrCount:0, SnapshotVersion:0, Version: v2"] [query="CREATE TABLE IF NOT EXISTS mysql.tidb_pitr_id_map (\n\t\trestore_id BIGINT NOT NULL DEFAULT 0,\n\t\trestored_ts BIGINT NOT NULL,\n\t\tupstream_cluster_id BIGINT NOT NULL,\n\t\tsegment_id BIGINT NOT NULL,\n\t\tid_map BLOB(524288) NOT NULL,\n\t\tupdate_time TIMESTAMP DEFAULT CURRENT_TIMESTAMP,\n\t\tPRIMARY KEY (restore_id, restored_ts, upstream_cluster_id, segment_id));"]
[2026/07/14 18:18:28.416 +08:00] [INFO] [lock_resolver.go:1631] ["txn lock cleanup resolve-lock rpc finished"] [action=commit] [txnStartTS=467671268303568904] [commitTS=467671268303568906] [regionID=8] [resolveLite=true] [resolvedByCheckTxnStatus=false]
[2026/07/14 18:18:28.416 +08:00] [WARN] [global_controller.go:850] ["[resource group controller] resource group name does not exist"] [name=default]
[2026/07/14 18:18:28.416 +08:00] [WARN] [global_controller.go:850] ["[resource group controller] resource group name does not exist"] [name=default]
[2026/07/14 18:18:28.416 +08:00] [WARN] [global_controller.go:850] ["[resource group controller] resource group name does not exist"] [name=default]
[2026/07/14 18:18:28.416 +08:00] [INFO] [job_worker.go:854] ["run one job step"] [category=ddl] [jobID=99] [job="ID:99, Type:create table, State:queueing, SchemaState:none, SchemaID:1, TableID:98, RowCount:0, ArgLen:0, start time: 2026-07-14 18:18:28.409 +0800 CST, Err:<nil>, ErrCount:0, SnapshotVersion:0, Version: v2"]
[2026/07/14 18:18:28.417 +08:00] [WARN] [global_controller.go:850] ["[resource group controller] resource group name does not exist"] [name=default]
[2026/07/14 18:18:28.417 +08:00] [WARN] [global_controller.go:850] ["[resource group controller] resource group name does not exist"] [name=default]
[2026/07/14 18:18:28.418 +08:00] [WARN] [global_controller.go:850] ["[resource group controller] resource group name does not exist"] [name=default]
[2026/07/14 18:18:28.424 +08:00] [INFO] [loader.go:216] ["diff load InfoSchema success"] [mode=auto] [isV2=true] [currVer=48] [neededVer=49] [gotVer=49] ["elapsed time"=322.958µs] [phyTblIDs="[98]"] [actionTypes="[3]"] [diffTypes="[\"create table\"]"]
[2026/07/14 18:18:28.424 +08:00] [INFO] [syncer.go:258] ["session manager is nil"]
[2026/07/14 18:18:28.424 +08:00] [INFO] [syncer.go:281] ["mdl gets lock, update self version to owner"] [jobID=99] [version=49]
[2026/07/14 18:18:28.429 +08:00] [INFO] [schema_version.go:397] ["wait schema version synced success"] [category=ddl] [ver=49] [checkAssumedSvr=false] ["take time"=6.146334ms] [job="ID:99, Type:create table, State:done, SchemaState:public, SchemaID:1, TableID:98, RowCount:0, ArgLen:1, start time: 2026-07-14 18:18:28.409 +0800 CST, Err:<nil>, ErrCount:0, SnapshotVersion:0, Version: v2"] [summary="server count: 1"]
[2026/07/14 18:18:28.430 +08:00] [WARN] [global_controller.go:850] ["[resource group controller] resource group name does not exist"] [name=default]
[2026/07/14 18:18:28.430 +08:00] [WARN] [global_controller.go:850] ["[resource group controller] resource group name does not exist"] [name=default]
[2026/07/14 18:18:28.430 +08:00] [WARN] [global_controller.go:850] ["[resource group controller] resource group name does not exist"] [name=default]
[2026/07/14 18:18:28.431 +08:00] [WARN] [global_controller.go:850] ["[resource group controller] resource group name does not exist"] [name=default]
[2026/07/14 18:18:28.431 +08:00] [WARN] [global_controller.go:850] ["[resource group controller] resource group name does not exist"] [name=default]
[2026/07/14 18:18:28.431 +08:00] [INFO] [job_worker.go:447] ["finish DDL job"] [category=ddl] [jobID=99] [job="ID:99, Type:create table, State:synced, SchemaState:public, SchemaID:1, TableID:98, RowCount:0, ArgLen:0, start time: 2026-07-14 18:18:28.409 +0800 CST, Err:<nil>, ErrCount:0, SnapshotVersion:0, Version: v2"]
[2026/07/14 18:18:28.431 +08:00] [WARN] [global_controller.go:850] ["[resource group controller] resource group name does not exist"] [name=default]
[2026/07/14 18:18:28.432 +08:00] [WARN] [global_controller.go:850] ["[resource group controller] resource group name does not exist"] [name=default]
[2026/07/14 18:18:28.433 +08:00] [WARN] [global_controller.go:850] ["[resource group controller] resource group name does not exist"] [name=default]
[2026/07/14 18:18:28.433 +08:00] [INFO] [executor.go:7412] ["DDL job is finished"] [category=ddl] [jobID=99]
[2026/07/14 18:18:28.433 +08:00] [INFO] [session.go:5103] ["CRUCIAL OPERATION"] [conn=0] [schemaVersion=49] [cur_db=mysql] [sql="CREATE TABLE IF NOT EXISTS mysql.tidb_pitr_id_map (\n\t\trestore_id BIGINT NOT NULL DEFAULT 0,\n\t\trestored_ts BIGINT NOT NULL,\n\t\tupstream_cluster_id BIGINT NOT NULL,\n\t\tsegment_id BIGINT NOT NULL,\n\t\tid_map BLOB(524288) NOT NULL,\n\t\tupdate_time TIMESTAMP DEFAULT CURRENT_TIMESTAMP,\n\t\tPRIMARY KEY (restore_id, restored_ts, upstream_cluster_id, segment_id));"] [user=]
[2026/07/14 18:18:28.433 +08:00] [INFO] [executor.go:7595] ["system variable tidb_scatter_region not found, use default value"] [category=ddl]
[2026/07/14 18:18:28.433 +08:00] [WARN] [global_controller.go:850] ["[resource group controller] resource group name does not exist"] [name=default]
[2026/07/14 18:18:28.434 +08:00] [WARN] [global_controller.go:850] ["[resource group controller] resource group name does not exist"] [name=default]
[2026/07/14 18:18:28.437 +08:00] [INFO] [job_submitter.go:118] ["add DDL jobs"] [category=ddl] ["batch count"=1] [jobs="ID:101, Type:create table, State:queueing, SchemaState:none, SchemaID:1, TableID:100, RowCount:0, ArgLen:1, start time: 2026-07-14 18:18:28.409 +0800 CST, Err:<nil>, ErrCount:0, SnapshotVersion:0, Version: v2; "] [fast_create=true]
[2026/07/14 18:18:28.437 +08:00] [INFO] [executor.go:7274] ["DDL job submitted"] [category=ddl] [job="ID:101, Type:create table, State:queueing, SchemaState:none, SchemaID:1, TableID:100, RowCount:0, ArgLen:1, start time: 2026-07-14 18:18:28.409 +0800 CST, Err:<nil>, ErrCount:0, SnapshotVersion:0, Version: v2"] [query="CREATE TABLE IF NOT EXISTS mysql.tidb_restore_registry (\n\t\tid BIGINT UNSIGNED NOT NULL AUTO_INCREMENT PRIMARY KEY,\n\t\tfilter_strings TEXT NOT NULL,\n\t\tfilter_hash VARCHAR(64) NOT NULL,\n\t\tstart_ts BIGINT UNSIGNED NOT NULL,\n\t\trestored_ts BIGINT UNSIGNED NOT NULL,\n\t\tupstream_cluster_id BIGINT UNSIGNED,\n\t\twith_sys_table BOOLEAN NOT NULL DEFAULT TRUE,\n\t\tstatus VARCHAR(20) NOT NULL DEFAULT 'running',\n\t\tcmd TEXT,\n\t\ttask_start_time TIMESTAMP(6) DEFAULT CURRENT_TIMESTAMP(6),\n\t\tlast_heartbeat_time TIMESTAMP(6) DEFAULT CURRENT_TIMESTAMP(6),\n\t\tUNIQUE KEY unique_registration_params (\n\t\t\tfilter_hash,\n\t\t\tstart_ts,\n\t\t\trestored_ts,\n\t\t\tupstream_cluster_id,\n\t\t\twith_sys_table,\n\t\t\tcmd(256)\n\t\t)\n\t) AUTO_INCREMENT = 1;"]
[2026/07/14 18:18:28.438 +08:00] [INFO] [lock_resolver.go:1631] ["txn lock cleanup resolve-lock rpc finished"] [action=commit] [txnStartTS=467671268303568927] [commitTS=467671268303568929] [regionID=8] [resolveLite=true] [resolvedByCheckTxnStatus=false]
[2026/07/14 18:18:28.438 +08:00] [WARN] [global_controller.go:850] ["[resource group controller] resource group name does not exist"] [name=default]
[2026/07/14 18:18:28.438 +08:00] [WARN] [global_controller.go:850] ["[resource group controller] resource group name does not exist"] [name=default]
[2026/07/14 18:18:28.439 +08:00] [WARN] [global_controller.go:850] ["[resource group controller] resource group name does not exist"] [name=default]
[2026/07/14 18:18:28.439 +08:00] [INFO] [job_worker.go:854] ["run one job step"] [category=ddl] [jobID=101] [job="ID:101, Type:create table, State:queueing, SchemaState:none, SchemaID:1, TableID:100, RowCount:0, ArgLen:0, start time: 2026-07-14 18:18:28.409 +0800 CST, Err:<nil>, ErrCount:0, SnapshotVersion:0, Version: v2"]
[2026/07/14 18:18:28.440 +08:00] [WARN] [global_controller.go:850] ["[resource group controller] resource group name does not exist"] [name=default]
[2026/07/14 18:18:28.440 +08:00] [WARN] [global_controller.go:850] ["[resource group controller] resource group name does not exist"] [name=default]
[2026/07/14 18:18:28.440 +08:00] [WARN] [global_controller.go:850] ["[resource group controller] resource group name does not exist"] [name=default]
[2026/07/14 18:18:28.446 +08:00] [INFO] [loader.go:216] ["diff load InfoSchema success"] [mode=auto] [isV2=true] [currVer=49] [neededVer=50] [gotVer=50] ["elapsed time"=355.708µs] [phyTblIDs="[100]"] [actionTypes="[3]"] [diffTypes="[\"create table\"]"]
[2026/07/14 18:18:28.446 +08:00] [INFO] [syncer.go:258] ["session manager is nil"]
[2026/07/14 18:18:28.446 +08:00] [INFO] [syncer.go:281] ["mdl gets lock, update self version to owner"] [jobID=101] [version=50]
[2026/07/14 18:18:28.451 +08:00] [INFO] [schema_version.go:397] ["wait schema version synced success"] [category=ddl] [ver=50] [checkAssumedSvr=false] ["take time"=5.924583ms] [job="ID:101, Type:create table, State:done, SchemaState:public, SchemaID:1, TableID:100, RowCount:0, ArgLen:1, start time: 2026-07-14 18:18:28.409 +0800 CST, Err:<nil>, ErrCount:0, SnapshotVersion:0, Version: v2"] [summary="server count: 1"]
[2026/07/14 18:18:28.452 +08:00] [WARN] [global_controller.go:850] ["[resource group controller] resource group name does not exist"] [name=default]
[2026/07/14 18:18:28.452 +08:00] [WARN] [global_controller.go:850] ["[resource group controller] resource group name does not exist"] [name=default]
[2026/07/14 18:18:28.452 +08:00] [WARN] [global_controller.go:850] ["[resource group controller] resource group name does not exist"] [name=default]
[2026/07/14 18:18:28.452 +08:00] [WARN] [global_controller.go:850] ["[resource group controller] resource group name does not exist"] [name=default]
[2026/07/14 18:18:28.453 +08:00] [WARN] [global_controller.go:850] ["[resource group controller] resource group name does not exist"] [name=default]
[2026/07/14 18:18:28.453 +08:00] [WARN] [global_controller.go:850] ["[resource group controller] resource group name does not exist"] [name=default]
[2026/07/14 18:18:28.453 +08:00] [INFO] [job_worker.go:447] ["finish DDL job"] [category=ddl] [jobID=101] [job="ID:101, Type:create table, State:synced, SchemaState:public, SchemaID:1, TableID:100, RowCount:0, ArgLen:0, start time: 2026-07-14 18:18:28.409 +0800 CST, Err:<nil>, ErrCount:0, SnapshotVersion:0, Version: v2"]
[2026/07/14 18:18:28.453 +08:00] [WARN] [global_controller.go:850] ["[resource group controller] resource group name does not exist"] [name=default]
[2026/07/14 18:18:28.455 +08:00] [WARN] [global_controller.go:850] ["[resource group controller] resource group name does not exist"] [name=default]
[2026/07/14 18:18:28.455 +08:00] [WARN] [global_controller.go:850] ["[resource group controller] resource group name does not exist"] [name=default]
[2026/07/14 18:18:28.455 +08:00] [INFO] [executor.go:7412] ["DDL job is finished"] [category=ddl] [jobID=101]
[2026/07/14 18:18:28.455 +08:00] [INFO] [session.go:5103] ["CRUCIAL OPERATION"] [conn=0] [schemaVersion=50] [cur_db=mysql] [sql="CREATE TABLE IF NOT EXISTS mysql.tidb_restore_registry (\n\t\tid BIGINT UNSIGNED NOT NULL AUTO_INCREMENT PRIMARY KEY,\n\t\tfilter_strings TEXT NOT NULL,\n\t\tfilter_hash VARCHAR(64) NOT NULL,\n\t\tstart_ts BIGINT UNSIGNED NOT NULL,\n\t\trestored_ts BIGINT UNSIGNED NOT NULL,\n\t\tupstream_cluster_id BIGINT UNSIGNED,\n\t\twith_sys_table BOOLEAN NOT NULL DEFAULT TRUE,\n\t\tstatus VARCHAR(20) NOT NULL DEFAULT 'running',\n\t\tcmd TEXT,\n\t\ttask_start_time TIMESTAMP(6) DEFAULT CURRENT_TIMESTAMP(6),\n\t\tlast_heartbeat_time TIMESTAMP(6) DEFAULT CURRENT_TIMESTAMP(6),\n\t\tUNIQUE KEY unique_registration_params (\n\t\t\tfilter_hash,\n\t\t\tstart_ts,\n\t\t\trestored_ts,\n\t\t\tupstream_cluster_id,\n\t\t\twith_sys_table,\n\t\t\tcmd(256)\n\t\t)\n\t) AUTO_INCREMENT = 1;"] [user=]
[2026/07/14 18:18:28.456 +08:00] [INFO] [executor.go:7595] ["system variable tidb_scatter_region not found, use default value"] [category=ddl]
[2026/07/14 18:18:28.456 +08:00] [WARN] [global_controller.go:850] ["[resource group controller] resource group name does not exist"] [name=default]
[2026/07/14 18:18:28.457 +08:00] [WARN] [global_controller.go:850] ["[resource group controller] resource group name does not exist"] [name=default]
[2026/07/14 18:18:28.461 +08:00] [INFO] [job_submitter.go:118] ["add DDL jobs"] [category=ddl] ["batch count"=1] [jobs="ID:103, Type:create table, State:queueing, SchemaState:none, SchemaID:1, TableID:102, RowCount:0, ArgLen:1, start time: 2026-07-14 18:18:28.409 +0800 CST, Err:<nil>, ErrCount:0, SnapshotVersion:0, Version: v2; "] [fast_create=true]
[2026/07/14 18:18:28.461 +08:00] [INFO] [executor.go:7274] ["DDL job submitted"] [category=ddl] [job="ID:103, Type:create table, State:queueing, SchemaState:none, SchemaID:1, TableID:102, RowCount:0, ArgLen:1, start time: 2026-07-14 18:18:28.409 +0800 CST, Err:<nil>, ErrCount:0, SnapshotVersion:0, Version: v2"] [query="CREATE TABLE IF NOT EXISTS mysql.index_advisor_results (\n       id bigint primary key not null auto_increment,\n       created_at datetime not null,\n       updated_at datetime not null,\n\n       schema_name varchar(64) not null,\n       table_name varchar(64) not null,\n       index_name varchar(127) not null,\n       index_columns varchar(500) not null COMMENT 'split by \",\", e.g. \"c1\", \"c1,c2\", \"c1,c2,c3,c4,c5\"',\n\n       index_details json,        -- est_index_size, reason, DDL to create this index, ...\n       top_impacted_queries json, -- improvement, plan before and after this index, ...\n       workload_impact json,      -- improvement and more details, ...\n       extra json,                -- for the cloud env to save more info like RU, cost_saving, ...\n       index idx_create(created_at),\n       index idx_update(updated_at),\n       unique index idx(schema_name, table_name, index_columns));"]
[2026/07/14 18:18:28.461 +08:00] [INFO] [lock_resolver.go:1631] ["txn lock cleanup resolve-lock rpc finished"] [action=commit] [txnStartTS=467671268303568951] [commitTS=467671268316938242] [regionID=8] [resolveLite=true] [resolvedByCheckTxnStatus=false]
[2026/07/14 18:18:28.461 +08:00] [WARN] [global_controller.go:850] ["[resource group controller] resource group name does not exist"] [name=default]
[2026/07/14 18:18:28.461 +08:00] [WARN] [global_controller.go:850] ["[resource group controller] resource group name does not exist"] [name=default]
[2026/07/14 18:18:28.462 +08:00] [WARN] [global_controller.go:850] ["[resource group controller] resource group name does not exist"] [name=default]
[2026/07/14 18:18:28.462 +08:00] [INFO] [job_worker.go:854] ["run one job step"] [category=ddl] [jobID=103] [job="ID:103, Type:create table, State:queueing, SchemaState:none, SchemaID:1, TableID:102, RowCount:0, ArgLen:0, start time: 2026-07-14 18:18:28.409 +0800 CST, Err:<nil>, ErrCount:0, SnapshotVersion:0, Version: v2"]
[2026/07/14 18:18:28.463 +08:00] [WARN] [global_controller.go:850] ["[resource group controller] resource group name does not exist"] [name=default]
[2026/07/14 18:18:28.463 +08:00] [WARN] [global_controller.go:850] ["[resource group controller] resource group name does not exist"] [name=default]
[2026/07/14 18:18:28.463 +08:00] [WARN] [global_controller.go:850] ["[resource group controller] resource group name does not exist"] [name=default]
[2026/07/14 18:18:28.470 +08:00] [INFO] [loader.go:216] ["diff load InfoSchema success"] [mode=auto] [isV2=true] [currVer=50] [neededVer=51] [gotVer=51] ["elapsed time"=338.417µs] [phyTblIDs="[102]"] [actionTypes="[3]"] [diffTypes="[\"create table\"]"]
[2026/07/14 18:18:28.470 +08:00] [INFO] [syncer.go:258] ["session manager is nil"]
[2026/07/14 18:18:28.470 +08:00] [INFO] [syncer.go:281] ["mdl gets lock, update self version to owner"] [jobID=103] [version=51]
[2026/07/14 18:18:28.475 +08:00] [INFO] [schema_version.go:397] ["wait schema version synced success"] [category=ddl] [ver=51] [checkAssumedSvr=false] ["take time"=6.110667ms] [job="ID:103, Type:create table, State:done, SchemaState:public, SchemaID:1, TableID:102, RowCount:0, ArgLen:1, start time: 2026-07-14 18:18:28.409 +0800 CST, Err:<nil>, ErrCount:0, SnapshotVersion:0, Version: v2"] [summary="server count: 1"]
[2026/07/14 18:18:28.483 +08:00] [WARN] [global_controller.go:850] ["[resource group controller] resource group name does not exist"] [name=default]
[2026/07/14 18:18:28.483 +08:00] [WARN] [global_controller.go:850] ["[resource group controller] resource group name does not exist"] [name=default]
[2026/07/14 18:18:28.484 +08:00] [WARN] [global_controller.go:850] ["[resource group controller] resource group name does not exist"] [name=default]
[2026/07/14 18:18:28.484 +08:00] [WARN] [global_controller.go:850] ["[resource group controller] resource group name does not exist"] [name=default]
[2026/07/14 18:18:28.484 +08:00] [WARN] [global_controller.go:850] ["[resource group controller] resource group name does not exist"] [name=default]
[2026/07/14 18:18:28.484 +08:00] [INFO] [job_worker.go:447] ["finish DDL job"] [category=ddl] [jobID=103] [job="ID:103, Type:create table, State:synced, SchemaState:public, SchemaID:1, TableID:102, RowCount:0, ArgLen:0, start time: 2026-07-14 18:18:28.409 +0800 CST, Err:<nil>, ErrCount:0, SnapshotVersion:0, Version: v2"]
[2026/07/14 18:18:28.484 +08:00] [WARN] [global_controller.go:850] ["[resource group controller] resource group name does not exist"] [name=default]
[2026/07/14 18:18:28.486 +08:00] [WARN] [global_controller.go:850] ["[resource group controller] resource group name does not exist"] [name=default]
[2026/07/14 18:18:28.486 +08:00] [WARN] [global_controller.go:850] ["[resource group controller] resource group name does not exist"] [name=default]
[2026/07/14 18:18:28.486 +08:00] [INFO] [executor.go:7412] ["DDL job is finished"] [category=ddl] [jobID=103]
[2026/07/14 18:18:28.486 +08:00] [INFO] [session.go:5103] ["CRUCIAL OPERATION"] [conn=0] [schemaVersion=51] [cur_db=mysql] [sql="CREATE TABLE IF NOT EXISTS mysql.index_advisor_results (\n       id bigint primary key not null auto_increment,\n       created_at datetime not null,\n       updated_at datetime not null,\n\n       schema_name varchar(64) not null,\n       table_name varchar(64) not null,\n       index_name varchar(127) not null,\n       index_columns varchar(500) not null COMMENT 'split by \",\", e.g. \"c1\", \"c1,c2\", \"c1,c2,c3,c4,c5\"',\n\n       index_details json,        -- est_index_size, reason, DDL to create this index, ...\n       top_impacted_queries json, -- improvement, plan before and after this index, ...\n       workload_impact json,      -- improvement and more details, ...\n       extra json,                -- for the cloud env to save more info like RU, cost_saving, ...\n       index idx_create(created_at),\n       index idx_update(updated_at),\n       unique index idx(schema_name, table_name, index_columns));"] [user=]
[2026/07/14 18:18:28.486 +08:00] [INFO] [executor.go:7595] ["system variable tidb_scatter_region not found, use default value"] [category=ddl]
[2026/07/14 18:18:28.487 +08:00] [WARN] [global_controller.go:850] ["[resource group controller] resource group name does not exist"] [name=default]
[2026/07/14 18:18:28.487 +08:00] [WARN] [global_controller.go:850] ["[resource group controller] resource group name does not exist"] [name=default]
[2026/07/14 18:18:28.490 +08:00] [INFO] [job_submitter.go:118] ["add DDL jobs"] [category=ddl] ["batch count"=1] [jobs="ID:105, Type:create table, State:queueing, SchemaState:none, SchemaID:1, TableID:104, RowCount:0, ArgLen:1, start time: 2026-07-14 18:18:28.46 +0800 CST, Err:<nil>, ErrCount:0, SnapshotVersion:0, Version: v2; "] [fast_create=true]
[2026/07/14 18:18:28.490 +08:00] [INFO] [executor.go:7274] ["DDL job submitted"] [category=ddl] [job="ID:105, Type:create table, State:queueing, SchemaState:none, SchemaID:1, TableID:104, RowCount:0, ArgLen:1, start time: 2026-07-14 18:18:28.46 +0800 CST, Err:<nil>, ErrCount:0, SnapshotVersion:0, Version: v2"] [query="CREATE TABLE IF NOT EXISTS mysql.tidb_kernel_options (\n        module varchar(128),\n        name varchar(128),\n        value varchar(128),\n        updated_at datetime,\n        status varchar(128),\n        description text,\n        primary key(module, name));"]
[2026/07/14 18:18:28.491 +08:00] [INFO] [lock_resolver.go:1631] ["txn lock cleanup resolve-lock rpc finished"] [action=commit] [txnStartTS=467671268316938264] [commitTS=467671268316938268] [regionID=8] [resolveLite=true] [resolvedByCheckTxnStatus=false]
[2026/07/14 18:18:28.491 +08:00] [WARN] [global_controller.go:850] ["[resource group controller] resource group name does not exist"] [name=default]
[2026/07/14 18:18:28.491 +08:00] [WARN] [global_controller.go:850] ["[resource group controller] resource group name does not exist"] [name=default]
[2026/07/14 18:18:28.491 +08:00] [WARN] [global_controller.go:850] ["[resource group controller] resource group name does not exist"] [name=default]
[2026/07/14 18:18:28.491 +08:00] [INFO] [job_worker.go:854] ["run one job step"] [category=ddl] [jobID=105] [job="ID:105, Type:create table, State:queueing, SchemaState:none, SchemaID:1, TableID:104, RowCount:0, ArgLen:0, start time: 2026-07-14 18:18:28.46 +0800 CST, Err:<nil>, ErrCount:0, SnapshotVersion:0, Version: v2"]
[2026/07/14 18:18:28.492 +08:00] [WARN] [global_controller.go:850] ["[resource group controller] resource group name does not exist"] [name=default]
[2026/07/14 18:18:28.492 +08:00] [WARN] [global_controller.go:850] ["[resource group controller] resource group name does not exist"] [name=default]
[2026/07/14 18:18:28.493 +08:00] [WARN] [global_controller.go:850] ["[resource group controller] resource group name does not exist"] [name=default]
[2026/07/14 18:18:28.499 +08:00] [INFO] [loader.go:216] ["diff load InfoSchema success"] [mode=auto] [isV2=true] [currVer=51] [neededVer=52] [gotVer=52] ["elapsed time"=278.959µs] [phyTblIDs="[104]"] [actionTypes="[3]"] [diffTypes="[\"create table\"]"]
[2026/07/14 18:18:28.499 +08:00] [INFO] [syncer.go:258] ["session manager is nil"]
[2026/07/14 18:18:28.499 +08:00] [INFO] [syncer.go:281] ["mdl gets lock, update self version to owner"] [jobID=105] [version=52]
[2026/07/14 18:18:28.502 +08:00] [WARN] [global_controller.go:850] ["[resource group controller] resource group name does not exist"] [name=default]
[2026/07/14 18:18:28.504 +08:00] [INFO] [schema_version.go:397] ["wait schema version synced success"] [category=ddl] [ver=52] [checkAssumedSvr=false] ["take time"=5.884042ms] [job="ID:105, Type:create table, State:done, SchemaState:public, SchemaID:1, TableID:104, RowCount:0, ArgLen:1, start time: 2026-07-14 18:18:28.46 +0800 CST, Err:<nil>, ErrCount:0, SnapshotVersion:0, Version: v2"] [summary="server count: 1"]
[2026/07/14 18:18:28.505 +08:00] [WARN] [global_controller.go:850] ["[resource group controller] resource group name does not exist"] [name=default]
[2026/07/14 18:18:28.505 +08:00] [WARN] [global_controller.go:850] ["[resource group controller] resource group name does not exist"] [name=default]
[2026/07/14 18:18:28.505 +08:00] [WARN] [global_controller.go:850] ["[resource group controller] resource group name does not exist"] [name=default]
[2026/07/14 18:18:28.505 +08:00] [WARN] [global_controller.go:850] ["[resource group controller] resource group name does not exist"] [name=default]
[2026/07/14 18:18:28.505 +08:00] [WARN] [global_controller.go:850] ["[resource group controller] resource group name does not exist"] [name=default]
[2026/07/14 18:18:28.505 +08:00] [INFO] [job_worker.go:447] ["finish DDL job"] [category=ddl] [jobID=105] [job="ID:105, Type:create table, State:synced, SchemaState:public, SchemaID:1, TableID:104, RowCount:0, ArgLen:0, start time: 2026-07-14 18:18:28.46 +0800 CST, Err:<nil>, ErrCount:0, SnapshotVersion:0, Version: v2"]
[2026/07/14 18:18:28.506 +08:00] [WARN] [global_controller.go:850] ["[resource group controller] resource group name does not exist"] [name=default]
[2026/07/14 18:18:28.507 +08:00] [WARN] [global_controller.go:850] ["[resource group controller] resource group name does not exist"] [name=default]
[2026/07/14 18:18:28.507 +08:00] [WARN] [global_controller.go:850] ["[resource group controller] resource group name does not exist"] [name=default]
[2026/07/14 18:18:28.507 +08:00] [INFO] [executor.go:7412] ["DDL job is finished"] [category=ddl] [jobID=105]
[2026/07/14 18:18:28.507 +08:00] [INFO] [session.go:5103] ["CRUCIAL OPERATION"] [conn=0] [schemaVersion=52] [cur_db=mysql] [sql="CREATE TABLE IF NOT EXISTS mysql.tidb_kernel_options (\n        module varchar(128),\n        name varchar(128),\n        value varchar(128),\n        updated_at datetime,\n        status varchar(128),\n        description text,\n        primary key(module, name));"] [user=]
[2026/07/14 18:18:28.508 +08:00] [INFO] [executor.go:7595] ["system variable tidb_scatter_region not found, use default value"] [category=ddl]
[2026/07/14 18:18:28.508 +08:00] [WARN] [global_controller.go:850] ["[resource group controller] resource group name does not exist"] [name=default]
[2026/07/14 18:18:28.509 +08:00] [WARN] [global_controller.go:850] ["[resource group controller] resource group name does not exist"] [name=default]
[2026/07/14 18:18:28.513 +08:00] [INFO] [job_submitter.go:118] ["add DDL jobs"] [category=ddl] ["batch count"=1] [jobs="ID:107, Type:create table, State:queueing, SchemaState:none, SchemaID:1, TableID:106, RowCount:0, ArgLen:1, start time: 2026-07-14 18:18:28.46 +0800 CST, Err:<nil>, ErrCount:0, SnapshotVersion:0, Version: v2; "] [fast_create=true]
[2026/07/14 18:18:28.513 +08:00] [INFO] [executor.go:7274] ["DDL job submitted"] [category=ddl] [job="ID:107, Type:create table, State:queueing, SchemaState:none, SchemaID:1, TableID:106, RowCount:0, ArgLen:1, start time: 2026-07-14 18:18:28.46 +0800 CST, Err:<nil>, ErrCount:0, SnapshotVersion:0, Version: v2"] [query="CREATE TABLE IF NOT EXISTS mysql.tidb_workload_values (\n\t\tid bigint(20) NOT NULL AUTO_INCREMENT PRIMARY KEY,\n\t\tversion bigint(20) NOT NULL,\n\t\tcategory varchar(64) NOT NULL,\n\t\ttype varchar(64) NOT NULL,\n\t\ttable_id bigint(20) NOT NULL,\n\t\tvalue json NOT NULL,\n\t\tindex idx_version_category_type (version, category, type),\n\t\tindex idx_table_id (table_id));"]
[2026/07/14 18:18:28.513 +08:00] [INFO] [lock_resolver.go:1631] ["txn lock cleanup resolve-lock rpc finished"] [action=commit] [txnStartTS=467671268316938290] [commitTS=467671268329783298] [regionID=8] [resolveLite=true] [resolvedByCheckTxnStatus=false]
[2026/07/14 18:18:28.513 +08:00] [WARN] [global_controller.go:850] ["[resource group controller] resource group name does not exist"] [name=default]
[2026/07/14 18:18:28.513 +08:00] [WARN] [global_controller.go:850] ["[resource group controller] resource group name does not exist"] [name=default]
[2026/07/14 18:18:28.514 +08:00] [WARN] [global_controller.go:850] ["[resource group controller] resource group name does not exist"] [name=default]
[2026/07/14 18:18:28.514 +08:00] [INFO] [job_worker.go:854] ["run one job step"] [category=ddl] [jobID=107] [job="ID:107, Type:create table, State:queueing, SchemaState:none, SchemaID:1, TableID:106, RowCount:0, ArgLen:0, start time: 2026-07-14 18:18:28.46 +0800 CST, Err:<nil>, ErrCount:0, SnapshotVersion:0, Version: v2"]
[2026/07/14 18:18:28.515 +08:00] [WARN] [global_controller.go:850] ["[resource group controller] resource group name does not exist"] [name=default]
[2026/07/14 18:18:28.515 +08:00] [WARN] [global_controller.go:850] ["[resource group controller] resource group name does not exist"] [name=default]
[2026/07/14 18:18:28.515 +08:00] [WARN] [global_controller.go:850] ["[resource group controller] resource group name does not exist"] [name=default]
[2026/07/14 18:18:28.520 +08:00] [INFO] [loader.go:216] ["diff load InfoSchema success"] [mode=auto] [isV2=true] [currVer=52] [neededVer=53] [gotVer=53] ["elapsed time"=326.417µs] [phyTblIDs="[106]"] [actionTypes="[3]"] [diffTypes="[\"create table\"]"]
[2026/07/14 18:18:28.521 +08:00] [INFO] [syncer.go:258] ["session manager is nil"]
[2026/07/14 18:18:28.521 +08:00] [INFO] [syncer.go:281] ["mdl gets lock, update self version to owner"] [jobID=107] [version=53]
[2026/07/14 18:18:28.526 +08:00] [INFO] [schema_version.go:397] ["wait schema version synced success"] [category=ddl] [ver=53] [checkAssumedSvr=false] ["take time"=5.95475ms] [job="ID:107, Type:create table, State:done, SchemaState:public, SchemaID:1, TableID:106, RowCount:0, ArgLen:1, start time: 2026-07-14 18:18:28.46 +0800 CST, Err:<nil>, ErrCount:0, SnapshotVersion:0, Version: v2"] [summary="server count: 1"]
[2026/07/14 18:18:28.527 +08:00] [WARN] [global_controller.go:850] ["[resource group controller] resource group name does not exist"] [name=default]
[2026/07/14 18:18:28.527 +08:00] [WARN] [global_controller.go:850] ["[resource group controller] resource group name does not exist"] [name=default]
[2026/07/14 18:18:28.527 +08:00] [WARN] [global_controller.go:850] ["[resource group controller] resource group name does not exist"] [name=default]
[2026/07/14 18:18:28.527 +08:00] [WARN] [global_controller.go:850] ["[resource group controller] resource group name does not exist"] [name=default]
[2026/07/14 18:18:28.527 +08:00] [WARN] [global_controller.go:850] ["[resource group controller] resource group name does not exist"] [name=default]
[2026/07/14 18:18:28.527 +08:00] [INFO] [job_worker.go:447] ["finish DDL job"] [category=ddl] [jobID=107] [job="ID:107, Type:create table, State:synced, SchemaState:public, SchemaID:1, TableID:106, RowCount:0, ArgLen:0, start time: 2026-07-14 18:18:28.46 +0800 CST, Err:<nil>, ErrCount:0, SnapshotVersion:0, Version: v2"]
[2026/07/14 18:18:28.528 +08:00] [WARN] [global_controller.go:850] ["[resource group controller] resource group name does not exist"] [name=default]
[2026/07/14 18:18:28.529 +08:00] [WARN] [global_controller.go:850] ["[resource group controller] resource group name does not exist"] [name=default]
[2026/07/14 18:18:28.529 +08:00] [WARN] [global_controller.go:850] ["[resource group controller] resource group name does not exist"] [name=default]
[2026/07/14 18:18:28.529 +08:00] [INFO] [executor.go:7412] ["DDL job is finished"] [category=ddl] [jobID=107]
[2026/07/14 18:18:28.529 +08:00] [INFO] [session.go:5103] ["CRUCIAL OPERATION"] [conn=0] [schemaVersion=53] [cur_db=mysql] [sql="CREATE TABLE IF NOT EXISTS mysql.tidb_workload_values (\n\t\tid bigint(20) NOT NULL AUTO_INCREMENT PRIMARY KEY,\n\t\tversion bigint(20) NOT NULL,\n\t\tcategory varchar(64) NOT NULL,\n\t\ttype varchar(64) NOT NULL,\n\t\ttable_id bigint(20) NOT NULL,\n\t\tvalue json NOT NULL,\n\t\tindex idx_version_category_type (version, category, type),\n\t\tindex idx_table_id (table_id));"] [user=]
[2026/07/14 18:18:28.530 +08:00] [INFO] [executor.go:7595] ["system variable tidb_scatter_region not found, use default value"] [category=ddl]
[2026/07/14 18:18:28.530 +08:00] [WARN] [global_controller.go:850] ["[resource group controller] resource group name does not exist"] [name=default]
[2026/07/14 18:18:28.531 +08:00] [WARN] [global_controller.go:850] ["[resource group controller] resource group name does not exist"] [name=default]
[2026/07/14 18:18:28.534 +08:00] [INFO] [job_submitter.go:118] ["add DDL jobs"] [category=ddl] ["batch count"=1] [jobs="ID:109, Type:create table, State:queueing, SchemaState:none, SchemaID:1, TableID:108, RowCount:0, ArgLen:1, start time: 2026-07-14 18:18:28.509 +0800 CST, Err:<nil>, ErrCount:0, SnapshotVersion:0, Version: v2; "] [fast_create=true]
[2026/07/14 18:18:28.534 +08:00] [INFO] [executor.go:7274] ["DDL job submitted"] [category=ddl] [job="ID:109, Type:create table, State:queueing, SchemaState:none, SchemaID:1, TableID:108, RowCount:0, ArgLen:1, start time: 2026-07-14 18:18:28.509 +0800 CST, Err:<nil>, ErrCount:0, SnapshotVersion:0, Version: v2"] [query="CREATE TABLE IF NOT EXISTS mysql.tidb_masking_policy (\n\t\tpolicy_id BIGINT(64) NOT NULL AUTO_INCREMENT,\n\t\tpolicy_name VARCHAR(64) NOT NULL,\n\t\tdb_name VARCHAR(64) NOT NULL,\n\t\ttable_name VARCHAR(64) NOT NULL,\n\t\ttable_id BIGINT(64) NOT NULL,\n\t\tcolumn_name VARCHAR(64) NOT NULL,\n\t\tcolumn_id BIGINT(64) NOT NULL,\n\t\texpression TEXT NOT NULL,\n\t\tstatus VARCHAR(16) NOT NULL,\n\t\tmasking_type VARCHAR(32) NOT NULL,\n\t\trestrict_on VARCHAR(256) NOT NULL DEFAULT 'NONE',\n\t\tcreated_at DATETIME(6) NOT NULL,\n\t\tupdated_at DATETIME(6) NOT NULL,\n\t\tcreated_by VARCHAR(288) NOT NULL DEFAULT '',\n\t\tPRIMARY KEY(policy_id),\n\t\tUNIQUE KEY uk_table_policy(table_id, policy_name),\n\t\tUNIQUE KEY uk_table_column(table_id, column_id)\n\t\t);"]
[2026/07/14 18:18:28.534 +08:00] [INFO] [lock_resolver.go:1631] ["txn lock cleanup resolve-lock rpc finished"] [action=commit] [txnStartTS=467671268329783319] [commitTS=467671268329783321] [regionID=8] [resolveLite=true] [resolvedByCheckTxnStatus=false]
[2026/07/14 18:18:28.534 +08:00] [WARN] [global_controller.go:850] ["[resource group controller] resource group name does not exist"] [name=default]
[2026/07/14 18:18:28.535 +08:00] [WARN] [global_controller.go:850] ["[resource group controller] resource group name does not exist"] [name=default]
[2026/07/14 18:18:28.535 +08:00] [WARN] [global_controller.go:850] ["[resource group controller] resource group name does not exist"] [name=default]
[2026/07/14 18:18:28.535 +08:00] [INFO] [job_worker.go:854] ["run one job step"] [category=ddl] [jobID=109] [job="ID:109, Type:create table, State:queueing, SchemaState:none, SchemaID:1, TableID:108, RowCount:0, ArgLen:0, start time: 2026-07-14 18:18:28.509 +0800 CST, Err:<nil>, ErrCount:0, SnapshotVersion:0, Version: v2"]
[2026/07/14 18:18:28.536 +08:00] [WARN] [global_controller.go:850] ["[resource group controller] resource group name does not exist"] [name=default]
[2026/07/14 18:18:28.536 +08:00] [WARN] [global_controller.go:850] ["[resource group controller] resource group name does not exist"] [name=default]
[2026/07/14 18:18:28.537 +08:00] [WARN] [global_controller.go:850] ["[resource group controller] resource group name does not exist"] [name=default]
[2026/07/14 18:18:28.543 +08:00] [INFO] [loader.go:216] ["diff load InfoSchema success"] [mode=auto] [isV2=true] [currVer=53] [neededVer=54] [gotVer=54] ["elapsed time"=339.959µs] [phyTblIDs="[108]"] [actionTypes="[3]"] [diffTypes="[\"create table\"]"]
[2026/07/14 18:18:28.543 +08:00] [INFO] [syncer.go:258] ["session manager is nil"]
[2026/07/14 18:18:28.543 +08:00] [INFO] [syncer.go:281] ["mdl gets lock, update self version to owner"] [jobID=109] [version=54]
[2026/07/14 18:18:28.548 +08:00] [INFO] [schema_version.go:397] ["wait schema version synced success"] [category=ddl] [ver=54] [checkAssumedSvr=false] ["take time"=5.910458ms] [job="ID:109, Type:create table, State:done, SchemaState:public, SchemaID:1, TableID:108, RowCount:0, ArgLen:1, start time: 2026-07-14 18:18:28.509 +0800 CST, Err:<nil>, ErrCount:0, SnapshotVersion:0, Version: v2"] [summary="server count: 1"]
[2026/07/14 18:18:28.549 +08:00] [WARN] [global_controller.go:850] ["[resource group controller] resource group name does not exist"] [name=default]
[2026/07/14 18:18:28.549 +08:00] [WARN] [global_controller.go:850] ["[resource group controller] resource group name does not exist"] [name=default]
[2026/07/14 18:18:28.549 +08:00] [WARN] [global_controller.go:850] ["[resource group controller] resource group name does not exist"] [name=default]
[2026/07/14 18:18:28.550 +08:00] [WARN] [global_controller.go:850] ["[resource group controller] resource group name does not exist"] [name=default]
[2026/07/14 18:18:28.550 +08:00] [WARN] [global_controller.go:850] ["[resource group controller] resource group name does not exist"] [name=default]
[2026/07/14 18:18:28.550 +08:00] [INFO] [job_worker.go:447] ["finish DDL job"] [category=ddl] [jobID=109] [job="ID:109, Type:create table, State:synced, SchemaState:public, SchemaID:1, TableID:108, RowCount:0, ArgLen:0, start time: 2026-07-14 18:18:28.509 +0800 CST, Err:<nil>, ErrCount:0, SnapshotVersion:0, Version: v2"]
[2026/07/14 18:18:28.550 +08:00] [WARN] [global_controller.go:850] ["[resource group controller] resource group name does not exist"] [name=default]
[2026/07/14 18:18:28.551 +08:00] [WARN] [global_controller.go:850] ["[resource group controller] resource group name does not exist"] [name=default]
[2026/07/14 18:18:28.551 +08:00] [WARN] [global_controller.go:850] ["[resource group controller] resource group name does not exist"] [name=default]
[2026/07/14 18:18:28.552 +08:00] [INFO] [executor.go:7412] ["DDL job is finished"] [category=ddl] [jobID=109]
[2026/07/14 18:18:28.552 +08:00] [INFO] [session.go:5103] ["CRUCIAL OPERATION"] [conn=0] [schemaVersion=54] [cur_db=mysql] [sql="CREATE TABLE IF NOT EXISTS mysql.tidb_masking_policy (\n\t\tpolicy_id BIGINT(64) NOT NULL AUTO_INCREMENT,\n\t\tpolicy_name VARCHAR(64) NOT NULL,\n\t\tdb_name VARCHAR(64) NOT NULL,\n\t\ttable_name VARCHAR(64) NOT NULL,\n\t\ttable_id BIGINT(64) NOT NULL,\n\t\tcolumn_name VARCHAR(64) NOT NULL,\n\t\tcolumn_id BIGINT(64) NOT NULL,\n\t\texpression TEXT NOT NULL,\n\t\tstatus VARCHAR(16) NOT NULL,\n\t\tmasking_type VARCHAR(32) NOT NULL,\n\t\trestrict_on VARCHAR(256) NOT NULL DEFAULT 'NONE',\n\t\tcreated_at DATETIME(6) NOT NULL,\n\t\tupdated_at DATETIME(6) NOT NULL,\n\t\tcreated_by VARCHAR(288) NOT NULL DEFAULT '',\n\t\tPRIMARY KEY(policy_id),\n\t\tUNIQUE KEY uk_table_policy(table_id, policy_name),\n\t\tUNIQUE KEY uk_table_column(table_id, column_id)\n\t\t);"] [user=]
[2026/07/14 18:18:28.552 +08:00] [WARN] [global_controller.go:850] ["[resource group controller] resource group name does not exist"] [name=default]
[2026/07/14 18:18:28.556 +08:00] [WARN] [global_controller.go:850] ["[resource group controller] resource group name does not exist"] [name=default]
[2026/07/14 18:18:28.558 +08:00] [INFO] [executor.go:7595] ["system variable tidb_scatter_region not found, use default value"] [category=ddl]
[2026/07/14 18:18:28.558 +08:00] [WARN] [global_controller.go:850] ["[resource group controller] resource group name does not exist"] [name=default]
[2026/07/14 18:18:28.559 +08:00] [WARN] [global_controller.go:850] ["[resource group controller] resource group name does not exist"] [name=default]
[2026/07/14 18:18:28.560 +08:00] [INFO] [job_submitter.go:118] ["add DDL jobs"] [category=ddl] ["batch count"=1] [jobs="ID:111, Type:create view, State:queueing, SchemaState:none, SchemaID:1, TableID:110, RowCount:0, ArgLen:1, start time: 2026-07-14 18:18:28.509 +0800 CST, Err:<nil>, ErrCount:0, SnapshotVersion:0, Version: v2; "] [fast_create=true]
[2026/07/14 18:18:28.560 +08:00] [INFO] [executor.go:7274] ["DDL job submitted"] [category=ddl] [job="ID:111, Type:create view, State:queueing, SchemaState:none, SchemaID:1, TableID:110, RowCount:0, ArgLen:1, start time: 2026-07-14 18:18:28.509 +0800 CST, Err:<nil>, ErrCount:0, SnapshotVersion:0, Version: v2"] [query="CREATE OR REPLACE SQL SECURITY INVOKER VIEW mysql.tidb_mdl_view as (\n\t\tSELECT tidb_mdl_info.job_id,\n\t\t\tJSON_UNQUOTE(JSON_EXTRACT(cast(cast(job_meta as char) as json), \"$.schema_name\")) as db_name,\n\t\t\tJSON_UNQUOTE(JSON_EXTRACT(cast(cast(job_meta as char) as json), \"$.table_name\")) as table_name,\n\t\t\tJSON_UNQUOTE(JSON_EXTRACT(cast(cast(job_meta as char) as json), \"$.query\")) as query,\n\t\t\tsession_id,\n\t\t\tcluster_tidb_trx.start_time,\n\t\t\ttidb_decode_sql_digests(all_sql_digests, 4096) AS SQL_DIGESTS\n\t\tFROM mysql.tidb_ddl_job,\n\t\t\tmysql.tidb_mdl_info,\n\t\t\tinformation_schema.cluster_tidb_trx\n\t\tWHERE tidb_ddl_job.job_id=tidb_mdl_info.job_id\n\t\t\tAND CONCAT(',', tidb_mdl_info.table_ids, ',') REGEXP CONCAT(',(', REPLACE(cluster_tidb_trx.related_table_ids, ',', '|'), '),') != 0\n\t);"]
[2026/07/14 18:18:28.560 +08:00] [WARN] [global_controller.go:850] ["[resource group controller] resource group name does not exist"] [name=default]
[2026/07/14 18:18:28.560 +08:00] [WARN] [global_controller.go:850] ["[resource group controller] resource group name does not exist"] [name=default]
[2026/07/14 18:18:28.560 +08:00] [INFO] [job_worker.go:854] ["run one job step"] [category=ddl] [jobID=111] [job="ID:111, Type:create view, State:queueing, SchemaState:none, SchemaID:1, TableID:110, RowCount:0, ArgLen:0, start time: 2026-07-14 18:18:28.509 +0800 CST, Err:<nil>, ErrCount:0, SnapshotVersion:0, Version: v2"]
[2026/07/14 18:18:28.561 +08:00] [WARN] [global_controller.go:850] ["[resource group controller] resource group name does not exist"] [name=default]
[2026/07/14 18:18:28.561 +08:00] [WARN] [global_controller.go:850] ["[resource group controller] resource group name does not exist"] [name=default]
[2026/07/14 18:18:28.562 +08:00] [WARN] [global_controller.go:850] ["[resource group controller] resource group name does not exist"] [name=default]
[2026/07/14 18:18:28.568 +08:00] [INFO] [loader.go:216] ["diff load InfoSchema success"] [mode=auto] [isV2=true] [currVer=54] [neededVer=55] [gotVer=55] ["elapsed time"=312.041µs] [phyTblIDs="[110]"] [actionTypes="[21]"] [diffTypes="[\"create view\"]"]
[2026/07/14 18:18:28.568 +08:00] [INFO] [syncer.go:258] ["session manager is nil"]
[2026/07/14 18:18:28.568 +08:00] [INFO] [syncer.go:281] ["mdl gets lock, update self version to owner"] [jobID=111] [version=55]
[2026/07/14 18:18:28.573 +08:00] [INFO] [schema_version.go:397] ["wait schema version synced success"] [category=ddl] [ver=55] [checkAssumedSvr=false] ["take time"=6.032292ms] [job="ID:111, Type:create view, State:done, SchemaState:public, SchemaID:1, TableID:110, RowCount:0, ArgLen:1, start time: 2026-07-14 18:18:28.509 +0800 CST, Err:<nil>, ErrCount:0, SnapshotVersion:0, Version: v2"] [summary="server count: 1"]
[2026/07/14 18:18:28.574 +08:00] [WARN] [global_controller.go:850] ["[resource group controller] resource group name does not exist"] [name=default]
[2026/07/14 18:18:28.574 +08:00] [WARN] [global_controller.go:850] ["[resource group controller] resource group name does not exist"] [name=default]
[2026/07/14 18:18:28.574 +08:00] [WARN] [global_controller.go:850] ["[resource group controller] resource group name does not exist"] [name=default]
[2026/07/14 18:18:28.574 +08:00] [WARN] [global_controller.go:850] ["[resource group controller] resource group name does not exist"] [name=default]
[2026/07/14 18:18:28.574 +08:00] [WARN] [global_controller.go:850] ["[resource group controller] resource group name does not exist"] [name=default]
[2026/07/14 18:18:28.574 +08:00] [INFO] [job_worker.go:447] ["finish DDL job"] [category=ddl] [jobID=111] [job="ID:111, Type:create view, State:synced, SchemaState:public, SchemaID:1, TableID:110, RowCount:0, ArgLen:0, start time: 2026-07-14 18:18:28.509 +0800 CST, Err:<nil>, ErrCount:0, SnapshotVersion:0, Version: v2"]
[2026/07/14 18:18:28.575 +08:00] [WARN] [global_controller.go:850] ["[resource group controller] resource group name does not exist"] [name=default]
[2026/07/14 18:18:28.576 +08:00] [WARN] [global_controller.go:850] ["[resource group controller] resource group name does not exist"] [name=default]
[2026/07/14 18:18:28.576 +08:00] [WARN] [global_controller.go:850] ["[resource group controller] resource group name does not exist"] [name=default]
[2026/07/14 18:18:28.576 +08:00] [INFO] [executor.go:7412] ["DDL job is finished"] [category=ddl] [jobID=111]
[2026/07/14 18:18:28.577 +08:00] [INFO] [executor.go:7595] ["system variable tidb_scatter_region not found, use default value"] [category=ddl]
[2026/07/14 18:18:28.577 +08:00] [WARN] [global_controller.go:850] ["[resource group controller] resource group name does not exist"] [name=default]
[2026/07/14 18:18:28.578 +08:00] [WARN] [global_controller.go:850] ["[resource group controller] resource group name does not exist"] [name=default]
[2026/07/14 18:18:28.581 +08:00] [INFO] [job_submitter.go:118] ["add DDL jobs"] [category=ddl] ["batch count"=1] [jobs="ID:113, Type:create view, State:queueing, SchemaState:none, SchemaID:2, TableID:112, RowCount:0, ArgLen:1, start time: 2026-07-14 18:18:28.559 +0800 CST, Err:<nil>, ErrCount:0, SnapshotVersion:0, Version: v2; "] [fast_create=true]
[2026/07/14 18:18:28.581 +08:00] [INFO] [executor.go:7274] ["DDL job submitted"] [category=ddl] [job="ID:113, Type:create view, State:queueing, SchemaState:none, SchemaID:2, TableID:112, RowCount:0, ArgLen:1, start time: 2026-07-14 18:18:28.559 +0800 CST, Err:<nil>, ErrCount:0, SnapshotVersion:0, Version: v2"] [query="CREATE OR REPLACE VIEW sys.schema_unused_indexes AS\n\t\tSELECT\n\t\t\ttable_schema as object_schema,\n\t\t\ttable_name as object_name,\n\t\t\tindex_name\n\t\tFROM information_schema.cluster_tidb_index_usage\n\t\tWHERE\n\t\t\ttable_schema not in ('sys', 'mysql', 'INFORMATION_SCHEMA', 'PERFORMANCE_SCHEMA') and\n\t\t\tindex_name != 'PRIMARY'\n\t\tGROUP BY table_schema, table_name, index_name\n\t\tHAVING\n\t\t\tsum(last_access_time) is null;"]
[2026/07/14 18:18:28.581 +08:00] [INFO] [lock_resolver.go:1631] ["txn lock cleanup resolve-lock rpc finished"] [action=commit] [txnStartTS=467671268342890516] [commitTS=467671268342890518] [regionID=8] [resolveLite=true] [resolvedByCheckTxnStatus=false]
[2026/07/14 18:18:28.582 +08:00] [WARN] [global_controller.go:850] ["[resource group controller] resource group name does not exist"] [name=default]
[2026/07/14 18:18:28.582 +08:00] [WARN] [global_controller.go:850] ["[resource group controller] resource group name does not exist"] [name=default]
[2026/07/14 18:18:28.582 +08:00] [WARN] [global_controller.go:850] ["[resource group controller] resource group name does not exist"] [name=default]
[2026/07/14 18:18:28.582 +08:00] [INFO] [job_worker.go:854] ["run one job step"] [category=ddl] [jobID=113] [job="ID:113, Type:create view, State:queueing, SchemaState:none, SchemaID:2, TableID:112, RowCount:0, ArgLen:0, start time: 2026-07-14 18:18:28.559 +0800 CST, Err:<nil>, ErrCount:0, SnapshotVersion:0, Version: v2"]
[2026/07/14 18:18:28.583 +08:00] [WARN] [global_controller.go:850] ["[resource group controller] resource group name does not exist"] [name=default]
[2026/07/14 18:18:28.584 +08:00] [WARN] [global_controller.go:850] ["[resource group controller] resource group name does not exist"] [name=default]
[2026/07/14 18:18:28.584 +08:00] [WARN] [global_controller.go:850] ["[resource group controller] resource group name does not exist"] [name=default]
[2026/07/14 18:18:28.595 +08:00] [INFO] [loader.go:216] ["diff load InfoSchema success"] [mode=auto] [isV2=true] [currVer=55] [neededVer=56] [gotVer=56] ["elapsed time"=257.25µs] [phyTblIDs="[112]"] [actionTypes="[21]"] [diffTypes="[\"create view\"]"]
[2026/07/14 18:18:28.596 +08:00] [INFO] [syncer.go:258] ["session manager is nil"]
[2026/07/14 18:18:28.596 +08:00] [INFO] [syncer.go:281] ["mdl gets lock, update self version to owner"] [jobID=113] [version=56]
[2026/07/14 18:18:28.601 +08:00] [INFO] [schema_version.go:397] ["wait schema version synced success"] [category=ddl] [ver=56] [checkAssumedSvr=false] ["take time"=5.900875ms] [job="ID:113, Type:create view, State:done, SchemaState:public, SchemaID:2, TableID:112, RowCount:0, ArgLen:1, start time: 2026-07-14 18:18:28.559 +0800 CST, Err:<nil>, ErrCount:0, SnapshotVersion:0, Version: v2"] [summary="server count: 1"]
[2026/07/14 18:18:28.602 +08:00] [WARN] [global_controller.go:850] ["[resource group controller] resource group name does not exist"] [name=default]
[2026/07/14 18:18:28.602 +08:00] [WARN] [global_controller.go:850] ["[resource group controller] resource group name does not exist"] [name=default]
[2026/07/14 18:18:28.602 +08:00] [WARN] [global_controller.go:850] ["[resource group controller] resource group name does not exist"] [name=default]
[2026/07/14 18:18:28.602 +08:00] [WARN] [global_controller.go:850] ["[resource group controller] resource group name does not exist"] [name=default]
[2026/07/14 18:18:28.602 +08:00] [WARN] [global_controller.go:850] ["[resource group controller] resource group name does not exist"] [name=default]
[2026/07/14 18:18:28.602 +08:00] [WARN] [global_controller.go:850] ["[resource group controller] resource group name does not exist"] [name=default]
[2026/07/14 18:18:28.602 +08:00] [INFO] [job_worker.go:447] ["finish DDL job"] [category=ddl] [jobID=113] [job="ID:113, Type:create view, State:synced, SchemaState:public, SchemaID:2, TableID:112, RowCount:0, ArgLen:0, start time: 2026-07-14 18:18:28.559 +0800 CST, Err:<nil>, ErrCount:0, SnapshotVersion:0, Version: v2"]
[2026/07/14 18:18:28.603 +08:00] [WARN] [global_controller.go:850] ["[resource group controller] resource group name does not exist"] [name=default]
[2026/07/14 18:18:28.604 +08:00] [WARN] [global_controller.go:850] ["[resource group controller] resource group name does not exist"] [name=default]
[2026/07/14 18:18:28.604 +08:00] [WARN] [global_controller.go:850] ["[resource group controller] resource group name does not exist"] [name=default]
[2026/07/14 18:18:28.604 +08:00] [INFO] [executor.go:7412] ["DDL job is finished"] [category=ddl] [jobID=113]
[2026/07/14 18:18:28.605 +08:00] [WARN] [global_controller.go:850] ["[resource group controller] resource group name does not exist"] [name=default]
[2026/07/14 18:18:28.605 +08:00] [WARN] [global_controller.go:850] ["[resource group controller] resource group name does not exist"] [name=default]
[2026/07/14 18:18:28.609 +08:00] [INFO] [job_submitter.go:118] ["add DDL jobs"] [category=ddl] ["batch count"=1] [jobs="ID:115, Type:create schema, State:queueing, SchemaState:none, SchemaID:114, TableID:0, RowCount:0, ArgLen:1, start time: 2026-07-14 18:18:28.559 +0800 CST, Err:<nil>, ErrCount:0, SnapshotVersion:0, Version: v2; "] [fast_create=true]
[2026/07/14 18:18:28.609 +08:00] [INFO] [executor.go:7274] ["DDL job submitted"] [category=ddl] [job="ID:115, Type:create schema, State:queueing, SchemaState:none, SchemaID:114, TableID:0, RowCount:0, ArgLen:1, start time: 2026-07-14 18:18:28.559 +0800 CST, Err:<nil>, ErrCount:0, SnapshotVersion:0, Version: v2"] [query="CREATE DATABASE IF NOT EXISTS test"]
[2026/07/14 18:18:28.610 +08:00] [INFO] [lock_resolver.go:1631] ["txn lock cleanup resolve-lock rpc finished"] [action=commit] [txnStartTS=467671268342890540] [commitTS=467671268342890542] [regionID=8] [resolveLite=true] [resolvedByCheckTxnStatus=false]
[2026/07/14 18:18:28.610 +08:00] [WARN] [global_controller.go:850] ["[resource group controller] resource group name does not exist"] [name=default]
[2026/07/14 18:18:28.610 +08:00] [WARN] [global_controller.go:850] ["[resource group controller] resource group name does not exist"] [name=default]
[2026/07/14 18:18:28.610 +08:00] [WARN] [global_controller.go:850] ["[resource group controller] resource group name does not exist"] [name=default]
[2026/07/14 18:18:28.610 +08:00] [INFO] [job_worker.go:854] ["run one job step"] [category=ddl] [jobID=115] [job="ID:115, Type:create schema, State:queueing, SchemaState:none, SchemaID:114, TableID:0, RowCount:0, ArgLen:0, start time: 2026-07-14 18:18:28.559 +0800 CST, Err:<nil>, ErrCount:0, SnapshotVersion:0, Version: v2"]
[2026/07/14 18:18:28.611 +08:00] [WARN] [global_controller.go:850] ["[resource group controller] resource group name does not exist"] [name=default]
[2026/07/14 18:18:28.611 +08:00] [WARN] [global_controller.go:850] ["[resource group controller] resource group name does not exist"] [name=default]
[2026/07/14 18:18:28.611 +08:00] [WARN] [global_controller.go:850] ["[resource group controller] resource group name does not exist"] [name=default]
[2026/07/14 18:18:28.616 +08:00] [INFO] [loader.go:216] ["diff load InfoSchema success"] [mode=auto] [isV2=true] [currVer=56] [neededVer=57] [gotVer=57] ["elapsed time"=115.625µs] [phyTblIDs="[]"] [actionTypes="[]"] [diffTypes="[\"create schema\"]"]
[2026/07/14 18:18:28.617 +08:00] [INFO] [syncer.go:258] ["session manager is nil"]
[2026/07/14 18:18:28.617 +08:00] [INFO] [syncer.go:281] ["mdl gets lock, update self version to owner"] [jobID=115] [version=57]
[2026/07/14 18:18:28.621 +08:00] [INFO] [schema_version.go:397] ["wait schema version synced success"] [category=ddl] [ver=57] [checkAssumedSvr=false] ["take time"=5.142042ms] [job="ID:115, Type:create schema, State:done, SchemaState:public, SchemaID:114, TableID:0, RowCount:0, ArgLen:1, start time: 2026-07-14 18:18:28.559 +0800 CST, Err:<nil>, ErrCount:0, SnapshotVersion:0, Version: v2"] [summary="server count: 1"]
[2026/07/14 18:18:28.623 +08:00] [WARN] [global_controller.go:850] ["[resource group controller] resource group name does not exist"] [name=default]
[2026/07/14 18:18:28.623 +08:00] [WARN] [global_controller.go:850] ["[resource group controller] resource group name does not exist"] [name=default]
[2026/07/14 18:18:28.623 +08:00] [WARN] [global_controller.go:850] ["[resource group controller] resource group name does not exist"] [name=default]
[2026/07/14 18:18:28.623 +08:00] [WARN] [global_controller.go:850] ["[resource group controller] resource group name does not exist"] [name=default]
[2026/07/14 18:18:28.623 +08:00] [WARN] [global_controller.go:850] ["[resource group controller] resource group name does not exist"] [name=default]
[2026/07/14 18:18:28.623 +08:00] [INFO] [job_worker.go:447] ["finish DDL job"] [category=ddl] [jobID=115] [job="ID:115, Type:create schema, State:synced, SchemaState:public, SchemaID:114, TableID:0, RowCount:0, ArgLen:0, start time: 2026-07-14 18:18:28.559 +0800 CST, Err:<nil>, ErrCount:0, SnapshotVersion:0, Version: v2"]
[2026/07/14 18:18:28.623 +08:00] [WARN] [global_controller.go:850] ["[resource group controller] resource group name does not exist"] [name=default]
[2026/07/14 18:18:28.625 +08:00] [WARN] [global_controller.go:850] ["[resource group controller] resource group name does not exist"] [name=default]
[2026/07/14 18:18:28.625 +08:00] [INFO] [executor.go:7412] ["DDL job is finished"] [category=ddl] [jobID=115]
[2026/07/14 18:18:28.625 +08:00] [INFO] [session.go:5103] ["CRUCIAL OPERATION"] [conn=0] [schemaVersion=57] [cur_db=mysql] [sql="CREATE DATABASE IF NOT EXISTS test"] [user=]
[2026/07/14 18:18:28.625 +08:00] [WARN] [global_controller.go:850] ["[resource group controller] resource group name does not exist"] [name=default]
[2026/07/14 18:18:28.629 +08:00] [WARN] [global_controller.go:850] ["[resource group controller] resource group name does not exist"] [name=default]
[2026/07/14 18:18:28.642 +08:00] [INFO] [bootstrap.go:90] ["bootstrap successful"] ["take time"=1.390448667s]
[2026/07/14 18:18:28.643 +08:00] [INFO] [syncer.go:488] ["schema version sync loop interrupted, retrying..."] [category=ddl]
[2026/07/14 18:18:28.643 +08:00] [INFO] [job_scheduler.go:269] ["scheduleLoop quit due to context canceled"] [category=ddl]
[2026/07/14 18:18:28.643 +08:00] [INFO] [manager.go:420] ["watch owner finished"] [key=/tidb/ddl/fg/owner] [id=4705f4a5-9657-4852-85f9-67d5ffaadb45] []
[2026/07/14 18:18:28.643 +08:00] [INFO] [manager.go:333] ["retire owner"] [key=/tidb/ddl/fg/owner] [id=4705f4a5-9657-4852-85f9-67d5ffaadb45]
[2026/07/14 18:18:28.643 +08:00] [INFO] [ddl_workerpool.go:78] ["closing workerPool"] [category=ddl]
[2026/07/14 18:18:28.643 +08:00] [INFO] [ddl_workerpool.go:78] ["closing workerPool"] [category=ddl]
[2026/07/14 18:18:28.643 +08:00] [INFO] [job_worker.go:267] ["DDL worker closed"] [category=ddl] [worker="worker 8, tp general"] ["take time"=5.75µs]
[2026/07/14 18:18:28.643 +08:00] [INFO] [job_worker.go:267] ["DDL worker closed"] [category=ddl] [worker="worker 9, tp general"] ["take time"=1.708µs]
[2026/07/14 18:18:28.643 +08:00] [INFO] [job_worker.go:267] ["DDL worker closed"] [category=ddl] [worker="worker 10, tp general"] ["take time"=1.625µs]
[2026/07/14 18:18:28.643 +08:00] [INFO] [job_worker.go:267] ["DDL worker closed"] [category=ddl] [worker="worker 1, tp general"] ["take time"=1.25µs]
[2026/07/14 18:18:28.643 +08:00] [INFO] [job_worker.go:267] ["DDL worker closed"] [category=ddl] [worker="worker 2, tp general"] ["take time"=1.375µs]
[2026/07/14 18:18:28.643 +08:00] [INFO] [job_worker.go:267] ["DDL worker closed"] [category=ddl] [worker="worker 3, tp general"] ["take time"=1.167µs]
[2026/07/14 18:18:28.643 +08:00] [INFO] [job_worker.go:267] ["DDL worker closed"] [category=ddl] [worker="worker 4, tp general"] ["take time"=1.125µs]
[2026/07/14 18:18:28.643 +08:00] [INFO] [job_worker.go:267] ["DDL worker closed"] [category=ddl] [worker="worker 5, tp general"] ["take time"=1.291µs]
[2026/07/14 18:18:28.643 +08:00] [INFO] [job_worker.go:267] ["DDL worker closed"] [category=ddl] [worker="worker 6, tp general"] ["take time"=1.208µs]
[2026/07/14 18:18:28.643 +08:00] [INFO] [job_worker.go:267] ["DDL worker closed"] [category=ddl] [worker="worker 7, tp general"] ["take time"=1.375µs]
[2026/07/14 18:18:28.643 +08:00] [INFO] [manager.go:424] ["is not the owner"] [key=/tidb/ddl/fg/owner] [id=4705f4a5-9657-4852-85f9-67d5ffaadb45]
[2026/07/14 18:18:28.643 +08:00] [INFO] [manager.go:385] ["break campaign loop, context is done"] [key=/tidb/ddl/fg/owner] [id=4705f4a5-9657-4852-85f9-67d5ffaadb45]
[2026/07/14 18:18:28.647 +08:00] [INFO] [delete_range.go:162] ["closing delRange"] [category=ddl]
[2026/07/14 18:18:28.647 +08:00] [INFO] [session_pool.go:133] ["closing session pool"] [category=ddl]
[2026/07/14 18:18:28.647 +08:00] [INFO] [ddl.go:1159] ["DDL closed"] [category=ddl] [ID=4705f4a5-9657-4852-85f9-67d5ffaadb45] ["take time"=4.729209ms]
[2026/07/14 18:18:28.647 +08:00] [INFO] [ddl.go:849] ["stop DDL"] [category=ddl] [ID=4705f4a5-9657-4852-85f9-67d5ffaadb45]
[2026/07/14 18:18:28.647 +08:00] [INFO] [domain.go:2868] ["serverIDSession need restart"]
[2026/07/14 18:18:28.660 +08:00] [INFO] [domain.go:2733] ["releaseServerID succeed"] [serverID=1476] [leaseID=2463925706391969896]
[2026/07/14 18:18:28.660 +08:00] [INFO] [syncer.go:288] ["server info sync loop exited."]
[2026/07/14 18:18:28.660 +08:00] [INFO] [wait_group_wrapper.go:150] ["background process exited"] [source=domain] [process=infoSyncerKeeper]
[2026/07/14 18:18:28.660 +08:00] [INFO] [manager.go:420] ["watch owner finished"] [key=/tidb/br-stream/owner] [id=7d647dfb-3261-45d3-b36b-935a2d5f42d2] []
[2026/07/14 18:18:28.660 +08:00] [INFO] [manager.go:333] ["retire owner"] [key=/tidb/br-stream/owner] [id=7d647dfb-3261-45d3-b36b-935a2d5f42d2]
[2026/07/14 18:18:28.660 +08:00] [INFO] [manager.go:241] ["runaway watch sync loop exit"]
[2026/07/14 18:18:28.660 +08:00] [INFO] [syncer.go:422] ["topology sync loop exited."]
[2026/07/14 18:18:28.660 +08:00] [INFO] [domain.go:2800] ["serverIDKeeper exited."]
[2026/07/14 18:18:28.660 +08:00] [INFO] [wait_group_wrapper.go:150] ["background process exited"] [source=domain] [process=runawayWatchSyncLoop]
[2026/07/14 18:18:28.660 +08:00] [INFO] [manager.go:424] ["is not the owner"] [key=/tidb/br-stream/owner] [id=7d647dfb-3261-45d3-b36b-935a2d5f42d2]
[2026/07/14 18:18:28.660 +08:00] [INFO] [wait_group_wrapper.go:150] ["background process exited"] [source=domain] [process=topologySyncerKeeper]
[2026/07/14 18:18:28.660 +08:00] [INFO] [flusher.go:89] ["flushing remaining records before stop"] [name=runaway-record]
[2026/07/14 18:18:28.660 +08:00] [INFO] [flusher.go:91] ["stopped flusher"] [name=runaway-record]
[2026/07/14 18:18:28.660 +08:00] [INFO] [flusher.go:89] ["flushing remaining records before stop"] [name=quarantine-record]
[2026/07/14 18:18:28.660 +08:00] [INFO] [flusher.go:91] ["stopped flusher"] [name=quarantine-record]
[2026/07/14 18:18:28.660 +08:00] [INFO] [flusher.go:89] ["flushing remaining records before stop"] [name=stale-quarantine-record]
[2026/07/14 18:18:28.660 +08:00] [INFO] [flusher.go:91] ["stopped flusher"] [name=stale-quarantine-record]
[2026/07/14 18:18:28.660 +08:00] [INFO] [manager.go:205] ["runaway record flush loop exit"]
[2026/07/14 18:18:28.660 +08:00] [INFO] [manager.go:385] ["break campaign loop, context is done"] [key=/tidb/br-stream/owner] [id=7d647dfb-3261-45d3-b36b-935a2d5f42d2]
[2026/07/14 18:18:28.660 +08:00] [INFO] [domain.go:419] ["globalConfigSyncerKeeper exited."]
[2026/07/14 18:18:28.660 +08:00] [INFO] [wait_group_wrapper.go:150] ["background process exited"] [source=domain] [process=globalConfigSyncerKeeper]
[2026/07/14 18:18:28.660 +08:00] [INFO] [wait_group_wrapper.go:150] ["background process exited"] [source=domain] [process=runawayRecordFlushLoop]
[2026/07/14 18:18:28.672 +08:00] [INFO] [domain.go:391] ["topNSlowQueryLoop exited."]
[2026/07/14 18:18:28.672 +08:00] [INFO] [wait_group_wrapper.go:150] ["background process exited"] [source=domain] [process=topNSlowQueryLoop]
[2026/07/14 18:18:28.672 +08:00] [INFO] [wait_group_wrapper.go:150] ["background process exited"] [source=domain] [process=mdlCheckLoop]
[2026/07/14 18:18:28.672 +08:00] [INFO] [syncer.go:304] ["info schema sync loop exited."]
[2026/07/14 18:18:28.672 +08:00] [INFO] [wait_group_wrapper.go:150] ["background process exited"] [source=domain] [process=loadSchemaInLoop]
[2026/07/14 18:18:28.672 +08:00] [WARN] [meta_storage_client.go:165] ["watch stream closed"] [error="rpc error: code = Canceled desc = context canceled"]
[2026/07/14 18:18:28.672 +08:00] [INFO] [owner_daemon.go:87] ["daemon loop exits"] [id=7d647dfb-3261-45d3-b36b-935a2d5f42d2] [daemon-id=LogBackup::Advancer]
[2026/07/14 18:18:28.672 +08:00] [INFO] [wait_group_wrapper.go:150] ["background process exited"] [source=domain] [process=logBackupAdvancer]
[2026/07/14 18:18:28.672 +08:00] [INFO] [domain.go:979] ["closestReplicaReadCheckLoop exited."]
[2026/07/14 18:18:28.672 +08:00] [INFO] [wait_group_wrapper.go:150] ["background process exited"] [source=domain] [process=closestReplicaReadCheckLoop]
[2026/07/14 18:18:28.672 +08:00] [INFO] [advancer_cliext.go:194] ["Start collecting remaining events in the channel."] [category="log backup advancer"] [remained=0]
[2026/07/14 18:18:28.672 +08:00] [WARN] [meta_storage_client.go:165] ["watch stream closed"] [error="rpc error: code = Canceled desc = context canceled"]
[2026/07/14 18:18:28.672 +08:00] [INFO] [advancer_cliext.go:199] ["Finish collecting remaining events in the channel."] [category="log backup advancer"]
[2026/07/14 18:18:28.684 +08:00] [INFO] [domain.go:550] ["domain closed"] ["take time"=41.235042ms]
[2026/07/14 18:18:28.684 +08:00] [INFO] [session.go:4594] ["bootstrap cluster finished"] [bootMode=bootstrap] [cost=1.54046275s]
[2026/07/14 18:18:28.684 +08:00] [INFO] [tidb.go:103] ["new domain"] [store=tikv-7662326024078335546/] ["ddl lease"=500ms] ["stats lease"=3s]
[2026/07/14 18:18:28.713 +08:00] [INFO] [info.go:279] ["init TiFlashReplicaManager"]
[2026/07/14 18:18:28.734 +08:00] [INFO] [domain.go:2708] [acquireServerID] [serverID=971] ["lease id"=22319f60227261b9]
[2026/07/14 18:18:28.738 +08:00] [INFO] [global_controller.go:219] ["load resource controller config"] [config="{\"degraded-mode-wait-duration\":\"0s\",\"ltb-max-wait-duration\":\"30s\",\"ltb-token-rpc-max-delay\":\"1s\",\"request-unit\":{\"read-base-cost\":0.125,\"read-per-batch-base-cost\":0.5,\"read-cost-per-byte\":0.0000152587890625,\"write-base-cost\":1,\"write-per-batch-base-cost\":1,\"write-cost-per-byte\":0.0009765625,\"read-cpu-ms-cost\":0.3333333333333333},\"enable-controller-trace-log\":\"false\",\"token-rpc-params\":{\"wait-retry-interval\":\"50ms\",\"wait-retry-times\":20}}"] [ru-config="{\"ReadBaseCost\":0.125,\"ReadPerBatchBaseCost\":0.5,\"ReadBytesCost\":0.0000152587890625,\"WriteBaseCost\":1,\"WritePerBatchBaseCost\":1,\"WriteBytesCost\":0.0009765625,\"CPUMsCost\":0.3333333333333333,\"LTBMaxWaitDuration\":30000000000,\"WaitRetryInterval\":50000000,\"WaitRetryTimes\":20,\"DegradedModeWaitDuration\":0}"] [keyspace-id=4294967295]
[2026/07/14 18:18:28.745 +08:00] [INFO] [loader.go:281] ["full load InfoSchema success"] [mode=auto] [isV2=true] [currentSchemaVersion=0] [neededSchemaVersion=57] ["elapsed time"=5.770041ms]
[2026/07/14 18:18:28.745 +08:00] [INFO] [syncer.go:456] ["full load and reset schema validator"]
[2026/07/14 18:18:28.751 +08:00] [INFO] [ddl.go:1159] ["DDL closed"] [category=ddl] [ID=4705f4a5-9657-4852-85f9-67d5ffaadb45] ["take time"=4.506167ms]
[2026/07/14 18:18:28.751 +08:00] [INFO] [ddl.go:849] ["stop DDL"] [category=ddl] [ID=4705f4a5-9657-4852-85f9-67d5ffaadb45]
[2026/07/14 18:18:28.763 +08:00] [INFO] [domain.go:2733] ["releaseServerID succeed"] [serverID=971] [leaseID=2463925706391970233]
[2026/07/14 18:18:28.763 +08:00] [WARN] [meta_storage_client.go:165] ["watch stream closed"] [error="rpc error: code = Canceled desc = context canceled"]
[2026/07/14 18:18:28.763 +08:00] [WARN] [meta_storage_client.go:165] ["watch stream closed"] [error="rpc error: code = Canceled desc = context canceled"]
[2026/07/14 18:18:28.775 +08:00] [INFO] [domain.go:550] ["domain closed"] ["take time"=28.679916ms]
[2026/07/14 18:18:28.775 +08:00] [INFO] [tidb.go:103] ["new domain"] [store=tikv-7662326024078335546/] ["ddl lease"=500ms] ["stats lease"=3s]
[2026/07/14 18:18:28.796 +08:00] [INFO] [info.go:279] ["init TiFlashReplicaManager"]
[2026/07/14 18:18:28.829 +08:00] [INFO] [domain.go:2708] [acquireServerID] [serverID=1150] ["lease id"=22319f60227261d2]
[2026/07/14 18:18:28.833 +08:00] [INFO] [global_controller.go:219] ["load resource controller config"] [config="{\"degraded-mode-wait-duration\":\"0s\",\"ltb-max-wait-duration\":\"30s\",\"ltb-token-rpc-max-delay\":\"1s\",\"request-unit\":{\"read-base-cost\":0.125,\"read-per-batch-base-cost\":0.5,\"read-cost-per-byte\":0.0000152587890625,\"write-base-cost\":1,\"write-per-batch-base-cost\":1,\"write-cost-per-byte\":0.0009765625,\"read-cpu-ms-cost\":0.3333333333333333},\"enable-controller-trace-log\":\"false\",\"token-rpc-params\":{\"wait-retry-interval\":\"50ms\",\"wait-retry-times\":20}}"] [ru-config="{\"ReadBaseCost\":0.125,\"ReadPerBatchBaseCost\":0.5,\"ReadBytesCost\":0.0000152587890625,\"WriteBaseCost\":1,\"WritePerBatchBaseCost\":1,\"WriteBytesCost\":0.0009765625,\"CPUMsCost\":0.3333333333333333,\"LTBMaxWaitDuration\":30000000000,\"WaitRetryInterval\":50000000,\"WaitRetryTimes\":20,\"DegradedModeWaitDuration\":0}"] [keyspace-id=4294967295]
[2026/07/14 18:18:28.842 +08:00] [INFO] [loader.go:281] ["full load InfoSchema success"] [mode=auto] [isV2=true] [currentSchemaVersion=0] [neededSchemaVersion=57] ["elapsed time"=7.412708ms]
[2026/07/14 18:18:28.842 +08:00] [INFO] [syncer.go:456] ["full load and reset schema validator"]
[2026/07/14 18:18:28.842 +08:00] [INFO] [ddl.go:994] ["job version in use is not v2 or global index v1 not supported, maybe in upgrade, start detecting"] [category=ddl] [current=v2] [globalIndexV1Supported=false]
[2026/07/14 18:18:28.842 +08:00] [INFO] [ddl.go:882] ["start DDL"] [category=ddl] [ID=4705f4a5-9657-4852-85f9-67d5ffaadb45] [runWorker=true] [jobVersion=v2] [startMode=normal]
[2026/07/14 18:18:28.842 +08:00] [INFO] [ddl.go:857] ["start delRangeManager OK"] [category=ddl] ["is a emulator"=false]
[2026/07/14 18:18:28.843 +08:00] [WARN] [global_controller.go:850] ["[resource group controller] resource group name does not exist"] [name=default]
[2026/07/14 18:18:28.846 +08:00] [INFO] [manager.go:294] ["start campaign owner with existing session"] [key=/tidb/ddl/fg/owner] [id=4705f4a5-9657-4852-85f9-67d5ffaadb45] [lease=22319f6022726073]
[2026/07/14 18:18:28.846 +08:00] [INFO] [env.go:123] ["the ingest sorted directory"] [category=ddl-ingest] ["data path"=/tmp/tidb/tmp_ddl-4000]
[2026/07/14 18:18:28.846 +08:00] [WARN] [env.go:84] ["ingest backfill may not be available"] [category=ddl-ingest] [error="the available disk space(40879366144) in /tmp/tidb/tmp_ddl-4000 should be greater than @@tidb_ddl_disk_quota(107374182400)"] [errorVerbose="the available disk space(40879366144) in /tmp/tidb/tmp_ddl-4000 should be greater than @@tidb_ddl_disk_quota(107374182400)\ngithub.com/pingcap/tidb/pkg/ddl/ingest.(*diskRootImpl).StartupCheck\n\t/Users/bba/pc/ai-native-fuzz-assets/.txnlab/worktrees/campaign.txn.terminal.20260714/tidb/pkg/ddl/ingest/disk_root.go:191\ngithub.com/pingcap/tidb/pkg/ddl/ingest.InitGlobalLightningEnv\n\t/Users/bba/pc/ai-native-fuzz-assets/.txnlab/worktrees/campaign.txn.terminal.20260714/tidb/pkg/ddl/ingest/env.go:82\ngithub.com/pingcap/tidb/pkg/ddl.(*ddl).Start\n\t/Users/bba/pc/ai-native-fuzz-assets/.txnlab/worktrees/campaign.txn.terminal.20260714/tidb/pkg/ddl/ddl.go:944\ngithub.com/pingcap/tidb/pkg/domain.(*Domain).Start\n\t/Users/bba/pc/ai-native-fuzz-assets/.txnlab/worktrees/campaign.txn.terminal.20260714/tidb/pkg/domain/domain.go:809\ngithub.com/pingcap/tidb/pkg/session.bootstrapSessionImpl\n\t/Users/bba/pc/ai-native-fuzz-assets/.txnlab/worktrees/campaign.txn.terminal.20260714/tidb/pkg/session/session.go:4411\ngithub.com/pingcap/tidb/pkg/session.BootstrapSession\n\t/Users/bba/pc/ai-native-fuzz-assets/.txnlab/worktrees/campaign.txn.terminal.20260714/tidb/pkg/session/session.go:4292\ngithub.com/pingcap/tidb/tests/realtikvtest.CreateMockStoreAndDomainAndSetup\n\t/Users/bba/pc/ai-native-fuzz-assets/.txnlab/worktrees/campaign.txn.terminal.20260714/tidb/tests/realtikvtest/testkit.go:297\ngithub.com/pingcap/tidb/tests/realtikvtest.CreateMockStoreAndSetup\n\t/Users/bba/pc/ai-native-fuzz-assets/.txnlab/worktrees/campaign.txn.terminal.20260714/tidb/tests/realtikvtest/testkit.go:225\ngithub.com/pingcap/tidb/tests/realtikvtest/txntest.TestAINativePessimisticRetryScalarSubqueryMixedGeneration\n\t/Users/bba/pc/ai-native-fuzz-assets/.txnlab/worktrees/campaign.txn.terminal.20260714/tidb/tests/realtikvtest/txntest/txn_test.go:44\ntesting.tRunner\n\t/Users/bba/.gvm/pkgsets/go1.25.1/global/pkg/mod/golang.org/toolchain@v0.0.1-go1.25.10.darwin-arm64/src/testing/testing.go:1934\nruntime.goexit\n\t/Users/bba/.gvm/pkgsets/go1.25.1/global/pkg/mod/golang.org/toolchain@v0.0.1-go1.25.10.darwin-arm64/src/runtime/asm_arm64.s:1268"]
[2026/07/14 18:18:28.846 +08:00] [INFO] [env.go:88] ["init global ingest backend environment finished"] [category=ddl-ingest] ["memory limitation"=19327352832] ["disk usage info"="disk usage: 953783218176/994662584320, backend usage: 0"] ["max open file number"=138240] ["lightning is initialized"=true]
[2026/07/14 18:18:28.846 +08:00] [INFO] [wait_group_wrapper.go:141] ["background process started"] [source=domain] [process=loadSchemaInLoop]
[2026/07/14 18:18:28.846 +08:00] [INFO] [wait_group_wrapper.go:141] ["background process started"] [source=domain] [process=mdlCheckLoop]
[2026/07/14 18:18:28.846 +08:00] [INFO] [wait_group_wrapper.go:141] ["background process started"] [source=domain] [process=topNSlowQueryLoop]
[2026/07/14 18:18:28.846 +08:00] [INFO] [wait_group_wrapper.go:141] ["background process started"] [source=domain] [process=infoSyncerKeeper]
[2026/07/14 18:18:28.846 +08:00] [INFO] [wait_group_wrapper.go:141] ["background process started"] [source=domain] [process=globalConfigSyncerKeeper]
[2026/07/14 18:18:28.846 +08:00] [INFO] [wait_group_wrapper.go:141] ["background process started"] [source=domain] [process=runawayRecordFlushLoop]
[2026/07/14 18:18:28.846 +08:00] [INFO] [wait_group_wrapper.go:141] ["background process started"] [source=domain] [process=runawayWatchSyncLoop]
[2026/07/14 18:18:28.846 +08:00] [INFO] [wait_group_wrapper.go:141] ["background process started"] [source=domain] [process=requestUnitsWriterLoop]
[2026/07/14 18:18:28.846 +08:00] [INFO] [wait_group_wrapper.go:141] ["background process started"] [source=domain] [process=topologySyncerKeeper]
[2026/07/14 18:18:28.846 +08:00] [INFO] [wait_group_wrapper.go:141] ["background process started"] [source=domain] [process=closestReplicaReadCheckLoop]
[2026/07/14 18:18:28.846 +08:00] [INFO] [owner_daemon.go:70] ["begin advancer daemon"] [daemon-id=LogBackup::Advancer]
[2026/07/14 18:18:28.846 +08:00] [INFO] [manager.go:289] ["start campaign owner"] [key=/tidb/br-stream/owner] [id=459ab0db-6c7f-4deb-868a-a720dcdc6b93]
[2026/07/14 18:18:28.846 +08:00] [INFO] [wait_group_wrapper.go:150] ["background process exited"] [source=domain] [process=requestUnitsWriterLoop]
[2026/07/14 18:18:28.854 +08:00] [INFO] [manager.go:527] ["get owner"] [key=/tidb/ddl/fg/owner] ["owner key"=/tidb/ddl/fg/owner/22319f6022726073] [ownerID=4705f4a5-9657-4852-85f9-67d5ffaadb45]
[2026/07/14 18:18:28.854 +08:00] [INFO] [manager.go:324] ["become owner"] [key=/tidb/ddl/fg/owner] [id=4705f4a5-9657-4852-85f9-67d5ffaadb45]
[2026/07/14 18:18:28.854 +08:00] [INFO] [manager.go:616] ["watching owner key"] [key=/tidb/ddl/fg/owner] [id=4705f4a5-9657-4852-85f9-67d5ffaadb45] [ownerKey=/tidb/ddl/fg/owner/22319f6022726073] [currRev=233]
[2026/07/14 18:18:28.854 +08:00] [INFO] [wait_group_wrapper.go:141] ["background process started"] [source=domain] [process=logBackupAdvancer]
[2026/07/14 18:18:28.854 +08:00] [INFO] [owner_daemon.go:81] ["begin running daemon"] [id=459ab0db-6c7f-4deb-868a-a720dcdc6b93] [daemon-id=LogBackup::Advancer]
[2026/07/14 18:18:28.854 +08:00] [WARN] [sysvar_cache.go:53] ["sysvar cache is empty, triggering rebuild"]
[2026/07/14 18:18:28.856 +08:00] [INFO] [client.go:434] ["[router] follower handle status changed"] [enable=true]
[2026/07/14 18:18:28.856 +08:00] [INFO] [sysvar.go:3400] ["set resource control"] [enable=true]
[2026/07/14 18:18:28.856 +08:00] [INFO] [inner_client.go:103] ["[pd] notified to disable the router client"]
[2026/07/14 18:18:28.856 +08:00] [INFO] [client.go:325] ["[router] closing router client"]
[2026/07/14 18:18:28.856 +08:00] [INFO] [client.go:606] ["[router] stop fetching the pending router requests due to context canceled"]
[2026/07/14 18:18:28.856 +08:00] [INFO] [client.go:587] ["[router] dispatcher is exiting"]
[2026/07/14 18:18:28.856 +08:00] [INFO] [client.go:430] ["[router] connection daemon is exiting"]
[2026/07/14 18:18:28.856 +08:00] [INFO] [client.go:592] ["[router] dispatcher exited"]
[2026/07/14 18:18:28.856 +08:00] [INFO] [client.go:330] ["[router] router client is closed"]
[2026/07/14 18:18:28.857 +08:00] [INFO] [global_controller.go:586] ["[resource group controller] create resource group cost controller"] [name=default]
[2026/07/14 18:18:28.857 +08:00] [INFO] [wait_group_wrapper.go:141] ["background process started"] [source=domain] [process=loadPrivilegeInLoop]
[2026/07/14 18:18:28.858 +08:00] [INFO] [job_scheduler.go:363] ["get global state and global state change"] [category=ddl] [oldState=false] [currState=false]
[2026/07/14 18:18:28.858 +08:00] [INFO] [manager.go:561] ["set owner op is the same as the original, so do nothing."] [key=/tidb/ddl/fg/owner] [id=4705f4a5-9657-4852-85f9-67d5ffaadb45] [op=none]
[2026/07/14 18:18:28.858 +08:00] [INFO] [job_scheduler.go:375] ["the owner sets owner operator value"] [category=ddl] [ownerOp=none]
[2026/07/14 18:18:28.858 +08:00] [INFO] [manager.go:527] ["get owner"] [key=/tidb/br-stream/owner] ["owner key"=/tidb/br-stream/owner/22319f60227261de] [ownerID=459ab0db-6c7f-4deb-868a-a720dcdc6b93]
[2026/07/14 18:18:28.858 +08:00] [INFO] [manager.go:324] ["become owner"] [key=/tidb/br-stream/owner] [id=459ab0db-6c7f-4deb-868a-a720dcdc6b93]
[2026/07/14 18:18:28.858 +08:00] [INFO] [manager.go:616] ["watching owner key"] [key=/tidb/br-stream/owner] [id=459ab0db-6c7f-4deb-868a-a720dcdc6b93] [ownerKey=/tidb/br-stream/owner/22319f60227261de] [currRev=234]
[2026/07/14 18:18:28.858 +08:00] [INFO] [wait_group_wrapper.go:141] ["background process started"] [source=domain] [process=LoadSysVarCacheLoop]
[2026/07/14 18:18:28.859 +08:00] [INFO] [binding_cache.go:75] ["load bindings"] [category=sql-bind] [fullLoad=true] [fromRemote=false] [cacheSizeChange=false] [hasNewBinding=false] [cacheCapacity=67108864] [cacheUsage=0] [cachedBindingNum=0] [duration=1.086541ms] []
[2026/07/14 18:18:28.859 +08:00] [INFO] [manager.go:289] ["start campaign owner"] [key=/tidb/bindinfo/owner] [id=4705f4a5-9657-4852-85f9-67d5ffaadb45]
[2026/07/14 18:18:28.864 +08:00] [INFO] [wait_group_wrapper.go:141] ["background process started"] [source=domain] [process=globalBindHandleWorkerLoop]
[2026/07/14 18:18:28.865 +08:00] [INFO] [wait_group_wrapper.go:141] ["background process started"] [source=domain] [process=PlanReplayerTaskCollectHandle]
[2026/07/14 18:18:28.865 +08:00] [INFO] [wait_group_wrapper.go:141] ["background process started"] [source=domain] [process=PlanReplayerTaskDumpHandle]
[2026/07/14 18:18:28.865 +08:00] [INFO] [wait_group_wrapper.go:141] ["background process started"] [source=domain] [process=dumpFileGcChecker]
[2026/07/14 18:18:28.865 +08:00] [INFO] [wait_group_wrapper.go:141] ["background process started"] [source=domain] [process=HistoricalStatsWorker]
[2026/07/14 18:18:28.865 +08:00] [INFO] [domain.go:1803] ["PlanReplayerTaskCollectHandle started"]
[2026/07/14 18:18:28.865 +08:00] [INFO] [domain.go:1857] ["dumpFileGcChecker started"]
[2026/07/14 18:18:28.865 +08:00] [INFO] [domain.go:1825] ["PlanReplayerTaskDumpHandle started"]
[2026/07/14 18:18:28.865 +08:00] [INFO] [domain.go:1890] ["HistoricalStatsWorker started"]
[2026/07/14 18:18:28.865 +08:00] [INFO] [plan_replayer.go:407] ["planReplayerTaskDumpWorker started."]
[2026/07/14 18:18:28.865 +08:00] [INFO] [wait_group_wrapper.go:141] ["background process started"] [source=domain] [process=loadStatsWorker]
[2026/07/14 18:18:28.865 +08:00] [INFO] [manager.go:289] ["start campaign owner"] [key=/tidb/stats/owner] [id=4705f4a5-9657-4852-85f9-67d5ffaadb45]
[2026/07/14 18:18:28.867 +08:00] [INFO] [bootstrap.go:872] ["Complete loading the stats meta in the lite mode"] [category=stats] [duration=816.208µs]
[2026/07/14 18:18:28.867 +08:00] [INFO] [bootstrap.go:879] ["Complete loading the histogram in the lite mode"] [category=stats] [duration=891µs]
[2026/07/14 18:18:28.868 +08:00] [INFO] [domain.go:2101] ["Init stats succeed"] [category=stats] [isLiteInitStats=true] [duration=2.087542ms]
[2026/07/14 18:18:28.872 +08:00] [INFO] [wait_group_wrapper.go:141] ["background process started"] [source=domain] [process=indexUsageWorker]
[2026/07/14 18:18:28.872 +08:00] [INFO] [wait_group_wrapper.go:141] ["background process started"] [source=domain] [process=asyncLoadHistogram]
[2026/07/14 18:18:28.872 +08:00] [INFO] [wait_group_wrapper.go:141] ["background process started"] [source=domain] [process=deltaUpdateTickerWorker]
[2026/07/14 18:18:28.872 +08:00] [INFO] [wait_group_wrapper.go:141] ["background process started"] [source=domain] [process=dumpColStatsUsageWorker]
[2026/07/14 18:18:28.872 +08:00] [INFO] [wait_group_wrapper.go:141] ["background process started"] [source=domain] [process=gcStatsWorker]
[2026/07/14 18:18:28.872 +08:00] [INFO] [wait_group_wrapper.go:141] ["background process started"] [source=domain] [process=autoAnalyzeWorker]
[2026/07/14 18:18:28.872 +08:00] [INFO] [wait_group_wrapper.go:141] ["background process started"] [source=domain] [process=analyzeJobsCleanupWorker]
[2026/07/14 18:18:28.872 +08:00] [INFO] [domain.go:2058] ["start load stats sub workers"] [workerCount=6]
[2026/07/14 18:18:28.872 +08:00] [INFO] [wait_group_wrapper.go:141] ["background process started"] [source=domain] [process=planCacheEvictTrigger]
[2026/07/14 18:18:28.872 +08:00] [INFO] [wait_group_wrapper.go:141] ["background process started"] [source=domain] [process=planCacheMetricsAndVars]
[2026/07/14 18:18:28.872 +08:00] [INFO] [wait_group_wrapper.go:141] ["background process started"] [source=domain] [process=readTableCostWorker]
[2026/07/14 18:18:28.872 +08:00] [INFO] [wait_group_wrapper.go:141] ["background process started"] [source=domain] [process=loadSigningCertLoop]
[2026/07/14 18:18:28.872 +08:00] [INFO] [domain.go:1204] ["initialize node resource"] [total-cpu=14] [total-mem=36GiB] [dxf-resource-limit=100] [dxf-usable-cpu=14] [dxf-usable-mem=36GiB] [total-disk=926.4GiB]
[2026/07/14 18:18:28.872 +08:00] [INFO] [domain.go:2301] ["deltaUpdateTickerWorker started."]
[2026/07/14 18:18:28.872 +08:00] [INFO] [domain.go:2274] ["dumpColStatsUsageWorker started."]
[2026/07/14 18:18:28.872 +08:00] [INFO] [domain.go:2235] ["gcStatsWorker started."]
[2026/07/14 18:18:28.873 +08:00] [INFO] [notifier.go:225] ["etcd notify loop to watch timer events started"] [EtcdKey=/tidb/timer/cluster/1/notify/2f27c95a-803c-4848-8218-98e286ac46fe]
[2026/07/14 18:18:28.873 +08:00] [INFO] [task_manager.go:248] ["scale ttl worker"] [ttl-worker=job-manager] [ttl-worker=4705f4a5-9657-4852-85f9-67d5ffaadb45] [ttl-worker=task-manager] [ttl-worker=4705f4a5-9657-4852-85f9-67d5ffaadb45] [originalCount=0] [newCount=4]
[2026/07/14 18:18:28.873 +08:00] [INFO] [task_manager.go:248] ["scale ttl worker"] [ttl-worker=job-manager] [ttl-worker=4705f4a5-9657-4852-85f9-67d5ffaadb45] [ttl-worker=task-manager] [ttl-worker=4705f4a5-9657-4852-85f9-67d5ffaadb45] [originalCount=0] [newCount=4]
[2026/07/14 18:18:28.873 +08:00] [INFO] [job_manager.go:519] ["TTL leader to collect delay metrics"] [ttl-worker=job-manager] [ttl-worker=4705f4a5-9657-4852-85f9-67d5ffaadb45]
[2026/07/14 18:18:28.875 +08:00] [INFO] [job_manager.go:1096] ["TTL leader to DoGC"] [ttl-worker=job-manager] [ttl-worker=4705f4a5-9657-4852-85f9-67d5ffaadb45]
[2026/07/14 18:18:28.876 +08:00] [INFO] [manager.go:527] ["get owner"] [key=/tidb/bindinfo/owner] ["owner key"=/tidb/bindinfo/owner/22319f60227261e9] [ownerID=4705f4a5-9657-4852-85f9-67d5ffaadb45]
[2026/07/14 18:18:28.876 +08:00] [INFO] [manager.go:324] ["become owner"] [key=/tidb/bindinfo/owner] [id=4705f4a5-9657-4852-85f9-67d5ffaadb45]
[2026/07/14 18:18:28.876 +08:00] [INFO] [manager.go:616] ["watching owner key"] [key=/tidb/bindinfo/owner] [id=4705f4a5-9657-4852-85f9-67d5ffaadb45] [ownerKey=/tidb/bindinfo/owner/22319f60227261e9] [currRev=236]
[2026/07/14 18:18:28.876 +08:00] [INFO] [manager.go:527] ["get owner"] [key=/tidb/stats/owner] ["owner key"=/tidb/stats/owner/22319f60227261ec] [ownerID=4705f4a5-9657-4852-85f9-67d5ffaadb45]
[2026/07/14 18:18:28.876 +08:00] [INFO] [manager.go:324] ["become owner"] [key=/tidb/stats/owner] [id=4705f4a5-9657-4852-85f9-67d5ffaadb45]
[2026/07/14 18:18:28.876 +08:00] [INFO] [manager.go:616] ["watching owner key"] [key=/tidb/stats/owner] [id=4705f4a5-9657-4852-85f9-67d5ffaadb45] [ownerKey=/tidb/stats/owner/22319f60227261ec] [currRev=236]
[2026/07/14 18:18:28.877 +08:00] [INFO] [wait_group_wrapper.go:141] ["background process started"] [source=domain] [process=distTaskFrameworkLoop]
[2026/07/14 18:18:28.877 +08:00] [INFO] [manager.go:124] ["task executor manager start"] [server-id=:4000]
[2026/07/14 18:18:28.877 +08:00] [INFO] [domain.go:1220] ["dist task executor manager started"]
[2026/07/14 18:18:28.877 +08:00] [INFO] [rate_limiter_param.go:98] ["meta kv not found in meta store, initialized to default and persisted"] [key=maxBatchSplitRanges] [value=2048]
[2026/07/14 18:18:28.878 +08:00] [INFO] [rate_limiter_param.go:98] ["meta kv not found in meta store, initialized to default and persisted"] [key=maxSplitRangesPerSec] [value=0]
[2026/07/14 18:18:28.878 +08:00] [INFO] [rate_limiter_param.go:98] ["meta kv not found in meta store, initialized to default and persisted"] [key=maxIngestInflight] [value=0]
[2026/07/14 18:18:28.878 +08:00] [INFO] [rate_limiter_param.go:98] ["meta kv not found in meta store, initialized to default and persisted"] [key=maxIngestPerSec] [value=0]
[2026/07/14 18:18:28.885 +08:00] [INFO] [set.go:191] ["set global var"] [conn=1] [name=innodb_lock_wait_timeout] [val=50]
    testkit.go:325: cleaned up ddl and tables
[2026/07/14 18:18:28.888 +08:00] [INFO] [session.go:5103] ["CRUCIAL OPERATION"] [conn=2] [schemaVersion=57] [cur_db=test] [sql="drop table if exists ai_scalar_src, ai_scalar_target, ai_scalar_control"] [user=]
[2026/07/14 18:18:28.891 +08:00] [INFO] [job_submitter.go:118] ["add DDL jobs"] [category=ddl] ["batch count"=1] [jobs="ID:117, Type:create table, State:queueing, SchemaState:none, SchemaID:114, TableID:116, RowCount:0, ArgLen:1, start time: 2026-07-14 18:18:28.859 +0800 CST, Err:<nil>, ErrCount:0, SnapshotVersion:0, Version: v2; "] [fast_create=true]
[2026/07/14 18:18:28.891 +08:00] [INFO] [executor.go:7274] ["DDL job submitted"] [category=ddl] [job="ID:117, Type:create table, State:queueing, SchemaState:none, SchemaID:114, TableID:116, RowCount:0, ArgLen:1, start time: 2026-07-14 18:18:28.859 +0800 CST, Err:<nil>, ErrCount:0, SnapshotVersion:0, Version: v2"] [query="create table ai_scalar_src(id int primary key, next_u int not null, payload int not null)"]
[2026/07/14 18:18:28.892 +08:00] [INFO] [job_worker.go:854] ["run one job step"] [category=ddl] [jobID=117] [conn=2] [job="ID:117, Type:create table, State:queueing, SchemaState:none, SchemaID:114, TableID:116, RowCount:0, ArgLen:0, start time: 2026-07-14 18:18:28.859 +0800 CST, Err:<nil>, ErrCount:0, SnapshotVersion:0, Version: v2"]
[2026/07/14 18:18:28.893 +08:00] [WARN] [ddl.go:701] ["fail to notify DDL event"] [category=ddl] [event="(Event Type: create table, Table ID: 116, Table Name: ai_scalar_src)"]
[2026/07/14 18:18:28.900 +08:00] [INFO] [loader.go:216] ["diff load InfoSchema success"] [mode=auto] [isV2=true] [currVer=57] [neededVer=58] [gotVer=58] ["elapsed time"=276.5µs] [phyTblIDs="[116]"] [actionTypes="[3]"] [diffTypes="[\"create table\"]"]
[2026/07/14 18:18:28.900 +08:00] [INFO] [syncer.go:281] ["mdl gets lock, update self version to owner"] [jobID=117] [version=58]
[2026/07/14 18:18:28.905 +08:00] [INFO] [schema_version.go:397] ["wait schema version synced success"] [category=ddl] [ver=58] [checkAssumedSvr=false] ["take time"=5.900958ms] [job="ID:117, Type:create table, State:done, SchemaState:public, SchemaID:114, TableID:116, RowCount:0, ArgLen:1, start time: 2026-07-14 18:18:28.859 +0800 CST, Err:<nil>, ErrCount:0, SnapshotVersion:0, Version: v2"] [summary="server count: 1"]
[2026/07/14 18:18:28.907 +08:00] [INFO] [job_worker.go:447] ["finish DDL job"] [category=ddl] [jobID=117] [conn=2] [job="ID:117, Type:create table, State:synced, SchemaState:public, SchemaID:114, TableID:116, RowCount:0, ArgLen:0, start time: 2026-07-14 18:18:28.859 +0800 CST, Err:<nil>, ErrCount:0, SnapshotVersion:0, Version: v2"]
[2026/07/14 18:18:28.909 +08:00] [INFO] [executor.go:7412] ["DDL job is finished"] [category=ddl] [jobID=117]
[2026/07/14 18:18:28.909 +08:00] [INFO] [session.go:5103] ["CRUCIAL OPERATION"] [conn=2] [schemaVersion=58] [cur_db=test] [sql="create table ai_scalar_src(id int primary key, next_u int not null, payload int not null)"] [user=]
[2026/07/14 18:18:28.918 +08:00] [INFO] [job_submitter.go:118] ["add DDL jobs"] [category=ddl] ["batch count"=1] [jobs="ID:119, Type:create table, State:queueing, SchemaState:none, SchemaID:114, TableID:118, RowCount:0, ArgLen:1, start time: 2026-07-14 18:18:28.909 +0800 CST, Err:<nil>, ErrCount:0, SnapshotVersion:0, Version: v2; "] [fast_create=true]
[2026/07/14 18:18:28.918 +08:00] [INFO] [executor.go:7274] ["DDL job submitted"] [category=ddl] [job="ID:119, Type:create table, State:queueing, SchemaState:none, SchemaID:114, TableID:118, RowCount:0, ArgLen:1, start time: 2026-07-14 18:18:28.909 +0800 CST, Err:<nil>, ErrCount:0, SnapshotVersion:0, Version: v2"] [query="create table ai_scalar_target(id int primary key, u int not null, payload int not null, unique key uk_u(u))"]
[2026/07/14 18:18:28.920 +08:00] [INFO] [job_worker.go:854] ["run one job step"] [category=ddl] [jobID=119] [conn=2] [job="ID:119, Type:create table, State:queueing, SchemaState:none, SchemaID:114, TableID:118, RowCount:0, ArgLen:0, start time: 2026-07-14 18:18:28.909 +0800 CST, Err:<nil>, ErrCount:0, SnapshotVersion:0, Version: v2"]
[2026/07/14 18:18:28.922 +08:00] [INFO] [lock_resolver.go:1631] ["txn lock cleanup resolve-lock rpc finished"] [action=commit] [txnStartTS=467671268434640901] [commitTS=467671268434640902] [regionID=8] [resolveLite=true] [resolvedByCheckTxnStatus=false]
[2026/07/14 18:18:28.922 +08:00] [INFO] [lock_resolver.go:1631] ["txn lock cleanup resolve-lock rpc finished"] [action=commit] [txnStartTS=467671268434640901] [commitTS=467671268434640902] [regionID=8] [resolveLite=true] [resolvedByCheckTxnStatus=false]
[2026/07/14 18:18:28.923 +08:00] [WARN] [ddl.go:701] ["fail to notify DDL event"] [category=ddl] [event="(Event Type: create table, Table ID: 118, Table Name: ai_scalar_target)"]
[2026/07/14 18:18:28.929 +08:00] [INFO] [loader.go:216] ["diff load InfoSchema success"] [mode=auto] [isV2=true] [currVer=58] [neededVer=59] [gotVer=59] ["elapsed time"=290.083µs] [phyTblIDs="[118]"] [actionTypes="[3]"] [diffTypes="[\"create table\"]"]
[2026/07/14 18:18:28.930 +08:00] [INFO] [syncer.go:281] ["mdl gets lock, update self version to owner"] [jobID=119] [version=59]
[2026/07/14 18:18:28.935 +08:00] [INFO] [schema_version.go:397] ["wait schema version synced success"] [category=ddl] [ver=59] [checkAssumedSvr=false] ["take time"=6.148833ms] [job="ID:119, Type:create table, State:done, SchemaState:public, SchemaID:114, TableID:118, RowCount:0, ArgLen:1, start time: 2026-07-14 18:18:28.909 +0800 CST, Err:<nil>, ErrCount:0, SnapshotVersion:0, Version: v2"] [summary="server count: 1"]
[2026/07/14 18:18:28.937 +08:00] [INFO] [job_worker.go:447] ["finish DDL job"] [category=ddl] [jobID=119] [conn=2] [job="ID:119, Type:create table, State:synced, SchemaState:public, SchemaID:114, TableID:118, RowCount:0, ArgLen:0, start time: 2026-07-14 18:18:28.909 +0800 CST, Err:<nil>, ErrCount:0, SnapshotVersion:0, Version: v2"]
[2026/07/14 18:18:28.939 +08:00] [INFO] [executor.go:7412] ["DDL job is finished"] [category=ddl] [jobID=119]
[2026/07/14 18:18:28.939 +08:00] [INFO] [session.go:5103] ["CRUCIAL OPERATION"] [conn=2] [schemaVersion=59] [cur_db=test] [sql="create table ai_scalar_target(id int primary key, u int not null, payload int not null, unique key uk_u(u))"] [user=]
[2026/07/14 18:18:28.943 +08:00] [INFO] [job_submitter.go:118] ["add DDL jobs"] [category=ddl] ["batch count"=1] [jobs="ID:121, Type:create table, State:queueing, SchemaState:none, SchemaID:114, TableID:120, RowCount:0, ArgLen:1, start time: 2026-07-14 18:18:28.909 +0800 CST, Err:<nil>, ErrCount:0, SnapshotVersion:0, Version: v2; "] [fast_create=true]
[2026/07/14 18:18:28.943 +08:00] [INFO] [executor.go:7274] ["DDL job submitted"] [category=ddl] [job="ID:121, Type:create table, State:queueing, SchemaState:none, SchemaID:114, TableID:120, RowCount:0, ArgLen:1, start time: 2026-07-14 18:18:28.909 +0800 CST, Err:<nil>, ErrCount:0, SnapshotVersion:0, Version: v2"] [query="create table ai_scalar_control like ai_scalar_target"]
[2026/07/14 18:18:28.943 +08:00] [INFO] [lock_resolver.go:1631] ["txn lock cleanup resolve-lock rpc finished"] [action=commit] [txnStartTS=467671268434640924] [commitTS=467671268434640926] [regionID=8] [resolveLite=true] [resolvedByCheckTxnStatus=false]
[2026/07/14 18:18:28.944 +08:00] [INFO] [job_worker.go:854] ["run one job step"] [category=ddl] [jobID=121] [conn=2] [job="ID:121, Type:create table, State:queueing, SchemaState:none, SchemaID:114, TableID:120, RowCount:0, ArgLen:0, start time: 2026-07-14 18:18:28.909 +0800 CST, Err:<nil>, ErrCount:0, SnapshotVersion:0, Version: v2"]
[2026/07/14 18:18:28.945 +08:00] [WARN] [ddl.go:701] ["fail to notify DDL event"] [category=ddl] [event="(Event Type: create table, Table ID: 120, Table Name: ai_scalar_control)"]
[2026/07/14 18:18:28.951 +08:00] [INFO] [loader.go:216] ["diff load InfoSchema success"] [mode=auto] [isV2=true] [currVer=59] [neededVer=60] [gotVer=60] ["elapsed time"=279µs] [phyTblIDs="[120]"] [actionTypes="[3]"] [diffTypes="[\"create table\"]"]
[2026/07/14 18:18:28.952 +08:00] [INFO] [syncer.go:281] ["mdl gets lock, update self version to owner"] [jobID=121] [version=60]
[2026/07/14 18:18:28.957 +08:00] [INFO] [schema_version.go:397] ["wait schema version synced success"] [category=ddl] [ver=60] [checkAssumedSvr=false] ["take time"=5.909292ms] [job="ID:121, Type:create table, State:done, SchemaState:public, SchemaID:114, TableID:120, RowCount:0, ArgLen:1, start time: 2026-07-14 18:18:28.909 +0800 CST, Err:<nil>, ErrCount:0, SnapshotVersion:0, Version: v2"] [summary="server count: 1"]
[2026/07/14 18:18:28.959 +08:00] [INFO] [job_worker.go:447] ["finish DDL job"] [category=ddl] [jobID=121] [conn=2] [job="ID:121, Type:create table, State:synced, SchemaState:public, SchemaID:114, TableID:120, RowCount:0, ArgLen:0, start time: 2026-07-14 18:18:28.909 +0800 CST, Err:<nil>, ErrCount:0, SnapshotVersion:0, Version: v2"]
[2026/07/14 18:18:28.961 +08:00] [INFO] [executor.go:7412] ["DDL job is finished"] [category=ddl] [jobID=121]
[2026/07/14 18:18:28.961 +08:00] [INFO] [session.go:5103] ["CRUCIAL OPERATION"] [conn=2] [schemaVersion=60] [cur_db=test] [sql="create table ai_scalar_control like ai_scalar_target"] [user=]
[2026/07/14 18:18:28.965 +08:00] [WARN] [prewrite.go:619] ["1pc failed and fallbacks to normal commit procedure"] [startTS=467671268447748101]
[2026/07/14 18:18:28.966 +08:00] [WARN] [prewrite.go:619] ["1pc failed and fallbacks to normal commit procedure"] [startTS=467671268447748104]
[2026/07/14 18:18:28.968 +08:00] [WARN] [prewrite.go:619] ["1pc failed and fallbacks to normal commit procedure"] [startTS=467671268447748111]
[2026/07/14 18:18:28.969 +08:00] [WARN] [session.go:2725] ["run statement failed"] [schemaVersion=60] [error="[kv:9007]Write conflict, txnStartTS=467671268447748109, conflictStartTS=467671268447748111, conflictCommitTS=467671268447748113, key={tableID=118, indexID=1, indexValues={1, }}, originalKey=7480000000000000765f698000000000000001038000000000000001, primary={tableID=118, indexID=1, indexValues={1, }}, originalPrimaryKey=7480000000000000765f698000000000000001038000000000000001, reason=PessimisticRetry [try again later]"] [session="{\n  \"currDBName\": \"test\",\n  \"id\": 3,\n  \"status\": 3,\n  \"strictMode\": true,\n  \"txn\": \"467671268447748109\",\n  \"user\": null\n}"]
    txn_test.go:81: hidden retry rejected on real TiKV; statement error=[kv:9007]Write conflict, txnStartTS=467671268447748109, conflictStartTS=467671268447748111, conflictCommitTS=467671268447748113, key={tableID=118, indexID=1, indexValues={1, }}, originalKey=7480000000000000765f698000000000000001038000000000000001, primary={tableID=118, indexID=1, indexValues={1, }}, originalPrimaryKey=7480000000000000765f698000000000000001038000000000000001, reason=PessimisticRetry [try again later], durable rows=[[1 10 0] [2 1 99]]
[2026/07/14 18:18:28.975 +08:00] [INFO] [syncer.go:488] ["schema version sync loop interrupted, retrying..."] [category=ddl]
[2026/07/14 18:18:28.975 +08:00] [INFO] [job_scheduler.go:269] ["scheduleLoop quit due to context canceled"] [category=ddl]
[2026/07/14 18:18:28.975 +08:00] [INFO] [manager.go:420] ["watch owner finished"] [key=/tidb/ddl/fg/owner] [id=4705f4a5-9657-4852-85f9-67d5ffaadb45] []
[2026/07/14 18:18:28.975 +08:00] [INFO] [manager.go:333] ["retire owner"] [key=/tidb/ddl/fg/owner] [id=4705f4a5-9657-4852-85f9-67d5ffaadb45]
[2026/07/14 18:18:28.975 +08:00] [INFO] [ddl_workerpool.go:78] ["closing workerPool"] [category=ddl]
[2026/07/14 18:18:28.975 +08:00] [INFO] [ddl_workerpool.go:78] ["closing workerPool"] [category=ddl]
[2026/07/14 18:18:28.975 +08:00] [INFO] [job_worker.go:267] ["DDL worker closed"] [category=ddl] [worker="worker 11, tp general"] ["take time"=2.875µs]
[2026/07/14 18:18:28.975 +08:00] [INFO] [job_worker.go:267] ["DDL worker closed"] [category=ddl] [worker="worker 12, tp general"] ["take time"=1.709µs]
[2026/07/14 18:18:28.975 +08:00] [INFO] [job_worker.go:267] ["DDL worker closed"] [category=ddl] [worker="worker 13, tp general"] ["take time"=1.417µs]
[2026/07/14 18:18:28.975 +08:00] [INFO] [manager.go:424] ["is not the owner"] [key=/tidb/ddl/fg/owner] [id=4705f4a5-9657-4852-85f9-67d5ffaadb45]
[2026/07/14 18:18:28.975 +08:00] [INFO] [manager.go:385] ["break campaign loop, context is done"] [key=/tidb/ddl/fg/owner] [id=4705f4a5-9657-4852-85f9-67d5ffaadb45]
[2026/07/14 18:18:28.980 +08:00] [INFO] [delete_range.go:162] ["closing delRange"] [category=ddl]
[2026/07/14 18:18:28.980 +08:00] [INFO] [session_pool.go:133] ["closing session pool"] [category=ddl]
[2026/07/14 18:18:28.980 +08:00] [INFO] [ddl.go:1159] ["DDL closed"] [category=ddl] [ID=4705f4a5-9657-4852-85f9-67d5ffaadb45] ["take time"=4.607333ms]
[2026/07/14 18:18:28.980 +08:00] [INFO] [ddl.go:849] ["stop DDL"] [category=ddl] [ID=4705f4a5-9657-4852-85f9-67d5ffaadb45]
[2026/07/14 18:18:28.980 +08:00] [INFO] [domain.go:484] ["stopping ttlJobManager"]
[2026/07/14 18:18:28.980 +08:00] [INFO] [notifier.go:227] ["etcd notify loop to watch timer events stopped"] [EtcdKey=/tidb/timer/cluster/1/notify/2f27c95a-803c-4848-8218-98e286ac46fe]
[2026/07/14 18:18:28.980 +08:00] [INFO] [task_manager.go:225] ["shrink ttl worker"] [ttl-worker=job-manager] [ttl-worker=4705f4a5-9657-4852-85f9-67d5ffaadb45] [ttl-worker=task-manager] [ttl-worker=4705f4a5-9657-4852-85f9-67d5ffaadb45] [originalCount=4] [newCount=0]
[2026/07/14 18:18:28.980 +08:00] [INFO] [scan.go:379] ["ttlScanWorker loop exited."]
[2026/07/14 18:18:28.980 +08:00] [INFO] [scan.go:379] ["ttlScanWorker loop exited."]
[2026/07/14 18:18:28.980 +08:00] [INFO] [scan.go:379] ["ttlScanWorker loop exited."]
[2026/07/14 18:18:28.980 +08:00] [INFO] [scan.go:379] ["ttlScanWorker loop exited."]
[2026/07/14 18:18:28.980 +08:00] [INFO] [task_manager.go:225] ["shrink ttl worker"] [ttl-worker=job-manager] [ttl-worker=4705f4a5-9657-4852-85f9-67d5ffaadb45] [ttl-worker=task-manager] [ttl-worker=4705f4a5-9657-4852-85f9-67d5ffaadb45] [originalCount=4] [newCount=0]
[2026/07/14 18:18:28.980 +08:00] [INFO] [del.go:344] ["ttlDeleteWorker loop exited."]
[2026/07/14 18:18:28.980 +08:00] [INFO] [del.go:344] ["ttlDeleteWorker loop exited."]
[2026/07/14 18:18:28.980 +08:00] [INFO] [del.go:344] ["ttlDeleteWorker loop exited."]
[2026/07/14 18:18:28.980 +08:00] [INFO] [del.go:344] ["ttlDeleteWorker loop exited."]
[2026/07/14 18:18:28.980 +08:00] [INFO] [job_manager.go:183] ["ttlJobManager loop exited."] [ttl-worker=job-manager] [ttl-worker=4705f4a5-9657-4852-85f9-67d5ffaadb45]
[2026/07/14 18:18:28.980 +08:00] [INFO] [job_manager.go:168] ["ttlJobManager loop exited."] [ttl-worker=job-manager] [ttl-worker=4705f4a5-9657-4852-85f9-67d5ffaadb45]
[2026/07/14 18:18:28.980 +08:00] [INFO] [domain.go:495] ["ttlJobManager exited."]
[2026/07/14 18:18:28.980 +08:00] [INFO] [domain.go:2868] ["serverIDSession need restart"]
[2026/07/14 18:18:28.993 +08:00] [INFO] [domain.go:2733] ["releaseServerID succeed"] [serverID=1150] [leaseID=2463925706391970258]
[2026/07/14 18:18:28.993 +08:00] [INFO] [domain.go:2174] ["indexUsageWorker exited."]
[2026/07/14 18:18:28.993 +08:00] [INFO] [domain.go:2396] ["analyzeJobsCleanupWorker exited."]
[2026/07/14 18:18:28.993 +08:00] [INFO] [wait_group_wrapper.go:150] ["background process exited"] [source=domain] [process=analyzeJobsCleanupWorker]
[2026/07/14 18:18:28.993 +08:00] [INFO] [wait_group_wrapper.go:150] ["background process exited"] [source=domain] [process=indexUsageWorker]
[2026/07/14 18:18:28.993 +08:00] [INFO] [domain.go:2800] ["serverIDKeeper exited."]
[2026/07/14 18:18:28.993 +08:00] [INFO] [domain.go:1477] ["LoadSysVarCacheLoop exited."]
[2026/07/14 18:18:28.993 +08:00] [INFO] [wait_group_wrapper.go:150] ["background process exited"] [source=domain] [process=LoadSysVarCacheLoop]
[2026/07/14 18:18:28.993 +08:00] [INFO] [domain.go:1222] ["stopping dist task executor manager"]
[2026/07/14 18:18:28.993 +08:00] [INFO] [domain.go:1827] ["PlanReplayerTaskDumpHandle exited."]
[2026/07/14 18:18:28.993 +08:00] [INFO] [domain.go:1807] ["PlanReplayerTaskCollectHandle exited."]
[2026/07/14 18:18:28.993 +08:00] [INFO] [wait_group_wrapper.go:150] ["background process exited"] [source=domain] [process=PlanReplayerTaskDumpHandle]
[2026/07/14 18:18:28.993 +08:00] [INFO] [wait_group_wrapper.go:150] ["background process exited"] [source=domain] [process=PlanReplayerTaskCollectHandle]
[2026/07/14 18:18:28.993 +08:00] [INFO] [wait_group_wrapper.go:150] ["background process exited"] [source=domain] [process=loadSigningCertLoop]
[2026/07/14 18:18:28.993 +08:00] [INFO] [stats_syncload.go:255] ["SubLoadWorker: exits now because the domain is closed."] [category=stats]
[2026/07/14 18:18:28.993 +08:00] [INFO] [syncer.go:288] ["server info sync loop exited."]
[2026/07/14 18:18:28.993 +08:00] [INFO] [domain.go:1861] ["dumpFileGcChecker exited."]
[2026/07/14 18:18:28.993 +08:00] [INFO] [wait_group_wrapper.go:150] ["background process exited"] [source=domain] [process=dumpFileGcChecker]
[2026/07/14 18:18:28.993 +08:00] [INFO] [plan_replayer.go:411] ["planReplayerTaskDumpWorker exited."]
[2026/07/14 18:18:28.993 +08:00] [INFO] [stats_syncload.go:245] ["SubLoadWorker: exited."] [category=stats]
[2026/07/14 18:18:28.993 +08:00] [INFO] [domain.go:2114] ["loadStatsWorker exited."]
[2026/07/14 18:18:28.993 +08:00] [INFO] [stats_syncload.go:255] ["SubLoadWorker: exits now because the domain is closed."] [category=stats]
[2026/07/14 18:18:28.993 +08:00] [INFO] [manager.go:241] ["runaway watch sync loop exit"]
[2026/07/14 18:18:28.993 +08:00] [INFO] [wait_group_wrapper.go:150] ["background process exited"] [source=domain] [process=loadStatsWorker]
[2026/07/14 18:18:28.993 +08:00] [INFO] [domain.go:1403] ["loadPrivilegeInLoop exited."]
[2026/07/14 18:18:28.993 +08:00] [INFO] [stats_syncload.go:245] ["SubLoadWorker: exited."] [category=stats]
[2026/07/14 18:18:28.993 +08:00] [INFO] [domain.go:1892] ["HistoricalStatsWorker exited."]
[2026/07/14 18:18:28.993 +08:00] [INFO] [wait_group_wrapper.go:150] ["background process exited"] [source=domain] [process=loadPrivilegeInLoop]
[2026/07/14 18:18:28.993 +08:00] [INFO] [domain.go:2914] ["planCacheMetricsAndVars exited."]
[2026/07/14 18:18:28.993 +08:00] [INFO] [domain.go:2989] ["readTableCostWorker exited."]
[2026/07/14 18:18:28.993 +08:00] [INFO] [domain.go:2282] ["dumpColStatsUsageWorker exited."]
[2026/07/14 18:18:28.993 +08:00] [INFO] [wait_group_wrapper.go:150] ["background process exited"] [source=domain] [process=readTableCostWorker]
[2026/07/14 18:18:28.993 +08:00] [INFO] [domain.go:2945] ["planCacheEvictTrigger exited."]
[2026/07/14 18:18:28.993 +08:00] [INFO] [domain.go:2147] ["asyncLoadStats exited."]
[2026/07/14 18:18:28.993 +08:00] [INFO] [stats_syncload.go:255] ["SubLoadWorker: exits now because the domain is closed."] [category=stats]
[2026/07/14 18:18:28.993 +08:00] [INFO] [wait_group_wrapper.go:150] ["background process exited"] [source=domain] [process=asyncLoadHistogram]
[2026/07/14 18:18:28.993 +08:00] [INFO] [stats_syncload.go:255] ["SubLoadWorker: exits now because the domain is closed."] [category=stats]
[2026/07/14 18:18:28.993 +08:00] [INFO] [manager.go:285] ["recoverMetaLoop done"] [server-id=:4000]
[2026/07/14 18:18:28.993 +08:00] [INFO] [stats_syncload.go:255] ["SubLoadWorker: exits now because the domain is closed."] [category=stats]
[2026/07/14 18:18:28.993 +08:00] [INFO] [wait_group_wrapper.go:150] ["background process exited"] [source=domain] [process=runawayWatchSyncLoop]
[2026/07/14 18:18:28.993 +08:00] [INFO] [stats_syncload.go:245] ["SubLoadWorker: exited."] [category=stats]
[2026/07/14 18:18:28.993 +08:00] [INFO] [stats_syncload.go:245] ["SubLoadWorker: exited."] [category=stats]
[2026/07/14 18:18:28.993 +08:00] [INFO] [wait_group_wrapper.go:150] ["background process exited"] [source=domain] [process=planCacheEvictTrigger]
[2026/07/14 18:18:28.993 +08:00] [INFO] [wait_group_wrapper.go:150] ["background process exited"] [source=domain] [process=dumpColStatsUsageWorker]
[2026/07/14 18:18:28.993 +08:00] [INFO] [wait_group_wrapper.go:150] ["background process exited"] [source=domain] [process=planCacheMetricsAndVars]
[2026/07/14 18:18:28.993 +08:00] [INFO] [stats_syncload.go:255] ["SubLoadWorker: exits now because the domain is closed."] [category=stats]
[2026/07/14 18:18:28.993 +08:00] [INFO] [stats_syncload.go:245] ["SubLoadWorker: exited."] [category=stats]
[2026/07/14 18:18:28.993 +08:00] [INFO] [manager.go:157] ["handle tasks loop done"] [server-id=:4000]
[2026/07/14 18:18:28.993 +08:00] [INFO] [domain.go:1224] ["dist task executor manager stopped"]
[2026/07/14 18:18:28.993 +08:00] [INFO] [wait_group_wrapper.go:150] ["background process exited"] [source=domain] [process=distTaskFrameworkLoop]
[2026/07/14 18:18:28.993 +08:00] [INFO] [wait_group_wrapper.go:150] ["background process exited"] [source=domain] [process=infoSyncerKeeper]
[2026/07/14 18:18:28.993 +08:00] [INFO] [manager.go:420] ["watch owner finished"] [key=/tidb/br-stream/owner] [id=459ab0db-6c7f-4deb-868a-a720dcdc6b93] []
[2026/07/14 18:18:28.993 +08:00] [INFO] [manager.go:333] ["retire owner"] [key=/tidb/br-stream/owner] [id=459ab0db-6c7f-4deb-868a-a720dcdc6b93]
[2026/07/14 18:18:28.993 +08:00] [INFO] [manager.go:424] ["is not the owner"] [key=/tidb/br-stream/owner] [id=459ab0db-6c7f-4deb-868a-a720dcdc6b93]
[2026/07/14 18:18:28.993 +08:00] [INFO] [manager.go:385] ["break campaign loop, context is done"] [key=/tidb/br-stream/owner] [id=459ab0db-6c7f-4deb-868a-a720dcdc6b93]
[2026/07/14 18:18:28.993 +08:00] [INFO] [domain.go:2219] ["deltaUpdateTicker is going to exit, start to flush stats"]
[2026/07/14 18:18:28.993 +08:00] [INFO] [syncer.go:422] ["topology sync loop exited."]
[2026/07/14 18:18:28.993 +08:00] [INFO] [wait_group_wrapper.go:150] ["background process exited"] [source=domain] [process=topologySyncerKeeper]
[2026/07/14 18:18:28.993 +08:00] [INFO] [flusher.go:89] ["flushing remaining records before stop"] [name=runaway-record]
[2026/07/14 18:18:28.993 +08:00] [INFO] [flusher.go:91] ["stopped flusher"] [name=runaway-record]
[2026/07/14 18:18:28.993 +08:00] [INFO] [flusher.go:89] ["flushing remaining records before stop"] [name=quarantine-record]
[2026/07/14 18:18:28.993 +08:00] [INFO] [flusher.go:91] ["stopped flusher"] [name=quarantine-record]
[2026/07/14 18:18:28.993 +08:00] [INFO] [flusher.go:89] ["flushing remaining records before stop"] [name=stale-quarantine-record]
[2026/07/14 18:18:28.993 +08:00] [INFO] [flusher.go:91] ["stopped flusher"] [name=stale-quarantine-record]
[2026/07/14 18:18:28.993 +08:00] [INFO] [manager.go:205] ["runaway record flush loop exit"]
[2026/07/14 18:18:28.993 +08:00] [INFO] [wait_group_wrapper.go:150] ["background process exited"] [source=domain] [process=runawayRecordFlushLoop]
[2026/07/14 18:18:28.993 +08:00] [INFO] [domain.go:2193] ["gcStatsWorker ready to release owner"]
[2026/07/14 18:18:28.993 +08:00] [INFO] [domain.go:419] ["globalConfigSyncerKeeper exited."]
[2026/07/14 18:18:28.993 +08:00] [INFO] [wait_group_wrapper.go:150] ["background process exited"] [source=domain] [process=globalConfigSyncerKeeper]
[2026/07/14 18:18:28.993 +08:00] [INFO] [wait_group_wrapper.go:150] ["background process exited"] [source=domain] [process=HistoricalStatsWorker]
[2026/07/14 18:18:28.993 +08:00] [INFO] [stats_syncload.go:245] ["SubLoadWorker: exited."] [category=stats]
[2026/07/14 18:18:28.993 +08:00] [INFO] [domain.go:2332] ["autoAnalyzeWorker exited."] [category=stats]
[2026/07/14 18:18:28.993 +08:00] [INFO] [manager.go:420] ["watch owner finished"] [key=/tidb/stats/owner] [id=4705f4a5-9657-4852-85f9-67d5ffaadb45] []
[2026/07/14 18:18:28.993 +08:00] [INFO] [wait_group_wrapper.go:150] ["background process exited"] [source=domain] [process=autoAnalyzeWorker]
[2026/07/14 18:18:28.993 +08:00] [INFO] [manager.go:333] ["retire owner"] [key=/tidb/stats/owner] [id=4705f4a5-9657-4852-85f9-67d5ffaadb45]
[2026/07/14 18:18:28.993 +08:00] [INFO] [manager.go:424] ["is not the owner"] [key=/tidb/stats/owner] [id=4705f4a5-9657-4852-85f9-67d5ffaadb45]
[2026/07/14 18:18:28.993 +08:00] [INFO] [manager.go:385] ["break campaign loop, context is done"] [key=/tidb/stats/owner] [id=4705f4a5-9657-4852-85f9-67d5ffaadb45]
[2026/07/14 18:18:28.993 +08:00] [INFO] [manager.go:420] ["watch owner finished"] [key=/tidb/bindinfo/owner] [id=4705f4a5-9657-4852-85f9-67d5ffaadb45] []
[2026/07/14 18:18:28.993 +08:00] [INFO] [manager.go:333] ["retire owner"] [key=/tidb/bindinfo/owner] [id=4705f4a5-9657-4852-85f9-67d5ffaadb45]
[2026/07/14 18:18:28.993 +08:00] [INFO] [manager.go:424] ["is not the owner"] [key=/tidb/bindinfo/owner] [id=4705f4a5-9657-4852-85f9-67d5ffaadb45]
[2026/07/14 18:18:28.993 +08:00] [INFO] [manager.go:385] ["break campaign loop, context is done"] [key=/tidb/bindinfo/owner] [id=4705f4a5-9657-4852-85f9-67d5ffaadb45]
[2026/07/14 18:18:29.005 +08:00] [INFO] [domain.go:2225] ["deltaUpdateTicker exit preprocessing finished"]
[2026/07/14 18:18:29.005 +08:00] [INFO] [wait_group_wrapper.go:150] ["background process exited"] [source=domain] [process=deltaUpdateTickerWorker]
[2026/07/14 18:18:29.009 +08:00] [INFO] [owner_daemon.go:87] ["daemon loop exits"] [id=459ab0db-6c7f-4deb-868a-a720dcdc6b93] [daemon-id=LogBackup::Advancer]
[2026/07/14 18:18:29.009 +08:00] [INFO] [wait_group_wrapper.go:150] ["background process exited"] [source=domain] [process=logBackupAdvancer]
[2026/07/14 18:18:29.009 +08:00] [INFO] [manager.go:431] ["etcd session close failed"] [key=/tidb/stats/owner] [id=4705f4a5-9657-4852-85f9-67d5ffaadb45] [error="context canceled"]
[2026/07/14 18:18:29.009 +08:00] [INFO] [manager.go:431] ["etcd session close failed"] [key=/tidb/bindinfo/owner] [id=4705f4a5-9657-4852-85f9-67d5ffaadb45] [error="context canceled"]
[2026/07/14 18:18:29.009 +08:00] [INFO] [domain.go:1616] ["globalBindHandleWorkerLoop exited."]
[2026/07/14 18:18:29.009 +08:00] [INFO] [wait_group_wrapper.go:150] ["background process exited"] [source=domain] [process=globalBindHandleWorkerLoop]
[2026/07/14 18:18:29.009 +08:00] [INFO] [domain.go:2201] ["gcStatsWorker exit preprocessing finished"]
[2026/07/14 18:18:29.009 +08:00] [INFO] [domain.go:391] ["topNSlowQueryLoop exited."]
[2026/07/14 18:18:29.009 +08:00] [INFO] [domain.go:2246] ["gcStatsWorker exited."]
[2026/07/14 18:18:29.009 +08:00] [WARN] [meta_storage_client.go:165] ["watch stream closed"] [error="rpc error: code = Canceled desc = context canceled"]
[2026/07/14 18:18:29.009 +08:00] [INFO] [wait_group_wrapper.go:150] ["background process exited"] [source=domain] [process=topNSlowQueryLoop]
[2026/07/14 18:18:29.009 +08:00] [INFO] [wait_group_wrapper.go:150] ["background process exited"] [source=domain] [process=mdlCheckLoop]
[2026/07/14 18:18:29.009 +08:00] [INFO] [wait_group_wrapper.go:150] ["background process exited"] [source=domain] [process=gcStatsWorker]
[2026/07/14 18:18:29.009 +08:00] [INFO] [domain.go:979] ["closestReplicaReadCheckLoop exited."]
[2026/07/14 18:18:29.009 +08:00] [INFO] [wait_group_wrapper.go:150] ["background process exited"] [source=domain] [process=closestReplicaReadCheckLoop]
[2026/07/14 18:18:29.009 +08:00] [INFO] [advancer_cliext.go:194] ["Start collecting remaining events in the channel."] [category="log backup advancer"] [remained=0]
[2026/07/14 18:18:29.009 +08:00] [INFO] [syncer.go:304] ["info schema sync loop exited."]
[2026/07/14 18:18:29.009 +08:00] [INFO] [wait_group_wrapper.go:150] ["background process exited"] [source=domain] [process=loadSchemaInLoop]
[2026/07/14 18:18:29.009 +08:00] [INFO] [advancer_cliext.go:199] ["Finish collecting remaining events in the channel."] [category="log backup advancer"]
[2026/07/14 18:18:29.009 +08:00] [WARN] [meta_storage_client.go:165] ["watch stream closed"] [error="rpc error: code = Canceled desc = context canceled"]
[2026/07/14 18:18:29.037 +08:00] [INFO] [domain.go:550] ["domain closed"] ["take time"=61.721125ms]
[2026/07/14 18:18:29.050 +08:00] [INFO] [client.go:356] ["[pd] http client closed"] [source=tikv-driver]
[2026/07/14 18:18:29.050 +08:00] [INFO] [router_service_discovery.go:315] ["[router service] exit health check member loop"]
[2026/07/14 18:18:29.050 +08:00] [INFO] [inner_client.go:96] ["[pd] exit router client initializer"]
[2026/07/14 18:18:29.050 +08:00] [INFO] [resource_manager_client.go:341] ["[resource manager] exit resource token dispatcher"]
[2026/07/14 18:18:29.051 +08:00] [INFO] [watcher.go:73] ["[pd] exit the deadline watcher"] [source=tso]
[2026/07/14 18:18:29.051 +08:00] [INFO] [router_service_discovery.go:273] ["[router service] exit check member loop"]
[2026/07/14 18:18:29.051 +08:00] [INFO] [dispatcher.go:207] ["[tso] stop fetching the pending tso requests due to context canceled"]
[2026/07/14 18:18:29.051 +08:00] [INFO] [dispatcher.go:149] ["[tso] exit tso dispatcher"]
[2026/07/14 18:18:29.051 +08:00] [INFO] [service_discovery.go:562] ["[pd] exit member loop due to context canceled"]
[2026/07/14 18:18:29.051 +08:00] [INFO] [client.go:277] ["[tso] exit tso connection contexts updater"]
[2026/07/14 18:18:29.051 +08:00] [INFO] [router_service_discovery.go:287] ["[router service] closing router service discovery"]
[2026/07/14 18:18:29.051 +08:00] [INFO] [router_service_discovery.go:303] ["[router service] is closed"]
[2026/07/14 18:18:29.051 +08:00] [INFO] [client.go:155] ["[tso] closing tso client"]
[2026/07/14 18:18:29.051 +08:00] [INFO] [client.go:160] ["[tso] close tso client"]
[2026/07/14 18:18:29.051 +08:00] [INFO] [stream.go:366] ["tsoStream.recvLoop ended"] [stream=127.0.0.1:2379-1] [error="rpc error: code = Canceled desc = context canceled"] [errorVerbose="rpc error: code = Canceled desc = context canceled\ngithub.com/tikv/pd/client/clients/tso.(*tsoStream).recvLoop\n\t/Users/bba/.gvm/pkgsets/go1.25.1/global/pkg/mod/github.com/tikv/pd/client@v0.0.0-20260708075407-4e05b9d2c2d3/clients/tso/stream.go:434\nruntime.goexit\n\t/Users/bba/.gvm/pkgsets/go1.25.1/global/pkg/mod/golang.org/toolchain@v0.0.1-go1.25.10.darwin-arm64/src/runtime/asm_arm64.s:1268"]
[2026/07/14 18:18:29.051 +08:00] [INFO] [client.go:162] ["[tso] tso client is closed"]
[2026/07/14 18:18:29.051 +08:00] [INFO] [service_discovery.go:653] ["[pd] close service discovery client"]
[2026/07/14 18:18:29.051 +08:00] [INFO] [inner_client.go:275] ["[pd] close client successfully"]
--- PASS: TestAINativePessimisticRetryScalarSubqueryMixedGeneration (1.93s)
PASS
ok  	github.com/pingcap/tidb/tests/realtikvtest/txntest	4.156s
